#{"t_start": 1767615305.134698, "env_id": "None"}
r,l,t
88.3,126,0.034407
-35.5,300,0.04281
-36.9,300,0.051384
-31.5,300,0.071655
-34.1,300,0.110711
-31.4,300,0.149006
-35.2,300,0.187577
-32.9,300,0.224929
-30.8,300,0.264679
-29.8,300,0.301356
-34.9,300,0.337786
-31.0,300,0.375831
-30.5,300,0.414727
-38.0,300,0.451958
91.4,115,0.466389
-27.7,300,0.502826
-31.9,300,0.541577
-31.9,300,0.579546
-31.1,300,0.616292
-35.8,300,0.653386
-32.7,300,0.693007
96.6,54,0.699587
-31.1,300,0.73613
-28.2,300,0.773427
-36.1,300,0.811952
-28.0,300,0.848394
-31.9,300,0.885444
-33.7,300,0.921901
-36.8,300,0.95994
96.4,70,0.968689
-32.9,300,1.00604
-35.6,300,1.042492
-35.8,300,1.081784
-35.3,300,1.118553
-36.8,300,1.154628
-39.0,300,1.191572
-34.3,300,1.232619
-31.5,300,1.268826
-30.1,300,1.305805
-29.4,300,1.342246
-35.2,300,1.380448
-31.1,300,1.417682
-33.0,300,1.453976
-28.3,300,1.490133
-35.0,300,1.52934
-29.1,300,1.565647
-35.6,300,1.60165
-38.0,300,1.639133
-30.4,300,1.677278
-31.3,300,1.71436
-36.1,300,1.75124
-34.3,300,1.787353
-32.7,300,1.826777
-35.8,300,1.863985
-31.0,300,1.900186
-34.3,300,1.937348
-29.4,300,1.975495
-35.6,300,2.011999
86.7,156,2.031681
-39.1,300,2.068296
-30.4,300,2.106769
-32.0,300,2.144191
-31.8,300,2.180513
-27.9,300,2.216624
-32.5,300,2.255965
-35.5,300,2.292433
-31.8,300,2.328546
-35.4,300,2.365934
-33.7,300,2.405983
-34.5,300,2.442797
-34.1,300,2.480553
-32.0,300,2.517025
-31.4,300,2.556685
-34.1,300,2.593976
-30.4,300,2.630664
-29.6,300,2.668265
-39.1,300,2.70694
-35.6,300,2.743713
-40.0,300,2.781282
-34.9,300,2.818225
-36.1,300,2.857284
-31.7,300,2.895274
-36.9,300,2.932091
-33.8,300,2.969007
-29.6,300,3.008132
-34.6,300,3.044931
-35.9,300,3.082218
-34.7,300,3.119478
-38.5,300,3.158134
99.1,30,3.161968
-34.9,300,3.199887
-33.6,300,3.23659
-37.9,300,3.27586
85.2,167,3.297396
-33.1,300,3.334573
-30.8,300,3.371278
-34.0,300,3.411299
-32.9,300,3.448104
-28.8,300,3.484721
82.7,213,3.511665
-37.0,300,3.550993
-31.9,300,3.587937
-29.3,300,3.62557
-37.2,300,3.662657
-27.3,300,3.7016
-34.9,300,3.739445
-31.9,300,3.776414
-35.8,300,3.813705
-29.1,300,3.852457
-31.1,300,3.889404
-34.1,300,3.927063
-34.8,300,3.964067
81.6,188,3.989455
-26.9,300,4.027133
-35.2,300,4.064309
-35.2,300,4.101222
-34.8,300,4.141485
-34.8,300,4.178641
-35.7,300,4.215671
-30.9,300,4.253728
-35.6,300,4.292993
-28.2,300,4.329771
-32.8,300,4.367677
-31.5,300,4.404381
-32.9,300,4.443531
-34.5,300,4.480833
93.8,90,4.492286
-29.9,300,4.529179
-34.0,300,4.569078
-34.5,300,4.606171
-35.6,300,4.643075
-28.3,300,4.681135
-30.6,300,4.720252
82.8,214,4.746471
-36.5,300,4.78431
-33.4,300,4.820964
-30.0,300,4.860449
-32.9,300,4.897829
-29.4,300,4.934321
-31.8,300,4.972192
-33.0,300,5.011218
-33.3,300,5.048312
-33.5,300,5.086204
-29.2,300,5.123319
-34.8,300,5.161764
-36.8,300,5.199358
-36.2,300,5.23649
-31.4,300,5.273783
-36.2,300,5.312369
98.5,55,5.319433
-30.1,300,5.356289
-33.1,300,5.39418
-30.9,300,5.433305
78.2,216,5.459563
-34.7,300,5.497499
-33.7,300,5.534296
-31.2,300,5.590509
-30.6,300,5.628139
-35.6,300,5.6649
-32.0,300,5.702642
-36.8,300,5.742193
-28.1,300,5.778967
-34.8,300,5.816831
-33.5,300,5.853324
-32.4,300,5.893651
-31.7,300,5.931754
-34.0,300,5.968359
-32.9,300,6.005474
-36.9,300,6.044056
-31.2,300,6.080786
-30.7,300,6.118612
-33.4,300,6.155512
-29.8,300,6.194742
-33.0,300,6.232488
-31.0,300,6.269369
-31.1,300,6.306059
-33.8,300,6.345994
-34.1,300,6.382882
76.2,273,6.415936
-31.4,300,6.453545
-30.1,300,6.492613
-31.0,300,6.529377
-33.9,300,6.567386
-33.0,300,6.604372
-32.6,300,6.644038
-37.0,300,6.681518
99.5,14,6.6837
-31.6,300,6.72074
-35.5,300,6.760088
-28.8,300,6.797007
-34.0,300,6.83391
-36.1,300,6.871606
-33.8,300,6.910418
-33.4,300,6.947
97.6,73,6.956709
-31.8,300,6.993879
-34.3,300,7.032847
-37.6,300,7.070572
-29.6,300,7.107528
-35.0,300,7.144291
-36.3,300,7.183983
-38.8,300,7.220875
-31.4,300,7.257378
-31.9,300,7.295247
78.4,246,7.327686
-36.4,300,7.365004
-30.9,300,7.404872
-32.1,300,7.442113
-36.4,300,7.481255
-37.9,300,7.519571
-36.3,300,7.556391
-30.4,300,7.593974
-32.4,300,7.634263
-33.7,300,7.671036
-28.1,300,7.710972
-30.1,300,7.749095
-33.5,300,7.788224
-34.5,300,7.82629
-33.2,300,7.86361
-30.1,300,7.900533
-36.8,300,7.9407
-26.7,300,7.977852
-33.8,300,8.015656
-31.2,300,8.052976
-36.6,300,8.091755
-35.0,300,8.130206
-29.3,300,8.167133
-32.0,300,8.20495
-30.5,300,8.244755
-29.7,300,8.281744
90.2,102,8.294627
-32.5,300,8.332164
-36.6,300,8.371582
-30.8,300,8.408526
-35.8,300,8.446394
-28.2,300,8.483311
-30.6,300,8.522474
-32.4,300,8.560633
-31.5,300,8.597553
-35.2,300,8.634506
-33.2,300,8.674274
-31.0,300,8.711182
-34.7,300,8.748738
93.1,99,8.76186
-32.4,300,8.800686
-32.7,300,8.837589
-35.5,300,8.875298
76.3,258,8.907021
-34.9,300,8.9461
-30.7,300,8.984527
-30.2,300,9.021401
-30.3,300,9.058604
-37.7,300,9.098019
-32.5,300,9.134817
-35.1,300,9.172601
-37.5,300,9.209743
-31.8,300,9.248644
-36.1,300,9.286561
-37.3,300,9.323556
-32.0,300,9.360537
-33.9,300,9.400791
-34.3,300,9.437933
-31.9,300,9.475055
-28.3,300,9.51236
-32.5,300,9.551351
-33.4,300,9.589842
-29.6,300,9.627555
-36.2,300,9.664551
-29.4,300,9.704227
-31.7,300,9.741086
-34.9,300,9.77796
-29.7,300,9.816185
-29.8,300,9.855828
-30.7,300,9.893749
-36.6,300,9.930678
-33.7,300,9.96776
-31.5,300,10.007915
-30.1,300,10.045295
-34.4,300,10.08219
-32.0,300,10.120415
-31.4,300,10.159769
-29.9,300,10.196778
-34.1,300,10.234813
-34.9,300,10.271783
-29.5,300,10.312003
-35.5,300,10.349584
-33.5,300,10.386418
-29.4,300,10.424388
-33.4,300,10.463512
-29.6,300,10.500554
-35.4,300,10.538627
-30.8,300,10.575525
-32.1,300,10.614592
-37.2,300,10.652739
-28.2,300,10.690474
-29.1,300,10.727937
-31.4,300,10.76728
-30.1,300,10.804249
-34.6,300,10.842016
-31.5,300,10.879375
-33.1,300,10.91863
-35.6,300,10.956374
-34.2,300,10.993426
-34.7,300,11.030451
-31.9,300,11.070457
-30.6,300,11.1084
-31.1,300,11.145196
-33.0,300,11.183798
99.5,51,11.192221
-31.4,300,11.229807
92.9,87,11.241074
-32.1,300,11.279325
-30.8,300,11.318868
-32.4,300,11.355883
-31.4,300,11.393954
-30.4,300,11.431095
-33.7,300,11.471188
-35.2,300,11.508424
-29.6,300,11.54534
89.3,168,11.56628
-33.0,300,11.606219
-34.8,300,11.643341
-30.3,300,11.681193
-30.6,300,11.71884
-34.0,300,11.75792
-29.2,300,11.796657
-33.9,300,11.833705
-29.4,300,11.870913
-33.0,300,11.910894
-37.0,300,11.947621
-29.4,300,11.985493
-35.2,300,12.022889
-32.7,300,12.062067
-31.0,300,12.100242
-30.5,300,12.137541
79.8,229,12.165926
-30.2,300,12.206017
-29.0,300,12.243537
-40.6,300,12.280601
-29.4,300,12.318993
-31.5,300,12.358015
77.5,249,12.389796
-33.5,300,12.429503
-32.6,300,12.466639
-29.3,300,12.506737
94.0,96,12.519142
-27.3,300,12.556928
-28.4,300,12.595124
89.1,153,12.617059
-30.5,300,12.654816
-36.3,300,12.692224
-30.8,300,12.740265
-32.9,300,12.78918
-33.7,300,12.827953
-34.0,300,12.865307
-31.3,300,12.902794
-28.9,300,12.942752
-35.4,300,12.980291
-31.7,300,13.017416
-31.0,300,13.055887
-28.7,300,13.095572
-31.6,300,13.13297
-33.6,300,13.171312
-35.2,300,13.208506
-31.6,300,13.249047
-34.7,300,13.286527
-25.9,300,13.323686
-36.4,300,13.362152
-29.6,300,13.401444
89.0,147,13.419845
-30.3,300,13.457841
98.9,54,13.465541
-28.3,300,13.504948
-31.9,300,13.542509
-31.0,300,13.581295
-36.9,300,13.619008
-33.0,300,13.658271
-32.0,300,13.696561
-32.4,300,13.733449
-39.9,300,13.771111
-31.7,300,13.811482
-33.3,300,13.848527
-27.8,300,13.887195
-30.1,300,13.924373
-33.3,300,13.963661
-30.1,300,14.002202
-30.6,300,14.039767
-31.0,300,14.077238
-28.1,300,14.117128
-35.9,300,14.154543
-31.7,300,14.192795
-36.0,300,14.230468
82.4,207,14.258736
-28.3,300,14.29665
-29.3,300,14.333866
-29.3,300,14.371171
-34.6,300,14.411757
-29.6,300,14.449115
-28.4,300,14.486283
-35.1,300,14.524393
-36.0,300,14.56432
-32.8,300,14.601832
-33.2,300,14.640885
-35.0,300,14.678229
-34.0,300,14.718416
-29.2,300,14.755991
-36.0,300,14.793269
-35.5,300,14.831747
-30.4,300,14.870821
-34.1,300,14.908403
-31.0,300,14.946574
-35.4,300,14.983637
-28.8,300,15.023186
-34.8,300,15.062141
-34.7,300,15.099664
-29.3,300,15.137689
-33.2,300,15.177591
-33.7,300,15.215244
-29.0,300,15.253353
-34.8,300,15.291281
-31.6,300,15.330277
-34.7,300,15.368729
-31.1,300,15.40597
-33.8,300,15.443314
-27.5,300,15.483321
-31.0,300,15.520604
-36.3,300,15.558312
-32.4,300,15.595746
-33.4,300,15.634809
-28.4,300,15.673082
-31.9,300,15.71087
-33.1,300,15.748268
-30.6,300,15.788789
82.6,202,15.814323
-29.7,300,15.851588
-33.7,300,15.889736
-32.4,300,15.929701
-32.3,300,15.967165
82.1,232,15.997264
-31.6,300,16.034444
-34.5,300,16.07406
80.5,218,16.102235
-27.8,300,16.14019
-35.4,300,16.178487
-29.8,300,16.218104
-33.4,300,16.255451
-30.0,300,16.294136
-30.7,300,16.331885
-26.4,300,16.371167
-31.6,300,16.409934
-28.7,300,16.448386
-35.3,300,16.485883
-34.5,300,16.526826
-30.0,300,16.564834
-33.6,300,16.602541
-36.7,300,16.639963
-36.0,300,16.679257
-30.8,300,16.71766
-31.0,300,16.755613
-30.9,300,16.792873
-27.1,300,16.833905
-35.3,300,16.871048
-31.6,300,16.908571
-29.2,300,16.94676
-30.1,300,16.986205
-29.8,300,17.024874
92.0,136,17.042364
87.3,161,17.062949
-31.8,300,17.10246
78.8,222,17.130448
-34.0,300,17.168549
-28.6,300,17.206037
-32.7,300,17.246971
-33.0,300,17.284745
-32.5,300,17.321844
95.6,102,17.335554
-30.5,300,17.37448
-33.2,300,17.413431
-34.2,300,17.452328
-31.0,300,17.490348
-32.2,300,17.529887
-30.9,300,17.568485
-35.8,300,17.605747
-28.7,300,17.643537
-28.4,300,17.684163
-34.6,300,17.721768
-27.8,300,17.759787
-31.3,300,17.797378
-33.3,300,17.837307
-26.8,300,17.875213
-27.4,300,17.912815
-29.7,300,17.950605
-34.1,300,17.991022
-31.8,300,18.028784
99.0,76,18.038452
-32.4,300,18.076012
-29.6,300,18.115351
72.4,286,18.150818
98.2,53,18.157533
-28.2,300,18.195905
74.1,299,18.23577
-29.2,300,18.273345
-32.3,300,18.311935
-29.0,300,18.348877
-33.0,300,18.389637
-32.2,300,18.427642
-32.4,300,18.465783
-34.2,300,18.503708
-33.5,300,18.543554
-29.5,300,18.581474
-28.6,300,18.619921
-28.6,300,18.657343
81.7,240,18.689553
-29.7,300,18.728706
-31.7,300,18.766317
-28.0,300,18.803808
-33.7,300,18.844008
-29.9,300,18.881334
-35.9,300,18.919806
-32.9,300,18.957368
-29.9,300,18.997537
-33.5,300,19.036115
-32.2,300,19.073787
-31.7,300,19.111548
-28.4,300,19.151587
-29.9,300,19.189463
-35.1,300,19.227238
74.8,264,19.261318
-28.6,300,19.301506
-32.5,300,19.339891
-31.2,300,19.377579
-32.7,300,19.414985
96.4,69,19.425885
-32.0,300,19.464156
95.3,66,19.472768
-29.8,300,19.510712
-32.8,300,19.551169
-30.9,300,19.58898
95.5,84,19.599819
92.5,112,19.613795
74.2,277,19.651705
-28.9,300,19.689718
-28.5,300,19.727699
-28.9,300,19.766222
-31.4,300,19.806159
-33.5,300,19.843619
-31.5,300,19.882473
-35.3,300,19.919748
-30.5,300,19.97875
91.6,113,19.993482
-31.2,300,20.031275
-28.4,300,20.068793
-32.4,300,20.109093
-28.4,300,20.146678
82.6,199,20.171713
-30.7,300,20.210529
-30.0,300,20.250049
-34.1,300,20.288647
-30.1,300,20.326459
-32.1,300,20.36361
-26.5,300,20.404838
-28.9,300,20.442437
-41.0,300,20.479804
-30.8,300,20.518197
74.4,270,20.553678
-36.3,300,20.591083
92.9,109,20.605973
-33.7,300,20.644231
76.3,285,20.682023
-30.6,300,20.720349
-27.3,300,20.758361
-32.8,300,20.796054
-31.0,300,20.836817
-33.6,300,20.874731
-29.4,300,20.91195
79.4,227,20.941902
97.0,84,20.954431
-30.3,300,20.992432
87.5,144,21.010627
-31.0,300,21.049062
78.0,261,21.084091
-28.8,300,21.121731
-29.6,300,21.160741
-36.4,300,21.198294
-29.0,300,21.238362
-29.5,300,21.276678
-30.1,300,21.313853
-28.4,300,21.35232
-29.5,300,21.391334
-31.4,300,21.429379
-32.8,300,21.467813
-32.0,300,21.505222
-29.0,300,21.545302
99.7,33,21.550432
-28.3,300,21.58878
-32.5,300,21.626259
-29.3,300,21.666836
-33.8,300,21.704829
-31.2,300,21.742151
-33.5,300,21.780826
74.3,261,21.816196
-35.8,300,21.853611
80.2,220,21.882408
-28.6,300,21.920298
-31.1,300,21.959909
-28.2,300,21.998524
-33.5,300,22.036278
-33.4,300,22.073693
-29.2,300,22.113798
-36.3,300,22.151137
-30.7,300,22.189436
-30.0,300,22.227388
71.1,282,22.264603
92.9,95,22.277082
99.9,12,22.279011
-30.0,300,22.317545
-29.3,300,22.356822
-30.0,300,22.395419
-28.9,300,22.43523
-29.0,300,22.472882
81.2,225,22.503969
-30.0,300,22.542429
79.4,226,22.570891
100.6,20,22.573617
-30.5,300,22.613979
81.7,227,22.642634
90.7,126,22.658711
-35.9,300,22.696534
-31.4,300,22.737568
-35.5,300,22.775537
-27.6,300,22.814145
-28.3,300,22.852425
-28.6,300,22.892549
94.1,78,22.902553
-31.8,300,22.941452
-31.6,300,22.979195
76.5,279,23.016501
100.4,22,23.019679
74.5,258,23.053344
-29.6,300,23.091109
-32.2,300,23.132377
-32.2,300,23.170745
-31.1,300,23.208156
-34.7,300,23.247007
-29.3,300,23.287091
-30.3,300,23.324931
-29.7,300,23.363564
-35.5,300,23.401402
91.9,117,23.417894
-30.7,300,23.456967
-33.8,300,23.494991
-30.3,300,23.532837
-33.3,300,23.573957
-28.7,300,23.61195
-32.9,300,23.6502
-28.1,300,23.68839
79.0,265,23.724234
-28.6,300,23.763242
84.9,209,23.789702
-29.3,300,23.827614
-30.8,300,23.868565
81.8,212,23.895575
-33.0,300,23.933423
-34.5,300,23.97204
-29.7,300,24.01213
-31.2,300,24.050376
-32.7,300,24.089369
-31.0,300,24.127527
-35.4,300,24.167269
-31.8,300,24.206127
-27.9,300,24.243949
-27.8,300,24.282156
-32.6,300,24.323337
-29.4,300,24.361013
-27.4,300,24.400258
-29.6,300,24.438412
-27.5,300,24.477651
-31.3,300,24.517015
85.5,184,24.539931
-29.5,300,24.577378
90.3,108,24.593393
-31.8,300,24.631983
94.4,100,24.644842
79.2,222,24.672437
-27.9,300,24.713357
87.4,142,24.731809
-30.7,300,24.769745
-30.5,300,24.80748
-28.2,300,24.847831
-28.9,300,24.886011
-31.3,300,24.924414
94.3,72,24.933918
-27.6,300,24.974164
-30.1,300,25.012586
-33.1,300,25.051827
75.7,285,25.087837
85.9,205,25.116242
101.0,16,25.118549
-25.4,300,25.15753
-31.5,300,25.194839
98.6,43,25.20271
-26.0,300,25.241896
-31.6,300,25.280247
-26.4,300,25.318009
-31.1,300,25.358541
-32.0,300,25.397097
93.6,79,25.407424
-28.4,300,25.445935
-32.7,300,25.488302
-29.2,300,25.526142
83.2,198,25.551982
-29.2,300,25.590219
-35.7,300,25.6308
-27.4,300,25.670404
-30.7,300,25.715432
-28.0,300,25.76244
-31.7,300,25.80639
-31.2,300,25.850588
-35.0,300,25.892846
-29.9,300,25.934357
-30.2,300,25.981754
100.0,39,25.987553
94.9,67,25.997017
-30.1,300,26.036567
-28.6,300,26.084687
-32.3,300,26.12579
88.1,129,26.149067
-33.1,300,26.189972
-27.8,300,26.237292
-31.0,300,26.277232
-32.7,300,26.319534
-29.8,300,26.367617
-29.9,300,26.410014
-31.6,300,26.449221
89.4,141,26.467349
-33.1,300,26.506489
-30.6,300,26.54698
89.0,151,26.566598
82.4,192,26.591399
-31.8,300,26.630729
-32.9,300,26.671095
-30.5,300,26.710609
73.4,286,26.748161
-28.8,300,26.785753
-31.1,300,26.84592
-32.1,300,26.884987
-33.7,300,26.924133
-31.5,300,26.963224
88.3,129,26.981835
90.3,125,26.997929
-31.4,300,27.036991
98.8,33,27.041336
-32.2,300,27.081586
-32.1,300,27.11981
-30.7,300,27.158835
-30.1,300,27.196876
-32.2,300,27.237657
-28.2,300,27.276041
80.3,253,27.30837
-26.7,300,27.346884
-27.9,300,27.387358
-31.1,300,27.427082
-30.3,300,27.466267
-27.3,300,27.504767
-31.1,300,27.544699
92.3,107,27.559085
79.3,242,27.589988
83.6,182,27.61272
98.1,54,27.621693
82.3,236,27.651811
97.0,59,27.660423
-33.6,300,27.699368
81.9,221,27.732123
-30.7,300,27.773912
-28.6,300,27.823824
-30.2,300,27.864518
-33.2,300,27.905363
-27.8,300,27.943527
80.7,217,27.972365
-33.3,300,28.010847
84.2,169,28.034962
86.8,179,28.057996
92.2,89,28.069473
-36.2,300,28.108314
-30.7,300,28.148376
-32.4,300,28.187024
92.7,109,28.201901
-32.9,300,28.239896
-32.0,300,28.280476
-33.6,300,28.319632
-27.4,300,28.358099
72.0,279,28.393472
-29.0,300,28.434509
-31.6,300,28.472426
-29.5,300,28.511251
-31.4,300,28.54898
89.0,167,28.572445
-33.9,300,28.611571
79.9,250,28.64393
94.0,82,28.654465
-31.8,300,28.694386
-34.1,300,28.733561
74.6,271,28.768252
-31.0,300,28.806753
-28.7,300,28.847006
-25.5,300,28.885206
-30.2,300,28.923765
-30.7,300,28.962245
-31.3,300,29.00187
-35.2,300,29.041046
95.2,101,29.054382
-28.6,300,29.092745
-28.9,300,29.133765
-33.6,300,29.171878
90.3,160,29.192068
-34.7,300,29.230091
-30.7,300,29.270407
-28.3,300,29.30847
86.0,196,29.333737
-30.8,300,29.373039
-33.8,300,29.413168
-28.9,300,29.451623
99.5,16,29.453931
90.2,111,29.468458
-31.5,300,29.508951
90.6,113,29.523407
-30.6,300,29.562209
89.0,146,29.580909
-30.0,300,29.620899
96.2,61,29.628797
-28.5,300,29.667702
-31.7,300,29.706066
-32.4,300,29.746819
-30.3,300,29.786159
-34.8,300,29.823975
-31.8,300,29.86181
-25.1,300,29.902637
-27.3,300,29.940802
-28.7,300,29.979709
97.3,38,29.984686
88.4,165,30.007763
78.5,221,30.036444
-33.2,300,30.074502
-28.9,300,30.113225
-29.4,300,30.15343
78.2,218,30.182137
-28.1,300,30.220804
-30.9,300,30.258589
-29.5,300,30.299456
92.9,106,30.313653
96.6,57,30.321214
-26.5,300,30.359217
93.0,121,30.376765
76.2,232,30.407674
76.7,238,30.438777
-31.8,300,30.477107
80.8,222,30.507957
-27.6,300,30.546595
-28.2,300,30.584641
85.7,185,30.609929
-31.4,300,30.651055
-30.1,300,30.689003
-31.8,300,30.728091
-31.5,300,30.766631
-32.3,300,30.807109
86.9,156,30.828216
-30.2,300,30.866683
-33.4,300,30.904568
-33.9,300,30.945629
-32.3,300,30.983669
96.7,73,30.99332
99.5,20,30.996156
74.1,267,31.033847
95.6,57,31.041315
-29.8,300,31.07958
-30.7,300,31.117764
-28.9,300,31.158654
89.4,127,31.175116
76.1,263,31.208922
71.8,287,31.246774
93.8,100,31.261786
-27.4,300,31.300804
-27.7,300,31.339653
74.0,278,31.375525
-31.5,300,31.415921
-30.1,300,31.454799
100.7,52,31.461878
99.3,33,31.466089
-30.3,300,31.506926
-29.7,300,31.546
-28.9,300,31.5847
-29.7,300,31.622677
-30.1,300,31.664346
-29.7,300,31.702547
93.9,78,31.712425
-31.6,300,31.750721
-30.4,300,31.791438
80.5,249,31.823707
94.5,90,31.835066
83.3,200,31.86122
-33.4,300,31.901818
-33.0,300,31.940235
94.5,113,31.954978
-29.5,300,31.994439
-27.8,300,32.034735
-26.8,300,32.074243
-29.2,300,32.112176
-31.7,300,32.151197
76.2,240,32.184706
-28.7,300,32.223307
87.4,166,32.244664
-29.6,300,32.284039
-31.8,300,32.324852
96.7,75,32.334943
-31.6,300,32.372812
-34.0,300,32.413982
98.6,40,32.421365
84.0,212,32.44933
-31.2,300,32.488337
94.9,75,32.498289
-30.2,300,32.538972
87.1,160,32.559816
-26.5,300,32.599553
-36.8,300,32.637653
-26.5,300,32.678182
-30.2,300,32.717433
72.7,279,32.753061
90.9,142,32.771346
87.6,195,32.79877
83.0,184,32.823004
-29.4,300,32.861268
-27.6,300,32.899226
-35.6,300,32.940796
-27.1,300,32.978883
-27.7,300,33.018302
-28.8,300,33.056537
-30.7,300,33.096662
93.6,116,33.111741
-31.2,300,33.150731
80.8,225,33.179945
-29.1,300,33.220908
91.5,98,33.233705
-31.1,300,33.272649
79.0,248,33.304557
-30.3,300,33.345675
-28.9,300,33.384371
-29.8,300,33.422707
-29.0,300,33.462713
94.5,120,33.480103
-28.2,300,33.518358
92.6,139,33.536253
-28.8,300,33.57572
-31.8,300,33.616673
94.8,100,33.629561
-30.0,300,33.668844
-29.0,300,33.707566
74.2,283,33.762703
75.8,245,33.794133
-28.6,300,33.832658
-28.9,300,33.872192
-33.6,300,33.912966
-31.5,300,33.951544
-30.2,300,33.99081
-34.3,300,34.029142
-30.1,300,34.07023
92.8,92,34.082829
89.2,155,34.102816
-25.2,300,34.140983
-29.6,300,34.182465
83.2,210,34.209119
96.0,99,34.221961
-33.1,300,34.260224
-32.5,300,34.301841
77.7,234,34.331784
-28.0,300,34.369906
-29.0,300,34.409366
95.6,90,34.422683
-32.7,300,34.461052
-28.7,300,34.500626
-28.3,300,34.539052
-28.4,300,34.579517
101.1,20,34.582552
-27.3,300,34.62222
92.1,140,34.640005
-27.5,300,34.680624
84.4,179,34.704513
-26.9,300,34.743113
-30.9,300,34.782292
-29.1,300,34.823464
-27.4,300,34.861856
-28.9,300,34.899997
80.8,199,34.926458
-28.0,300,34.96702
93.1,94,34.979256
92.6,104,34.992979
90.1,130,35.009649
-29.8,300,35.051019
-31.1,300,35.089378
-29.2,300,35.129124
-31.1,300,35.167359
-28.9,300,35.207597
82.8,224,35.237431
99.4,45,35.243988
-31.0,300,35.282204
-31.6,300,35.322988
-33.2,300,35.362129
-30.9,300,35.400682
91.1,115,35.415487
-29.1,300,35.457093
75.3,261,35.491129
-29.5,300,35.529002
-29.7,300,35.568504
-29.0,300,35.608857
98.6,42,35.614337
-33.9,300,35.653426
-28.3,300,35.691922
72.3,291,35.73183
-31.6,300,35.77133
87.5,128,35.788149
-34.6,300,35.826424
98.0,58,35.835951
97.9,38,35.841409
-29.4,300,35.880859
95.4,104,35.894605
91.5,134,35.91392
-30.1,300,35.952446
-28.0,300,35.991677
-27.9,300,36.030506
-31.0,300,36.072288
-28.3,300,36.111052
-30.8,300,36.149777
89.8,131,36.167356
-33.8,300,36.208049
-26.1,300,36.246738
86.9,164,36.267699
-26.7,300,36.307737
-34.4,300,36.348431
-28.2,300,36.387752
89.9,153,36.407911
-32.0,300,36.44595
82.8,216,36.475796
-29.4,300,36.515441
-27.2,300,36.553912
-28.5,300,36.592572
86.5,155,36.614966
-29.6,300,36.653276
-30.6,300,36.693497
-32.5,300,36.732326
-32.3,300,36.772656
-29.1,300,36.812204
-28.9,300,36.850684
80.3,234,36.880688
-31.0,300,36.922311
-33.0,300,36.961348
-27.2,300,37.000237
-30.6,300,37.039679
-30.6,300,37.080236
-26.8,300,37.119309
-33.0,300,37.15833
-30.6,300,37.197056
-28.5,300,37.239189
85.8,183,37.262898
84.8,192,37.287713
-31.5,300,37.326848
90.6,149,37.348376
87.5,152,37.368228
88.7,154,37.388247
94.6,94,37.401766
87.7,158,37.4256
77.3,270,37.462731
86.9,196,37.488323
90.1,145,37.507212
91.0,131,37.526936
75.0,289,37.565129
90.5,118,37.580514
-29.0,300,37.618901
-28.8,300,37.660508
-29.7,300,37.699248
-28.5,300,37.737649
83.0,185,37.762748
-32.2,300,37.804321
89.8,148,37.823564
91.0,112,37.838179
93.6,101,37.851431
-29.2,300,37.892761
-28.8,300,37.931318
-33.2,300,37.97047
94.5,89,37.982207
87.3,151,38.003438
-28.1,300,38.042032
-28.4,300,38.081729
87.8,169,38.103456
-28.8,300,38.144945
97.5,51,38.151955
76.4,265,38.186604
-29.3,300,38.225931
90.8,138,38.246145
-30.7,300,38.285321
-32.3,300,38.324657
-30.5,300,38.36306
79.9,242,38.397634
-30.5,300,38.436048
-32.6,300,38.474729
-30.4,300,38.51454
99.5,31,38.52043
-28.9,300,38.559602
-27.4,300,38.59907
-32.9,300,38.637386
72.1,290,38.676728
93.6,90,38.688709
-29.7,300,38.728688
82.3,193,38.753825
-29.6,300,38.79528
-27.3,300,38.834263
-30.9,300,38.873386
75.7,273,38.909303
-29.0,300,38.949508
82.7,235,38.980209
96.9,64,38.988554
76.4,280,39.025599
-27.4,300,39.066467
-29.8,300,39.105849
-32.4,300,39.145466
-28.7,300,39.183885
90.1,126,39.201767
-29.9,300,39.241684
73.1,287,39.278115
-29.4,300,39.316457
-30.7,300,39.357567
-28.6,300,39.396462
-30.7,300,39.435432
-26.7,300,39.473749
91.0,132,39.493016
84.8,195,39.51818
-29.5,300,39.558506
-28.9,300,39.597546
-30.8,300,39.638876
-31.9,300,39.678813
81.6,199,39.704605
-32.4,300,39.744219
70.4,296,39.785035
96.6,85,39.796454
-27.1,300,39.835121
-29.9,300,39.875011
85.7,191,39.901697
-31.0,300,39.940824
76.1,250,39.974028
80.6,234,40.004997
-31.0,300,40.045769
100.5,16,40.048175
-28.5,300,40.088377
-25.6,300,40.127437
-30.6,300,40.169528
-29.3,300,40.209165
-27.2,300,40.247615
-29.8,300,40.287085
89.7,144,40.307557
-25.9,300,40.346447
-25.7,300,40.386208
-27.3,300,40.42504
89.5,148,40.446726
-31.8,300,40.497977
74.8,287,40.543862
80.1,230,40.574049
-27.6,300,40.616025
81.4,237,40.646645
-27.1,300,40.685133
83.4,194,40.711783
-28.0,300,40.752553
-30.4,300,40.791476
84.2,194,40.817467
-29.2,300,40.856088
83.2,219,40.886979
91.8,117,40.90329
-28.1,300,40.942288
82.9,205,40.969203
-29.3,300,41.010759
82.4,216,41.039559
83.3,202,41.0658
75.3,274,41.101388
75.9,254,41.13733
-32.2,300,41.176187
94.0,90,41.188288
91.8,120,41.203616
-31.2,300,41.245421
99.1,54,41.252519
88.8,146,41.271996
78.1,245,41.303785
-31.0,300,41.346141
92.9,87,41.357687
-28.0,300,41.396379
-29.1,300,41.435841
-32.6,300,41.47666
100.6,25,41.480181
-30.1,300,41.519228
97.6,64,41.528319
-27.3,300,41.56864
86.2,177,41.591266
-26.0,300,41.630394
94.2,104,41.645322
-30.4,300,41.686006
85.0,189,41.710481
-27.3,300,41.750115
-27.6,300,41.788984
-32.4,300,41.829172
-27.6,300,41.868703
-30.4,300,41.907425
-29.1,300,41.946481
-29.6,300,41.987006
95.6,54,41.99438
-29.8,300,42.033279
90.8,127,42.050557
-28.4,300,42.091382
-31.2,300,42.129769
-29.5,300,42.169386
-26.5,300,42.208183
90.3,101,42.222782
-31.9,300,42.261695
91.8,122,42.277718
-28.7,300,42.31665
89.8,139,42.336837
-29.0,300,42.376204
-28.2,300,42.416434
92.8,116,42.43269
-27.4,300,42.474747
-30.4,300,42.514343
75.6,294,42.552534
-29.6,300,42.592306
-31.4,300,42.633289
83.8,205,42.659869
-27.4,300,42.699613
77.2,263,42.733666
-33.6,300,42.775056
90.8,110,42.789837
-32.3,300,42.829628
-31.3,300,42.868287
-27.8,300,42.910578
77.8,251,42.943365
76.9,249,42.975591
86.2,185,42.999258
100.3,64,43.010874
-32.9,300,43.049797
-30.9,300,43.089291
-31.0,300,43.129577
-32.2,300,43.170567
92.9,117,43.186327
84.4,176,43.210059
-27.6,300,43.249135
-28.4,300,43.290266
-28.8,300,43.329884
85.4,187,43.353772
-26.8,300,43.39247
82.7,182,43.418346
97.6,87,43.430689
89.1,125,43.447499
96.2,61,43.455602
-29.5,300,43.49632
-27.8,300,43.536698
-31.9,300,43.575339
91.6,132,43.592564
-25.4,300,43.634267
89.8,136,43.652489
82.9,177,43.675775
-28.2,300,43.714733
95.4,76,43.726614
-29.0,300,43.767216
-35.7,300,43.806147
80.0,234,43.836737
-31.6,300,43.877796
78.5,254,43.910686
92.0,92,43.922754
98.2,57,43.930597
-29.3,300,43.972705
98.8,38,43.97789
-29.9,300,44.01735
87.1,153,44.036897
74.1,290,44.077296
96.8,90,44.089178
99.6,49,44.096299
89.5,133,44.113721
82.9,178,44.138788
99.4,17,44.141472
-30.6,300,44.181656
-28.7,300,44.221135
-28.6,300,44.262643
-29.2,300,44.301952
78.5,237,44.332801
74.9,279,44.37011
92.6,93,44.383502
-29.6,300,44.422299
-28.9,300,44.461059
-31.5,300,44.501001
91.9,104,44.516946
-29.3,300,44.555774
83.6,197,44.58187
83.0,214,44.610619
-28.4,300,44.651928
93.4,73,44.661566
-29.8,300,44.701397
-30.2,300,44.740568
-31.9,300,44.78184
-29.6,300,44.82188
-29.4,300,44.860997
100.0,11,44.862661
-28.5,300,44.90414
-25.8,300,44.943355
91.3,128,44.960584
-29.9,300,44.999794
96.3,63,45.010539
-31.6,300,45.049252
-30.9,300,45.088265
-25.6,300,45.129042
-27.3,300,45.169686
-28.5,300,45.208615
-30.2,300,45.248494
89.0,149,45.26832
-31.2,300,45.309297
95.0,87,45.32043
90.8,109,45.335839
76.3,280,45.372579
95.8,99,45.387643
-28.7,300,45.427537
-27.3,300,45.466624
102.3,18,45.469511
-28.6,300,45.510827
86.7,170,45.533419
-31.8,300,45.573217
87.8,148,45.59315
-29.2,300,45.634309
-27.7,300,45.674343
-32.7,300,45.713199
96.2,96,45.726041
-27.4,300,45.768353
-26.9,300,45.807275
-29.1,300,45.846804
83.7,177,45.871023
86.4,183,45.896449
-27.5,300,45.93542
-27.8,300,45.975767
-29.1,300,46.014926
-29.6,300,46.056304
-29.3,300,46.096197
-27.7,300,46.135446
85.1,184,46.160452
92.3,109,46.177008
-31.7,300,46.215818
97.3,46,46.222029
-32.0,300,46.260861
-29.4,300,46.302448
-29.7,300,46.341415
-28.2,300,46.381449
-29.6,300,46.420558
-32.6,300,46.461365
-27.6,300,46.501393
-28.1,300,46.540145
-29.8,300,46.578734
87.2,165,46.603098
-29.4,300,46.641987
-31.1,300,46.681408
87.4,160,46.703129
-32.8,300,46.745259
93.9,98,46.758826
75.5,272,46.795092
91.7,91,46.807705
89.4,115,46.824609
81.1,208,46.852104
-31.0,300,46.890883
-29.9,300,46.931111
-28.2,300,46.972041
84.6,203,46.999207
82.8,193,47.024766
-30.0,300,47.062942
92.3,105,47.079172
97.2,72,47.088698
-32.6,300,47.129085
-31.9,300,47.167951
-31.2,300,47.210047
-28.9,300,47.249799
-29.4,300,47.288537
-29.3,300,47.328922
-26.7,300,47.37003
98.3,36,47.374974
-28.5,300,47.414637
72.4,295,47.455053
96.2,77,47.467474
89.8,152,47.502729
-30.9,300,47.54602
-31.2,300,47.584669
-28.0,300,47.626452
101.0,50,47.634026
-28.8,300,47.673533
-27.0,300,47.712249
-29.7,300,47.754389
74.3,261,47.788807
-31.4,300,47.828132
-31.9,300,47.868074
100.9,27,47.873868
100.0,44,47.880413
-26.2,300,47.919859
-29.4,300,47.95977
92.2,118,47.977692
-31.3,300,48.016133
88.2,177,48.038871
-26.8,300,48.078359
99.1,48,48.086579
90.7,121,48.102616
-29.7,300,48.1421
-30.8,300,48.18194
100.5,26,48.187184
77.4,260,48.221655
-27.4,300,48.26138
79.0,261,48.295652
80.4,201,48.324518
-35.7,300,48.362946
87.4,168,48.385979
94.9,96,48.398657
82.2,227,48.43071
81.9,221,48.459674
100.1,29,48.463585
-31.7,300,48.503544
-28.2,300,48.544604
76.8,245,48.577375
-29.5,300,48.616484
-26.6,300,48.656022
85.5,156,48.678869
-28.7,300,48.719217
76.3,241,48.750453
-25.8,300,48.790357
95.5,92,48.804136
92.8,96,48.817296
71.3,297,48.856333
-30.9,300,48.895944
-26.4,300,48.937181
-31.9,300,48.976127
97.4,41,48.981684
-29.2,300,49.02184
-26.1,300,49.063388
92.2,83,49.074476
-30.3,300,49.114443
-27.9,300,49.154038
93.7,93,49.168268
-30.8,300,49.207863
-29.4,300,49.247863
94.4,84,49.259403
91.1,120,49.276993
-31.2,300,49.316838
-31.7,300,49.356876
-28.7,300,49.396192
93.1,83,49.408914
-30.2,300,49.448633
87.9,133,49.466249
89.3,157,49.487221
96.1,90,49.500982
-30.5,300,49.541492
100.2,32,49.546108
97.1,70,49.555645
81.0,208,49.584669
86.4,166,49.605818
89.7,123,49.622614
101.3,26,49.626978
97.9,51,49.63593
-30.2,300,49.674788
88.8,121,49.690598
-29.3,300,49.729887
95.5,69,49.741925
89.1,113,49.757323
-26.8,300,49.796457
-31.2,300,49.835841
-30.3,300,49.87762
-28.2,300,49.91703
96.4,67,49.925983
-30.0,300,49.966041
86.6,164,49.990054
-28.2,300,50.029068
93.4,93,50.041173
-28.2,300,50.081711
-28.3,300,50.121968
-29.9,300,50.161772
-31.4,300,50.201574
96.8,52,50.208446
99.4,62,50.218852
-28.5,300,50.25798
87.0,155,50.279503
79.3,214,50.307893
-30.4,300,50.349295
87.8,149,50.36973
-27.4,300,50.409555
-32.0,300,50.448355
-29.0,300,50.490996
-29.9,300,50.530288
85.9,189,50.554679
-34.4,300,50.595094
-34.4,300,50.636373
76.4,243,50.668523
-29.7,300,50.708789
-28.0,300,50.747467
-29.3,300,50.789061
85.7,176,50.812393
-30.1,300,50.851489
98.5,59,50.859564
-28.9,300,50.901839
-35.2,300,50.941757
-29.4,300,50.981108
-28.3,300,51.021911
-30.7,300,51.063769
90.2,153,51.083782
82.4,203,51.111585
-30.1,300,51.150991
-30.3,300,51.192505
-32.1,300,51.232551
-28.2,300,51.272778
96.9,79,51.282959
-29.5,300,51.324789
99.1,25,51.328728
-33.5,300,51.368316
77.3,245,51.399689
93.4,98,51.415413
-28.9,300,51.455069
89.7,133,51.472588
76.7,269,51.50742
-30.4,300,51.549467
79.9,239,51.580823
-34.0,300,51.619736
88.9,129,51.637559
-29.1,300,51.67943
-27.4,300,51.718292
-31.5,300,51.75824
-30.5,300,51.797787
-30.6,300,51.8389
-30.6,300,51.878723
84.5,175,51.901712
94.9,109,51.916173
-28.9,300,51.958753
-33.4,300,51.998277
-27.8,300,52.037997
-28.2,300,52.078965
82.2,201,52.1071
-29.2,300,52.146679
94.8,69,52.156072
84.5,211,52.184534
-25.7,300,52.226115
75.0,279,52.264329
76.9,277,52.300613
94.5,111,52.315046
96.9,58,52.324765
-29.6,300,52.36566
77.9,244,52.398363
79.0,258,52.433816
-30.0,300,52.4764
99.5,30,52.480541
-29.5,300,52.5202
96.3,57,52.528049
75.5,266,52.565795
94.6,113,52.580841
-28.0,300,52.620569
75.4,273,52.655524
-29.3,300,52.697752
-30.7,300,52.736961
-30.1,300,52.776806
-29.0,300,52.816846
-29.3,300,52.858451
-29.0,300,52.898804
98.4,71,52.907885
78.9,224,52.937088
99.5,51,52.945701
95.5,76,52.955903
96.0,90,52.96844
97.4,69,52.977727
-31.2,300,53.019606
73.4,275,53.055968
98.4,57,53.064091
89.7,175,53.087539
-28.0,300,53.129461
-31.5,300,53.169053
73.7,275,53.205843
94.4,123,53.222453
-27.1,300,53.263688
77.9,278,53.300927
-30.7,300,53.340018
97.2,62,53.348078
-26.4,300,53.389906
-29.2,300,53.430287
101.4,27,53.434222
91.1,122,53.450631
80.8,247,53.485568
-32.5,300,53.526118
73.7,290,53.564292
97.1,48,53.570658
-30.6,300,53.612649
73.9,285,53.651253
99.7,72,53.660927
90.9,142,53.679469
-29.8,300,53.721931
-31.0,300,53.761488
-29.3,300,53.801315
79.0,247,53.849115
91.1,114,53.870717
-30.8,300,53.910541
82.2,193,53.936755
-29.1,300,53.976427
80.0,258,54.012735
-27.5,300,54.053064
-30.3,300,54.092524
-32.0,300,54.131954
-30.1,300,54.174181
100.3,33,54.179272
-28.2,300,54.219109
90.8,148,54.239081
89.0,164,54.263634
-27.4,300,54.302734
80.2,228,54.332659
-32.3,300,54.372987
-27.6,300,54.415129
100.5,16,54.417566
-31.1,300,54.457366
-35.0,300,54.49777
95.0,85,54.511013
99.6,29,54.515173
-33.4,300,54.554209
-31.9,300,54.594725
-28.3,300,54.635882
-33.7,300,54.675896
99.9,22,54.679252
95.6,63,54.687382
-29.0,300,54.729026
-27.5,300,54.767848
93.1,119,54.784876
92.6,97,54.797908
78.3,227,54.829659
74.7,291,54.867834
79.5,250,54.901486
86.5,166,54.923214
75.5,295,54.964606
-28.0,300,55.00536
-29.1,300,55.045285
-28.2,300,55.084393
-26.9,300,55.125719
-28.3,300,55.165176
91.0,121,55.181345
93.8,113,55.19722
95.7,74,55.210295
87.6,171,55.233112
-28.8,300,55.273113
-28.3,300,55.31324
93.2,86,55.326475
-30.5,300,55.366795
100.9,21,55.369741
-29.6,300,55.410346
99.5,40,55.41749
82.8,206,55.445354
-28.4,300,55.485667
-34.4,300,55.525934
77.0,271,55.563906
-29.5,300,55.603221
78.6,231,55.635013
87.0,142,55.654031
-29.8,300,55.695284
84.5,182,55.719768
84.2,177,55.74422
-28.3,300,55.783417
97.4,84,55.796423
77.3,243,55.829513
-27.3,300,55.869582
-30.9,300,55.908266
-30.5,300,55.951029
85.3,190,55.976415
-27.6,300,56.016305
-26.6,300,56.056503
84.7,203,56.085529
-25.4,300,56.125001
93.8,130,56.143556
-30.7,300,56.183279
-29.7,300,56.22544
101.1,10,56.22695
89.3,115,56.242234
96.9,49,56.249542
-28.5,300,56.290439
-29.0,300,56.330228
84.8,209,56.359047
-29.5,300,56.398842
-29.5,300,56.441241
-30.6,300,56.481891
-27.8,300,56.521426
-30.1,300,56.559779
-30.2,300,56.602236
-29.0,300,56.641907
92.9,87,56.653004
96.1,58,56.661002
96.0,69,56.672608
82.4,222,56.702637
94.9,64,56.711249
80.6,216,56.739684
72.7,277,56.779177
-26.7,300,56.819508
90.8,127,56.836254
-29.8,300,56.876248
-33.6,300,56.918233
86.1,164,56.940058
-31.1,300,56.979923
93.5,88,56.992558
-28.4,300,57.034628
94.2,75,57.044394
-28.0,300,57.083595
85.3,179,57.10851
81.7,235,57.141743
98.9,50,57.148841
90.6,122,57.165646
94.5,91,57.178261
95.2,71,57.189162
79.2,257,57.224761
97.2,48,57.231808
89.1,148,57.251528
98.2,42,57.259077
-27.7,300,57.300171
77.2,278,57.337432
-32.1,300,57.376281
-30.0,300,57.419716
84.8,178,57.44494
84.9,189,57.470828
95.3,70,57.480208
89.4,152,57.502707
-27.8,300,57.544278
-26.2,300,57.583334
103.2,14,57.585608
-31.5,300,57.628932
-30.4,300,57.668788
-27.1,300,57.707998
-30.1,300,57.748278
95.3,112,57.76556
80.7,235,57.796734
-28.4,300,57.83776
101.5,45,57.844157
-26.6,300,57.886186
-26.9,300,57.925544
86.6,183,57.95078
-30.9,300,57.990553
79.2,237,58.023817
-33.4,300,58.064544
80.6,229,58.095572
83.8,157,58.115925
88.7,163,58.140981
-28.3,300,58.180835
72.2,291,58.219125
-27.8,300,58.259959
-26.1,300,58.301222
-28.6,300,58.34102
76.1,282,58.379334
-28.1,300,58.418958
-26.1,300,58.461167
-33.3,300,58.500976
-30.3,300,58.540765
-30.0,300,58.598846
97.4,97,58.61438
-31.3,300,58.654152
90.9,116,58.670288
-28.7,300,58.710624
-29.1,300,58.752809
-29.9,300,58.79394
98.0,54,58.801547
79.8,216,58.83035
-29.4,300,58.872512
92.0,120,58.88974
82.9,204,58.916437
-29.8,300,58.955978
90.6,104,58.971559
97.5,44,58.977873
89.0,159,59.0005
-27.6,300,59.040655
101.2,19,59.045169
97.0,53,59.052552
82.3,212,59.081149
-26.5,300,59.122234
93.5,111,59.139099
81.1,196,59.165156
-26.5,300,59.205168
80.2,218,59.234141
98.6,75,59.246099
93.9,80,59.257125
77.2,259,59.291356
-26.7,300,59.332218
-29.0,300,59.374976
87.4,131,59.392543
-29.0,300,59.43302
73.2,293,59.472139
-28.4,300,59.514264
73.0,269,59.550353
-28.7,300,59.589882
-27.8,300,59.63013
74.4,299,59.671436
96.1,77,59.681786
94.2,102,59.695326
97.0,82,59.70587
-30.8,300,59.748597
-28.4,300,59.788161
81.7,201,59.814906
-30.8,300,59.856334
-28.6,300,59.897383
-27.1,300,59.937403
-31.3,300,59.976937
-28.0,300,60.016772
-27.2,300,60.060659
74.1,286,60.098023
90.9,118,60.113802
-28.4,300,60.153977
99.2,24,60.15882
96.3,63,60.167516
-31.7,300,60.206809
-27.8,300,60.246444
93.3,87,60.260823
80.6,219,60.290071
83.3,206,60.31698
99.2,37,60.322379
-32.0,300,60.365794
85.5,177,60.38943
98.1,34,60.393974
80.5,237,60.425892
-29.6,300,60.468399
84.7,172,60.491559
92.5,135,60.509413
-27.1,300,60.549143
76.1,272,60.588336
95.2,62,60.596998
90.5,151,60.617093
-29.8,300,60.656746
98.5,73,60.668421
94.9,107,60.683851
-32.9,300,60.724022
86.7,135,60.741972
-32.0,300,60.784492
-29.6,300,60.824737
99.0,30,60.829274
78.3,235,60.860395
-31.3,300,60.903264
100.7,22,60.906429
-31.8,300,60.946331
83.4,219,60.975234
98.0,82,60.989107
99.2,28,60.993487
-29.0,300,61.033087
100.1,29,61.037443
79.0,262,61.073894
97.9,65,61.082933
-26.4,300,61.123854
98.7,46,61.13068
80.8,229,61.163308
90.5,100,61.176851
-27.5,300,61.217612
-30.2,300,61.257257
-28.9,300,61.300253
-32.9,300,61.34004
98.1,48,61.346971
93.4,78,61.357471
-30.8,300,61.399727
-30.6,300,61.44027
-32.0,300,61.480736
93.1,105,61.49469
92.3,95,61.510483
-29.8,300,61.550631
77.5,263,61.585114
-30.5,300,61.625924
-27.5,300,61.66744
92.1,113,61.683078
96.2,72,61.692663
87.4,162,61.713983
78.1,275,61.7537
-29.1,300,61.794428
94.6,88,61.806257
-31.2,300,61.847362
-29.0,300,61.889321
77.3,230,61.919844
-29.0,300,61.960338
-30.9,300,61.999991
-31.9,300,62.042327
-32.8,300,62.082435
89.3,150,62.102726
-27.0,300,62.143523
90.7,120,62.161583
78.3,253,62.194906
85.1,201,62.221567
-30.5,300,62.262286
-27.4,300,62.304193
-29.0,300,62.344508
-28.5,300,62.38506
-29.1,300,62.4257
-27.9,300,62.469115
94.2,102,62.483171
-33.7,300,62.522889
83.1,206,62.549976
94.5,91,62.564835
101.7,24,62.568424
-25.7,300,62.608601
-28.2,300,62.648488
-30.3,300,62.691491
87.0,149,62.711537
92.7,99,62.72461
-28.6,300,62.764205
96.3,66,62.775938
100.2,19,62.778588
-28.8,300,62.819577
-27.7,300,62.85909
96.6,55,62.868596
-30.5,300,62.909491
73.8,296,62.948429
-31.5,300,62.989104
-26.7,300,63.031047
-29.7,300,63.071052
-27.9,300,63.111805
100.5,16,63.114265
-28.5,300,63.156154
77.3,259,63.190407
-26.5,300,63.230542
97.3,41,63.236242
82.4,201,63.265007
98.1,31,63.269507
-28.3,300,63.310172
-27.7,300,63.350247
87.2,163,63.37406
89.5,133,63.391544
-31.7,300,63.432104
101.8,53,63.439111
-31.4,300,63.481729
100.9,17,63.484678
75.0,288,63.523523
-27.2,300,63.563953
97.4,61,63.574375
-30.9,300,63.614438
92.0,106,63.629455
78.9,228,63.659728
-32.2,300,63.700794
93.1,117,63.71673
90.0,156,63.738242
77.5,239,63.770287
74.7,290,63.811574
-30.6,300,63.85225
82.4,235,63.883735
82.8,206,63.910911
-28.3,300,63.953823
-27.7,300,63.994101
85.1,211,64.022431
-32.0,300,64.063382
100.2,14,64.066995
-27.6,300,64.107106
85.1,152,64.12755
87.4,133,64.146033
92.5,120,64.163799
97.8,64,64.172533
-26.3,300,64.21244
-30.0,300,64.252685
91.7,140,64.273128
-30.3,300,64.313516
95.5,82,64.324366
-30.8,300,64.364842
-28.7,300,64.407253
74.6,262,64.442523
-28.9,300,64.484049
-33.8,300,64.524529
95.3,66,64.53508
78.9,235,64.56745
101.0,11,64.5693
80.3,256,64.604081
87.5,144,64.625024
-28.1,300,64.665481
-28.8,300,64.706729
81.9,208,64.734912
95.1,108,64.751074
87.9,137,64.769214
-28.7,300,64.810787
93.3,114,64.825729
-26.9,300,64.867959
-30.0,300,64.909425
-28.9,300,64.949107
71.9,300,64.989921
93.6,124,65.008329
-28.6,300,65.048276
99.9,52,65.055558
-31.0,300,65.096184
74.0,271,65.134444
83.1,218,65.1635
-33.8,300,65.203745
-29.4,300,65.244266
101.1,38,65.251444
-29.4,300,65.291955
82.5,230,65.324421
-28.3,300,65.364444
93.4,75,65.376228
-31.1,300,65.418269
85.4,165,65.440746
85.9,167,65.463322
96.4,68,65.483266
101.3,13,65.493569
-28.2,300,65.539744
86.5,179,65.563647
-27.9,300,65.605738
81.2,233,65.638476
-30.5,300,65.678843
-29.8,300,65.719014
-28.3,300,65.760706
100.4,39,65.766154
84.0,205,65.793737
93.4,77,65.803985
72.3,299,65.847209
-30.4,300,65.889364
90.7,122,65.905792
100.2,39,65.91134
-28.5,300,65.953705
87.2,184,65.97861
-26.9,300,66.018192
-27.4,300,66.059104
94.7,96,66.074126
-29.5,300,66.114525
87.6,160,66.136319
91.9,141,66.156396
95.0,108,66.172924
98.0,64,66.181856
-28.3,300,66.22124
-28.3,300,66.261365
-27.6,300,66.302761
-29.2,300,66.342698
-28.7,300,66.383872
96.2,72,66.393662
95.5,88,66.408019
99.4,35,66.413233
-30.3,300,66.452945
77.3,260,66.488604
-29.7,300,66.53051
95.7,95,66.54364
100.6,20,66.546619
96.6,79,66.55718
-29.6,300,66.599591
88.0,131,66.617334
88.0,149,66.63732
97.7,35,66.642363
-29.5,300,66.685132
96.0,58,66.693211
-29.4,300,66.732892
-28.1,300,66.773093
79.5,247,66.808704
78.1,263,66.844092
-26.9,300,66.884545
-28.3,300,66.925222
-32.8,300,66.967582
-30.7,300,67.008658
93.7,76,67.019015
80.4,224,67.048683
-27.8,300,67.0913
96.2,48,67.098386
94.0,74,67.108625
-27.8,300,67.149452
92.9,116,67.167085
100.0,34,67.171764
90.7,138,67.190587
73.5,286,67.230001
87.9,154,67.253073
98.8,28,67.256917
79.5,222,67.287232
-27.1,300,67.328094
-27.2,300,67.370007
83.5,211,67.398266
83.4,200,67.427271
-29.9,300,67.468161
-32.7,300,67.511922
-30.1,300,67.552406
101.1,29,67.556497
77.7,239,67.588662
-30.9,300,67.631026
83.9,203,67.658168
-26.8,300,67.697736
-27.7,300,67.739885
-27.0,300,67.781672
94.4,100,67.795424
-28.9,300,67.836469
-28.2,300,67.876161
95.9,78,67.888445
-32.2,300,67.928944
83.6,188,67.95471
81.5,202,67.981508
97.7,43,67.988854
-32.0,300,68.029674
74.8,257,68.06561
76.5,273,68.10246
-26.6,300,68.144999
-29.5,300,68.185105
-30.3,300,68.224688
85.2,190,68.250564
87.7,156,68.273325
-28.5,300,68.314085
-32.2,300,68.354681
-31.5,300,68.394847
-31.3,300,68.436069
-29.4,300,68.477941
96.9,43,68.484075
-27.7,300,68.523838
93.8,96,68.539134
-29.5,300,68.580791
-26.0,300,68.621102
-32.4,300,68.662034
92.9,118,68.679717
97.0,86,68.691001
-29.7,300,68.731107
86.1,205,68.758468
73.4,271,68.797717
-30.5,300,68.83816
-29.1,300,68.879555
92.3,135,68.898018
85.2,176,68.923775
87.6,158,68.944878
100.0,36,68.949843
102.4,17,68.952847
90.1,129,68.971984
96.7,94,68.985486
-26.4,300,69.026346
97.1,60,69.034535
96.4,69,69.04639
-26.5,300,69.087058
-31.9,300,69.127492
-31.5,300,69.167788
-27.7,300,69.210526
92.8,103,69.224174
-29.7,300,69.26424
74.9,285,69.303388
77.0,242,69.337762
93.5,126,69.354889
88.1,170,69.377918
92.6,129,69.395956
89.6,104,69.411719
-29.4,300,69.451953
-26.6,300,69.49194
88.7,171,69.516115
-28.7,300,69.558018
97.8,77,69.5688
-29.7,300,69.609178
99.8,41,69.615417
94.2,118,69.633238
99.2,32,69.637897
-28.7,300,69.678255
-26.6,300,69.719379
98.6,61,69.729233
96.0,44,69.735335
75.4,260,69.770347
98.4,65,69.779732
-26.7,300,69.822664
-33.0,300,69.863056
94.6,91,69.875409
94.1,105,69.890008
-30.9,300,69.932606
92.8,120,69.949015
-28.4,300,69.988751
97.8,76,69.999047
-30.9,300,70.043113
96.5,79,70.053993
-30.6,300,70.094778
98.5,39,70.09994
97.8,56,70.109761
77.8,230,70.142911
94.8,103,70.15679
99.6,28,70.160968
90.0,161,70.18483
-31.6,300,70.224589
81.7,223,70.255501
-32.2,300,70.295814
89.4,115,70.313365
77.5,279,70.351845
-27.8,300,70.392454
-27.4,300,70.432353
100.8,41,70.439739
89.5,123,70.457658
89.4,172,70.481305
-28.9,300,70.521883
87.4,185,70.548569
86.7,176,70.573791
95.0,80,70.584937
87.9,163,70.607374
88.0,163,70.631814
91.0,120,70.648274
-30.2,300,70.688956
-32.6,300,70.728767
-34.0,300,70.772254
96.3,98,70.785833
-29.0,300,70.825817
-27.5,300,70.866714
94.9,71,70.878586
84.3,206,70.906378
-28.8,300,70.947099
82.4,196,70.973809
-31.6,300,71.016372
99.5,45,71.023106
89.5,151,71.043042
82.2,204,71.070497
99.5,41,71.078809
94.5,81,71.089915
-27.6,300,71.130424
100.6,28,71.134607
-29.9,300,71.17687
98.3,46,71.183724
94.5,87,71.195767
79.0,226,71.226752
84.8,204,71.255892
75.6,263,71.291836
79.2,234,71.324312
96.3,80,71.334991
89.1,143,71.356995
-30.5,300,71.398766
-32.0,300,71.439102
88.5,166,71.460715
98.1,59,71.470377
85.2,155,71.491789
-31.2,300,71.533642
-29.9,300,71.57355
-30.4,300,71.616864
94.0,81,71.628048
-29.9,300,71.668075
-30.8,300,71.709426
95.5,83,71.723068
-31.1,300,71.763876
91.6,101,71.777418
86.0,157,71.798879
-29.0,300,71.841842
71.0,282,71.880092
81.8,233,71.91126
98.3,26,71.914832
102.2,34,71.92236
83.5,180,71.947287
86.5,189,71.972637
-30.2,300,72.013286
-26.8,300,72.056478
-29.2,300,72.097115
82.6,210,72.125414
85.9,147,72.146269
100.3,41,72.153911
-28.8,300,72.211846
82.6,215,72.241649
-30.9,300,72.282427
84.6,194,72.310325
-26.1,300,72.35039
-34.8,300,72.390833
-31.5,300,72.432285
-26.5,300,72.476302
88.4,146,72.495606
-29.7,300,72.535662
-30.4,300,72.576707
-30.0,300,72.618519
-29.8,300,72.659911
101.0,39,72.665811
89.1,152,72.686142
100.0,43,72.693868
94.1,112,72.709392
-27.2,300,72.749834
85.8,204,72.778276
-28.5,300,72.819345
95.5,85,72.831197
-30.1,300,72.872686
-28.1,300,72.91295
75.3,273,72.952134
95.7,85,72.963955
-29.1,300,73.005529
97.2,79,73.016197
99.8,67,73.02697
97.0,74,73.037238
72.8,284,73.075108
-30.6,300,73.115946
-25.5,300,73.159235
98.2,57,73.166883
98.3,27,73.170804
91.7,120,73.187979
80.8,251,73.223785
-30.6,300,73.264322
-27.4,300,73.305818
-28.8,300,73.346327
-29.5,300,73.388166
-28.1,300,73.429463
82.7,221,73.459678
100.0,35,73.464384
99.2,69,73.476349
98.4,63,73.484766
80.4,225,73.516632
79.4,211,73.545382
-30.3,300,73.588403
91.2,141,73.608151
77.7,253,73.642549
85.8,168,73.665212
-31.1,300,73.708625
97.9,70,73.71827
98.6,45,73.724668
-31.0,300,73.765842
-26.2,300,73.808299
-24.6,300,73.850366
91.2,146,73.87028
101.0,29,73.8745
99.6,58,73.884482
-30.0,300,73.926513
-30.8,300,73.967294
-27.8,300,74.00772
90.4,107,74.025351
-29.4,300,74.065862
97.4,80,74.076843
85.3,193,74.102887
-30.6,300,74.146079
88.2,125,74.163204
-29.7,300,74.203376
96.9,93,74.216259
-31.3,300,74.259782
-28.5,300,74.299874
80.9,232,74.332077
-30.3,300,74.37269
-30.7,300,74.415162
97.0,51,74.4223
102.1,25,74.42589
99.0,31,74.430478
-27.6,300,74.473392
81.7,205,74.501048
-29.5,300,74.541517
-26.2,300,74.582993
-29.5,300,74.625574
99.0,44,74.631796
98.0,69,74.64159
95.8,93,74.655314
-30.8,300,74.697711
-27.2,300,74.738496
-31.4,300,74.779967
100.6,39,74.785422
-29.7,300,74.827929
-26.6,300,74.869478
86.9,142,74.888505
-30.7,300,74.928517
-29.8,300,74.971579
97.5,35,74.977009
-31.6,300,75.017641
81.0,205,75.0446
99.5,34,75.051199
86.3,170,75.075551
101.3,51,75.083092
-28.4,300,75.123872
-29.0,300,75.166667
88.9,149,75.187863
-26.9,300,75.229073
-29.1,300,75.269691
92.6,109,75.286963
-34.0,300,75.327511
101.6,15,75.330012
87.7,138,75.349083
88.0,166,75.373456
-30.9,300,75.41549
90.5,106,75.429981
-33.9,300,75.47024
-29.6,300,75.513149
-29.7,300,75.553828
-27.5,300,75.595632
-28.1,300,75.636923
-26.5,300,75.679358
-31.1,300,75.721584
95.0,100,75.73532
90.0,142,75.754936
98.1,78,75.768184
96.7,38,75.773566
96.8,49,75.780661
-30.8,300,75.821804
-29.8,300,75.863653
90.9,145,75.883329
-30.8,300,75.924776
96.4,69,75.934363
93.8,112,75.951816
-31.4,300,75.992145
91.4,124,76.009833
78.0,263,76.045698
101.8,37,76.052541
89.2,155,76.073869
99.6,39,76.079378
-31.2,300,76.120936
-29.3,300,76.163545
91.3,123,76.180928
73.8,275,76.219038
-26.6,300,76.259623
-28.1,300,76.302496
-27.0,300,76.343509
100.8,18,76.346081
-30.1,300,76.386249
95.5,77,76.399189
-29.7,300,76.440376
-30.4,300,76.480797
84.2,191,76.505982
-33.5,300,76.549964
-31.1,300,76.590233
98.8,55,76.59818
99.1,28,76.602423
-30.4,300,76.644986
94.2,75,76.655852
99.6,24,76.65962
-31.1,300,76.700432
-29.7,300,76.743491
-29.8,300,76.784161
-27.5,300,76.823857
-31.4,300,76.865104
81.4,214,76.896397
80.0,227,76.927999
95.9,83,76.939567
-28.1,300,76.981617
-27.3,300,77.024299
95.6,104,77.038722
88.1,130,77.055755
89.4,143,77.076341
100.1,30,77.082703
75.7,242,77.115622
91.1,146,77.135945
-27.5,300,77.177933
-29.9,300,77.221488
100.3,47,77.22793
94.0,92,77.240463
87.8,156,77.261977
91.2,107,77.27944
82.0,201,77.306991
-26.3,300,77.346922
89.8,143,77.366385
84.3,205,77.396904
-30.6,300,77.439473
91.5,101,77.454236
-26.2,300,77.495569
-26.8,300,77.539606
100.6,19,77.542337
-31.2,300,77.584217
74.1,273,77.621927
-28.3,300,77.664208
94.1,91,77.676299
81.7,198,77.704391
-26.5,300,77.744981
99.7,23,77.749923
-30.0,300,77.790932
-27.6,300,77.833076
-26.8,300,77.874143
91.8,126,77.893473
79.2,251,77.928813
101.6,25,77.932401
84.0,201,77.959614
71.0,282,77.999566
-29.5,300,78.040597
-27.1,300,78.080584
99.8,27,78.084496
-26.5,300,78.128447
85.5,171,78.150966
85.7,197,78.177943
102.2,14,78.180115
90.4,148,78.202253
101.1,10,78.204166
-29.1,300,78.245899
85.2,169,78.268646
97.0,44,78.276378
-27.7,300,78.317621
95.0,82,78.329227
-29.5,300,78.370211
98.4,60,78.380301
93.5,107,78.395438
95.2,64,78.40489
-27.7,300,78.447065
91.5,108,78.463732
94.2,125,78.480746
-29.6,300,78.521506
79.5,232,78.554389
83.9,179,78.580374
95.9,92,78.59312
96.2,63,78.602215
72.7,297,78.644055
85.6,162,78.687662
99.5,29,78.69201
73.9,294,78.731168
99.2,38,78.737507
-27.5,300,78.780306
90.9,111,78.795668
94.5,107,78.809607
100.6,29,78.81402
-33.1,300,78.857102
-33.7,300,78.897764
101.4,60,78.906121
94.4,92,78.918666
90.6,152,78.94175
75.7,264,78.978663
-29.4,300,79.018934
99.1,51,79.025655
-27.7,300,79.069467
-26.5,300,79.110726
-31.4,300,79.151313
-27.5,300,79.193399
-27.6,300,79.235733
-30.3,300,79.277352
-27.9,300,79.317851
81.0,240,79.350634
-29.7,300,79.394192
83.7,180,79.418935
-26.9,300,79.459494
-30.6,300,79.501072
-28.2,300,79.544192
-25.2,300,79.584643
-30.3,300,79.625042
94.9,94,79.638099
98.5,43,79.646236
87.6,154,79.667451
82.1,202,79.696893
78.2,252,79.731217
-26.6,300,79.774391
100.0,51,79.781427
97.4,63,79.791024
91.5,121,79.807862
-30.2,300,79.851137
-28.4,300,79.891298
101.6,33,79.897086
91.3,106,79.911736
84.4,171,79.936688
92.7,112,79.952132
76.3,276,79.989508
77.7,249,80.024187
-31.0,300,80.066991
86.7,138,80.085551
92.8,125,80.102474
-27.5,300,80.144206
102.0,45,80.152805
96.3,99,80.16695
95.3,97,80.180469
-28.6,300,80.221719
-28.0,300,80.264293
89.7,143,80.283804
-31.0,300,80.325835
92.2,116,80.34219
94.6,95,80.357448
-27.4,300,80.398323
-27.6,300,80.440041
-27.6,300,80.481309
79.8,212,80.512498
92.9,116,80.528742
-28.2,300,80.569441
86.6,135,80.587394
-30.8,300,80.631504
96.1,72,80.642025
100.9,61,80.650861
-26.6,300,80.692078
79.9,208,80.721943
97.4,64,80.730799
-34.0,300,80.773253
88.6,165,80.795977
89.8,136,80.816988
-30.5,300,80.859446
98.2,47,80.866509
-28.8,300,80.907094
-28.8,300,80.950779
100.1,40,80.956567
-26.8,300,80.997353
94.1,88,81.009998
82.5,223,81.041681
92.7,120,81.059055
-28.7,300,81.099724
-27.8,300,81.140328
83.9,194,81.169712
-31.3,300,81.211059
-29.5,300,81.251845
-33.1,300,81.293526
73.1,292,81.334634
79.2,237,81.367437
79.7,234,81.399461
-28.5,300,81.440186
-29.4,300,81.483755
93.9,106,81.498335
96.7,67,81.507486
93.2,85,81.519531
-29.0,300,81.562866
-27.2,300,81.604362
92.9,116,81.620588
-30.1,300,81.660772
79.6,258,81.699645
-33.6,300,81.740755
-27.9,300,81.782606
-31.5,300,81.823823
98.3,46,81.832006
80.0,227,81.863735
-28.3,300,81.905318
98.3,41,81.911164
90.9,140,81.932425
-27.3,300,81.973388
100.4,30,81.978031
96.3,70,81.988144
-28.8,300,82.031515
-29.1,300,82.072361
102.2,24,82.07604
-31.0,300,82.117971
97.0,63,82.128992
89.4,137,82.147732
-27.1,300,82.188452
91.6,129,82.206791
99.4,56,82.21633
82.9,190,82.243582
100.5,35,82.248689
97.9,56,82.256839
95.1,96,82.271754
-27.8,300,82.314214
-27.1,300,82.355416
76.8,262,82.390937
-26.9,300,82.436632
-26.8,300,82.478012
-28.5,300,82.519967
91.8,135,82.538502
-26.3,300,82.581892
-27.6,300,82.624468
99.9,40,82.630122
95.2,65,82.63907
100.5,16,82.643363
95.8,60,82.652406
84.1,195,82.679173
91.8,107,82.693931
77.5,253,82.731413
97.3,62,82.740019
93.4,110,82.756034
-27.9,300,82.796833
-28.4,300,82.840483
97.7,71,82.850635
93.9,74,82.860607
87.4,157,82.881973
72.0,280,82.923227
-31.9,300,82.963798
100.4,16,82.966355
80.1,243,82.999388
94.7,85,83.012918
96.1,68,83.02262
-29.5,300,83.065224
93.3,81,83.076645
-27.3,300,83.120462
-29.4,300,83.162319
-26.5,300,83.202345
89.4,161,83.223959
-27.2,300,83.26779
-27.4,300,83.309502
-26.3,300,83.351655
101.9,17,83.354258
-29.9,300,83.397272
-28.6,300,83.437798
-28.8,300,83.47962
97.4,66,83.488576
73.7,293,83.530907
99.2,33,83.535485
80.3,221,83.566573
90.6,107,83.581508
-30.3,300,83.624686
-28.1,300,83.666371
-28.4,300,83.707281
-28.1,300,83.747965
-26.5,300,83.792699
92.5,111,83.808225
82.9,192,83.834931
82.0,212,83.864318
-31.0,300,83.908037
103.3,13,83.910169
83.4,179,83.934124
99.2,33,83.938638
100.2,34,83.945273
92.9,129,83.963462
-28.3,300,84.005776
86.2,185,84.031477
81.6,224,84.064708
-28.1,300,84.107241
102.3,28,84.111281
94.4,82,84.122447
90.7,121,84.141016
95.3,100,84.154992
-29.2,300,84.196286
98.5,64,84.20505
-30.5,300,84.248796
-24.0,300,84.290473
96.5,68,84.300108
-29.2,300,84.340951
-26.5,300,84.38336
-28.3,300,84.425146
92.0,101,84.438899
99.9,60,84.447542
-26.0,300,84.49028
-30.1,300,84.53252
91.7,151,84.55358
86.0,185,84.578368
85.9,191,84.608217
-32.5,300,84.649478
-30.8,300,84.689708
91.5,119,84.706091
-31.7,300,84.749172
86.5,163,84.771326
100.7,39,84.776798
91.6,94,84.789891
-31.3,300,84.834261
92.3,107,84.848751
-31.5,300,84.890897
97.6,57,84.899235
-31.1,300,84.943345
-27.5,300,84.983839
92.0,127,85.005086
-28.1,300,85.061464
98.3,33,85.068142
89.8,118,85.084404
-27.9,300,85.125135
96.8,65,85.134993
98.1,43,85.143565
93.0,99,85.157669
93.2,113,85.173151
-25.7,300,85.213792
78.4,235,85.248212
85.3,176,85.272519
-30.5,300,85.313466
101.7,34,85.318316
97.4,81,85.33208
93.1,105,85.347319
93.6,95,85.360667
101.3,23,85.36391
-31.0,300,85.406819
96.9,76,85.417132
-29.6,300,85.45969
73.7,297,85.500078
86.2,176,85.525802
-26.6,300,85.567792
-29.4,300,85.608954
85.7,188,85.63463
-29.3,300,85.678783
-30.2,300,85.720375
-28.7,300,85.761454
-33.0,300,85.803603
77.3,246,85.838642
-26.4,300,85.880349
-28.7,300,85.92223
86.7,197,85.94867
-33.1,300,85.993102
93.7,82,86.004878
100.6,49,86.011975
101.0,21,86.015047
-27.7,300,86.057427
-29.8,300,86.09955
88.1,140,86.1187
-32.7,300,86.159275
75.4,282,86.201054
90.3,149,86.221529
101.0,35,86.226515
-28.0,300,86.2671
90.7,128,86.287562
-27.7,300,86.328991
85.5,169,86.352224
-28.2,300,86.393981
-28.5,300,86.436935
85.1,160,86.459258
100.4,42,86.465286
-28.0,300,86.507085
-26.7,300,86.550999
85.1,181,86.575427
98.2,73,86.585505
97.6,58,86.594087
96.3,90,86.608204
90.7,131,86.626605
75.8,267,86.664051
83.0,186,86.690502
90.3,144,86.713102
-32.2,300,86.75446
88.1,161,86.776417
-30.0,300,86.818532
-27.9,300,86.861766
-28.2,300,86.903152
96.8,59,86.91246
86.2,158,86.934658
-30.2,300,86.977625
-29.4,300,87.020105
-29.6,300,87.062143
-29.3,300,87.103638
95.5,111,87.120986
-32.1,300,87.167421
-30.6,300,87.208746
88.0,136,87.228266
79.6,239,87.26312
-33.1,300,87.304457
101.1,10,87.306315
-28.8,300,87.34924
93.1,111,87.366062
-30.7,300,87.407953
83.8,204,87.437367
-26.9,300,87.480886
77.9,232,87.515676
-30.6,300,87.557787
-30.8,300,87.599933
93.6,120,87.616512
-28.8,300,87.661072
80.0,235,87.693728
83.2,200,87.720676
89.0,116,87.736617
-26.9,300,87.781525
85.8,190,87.808519
-30.5,300,87.849414
-30.5,300,87.891727
85.9,165,87.916853
85.3,173,87.940736
98.8,53,87.948233
101.2,9,87.950103
-28.0,300,87.99466
93.8,93,88.007145
95.5,106,88.021874
-31.1,300,88.063543
86.9,157,88.088289
-29.1,300,88.129263
-29.4,300,88.171552
83.5,214,88.200754
100.8,12,88.20424
-26.8,300,88.245938
93.3,89,88.258464
94.1,84,88.270036
-27.0,300,88.314521
98.1,64,88.323441
87.8,114,88.339833
-27.8,300,88.38205
97.2,66,88.392836
94.6,97,88.407038
-27.7,300,88.448305
-27.5,300,88.49108
82.3,221,88.523341
-26.9,300,88.565137
-27.0,300,88.607018
83.0,210,88.63606
78.0,255,88.67389
-29.7,300,88.715723
101.2,9,88.717256
97.1,73,88.727826
95.3,60,88.737973
-28.6,300,88.778904
-27.7,300,88.82121
-28.4,300,88.861578
-28.5,300,88.9059
94.6,89,88.918416
-31.1,300,88.959818
89.9,141,88.979472
-26.6,300,89.023662
86.0,165,89.04635
88.8,143,89.066248
98.7,74,89.076838
90.8,112,89.094123
96.2,95,89.106807
78.0,233,89.140699
100.2,29,89.145053
-28.6,300,89.188274
82.4,231,89.220795
89.7,133,89.239631
87.4,139,89.258581
89.3,119,89.277453
98.7,68,89.287018
100.1,35,89.291839
-31.0,300,89.334483
-32.7,300,89.378828
86.4,169,89.402323
-26.5,300,89.445621
-26.9,300,89.486129
-33.6,300,89.529947
88.4,159,89.553269
82.7,233,89.584864
-29.2,300,89.626354
-27.2,300,89.670482
-29.4,300,89.711852
-30.6,300,89.753686
99.0,49,89.761161
84.4,204,89.791473
87.1,164,89.814404
-30.3,300,89.856156
80.4,205,89.884233
-28.1,300,89.927728
93.0,85,89.939356
94.0,126,89.957904
95.2,89,89.970162
95.3,109,89.987259
-26.8,300,90.028308
78.6,227,90.059841
93.3,87,90.072306
-29.7,300,90.115163
-29.0,300,90.156659
78.7,249,90.192441
95.7,70,90.201826
-28.7,300,90.245513
-30.4,300,90.287779
-29.4,300,90.329469
-28.5,300,90.371935
-28.7,300,90.415829
-30.6,300,90.457323
84.5,202,90.486572
-28.5,300,90.527782
101.8,23,90.53287
-31.1,300,90.575516
-27.7,300,90.618363
96.8,65,90.627147
98.3,41,90.63504
80.8,236,90.667991
-29.5,300,90.710443
-31.5,300,90.751984
74.0,249,90.788734
76.2,268,90.825879
-29.3,300,90.867487
93.1,117,90.884371
90.3,130,90.904117
96.8,91,90.916916
99.0,65,90.926122
97.8,61,90.934707
97.6,55,90.944134
-31.2,300,90.985394
-31.1,300,91.028377
98.3,45,91.034866
98.0,65,91.046266
-30.0,300,91.087851
95.8,74,91.098983
-29.4,300,91.141051
-27.7,300,91.184243
-28.5,300,91.226045
98.6,66,91.23563
87.1,176,91.260203
-28.5,300,91.302936
-30.2,300,91.34536
97.5,48,91.352254
-27.5,300,91.393605
99.6,25,91.398771
-28.1,300,91.441724
-31.2,300,91.483694
91.8,115,91.499593
-30.7,300,91.544559
-26.9,300,91.586288
92.0,89,91.59852
-27.2,300,91.639982
-29.6,300,91.683412
-30.1,300,91.724205
-28.9,300,91.767078
-27.9,300,91.808135
-30.8,300,91.872006
99.3,31,91.876744
-28.7,300,91.918601
100.2,13,91.920536
-29.7,300,91.96472
99.7,28,91.968988
94.3,86,91.98055
73.7,288,92.01991
99.6,35,92.026549
-28.9,300,92.06837
79.5,233,92.100875
90.9,132,92.11889
96.1,92,92.133963
-29.3,300,92.176399
-30.8,300,92.217697
88.4,183,92.242629
101.1,30,92.249635
-27.4,300,92.291068
-28.8,300,92.332516
-28.1,300,92.374619
-26.4,300,92.418398
102.1,20,92.421556
80.9,247,92.457096
89.3,137,92.477935
101.0,36,92.48479
92.2,111,92.499976
95.3,90,92.513158
100.3,23,92.516757
-26.7,300,92.560213
-26.9,300,92.603415
-32.0,300,92.645097
-27.2,300,92.687352
-30.6,300,92.731193
-31.0,300,92.772773
94.3,112,92.788993
100.4,26,92.792919
-26.3,300,92.836299
91.2,118,92.853238
99.8,22,92.856475
93.5,89,92.868839
-28.7,300,92.913745
-27.1,300,92.955333
-28.7,300,92.998104
91.1,127,93.015738
-31.9,300,93.058672
101.3,33,93.063344
-28.2,300,93.105554
-31.9,300,93.147175
-31.2,300,93.189427
93.9,79,93.201819
-29.3,300,93.243922
-31.1,300,93.284929
-29.8,300,93.330082
90.8,114,93.346063
-30.8,300,93.387732
84.8,200,93.416008
-27.6,300,93.459129
98.3,42,93.465003
-29.8,300,93.507424
99.0,30,93.512309
81.5,226,93.545695
-29.1,300,93.587235
98.2,41,93.593135
82.9,220,93.62455
93.5,108,93.641409
-29.1,300,93.682756
-29.5,300,93.72597
-27.5,300,93.767603
73.9,299,93.810921
-27.0,300,93.853489
101.3,13,93.855487
-32.3,300,93.896284
-28.0,300,93.940892
-31.2,300,93.982864
101.8,32,93.987664
-27.4,300,94.030191
82.7,185,94.058373
-29.9,300,94.099168
96.0,71,94.108946
-27.4,300,94.151848
-29.9,300,94.195136
99.2,28,94.199295
83.3,212,94.229576
-28.3,300,94.271717
-27.4,300,94.315597
102.0,21,94.319133
-29.6,300,94.360986
101.1,20,94.364123
94.4,98,94.379532
85.4,176,94.40433
101.8,23,94.407828
93.3,94,94.420917
92.8,109,94.438508
-31.0,300,94.481253
-31.7,300,94.523167
101.5,26,94.52676
-28.6,300,94.570471
-26.9,300,94.611929
100.4,64,94.621178
-28.9,300,94.663634
-32.0,300,94.708312
75.1,282,94.747422
-32.4,300,94.790414
71.3,293,94.830384
92.6,138,94.851544
-30.3,300,94.894592
101.6,15,94.897176
75.6,272,94.934366
91.2,120,94.953007
-28.7,300,94.994919
102.5,11,94.996974
87.3,150,95.017436
-26.6,300,95.061794
-28.9,300,95.104229
-28.1,300,95.14554
-29.9,300,95.18785
93.8,81,95.200975
-28.4,300,95.242288
100.0,25,95.245961
98.9,30,95.250263
-26.9,300,95.295056
-27.6,300,95.336937
75.9,277,95.374663
-29.7,300,95.417069
91.0,100,95.43323
-26.3,300,95.474885
-33.6,300,95.517482
98.3,45,95.523708
86.5,196,95.55286
99.7,33,95.55773
96.3,47,95.564427
-29.5,300,95.606472
91.6,148,95.628931
-27.4,300,95.670273
97.5,87,95.682349
-29.0,300,95.724535
-30.1,300,95.767284
-30.7,300,95.80975
101.5,31,95.814334
-30.6,300,95.856219
-27.3,300,95.900428
95.3,105,95.916766
-30.4,300,95.957959
-27.1,300,95.999295
-30.7,300,96.043269
100.1,34,96.048043
-31.9,300,96.089471
89.5,125,96.107035
-31.0,300,96.151702
101.4,47,96.158715
101.8,47,96.165771
-29.4,300,96.206506
-30.0,300,96.251143
-29.3,300,96.293025
-33.4,300,96.334463
99.0,80,96.346066
-30.4,300,96.389677
101.7,44,96.396207
98.4,40,96.401605
98.3,70,96.41159
101.2,14,96.415594
100.5,16,96.418241
-32.3,300,96.461254
100.6,44,96.467481
91.5,110,96.484439
99.3,37,96.490335
96.8,45,96.496744
99.0,42,96.502737
90.6,136,96.523602
101.9,37,96.529129
-30.4,300,96.572383
87.6,129,96.590444
99.9,44,96.598473
-31.4,300,96.640176
-31.0,300,96.683205
96.6,80,96.694698
-31.0,300,96.738473
76.5,285,96.779331
-29.6,300,96.820492
99.0,60,96.829123
89.5,138,96.850233
-30.0,300,96.892988
100.9,7,96.894046
74.9,290,96.934347
82.7,212,96.966366
-27.6,300,97.00794
96.8,48,97.014935
94.8,76,97.025742
-27.7,300,97.069798
97.4,70,97.080016
-31.2,300,97.121931
91.5,141,97.142036
100.7,29,97.148086
-31.1,300,97.191227
-26.7,300,97.23279
94.3,114,97.248285
79.8,245,97.285057
-30.6,300,97.327118
84.4,187,97.352504
97.5,45,97.359092
-30.1,300,97.404215
94.0,111,97.419807
-27.4,300,97.462936
91.7,119,97.479977
-31.0,300,97.524154
-30.0,300,97.565568
101.7,47,97.572469
101.2,48,97.579423
98.4,39,97.586452
-29.9,300,97.629722
99.4,27,97.633394
77.8,237,97.666054
100.6,15,97.66983
-29.5,300,97.711835
93.4,87,97.724231
90.8,129,97.742094
-29.7,300,97.785611
92.0,111,97.802054
95.2,85,97.813833
85.6,192,97.841445
95.1,72,97.853975
100.4,43,97.860514
86.7,170,97.884986
-26.0,300,97.927622
100.2,33,97.933841
91.9,139,97.954236
75.8,272,97.991238
-31.6,300,98.033383
-29.1,300,98.077007
81.9,227,98.108213
-29.0,300,98.150966
-29.0,300,98.193096
94.1,90,98.208251
-27.4,300,98.250778
-28.8,300,98.31091
90.3,111,98.32786
78.4,246,98.364329
-29.5,300,98.405649
-32.6,300,98.447438
80.6,227,98.479718
83.1,205,98.509925
-33.4,300,98.552803
-31.0,300,98.594771
97.3,77,98.605586
94.5,89,98.620286
100.9,17,98.622778
-29.9,300,98.665036
96.9,63,98.674109
101.2,19,98.678356
100.5,20,98.681485
99.6,19,98.684751
-27.3,300,98.726315
-26.8,300,98.772251
95.6,96,98.785541
-29.6,300,98.826775
-28.9,300,98.869632
85.3,202,98.899715
101.2,29,98.904191
82.4,226,98.934481
-27.6,300,98.977285
87.3,173,99.003465
102.0,26,99.007298
89.7,128,99.026505
101.4,17,99.029152
96.0,76,99.041803
74.8,274,99.115285
102.1,10,99.11706
95.7,77,99.128556
93.2,112,99.146552
-28.9,300,99.190502
96.9,72,99.200917
-28.9,300,99.242576
83.5,224,99.27716
74.5,257,99.313801
78.5,268,99.351499
-29.2,300,99.394721
70.8,293,99.436934
-31.6,300,99.478159
84.1,178,99.504229
99.4,27,99.507997
92.1,114,99.526149
98.9,31,99.530937
80.4,223,99.562608
-29.5,300,99.606226
100.6,24,99.61127
-32.1,300,99.652982
-32.0,300,99.695767
-27.6,300,99.737441
95.6,93,99.752516
98.4,42,99.758426
-28.9,300,99.801162
95.9,60,99.809962
88.8,149,99.83229
-28.6,300,99.874758
102.4,22,99.878247
-30.6,300,99.92135
80.5,237,99.956344
98.0,62,99.965337
100.2,58,99.973669
-29.1,300,100.016345
83.2,181,100.04429
-32.3,300,100.085718
94.1,111,100.101563
101.1,45,100.107761
94.7,123,100.127287
101.4,21,100.130423
77.9,246,100.165202
-29.6,300,100.206195
101.6,24,100.211395
94.1,100,100.226657
-25.9,300,100.26863
80.6,221,100.298631
-31.0,300,100.344969
-27.4,300,100.38678
99.6,58,100.39557
-27.5,300,100.438235
-28.5,300,100.482037
99.0,33,100.486754
76.1,253,100.521968
99.3,52,100.530093
100.3,38,100.537749
100.7,24,100.5415
-28.4,300,100.583139
96.6,56,100.591169
-25.9,300,100.635334
-29.8,300,100.67741
-27.3,300,100.718911
94.5,110,100.734585
96.1,107,100.752389
-29.5,300,100.794308
100.4,15,100.796808
101.9,42,100.802855
-31.2,300,100.84763
-29.8,300,100.889291
-30.3,300,100.930784
-29.3,300,100.9734
98.4,68,100.984939
88.4,180,101.010117
76.0,257,101.045074
-28.5,300,101.088563
-29.9,300,101.132628
-30.3,300,101.175528
100.7,38,101.181245
81.8,212,101.211462
89.0,142,101.233722
99.1,53,101.241423
-29.5,300,101.284123
86.3,185,101.310184
-27.4,300,101.354262
-31.4,300,101.397274
85.6,176,101.421744
-28.3,300,101.463378
91.1,135,101.485595
-31.0,300,101.527162
-26.6,300,101.568824
99.4,61,101.577632
-27.9,300,101.622406
81.6,211,101.651736
91.4,114,101.667327
87.4,182,101.693963
-27.8,300,101.737668
97.3,95,101.750711
96.6,67,101.760539
89.1,155,101.782342
-33.3,300,101.826335
-30.0,300,101.868076
98.1,49,101.87518
92.4,95,101.888169
101.1,10,101.89375
95.2,103,101.908724
76.5,241,101.942375
-27.5,300,101.984281
99.7,38,101.991819
84.2,196,102.020553
-31.3,300,102.062518
96.9,70,102.072211
95.6,101,102.088211
-26.7,300,102.130734
99.3,31,102.135359
100.2,34,102.140495
91.3,121,102.1598
98.4,64,102.16899
98.4,32,102.173641
-29.7,300,102.216014
95.8,78,102.22881
-26.2,300,102.270858
-27.6,300,102.313887
95.4,86,102.326119
-27.1,300,102.369659
96.7,89,102.381921
-29.6,300,102.426276
91.5,143,102.447447
101.5,16,102.451834
97.8,80,102.463518
-28.3,300,102.505427
75.5,256,102.542107
93.6,124,102.561931
-32.4,300,102.604129
91.3,123,102.622282
94.5,90,102.634849
-27.3,300,102.679227
100.4,41,102.685522
-29.2,300,102.727356
-29.1,300,102.768979
96.9,71,102.780613
100.9,37,102.786493
-26.9,300,102.82887
74.9,299,102.871669
101.4,42,102.879843
77.6,275,102.918684
89.4,171,102.943304
75.4,277,102.982132
97.6,82,102.99561
-32.1,300,103.038433
90.8,133,103.057404
98.1,63,103.066658
103.1,25,103.072117
-28.1,300,103.113755
99.0,29,103.118327
-30.6,300,103.160622
-24.8,300,103.204416
-26.8,300,103.245799
102.0,48,103.253592
97.9,51,103.260853
-27.3,300,103.304315
92.7,119,103.320797
-26.9,300,103.363652
92.8,84,103.375869
88.1,137,103.396875
85.8,201,103.425559
91.1,100,103.439562
95.9,60,103.448011
93.8,102,103.465132
-30.0,300,103.506568
93.7,74,103.517431
99.7,34,103.522391
-29.7,300,103.567306
84.5,149,103.588355
-29.9,300,103.629833
83.3,171,103.653886
97.4,53,103.663683
90.1,131,103.683164
85.9,172,103.707401
-29.6,300,103.749283
84.4,189,103.777843
-28.6,300,103.819581
-28.4,300,103.862066
-29.4,300,103.905026
89.5,109,103.922534
86.8,157,103.944715
96.2,85,103.956798
75.6,272,103.995857
-27.5,300,104.040003
101.2,17,104.04259
-33.1,300,104.084615
100.4,7,104.085995
77.3,284,104.12869
-28.2,300,104.170559
-28.0,300,104.213417
99.5,38,104.219325
87.6,139,104.240721
-29.2,300,104.283231
96.8,85,104.29562
102.6,15,104.297891
101.9,22,104.303555
-32.8,300,104.3459
101.8,23,104.349551
86.0,177,104.374394
81.9,220,104.406838
100.3,22,104.409924
-27.5,300,104.452106
98.2,55,104.463136
-31.7,300,104.508024
82.5,188,104.535086
88.9,146,104.555949
-26.7,300,104.598083
-31.5,300,104.661464
-29.0,300,104.702761
-28.6,300,104.74568
-30.1,300,104.787897
74.3,283,104.830072
-28.8,300,104.872026
96.8,43,104.878418
91.2,146,104.899049
-27.7,300,104.943344
98.2,81,104.954722
97.1,59,104.963211
100.3,57,104.971256
88.2,152,104.994403
-28.6,300,105.03628
-30.3,300,105.078493
-27.3,300,105.120509
92.1,125,105.139835
84.6,208,105.170002
99.4,30,105.174605
100.4,36,105.180036
91.6,124,105.198706
-30.6,300,105.240682
89.2,160,105.264558
75.3,290,105.303965
92.1,122,105.323213
-28.7,300,105.36637
102.3,23,105.369627
-26.8,300,105.411635
98.3,51,105.420637
83.7,182,105.446427
101.2,14,105.448509
-26.6,300,105.490969
-28.2,300,105.534979
-26.0,300,105.578032
-29.2,300,105.620653
99.7,28,105.624992
72.2,297,105.668512
91.8,131,105.687245
100.6,19,105.690333
-27.3,300,105.7312
-29.4,300,105.775661
-32.3,300,105.817915
98.5,28,105.822115
-31.0,300,105.863918
90.6,142,105.886744
75.9,264,105.923351
-28.5,300,105.965261
-27.8,300,106.008401
91.5,152,106.031956
100.3,32,106.036619
-28.3,300,106.079124
99.1,38,106.085465
-26.9,300,106.129273
98.5,67,106.138909
-28.7,300,106.18039
101.1,44,106.186684
-29.5,300,106.231593
98.1,51,106.238514
89.3,149,106.259535
-31.8,300,106.302293
-27.9,300,106.346206
-28.8,300,106.388177
-27.4,300,106.431213
-29.1,300,106.473034
-30.1,300,106.518706
-28.1,300,106.561098
-30.4,300,106.60274
-30.1,300,106.646281
99.5,45,106.65455
90.8,111,106.670197
-30.9,300,106.712121
-29.5,300,106.754572
88.6,130,106.774236
82.4,207,106.803568
95.6,71,106.814074
-28.4,300,106.856737
98.4,36,106.864011
98.9,31,106.86832
99.8,22,106.871905
83.3,221,106.903399
99.8,46,106.912081
-26.5,300,106.955573
-28.6,300,106.998511
-29.5,300,107.041384
-28.4,300,107.084529
103.9,22,107.087877
-28.2,300,107.128467
99.5,39,107.134251
95.7,80,107.148139
100.0,57,107.156277
96.3,80,107.167517
95.7,70,107.177875
96.0,61,107.187982
-30.6,300,107.229987
100.4,22,107.233256
-25.1,300,107.276663
-31.3,300,107.321049
97.6,85,107.33338
96.9,61,107.342104
91.1,116,107.359618
-28.3,300,107.403677
101.4,12,107.405783
94.2,112,107.423136
100.3,13,107.425343
-31.4,300,107.471886
-26.9,300,107.514175
97.9,54,107.521987
-28.9,300,107.564854
-27.5,300,107.608468
91.4,140,107.628681
99.8,18,107.631233
99.6,42,107.637536
88.1,146,107.660446
-32.5,300,107.702633
-28.6,300,107.744591
-33.3,300,107.787302
87.4,192,107.816905
-27.6,300,107.858561
-29.0,300,107.902283
-30.2,300,107.944168
82.3,213,107.976267
-27.4,300,108.018452
-31.6,300,108.060448
100.1,60,108.070042
99.4,35,108.077197
-27.3,300,108.119332
100.7,39,108.124985
79.5,224,108.155997
-30.2,300,108.200783
75.1,286,108.241073
100.3,16,108.243675
92.4,86,108.255898
97.4,62,108.266415
86.9,152,108.288419
76.2,274,108.327119
-27.7,300,108.369919
-30.1,300,108.415285
97.5,66,108.424454
-28.6,300,108.465833
-28.9,300,108.509793
97.1,81,108.523296
-31.8,300,108.565919
82.1,232,108.598956
-29.9,300,108.641505
85.2,195,108.670733
-32.3,300,108.714095
-26.0,300,108.755111
-30.1,300,108.798441
97.0,60,108.811816
76.8,296,108.868305
-29.0,300,108.914319
-28.6,300,108.958725
-28.0,300,109.00488
-30.6,300,109.054924
94.7,105,109.071254
91.5,127,109.090358
88.2,110,109.110553
100.0,41,109.116882
82.8,213,109.150121
-27.5,300,109.194757
100.1,48,109.203426
-29.7,300,109.248299
101.7,23,109.25201
75.5,286,109.293207
-28.4,300,109.338387
98.5,67,109.348327
101.4,17,109.351389
-27.5,300,109.393445
101.3,28,109.399191
-28.1,300,109.443049
-31.5,300,109.486396
-32.6,300,109.528471
101.1,14,109.532023
-29.1,300,109.575569
-30.2,300,109.618284
99.5,16,109.62069
-29.3,300,109.666354
94.2,123,109.684088
-29.0,300,109.726419
97.6,71,109.736789
-28.8,300,109.782137
84.6,185,109.808091
95.3,92,109.821257
81.7,193,109.848345
101.7,23,109.853812
94.9,93,109.868019
-29.9,300,109.910622
102.8,37,109.915806
-30.6,300,109.959761
100.9,32,109.965392
79.2,235,109.99926
-28.1,300,110.041576
101.7,29,110.047297
-28.1,300,110.091157
95.9,47,110.098494
75.7,270,110.136979
100.5,21,110.141911
100.3,42,110.148107
-27.6,300,110.190872
77.0,263,110.228094
-26.7,300,110.272197
102.9,22,110.27591
-30.7,300,110.319969
-30.6,300,110.36183
100.2,9,110.365127
90.2,142,110.386427
98.1,49,110.3942
100.1,29,110.398412
100.2,19,110.402746
97.2,61,110.411558
-27.2,300,110.45423
-27.2,300,110.497631
90.6,150,110.520993
89.5,133,110.540556
-28.4,300,110.582353
99.6,29,110.586447
-31.3,300,110.631758
95.6,85,110.643718
-33.0,300,110.68502
101.0,6,110.686367
96.2,98,110.702398
-32.0,300,110.744954
-28.7,300,110.787433
-26.7,300,110.83015
100.4,12,110.833932
-29.5,300,110.876228
-31.4,300,110.919055
-29.9,300,110.961579
101.7,19,110.96626
-32.1,300,111.00955
-29.3,300,111.051929
-27.6,300,111.093739
98.5,60,111.10409
98.6,39,111.110336
102.0,11,111.111997
-31.3,300,111.155438
88.3,147,111.178485
97.1,78,111.189813
-28.2,300,111.232853
-30.5,300,111.274851
100.7,28,111.280794
100.0,20,111.283973
-27.7,300,111.346168
100.9,7,111.347113
-30.8,300,111.391629
100.5,31,111.396251
98.2,39,111.402087
101.0,6,111.403049
102.0,16,111.406942
-27.7,300,111.45035
97.8,62,111.45949
101.2,14,111.461608
100.9,12,111.465002
86.1,169,111.489729
-30.5,300,111.532288
87.4,151,111.553631
94.4,84,111.567629
88.6,119,111.584388
-27.0,300,111.626983
-29.7,300,111.670554
98.2,86,111.684686
-28.3,300,111.726963
-30.5,300,111.770291
100.1,24,111.773984
-31.3,300,111.818869
99.5,44,111.825339
-27.8,300,111.868992
-29.9,300,111.910512
85.4,181,111.937979
99.2,47,111.944821
-27.8,300,111.987672
84.2,208,112.017496
98.1,85,112.031275
-31.5,300,112.075307
-29.4,300,112.117675
79.4,259,112.154557
-28.6,300,112.200756
101.0,20,112.203887
100.1,23,112.207123
94.0,83,112.219012
75.0,269,112.258092
-27.3,300,112.301327
-30.4,300,112.344305
79.8,219,112.375771
101.2,29,112.381781
-31.8,300,112.424864
-30.2,300,112.468523
81.3,202,112.498426
94.2,109,112.515675
-28.4,300,112.558094
-28.3,300,112.601344
-28.1,300,112.643475
-29.0,300,112.687452
101.1,25,112.691948
92.6,104,112.706915
-31.3,300,112.748885
88.4,128,112.769219
96.4,87,112.781883
-31.9,300,112.825141
92.8,102,112.839737
92.7,86,112.853796
-29.9,300,112.896189
-30.0,300,112.939694
72.0,293,112.980861
86.6,172,113.007953
99.2,33,113.013375
100.7,44,113.019642
-28.4,300,113.062091
90.3,114,113.080727
-27.8,300,113.123449
-28.6,300,113.165921
79.0,225,113.197446
91.3,122,113.218008
-30.0,300,113.260708
-30.2,300,113.302773
89.8,153,113.325326
-26.9,300,113.369933
100.3,53,113.377686
-28.1,300,113.419908
-29.7,300,113.462362
99.9,26,113.467898
82.9,219,113.49904
98.6,49,113.506108
-29.3,300,113.549778
100.2,29,113.556068
88.2,140,113.576248
-31.2,300,113.618237
-29.8,300,113.661491
83.1,224,113.69546
-29.4,300,113.738439
-28.4,300,113.781068
-33.7,300,113.823924
-33.0,300,113.868946
-26.8,300,113.91152
97.3,50,113.919003
101.2,24,113.922735
-27.7,300,113.968342
-30.9,300,114.011031
93.8,81,114.022367
-27.5,300,114.066368
-28.8,300,114.110492
-31.7,300,114.152582
-30.9,300,114.196051
-29.5,300,114.238052
88.3,160,114.263344
98.0,43,114.2698
-36.2,300,114.312352
-30.5,300,114.353764
-31.2,300,114.398927
77.2,233,114.431791
-27.3,300,114.47538
-31.8,300,114.518201
-29.9,300,114.562929
-31.2,300,114.607389
96.2,54,114.614944
72.6,298,114.657379
-31.1,300,114.703405
-29.4,300,114.746629
101.9,17,114.749385
-30.2,300,114.792185
-26.3,300,114.836768
-27.5,300,114.879456
102.1,15,114.881848
-30.5,300,114.924926
91.4,123,114.944986
-30.9,300,114.987383
-30.4,300,115.030703
-28.8,300,115.073233
102.9,31,115.079381
-27.4,300,115.122897
-30.7,300,115.165513
-32.4,300,115.208625
-29.2,300,115.253314
-31.3,300,115.296011
-27.8,300,115.339621
-27.4,300,115.381762
-32.9,300,115.426895
93.6,121,115.444407
91.1,127,115.462368
-31.5,300,115.504926
-30.1,300,115.550976
-28.0,300,115.594296
-27.6,300,115.637406
-29.4,300,115.680378
101.8,13,115.684723
-27.3,300,115.727246
-32.5,300,115.77133
-28.4,300,115.814126
-29.6,300,115.859582
-28.1,300,115.902636
-29.0,300,115.946199
-31.4,300,115.98972
-28.5,300,116.034083
-28.0,300,116.078025
98.2,40,116.083753
-28.8,300,116.125628
-28.3,300,116.171061
80.9,219,116.201804
101.1,20,116.204803
103.0,26,116.208976
97.5,67,116.220374
75.3,261,116.258877
100.7,4,116.259798
-28.1,300,116.303514
-29.2,300,116.348146
97.0,83,116.360335
87.1,158,116.383944
-27.8,300,116.425639
97.6,49,116.434428
86.7,150,116.456333
101.6,30,116.460523
-29.1,300,116.504388
-29.4,300,116.549368
97.3,68,116.559329
-30.1,300,116.603002
-33.3,300,116.645913
100.3,32,116.652664
-28.6,300,116.696839
-29.6,300,116.739109
75.7,271,116.776841
95.4,100,116.793303
93.1,141,116.813479
-31.6,300,116.85566
101.2,14,116.85818
91.0,121,116.877376
97.7,79,116.889588
-30.0,300,116.932803
97.0,85,116.944899
101.2,43,116.95288
-28.4,300,116.996749
86.9,153,117.018476
96.6,72,117.028766
93.4,67,117.040453
-27.7,300,117.08315
-27.2,300,117.1265
-27.9,300,117.248996
94.5,102,117.393018
79.7,213,117.479874
-28.3,300,117.5889
-29.8,300,117.674178
78.9,230,117.709206
99.7,28,117.713564
88.9,167,117.738995
-31.4,300,117.782051
-28.0,300,117.82709
-29.7,300,117.871251
101.2,41,117.877256
-31.7,300,117.920562
93.5,103,117.936922
100.0,41,117.944107
98.5,54,117.952361
-28.2,300,117.995934
-29.4,300,118.04074
-27.2,300,118.10296
99.3,49,118.110409
79.9,227,118.142875
94.4,75,118.156844
-30.6,300,118.201079
-32.2,300,118.242886
-28.7,300,118.28753
98.5,84,118.30186
101.1,25,118.306121
96.8,50,118.313189
81.8,236,118.346839
92.0,99,118.364148
101.3,18,118.366819
-30.8,300,118.409907
96.6,58,118.418564
100.7,19,118.423025
101.5,16,118.425591
-25.8,300,118.469367
88.4,174,118.493797
68.9,294,118.53814
101.6,10,118.53976
91.8,129,118.558307
-28.8,300,118.6022
-31.0,300,118.646556
77.3,272,118.685684
98.9,58,118.694583
91.8,95,118.707891
-31.6,300,118.752313
-28.3,300,118.796134
-29.4,300,118.838864
93.3,101,118.852849
100.8,34,118.8595
-30.2,300,118.903409
98.7,62,118.91257
78.0,249,118.94751
76.3,266,118.987574
100.8,33,118.993188
-29.5,300,119.036129
94.2,98,119.049807
91.6,91,119.064488
-29.2,300,119.108714
-28.1,300,119.151743
94.1,115,119.168821
-29.8,300,119.214687
101.1,30,119.218944
-29.9,300,119.261558
95.2,64,119.270692
-28.3,300,119.315893
-27.3,300,119.358316
101.2,19,119.3614
102.0,11,119.363496
-27.6,300,119.408681
-31.0,300,119.452506
102.6,25,119.45649
-30.3,300,119.499277
98.7,63,119.510268
-29.9,300,119.55393
84.0,185,119.57963
-29.6,300,119.622226
-30.3,300,119.666317
-30.4,300,119.710006
-30.0,300,119.753684
-30.3,300,119.796417
-28.3,300,119.842123
96.0,69,119.852178
97.3,40,119.857694
-32.3,300,119.90023
97.6,81,119.913727
77.2,244,119.949779
99.7,39,119.955053
-28.9,300,119.997304
88.3,166,120.047727
96.9,62,120.056595
74.6,294,120.098582
98.7,64,120.108004
-28.0,300,120.152799
101.3,18,120.155719
87.8,156,120.178129
-34.9,300,120.221294
93.8,87,120.235685
-30.0,300,120.279571
87.9,148,120.301039
-29.2,300,120.343737
-30.6,300,120.389746
76.7,250,120.424982
-30.7,300,120.46832
86.9,148,120.489668
-28.4,300,120.534552
92.4,115,120.550754
92.1,103,120.565965
81.4,225,120.598046
-28.9,300,120.644054
88.5,136,120.663217
95.8,57,120.672762
-32.1,300,120.715466
97.1,85,120.729682
-28.3,300,120.773426
-27.3,300,120.816239
98.2,52,120.823692
-29.4,300,120.867147
92.9,130,120.886658
-27.9,300,120.928621
102.3,23,120.932235
86.9,133,120.952692
-27.8,300,120.996559
-31.0,300,121.038436
101.5,21,121.041976
78.5,225,121.07598
87.4,164,121.101146
99.7,37,121.10691
-28.2,300,121.149363
-31.2,300,121.195999
99.3,42,121.202477
94.1,104,121.217655
90.4,134,121.236356
98.2,62,121.247232
-28.8,300,121.290517
92.8,103,121.306264
91.2,147,121.327193
-28.4,300,121.372106
91.7,103,121.387429
82.5,191,121.416585
98.1,40,121.422493
-28.6,300,121.467108
-30.5,300,121.511216
-32.1,300,121.553935
75.8,262,121.591189
101.1,10,121.594608
-27.5,300,121.638971
-29.4,300,121.681683
-32.7,300,121.725312
-26.1,300,121.770699
100.9,12,121.772697
90.1,152,121.793913
-28.2,300,121.83684
89.9,142,121.859044
-32.1,300,121.902317
-31.3,300,121.946392
98.6,53,121.954091
83.9,179,121.981243
-31.8,300,122.023942
95.0,72,122.035566
101.5,16,122.038257
-35.2,300,122.083772
95.4,58,122.092498
93.5,110,122.108765
100.0,45,122.115513
-30.1,300,122.162236
-28.6,300,122.204654
94.6,99,122.219252
-30.1,300,122.262928
-32.9,300,122.308174
97.1,72,122.318676
-31.2,300,122.362711
96.2,112,122.378603
98.1,43,122.38633
75.4,256,122.424138
91.6,143,122.445579
92.6,123,122.464273
99.2,29,122.47027
100.5,54,122.47796
-29.2,300,122.521139
81.6,214,122.552573
87.6,158,122.578129
-29.5,300,122.620896
-29.5,300,122.664438
-30.8,300,122.707458
95.8,88,122.721828
85.6,169,122.745768
-29.2,300,122.789716
103.0,11,122.791747
-30.4,300,122.835684
101.7,24,122.839422
-32.7,300,122.883028
75.4,241,122.917482
102.7,34,122.924292
-31.3,300,122.967277
100.5,11,122.969228
89.9,135,122.9891
86.1,165,123.015433
-28.2,300,123.058779
-31.0,300,123.102488
102.1,40,123.108581
-32.0,300,123.153451
-30.8,300,123.196668
96.8,73,123.20745
79.2,247,123.242633
81.2,199,123.273309
88.0,153,123.296693
77.2,234,123.330031
77.4,243,123.364485
94.9,116,123.383082
-27.7,300,123.427116
74.6,254,123.46338
-28.9,300,123.506406
73.8,268,123.546727
78.4,224,123.578491
102.4,12,123.580589
-29.8,300,123.623889
100.5,20,123.628535
78.1,236,123.663143
100.7,42,123.669654
82.9,198,123.698101
-30.4,300,123.743453
92.7,133,123.763206
-28.3,300,123.806027
99.1,51,123.813876
96.7,93,123.8292
-28.1,300,123.871702
-33.2,300,123.91449
77.6,262,123.952872
93.9,101,123.969305
-30.7,300,124.011833
-29.1,300,124.056684
-29.0,300,124.099348
99.3,36,124.106237
100.6,15,124.108894
94.3,98,124.123678
84.1,216,124.155572
-27.9,300,124.200174
99.9,40,124.206217
-28.8,300,124.249744
91.9,115,124.266272
-27.0,300,124.311545
-26.9,300,124.35552
-28.7,300,124.398182
-31.8,300,124.441504
94.8,112,124.460726
101.0,20,124.463965
102.3,23,124.467841
-27.8,300,124.510709
78.3,225,124.544981
80.6,238,124.580204
90.7,147,124.601607
84.3,215,124.631619
83.2,223,124.678132
86.3,169,124.709004
98.1,56,124.716948
-30.6,300,124.75957
-29.0,300,124.806213
75.9,283,124.846569
90.9,114,124.862784
99.0,24,124.867167
-30.1,300,124.911923
85.5,193,124.939344
-28.2,300,124.983196
-29.6,300,125.025211
-31.9,300,125.069711
99.0,69,125.080166
-28.5,300,125.123101
-34.2,300,125.166004
-28.7,300,125.212042
-28.4,300,125.254649
100.1,61,125.263374
-27.6,300,125.307659
102.1,20,125.312436
-30.1,300,125.355581
-25.9,300,125.399045
-34.3,300,125.441959
-28.7,300,125.486929
-28.2,300,125.531374
94.3,120,125.548693
-31.9,300,125.591304
92.2,109,125.610426
-27.0,300,125.653592
98.7,62,125.662246
84.8,185,125.688511
97.2,98,125.7047
-30.2,300,125.749287
-31.4,300,125.792058
-33.9,300,125.83642
101.1,44,125.845024
-30.5,300,125.890305
-28.4,300,125.933627
-34.8,300,125.97636
77.8,248,126.01422
98.5,58,126.023198
101.4,32,126.028176
94.0,72,126.038928
-29.4,300,126.084162
100.9,36,126.089458
97.8,70,126.099474
-33.4,300,126.144375
-28.5,300,126.189163
87.5,160,126.212228
-29.0,300,126.256135
-27.1,300,126.298199
101.6,10,126.3012
101.1,29,126.306184
-28.8,300,126.349905
-30.1,300,126.391495
102.9,22,126.396651
-31.9,300,126.440698
-30.6,300,126.484538
-29.2,300,126.527062
-25.9,300,126.573629
-28.3,300,126.616907
98.4,79,126.628227
101.6,50,126.635174
-30.1,300,126.680974
-29.1,300,126.724183
85.7,190,126.751656
98.8,82,126.763956
-29.1,300,126.809414
94.8,80,126.821344
98.8,62,126.830976
-28.5,300,126.874721
79.4,217,126.907749
96.7,72,126.917895
-29.2,300,126.960779
-26.9,300,127.005077
97.0,77,127.017938
-32.4,300,127.060783
-27.4,300,127.104827
87.0,160,127.127746
-30.8,300,127.173493
-33.4,300,127.217372
100.8,26,127.22162
93.2,100,127.235801
75.1,284,127.279052
-31.1,300,127.322165
72.1,294,127.364725
-34.2,300,127.409403
86.5,155,127.434472
81.1,221,127.466682
99.4,45,127.473519
90.7,126,127.49244
94.5,82,127.506338
-29.0,300,127.549685
90.5,132,127.568579
82.0,217,127.600062
100.6,45,127.608689
86.1,146,127.630397
88.0,146,127.651189
-26.4,300,127.694431
99.6,53,127.704647
-29.9,300,127.746795
95.7,66,127.75686
87.5,166,127.780353
93.6,117,127.799418
100.9,54,127.807998
102.2,14,127.81057
-30.4,300,127.853394
-27.4,300,127.898903
-30.0,300,127.942849
-30.1,300,127.985962
101.2,19,127.988604
96.1,96,128.004492
-31.2,300,128.049097
97.5,42,128.055529
95.5,71,128.065896
97.2,36,128.073211
101.8,8,128.074673
-30.9,300,128.118615
80.3,216,128.150132
-29.6,300,128.193719
-31.4,300,128.237597
101.4,17,128.240324
93.7,95,128.254306
77.9,268,128.293898
98.5,34,128.298843
-28.0,300,128.343257
96.2,52,128.350798
-29.6,300,128.396386
93.9,77,128.407666
96.7,85,128.420293
95.7,76,128.432659
83.5,183,128.460259
98.1,35,128.465786
-28.3,300,128.508741
-32.6,300,128.552486
94.9,65,128.563705
-26.8,300,128.606917
99.7,18,128.609893
81.1,230,128.643145
102.3,38,128.65056
-27.6,300,128.694337
69.9,295,128.736951
-31.6,300,128.781287
92.3,120,128.80078
-29.6,300,128.844092
101.3,8,128.845547
-30.7,300,128.889553
87.5,170,128.916294
101.3,41,128.92239
88.2,154,128.94535
99.7,24,128.949041
-26.1,300,128.994348
-29.3,300,129.037174
101.5,16,129.039784
-28.8,300,129.083351
97.7,61,129.094312
88.6,137,129.114402
-29.8,300,129.157565
79.6,222,129.190952
100.0,41,129.198302
75.2,256,129.236074
-28.0,300,129.279537
-29.0,300,129.32259
-27.0,300,129.36756
-28.6,300,129.412451
-34.3,300,129.455893
-28.1,300,129.499578
-31.5,300,129.544528
88.6,130,129.563031
-29.6,300,129.606131
102.1,35,129.611396
-27.0,300,129.656407
101.6,24,129.660114
-26.9,300,129.703929
-28.7,300,129.746714
-28.6,300,129.792109
99.0,53,129.800947
101.6,10,129.802544
93.2,103,129.817761
95.4,93,129.832718
79.1,227,129.865764
99.2,36,129.871112
-33.5,300,129.914986
-29.6,300,129.960402
73.4,276,130.000368
-30.9,300,130.045008
101.1,30,130.049446
-28.5,300,130.094889
-29.5,300,130.139961
-28.1,300,130.183181
99.3,37,130.188979
89.3,147,130.211792
101.0,11,130.213896
-31.9,300,130.258618
79.1,229,130.291412
80.5,229,130.327747
94.6,100,130.342861
99.7,37,130.348266
74.0,260,130.386587
-29.9,300,130.432967
-32.3,300,130.47688
95.8,96,130.490622
-30.0,300,130.533674
-26.1,300,130.579413
91.4,117,130.596597
-32.7,300,130.639712
-30.7,300,130.683835
-29.1,300,130.729345
-28.6,300,130.773726
92.6,133,130.792895
-32.7,300,130.83648
96.8,67,130.848351
97.0,38,130.855212
-35.7,300,130.898378
86.9,145,130.919121
-29.1,300,130.965466
83.7,183,130.992884
80.6,240,131.027347
-30.9,300,131.0716
91.4,143,131.094098
96.7,48,131.101116
78.7,224,131.133608
-27.9,300,131.178087
-28.3,300,131.223758
-30.5,300,131.26646
-29.8,300,131.310685
95.4,85,131.323414
-28.9,300,131.368785
-28.2,300,131.413328
95.9,70,131.423623
101.8,22,131.427303
96.1,91,131.442558
95.3,48,131.44983
-29.9,300,131.493339
-26.7,300,131.536334
77.8,242,131.593739
88.6,112,131.610848
100.7,52,131.618429
101.2,18,131.621232
-30.4,300,131.666414
-28.6,300,131.71117
76.0,249,131.748011
92.7,110,131.763996
89.3,122,131.783527
80.9,243,131.819452
-31.3,300,131.861917
-30.8,300,131.90643
-34.4,300,131.953434
-34.1,300,131.997131
-30.1,300,132.041594
-28.9,300,132.08383
100.6,34,132.090765
91.0,145,132.111734
89.5,142,132.133434
-31.4,300,132.176398
99.5,39,132.183719
75.4,263,132.222223
-27.0,300,132.265237
-27.5,300,132.30763
81.1,232,132.344022
103.3,33,132.349041
102.0,16,132.351664
-29.4,300,132.394304
-29.6,300,132.441373
99.1,20,132.444663
-27.6,300,132.48877
-30.4,300,132.531877
87.7,146,132.556382
101.1,24,132.560162
93.8,106,132.575479
-30.0,300,132.618106
101.0,16,132.622152
96.2,81,132.634897
95.1,106,132.650482
73.5,254,132.687938
100.6,5,132.690401
-29.5,300,132.734016
-28.4,300,132.778173
100.7,19,132.781127
-29.6,300,132.825762
-31.4,300,132.870777
89.6,124,132.889066
100.8,27,132.892878
-29.1,300,132.937342
94.3,94,132.950744
-29.3,300,132.99556
-31.1,300,133.038728
90.5,143,133.062285
-29.8,300,133.106569
-30.7,300,133.149583
-31.5,300,133.194504
100.4,12,133.197925
102.3,38,133.203528
98.8,65,133.213074
-28.0,300,133.255755
-28.9,300,133.302321
-28.7,300,133.345157
-31.0,300,133.389583
84.7,173,133.415322
-28.2,300,133.460169
87.5,154,133.482773
-28.7,300,133.525891
-29.0,300,133.569496
95.0,84,133.583685
98.0,49,133.591392
-31.6,300,133.634942
86.4,147,133.656204
-33.1,300,133.702832
101.2,23,133.706632
-28.9,300,133.750531
100.8,17,133.753231
83.4,169,133.779264
-32.6,300,133.823589
95.0,95,133.837715
84.5,206,133.867698
99.6,32,133.874575
-33.3,300,133.919188
99.3,47,133.925536
77.0,262,133.963485
82.4,184,133.992286
-29.4,300,134.036587
-29.5,300,134.080034
95.7,61,134.088888
-30.3,300,134.135793
-27.4,300,134.17887
86.8,127,134.197332
97.0,42,134.203651
95.8,48,134.212719
-28.3,300,134.25722
84.0,163,134.280299
-27.3,300,134.324013
91.3,126,134.344048
87.2,174,134.369051
100.4,27,134.373189
-29.6,300,134.416809
95.4,98,134.433835
70.4,294,134.477183
97.4,74,134.488295
83.9,162,134.512141
96.0,98,134.529034
-29.3,300,134.572568
89.8,126,134.591447
-27.8,300,134.635331
101.2,14,134.639088
-31.2,300,134.68243
102.0,16,134.685146
88.0,144,134.706312
-32.2,300,134.753395
100.8,8,134.75477
101.2,17,134.757813
-27.2,300,134.800972
84.4,186,134.829499
80.0,213,134.861817
-30.4,300,134.905261
99.2,57,134.913914
-32.4,300,134.960881
-29.6,300,135.004356
-29.6,300,135.048034
-29.2,300,135.092668
-30.2,300,135.138129
93.5,87,135.150648
94.1,91,135.164582
-31.5,300,135.208049
-32.1,300,135.253518
-32.4,300,135.297934
71.1,295,135.340262
-32.0,300,135.38411
102.0,16,135.388499
98.2,36,135.394034
-30.1,300,135.437074
-26.5,300,135.48115
-27.4,300,135.527036
-32.8,300,135.571279
96.6,63,135.581381
102.0,26,135.585217
90.2,134,135.607931
-27.6,300,135.651097
101.2,22,135.65444
78.8,240,135.689889
83.3,179,135.717824
79.9,218,135.749227
91.2,150,135.771055
-30.1,300,135.81571
76.8,254,135.854427
-27.8,300,135.897915
-30.0,300,135.941808
86.1,130,135.960478
-28.3,300,136.006433
-28.8,300,136.049612
-31.0,300,136.092541
92.4,111,136.108486
74.7,283,136.151022
98.4,31,136.155818
96.4,67,136.165823
100.1,28,136.170211
98.1,56,136.180336
101.1,49,136.18766
-28.1,300,136.231477
99.7,37,136.237026
85.7,175,136.264583
-29.6,300,136.307782
-29.9,300,136.351949
92.0,102,136.366886
98.5,52,136.376116
76.6,278,136.415716
-27.0,300,136.460233
100.3,46,136.467325
-30.2,300,136.512637
97.2,86,136.525093
97.7,56,136.533764
101.3,8,136.535326
97.2,86,136.549502
93.1,95,136.563178
-26.5,300,136.606457
89.0,155,136.629174
79.7,215,136.663489
87.8,165,136.687138
102.0,16,136.68974
99.3,26,136.693924
92.8,103,136.710412
82.2,208,136.741694
72.6,280,136.782172
98.6,67,136.791851
99.0,42,136.79982
-34.1,300,136.84447
-28.3,300,136.888156
96.0,81,136.899999
78.8,237,136.936269
-33.8,300,136.980898
-35.8,300,137.025043
-28.0,300,137.068856
-31.9,300,137.114332
98.6,38,137.120224
-28.5,300,137.164183
-32.4,300,137.207917
102.4,22,137.213055
-30.1,300,137.257266
93.2,77,137.269332
97.3,76,137.280845
97.9,60,137.290832
97.0,56,137.29913
-30.5,300,137.342803
96.4,71,137.353548
-29.3,300,137.400174
-28.3,300,137.444738
-28.0,300,137.488266
100.3,28,137.492497
96.6,91,137.50812
71.4,280,137.548943
-33.9,300,137.593441
78.4,233,137.627489
101.3,13,137.630974
-29.7,300,137.674497
-29.9,300,137.718342
-28.4,300,137.761517
81.6,196,137.792233
98.2,34,137.798079
97.9,48,137.80565
100.1,44,137.812142
85.3,190,137.841156
80.1,247,137.877623
101.8,23,137.881443
76.4,268,137.921365
-30.7,300,137.967099
88.8,159,137.990354
98.9,45,137.997022
99.3,27,138.001296
-28.7,300,138.047672
101.3,18,138.050295
98.3,83,138.062358
-28.3,300,138.105823
98.8,50,138.115537
-28.2,300,138.16008
-29.7,300,138.202957
99.9,15,138.205596
98.7,74,138.219228
94.0,85,138.231871
-29.9,300,138.294251
89.9,103,138.309633
99.1,69,138.322134
100.9,17,138.325605
101.7,19,138.328909
-30.7,300,138.372954
-27.0,300,138.418827
-29.9,300,138.463282
-28.5,300,138.507063
101.2,38,138.512308
88.6,152,138.537693
100.5,36,138.543265
-28.9,300,138.58744
100.1,27,138.591685
101.0,6,138.594567
72.6,266,138.633138
76.5,239,138.669225
101.6,30,138.673585
99.9,49,138.682904
-32.4,300,138.726896
95.9,76,138.738342
-34.5,300,138.782143
-32.3,300,138.827336
76.8,243,138.863816
78.2,256,138.900618
94.4,94,138.914385
96.9,78,138.927218
102.2,28,138.931674
102.5,16,138.934234
86.8,161,138.958776
101.6,43,138.966935
-27.2,300,139.011045
88.5,150,139.03271
-31.7,300,139.0771
-31.2,300,139.122335
76.8,268,139.161017
88.8,109,139.178229
73.7,281,139.218449
-29.9,300,139.264179
78.3,239,139.300147
78.9,254,139.336813
-31.9,300,139.38187
102.6,34,139.388579
-29.8,300,139.432082
-33.5,300,139.476127
-27.7,300,139.520261
-29.2,300,139.565476
101.6,25,139.569361
80.9,206,139.600021
-29.6,300,139.64277
75.2,251,139.681388
99.9,35,139.686431
101.2,24,139.690949
-30.1,300,139.734431
100.5,38,139.742005
-31.5,300,139.785326
94.7,76,139.797629
99.3,25,139.801918
-31.7,300,139.847672
97.8,51,139.855346
85.2,161,139.878738
95.1,84,139.891197
-29.2,300,139.937299
-27.2,300,139.980803
71.1,283,140.022757
102.1,15,140.025448
-31.7,300,140.071131
-30.5,300,140.11496
-34.8,300,140.158909
-27.6,300,140.202064
-26.9,300,140.248087
-30.7,300,140.291873
72.0,280,140.333641
101.4,36,140.339372
98.3,40,140.34682
87.4,151,140.368588
81.5,239,140.402947
81.7,220,140.435888
-32.0,300,140.482017
-32.0,300,140.526223
-33.0,300,140.569793
97.0,82,140.5956
99.0,48,140.609603
99.6,23,140.612999
85.7,199,140.643247
82.2,195,140.671249
76.8,225,140.706434
97.8,57,140.714845
96.9,99,140.72935
100.1,25,140.732946
95.9,90,140.749324
98.0,50,140.756661
-30.3,300,140.800239
75.3,264,140.838533
101.1,25,140.844864
-31.5,300,140.888941
69.2,300,140.932614
-31.0,300,140.976932
80.8,235,141.013281
-28.5,300,141.05714
100.9,12,141.059285
70.4,289,141.101615
-26.8,300,141.146907
97.4,43,141.153108
-30.0,300,141.197608
-27.4,300,141.240996
-32.0,300,141.288118
-32.5,300,141.331663
77.3,256,141.369264
-31.2,300,141.413601
-29.7,300,141.45954
-30.6,300,141.504438
-30.4,300,141.547986
78.1,250,141.585156
-29.7,300,141.630053
101.0,31,141.635042
-29.3,300,141.678848
102.3,41,141.68566
94.1,84,141.699735
-30.1,300,141.742394
78.1,250,141.778773
93.9,87,141.792465
94.9,92,141.80756
101.4,12,141.809597
-29.4,300,141.852965
100.2,23,141.856587
98.9,51,141.866287
-33.4,300,141.911372
96.1,46,141.918335
-28.6,300,141.961614
-28.1,300,142.008161
-28.7,300,142.05268
-28.1,300,142.096019
-28.3,300,142.140402
-30.8,300,142.185471
94.0,87,142.197936
100.6,40,142.203987
86.1,185,142.232162
-30.7,300,142.278181
101.2,14,142.280662
-32.3,300,142.324677
-32.7,300,142.368863
102.2,14,142.372526
-28.8,300,142.416908
88.3,163,142.443373
-33.0,300,142.488014
90.3,106,142.506023
97.6,65,142.516076
101.3,22,142.519586
-28.0,300,142.563886
-32.2,300,142.609478
-31.1,300,142.654367
101.8,18,142.657351
-28.7,300,142.701177
101.3,28,142.706948
96.3,64,142.716509
102.0,11,142.718273
99.9,33,142.723895
101.3,23,142.728707
-28.5,300,142.773207
84.4,199,142.802765
102.5,16,142.805334
102.6,44,142.813427
92.1,122,142.831586
98.8,50,142.839772
86.4,168,142.864674
98.4,58,142.87518
100.1,43,142.881157
-29.1,300,142.924833
-28.1,300,142.969339
101.6,20,142.974223
91.8,77,142.986436
100.8,27,142.990465
101.1,10,142.992437
101.5,25,142.997555
78.6,226,143.031371
-28.6,300,143.075579
-32.0,300,143.119854
85.8,180,143.148616
98.1,64,143.159045
91.0,128,143.177515
-29.9,300,143.220728
-26.6,300,143.265997
-30.5,300,143.310002
-30.5,300,143.353036
-31.0,300,143.397879
84.2,181,143.426354
-31.7,300,143.470961
98.7,54,143.479134
-27.8,300,143.52304
-31.4,300,143.568695
100.6,5,143.569976
-31.2,300,143.614277
89.6,159,143.636697
88.7,149,143.661033
100.6,27,143.664927
-31.0,300,143.709356
-27.5,300,143.753492
-33.7,300,143.800209
-27.2,300,143.844447
99.7,51,143.852413
86.4,173,143.87779
-27.4,300,143.924587
102.6,35,143.930265
96.6,50,143.937879
-29.1,300,143.981331
81.9,221,144.016247
95.3,90,144.029855
101.2,43,144.036607
101.6,15,144.039182
100.0,30,144.045464
97.6,77,144.057464
97.2,79,144.068945
100.4,42,144.075529
101.4,12,144.078778
70.0,300,144.12457
-32.3,300,144.16867
99.8,47,144.175915
-27.3,300,144.222745
-32.0,300,144.267368
98.3,51,144.274798
87.2,169,144.299428
84.1,188,144.329717
-33.2,300,144.373652
103.5,21,144.376884
74.4,272,144.41802
101.1,24,144.423478
-27.8,300,144.467038
80.6,210,144.49821
-31.4,300,144.54292
84.2,188,144.572431
95.2,90,144.585715
-30.4,300,144.630056
-33.7,300,144.673763
-29.4,300,144.718924
82.9,233,144.753625
102.4,22,144.75737
98.4,51,144.764601
-30.6,300,144.810724
-29.8,300,144.854843
-31.8,300,144.89878
-32.0,300,144.943681
-31.2,300,144.988904
-32.6,300,145.032254
86.1,176,145.058748
96.8,50,145.066533
96.9,56,145.076513
99.6,24,145.080424
-31.4,300,145.124583
-32.7,300,145.169275
-28.2,300,145.214776
-33.1,300,145.258983
84.9,193,145.286362
90.6,139,145.306898
-28.2,300,145.352642
96.2,76,145.364706
-30.1,300,145.408397
102.1,15,145.411048
98.0,69,145.423131
101.2,24,145.427025
-32.9,300,145.471922
-29.5,300,145.515841
-33.9,300,145.561165
-40.7,300,145.605901
99.1,36,145.611585
-32.0,300,145.655308
96.4,89,145.66997
99.4,41,145.676938
101.6,29,145.681684
95.1,97,145.695853
-30.7,300,145.741424
100.1,34,145.746509
-35.5,300,145.790968
99.7,46,145.798026
-32.1,300,145.843013
97.3,58,145.851803
95.3,52,145.859896
-29.7,300,145.904454
98.3,36,145.911951
-30.6,300,145.956052
89.9,115,145.972976
75.1,272,146.014359
78.6,196,146.045375
86.8,177,146.071197
101.9,12,146.073358
-30.2,300,146.11751
101.4,7,146.120563
-32.1,300,146.164677
84.4,207,146.194926
101.3,45,146.20241
92.3,84,146.216808
85.3,207,146.247402
96.6,87,146.260453
99.5,19,146.263341
-30.6,300,146.309205
-27.6,300,146.353683
101.6,15,146.356056
81.8,176,146.382062
98.0,51,146.391857
95.6,69,146.401972
-32.1,300,146.447252
81.5,216,146.479007
96.3,79,146.492672
87.8,155,146.515546
100.9,7,146.516573
88.6,139,146.538517
96.5,68,146.550173
97.4,28,146.554733
-30.1,300,146.599216
-31.9,300,146.645983
-30.9,300,146.701741
101.1,10,146.703826
100.8,28,146.708403
-28.9,300,146.764175
-30.4,300,146.81672
101.2,28,146.821616
-32.3,300,146.871311
86.6,143,146.893511
-29.5,300,146.947718
102.6,25,146.952527
101.6,29,146.957317
100.4,21,146.96072
-29.7,300,147.008043
-32.9,300,147.060729
89.9,142,147.082248
-28.6,300,147.131952
101.8,13,147.135756
101.6,10,147.137435
-34.8,300,147.185166
-33.0,300,147.235382
99.7,70,147.250053
-34.5,300,147.317728
-32.1,300,147.369381
100.2,44,147.376123
101.4,27,147.382241
100.0,47,147.389519
100.5,50,147.39732
98.5,34,147.402538
-29.0,300,147.450432
90.4,146,147.474051
-32.3,300,147.518189
79.4,253,147.554705
82.2,180,147.583847
98.7,31,147.588879
-27.7,300,147.632339
-38.7,300,147.677612
-30.4,300,147.724137
-31.6,300,147.768485
98.3,49,147.775915
101.7,19,147.779089
82.6,162,147.804669
94.2,94,147.818745
86.1,135,147.839136
-30.2,300,147.88344
86.1,186,147.912264
-30.2,300,147.957403
100.8,37,147.962879
-32.9,300,148.007761
99.6,46,148.016892
90.6,105,148.033089
98.8,43,148.040023
85.4,176,148.066
101.6,30,148.071829
92.8,96,148.087219
102.3,23,148.090901
103.6,25,148.094822
-28.4,300,148.140166
101.5,26,148.144206
-27.2,300,148.188736
80.6,238,148.223324
100.7,19,148.228181
-30.5,300,148.272557
-30.6,300,148.317291
-33.1,300,148.361085
-30.6,300,148.407151
-32.4,300,148.451231
-31.8,300,148.495972
93.6,114,148.51451
80.5,215,148.547841
-28.6,300,148.591267
70.3,295,148.635703
-31.1,300,148.681925
99.3,36,148.688985
-29.8,300,148.745565
-30.0,300,148.791861
95.5,75,148.803235
99.8,36,148.810932
87.5,152,148.833938
100.8,61,148.843026
100.3,36,148.848231
-33.8,300,148.894247
100.0,19,148.897617
-29.1,300,148.942867
-29.7,300,148.986902
-30.0,300,149.033727
79.6,213,149.06595
101.9,7,149.067367
101.3,18,149.070012
-30.3,300,149.117025
-29.6,300,149.163219
90.9,140,149.185973
77.6,251,149.223607
100.6,5,149.226399
-32.1,300,149.271449
88.9,155,149.293998
-32.0,300,149.338377
95.5,103,149.355459
-29.5,300,149.400376
-32.7,300,149.44618
-31.6,300,149.490652
-34.3,300,149.538601
-29.6,300,149.583972
102.0,21,149.587468
101.0,16,149.590145
-28.3,300,149.636277
-28.0,300,149.680865
-27.9,300,149.724749
97.3,62,149.734193
101.8,23,149.739277
-28.9,300,149.785161
91.9,94,149.799378
101.3,13,149.801499
84.2,180,149.829734
99.4,31,149.83455
-29.7,300,149.879771
101.3,13,149.882012
103.4,12,149.885939
-29.6,300,149.930649
-36.9,300,149.97541
101.8,23,149.979344
102.8,33,149.986147
100.8,3,149.987154
102.3,18,149.989915
-27.8,300,150.033181
101.1,5,150.035863
-29.2,300,150.081394
101.0,39,150.087024
-30.5,300,150.131061
101.8,51,150.140582
-31.5,300,150.185693
87.3,172,150.211295
-30.3,300,150.255397
-31.4,300,150.302887
88.5,127,150.321749
91.2,142,150.34208
101.2,19,150.345146
100.9,27,150.350919
90.5,108,150.367086
99.9,45,150.374488
-31.5,300,150.419123
-32.7,300,150.465525
92.4,83,150.479007
96.7,82,150.491225
102.6,25,150.495499
-30.9,300,150.542176
101.0,11,150.543833
85.3,186,150.57185
86.1,163,150.596619
-32.6,300,150.643071
98.9,45,150.64991
98.6,51,150.657787
84.7,183,150.68578
-29.5,300,150.731267
-31.8,300,150.774914
103.1,25,150.779266
86.7,142,150.80119
101.8,23,150.806517
-32.4,300,150.850502
-30.3,300,150.894463
100.4,17,150.897734
97.4,40,150.905526
99.2,54,150.914081
-30.6,300,150.958319
98.8,55,150.966222
-34.4,300,151.013045
-29.7,300,151.057252
101.4,27,151.061618
102.2,24,151.065503
-35.7,300,151.113056
-31.5,300,151.157631
-32.5,300,151.201362
73.0,250,151.239195
100.9,27,151.2447
91.4,118,151.263002
101.8,13,151.265125
-30.5,300,151.309698
-33.5,300,151.356802
97.6,34,151.362375
80.8,217,151.393414
86.7,184,151.420657
-30.4,300,151.468622
-32.5,300,151.515273
97.5,38,151.520837
96.3,87,151.534887
99.3,32,151.541206
82.1,223,151.575273
76.2,271,151.615452
99.7,45,151.622109
-28.5,300,151.669041
91.9,127,151.688017
-33.1,300,151.731711
-31.1,300,151.777156
-29.3,300,151.822868
80.6,195,151.852724
96.4,53,151.860811
-31.9,300,151.904235
72.1,277,151.946926
103.7,29,151.951836
101.0,40,151.957945
102.6,35,151.963386
-33.1,300,152.009778
-27.9,300,152.055711
78.6,245,152.09159
102.8,38,152.097405
85.8,166,152.123778
-26.9,300,152.168298
101.1,25,152.172016
98.0,44,152.178414
82.3,195,152.209658
98.6,52,152.217634
89.0,146,152.239494
95.6,83,152.251468
-34.9,300,152.298384
-34.0,300,152.343431
-31.8,300,152.388507
102.3,13,152.391043
91.0,139,152.412762
95.3,109,152.429482
95.2,76,152.440955
-31.4,300,152.48703
-30.2,300,152.532709
-31.2,300,152.577469
97.3,47,152.584712
90.3,128,152.603675
101.3,27,152.609486
98.8,49,152.616707
-29.1,300,152.661219
-35.1,300,152.707025
95.6,89,152.722874
100.2,12,152.72495
-29.8,300,152.769302
-27.3,300,152.813865
99.0,49,152.82268
-30.0,300,152.867338
101.7,24,152.871119
-29.0,300,152.915713
72.3,293,152.960773
-31.2,300,153.006187
97.4,48,153.013427
-30.1,300,153.058451
-33.2,300,153.105296
-27.9,300,153.149805
-27.9,300,153.193243
89.8,158,153.218291
101.9,45,153.226551
85.4,196,153.255188
70.9,262,153.29352
95.4,50,153.301351
-28.3,300,153.348345
-27.4,300,153.3921
88.0,108,153.408142
97.8,59,153.417994
103.8,18,153.42239
95.6,69,153.432787
85.9,185,153.460408
-29.5,300,153.504523
-31.6,300,153.551864
99.1,24,153.555721
98.6,54,153.563626
99.7,61,153.572358
98.3,61,153.584142
-37.1,300,153.629835
86.9,142,153.651217
101.3,26,153.6556
-28.8,300,153.701105
98.3,42,153.707414
100.1,10,153.709315
-29.1,300,153.754652
-35.8,300,153.800536
101.4,17,153.803377
97.0,67,153.813305
80.4,201,153.843611
92.9,118,153.87932
89.0,156,153.903648
99.9,21,153.907144
-28.1,300,153.9523
-32.0,300,153.998667
100.8,8,154.00015
82.9,203,154.029724
99.7,43,154.036289
97.6,33,154.043909
-27.8,300,154.086983
-28.8,300,154.131433
-31.6,300,154.17564
75.6,275,154.218315
-29.9,300,154.263632
72.6,268,154.30263
-27.7,300,154.346154
85.4,149,154.37154
102.2,14,154.374058
90.3,128,154.393249
-28.5,300,154.436974
99.4,41,154.44472
104.0,21,154.448009
90.0,149,154.471291
102.5,21,154.474431
-34.9,300,154.521226
-32.0,300,154.564781
96.3,63,154.575233
100.6,9,154.576803
98.8,55,154.587054
90.8,109,154.6032
97.3,61,154.612393
89.3,128,154.631644
-30.9,300,154.67866
86.3,169,154.704374
-30.2,300,154.748
-30.8,300,154.793032
-31.6,300,154.839699
-35.1,300,154.885056
-30.4,300,154.929163
97.6,55,154.937778
99.4,25,154.94323
93.9,95,154.958123
100.2,49,154.965581
78.7,245,155.003276
-35.4,300,155.049716
78.8,235,155.083627
102.9,27,155.087988
-32.4,300,155.133217
-29.1,300,155.179782
-29.4,300,155.224769
97.5,62,155.234261
-32.2,300,155.278463
-26.7,300,155.32579
-34.4,300,155.370114
-36.0,300,155.414957
94.8,88,155.428347
85.0,186,155.457769
77.9,243,155.493794
96.9,67,155.503971
100.4,16,155.506535
-32.4,300,155.553583
-35.6,300,155.598087
-29.6,300,155.643546
-31.6,300,155.687857
99.2,61,155.698924
-30.6,300,155.743709
-32.8,300,155.787109
101.5,21,155.79039
-32.1,300,155.837629
-28.6,300,155.882841
98.6,42,155.889568
-33.0,300,155.932847
99.4,61,155.944373
-26.0,300,155.988888
-32.0,300,156.033604
-31.4,300,156.078312
80.4,197,156.109657
73.3,257,156.148409
-29.3,300,156.192933
-30.4,300,156.237072
-32.9,300,156.283821
92.1,89,156.297355
-34.1,300,156.341472
97.4,51,156.348879
-34.4,300,156.395793
80.3,239,156.431073
74.3,265,156.47113
100.9,30,156.475986
99.3,47,156.485317
99.3,27,156.489387
-30.0,300,156.533703
100.9,30,156.538726
102.7,37,156.545788
102.5,26,156.550045
101.0,15,156.552559
101.7,18,156.555556
100.3,37,156.562613
-30.1,300,156.608022
73.9,265,156.6466
-32.6,300,156.691803
-29.1,300,156.737145
86.0,168,156.761685
100.5,11,156.763612
81.1,249,156.801135
-36.3,300,156.847475
100.0,39,156.853735
-33.9,300,156.899317
-30.5,300,156.944205
99.4,22,156.949773
83.3,167,156.975165
-31.6,300,157.020272
83.0,232,157.053366
100.8,17,157.057982
-30.8,300,157.102693
102.1,15,157.105046
101.6,10,157.10697
80.5,224,157.14194
-31.6,300,157.186417
73.0,265,157.226639
96.8,75,157.237601
91.1,105,157.255391
98.5,26,157.259639
-32.6,300,157.304554
-33.3,300,157.348921
95.0,97,157.364919
90.4,148,157.386894
97.1,39,157.393291
-29.2,300,157.440031
76.4,260,157.480895
-30.7,300,157.526115
102.2,14,157.528276
-30.0,300,157.572258
102.8,33,157.578806
97.2,66,157.589246
97.0,79,157.601332
96.4,58,157.610062
-30.8,300,157.656854
101.6,52,157.664762
-33.2,300,157.709595
88.2,132,157.730411
101.1,14,157.734556
104.0,16,157.73745
-28.9,300,157.78123
-34.8,300,157.825551
96.4,70,157.838172
96.2,41,157.844123
-32.2,300,157.888756
-30.4,300,157.932894
83.1,202,157.965308
-34.4,300,158.010636
90.0,133,158.030086
-30.3,300,158.075538
96.1,69,158.08742
99.9,30,158.092415
-32.7,300,158.137133
-27.8,300,158.182008
92.9,131,158.203531
99.8,17,158.206262
96.2,65,158.216066
-31.3,300,158.262132
85.0,187,158.291817
-31.6,300,158.336529
-28.9,300,158.381797
-30.5,300,158.426285
83.4,151,158.451105
-28.4,300,158.496167
93.0,112,158.512567
99.6,28,158.516875
-29.3,300,158.564307
71.0,289,158.607222
97.0,72,158.618259
100.1,23,158.622079
-31.2,300,158.669272
-31.6,300,158.713046
100.7,18,158.715713
-31.3,300,158.759448
-32.6,300,158.807282
-29.6,300,158.850856
104.2,19,158.854197
77.3,256,158.892926
-34.9,300,158.939392
-30.5,300,158.984141
97.6,57,158.993092
89.6,127,159.012207
90.8,126,159.032921
81.7,204,159.06322
-32.3,300,159.109078
98.2,59,159.118144
96.5,97,159.134624
88.0,133,159.154394
101.4,17,159.157042
-31.6,300,159.202604
93.8,87,159.217112
-33.3,300,159.261882
85.6,152,159.284494
97.4,51,159.291898
-33.2,300,159.339378
100.9,36,159.34501
-33.1,300,159.388733
-32.3,300,159.434629
98.1,60,159.445558
100.0,36,159.45138
81.3,211,159.482948
-32.2,300,159.527843
72.3,286,159.57249
-29.1,300,159.617215
-31.5,300,159.661603
80.7,223,159.694225
92.5,74,159.70747
102.7,9,159.709156
93.1,105,159.725343
-31.5,300,159.76979
-37.0,300,159.815975
96.2,75,159.828492
94.4,86,159.841839
101.8,8,159.843347
77.8,220,159.878057
-31.6,300,159.923197
88.0,142,159.944439
92.5,106,159.960617
96.0,49,159.969481
82.7,198,159.998915
89.3,128,160.017676
70.4,283,160.061313
100.0,57,160.071749
-34.5,300,160.116962
100.3,17,160.120078
-30.2,300,160.165272
95.8,64,160.177142
-30.3,300,160.221674
89.4,153,160.245881
97.1,67,160.256501
-35.7,300,160.303234
96.3,50,160.310861
-33.1,300,160.356591
71.7,283,160.398709
-32.4,300,160.446554
-27.2,300,160.490861
102.1,20,160.494149
93.0,99,160.509053
-32.6,300,160.556699
-33.8,300,160.601262
-32.3,300,160.6457
92.5,116,160.675741
86.5,158,160.707902
-32.8,300,160.753541
102.1,15,160.756891
85.0,182,160.783841
-27.7,300,160.830769
94.9,98,160.845227
98.5,59,160.853988
75.8,262,160.893016
-33.3,300,160.955634
86.4,129,160.975993
84.4,200,161.005549
94.3,82,161.017899
95.1,49,161.027594
-27.0,300,161.072529
101.9,12,161.074647
-30.3,300,161.118879
101.8,31,161.125486
-33.7,300,161.170645
101.6,33,161.176353
-37.2,300,161.221222
83.4,150,161.245784
103.8,18,161.248632
-30.1,300,161.293298
-32.1,300,161.337526
-30.2,300,161.384322
-36.1,300,161.430107
93.9,100,161.445167
94.5,78,161.456697
-29.8,300,161.504422
-29.4,300,161.549316
-30.6,300,161.594186
96.9,74,161.60599
-35.6,300,161.65336
-33.0,300,161.697244
100.5,28,161.702569
81.9,206,161.733424
101.1,49,161.742431
100.4,45,161.749214
99.2,36,161.755063
-31.5,300,161.799465
87.1,137,161.822668
93.9,101,161.838215
-31.6,300,161.882744
89.0,121,161.900677
-31.7,300,161.947506
95.3,104,161.963112
87.2,158,161.986633
99.3,62,161.996223
-36.2,300,162.044005
99.3,32,162.049263
87.8,153,162.072156
-30.3,300,162.116235
-32.0,300,162.164017
-35.4,300,162.209155
-31.3,300,162.253758
100.5,11,162.25578
102.9,17,162.259921
-32.7,300,162.304049
-34.5,300,162.349501
90.2,114,162.366836
76.1,249,162.405467
99.8,53,162.413061
100.4,51,162.420979
-40.3,300,162.468481
-32.2,300,162.515776
-36.6,300,162.561864
102.1,35,162.567639
-31.7,300,162.611393
101.9,7,162.614095
82.2,198,162.643927
102.7,29,162.648392
-34.6,300,162.694028
89.9,152,162.718833
102.0,26,162.723181
84.9,196,162.752821
101.4,31,162.757244
-32.8,300,162.804209
100.3,59,162.813198
99.0,66,162.82343
-28.2,300,162.868955
-34.1,300,162.916057
-30.5,300,162.960734
-29.3,300,163.006454
-30.9,300,163.050356
-32.4,300,163.098352
86.7,158,163.121579
95.4,93,163.135578
-29.1,300,163.1814
91.9,117,163.201042
-31.5,300,163.2456
-27.8,300,163.291146
92.3,109,163.307347
-31.9,300,163.354098
-32.6,300,163.399853
-26.2,300,163.444201
81.4,194,163.472861
91.2,116,163.492646
-28.0,300,163.537335
101.8,18,163.540341
99.8,26,163.544196
-31.8,300,163.590483
98.1,53,163.599588
96.6,72,163.610123
-29.5,300,163.6545
-34.4,300,163.702246
81.1,208,163.733035
-30.2,300,163.7772
102.1,34,163.782112
70.8,287,163.827748
-30.9,300,163.872363
-33.7,300,163.917637
-34.5,300,163.962029
80.5,229,163.9981
82.4,186,164.026902
-28.9,300,164.072321
99.3,59,164.080889
93.1,103,164.098351
-30.9,300,164.144267
81.2,212,164.175414
89.3,159,164.198725
96.0,68,164.21085
-34.1,300,164.25631
78.2,250,164.293083
-28.3,300,164.338378
94.0,65,164.350837
-32.1,300,164.3959
96.7,62,164.405188
104.1,30,164.410216
-28.4,300,164.457851
-32.7,300,164.502592
-31.5,300,164.547197
97.2,65,164.557079
80.3,233,164.593448
100.8,32,164.598629
-33.2,300,164.642682
89.7,129,164.662653
77.7,254,164.702174
97.7,46,164.709165
-32.2,300,164.754488
-32.7,300,164.800677
94.9,95,164.816493
93.1,114,164.833883
98.8,60,164.843076
78.9,232,164.877561
92.8,114,164.896778
94.6,79,164.909275
100.7,34,164.914539
88.9,149,164.93659
86.3,157,164.962559
-29.8,300,165.008412
-29.1,300,165.052692
-39.4,300,165.099458
-30.6,300,165.146825
-31.2,300,165.192509
100.1,29,165.197205
98.3,26,165.201556
93.0,93,165.217224
72.9,295,165.26202
70.1,286,165.305645
89.0,133,165.325612
82.7,183,165.354648
-31.1,300,165.400117
-32.6,300,165.445103
75.7,275,165.485809
81.5,175,165.515055
87.1,154,165.53788
101.2,14,165.540393
91.5,108,165.556743
-31.8,300,165.603564
-29.8,300,165.64827
-35.3,300,165.693003
102.7,19,165.695727
-33.1,300,165.743344
-30.8,300,165.788317
83.1,188,165.817314
101.9,22,165.820987
91.8,94,165.836428
70.9,281,165.878789
-30.0,300,165.924162
95.7,82,165.936473
92.6,110,165.955351
-34.7,300,165.999881
-33.6,300,166.045843
89.9,119,166.063792
-30.8,300,166.110317
-29.7,300,166.156238
-31.4,300,166.200515
99.0,55,166.208474
91.3,126,166.229907
90.5,115,166.247297
-29.8,300,166.291569
100.5,27,166.296042
-33.8,300,166.343594
-33.2,300,166.38862
82.3,200,166.41837
98.1,68,166.42818
94.5,95,166.445322
94.3,117,166.463056
-33.1,300,166.508119
-30.8,300,166.553973
-34.9,300,166.601699
92.9,104,166.617844
-30.3,300,166.663133
-34.2,300,166.708299
97.5,83,166.723198
82.6,196,166.752545
102.4,22,166.755837
-29.7,300,166.801929
68.5,297,166.848532
82.6,212,166.881377
77.1,221,166.914468
-28.9,300,166.959296
-36.3,300,167.007027
70.6,299,167.051219
-27.9,300,167.096096
-32.0,300,167.140877
78.5,252,167.181449
-32.2,300,167.226517
94.5,85,167.239136
97.6,52,167.247088
-35.2,300,167.295905
-34.9,300,167.341067
-30.6,300,167.38602
92.3,105,167.402603
-31.9,300,167.451185
90.3,136,167.471933
101.5,11,167.475567
-28.8,300,167.524186
-33.6,300,167.570086
93.8,116,167.587725
-33.3,300,167.633386
79.4,261,167.672164
-36.8,300,167.720514
-33.1,300,167.764921
-36.2,300,167.811348
101.9,17,167.814104
96.9,76,167.827335
-33.5,300,167.89254
-29.2,300,167.938378
-31.2,300,167.983086
-31.2,300,168.030887
72.6,253,168.068938
84.3,195,168.097361
101.9,12,168.099494
78.7,252,168.140307
-31.2,300,168.184883
-32.8,300,168.230096
-27.6,300,168.274395
-35.2,300,168.321176
-35.9,300,168.367227
101.0,6,168.368681
93.7,108,168.385186
-31.4,300,168.432385
-31.3,300,168.478576
93.7,93,168.492453
102.6,34,168.497831
-32.2,300,168.544742
98.1,61,168.554159
81.2,187,168.582083
-30.5,300,168.625442
96.0,77,168.638783
91.3,103,168.655796
-35.8,300,168.70074
-38.5,300,168.745327
-32.6,300,168.793499
-29.6,300,168.8381
82.6,176,168.865787
96.4,74,168.876911
96.4,48,168.886147
-31.0,300,168.930643
-34.3,300,168.976288
-31.8,300,169.021547
-30.6,300,169.068536
-30.4,300,169.113781
92.0,99,169.128937
104.3,18,169.131796
101.5,36,169.138711
93.5,115,169.156125
102.3,18,169.159342
81.9,226,169.194106
-32.0,300,169.240057
68.7,292,169.284288
98.0,58,169.293604
80.2,236,169.328005
103.9,22,169.333304
75.9,257,169.371944
-42.6,300,169.418235
-32.7,300,169.46286
-32.4,300,169.510055
100.6,5,169.511388
-34.5,300,169.556805
-30.5,300,169.601799
95.3,66,169.614027
-32.7,300,169.65966
-29.8,300,169.704572
79.5,231,169.738997
96.3,54,169.748977
-32.8,300,169.794164
98.5,55,169.802813
86.7,166,169.828983
-26.8,300,169.875562
83.2,145,169.896983
-32.7,300,169.943037
100.2,28,169.947418
-32.5,300,169.994406
-33.8,300,170.040348
-31.0,300,170.084538
78.5,225,170.117478
-34.0,300,170.164612
93.3,140,170.185689
99.7,32,170.190449
-40.9,300,170.235163
-33.9,300,170.282112
-30.4,300,170.327261
-36.5,300,170.373453
-30.5,300,170.418516
-26.8,300,170.465796
-30.3,300,170.510108
100.8,37,170.51573
92.3,64,170.5257
98.1,47,170.534886
80.5,194,170.5648
102.4,12,170.567293
87.5,152,170.59011
78.3,247,170.629335
-31.5,300,170.675433
-32.0,300,170.720074
-38.8,300,170.766003
-28.6,300,170.812447
80.8,210,170.843556
-29.2,300,170.889318
-34.5,300,170.934699
90.6,141,170.95841
94.7,98,170.974187
95.6,78,170.986293
84.1,198,171.015665
-31.2,300,171.062184
-34.9,300,171.107774
90.7,127,171.126607
79.9,222,171.15946
99.7,43,171.167791
75.5,266,171.208681
82.7,212,171.240176
-32.5,300,171.285428
-32.1,300,171.331785
90.6,135,171.352232
100.3,23,171.355818
94.8,105,171.371005
97.5,66,171.382785
76.2,233,171.419319
79.2,234,171.453901
92.0,122,171.47215
99.6,50,171.48157
91.3,135,171.503287
-33.7,300,171.548546
103.3,38,171.554192
-29.5,300,171.600941
102.5,21,171.604636
-30.0,300,171.649689
-27.9,300,171.693938
80.3,211,171.727557
101.2,33,171.732947
99.9,19,171.735861
-33.6,300,171.780884
-33.2,300,171.829524
98.3,51,171.837847
-34.3,300,171.883087
94.5,108,171.89897
-30.6,300,171.946649
-30.8,300,171.99186
-28.2,300,172.037683
75.5,255,172.075603
-31.7,300,172.122242
-27.0,300,172.168656
78.1,237,172.203217
86.5,161,172.22832
-28.0,300,172.27482
-31.0,300,172.320071
98.7,49,172.327609
-32.8,300,172.373693
93.4,99,172.390064
80.4,201,172.420413
-27.1,300,172.468088
82.9,212,172.499736
97.1,64,172.511834
-29.3,300,172.557941
77.4,271,172.598661
-32.0,300,172.643424
-39.4,300,172.692057
77.2,213,172.725287
-35.1,300,172.771387
-32.1,300,172.816357
100.2,60,172.827317
101.3,13,172.829451
-32.3,300,172.875916
-31.0,300,172.921162
-32.0,300,172.969267
-30.1,300,173.014471
101.8,13,173.016662
101.7,9,173.018272
-34.5,300,173.066005
97.5,34,173.072402
84.6,148,173.094794
-33.1,300,173.139082
95.9,52,173.148577
96.7,69,173.15941
-28.0,300,173.205935
-34.9,300,173.250088
84.9,171,173.278246
93.5,109,173.295748
94.3,121,173.314318
-28.0,300,173.35886
-30.6,300,173.407168
95.6,71,173.418067
-37.7,300,173.463685
72.3,298,173.509299
101.2,19,173.513688
-32.2,300,173.55925
-30.5,300,173.603918
-27.8,300,173.648592
-35.1,300,173.695843
-29.3,300,173.742075
99.2,33,173.747168
93.9,81,173.759184
87.4,123,173.779352
82.6,171,173.804796
90.7,141,173.827449
-36.9,300,173.872256
100.1,42,173.880262
94.3,72,173.891456
92.7,130,173.911539
98.9,70,173.922997
-32.1,300,173.970109
-35.4,300,174.015337
100.1,16,174.018183
73.5,295,174.063989
-28.7,300,174.111554
95.2,90,174.124478
-29.7,300,174.170681
100.1,25,174.174817
101.8,36,174.181992
102.7,19,174.185162
-34.2,300,174.229623
-32.7,300,174.276046
-30.4,300,174.322977
-34.8,300,174.369326
-26.9,300,174.414759
-31.7,300,174.460782
90.9,95,174.477516
-30.9,300,174.521852
-35.1,300,174.567138
99.4,31,174.57213
97.7,57,174.582867
-32.3,300,174.628078
-31.0,300,174.693268
94.7,69,174.704048
-28.8,300,174.751185
-35.8,300,174.798012
100.2,18,174.801054
72.3,268,174.841687
-30.0,300,174.88917
89.0,138,174.909774
101.2,24,174.913773
-33.7,300,174.958595
98.0,60,174.970584
102.9,27,174.975119
100.4,21,174.978489
-32.7,300,175.024031
69.3,297,175.071121
-38.8,300,175.117387
73.3,266,175.157491
-33.1,300,175.203744
-32.2,300,175.251018
97.7,47,175.258319
-33.6,300,175.303597
-28.3,300,175.348315
-32.1,300,175.395962
103.5,31,175.401076
-30.8,300,175.446431
76.3,242,175.482223
83.0,184,175.51256
-32.1,300,175.557746
-34.3,300,175.604578
71.2,287,175.648254
-31.9,300,175.695281
-37.5,300,175.741519
-32.4,300,175.785821
84.9,153,175.809496
94.0,65,175.821303
-33.0,300,175.866121
-33.3,300,175.910507
-30.1,300,175.956158
103.4,12,175.960122
-31.1,300,176.006094
99.0,55,176.014612
-29.5,300,176.060837
103.7,34,176.067565
-33.3,300,176.112732
-28.4,300,176.158876
77.8,254,176.196064
-30.5,300,176.243923
-38.0,300,176.289328
-34.5,300,176.334909
-30.3,300,176.380875
91.6,108,176.398981
-30.2,300,176.445018
85.0,184,176.472629
-34.2,300,176.517758
94.2,126,176.538968
100.5,48,176.547215
100.5,25,176.551271
-31.4,300,176.595556
-34.1,300,176.643004
-35.9,300,176.689905
78.7,223,176.723142
88.0,115,176.740145
-29.5,300,176.787824
102.0,20,176.791312
97.4,82,176.804418
-35.2,300,176.852334
-29.8,300,176.900563
92.3,90,176.914287
-28.7,300,176.959376
-39.4,300,177.005736
79.6,225,177.041514
-32.3,300,177.086889
100.2,29,177.091522
-34.4,300,177.136872
94.4,70,177.149518
-24.8,300,177.195908
-34.8,300,177.240697
101.4,26,177.245031
97.9,58,177.255583
-32.2,300,177.301835
-30.4,300,177.346553
-29.7,300,177.392344
-32.9,300,177.439423
102.9,17,177.442832
-35.7,300,177.492671
-36.4,300,177.537746
-30.9,300,177.584359
-35.9,300,177.63087
101.7,32,177.635998
87.4,103,177.651463
103.4,17,177.656268
89.5,136,177.677378
-33.0,300,177.723316
73.9,292,177.766853
-32.2,300,177.814199
86.7,149,177.837264
-34.5,300,177.883162
90.0,106,177.899276
-27.5,300,177.946804
102.7,14,177.949406
-28.9,300,177.993619
99.6,44,178.00042
-31.1,300,178.048161
74.9,240,178.083756
-34.5,300,178.129933
74.5,269,178.170116
101.9,17,178.174401
-31.0,300,178.220012
-35.8,300,178.266063
81.5,179,178.292923
-30.5,300,178.341272
96.2,88,178.354802
96.8,65,178.364512
98.7,41,178.370976
-33.5,300,178.417947
92.5,101,178.433848
100.3,38,178.439934
98.8,32,178.445154
88.4,107,178.463871
101.4,40,178.470095
-36.1,300,178.515481
101.0,11,178.517468
100.9,7,178.520257
100.3,17,178.522906
-35.9,300,178.569248
102.5,21,178.572557
77.8,243,178.610735
87.6,151,178.633527
82.8,180,178.66097
-33.6,300,178.705075
97.0,65,178.717002
-33.4,300,178.76322
95.3,64,178.773111
99.4,33,178.778156
-31.6,300,178.825043
101.6,15,178.827736
-30.8,300,178.872963
102.4,17,178.875737
100.4,15,178.880132
95.9,101,178.895772
-37.8,300,178.941544
95.5,83,178.95443
93.9,104,178.972974
-37.3,300,179.018461
-37.9,300,179.06469
-33.3,300,179.10997
-36.7,300,179.15723
98.8,70,179.167629
69.9,295,179.212595
87.7,136,179.233199
95.3,98,179.249968
-33.8,300,179.29639
101.0,51,179.303856
98.4,27,179.308112
-32.2,300,179.35537
-32.7,300,179.401338
-34.6,300,179.446805
-28.8,300,179.492254
-35.6,300,179.540414
73.5,286,179.583105
-32.7,300,179.629443
-33.0,300,179.675603
94.8,77,179.689143
-30.2,300,179.735564
86.7,157,179.758647
-33.0,300,179.804164
103.9,22,179.809668
96.4,71,179.820931
98.7,87,179.834489
95.5,82,179.847314
100.4,51,179.856674
98.9,74,179.868831
-39.2,300,179.916071
-31.4,300,179.961666
-34.8,300,180.010432
-36.0,300,180.056235
-33.9,300,180.10103
98.1,26,180.104976
72.3,240,180.147074
103.3,22,180.150879
-29.1,300,180.196358
98.3,42,180.202803
-30.8,300,180.250957
-31.4,300,180.295649
102.5,11,180.297729
90.6,136,180.318906
95.4,98,180.336128
101.5,6,180.33713
104.0,26,180.341553
-31.3,300,180.386254
102.9,17,180.390774
96.8,38,180.396958
-30.4,300,180.442744
81.7,189,180.471541
-27.2,300,180.51837
-30.7,300,180.564326
-30.9,300,180.609059
102.8,13,180.611306
-30.4,300,180.658663
-35.6,300,180.705162
102.4,17,180.707992
92.0,124,180.726635
-35.4,300,180.774631
98.4,15,180.777368
-32.7,300,180.822364
97.7,74,180.833782
101.7,37,180.841399
77.5,255,180.880813
101.2,9,180.882763
-30.7,300,180.928348
-35.3,300,180.976674
101.5,6,180.977706
95.0,90,180.9916
100.2,42,180.998151
101.9,21,181.002856
-31.4,300,181.048051
-34.8,300,181.095054
101.0,24,181.098951
89.2,144,181.122544
101.3,23,181.126365
97.5,52,181.134119
-29.5,300,181.18045
102.0,16,181.184747
-36.8,300,181.229794
-31.9,300,181.276362
102.1,10,181.27838
93.1,93,181.29406
101.5,16,181.296819
-30.4,300,181.342143
-33.2,300,181.388723
-31.0,300,181.436156
-35.9,300,181.482896
-31.1,300,181.528558
-32.7,300,181.574258
101.4,17,181.579235
91.5,116,181.598396
-28.2,300,181.643937
101.2,9,181.645357
-34.1,300,181.711402
100.2,19,181.714632
93.9,128,181.733796
97.3,67,181.744372
100.5,16,181.748595
-31.2,300,181.794558
85.5,170,181.82036
-33.8,300,181.865256
-32.6,300,181.913906
-36.7,300,181.959691
-31.0,300,182.005171
-30.3,300,182.050023
-29.5,300,182.097148
-30.8,300,182.143532
-30.8,300,182.188458
100.6,10,182.190436
-29.4,300,182.239321
-31.5,300,182.284444
90.2,104,182.300113
-34.3,300,182.346754
90.3,123,182.36756
-30.3,300,182.413602
100.2,36,182.419303
100.1,56,182.428366
99.7,36,182.435735
86.3,185,182.465298
100.2,40,182.471817
91.1,124,182.490104
-36.8,300,182.539371
99.2,56,182.548142
-36.7,300,182.593731
-33.0,300,182.639725
103.0,11,182.643611
-35.0,300,182.689021
101.1,29,182.693389
-28.5,300,182.739726
101.8,28,182.74573
92.7,101,182.761107
78.7,188,182.790036
101.3,23,182.793748
-29.6,300,182.840761
-25.8,300,182.885978
-31.0,300,182.930789
-32.7,300,182.977805
102.3,13,182.981329
90.8,124,183.000527
-36.2,300,183.047884
93.2,97,183.062786
87.1,162,183.089206
-32.2,300,183.134484
-33.3,300,183.180922
94.7,84,183.193778
72.0,257,183.235338
87.3,148,183.258148
-37.6,300,183.304202
-34.5,300,183.348698
-31.9,300,183.396872
93.8,83,183.409616
100.0,59,183.418839
-29.3,300,183.464874
-37.3,300,183.512515
99.3,72,183.523295
76.6,273,183.563755
91.1,104,183.580042
101.7,14,183.583831
-36.9,300,183.630577
-33.7,300,183.676612
102.2,14,183.679179
98.3,71,183.69166
-30.9,300,183.737597
-34.8,300,183.783512
-35.9,300,183.828736
-33.3,300,183.875796
-33.6,300,183.922112
97.9,34,183.927118
77.4,189,183.955298
91.1,124,183.975855
-36.8,300,184.022844
102.6,10,184.024985
94.8,67,184.035275
-32.2,300,184.08281
-31.4,300,184.129394
100.2,33,184.134388
100.7,28,184.138937
-31.1,300,184.185767
-31.0,300,184.231906
-25.9,300,184.277334
-35.2,300,184.323955
-28.7,300,184.371029
-43.7,300,184.417527
98.2,39,184.423789
-36.8,300,184.46902
102.3,13,184.473015
73.7,248,184.511275
-36.7,300,184.557828
100.2,38,184.563631
-30.9,300,184.610729
84.8,160,184.63611
-30.6,300,184.681136
89.4,129,184.701176
76.0,215,184.736878
99.4,64,184.746856
-30.5,300,184.792668
-32.8,300,184.837719
-33.1,300,184.885193
-35.1,300,184.930468
101.4,23,184.934992
100.0,49,184.942753
-30.4,300,184.989675
-31.6,300,185.034433
-33.3,300,185.08022
-33.9,300,185.124967
-29.7,300,185.173903
95.2,63,185.183425
100.3,27,185.188014
94.8,68,185.198506
97.3,76,185.212054
-34.2,300,185.259108
-33.6,300,185.304656
94.2,69,185.315168
95.7,73,185.328138
100.1,43,185.335038
-29.3,300,185.381771
-30.3,300,185.427289
-32.1,300,185.47552
-36.1,300,185.521752
90.0,140,185.542561
93.2,90,185.55619
-34.9,300,185.605476
90.8,114,185.62307
102.1,10,185.625161
-33.9,300,185.67097
95.0,76,185.684587
91.1,107,185.701055
-32.9,300,185.746306
100.4,19,185.74956
-34.7,300,185.797257
-33.3,300,185.843245
-31.4,300,185.891443
-33.8,300,185.937497
92.3,91,185.953756
100.1,30,185.958434
-34.6,300,186.005247
96.2,65,186.015874
99.9,20,186.020837
-32.1,300,186.06628
-31.5,300,186.113004
101.1,29,186.117633
-45.9,300,186.165825
97.9,67,186.175992
-36.1,300,186.222825
-29.5,300,186.267814
-31.4,300,186.316639
-32.6,300,186.362114
-33.6,300,186.408315
-30.6,300,186.454123
-33.8,300,186.501579
101.7,32,186.506623
-31.7,300,186.553297
74.8,265,186.592857
-34.4,300,186.642507
-31.1,300,186.687779
100.7,4,186.68865
-31.8,300,186.735015
103.1,15,186.739219
-31.0,300,186.785097
95.1,74,186.796341
75.3,254,186.835841
89.9,130,186.85728
95.4,60,186.866535
-39.6,300,186.912502
92.6,86,186.925858
-32.8,300,186.974214
-33.9,300,187.019211
-31.0,300,187.066057
101.3,13,187.068288
-33.4,300,187.11582
-27.9,300,187.162235
-36.1,300,187.207625
-31.1,300,187.253347
86.6,129,187.275522
-35.7,300,187.321319
73.4,231,187.356812
-37.9,300,187.40264
87.6,138,187.425608
103.3,13,187.428277
-30.9,300,187.476823
-38.1,300,187.522703
-29.4,300,187.571946
-37.3,300,187.617385
-38.2,300,187.662572
-34.1,300,187.709603
78.9,249,187.748822
-30.4,300,187.795967
87.4,128,187.815551
-32.9,300,187.860252
-33.5,300,187.907583
97.6,62,187.916852
101.8,36,187.922376
-29.2,300,187.967672
-36.9,300,188.017151
100.8,18,188.020459
-36.3,300,188.065395
102.8,13,188.06761
-30.8,300,188.115446
91.5,133,188.135869
-35.3,300,188.180597
-31.9,300,188.227284
-31.6,300,188.274729
81.9,183,188.30355
-35.1,300,188.349348
98.0,81,188.3615
-32.7,300,188.409913
102.1,15,188.412616
-33.1,300,188.458521
102.8,22,188.462293
99.7,54,188.472321
82.4,212,188.505135
92.8,99,188.520993
95.5,80,188.533524
96.9,66,188.545698
94.8,74,188.575153
97.5,75,188.588339
-30.1,300,188.634792
102.2,29,188.640933
-37.2,300,188.686817
101.4,16,188.689555
101.0,28,188.693943
81.1,170,188.722151
-38.6,300,188.768327
-37.0,300,188.814728
-32.6,300,188.859675
-29.6,300,188.90741
102.2,9,188.909465
-29.3,300,188.955623
79.4,177,188.982318
-30.5,300,189.031659
102.5,21,189.035128
98.0,66,189.045485
-37.4,300,189.091052
-28.7,300,189.139636
-34.2,300,189.184827
102.1,44,189.191558
77.5,223,189.224953
101.2,9,189.228302
-29.8,300,189.274999
-34.4,300,189.320556
88.6,132,189.341562
-31.1,300,189.389042
101.6,10,189.390776
102.6,10,189.392815
81.9,193,189.422067
96.3,56,189.432794
101.5,44,189.440593
97.3,61,189.450436
-35.7,300,189.495828
-33.5,300,189.543464
81.9,226,189.578137
-28.3,300,189.623815
-34.5,300,189.670915
-33.6,300,189.718718
-41.7,300,189.765601
88.0,145,189.787411
-34.6,300,189.832931
91.4,114,189.852122
-31.8,300,189.89962
101.8,13,189.902265
-28.7,300,189.947671
99.2,32,189.953947
-42.4,300,190.001708
99.5,30,190.006464
-29.9,300,190.051294
-29.5,300,190.10013
100.2,24,190.104211
69.7,262,190.144053
-35.9,300,190.190062
99.8,45,190.198602
95.8,78,190.210814
-30.3,300,190.255353
101.9,25,190.25992
-38.7,300,190.308835
99.6,33,190.314143
101.0,21,190.317493
-27.6,300,190.363378
97.3,45,190.372015
-39.6,300,190.418974
-30.1,300,190.464468
88.7,118,190.482493
-35.6,300,190.530886
102.6,15,190.533636
75.8,223,190.567522
97.3,39,190.573667
82.6,184,190.605022
79.3,213,190.637563
94.4,81,190.650496
-28.1,300,190.694793
-30.0,300,190.743458
93.1,93,190.757647
91.7,123,190.776438
-37.7,300,190.823562
99.8,58,190.834341
83.1,191,190.8644
-35.6,300,190.910275
91.0,132,190.931642
-26.7,300,190.979266
72.0,300,191.024743
-36.6,300,191.071371
-32.5,300,191.116531
-36.3,300,191.165367
-35.7,300,191.211233
-30.9,300,191.257992
71.4,267,191.298596
99.1,38,191.306392
95.8,63,191.316396
87.0,112,191.334775
-29.4,300,191.38031
97.6,58,191.391074
-37.5,300,191.436792
-31.7,300,191.483695
80.3,203,191.514205
99.3,35,191.521551
81.7,170,191.548697
90.9,107,191.565755
-34.8,300,191.611481
-33.5,300,191.659859
-30.2,300,191.70564
78.4,202,191.736731
-31.8,300,191.783803
102.6,15,191.787602
-31.9,300,191.832699
102.1,20,191.835938
-33.1,300,191.882913
-35.6,300,191.93039
-33.1,300,191.976903
-32.3,300,192.022767
-31.5,300,192.068288
-32.1,300,192.116511
103.1,38,192.122828
-29.9,300,192.168121
-31.8,300,192.21434
-32.4,300,192.262327
-27.1,300,192.309006
97.8,57,192.318119
93.6,98,192.333138
103.8,18,192.337556
103.0,15,192.34041
-40.6,300,192.38718
-38.6,300,192.433927
-33.0,300,192.483014
-36.0,300,192.53053
-33.2,300,192.576602
96.1,61,192.585986
101.5,11,192.589875
99.5,42,192.596758
-35.6,300,192.644193
-41.6,300,192.69005
95.7,85,192.70635
-34.1,300,192.752796
100.3,12,192.754884
72.8,280,192.796818
101.5,16,192.801196
-28.7,300,192.848475
-35.1,300,192.894171
102.0,21,192.897547
99.6,54,192.907592
79.5,183,192.936977
-39.5,300,192.982891
-31.0,300,193.028571
85.6,164,193.055371
-32.2,300,193.100973
-34.4,300,193.147085
97.7,62,193.157271
95.1,109,193.176243
96.2,71,193.187564
93.7,104,193.203569
101.8,8,193.20502
103.3,22,193.209653
-27.8,300,193.256963
102.8,13,193.25912
-37.9,300,193.305029
93.3,97,193.322641
-37.9,300,193.368954
78.4,214,193.401777
-38.1,300,193.447942
-32.4,300,193.495667
-36.9,300,193.541903
-32.2,300,193.587982
-32.2,300,193.633164
-34.1,300,193.681404
73.0,258,193.721387
-37.6,300,193.767221
100.3,35,193.773011
-34.6,300,193.820904
99.6,45,193.82831
-31.5,300,193.874015
-39.1,300,193.919707
-36.5,300,193.967192
102.0,16,193.969829
-35.1,300,194.017242
98.5,72,194.028363
82.0,179,194.057082
-34.0,300,194.103174
97.2,67,194.113506
95.9,100,194.128515
104.2,19,194.133389
94.6,61,194.142914
99.6,42,194.149626
-33.8,300,194.19616
87.9,133,194.217904
-35.2,300,194.26394
-37.5,300,194.310738
102.0,16,194.313446
86.5,144,194.337605
95.4,85,194.35059
87.6,135,194.371489
-37.5,300,194.418492
-31.0,300,194.465943
90.5,135,194.486532
91.0,96,194.501439
-37.7,300,194.547367
97.3,69,194.559903
99.2,37,194.565437
-32.8,300,194.612659
87.3,146,194.635861
95.0,73,194.648897
94.6,102,194.664566
103.0,26,194.668881
-35.2,300,194.715254
101.9,17,194.719435
-33.3,300,194.764838
-32.6,300,194.810324
99.9,52,194.819159
102.8,42,194.827729
86.2,174,194.853955
-38.7,300,194.900951
-32.2,300,194.94789
100.4,22,194.953221
-35.6,300,194.998948
-33.0,300,195.04585
100.3,12,195.047941
-29.9,300,195.095763
-29.5,300,195.142718
-35.6,300,195.18845
-30.5,300,195.233035
76.3,229,195.270758
-37.6,300,195.316391
98.3,57,195.325193
100.5,26,195.329631
-29.0,300,195.396688
-32.2,300,195.442212
88.2,138,195.464603
102.6,15,195.467451
100.8,17,195.47191
102.5,11,195.473992
-37.6,300,195.520285
99.2,28,195.524925
-37.5,300,195.573927
-35.9,300,195.619989
76.5,218,195.653765
-33.3,300,195.698971
101.3,23,195.704401
102.1,19,195.707727
98.8,61,195.717382
94.7,70,195.728353
88.4,173,195.75649
-38.5,300,195.803104
-30.7,300,195.848767
-35.2,300,195.896378
-28.1,300,195.943765
-34.4,300,195.991397
-33.8,300,196.036516
-35.4,300,196.084053
98.0,48,196.093421
-29.2,300,196.138779
101.2,51,196.147056
102.2,14,196.149293
96.3,88,196.164333
-27.3,300,196.211318
67.4,300,196.25737
-28.4,300,196.303934
100.9,31,196.310827
-36.9,300,196.357244
77.5,244,196.39502
-42.2,300,196.441388
-32.3,300,196.49011
90.3,164,196.515832
101.1,25,196.519709
-36.9,300,196.565747
92.0,92,196.581556
-38.4,300,196.628905
-36.1,300,196.674956
-35.5,300,196.72131
-31.6,300,196.769099
-34.6,300,196.815557
-39.3,300,196.861718
-39.8,300,196.908782
-30.2,300,196.955836
98.3,58,196.964931
-32.8,300,197.010893
101.8,13,197.013704
100.5,33,197.020625
101.3,13,197.022871
77.1,253,197.06204
89.9,133,197.082296
98.9,72,197.094946
-36.2,300,197.142657
-30.3,300,197.188789
-35.3,300,197.235585
88.9,100,197.252644
101.2,14,197.254866
96.4,75,197.266527
97.1,71,197.277633
-34.9,300,197.325326
-40.3,300,197.372962
-40.2,300,197.418751
-28.2,300,197.466863
102.0,16,197.471373
-38.9,300,197.5186
-36.7,300,197.565823
92.4,100,197.581072
97.0,67,197.593496
102.4,17,197.596186
-30.5,300,197.642002
-38.7,300,197.689326
-36.1,300,197.737514
92.6,99,197.753926
-36.0,300,197.800206
94.5,84,197.813117
98.7,38,197.820461
102.0,38,197.826862
-33.8,300,197.874255
96.9,54,197.882586
-30.3,300,197.930669
99.3,40,197.937052
101.3,27,197.941445
93.8,107,197.957777
97.7,71,197.970739
-33.7,300,198.016781
-40.5,300,198.062904
-36.1,300,198.11044
99.5,41,198.119145
95.4,82,198.131763
74.3,255,198.171855
101.6,15,198.174715
78.0,224,198.211094
99.4,42,198.217586
-35.8,300,198.263107
91.8,115,198.281621
-39.0,300,198.330352
-29.6,300,198.376339
93.7,89,198.391142
102.7,14,198.393826
102.4,22,198.399078
101.9,16,198.40201
99.3,60,198.41143
84.4,136,198.433571
-30.3,300,198.481125
55.6,298,198.528649
-31.7,300,198.57406
73.4,272,198.616707
102.1,49,198.626463
101.8,23,198.630294
-34.3,300,198.676394
-39.5,300,198.723659
100.0,20,198.728448
94.4,102,198.744637
-37.3,300,198.790396
-33.3,300,198.836764
91.5,113,198.856019
-33.4,300,198.901538
103.0,27,198.906087
-34.4,300,198.95268
-34.8,300,199.001022
-42.9,300,199.048666
-39.2,300,199.095214
-30.9,300,199.14181
101.2,9,199.144738
100.0,19,199.148232
-34.0,300,199.19402
-25.2,300,199.240421
-35.8,300,199.288617
91.0,131,199.30901
-39.9,300,199.356797
-30.2,300,199.403178
102.0,11,199.406721
-34.1,300,199.453779
77.0,205,199.485151
76.8,214,199.517505
-29.1,300,199.56544
86.9,121,199.584593
-36.5,300,199.629126
101.7,23,199.632545
92.4,103,199.6517
-39.9,300,199.698189
102.6,15,199.700839
100.9,39,199.707136
100.0,20,199.711973
-31.3,300,199.759426
-33.1,300,199.805719
89.7,97,199.820434
96.0,78,199.834832
102.1,34,199.840413
-46.4,300,199.887801
-29.3,300,199.933354
101.1,19,199.938029
96.8,68,199.948987
101.3,48,199.95724
102.5,11,199.958978
76.7,235,199.996803
92.5,86,200.01043
103.0,26,200.014438
-33.6,300,200.060536
99.6,45,200.070007
-39.7,300,200.116193
72.2,225,200.151098
-31.1,300,200.197929
86.2,189,200.228999
93.7,94,200.243201
74.1,288,200.288007
-35.3,300,200.334267
90.6,124,200.355534
99.4,67,200.365934
100.4,20,200.369335
98.6,35,200.375581
102.5,32,200.382009
98.4,59,200.391587
104.2,24,200.395515
101.9,17,200.398445
80.7,225,200.433956
-38.2,300,200.480856
75.9,221,200.514919
-33.0,300,200.560347
84.2,162,200.588323
100.5,15,200.591029
71.0,238,200.627633
-39.6,300,200.67378
-37.6,300,200.723049
-29.4,300,200.769131
-32.4,300,200.815995
-35.0,300,200.86213
102.4,12,200.866137
101.7,9,200.867817
-35.7,300,200.915932
103.1,25,200.920268
-31.4,300,200.967346
101.0,21,200.970675
-36.7,300,201.017436
-37.9,300,201.063165
72.6,270,201.10581
-34.8,300,201.152687
99.1,76,201.164139
102.8,23,201.168066
-29.3,300,201.215561
99.8,41,201.222814
100.7,49,201.23091
97.2,85,201.243969
97.4,81,201.258266
-26.8,300,201.304532
102.5,16,201.307369
-36.5,300,201.354879
-30.6,300,201.402347
102.8,23,201.406174
101.6,32,201.41146
80.5,200,201.443533
-31.7,300,201.491374
-35.5,300,201.538323
-38.7,300,201.584652
85.8,158,201.608396
103.8,22,201.613697
102.5,31,201.619055
98.4,39,201.624955
-31.7,300,201.672054
-31.3,300,201.720238
-31.2,300,201.7673
-33.7,300,201.813232
-37.2,300,201.86016
101.9,12,201.863779
100.7,19,201.867264
102.0,11,201.869417
84.7,183,201.898096
-36.5,300,201.94643
101.2,31,201.951939
97.1,82,201.965155
-28.8,300,202.010859
89.1,121,202.030892
99.4,57,202.039936
-36.3,300,202.087575
95.8,65,202.097852
-35.5,300,202.145595
93.1,104,202.162159
-29.1,300,202.20795
-35.7,300,202.253642
100.8,17,202.258115
100.5,15,202.260779
101.0,24,202.265684
75.3,234,202.302054
-39.5,300,202.349557
-29.8,300,202.396738
101.5,30,202.401846
86.5,145,202.423893
-33.6,300,202.474308
-38.9,300,202.521444
101.9,12,202.523596
-34.1,300,202.570324
-34.4,300,202.61989
-36.5,300,202.665521
99.9,43,202.672387
-42.0,300,202.720603
104.5,16,202.724835
74.1,250,202.763697
-30.7,300,202.813525
-33.1,300,202.862874
-35.4,300,202.912869
-38.9,300,202.960251
-37.3,300,203.007994
-33.2,300,203.054238
100.4,25,203.05973
88.2,122,203.079333
-33.9,300,203.126787
94.5,76,203.138726
-37.6,300,203.187424
-36.4,300,203.25357
93.4,86,203.266934
-32.1,300,203.312316
-37.5,300,203.361207
-36.4,300,203.407006
-38.1,300,203.453888
-36.6,300,203.500449
100.3,27,203.506444
92.5,102,203.52359
-37.8,300,203.569601
98.6,61,203.579173
-34.7,300,203.628743
102.8,18,203.63168
96.1,70,203.64319
-35.1,300,203.689514
-41.0,300,203.738707
81.5,189,203.768441
-27.7,300,203.814346
102.2,14,203.81689
96.1,80,203.831738
-41.9,300,203.879124
83.1,181,203.906588
-28.4,300,203.952495
-35.2,300,204.000141
-35.9,300,204.046179
-31.5,300,204.093794
-27.4,300,204.140085
102.2,14,204.143763
-35.9,300,204.190217
-31.2,300,204.235823
-28.9,300,204.282666
-34.9,300,204.330767
101.1,31,204.336084
94.0,74,204.347743
-33.0,300,204.394352
-33.4,300,204.441809
96.8,69,204.452684
-37.0,300,204.499782
-35.9,300,204.545985
-33.2,300,204.59543
91.3,125,204.614585
96.8,64,204.624462
-40.8,300,204.671281
-39.6,300,204.71994
80.6,183,204.748533
-34.7,300,204.795818
-36.9,300,204.842335
-29.3,300,204.890605
-30.9,300,204.9368
-36.5,300,204.983249
-38.2,300,205.030855
104.4,22,205.036296
-38.0,300,205.082991
-34.0,300,205.130357
-32.3,300,205.175974
-39.3,300,205.22532
72.9,255,205.264321
-40.4,300,205.310177
102.0,11,205.312981
101.4,7,205.316187
101.9,12,205.318456
100.8,17,205.321388
-34.1,300,205.36752
80.0,197,205.39963
-30.8,300,205.445631
-35.0,300,205.49164
-31.1,300,205.538174
-28.8,300,205.585987
99.5,25,205.589974
-34.5,300,205.637286
71.1,275,205.680021
-41.9,300,205.729573
98.8,37,205.73553
102.2,30,205.740609
-34.7,300,205.787353
95.3,49,205.796706
-28.3,300,205.843437
79.3,180,205.87147
-36.4,300,205.917728
101.2,45,205.926732
84.7,123,205.9469
100.2,43,205.953984
94.7,75,205.965947
100.2,28,205.971736
101.6,48,205.979351
99.6,18,205.982232
84.1,171,206.009126
101.6,10,206.01202
100.8,8,206.013562
100.5,24,206.017589
-38.6,300,206.065544
-40.9,300,206.114313
86.8,145,206.137384
-33.9,300,206.18437
-29.4,300,206.230175
-27.7,300,206.278378
-44.6,300,206.325351
103.1,15,206.327679
-30.8,300,206.374788
81.2,192,206.40697
86.1,128,206.426823
-40.0,300,206.474456
100.7,26,206.478833
91.9,118,206.498451
-41.7,300,206.545365
-38.4,300,206.59268
100.7,32,206.597726
-38.0,300,206.645868
102.6,25,206.650234
-33.9,300,206.697702
91.8,104,206.713806
80.0,205,206.747783
103.9,27,206.752431
97.8,51,206.760316
102.4,12,206.762545
-36.4,300,206.811472
-37.8,300,206.857051
-34.1,300,206.904973
-38.8,300,206.951724
-29.0,300,207.000466
-35.3,300,207.046265
-40.8,300,207.092746
102.7,19,207.096701
79.3,211,207.13099
102.4,36,207.136528
-39.8,300,207.182745
97.0,75,207.194437
98.7,26,207.200593
-37.9,300,207.247997
-46.1,300,207.295175
99.9,39,207.302321
102.3,13,207.306143
87.9,147,207.329038
101.9,12,207.33119
-39.3,300,207.377092
70.5,283,207.423179
-36.1,300,207.470659
76.3,197,207.50164
89.2,141,207.524462
-34.1,300,207.572901
-36.8,300,207.619227
-38.1,300,207.666463
-28.1,300,207.712648
99.9,39,207.720288
93.2,97,207.736243
83.5,174,207.763432
-31.5,300,207.809113
-31.7,300,207.858832
-36.9,300,207.905077
-38.4,300,207.952258
102.6,19,207.955168
101.7,9,207.958969
-37.2,300,208.005341
-28.7,300,208.052108
-31.4,300,208.098396
92.6,93,208.114335
-35.1,300,208.161994
100.8,43,208.168993
93.0,78,208.180786
-35.8,300,208.230202
-39.0,300,208.278357
87.3,169,208.304314
97.9,80,208.316868
102.3,42,208.325469
94.1,54,208.334112
102.6,29,208.339134
-31.6,300,208.386404
101.7,18,208.390801
99.8,42,208.397876
101.5,16,208.400791
89.4,109,208.41786
98.9,77,208.431364
95.1,111,208.448766
92.4,136,208.471022
100.1,48,208.478692
-39.8,300,208.526659
-35.4,300,208.57365
-25.4,300,208.61919
-32.2,300,208.666006
76.2,253,208.706747
-36.3,300,208.753339
101.7,9,208.754983
94.7,69,208.765874
-38.5,300,208.815474
99.5,46,208.822643
-34.2,300,208.868896
-31.2,300,208.916282
-37.9,300,208.964671
-36.3,300,209.011632
101.0,16,209.014373
84.4,175,209.041226
97.4,74,209.055102
96.7,48,209.062792
73.8,284,209.10726
83.7,153,209.131264
99.7,46,209.140354
92.0,91,209.154985
-30.0,300,209.202014
-30.9,300,209.248177
75.1,226,209.285563
-38.9,300,209.333058
101.2,38,209.339331
101.7,14,209.341611
101.4,32,209.348287
-33.5,300,209.394837
98.6,53,209.404374
-51.3,300,209.451315
92.7,103,209.468416
-34.4,300,209.516252
-32.1,300,209.562959
-35.9,300,209.609109
-42.4,300,209.658204
-34.3,300,209.704313
102.1,25,209.708675
96.0,79,209.721621
-36.9,300,209.770149
98.6,48,209.777732
99.0,57,209.787094
102.2,24,209.791122
104.1,25,209.796901
-33.0,300,209.84446
101.2,19,209.847618
102.0,11,209.84925
101.2,23,209.85462
-36.8,300,209.901698
87.6,96,209.916593
99.2,31,209.921696
-33.6,300,209.970448
89.6,129,209.990449
96.8,71,210.001703
-40.9,300,210.048705
-40.5,300,210.097285
73.6,228,210.132938
100.6,26,210.136939
91.3,113,210.155944
103.8,33,210.162583
-27.9,300,210.208658
-41.4,300,210.256082
-34.8,300,210.302778
-27.4,300,210.350608
-41.7,300,210.397944
-32.6,300,210.4433
96.1,55,210.45214
-37.0,300,210.501343
72.0,281,210.54414
-31.9,300,210.591766
-36.6,300,210.637922
102.3,18,210.642189
-34.2,300,210.690095
-37.5,300,210.7363
92.3,145,210.759085
-34.2,300,210.808464
-29.4,300,210.854891
-40.3,300,210.902429
-32.2,300,210.948575
82.4,167,210.975831
100.0,33,210.981349
101.9,7,210.982436
94.6,64,210.993534
-41.3,300,211.042291
100.0,17,211.0456
-37.1,300,211.092921
-41.7,300,211.140113
75.6,225,211.176465
100.0,48,211.184405
97.9,55,211.193256
102.9,21,211.197349
-35.9,300,211.263724
77.7,192,211.294283
96.9,47,211.3017
98.7,33,211.307636
-35.5,300,211.356561
-41.6,300,211.403478
-34.4,300,211.450829
99.9,34,211.456082
83.0,128,211.478622
96.0,89,211.493033
-33.2,300,211.540171
96.2,43,211.546872
82.0,187,211.577651
101.2,19,211.580841
87.9,129,211.600909
-28.2,300,211.64794
73.8,206,211.682553
-37.4,300,211.729889
-34.6,300,211.776353
101.8,8,211.777886
-35.7,300,211.825918
99.2,26,211.82972
102.0,21,211.833932
93.4,67,211.84485
-30.2,300,211.893113
-42.1,300,211.940342
94.9,86,211.954397
91.6,100,211.970232
-33.1,300,212.018239
90.2,129,212.038218
-34.7,300,212.085148
-28.9,300,212.131094
95.9,73,212.145204
100.8,3,212.146075
101.6,23,212.150116
102.0,34,212.15563
-49.4,300,212.20478
-37.3,300,212.252236
-25.5,300,212.299813
83.4,194,212.329988
-33.3,300,212.379072
-30.6,300,212.425564
-31.4,300,212.47404
-39.8,300,212.520573
101.3,18,212.525356
-38.5,300,212.573556
85.9,133,212.594319
-31.9,300,212.640796
-38.1,300,212.690829
-40.8,300,212.737246
-38.1,300,212.784723
101.8,18,212.787893
-42.9,300,212.837228
-34.4,300,212.884444
-34.1,300,212.930953
-31.6,300,212.976894
70.9,275,213.021638
-40.2,300,213.067792
96.6,75,213.079323
-30.5,300,213.126642
101.8,32,213.133248
-33.1,300,213.180141
101.3,35,213.186145
100.6,28,213.190804
-37.7,300,213.240746
-33.8,300,213.287212
101.4,36,213.29285
102.0,11,213.294855
82.8,152,213.321436
102.4,12,213.323578
-34.5,300,213.369975
-39.4,300,213.416836
100.8,42,213.425352
102.4,17,213.42852
73.0,203,213.460489
-38.8,300,213.507776
-36.2,300,213.555924
-41.6,300,213.602533
102.4,17,213.605734
98.3,76,213.61851
-39.2,300,213.667447
94.5,68,213.678001
-34.8,300,213.725108
103.1,20,213.728548
-37.8,300,213.777561
-35.0,300,213.825235
-39.1,300,213.872156
-27.7,300,213.917926
96.1,80,213.932834
-32.5,300,213.979357
100.7,29,213.983961
-34.3,300,214.030817
102.5,11,214.03467
80.9,167,214.060826
77.4,212,214.093725
99.3,42,214.100465
-40.4,300,214.149764
-30.0,300,214.196147
101.0,30,214.200784
102.8,32,214.205944
102.1,20,214.210713
-32.4,300,214.258162
95.9,65,214.268615
-33.2,300,214.31487
94.7,60,214.32662
89.3,130,214.347362
92.7,85,214.360971
102.4,36,214.366745
83.0,165,214.394416
-29.0,300,214.441367
73.8,237,214.479512
-31.4,300,214.525955
102.2,23,214.531723
-39.6,300,214.579817
102.8,13,214.581941
-45.8,300,214.629647
-37.9,300,214.679285
102.2,26,214.683679
-29.3,300,214.730068
-28.7,300,214.777185
-28.0,300,214.82559
-37.7,300,214.872272
79.8,203,214.905066
-37.0,300,214.951844
-35.0,300,215.001643
100.9,36,215.007272
94.8,75,215.019358
89.9,155,215.042765
-33.0,300,215.091979
91.0,126,215.11221
-34.6,300,215.158367
93.6,94,215.173294
-32.6,300,215.223372
74.5,206,215.254887
101.1,44,215.261838
-35.5,300,215.309505
92.2,90,215.325452
-37.7,300,215.372355
102.8,18,215.375314
-37.2,300,215.422417
101.7,29,215.428703
74.3,188,215.459131
-35.3,300,215.506158
102.7,19,215.50973
78.9,197,215.542863
-31.8,300,215.589399
-33.6,300,215.636725
93.6,107,215.653585
-28.4,300,215.701165
-28.2,300,215.748781
-32.6,300,215.79504
69.3,255,215.836077
86.9,127,215.858264
93.0,123,215.87722
102.3,13,215.879797
100.8,8,215.881219
101.2,14,215.884646
-30.3,300,215.932546
89.7,123,215.951901
-30.9,300,215.998409
-34.1,300,216.048209
-29.0,300,216.094435
100.5,10,216.096181
101.6,10,216.098212
-36.2,300,216.147711
-39.3,300,216.194413
102.0,14,216.196804
-29.7,300,216.243664
100.3,56,216.25441
75.0,279,216.298671
72.6,252,216.337585
101.4,12,216.339806
-36.2,300,216.389626
-39.4,300,216.435865
72.3,223,216.47177
-39.6,300,216.51857
83.4,229,216.556529
100.7,13,216.55876
-36.7,300,216.605253
99.4,66,216.615693
-33.4,300,216.664332
-27.2,300,216.71109
-30.9,300,216.757759
102.0,16,216.760397
-29.3,300,216.809596
-32.8,300,216.855334
98.1,64,216.865547
-27.8,300,216.913359
102.6,10,216.916532
103.7,24,216.920567
-29.5,300,216.966965
68.0,252,217.007534
-31.8,300,217.056201
-27.0,300,217.103404
102.2,9,217.105448
-29.6,300,217.151878
-43.3,300,217.202324
-36.5,300,217.24889
101.3,26,217.252986
-35.9,300,217.301474
-40.4,300,217.350112
-42.5,300,217.397452
89.5,143,217.420461
-39.3,300,217.467906
-29.7,300,217.518309
101.3,17,217.521127
-33.5,300,217.567509
-37.6,300,217.615236
-36.1,300,217.66375
-35.2,300,217.71039
-41.4,300,217.758267
-38.0,300,217.805509
-47.8,300,217.856292
-29.1,300,217.903011
-29.8,300,217.950249
99.8,40,217.956791
100.2,38,217.964586
76.4,261,218.00564
88.0,133,218.026264
96.4,80,218.039651
88.3,150,218.065369
-41.1,300,218.111999
-30.6,300,218.160026
91.8,112,218.177969
101.3,30,218.184506
95.3,81,218.197582
71.7,255,218.23718
-38.1,300,218.285124
-30.4,300,218.33369
99.7,34,218.339499
-37.7,300,218.386406
94.1,81,218.399252
-35.8,300,218.468594
-33.4,300,218.515436
97.2,43,218.522128
-34.4,300,218.569962
94.9,101,218.587733
101.4,16,218.590425
101.6,10,218.592119
-38.4,300,218.638566
99.2,58,218.649578
91.4,130,218.670817
102.6,19,218.674314
-30.5,300,218.721362
-37.9,300,218.77062
-37.5,300,218.817759
-35.9,300,218.864006
79.1,220,218.899496
102.0,20,218.904457
76.6,240,218.942112
-35.0,300,218.989593
103.8,28,218.994358
101.0,20,218.999392
-39.5,300,219.046691
-43.3,300,219.09471
92.1,101,219.110563
-39.1,300,219.158955
102.5,21,219.162669
-36.5,300,219.211028
-41.7,300,219.257774
101.2,9,219.260832
-25.7,300,219.308154
103.9,17,219.311058
-37.5,300,219.358618
-33.9,300,219.407977
-35.7,300,219.454488
-38.2,300,219.50125
-29.1,300,219.548593
100.8,17,219.552765
102.1,10,219.554871
-34.4,300,219.601826
97.3,57,219.611686
73.3,289,219.658966
99.2,56,219.667802
-41.8,300,219.714799
-42.3,300,219.76221
-35.8,300,219.810739
-48.5,300,219.859017
-34.1,300,219.905174
-37.3,300,219.953405
63.8,299,220.001894
79.4,171,220.029922
93.1,87,220.043938
103.2,29,220.048493
-36.8,300,220.097432
79.7,163,220.123336
102.2,9,220.12499
-37.8,300,220.17243
100.2,59,220.183423
-30.8,300,220.229853
-45.1,300,220.278225
-38.3,300,220.324653
100.3,27,220.330726
-37.1,300,220.379545
97.5,84,220.392878
101.5,11,220.395012
98.0,42,220.403809
100.7,46,220.411032
-35.3,300,220.459548
61.0,297,220.506302
-34.0,300,220.555728
-40.5,300,220.602807
-35.6,300,220.649062
80.4,211,220.682694
-42.5,300,220.731642
75.5,246,220.771334
-43.0,300,220.818413
-36.9,300,220.86582
-32.8,300,220.914252
-34.7,300,220.961308
-35.1,300,221.009902
-36.3,300,221.05731
102.6,15,221.061633
-33.0,300,221.110215
74.2,253,221.150413
103.5,36,221.156137
92.9,89,221.171903
84.0,167,221.198912
-33.2,300,221.244978
75.5,246,221.28307
99.6,50,221.293474
-33.0,300,221.340217
-42.1,300,221.38723
-27.6,300,221.434583
-41.4,300,221.483862
-35.7,300,221.531844
87.3,135,221.552807
94.5,94,221.567881
75.9,205,221.60278
100.1,45,221.610206
103.7,19,221.61353
-36.6,300,221.661146
-37.4,300,221.710693
99.4,41,221.717559
84.0,174,221.745462
74.5,199,221.776622
-31.3,300,221.827158
85.5,199,221.858298
98.6,74,221.870178
92.1,103,221.886603
82.7,209,221.922383
96.7,63,221.932686
-30.5,300,221.979505
-38.4,300,222.026897
-46.3,300,222.077676
-34.0,300,222.124792
87.0,114,222.143494
92.5,81,222.156554
-49.9,300,222.20642
102.4,12,222.208672
-33.4,300,222.256782
-29.4,300,222.303312
-33.8,300,222.353154
-33.6,300,222.399224
101.2,19,222.402428
101.1,9,222.404082
78.6,266,222.44887
-37.8,300,222.498256
-44.9,300,222.545361
-41.7,300,222.593915
-37.1,300,222.642777
-28.3,300,222.691132
71.0,276,222.733745
-40.5,300,222.781663
-30.9,300,222.830228
80.3,185,222.859006
-38.3,300,222.906838
102.1,15,222.909491
92.5,82,222.923831
101.4,17,222.926902
101.7,9,222.928511
96.1,53,222.937127
81.8,184,222.968799
102.1,29,222.973558
-32.8,300,223.021176
-42.3,300,223.068084
-34.6,300,223.11812
102.9,16,223.120995
-34.6,300,223.168102
-30.0,300,223.215659
-32.2,300,223.264239
-38.9,300,223.312624
102.2,28,223.317293
-35.9,300,223.363636
100.7,38,223.371938
-40.0,300,223.420202
89.0,112,223.437798
-42.9,300,223.48501
-40.9,300,223.535737
98.6,58,223.544793
103.3,13,223.547322
97.1,62,223.557231
74.6,264,223.601075
-46.6,300,223.648525
102.8,18,223.651806
81.9,153,223.675738
-29.0,300,223.725045
-28.9,300,223.772011
-33.6,300,223.819779
-36.3,300,223.866824
-36.0,300,223.91654
-38.2,300,223.964027
-35.7,300,224.011374
-33.6,300,224.05899
99.4,25,224.06501
-40.9,300,224.11286
-38.5,300,224.160721
101.8,23,224.164432
-30.0,300,224.212661
-36.4,300,224.260332
93.7,73,224.271805
-35.1,300,224.318984
-27.0,300,224.369273
102.8,22,224.373293
-39.5,300,224.420896
-35.3,300,224.46818
103.1,15,224.472103
-35.1,300,224.519061
-36.6,300,224.567125
-45.7,300,224.614125
-36.7,300,224.663932
93.7,106,224.681212
-26.4,300,224.72822
-44.6,300,224.776932
101.2,29,224.783566
85.5,130,224.80512
90.3,77,224.817403
-44.1,300,224.865719
101.5,11,224.86938
-36.3,300,224.916854
-33.5,300,224.964574
-39.0,300,225.011374
-41.4,300,225.059896
-41.3,300,225.108409
-35.6,300,225.154766
102.2,19,225.1577
-29.6,300,225.207618
102.0,11,225.209682
-41.6,300,225.256895
-34.7,300,225.304886
-36.1,300,225.35393
-36.7,300,225.402007
99.1,30,225.407181
87.6,107,225.424035
-37.4,300,225.472531
102.7,9,225.474568
-38.2,300,225.522554
-40.1,300,225.569175
103.1,25,225.574897
102.3,38,225.581123
98.8,28,225.585752
100.3,42,225.593452
-42.5,300,225.662622
93.5,119,225.681796
-30.6,300,225.729786
-33.3,300,225.776311
85.3,188,225.808973
-26.1,300,225.855547
101.7,27,225.859592
-41.5,300,225.906323
-32.8,300,225.954764
-41.7,300,226.001382
101.1,30,226.006577
-37.8,300,226.054703
66.1,300,226.104509
101.7,24,226.108399
-31.8,300,226.156063
96.9,73,226.167423
82.2,151,226.193388
88.3,141,226.215552
82.0,211,226.249589
102.4,17,226.252504
-38.5,300,226.30137
-32.8,300,226.349246
-45.1,300,226.396864
-32.2,300,226.444297
-41.5,300,226.493392
-37.4,300,226.540962
100.0,19,226.544208
-42.8,300,226.591342
-33.8,300,226.640147
95.1,100,226.657035
-42.4,300,226.704047
-34.2,300,226.752032
-32.8,300,226.800487
78.8,212,226.833821
103.8,26,226.83789
103.0,21,226.841733
65.6,293,226.889653
-38.5,300,226.936899
-42.3,300,226.985316
-33.3,300,227.032363
-46.9,300,227.082465
73.4,241,227.120206
69.6,235,227.157103
100.5,21,227.160545
-37.2,300,227.209944
78.7,205,227.241952
-31.9,300,227.289671
-26.5,300,227.336245
-35.9,300,227.386078
-30.7,300,227.432753
92.8,87,227.446756
102.2,19,227.450028
-34.5,300,227.501862
-35.7,300,227.549619
-34.8,300,227.597689
88.1,136,227.619585
101.9,7,227.622617
102.3,8,227.624243
-47.7,300,227.672327
-40.1,300,227.719683
100.8,33,227.726648
-35.8,300,227.773658
-28.2,300,227.822165
-40.6,300,227.869099
97.1,72,227.882575
101.0,44,227.88987
-29.7,300,227.937979
-31.4,300,227.985003
-40.5,300,228.034633
84.1,171,228.062259
-40.7,300,228.109422
-31.6,300,228.157815
98.2,54,228.168479
102.4,12,228.170681
88.0,163,228.196168
-37.9,300,228.244357
-36.5,300,228.293018
94.4,71,228.304636
-29.5,300,228.352648
-31.6,300,228.398907
-34.9,300,228.449056
75.6,255,228.488801
98.1,50,228.496794
-32.0,300,228.543805
-45.5,300,228.592904
74.2,199,228.624319
99.9,24,228.628291
102.7,14,228.630564
97.9,62,228.64292
82.6,170,228.67022
-39.0,300,228.717611
84.9,125,228.737114
103.1,25,228.743465
-31.3,300,228.791427
101.9,12,228.793488
-39.5,300,228.84126
-42.1,300,228.891326
-54.6,300,228.93942
100.9,7,228.940546
-36.0,300,228.988746
74.0,205,229.023769
-33.5,300,229.072037
-31.1,300,229.118126
99.5,24,229.122156
92.6,107,229.140803
-34.1,300,229.189838
98.9,27,229.194583
104.2,29,229.199209
-43.0,300,229.24846
102.1,10,229.25049
-27.7,300,229.298632
-32.8,300,229.34593
97.3,39,229.354341
-34.4,300,229.403029
85.4,148,229.426572
-45.5,300,229.473243
86.2,143,229.498423
-46.3,300,229.54613
84.7,144,229.568879
91.6,117,229.588133
-40.4,300,229.637334
-33.1,300,229.684463
85.1,119,229.704263
-32.1,300,229.751781
-38.6,300,229.800996
92.2,111,229.819018
97.7,62,229.828927
100.9,18,229.831823
-36.6,300,229.880442
-34.0,300,229.92881
91.0,122,229.948528
-40.0,300,229.995829
-27.3,300,230.04628
92.7,122,230.065438
69.8,199,230.097562
-35.4,300,230.146242
-38.6,300,230.195605
-42.0,300,230.244096
-34.0,300,230.290749
-33.9,300,230.33896
-33.0,300,230.388386
101.9,12,230.390493
101.4,17,230.393234
101.8,17,230.395976
-31.0,300,230.445995
103.4,37,230.45245
95.1,83,230.465245
-30.7,300,230.512254
-41.4,300,230.56294
-33.2,300,230.609823
-40.0,300,230.657696
103.2,19,230.661214
76.6,243,230.701227
101.4,12,230.703366
-29.3,300,230.751125
-30.3,300,230.798612
-37.0,300,230.848264
-38.5,300,230.895325
101.4,12,230.897432
-33.6,300,230.944648
-41.4,300,230.994867
-52.5,300,231.04295
-42.1,300,231.09153
-34.5,300,231.138855
74.2,211,231.175599
-42.1,300,231.222987
88.9,121,231.24177
-41.7,300,231.290108
71.9,237,231.329028
-26.0,300,231.377159
-44.2,300,231.42494
-31.9,300,231.472016
-30.0,300,231.521704
90.1,108,231.538767
-27.0,300,231.586131
77.9,230,231.622745
97.5,59,231.633632
83.0,147,231.657084
-31.9,300,231.705142
-39.7,300,231.752285
-35.5,300,231.802862
-29.5,300,231.849999
88.1,101,231.866182
101.0,24,231.870162
-28.8,300,231.920143
-27.1,300,231.966808
97.0,64,231.976987
102.5,25,231.981333
-38.0,300,232.030932
-41.0,300,232.077929
-31.7,300,232.125343
-40.1,300,232.172319
-30.3,300,232.222496
98.2,63,232.232436
-34.5,300,232.279635
87.6,170,232.306335
99.7,22,232.311292
-38.0,300,232.36037
-34.8,300,232.407675
-41.4,300,232.455219
-42.0,300,232.5061
-43.4,300,232.554393
90.2,114,232.572415
103.0,16,232.575216
63.6,239,232.615202
-43.8,300,232.663732
75.1,190,232.693972
96.3,66,232.704918
88.5,122,232.725882
99.6,40,232.733275
76.0,216,232.76828
-38.4,300,232.815253
103.3,22,232.820901
-45.4,300,232.870589
-42.7,300,232.918186
97.1,44,232.925337
86.9,105,232.944703
-46.4,300,232.99303
88.8,119,233.012471
102.1,10,233.014133
100.5,31,233.021309
-44.7,300,233.070272
-39.1,300,233.117408
-42.3,300,233.165537
-38.3,300,233.214992
-34.4,300,233.281993
104.0,30,233.286812
-36.3,300,233.333334
-42.6,300,233.384066
-49.7,300,233.432024
-39.1,300,233.479778
102.2,9,233.4818
102.4,17,233.486396
102.3,13,233.48868
93.9,64,233.498925
-34.2,300,233.546632
103.3,23,233.552125
82.3,145,233.576185
91.8,104,233.593125
-37.3,300,233.640008
96.0,58,233.65162
-44.2,300,233.700735
101.4,30,233.705477
101.7,9,233.707061
-44.6,300,233.755782
-48.9,300,233.805084
103.2,14,233.807728
-49.0,300,233.855459
-32.4,300,233.905623
-49.2,300,233.953874
76.2,214,233.987911
-52.5,300,234.037474
101.2,9,234.041308
-41.8,300,234.089554
-34.1,300,234.137558
-33.7,300,234.185058
-49.2,300,234.235779
103.0,26,234.239784
-43.9,300,234.287061
-33.4,300,234.335274
-37.4,300,234.384707
99.1,27,234.389155
-34.2,300,234.43773
99.9,10,234.439383
101.4,17,234.44399
-48.7,300,234.491969
-37.7,300,234.540127
98.5,48,234.548214
-46.2,300,234.598125
97.0,43,234.605164
-37.0,300,234.653384
81.0,170,234.680735
99.2,26,234.686872
98.5,61,234.697226
101.2,33,234.702668
-39.0,300,234.75096
-32.0,300,234.799399
-37.9,300,234.847324
99.4,32,234.85273
-40.9,300,234.900288
-28.9,300,234.951475
-39.6,300,234.998625
87.8,153,235.022647
-46.9,300,235.070988
-48.0,300,235.120448
-47.7,300,235.169509
-39.9,300,235.216383
-26.9,300,235.264567
-47.9,300,235.314238
98.5,41,235.321059
-43.7,300,235.368788
-46.6,300,235.416948
-39.4,300,235.467723
-36.1,300,235.515644
-28.8,300,235.562392
96.9,65,235.573641
-41.8,300,235.622969
-28.9,300,235.670802
-28.6,300,235.719465
-32.0,300,235.765986
-35.0,300,235.817238
96.7,73,235.828722
-37.5,300,235.876004
99.8,26,235.880239
91.6,107,235.899776
-28.7,300,235.947356
-34.8,300,235.995442
101.0,6,235.99683
-27.6,300,236.045594
-48.1,300,236.093592
-38.4,300,236.142029
-28.9,300,236.189491
93.0,103,236.208479
-32.3,300,236.256518
101.4,16,236.259314
-36.8,300,236.306758
-41.5,300,236.356623
101.0,18,236.360091
101.0,31,236.365235
102.4,23,236.368861
101.1,25,236.375169
97.3,28,236.3801
-34.3,300,236.428729
100.3,27,236.433164
100.1,19,236.437923
100.2,39,236.444413
-50.6,300,236.49246
-43.7,300,236.541311
80.5,154,236.567027
90.5,91,236.581842
-25.6,300,236.629918
-27.4,300,236.677722
-43.4,300,236.727386
68.5,246,236.767678
99.8,20,236.771205
100.1,40,236.77767
100.9,16,236.781896
-26.7,300,236.829334
101.4,35,236.834901
100.8,8,236.836456
94.2,79,236.851925
-31.4,300,236.899698
-27.7,300,236.947496
93.8,67,236.958638
-35.9,300,237.007879
80.5,227,237.043649
-44.2,300,237.09252
97.1,60,237.101871
-34.2,300,237.151767
-41.2,300,237.200682
-39.6,300,237.247194
-29.4,300,237.296004
-44.3,300,237.345718
101.5,21,237.349259
-42.3,300,237.397421
-42.7,300,237.445159
-39.4,300,237.497527
99.7,31,237.50291
101.0,25,237.507054
-38.4,300,237.554539
-40.2,300,237.605479
-41.8,300,237.653007
-36.9,300,237.701851
-34.1,300,237.749653
-36.2,300,237.799627
-34.3,300,237.847047
-48.3,300,237.895831
-26.9,300,237.943421
88.9,167,237.972084
-46.8,300,238.020741
75.1,180,238.049639
-30.3,300,238.097419
-39.5,300,238.146877
-34.7,300,238.193876
-30.0,300,238.241648
101.8,13,238.243965
98.8,28,238.249921
-34.3,300,238.297744
-37.9,300,238.346406
-42.2,300,238.39355
-32.8,300,238.443456
100.3,11,238.445686
-33.4,300,238.493331
-26.2,300,238.541601
-30.5,300,238.591297
-29.8,300,238.639713
99.6,64,238.650005
-49.2,300,238.697739
-48.1,300,238.748269
-30.0,300,238.795642
-51.0,300,238.844724
100.5,20,238.848119
99.2,72,238.861486
100.3,20,238.864947
98.8,41,238.871667
-47.8,300,238.919583
-42.6,300,238.969601
87.0,128,238.990059
-33.1,300,239.03715
-31.5,300,239.085303
-29.6,300,239.134616
-41.1,300,239.183334
-39.4,300,239.230888
84.3,124,239.250474
-44.4,300,239.299919
93.6,113,239.31773
-38.3,300,239.365642
85.7,100,239.382027
-35.6,300,239.431443
100.0,43,239.43854
99.0,38,239.444452
78.8,187,239.4754
101.8,8,239.478762
-30.0,300,239.526281
96.0,44,239.53367
101.2,14,239.536355
-45.9,300,239.586735
-36.1,300,239.634263
89.6,120,239.653433
-40.9,300,239.701926
-40.6,300,239.752175
-39.1,300,239.800596
-29.0,300,239.847923
-34.5,300,239.895451
-32.6,300,239.944379
-30.8,300,239.992462
-36.8,300,240.040113
78.0,207,240.072255
-35.9,300,240.122027
101.8,13,240.124574
-32.5,300,240.171973
-38.1,300,240.220475
81.4,165,240.248933
101.4,41,240.255672
-47.4,300,240.302927
84.4,126,240.324123
86.8,100,240.342256
74.3,207,240.374909
-35.8,300,240.423573
-46.4,300,240.470964
-29.1,300,240.52076
103.3,28,240.525526
-40.9,300,240.573911
101.9,12,240.576158
100.2,25,240.582071
-45.8,300,240.631287
102.5,11,240.633079
85.3,144,240.656382
-43.5,300,240.705884
-41.4,300,240.773246
98.0,42,240.780395
-38.6,300,240.828092
103.7,24,240.8349
101.7,24,240.839016
101.1,19,240.842459
100.5,6,240.843476
-36.6,300,240.892386
-37.6,300,240.940164
103.9,22,240.944233
101.7,9,240.94581
-27.8,300,240.996212
-32.4,300,241.044618
102.5,16,241.047582
68.8,265,241.089541
101.3,8,241.092641
76.0,159,241.119026
-33.3,300,241.167301
-45.0,300,241.21482
-32.0,300,241.265059
-39.9,300,241.312034
100.2,26,241.316251
-36.3,300,241.364644
67.5,236,241.404585
-28.9,300,241.451507
-35.0,300,241.500011
-35.2,300,241.546928
-33.1,300,241.596498
-39.5,300,241.644071
-40.8,300,241.692073
101.9,27,241.696637
-44.5,300,241.745926
-31.6,300,241.793787
-41.6,300,241.840486
102.2,29,241.845218
-32.5,300,241.895304
-46.3,300,241.94323
101.3,13,241.945772
-31.2,300,241.994405
-37.0,300,242.043697
103.0,16,242.046475
-34.1,300,242.094612
-47.9,300,242.142988
-32.7,300,242.192711
87.6,135,242.214692
-36.0,300,242.262564
102.2,14,242.265218
98.3,53,242.275408
-29.3,300,242.324264
88.1,114,242.342604
103.2,24,242.346691
100.6,5,242.349477
99.4,43,242.356849
-32.4,300,242.404002
-42.5,300,242.452838
101.9,12,242.456454
94.1,68,242.468184
-49.9,300,242.51795
99.8,63,242.528148
99.6,24,242.533664
102.6,29,242.538675
-32.6,300,242.586494
-49.9,300,242.636326
-37.1,300,242.686406
80.8,215,242.721492
82.3,191,242.752305
102.6,15,242.754995
-51.1,300,242.805156
75.3,182,242.835014
-27.2,300,242.882332
-46.2,300,242.930807
-41.1,300,242.980502
-32.8,300,243.027971
-31.7,300,243.076243
104.4,17,243.079433
-38.0,300,243.128781
-51.9,300,243.177819
70.4,232,243.214993
-30.4,300,243.26318
-36.8,300,243.31247
-40.7,300,243.361361
101.9,17,243.364195
-35.2,300,243.411834
-31.7,300,243.462043
69.7,247,243.502121
-42.5,300,243.549859
81.5,148,243.574516
101.1,5,243.576987
-36.5,300,243.625507
-41.1,300,243.673817
-47.1,300,243.721724
-39.5,300,243.771347
98.5,33,243.777548
71.8,268,243.82076
-40.5,300,243.868617
-55.0,300,243.919385
-40.0,300,243.966553
90.8,104,243.984168
-32.0,300,244.032135
100.7,35,244.039609
82.3,170,244.066988
-39.7,300,244.115668
-42.3,300,244.163691
90.2,81,244.179053
-33.5,300,244.227598
-35.8,300,244.275091
-46.7,300,244.323685
-32.7,300,244.372784
91.3,141,244.39494
95.4,84,244.409263
98.6,59,244.419004
-43.6,300,244.469018
101.1,10,244.470786
-28.2,300,244.519501
-42.3,300,244.567244
-32.1,300,244.617806
-37.5,300,244.665585
-41.4,300,244.713147
-37.9,300,244.762103
-30.3,300,244.811377
101.1,14,244.814073
-39.7,300,244.862679
-30.0,300,244.910094
-40.0,300,244.960638
-34.7,300,245.007629
-43.2,300,245.056533
-33.1,300,245.103711
-37.3,300,245.15473
101.0,24,245.158821
-46.5,300,245.206195
-36.5,300,245.255994
-42.9,300,245.306631
-41.0,300,245.355051
104.4,17,245.358162
-28.5,300,245.405679
-29.5,300,245.456436
-27.6,300,245.504819
93.2,131,245.525581
-30.6,300,245.573843
-40.6,300,245.623379
-34.3,300,245.671646
-29.1,300,245.71996
99.5,43,245.726996
-30.2,300,245.77758
-31.4,300,245.824821
-35.1,300,245.873552
102.4,12,245.875937
-36.7,300,245.928976
-45.7,300,245.976409
-31.6,300,246.025646
-32.4,300,246.073523
-52.2,300,246.12476
101.1,5,246.126113
96.2,88,246.140362
95.6,57,246.149641
89.2,149,246.17542
-44.0,300,246.224338
101.1,15,246.227213
102.4,12,246.229383
93.8,101,246.247332
-29.0,300,246.29502
102.8,13,246.29746
83.6,147,246.321147
-25.7,300,246.370315
86.1,166,246.397834
104.2,19,246.40092
100.5,23,246.405109
100.6,48,246.414532
95.7,75,246.426955
-35.9,300,246.474334
-32.8,300,246.522525
101.7,9,246.525903
89.8,149,246.549371
104.4,26,246.554126
-32.0,300,246.601275
-40.6,300,246.650784
102.1,10,246.652527
-45.4,300,246.700472
-34.7,300,246.748725
-42.9,300,246.798234
95.0,60,246.807984
95.2,55,246.817913
92.1,119,246.837291
101.4,12,246.841105
-36.7,300,246.889494
101.7,9,246.891195
99.4,42,246.898171
82.3,190,246.930877
92.5,59,246.940731
-38.2,300,246.988648
-30.0,300,247.036869
-39.1,300,247.086779
-36.9,300,247.135371
-34.4,300,247.182525
87.2,109,247.200232
-31.9,300,247.250987
80.2,197,247.282351
-47.1,300,247.330237
99.9,41,247.337249
80.6,164,247.366011
101.8,8,247.367667
96.9,44,247.374936
97.9,81,247.38773
93.2,88,247.403709
90.5,86,247.417568
98.9,18,247.420907
102.1,10,247.422558
-34.3,300,247.47324
99.4,64,247.484153
65.5,253,247.526112
88.2,141,247.548112
95.4,58,247.559948
99.7,59,247.56993
99.0,50,247.578411
-36.1,300,247.625935
-43.3,300,247.676683
-32.1,300,247.724316
93.2,75,247.736355
81.5,205,247.770078
100.4,45,247.778825
-29.3,300,247.82762
96.3,77,247.840078
101.5,25,247.844197
-33.9,300,247.914891
-54.1,300,247.962895
-28.4,300,248.010638
-32.3,300,248.05813
101.9,12,248.061855
100.1,32,248.067416
-46.6,300,248.115974
-50.3,300,248.164418
-27.7,300,248.215371
99.6,47,248.223441
91.8,124,248.243299
-29.6,300,248.291231
-33.2,300,248.340311
-34.7,300,248.387125
93.4,72,248.399569
-32.2,300,248.447535
102.0,21,248.452426
-52.8,300,248.501827
-32.7,300,248.548954
90.7,116,248.567621
-49.8,300,248.618715
101.1,39,248.625232
-28.0,300,248.672255
100.8,42,248.679368
-30.3,300,248.729701
-31.5,300,248.777422
-29.4,300,248.825796
-31.7,300,248.872968
-54.7,300,248.923928
102.2,36,248.930023
102.9,27,248.934303
-42.1,300,248.981753
-32.6,300,249.031695
102.5,15,249.034548
-46.7,300,249.082318
-32.2,300,249.129545
55.5,285,249.177519
93.1,72,249.189255
-40.6,300,249.237335
-35.5,300,249.285998
-36.8,300,249.335531
-33.5,300,249.383841
-29.6,300,249.431354
-53.6,300,249.480772
75.5,197,249.514557
101.8,17,249.517485
-29.1,300,249.56612
100.4,26,249.570596
-49.0,300,249.620507
95.9,88,249.634817
-36.4,300,249.683758
101.2,17,249.687052
-44.1,300,249.736795
94.0,88,249.750908
-32.3,300,249.799773
58.7,299,249.847045
-31.2,300,249.898185
98.6,35,249.904139
101.8,13,249.906376
102.0,35,249.912376
87.6,124,249.934888
70.4,244,249.973822
102.6,10,249.975899
-28.3,300,250.02472
49.9,291,250.072783
101.6,19,250.076171
96.1,74,250.089104
102.2,38,250.09545
86.5,184,250.12692
-45.5,300,250.174975
87.4,151,250.200425
-36.5,300,250.247917
-52.7,300,250.297932
100.7,47,250.306026
90.7,86,250.319876
68.1,225,250.355905
-29.4,300,250.406358
-39.9,300,250.453642
-36.1,300,250.501206
100.8,12,250.503462
-29.5,300,250.553867
-42.2,300,250.601595
-35.4,300,250.650087
80.7,165,250.676616
98.6,44,250.685828
94.3,106,250.702762
76.3,241,250.741804
92.7,83,250.755325
-36.9,300,250.804588
82.9,158,250.831298
89.8,105,250.848358
101.7,41,250.855009
79.5,204,250.88905
-30.6,300,250.937673
97.5,26,250.942462
-54.8,300,250.990257
-41.2,300,251.041121
102.0,16,251.043992
-40.2,300,251.092297
-34.7,300,251.140921
-26.8,300,251.191074
56.1,294,251.237491
100.9,40,251.2441
77.2,249,251.285201
95.2,75,251.299228
-36.9,300,251.347744
-55.8,300,251.397111
101.0,25,251.401254
-30.7,300,251.451607
-49.5,300,251.501021
97.0,61,251.511264
-43.5,300,251.558899
-44.1,300,251.609685
83.8,174,251.637194
-37.5,300,251.685622
101.9,12,251.687841
62.8,249,251.729757
-36.5,300,251.778076
-42.7,300,251.826664
-44.0,300,251.87436
83.2,200,251.908973
98.2,56,251.918033
72.9,219,251.953146
-32.6,300,252.002192
-27.7,300,252.051623
-26.6,300,252.100164
101.3,8,252.101701
-29.0,300,252.149242
-49.6,300,252.199399
100.3,42,252.20689
-43.1,300,252.254793
-28.3,300,252.303381
-35.2,300,252.353056
-52.2,300,252.401593
101.8,17,252.404486
97.3,57,252.413898
-42.1,300,252.463896
-28.2,300,252.514149
-42.3,300,252.562182
-40.5,300,252.611086
-38.1,300,252.661264
101.3,33,252.666615
-29.6,300,252.714505
91.8,76,252.72697
-32.8,300,252.776724
88.0,115,252.795451
100.7,24,252.799292
99.9,42,252.806418
-27.2,300,252.857437
88.6,117,252.876247
-29.1,300,252.924394
98.4,59,252.934494
75.6,262,252.977654
-33.6,300,253.025267
100.0,40,253.032569
-29.1,300,253.080353
74.6,253,253.122289
-31.7,300,253.170845
102.2,19,253.174301
84.5,165,253.200567
83.4,198,253.23544
-39.6,300,253.284178
-45.5,300,253.332405
88.8,100,253.349859
96.3,51,253.359853
75.2,224,253.396519
98.9,57,253.405624
-36.2,300,253.454614
80.0,149,253.480478
81.4,215,253.514722
-32.6,300,253.563735
-29.8,300,253.611405
98.8,40,253.619737
61.1,288,253.667027
-51.7,300,253.71518
80.6,215,253.749183
77.9,131,253.773172
100.7,33,253.778916
101.0,41,253.785742
-32.9,300,253.83339
99.7,28,253.839857
-38.6,300,253.889436
-44.2,300,253.937574
-41.6,300,253.987067
96.0,98,254.004678
-37.0,300,254.052649
-38.5,300,254.101208
-47.4,300,254.1492
72.9,272,254.195594
74.6,170,254.22384
-47.6,300,254.271395
-30.9,300,254.319939
-40.4,300,254.370375
96.9,55,254.379587
79.3,163,254.406668
84.4,143,254.42988
103.2,29,254.436055
-31.3,300,254.484251
-36.7,300,254.532935
96.1,56,254.542341
-30.1,300,254.592149
-28.9,300,254.641109
-37.9,300,254.689145
-33.9,300,254.737639
-51.4,300,254.787912
77.8,197,254.821007
99.9,60,254.830866
-38.8,300,254.878173
-37.4,300,254.929505
96.3,56,254.938817
-41.6,300,254.986689
83.2,158,255.012219
-43.2,300,255.063028
91.0,83,255.076855
77.6,187,255.106883
-26.2,300,255.155701
101.3,8,255.158807
-46.1,300,255.20764
-34.4,300,255.257115
92.4,82,255.27053
81.1,162,255.299735
-29.8,300,255.348933
-35.0,300,255.397127
96.5,51,255.405265
-31.5,300,255.456562
-49.1,300,255.505243
98.4,40,255.511874
-51.3,300,255.56099
-42.9,300,255.611637
-29.2,300,255.659892
-37.8,300,255.708858
-57.5,300,255.757882
-41.1,300,255.807394
-41.8,300,255.854967
-29.2,300,255.903805
-36.9,300,255.951369
100.6,41,255.960171
-41.4,300,256.008852
100.4,34,256.014346
-32.8,300,256.061768
104.5,21,256.067154
-26.6,300,256.116878
-28.6,300,256.164621
-34.6,300,256.212962
93.2,82,256.228308
77.4,215,256.263059
-51.4,300,256.330385
104.1,20,256.333912
-42.8,300,256.384095
-39.7,300,256.433082
-42.4,300,256.481294
101.7,14,256.483682
102.0,15,256.487889
-35.9,300,256.537211
-32.3,300,256.585024
102.7,14,256.587338
-43.8,300,256.637844
55.1,298,256.685748
-30.1,300,256.734905
100.6,27,256.739634
-43.5,300,256.78949
-33.3,300,256.838569
73.4,225,256.874642
-29.3,300,256.92381
102.1,10,256.926916
95.2,44,256.9346
103.2,14,256.937303
-29.7,300,256.985432
98.5,36,256.993284
-45.9,300,257.042028
-32.0,300,257.090242
74.1,244,257.12968
-57.8,300,257.180272
-56.8,300,257.228986
101.8,17,257.231991
-54.1,300,257.280751
63.8,275,257.326919
-49.7,300,257.375743
-32.7,300,257.423662
88.3,165,257.451339
-34.4,300,257.502777
-38.9,300,257.552226
67.8,217,257.587551
102.9,12,257.589802
98.6,78,257.604842
-49.0,300,257.65416
-36.5,300,257.702673
76.9,176,257.730863
-38.2,300,257.782437
102.1,10,257.784362
-36.2,300,257.83217
72.7,190,257.863281
-43.3,300,257.912879
100.5,43,257.920182
-29.3,300,257.968756
95.4,84,257.982547
-33.8,300,258.032321
-39.4,300,258.081332
97.8,60,258.091134
99.6,23,258.094689
-42.5,300,258.144742
-49.9,300,258.194521
101.9,12,258.196653
-39.5,300,258.244738
93.8,95,258.262475
-27.0,300,258.311485
91.3,75,258.323916
102.6,10,258.325613
101.5,20,258.330701
-39.6,300,258.379117
90.9,78,258.393373
102.4,29,258.398388
-55.0,300,258.449024
-34.4,300,258.498527
61.1,244,258.537629
78.1,156,258.562777
-28.4,300,258.613901
-30.4,300,258.661624
64.6,281,258.70716
-41.0,300,258.755492
95.5,93,258.772598
-32.9,300,258.821687
-34.7,300,258.869515
87.9,135,258.890924
80.7,225,258.93065
-42.8,300,258.979244
-32.6,300,259.028406
97.6,38,259.03483
-29.4,300,259.084969
-35.8,300,259.133692
85.2,156,259.158907
74.2,154,259.184482
-38.2,300,259.235472
102.9,12,259.237781
92.9,125,259.258221
-32.6,300,259.305956
99.5,19,259.310789
-38.1,300,259.360438
89.1,109,259.378324
96.8,46,259.385866
100.7,37,259.39441
-29.9,300,259.443324
-52.5,300,259.492391
-46.9,300,259.54026
-47.3,300,259.591163
95.6,108,259.608514
-36.9,300,259.6573
-37.3,300,259.705553
-37.4,300,259.756962
-31.0,300,259.805625
97.3,36,259.811711
90.3,150,259.835783
-50.1,300,259.887431
-27.7,300,259.935429
-39.8,300,259.984928
82.4,132,260.006419
-36.5,300,260.056338
102.4,12,260.05856
101.2,9,260.060184
84.0,102,260.078235
101.3,17,260.08268
-27.6,300,260.131294
-30.6,300,260.179705
102.6,27,260.184784
-53.0,300,260.235164
-26.6,300,260.284007
104.8,18,260.287178
-56.1,300,260.335922
101.0,10,260.339875
-34.1,300,260.389275
95.6,90,260.403874
-29.5,300,260.452166
-42.6,300,260.504501
85.6,164,260.531062
-31.3,300,260.578721
-29.7,300,260.62813
-29.2,300,260.678258
73.7,288,260.725532
-32.7,300,260.773552
-35.7,300,260.823213
102.8,13,260.827544
97.4,56,260.836841
-67.5,300,260.885836
-43.2,300,260.93508
-38.1,300,260.985262
-45.8,300,261.03437
-36.2,300,261.082601
-53.4,300,261.131173
104.5,16,261.136067
-49.9,300,261.185348
-50.0,300,261.234402
100.3,12,261.236579
94.2,67,261.249024
-28.2,300,261.2974
96.5,89,261.312183
84.6,160,261.338742
90.6,71,261.351959
99.6,23,261.35596
-43.0,300,261.404789
83.1,117,261.423904
-34.8,300,261.475406
-45.0,300,261.523839
-58.9,300,261.573237
101.0,21,261.577162
99.0,27,261.582963
-48.5,300,261.631709
88.9,134,261.654305
102.4,25,261.658525
102.2,9,261.661669
102.5,11,261.663834
91.5,131,261.685876
92.0,60,261.695694
-56.1,300,261.746477
-50.2,300,261.795718
70.8,185,261.8254
-33.1,300,261.874261
-38.2,300,261.924277
101.4,41,261.930884
-55.5,300,261.980098
-41.5,300,262.029168
100.9,11,262.033097
-38.4,300,262.082235
-36.9,300,262.130498
-28.5,300,262.179156
-50.5,300,262.229323
-31.2,300,262.276965
-55.4,300,262.326634
-28.9,300,262.374795
-37.1,300,262.426059
89.9,141,262.448638
-33.3,300,262.498679
-37.1,300,262.547757
102.8,19,262.552573
101.7,18,262.556087
-35.3,300,262.607968
95.6,109,262.627767
-43.5,300,262.679775
-51.4,300,262.729226
-45.7,300,262.777133
89.5,129,262.797302
90.8,82,262.813991
94.4,82,262.827485
88.3,91,262.842632
-27.6,300,262.889644
102.7,14,262.893494
-48.1,300,262.943224
-34.8,300,262.993879
-36.8,300,263.047116
101.4,12,263.051078
96.5,34,263.057898
-31.0,300,263.108387
98.3,28,263.113272
101.0,32,263.120591
-42.4,300,263.173789
-37.6,300,263.223443
-29.5,300,263.275827
102.9,17,263.280517
-38.3,300,263.334015
-55.1,300,263.387581
-44.0,300,263.441831
97.0,72,263.479179
-48.3,300,263.529053
-29.1,300,263.577613
-38.1,300,263.625739
-45.2,300,263.677231
-28.1,300,263.725144
-30.7,300,263.773775
101.4,11,263.776012
104.9,17,263.780837
-45.5,300,263.82873
-56.3,300,263.877584
91.8,104,263.894471
94.9,52,263.904537
97.0,56,263.913226
-36.0,300,263.960815
101.8,12,263.963814
-41.8,300,264.013478
-54.6,300,264.061396
-44.4,300,264.110498
-29.1,300,264.158223
-47.8,300,264.209449
-46.2,300,264.257546
93.8,92,264.272362
91.6,133,264.294921
-33.9,300,264.344228
-40.3,300,264.393272
-55.6,300,264.441679
-54.4,300,264.490836
-52.4,300,264.541668
70.2,200,264.573948
77.5,151,264.598615
94.8,79,264.611896
93.4,68,264.624966
88.5,136,264.64727
-57.8,300,264.695292
-51.0,300,264.744537
-41.6,300,264.794647
101.9,30,264.799479
-27.2,300,264.847937
-48.8,300,264.896181
-38.6,300,264.946957
-29.4,300,264.994883
-58.6,300,265.044273
-36.5,300,265.092465
-57.0,300,265.143469
-32.5,300,265.191824
-51.9,300,265.240643
96.6,56,265.249882
-33.4,300,265.299886
-29.6,300,265.348318
100.4,26,265.352781
-38.3,300,265.400438
-33.9,300,265.450154
-35.0,300,265.498275
-28.2,300,265.546045
-28.3,300,265.59438
-37.7,300,265.644062
-51.1,300,265.693734
80.0,156,265.718943
-50.0,300,265.768419
-30.3,300,265.818686
101.8,13,265.820921
-54.1,300,265.870284
-38.1,300,265.918391
97.0,98,265.936324
101.8,8,265.937958
100.6,15,265.940275
89.8,139,265.962493
74.2,284,266.01045
-50.4,300,266.058186
-54.6,300,266.107181
96.4,63,266.117744
101.8,13,266.12151
70.6,272,266.165551
101.5,11,266.16767
71.3,171,266.196131
-36.4,300,266.246277
-39.5,300,266.295148
89.7,129,266.316043
61.1,237,266.353612
-38.8,300,266.404623
-31.1,300,266.452727
74.3,212,266.486824
-32.1,300,266.535933
-29.4,300,266.585383
-30.2,300,266.634562
103.7,18,266.637953
103.2,23,266.641703
-59.2,300,266.69237
-36.7,300,266.741626
101.7,9,266.743647
-40.6,300,266.791863
-57.2,300,266.843273
-43.4,300,266.891328
93.1,98,266.90716
97.5,68,266.919088
86.3,99,266.937153
105.4,17,266.94022
-30.2,300,266.988219
77.5,156,267.013255
101.7,29,267.019457
-45.3,300,267.068966
-44.4,300,267.116356
-29.3,300,267.16503
91.7,128,267.187331
-34.6,300,267.236101
101.2,18,267.239694
-35.4,300,267.287721
-30.6,300,267.338767
-40.0,300,267.38787
-58.4,300,267.43585
60.8,261,267.478572
-29.9,300,267.530869
79.6,126,267.552517
83.4,175,267.580623
-29.3,300,267.628761
104.6,20,267.633744
-45.4,300,267.683377
-30.1,300,267.730894
91.1,78,267.743647
-32.2,300,267.794339
-40.3,300,267.842321
-32.7,300,267.891983
102.5,20,267.89555
-54.4,300,267.945882
-28.2,300,267.994891
-39.2,300,268.042534
-36.3,300,268.091132
-28.2,300,268.140748
-32.6,300,268.189727
101.8,30,268.194628
-56.8,300,268.243085
104.7,19,268.248021
78.1,216,268.284104
-58.6,300,268.333015
94.0,66,268.343892
-47.6,300,268.394821
102.8,31,268.399639
-43.3,300,268.447568
103.7,30,268.452754
91.5,129,268.475486
-27.9,300,268.52439
98.9,49,268.532408
-27.9,300,268.579838
103.7,24,268.585476
-33.8,300,268.635395
-28.5,300,268.682938
-45.0,300,268.731973
-56.8,300,268.782428
-42.7,300,268.831519
82.3,92,268.846739
95.8,98,268.86253
90.8,100,268.880694
-29.6,300,268.929478
-39.7,300,268.977776
99.7,25,268.981974
76.1,221,269.020403
76.4,264,269.063072
-33.0,300,269.111328
100.1,14,269.113907
99.3,62,269.126494
-30.1,300,269.174507
-53.0,300,269.22261
-38.8,300,269.271515
-31.8,300,269.32108
101.7,31,269.326406
101.1,10,269.32842
81.1,175,269.35732
94.1,86,269.373591
98.6,43,269.38071
-38.8,300,269.428523
99.7,48,269.437016
102.5,16,269.441394
-44.4,300,269.489609
101.4,12,269.491797
-42.4,300,269.540372
74.2,196,269.573767
-40.4,300,269.622831
-41.5,300,269.671757
102.6,38,269.678048
102.8,13,269.681939
-29.7,300,269.730745
-26.4,300,269.780331
87.7,156,269.805254
88.0,88,269.821332
103.1,24,269.825487
104.4,17,269.828793
99.1,25,269.832854
89.6,144,269.858464
-26.5,300,269.907032
100.8,68,269.918314
103.8,22,269.921896
103.4,20,269.926834
-37.3,300,269.976018
94.6,99,269.992312
70.4,220,270.03094
-41.0,300,270.081962
-38.7,300,270.130218
-29.6,300,270.178308
-35.5,300,270.227211
-28.8,300,270.277387
-31.8,300,270.326522
-29.9,300,270.374697
89.1,154,270.400399
-30.1,300,270.45065
73.0,234,270.488151
-29.5,300,270.537407
-42.7,300,270.585416
79.0,241,270.627339
103.5,20,270.630908
-42.4,300,270.678987
-29.7,300,270.728282
99.2,39,270.736614
101.4,11,270.738867
97.2,53,270.747456
90.9,107,270.76507
102.1,19,270.769575
67.9,206,270.802999
90.2,102,270.820784
77.3,168,270.847761
-30.1,300,270.897698
-37.2,300,270.946881
-32.7,300,270.995619
98.0,48,271.003849
-28.4,300,271.05439
99.6,33,271.059927
-26.7,300,271.107674
-30.4,300,271.156646
104.7,14,271.16093
82.4,128,271.182069
89.3,94,271.197629
-40.3,300,271.246473
-45.2,300,271.296613
100.3,18,271.299583
-33.9,300,271.348899
-37.4,300,271.39709
-28.1,300,271.448106
-29.3,300,271.495637
90.5,70,271.507375
-40.0,300,271.584685
93.6,76,271.599287
94.6,74,271.611433
104.0,20,271.614884
-29.3,300,271.6641
-28.2,300,271.713697
-39.8,300,271.762085
-41.6,300,271.809697
-32.6,300,271.857831
-26.7,300,271.907913
-50.2,300,271.955573
102.4,12,271.957716
-30.7,300,272.006505
103.5,25,272.012432
-36.8,300,272.060718
-62.8,300,272.110467
-30.2,300,272.157616
101.8,21,272.16279
76.2,211,272.198107
80.1,242,272.23649
102.6,10,272.238595
90.0,131,272.261541
-32.2,300,272.310366
-57.2,300,272.358191
-40.6,300,272.407236
-32.3,300,272.457351
100.1,15,272.460158
104.0,16,272.463044
98.2,34,272.468764
98.0,45,272.47757
78.3,270,272.52328
102.1,23,272.52735
-28.7,300,272.575597
96.9,67,272.588618
99.6,55,272.598675
-49.5,300,272.647686
-28.1,300,272.695447
-69.4,300,272.746811
-37.3,300,272.794853
-29.1,300,272.844361
-30.2,300,272.892015
-31.1,300,272.943417
-29.1,300,272.991315
101.2,9,272.992851
-35.8,300,273.041309
-26.5,300,273.091088
103.0,11,273.09323
102.3,8,273.094832
87.5,91,273.109394
85.9,161,273.139118
-51.5,300,273.187466
-35.6,300,273.236239
90.8,127,273.256492
97.1,85,273.272125
85.0,97,273.28804
-29.3,300,273.336716
96.5,61,273.346857
-26.4,300,273.396805
-41.7,300,273.445875
-57.9,300,273.494139
-50.6,300,273.542454
76.6,247,273.584715
102.5,11,273.586888
-31.1,300,273.635056
76.8,246,273.674863
-51.4,300,273.724988
104.4,17,273.727925
-43.2,300,273.777611
83.0,177,273.806271
81.0,242,273.847206
-33.9,300,273.896729
74.4,287,273.942564
-35.5,300,273.992113
-40.0,300,274.04208
98.8,51,274.050394
95.5,86,274.06413
101.0,34,274.070096
-31.0,300,274.120914
-25.7,300,274.168783
-31.4,300,274.217576
-37.2,300,274.266106
-29.0,300,274.317633
95.4,90,274.332184
-27.8,300,274.379882
96.8,73,274.392358
75.6,210,274.42896
99.8,21,274.432525
96.5,85,274.446308
-28.9,300,274.493774
-58.6,300,274.545352
79.0,230,274.582593
-27.9,300,274.631594
101.7,14,274.633997
-29.8,300,274.684216
-59.2,300,274.73362
104.2,24,274.737697
102.5,11,274.73987
102.2,9,274.742969
-43.7,300,274.791128
-36.5,300,274.839964
-40.0,300,274.888143
-33.4,300,274.939992
-36.3,300,274.988018
-38.6,300,275.037449
99.3,73,275.04974
-53.3,300,275.100128
-42.7,300,275.149583
-32.4,300,275.197951
-38.3,300,275.247282
85.2,198,275.281269
83.1,204,275.3143
100.6,59,275.324209
90.0,111,275.343324
102.5,11,275.34659
-51.8,300,275.395508
-55.2,300,275.44468
-30.0,300,275.493442
-38.4,300,275.544779
-37.8,300,275.593821
95.8,52,275.602436
90.7,117,275.621933
-44.4,300,275.673824
-29.1,300,275.72168
-29.5,300,275.770963
82.9,209,275.804544
-27.6,300,275.854047
-27.8,300,275.903627
-33.6,300,275.951814
102.0,46,275.959265
104.1,20,275.964555
-39.1,300,276.014299
-29.7,300,276.062345
83.6,97,276.079589
-30.5,300,276.129843
-34.9,300,276.178478
-26.5,300,276.226422
104.2,19,276.229589
-48.9,300,276.28034
-29.5,300,276.329735
90.0,135,276.351839
-65.5,300,276.401751
-30.1,300,276.452971
-27.7,300,276.502235
93.8,73,276.514338
-30.3,300,276.562307
-61.6,300,276.614072
-62.9,300,276.662461
83.0,199,276.694495
-27.9,300,276.743718
-29.7,300,276.794221
-67.8,300,276.844469
94.9,75,276.857006
-31.8,300,276.905229
-64.0,300,276.956407
-29.3,300,277.004115
-27.8,300,277.053282
-30.9,300,277.100622
-45.2,300,277.152353
-27.8,300,277.200454
-26.5,300,277.249596
101.0,6,277.250665
-45.5,300,277.301016
-28.7,300,277.350194
-41.1,300,277.398329
90.5,150,277.422802
-46.7,300,277.473799
-45.4,300,277.524533
-28.6,300,277.57414
-54.5,300,277.622589
-48.8,300,277.674861
-36.1,300,277.723259
-51.3,300,277.772689
78.6,206,277.805177
-35.8,300,277.856104
-67.4,300,277.905001
-31.1,300,277.952884
-29.0,300,278.002412
-31.1,300,278.052504
96.1,65,278.063994
83.4,215,278.098469
95.0,53,278.107537
-37.2,300,278.157646
-50.6,300,278.207583
-27.9,300,278.255845
-31.1,300,278.305127
-29.5,300,278.354922
-29.6,300,278.404326
-36.0,300,278.452647
-32.2,300,278.501338
-60.8,300,278.55251
88.5,139,278.57469
-36.1,300,278.623712
-32.2,300,278.671946
-32.9,300,278.723253
-26.5,300,278.771096
-27.9,300,278.82019
91.4,126,278.840971
-27.7,300,278.890613
96.6,79,278.903581
92.4,139,278.927054
-27.4,300,278.975192
87.4,158,279.003258
-62.5,300,279.053123
-24.8,300,279.101172
102.1,18,279.104154
102.9,22,279.109713
-59.1,300,279.159373
-39.5,300,279.207418
-35.0,300,279.257119
-37.7,300,279.308232
-31.8,300,279.357903
83.1,155,279.383148
-61.7,300,279.431901
-28.9,300,279.482054
-27.3,300,279.530203
-30.0,300,279.57944
-33.6,300,279.627602
97.7,47,279.636888
-49.9,300,279.686433
-28.5,300,279.734629
102.2,17,279.737873
103.2,28,279.744498
-26.0,300,279.793948
-28.7,300,279.84226
-28.8,300,279.891575
102.9,12,279.895339
94.6,74,279.907532
-60.0,300,279.957191
-56.4,300,280.006097
101.7,24,280.012109
-32.2,300,280.061662
81.9,218,280.097509
-34.2,300,280.14529
-37.0,300,280.217484
-29.0,300,280.265371
-31.0,300,280.314721
101.9,51,280.32293
-26.4,300,280.37253
-65.4,300,280.421922
-39.6,300,280.470056
-57.6,300,280.519634
97.0,56,280.530822
-31.1,300,280.579236
-45.4,300,280.628612
-27.8,300,280.676354
92.3,113,280.697526
-44.5,300,280.746541
87.2,176,280.774834
101.9,21,280.778312
89.1,146,280.804846
86.2,176,280.833316
-32.7,300,280.881835
-31.7,300,280.931115
-31.1,300,280.981177
-42.6,300,281.030354
87.4,151,281.054992
-38.2,300,281.103306
-29.1,300,281.154791
88.8,81,281.167935
-32.5,300,281.215722
86.0,112,281.235139
91.8,103,281.254245
101.0,36,281.260217
-28.5,300,281.308716
-54.6,300,281.358429
-34.3,300,281.408958
-29.3,300,281.458379
-36.0,300,281.506315
-29.1,300,281.555074
-41.2,300,281.605476
-48.1,300,281.655121
88.9,96,281.670943
102.7,18,281.674257
-51.5,300,281.724637
-54.9,300,281.77463
-32.2,300,281.823246
-34.7,300,281.872319
-27.7,300,281.922643
-28.2,300,281.971647
-27.5,300,282.020203
-26.9,300,282.069179
-61.7,300,282.119611
76.1,271,282.162766
102.6,10,282.164838
76.6,251,282.205808
-36.6,300,282.256021
-39.7,300,282.305412
101.1,39,282.311651
-31.2,300,282.359577
-35.2,300,282.411092
76.3,254,282.452589
-46.8,300,282.502833
-25.3,300,282.55261
101.6,35,282.559964
-41.3,300,282.609783
-50.0,300,282.658703
-60.3,300,282.708633
-27.5,300,282.7595
102.9,12,282.761792
-58.5,300,282.810627
95.8,73,282.822974
-34.3,300,282.873517
101.2,4,282.874487
-41.2,300,282.92415
88.6,139,282.946857
-52.1,300,282.997463
-28.8,300,283.046688
99.7,39,283.052949
-48.5,300,283.101904
-26.3,300,283.154075
-48.9,300,283.202653
78.4,207,283.237053
-43.9,300,283.285608
-38.8,300,283.337636
-40.6,300,283.387092
102.0,19,283.390596
-36.3,300,283.440297
86.0,79,283.454995
-34.8,300,283.504446
-44.9,300,283.55396
-28.8,300,283.601876
-30.5,300,283.653121
102.5,11,283.654924
-27.1,300,283.703663
96.5,56,283.712873
76.0,149,283.739277
-28.6,300,283.788548
60.4,291,283.835396
-31.1,300,283.885204
95.6,107,283.904998
-53.1,300,283.95418
-35.0,300,284.003712
-58.2,300,284.052304
-38.5,300,284.103612
100.0,26,284.108298
-29.1,300,284.156099
99.1,35,284.161644
103.9,12,284.165341
-32.1,300,284.215523
98.0,91,284.230621
86.2,181,284.259552
104.0,20,284.264956
-35.8,300,284.314782
84.9,182,284.344777
-59.5,300,284.394249
102.6,10,284.397533
-51.7,300,284.446666
-39.5,300,284.495483
-33.5,300,284.54398
103.4,12,284.548038
-36.7,300,284.597711
100.6,20,284.601308
104.6,15,284.604148
100.8,17,284.608294
-32.1,300,284.65691
-45.0,300,284.706132
-34.9,300,284.75464
104.8,18,284.759543
94.6,85,284.77364
-27.5,300,284.823166
-37.4,300,284.87167
79.5,240,284.913453
65.2,294,284.961149
-43.3,300,285.009636
-37.9,300,285.059051
-32.3,300,285.109763
-29.7,300,285.159674
103.8,18,285.16271
78.7,252,285.203235
100.6,10,285.207014
-40.8,300,285.257479
-29.5,300,285.305839
-27.5,300,285.354915
-31.7,300,285.405438
78.7,256,285.447564
-26.0,300,285.496006
-30.2,300,285.544949
-59.0,300,285.596004
-40.1,300,285.645095
-40.1,300,285.694748
71.7,273,285.739192
-39.2,300,285.791434
-34.4,300,285.839738
-31.7,300,285.889
-28.1,300,285.937031
-53.1,300,285.989616
-27.5,300,286.038432
99.4,27,286.043101
-30.3,300,286.092785
-25.7,300,286.143542
-46.6,300,286.193858
-28.6,300,286.242281
-35.8,300,286.29241
98.3,50,286.302074
-25.3,300,286.351011
103.2,18,286.354495
-30.6,300,286.404132
102.7,19,286.408417
-39.7,300,286.457512
93.4,115,286.476321
102.7,19,286.479643
-26.8,300,286.53092
-28.3,300,286.579247
101.1,5,286.580263
-37.8,300,286.629929
-26.3,300,286.681351
-46.2,300,286.731712
-30.1,300,286.780705
-29.5,300,286.831078
-30.2,300,286.882215
-27.2,300,286.931958
-27.7,300,286.981225
-62.0,300,287.031481
-39.5,300,287.082315
-33.1,300,287.132535
93.0,130,287.154268
-61.7,300,287.203833
101.3,47,287.213186
-27.5,300,287.263472
-34.8,300,287.312343
-25.9,300,287.362973
-26.8,300,287.413838
-33.8,300,287.463641
102.2,9,287.465717
-31.8,300,287.515909
103.3,13,287.51975
-28.7,300,287.571551
99.1,30,287.576532
-31.7,300,287.625553
-42.5,300,287.678202
-33.1,300,287.727231
-57.8,300,287.777852
-36.3,300,287.826754
-31.3,300,287.878911
-28.4,300,287.927725
-47.1,300,287.977779
103.2,14,287.980569
81.3,213,288.01778
-30.9,300,288.067109
-41.3,300,288.136268
-25.2,300,288.186211
-27.7,300,288.237092
101.6,14,288.239956
-66.0,300,288.29016
102.0,16,288.293064
104.8,18,288.297576
-30.1,300,288.346854
103.0,11,288.349084
-27.8,300,288.399167
-62.8,300,288.450754
-44.8,300,288.501579
-32.9,300,288.550382
-28.2,300,288.599912
67.4,146,288.62605
-48.5,300,288.675331
-38.5,300,288.725204
104.1,20,288.728639
-30.8,300,288.779943
-47.5,300,288.830203
101.9,7,288.831715
97.6,54,288.840996
101.4,20,288.846286
-30.8,300,288.895898
-31.9,300,288.945919
-38.0,300,288.994988
-41.9,300,289.047358
-31.2,300,289.096686
-32.7,300,289.146483
-47.8,300,289.195403
-53.9,300,289.247975
80.6,204,289.281593
103.9,17,289.284649
-35.5,300,289.334018
79.3,246,289.376218
71.3,188,289.407106
-35.7,300,289.457482
-54.3,300,289.506383
-41.4,300,289.558235
81.9,124,289.57887
-30.7,300,289.628407
-27.5,300,289.678566
-35.9,300,289.729495
-30.1,300,289.779462
-33.0,300,289.828408
-31.0,300,289.877762
-27.5,300,289.929102
-37.8,300,289.979289
-27.5,300,290.028343
-30.1,300,290.077603
-65.2,300,290.129519
99.5,33,290.135563
96.1,100,290.152112
84.6,165,290.179778
-27.4,300,290.230547
-31.5,300,290.279716
-36.2,300,290.329747
-27.3,300,290.378469
88.1,160,290.407024
-37.0,300,290.456412
-49.1,300,290.506561
-28.3,300,290.555638
-27.7,300,290.607866
-27.4,300,290.656947
-48.3,300,290.707381
-34.5,300,290.756845
-32.2,300,290.808773
104.5,16,290.811719
102.7,9,290.813539
85.4,180,290.843211
43.2,275,290.891307
101.9,7,290.892841
-57.2,300,290.943081
-38.2,300,290.992017
94.6,89,291.008591
-32.0,300,291.05885
-63.1,300,291.108459
-27.6,300,291.158814
-30.1,300,291.209663
101.6,5,291.210674
-30.1,300,291.260995
102.3,8,291.262636
-40.0,300,291.313427
-41.3,300,291.363764
-41.7,300,291.413478
104.6,15,291.416397
67.9,284,291.466065
-37.7,300,291.515245
100.5,19,291.518637
101.0,6,291.519692
90.0,116,291.541534
-38.9,300,291.591239
-35.1,300,291.64067
-27.6,300,291.691105
99.8,19,291.696123
-62.4,300,291.745986
102.7,9,291.74769
-51.2,300,291.798393
-42.3,300,291.850433
94.1,74,291.864105
-27.5,300,291.913684
-28.1,300,291.963364
102.9,12,291.967557
-26.3,300,292.016546
103.6,15,292.019062
-25.9,300,292.068893
-38.1,300,292.11999
-28.9,300,292.168951
-30.0,300,292.219297
-31.8,300,292.268474
-41.9,300,292.3211
-28.5,300,292.370564
-28.3,300,292.420819
-45.6,300,292.470375
-27.8,300,292.524035
-29.0,300,292.57355
-55.5,300,292.624662
-64.3,300,292.673751
-49.4,300,292.72642
63.5,217,292.762775
-32.2,300,292.813086
-43.3,300,292.862869
102.2,9,292.866216
-29.7,300,292.916617
89.4,145,292.940634
-26.6,300,292.989678
-55.2,300,293.042316
103.4,12,293.044589
-28.5,300,293.093666
-68.7,300,293.14402
-33.4,300,293.19492
-27.4,300,293.24524
-40.6,300,293.294224
99.6,27,293.298926
-29.1,300,293.35081
-68.4,300,293.400075
-26.8,300,293.45003
-26.2,300,293.499038
-45.0,300,293.551604
80.2,157,293.577716
-35.3,300,293.626571
-34.7,300,293.676933
103.0,16,293.681495
-70.9,300,293.731669
-29.3,300,293.781815
102.4,12,293.784108
53.0,265,293.829461
-41.5,300,293.879194
-29.9,300,293.927989
-52.6,300,293.978341
-33.0,300,294.029702
-29.4,300,294.079584
-29.3,300,294.128937
-27.1,300,294.178889
101.6,40,294.187459
-37.6,300,294.236939
-24.6,300,294.287163
94.1,64,294.297979
80.5,224,294.336626
-36.9,300,294.386659
-33.8,300,294.436149
102.4,52,294.444887
103.5,11,294.448875
-51.5,300,294.499562
100.9,24,294.503892
-28.9,300,294.55305
-35.2,300,294.605203
-33.1,300,294.654448
-50.6,300,294.704594
-29.4,300,294.753861
-29.2,300,294.806069
-27.0,300,294.85581
-27.6,300,294.90419
100.7,16,294.907816
-28.1,300,294.9586
-39.4,300,295.008392
-29.3,300,295.05785
-27.2,300,295.106785
-45.4,300,295.158879
-40.7,300,295.208218
-31.2,300,295.258446
-28.5,300,295.307488
-28.7,300,295.359603
-63.2,300,295.408869
103.4,12,295.411146
-63.7,300,295.462145
-35.1,300,295.513135
-33.6,300,295.563644
-39.3,300,295.612683
-54.1,300,295.662531
-33.7,300,295.714025
-27.4,300,295.764252
-74.4,300,295.814169
-25.6,300,295.86438
-28.6,300,295.915238
-28.7,300,295.965567
101.0,51,295.974545
-27.5,300,296.023685
-27.6,300,296.075589
-30.1,300,296.125047
-52.7,300,296.175943
-66.2,300,296.225744
100.4,37,296.234109
-29.8,300,296.285173
-28.6,300,296.334709
98.0,41,296.34175
-27.9,300,296.412076
-30.2,300,296.460948
74.7,143,296.485204
-36.3,300,296.535696
-26.6,300,296.587883
-46.5,300,296.637694
-28.1,300,296.686949
-29.1,300,296.7368
66.4,293,296.787062
-56.1,300,296.838045
-28.7,300,296.887255
-29.4,300,296.93719
74.4,300,296.988388
-40.0,300,297.038762
-34.8,300,297.088108
103.1,10,297.090232
-28.6,300,297.142785
94.6,70,297.154174
-26.8,300,297.203747
-28.6,300,297.253871
-36.8,300,297.305119
102.0,16,297.308037
-48.7,300,297.358549
-28.5,300,297.407935
-28.2,300,297.46035
-29.2,300,297.510889
-38.3,300,297.562453
-28.6,300,297.611773
104.8,18,297.616787
-43.0,300,297.668092
-29.7,300,297.717186
-40.2,300,297.767704
-27.5,300,297.819029
98.1,50,297.82734
-28.1,300,297.877443
-27.6,300,297.926686
-29.0,300,297.978802
104.5,21,297.982762
92.8,113,298.00147
102.6,10,298.003191
62.9,173,298.033972
79.2,217,298.070672
-29.5,300,298.120214
-62.0,300,298.170998
-48.0,300,298.222756
-52.0,300,298.27312
-35.2,300,298.322941
-30.7,300,298.372546
-41.5,300,298.423895
-52.8,300,298.47334
-32.0,300,298.523192
-27.7,300,298.572085
-32.6,300,298.627658
-39.4,300,298.677156
79.3,260,298.721098
92.6,94,298.736485
78.0,259,298.781422
-27.2,300,298.831905
-27.1,300,298.881188
-48.3,300,298.93137
-35.5,300,298.982479
100.7,18,298.985915
-28.1,300,299.036165
-68.9,300,299.086031
-27.8,300,299.138634
-26.0,300,299.188
-71.9,300,299.238552
-34.9,300,299.287647
-76.7,300,299.340314
-36.6,300,299.389551
-28.0,300,299.439837
-26.4,300,299.488935
-29.4,300,299.540836
-56.6,300,299.591162
-45.2,300,299.641412
-63.1,300,299.690743
-25.7,300,299.742882
-32.1,300,299.792859
-27.7,300,299.842202
-25.8,300,299.892756
100.5,30,299.899254
99.0,26,299.904166
78.0,258,299.946681
-37.1,300,299.997355
100.8,21,300.002614
-28.0,300,300.051925
-31.6,300,300.101487
104.5,16,300.104345
-35.0,300,300.155598
-41.2,300,300.206211
-27.1,300,300.255688
-29.6,300,300.306282
-69.9,300,300.357968
-27.7,300,300.408088
93.9,102,300.425291
-29.3,300,300.474289
97.5,45,300.484605
-36.4,300,300.533779
-29.3,300,300.583114
-30.5,300,300.632951
-28.5,300,300.683486
-33.8,300,300.734006
-30.1,300,300.783064
-27.6,300,300.833231
-34.3,300,300.884827
102.6,10,300.886969
-29.8,300,300.93734
-29.7,300,300.986408
-31.8,300,301.038704
-29.6,300,301.087697
-35.4,300,301.138337
-28.3,300,301.187383
-36.0,300,301.239636
-26.3,300,301.289161
-26.6,300,301.339492
-28.5,300,301.388672
-48.6,300,301.441355
-27.7,300,301.490879
-64.5,300,301.541913
-30.7,300,301.591479
-29.1,300,301.643097
87.4,150,301.667993
-43.3,300,301.717225
-43.0,300,301.767655
98.3,48,301.777692
-29.0,300,301.826833
-68.5,300,301.877658
-28.1,300,301.926932
104.5,16,301.931349
-41.4,300,301.982756
-27.3,300,302.032182
-29.0,300,302.082357
-30.0,300,302.133732
83.2,207,302.168682
-74.6,300,302.219419
-28.5,300,302.268946
64.5,181,302.301824
-66.9,300,302.351526
-27.8,300,302.402173
84.7,184,302.432421
-27.3,300,302.484231
-27.6,300,302.53547
-52.3,300,302.585907
-26.1,300,302.635671
-30.0,300,302.687291
-43.1,300,302.737884
-32.8,300,302.786972
-40.6,300,302.837921
-39.4,300,302.889484
-64.3,300,302.940463
-26.7,300,302.989995
-27.5,300,303.040523
-25.8,300,303.091559
-27.5,300,303.141722
-29.4,300,303.191062
-45.6,300,303.241595
-29.8,300,303.292972
93.0,91,303.308281
103.5,16,303.311213
72.9,170,303.340139
-29.8,300,303.391041
-43.5,300,303.441757
102.7,9,303.443825
-29.3,300,303.49324
101.8,46,303.502933
103.1,15,303.505804
78.0,260,303.549437
-28.5,300,303.598444
103.3,13,303.602071
-35.0,300,303.653212
-50.0,300,303.702782
-27.5,300,303.753077
-29.7,300,303.804046
100.7,29,303.80903
-50.7,300,303.859301
-46.5,300,303.908595
101.8,8,303.912017
-28.8,300,303.962781
-29.1,300,304.012236
-45.1,300,304.062339
-29.3,300,304.113481
-33.3,300,304.16377
-56.6,300,304.213097
-28.0,300,304.262555
-25.4,300,304.315001
-62.4,300,304.364314
-74.4,300,304.414381
-27.0,300,304.463543
-27.8,300,304.515997
-53.6,300,304.565544
-53.9,300,304.616428
105.2,19,304.619902
-37.1,300,304.671125
-46.3,300,304.740234
-30.0,300,304.790646
-30.7,300,304.840416
-43.4,300,304.891593
-44.8,300,304.942222
-60.1,300,304.991434
-26.6,300,305.041733
-45.1,300,305.092536
-37.0,300,305.142987
100.3,43,305.150418
-30.0,300,305.199765
-28.2,300,305.251419
-59.2,300,305.300422
-63.7,300,305.351594
-27.7,300,305.400074
-36.8,300,305.452436
-27.5,300,305.501624
-27.9,300,305.552005
-28.7,300,305.60134
-29.6,300,305.653319
-28.1,300,305.702297
-50.4,300,305.752846
-71.2,300,305.80243
-62.3,300,305.855378
-46.5,300,305.90747
-34.7,300,305.95815
-29.3,300,306.007395
-28.8,300,306.058935
-26.7,300,306.108542
-27.7,300,306.159051
-52.4,300,306.20841
-58.7,300,306.260764
-57.8,300,306.310686
97.9,57,306.320222
-32.8,300,306.370424
-34.0,300,306.421355
-35.4,300,306.471217
-42.5,300,306.520818
-33.0,300,306.569706
-36.9,300,306.621442
-28.8,300,306.670567
102.3,8,306.672216
76.8,190,306.704806
-29.3,300,306.756051
66.3,158,306.782021
-27.1,300,306.832117
77.0,160,306.858342
-27.3,300,306.910542
-27.6,300,306.959762
-56.5,300,307.010057
-54.8,300,307.060014
-26.0,300,307.112412
85.9,77,307.125431
-27.0,300,307.174373
103.0,11,307.176572
-35.9,300,307.22825
94.6,55,307.237756
104.1,15,307.240612
92.9,109,307.258726
-38.4,300,307.309718
62.1,210,307.34542
88.0,85,307.359798
102.3,8,307.361397
-28.6,300,307.412699
89.7,149,307.438223
103.9,27,307.443101
-40.3,300,307.492534
94.4,42,307.501199
98.8,24,307.505945
-58.7,300,307.558327
85.1,119,307.578311
-29.6,300,307.630791
77.9,231,307.669223
-38.0,300,307.718546
93.2,65,307.729465
-41.5,300,307.781313
-74.8,300,307.831051
-39.5,300,307.881783
-80.2,300,307.930975
-44.2,300,307.983307
-26.6,300,308.032487
-25.9,300,308.082993
-28.9,300,308.132027
79.3,266,308.178485
67.9,142,308.202408
104.2,14,308.204829
79.9,248,308.24497
-37.2,300,308.29728
100.5,32,308.302975
-35.5,300,308.352272
96.6,61,308.362776
-26.6,300,308.414634
-45.2,300,308.464258
-54.8,300,308.514809
94.4,67,308.525799
82.0,230,308.565617
-27.5,300,308.615863
-27.6,300,308.664464
-83.6,300,308.715028
-56.6,300,308.766816
-30.0,300,308.8174
96.7,49,308.825526
102.8,38,308.832222
-27.6,300,308.884007
104.7,14,308.886452
101.2,43,308.894584
-69.8,300,308.944746
-33.2,300,308.996171
-28.0,300,309.045642
-37.8,300,309.095101
-46.4,300,309.145706
102.1,15,309.150028
-36.6,300,309.200035
-28.0,300,309.249999
-35.7,300,309.299481
-26.1,300,309.351442
-30.6,300,309.400425
-68.1,300,309.451019
-29.4,300,309.499987
-27.1,300,309.55223
-26.6,300,309.601537
-27.7,300,309.651554
-31.0,300,309.700997
-48.1,300,309.754136
103.0,11,309.755997
-27.1,300,309.805311
-29.8,300,309.855553
-28.2,300,309.906299
102.0,6,309.907786
101.9,7,309.909293
-29.3,300,309.959211
-30.9,300,310.011057
-73.0,300,310.062014
-33.0,300,310.111572
102.7,14,310.113971
87.8,163,310.143081
-29.9,300,310.193437
-46.5,300,310.242608
-35.8,300,310.292818
-25.5,300,310.343734
-28.2,300,310.394066
-30.3,300,310.443534
-25.6,300,310.493819
100.7,34,310.501339
-28.0,300,310.55097
-63.9,300,310.601929
-30.7,300,310.651258
-29.1,300,310.703484
-26.7,300,310.75275
-34.0,300,310.803025
-26.6,300,310.851973
-32.9,300,310.904521
-27.7,300,310.95368
-29.5,300,311.004056
-27.5,300,311.053032
-30.0,300,311.105066
-37.8,300,311.154706
-54.5,300,311.205273
-36.8,300,311.254766
-28.4,300,311.306422
-25.8,300,311.356093
-29.7,300,311.405437
98.9,27,311.410906
-36.4,300,311.463033
98.2,43,311.470486
-86.0,300,311.521658
-28.9,300,311.570983
-29.5,300,311.623049
-26.1,300,311.672344
-37.7,300,311.721213
-39.7,300,311.771174
103.0,11,311.775204
102.5,11,311.777025
101.0,10,311.779136
-33.3,300,311.829288
-53.1,300,311.880245
80.1,199,311.913276
-44.0,300,311.963842
-65.6,300,312.013854
-27.1,300,312.065984
-31.3,300,312.11513
-31.6,300,312.165139
-27.8,300,312.214797
-27.6,300,312.26721
-29.1,300,312.316151
-26.0,300,312.36656
-46.6,300,312.415828
-29.6,300,312.468037
-36.1,300,312.518341
-58.4,300,312.57006
-31.6,300,312.61957
-27.0,300,312.672002
-39.8,300,312.721925
-25.6,300,312.771859
-41.5,300,312.821555
-30.2,300,312.873412
-34.6,300,312.923241
-28.5,300,312.98574
101.6,10,312.988094
-27.6,300,313.043178
90.2,109,313.060928
-43.2,300,313.111404
-29.8,300,313.160541
-49.0,300,313.212686
-28.9,300,313.262215
-28.7,300,313.312135
-39.4,300,313.361286
-80.1,300,313.413635
102.1,10,313.415777
-34.5,300,313.464991
-26.5,300,313.515469
-27.1,300,313.566505
-28.5,300,313.61652
-37.0,300,313.666058
86.8,143,313.689603
85.8,188,313.722806
103.7,14,313.725297
-44.1,300,313.774145
-25.7,300,313.82404
-29.2,300,313.874762
-28.8,300,313.923437
-60.5,300,313.973712
-28.2,300,314.022933
-28.5,300,314.075436
104.4,17,314.07838
88.3,127,314.099406
-32.9,300,314.149383
-29.2,300,314.200461
-45.6,300,314.250235
-29.2,300,314.299725
-39.4,300,314.349568
-53.7,300,314.401126
85.0,158,314.427525
-29.7,300,314.477374
104.9,17,314.480351
-29.0,300,314.531608
102.1,10,314.533374
-28.5,300,314.583653
90.6,117,314.603086
103.4,12,314.606866
-32.8,300,314.656786
-50.4,300,314.707587
-59.2,300,314.757333
-43.8,300,314.809935
43.1,253,314.851789
-28.5,300,314.901863
-25.8,300,314.951071
100.6,50,314.960976
-50.8,300,315.011466
-57.0,300,315.061181
102.6,10,315.063293
-50.5,300,315.115688
94.7,60,315.125943
-27.0,300,315.175184
-47.6,300,315.226028
-25.7,300,315.27705
-32.0,300,315.327117
98.1,65,315.337753
-30.2,300,315.386639
-49.2,300,315.438993
75.9,287,315.486522
-45.3,300,315.537424
-28.0,300,315.58667
-29.5,300,315.639125
-28.1,300,315.688296
-29.2,300,315.738617
-75.4,300,315.788046
-26.8,300,315.839994
85.5,180,315.869694
-39.9,300,315.918959
91.2,101,315.936775
-27.8,300,315.988076
-56.5,300,316.038539
-33.6,300,316.087974
-27.3,300,316.137824
-27.6,300,316.189155
87.8,131,316.210962
-31.0,300,316.261326
-31.4,300,316.310637
-27.2,300,316.362637
-31.2,300,316.411925
-49.2,300,316.462319
-27.2,300,316.511613
83.6,183,316.544135
104.6,15,316.546579
-26.1,300,316.597023
105.1,20,316.600642
-30.7,300,316.651306
-36.8,300,316.70149
103.7,14,316.704292
90.6,103,316.721256
-28.6,300,316.773313
-29.1,300,316.822956
-26.4,300,316.872787
-29.2,300,316.922283
-25.5,300,316.973157
82.3,208,317.008284
105.0,16,317.011208
71.6,144,317.03522
98.1,46,317.04439
-29.9,300,317.094785
-51.4,300,317.144629
-49.1,300,317.195058
-43.2,300,317.246953
-30.1,300,317.296835
-28.8,300,317.346252
-27.8,300,317.395021
-37.5,300,317.446953
-33.9,300,317.496538
-28.8,300,317.548353
-27.5,300,317.597598
-29.7,300,317.650103
-43.7,300,317.699648
90.3,114,317.719527
-29.1,300,317.769002
-29.0,300,317.82071
102.8,13,317.82306
95.8,57,317.832979
-39.7,300,317.882419
-40.2,300,317.934999
-53.7,300,317.984612
73.3,202,318.018062
-78.7,300,318.068882
88.8,73,318.083277
-27.9,300,318.133338
-27.8,300,318.182788
-29.5,300,318.231745
-38.3,300,318.283878
104.6,15,318.286809
-26.6,300,318.335974
-27.6,300,318.386205
-27.4,300,318.437563
-47.9,300,318.488084
-31.2,300,318.537455
-80.7,300,318.588398
-27.0,300,318.639773
102.0,6,318.640885
-34.3,300,318.691159
-46.3,300,318.740898
-28.9,300,318.79256
-74.5,300,318.842529
-43.3,300,318.892813
102.4,12,318.895151
-32.7,300,318.946639
102.9,12,318.948924
-27.0,300,318.99924
103.0,11,319.001492
-28.2,300,319.053311
99.4,25,319.057557
98.5,61,319.067655
103.8,13,319.070316
-66.8,300,319.123654
-27.3,300,319.172699
-27.7,300,319.222945
102.2,14,319.225381
-28.7,300,319.276427
-27.7,300,319.326501
-36.1,300,319.375443
-30.5,300,319.425492
-28.5,300,319.476203
104.1,15,319.478977
-28.1,300,319.529416
-33.6,300,319.57918
101.8,8,319.582551
102.4,12,319.584749
-31.6,300,319.635563
-29.6,300,319.684747
-27.6,300,319.736961
102.3,13,319.739275
-24.0,300,319.788335
-28.8,300,319.838345
-32.3,300,319.890165
-27.7,300,319.940489
51.8,285,319.987426
-32.3,300,320.037818
-27.9,300,320.088922
-35.5,300,320.138934
87.9,62,320.149777
-28.1,300,320.198983
-62.4,300,320.25164
-25.9,300,320.300972
-40.2,300,320.351259
102.9,12,320.353533
95.4,88,320.370192
-35.5,300,320.419788
-38.2,300,320.470378
-27.4,300,320.519907
86.0,186,320.552843
100.9,33,320.559055
-51.4,300,320.608787
-33.3,300,320.658696
-37.3,300,320.711365
-29.6,300,320.7602
-27.8,300,320.810309
-29.9,300,320.859372
78.7,232,320.900507
97.8,40,320.907136
-28.4,300,320.956214
-28.9,300,321.006302
-33.3,300,321.057443
-28.5,300,321.107486
98.6,65,321.118356
-47.7,300,321.167799
-26.8,300,321.220217
-29.4,300,321.269402
-34.0,300,321.319639
94.4,73,321.331667
-25.5,300,321.38306
103.9,25,321.387443
105.0,16,321.39038
-46.5,300,321.44097
-26.0,300,321.492505
-38.3,300,321.543084
-55.7,300,321.592641
-29.7,300,321.642494
-74.8,300,321.693938
-75.9,300,321.745128
-51.1,300,321.801945
102.9,12,321.8086
-36.1,300,321.867429
-43.5,300,321.916619
104.7,14,321.919452
81.7,199,321.953345
-54.9,300,322.004669
-29.0,300,322.054764
93.9,92,322.070218
-29.2,300,322.119327
59.4,245,322.162379
81.1,216,322.197906
-26.2,300,322.248455
-27.1,300,322.297966
-28.1,300,322.350263
-31.0,300,322.399585
-35.2,300,322.448315
-27.7,300,322.498322
-28.5,300,322.550662
-25.5,300,322.601046
82.4,198,322.633345
-29.4,300,322.683637
-41.9,300,322.735007
-27.3,300,322.785239
-29.7,300,322.834893
103.6,15,322.837705
-29.3,300,322.890102
-45.2,300,322.93898
102.8,8,322.940592
100.3,8,322.94208
101.4,7,322.945029
-75.4,300,322.996729
-29.3,300,323.046021
79.8,203,323.079441
-32.6,300,323.131407
-40.3,300,323.180411
-26.6,300,323.23059
-26.6,300,323.279504
-29.9,300,323.331327
-77.6,300,323.381111
95.6,63,323.391501
-33.5,300,323.441673
-30.9,300,323.492856
-26.0,300,323.543263
-33.7,300,323.592348
80.4,225,323.630751
77.3,244,323.672946
101.0,6,323.674057
-26.5,300,323.724167
-29.3,300,323.773376
101.4,32,323.780429
-71.2,300,323.83114
-28.5,300,323.880339
-28.8,300,323.930483
-38.7,300,323.982012
-46.5,300,324.032005
-29.4,300,324.081635
-33.3,300,324.130718
-27.1,300,324.181977
-76.5,300,324.231794
-28.9,300,324.281934
-26.8,300,324.330904
-27.8,300,324.383104
-29.9,300,324.432275
-33.1,300,324.482632
-78.9,300,324.532678
-27.2,300,324.584857
104.9,17,324.587937
-61.0,300,324.637545
-29.6,300,324.68748
78.8,249,324.730438
-29.5,300,324.780716
-26.9,300,324.829675
-36.1,300,324.880101
-36.2,300,324.931751
-31.1,300,324.983969
82.8,183,325.01433
95.7,68,325.025866
-30.9,300,325.077863
-30.5,300,325.127375
-69.3,300,325.177
-60.5,300,325.227977
102.7,9,325.231588
-28.1,300,325.280536
-50.8,300,325.331148
99.5,56,325.340704
-56.6,300,325.392695
-33.6,300,325.44241
-28.1,300,325.491654
102.1,10,325.493436
99.0,28,325.500629
93.6,44,325.50842
-33.8,300,325.557816
-78.7,300,325.608537
-44.3,300,325.660131
-29.1,300,325.710212
-29.3,300,325.759573
-27.3,300,325.808661
-35.8,300,325.859962
87.9,62,325.870726
-31.3,300,325.920843
-41.3,300,325.970739
-35.5,300,326.022223
-49.6,300,326.07162
-28.2,300,326.120751
102.2,9,326.122399
-28.0,300,326.174223
-28.7,300,326.22343
103.3,13,326.22578
103.4,12,326.228043
-27.0,300,326.279894
-77.3,300,326.329625
-72.9,300,326.381964
-48.9,300,326.434399
-75.4,300,326.487507
-30.3,300,326.536334
-26.9,300,326.586199
-34.2,300,326.635356
-24.0,300,326.688001
-27.7,300,326.736719
74.7,193,326.769195
-80.5,300,326.818643
-28.7,300,326.870173
-28.1,300,326.919209
-29.2,300,326.969268
-29.2,300,327.019412
-28.9,300,327.070979
-40.4,300,327.121654
-36.7,300,327.170264
-41.5,300,327.220145
93.8,73,327.234398
-28.9,300,327.284042
105.1,15,327.286607
95.1,98,327.303286
100.3,38,327.31139
-32.0,300,327.360383
-26.0,300,327.410166
-63.8,300,327.458613
-29.6,300,327.509829
-31.4,300,327.560893
-28.6,300,327.610543
-26.1,300,327.65953
-37.4,300,327.711475
-28.1,300,327.760996
-33.5,300,327.810681
-80.4,300,327.860365
95.9,67,327.873542
-34.6,300,327.923697
-29.8,300,327.972149
-50.5,300,328.021662
-72.0,300,328.073254
-27.0,300,328.121849
-29.3,300,328.171514
-33.5,300,328.220265
-29.6,300,328.272633
-31.3,300,328.321331
88.3,115,328.340898
-28.6,300,328.389824
-28.6,300,328.440537
-27.8,300,328.490287
-27.0,300,328.538978
75.3,228,328.577188
103.6,19,328.582141
-29.3,300,328.631148
104.9,17,328.634153
-29.1,300,328.684322
90.7,128,328.707636
-29.0,300,328.756559
-28.0,300,328.80656
-29.3,300,328.855344
-26.9,300,328.90702
-28.0,300,328.956038
-78.8,300,329.006784
-30.4,300,329.055374
-62.0,300,329.108354
-29.1,300,329.156594
-26.3,300,329.206416
83.9,100,329.222982
-28.7,300,329.273536
-28.7,300,329.323251
-32.9,300,329.372459
-76.8,300,329.422742
-29.5,300,329.473716
-29.0,300,329.523461
-56.0,300,329.572747
-29.6,300,329.622719
-66.3,300,329.674357
-26.0,300,329.724163
92.5,68,329.73555
-32.4,300,329.784683
-30.1,300,329.835804
-49.2,300,329.884779
-27.0,300,329.934572
-28.5,300,329.98297
-49.8,300,330.035718
-26.1,300,330.084471
-29.5,300,330.133836
89.3,153,330.158999
-63.2,300,330.209772
-49.4,300,330.259892
-28.5,300,330.308329
102.1,14,330.311147
-32.6,300,330.363024
-30.7,300,330.411734
-30.0,300,330.471317
-51.8,300,330.531222
102.8,13,330.535372
-25.7,300,330.585794
-30.4,300,330.634998
-29.2,300,330.684554
-36.6,300,330.735211
-28.2,300,330.784696
80.7,239,330.823364
-41.4,300,330.872935
96.1,94,330.890545
103.8,18,330.894057
-29.8,300,330.942767
67.6,286,330.990461
-29.1,300,331.04067
-29.0,300,331.090774
-52.6,300,331.140032
94.4,83,331.153721
-27.8,300,331.205441
-29.0,300,331.254632
-30.4,300,331.304601
-29.7,300,331.353537
-37.1,300,331.405838
-74.2,300,331.455779
-29.2,300,331.505643
96.6,75,331.518326
-37.2,300,331.569147
-28.3,300,331.619202
-25.7,300,331.668306
103.4,17,331.671242
-32.2,300,331.723934
98.2,63,331.734483
-28.5,300,331.783372
92.4,142,331.806313
-29.1,300,331.857705
-29.5,300,331.906714
-29.7,300,331.956859
-29.8,300,332.005915
-26.4,300,332.058044
-30.7,300,332.107538
-28.5,300,332.157896
-45.3,300,332.20736
-27.4,300,332.259718
-28.6,300,332.309448
-55.6,300,332.359938
75.4,230,332.398153
103.5,30,332.404765
-53.2,300,332.455914
-27.0,300,332.504819
-37.2,300,332.556971
-28.9,300,332.608288
-26.6,300,332.65868
65.7,174,332.687853
85.0,194,332.719436
-30.2,300,332.772119
99.3,48,332.780335
-33.0,300,332.82986
-26.2,300,332.880802
-67.5,300,332.932323
-26.2,300,332.982405
-29.1,300,333.031605
-56.3,300,333.082516
-39.8,300,333.133989
-71.2,300,333.206626
-51.6,300,333.256673
87.0,171,333.286349
-29.0,300,333.338046
-39.5,300,333.388803
-29.5,300,333.438521
104.5,16,333.441438
102.2,14,333.445713
-28.0,300,333.496507
-56.3,300,333.545816
-27.8,300,333.595657
-74.5,300,333.646846
99.5,41,333.654099
95.0,66,333.664879
102.3,8,333.666438
-48.3,300,333.718482
-28.7,300,333.767823
102.1,20,333.771405
100.4,32,333.776943
100.4,16,333.781589
-49.2,300,333.832893
-28.3,300,333.882078
-34.5,300,333.932219
-54.6,300,333.983004
102.2,9,333.984741
-28.5,300,334.035344
-28.4,300,334.084521
-52.2,300,334.137192
-28.2,300,334.186215
104.3,13,334.188962
103.7,18,334.192025
-42.0,300,334.244199
-28.0,300,334.293761
-29.6,300,334.343825
-28.7,300,334.393272
-24.9,300,334.445374
102.9,16,334.448374
-56.2,300,334.497664
-49.5,300,334.547901
-28.9,300,334.599359
-30.2,300,334.64916
-29.2,300,334.69875
-27.4,300,334.74773
101.9,7,334.751289
-30.0,300,334.800696
-28.3,300,334.919704
-43.4,300,335.054438
-28.7,300,335.135204
-34.0,300,335.188068
-29.8,300,335.23757
-33.2,300,335.287195
-50.1,300,335.338071
101.8,8,335.339694
-29.6,300,335.389489
-28.7,300,335.439351
-28.9,300,335.490964
59.0,231,335.530487
68.5,138,335.55356
-26.7,300,335.603556
-59.2,300,335.655699
103.1,30,335.661154
-29.1,300,335.711204
-28.3,300,335.761094
82.7,221,335.799402
102.6,10,335.801129
104.0,20,335.804669
-29.0,300,335.85474
96.8,48,335.86481
-38.2,300,335.914758
105.0,16,335.918475
104.8,18,335.921884
-28.6,300,335.972718
-52.4,300,336.022792
-59.4,300,336.072209
93.4,107,336.089836
-27.5,300,336.141375
-46.8,300,336.191327
101.9,7,336.192528
98.9,35,336.198577
-35.2,300,336.250723
-31.1,300,336.300089
-27.5,300,336.349842
-31.8,300,336.399014
102.7,9,336.401933
-27.7,300,336.451876
-27.7,300,336.501282
102.3,8,336.502915
101.8,8,336.506266
-54.8,300,336.557204
102.7,9,336.559257
97.1,67,336.570589
-44.2,300,336.621877
-25.7,300,336.672151
88.7,154,336.697555
102.5,20,336.701132
102.2,9,336.704028
-37.0,300,336.753595
-42.0,300,336.804026
-34.1,300,336.853089
55.4,284,336.90335
-29.9,300,336.952642
-28.2,300,337.002815
-67.0,300,337.052503
103.9,21,337.05732
-51.0,300,337.108688
-42.0,300,337.157809
-28.6,300,337.208431
-29.3,300,337.259963
-27.5,300,337.310132
-29.4,300,337.359445
-52.4,300,337.409865
-38.1,300,337.461076
-39.2,300,337.511414
82.3,102,337.530003
-37.9,300,337.580319
-39.8,300,337.633032
-72.2,300,337.683026
-29.3,300,337.733277
-46.9,300,337.782994
86.1,76,337.797982
-30.0,300,337.848607
103.4,12,337.850882
-28.6,300,337.899939
-57.5,300,337.95265
-28.5,300,338.001869
-55.3,300,338.052665
-26.4,300,338.101959
93.9,93,338.11963
91.5,135,338.142974
101.9,7,338.144522
-27.2,300,338.194221
-27.9,300,338.246054
-47.0,300,338.29587
-29.3,300,338.345877
-35.5,300,338.395235
-28.8,300,338.446972
-28.9,300,338.496588
-60.3,300,338.546231
92.3,94,338.562628
103.9,17,338.56752
88.7,162,338.594549
-27.9,300,338.644058
-29.2,300,338.694209
-31.2,300,338.74529
81.0,109,338.764446
-42.8,300,338.836723
-31.5,300,338.887318
99.4,37,338.895376
-38.2,300,338.944449
-30.0,300,338.994342
-27.0,300,339.043148
-29.1,300,339.094548
-30.9,300,339.143565
-29.6,300,339.193806
-29.1,300,339.243158
104.1,15,339.247549
-51.1,300,339.298744
-34.7,300,339.349596
-28.0,300,339.401044
75.9,256,339.445986
-29.5,300,339.496083
88.2,156,339.522278
-27.5,300,339.571413
-29.8,300,339.623417
-31.1,300,339.672563
-27.6,300,339.722379
-29.8,300,339.77177
85.4,154,339.799637
101.7,26,339.803909
-35.6,300,339.854427
98.5,51,339.863183
-31.2,300,339.914274
-37.6,300,339.965076
-30.0,300,340.0144
-25.2,300,340.065933
-56.5,300,340.117805
97.6,22,340.121571
-48.9,300,340.172342
-33.8,300,340.221757
-35.9,300,340.27433
104.4,22,340.278536
100.3,11,340.280668
-42.2,300,340.329848
-35.0,300,340.382367
-32.6,300,340.431617
-31.6,300,340.482054
103.9,12,340.484392
-42.4,300,340.535958
-28.6,300,340.586576
-28.2,300,340.636225
-32.6,300,340.686213
79.9,219,340.733759
-29.5,300,340.786953
-29.0,300,340.836339
-33.5,300,340.887809
-30.1,300,340.939764
75.0,217,340.976984
-29.1,300,341.027344
-28.8,300,341.0814
-27.4,300,341.134265
-29.3,300,341.184491
99.6,38,341.191084
-49.4,300,341.240781
-34.9,300,341.292937
-26.5,300,341.343086
80.2,197,341.375877
-28.2,300,341.426213
-34.1,300,341.478268
-30.5,300,341.528812
-54.2,300,341.580155
-45.2,300,341.632656
-29.2,300,341.685064
100.2,43,341.692551
80.7,173,341.72263
-27.0,300,341.772523
101.9,27,341.779065
75.8,262,341.82362
-30.3,300,341.873351
104.4,17,341.876404
-39.3,300,341.929444
103.4,20,341.93329
-29.0,300,341.982753
49.6,253,342.025007
-28.6,300,342.075797
101.9,34,342.081759
-41.9,300,342.131332
102.0,6,342.132421
-29.1,300,342.18332
86.8,179,342.212843
-29.5,300,342.263208
-40.6,300,342.312527
-29.0,300,342.364601
-45.8,300,342.414339
-28.7,300,342.46486
-29.5,300,342.514723
-65.3,300,342.569133
93.7,99,342.585871
-29.6,300,342.635153
-49.8,300,342.686242
-64.7,300,342.738127
-31.8,300,342.788899
-30.0,300,342.838084
-61.4,300,342.889145
-29.7,300,342.939975
-26.8,300,342.990496
-27.3,300,343.039629
-29.0,300,343.089981
-25.4,300,343.141283
-33.4,300,343.191465
-39.1,300,343.240995
-29.0,300,343.291037
89.4,131,343.314141
96.6,60,343.324434
94.1,123,343.3449
-32.1,300,343.394879
-42.6,300,343.446561
-28.5,300,343.49675
-25.5,300,343.546477
-53.0,300,343.596692
77.8,193,343.631041
-28.9,300,343.680517
-35.4,300,343.731224
-29.0,300,343.780567
-29.0,300,343.833024
-29.5,300,343.882301
-25.0,300,343.932468
-38.9,300,343.981579
92.6,73,343.996298
-59.6,300,344.047416
-28.6,300,344.096648
-32.3,300,344.147028
82.6,218,344.18496
-30.5,300,344.235397
-37.8,300,344.285226
102.8,28,344.290146
96.4,87,344.306709
-28.0,300,344.357315
-44.9,300,344.407002
-27.5,300,344.457394
-34.0,300,344.508715
-29.6,300,344.559495
-27.5,300,344.608564
-56.8,300,344.659744
-29.1,300,344.710498
87.3,151,344.735921
99.1,43,344.743002
84.1,184,344.774348
-30.7,300,344.826094
-29.1,300,344.876576
-30.0,300,344.92583
-29.0,300,344.976082
-37.3,300,345.027504
-28.0,300,345.077766
-27.6,300,345.127048
-27.6,300,345.177697
-34.6,300,345.22909
-36.0,300,345.279113
-28.6,300,345.328645
98.5,55,345.338144
-26.6,300,345.390552
-68.2,300,345.440861
-44.0,300,345.491529
-30.9,300,345.541038
-28.9,300,345.592922
-25.0,300,345.642583
-52.1,300,345.692968
99.2,34,345.699185
-27.1,300,345.751402
92.4,105,345.783952
97.8,77,345.801698
-29.9,300,345.851562
-64.7,300,345.904895
-65.6,300,345.955644
-29.5,300,346.004904
-32.1,300,346.055938
103.8,23,346.061501
-28.2,300,346.11439
-27.8,300,346.164468
-30.2,300,346.21378
-29.2,300,346.266197
95.3,77,346.278953
103.0,23,346.283194
-47.9,300,346.333781
-69.0,300,346.386103
76.2,264,346.430128
-26.2,300,346.479636
105.2,19,346.483223
77.8,198,346.517871
-31.0,300,346.568662
-35.1,300,346.61748
103.6,20,346.621036
-29.0,300,346.67349
-29.3,300,346.722629
-41.1,300,346.77336
92.1,135,346.796027
-48.6,300,346.847479
87.9,102,346.865275
-69.6,300,346.915459
-45.7,300,346.965928
-30.0,300,347.017206
-29.9,300,347.067246
-28.0,300,347.117156
90.6,125,347.138016
-55.4,300,347.190655
-29.7,300,347.240023
-28.5,300,347.289973
82.0,224,347.326793
-50.7,300,347.379287
-41.8,300,347.42925
-46.1,300,347.47933
84.9,94,347.495278
-46.4,300,347.548053
-71.9,300,347.599569
102.0,6,347.6011
77.8,246,347.642158
-38.7,300,347.694698
-27.5,300,347.744421
-77.5,300,347.795423
-27.8,300,347.845615
104.2,18,347.851066
-46.5,300,347.902104
-27.5,300,347.952249
-42.1,300,348.001472
102.0,15,348.005952
-47.4,300,348.05625
-27.7,300,348.106808
-40.9,300,348.159877
-29.1,300,348.215305
-65.9,300,348.26771
-28.6,300,348.318979
-28.6,300,348.375498
96.1,70,348.3893
-29.3,300,348.440599
-45.6,300,348.490467
104.4,17,348.493505
-27.5,300,348.546063
99.6,50,348.554836
-27.5,300,348.604322
-32.0,300,348.654591
-27.0,300,348.706602
-40.5,300,348.757449
-27.5,300,348.806915
-27.9,300,348.856771
-37.0,300,348.908461
-69.8,300,348.959248
-35.4,300,349.008436
81.1,148,349.032609
-34.4,300,349.085364
-27.1,300,349.134341
102.2,9,349.135954
-28.2,300,349.186165
-29.2,300,349.237479
85.4,186,349.269131
102.5,35,349.275381
83.4,185,349.306306
-54.2,300,349.357712
-52.9,300,349.408437
-28.7,300,349.457643
-29.6,300,349.508443
-47.4,300,349.560157
-35.6,300,349.610314
-31.4,300,349.659592
-67.6,300,349.71019
-29.8,300,349.761348
74.4,215,349.797638
-28.6,300,349.846858
-35.0,300,349.897068
-26.8,300,349.948523
-28.6,300,349.998825
-34.1,300,350.04954
82.6,215,350.085887
-27.5,300,350.14018
-41.7,300,350.192961
101.1,9,350.194715
-77.7,300,350.247152
-29.0,300,350.299911
-27.0,300,350.351467
87.4,141,350.374866
-27.6,300,350.425605
-28.1,300,350.477246
94.1,98,350.493919
-27.8,300,350.544584
-47.4,300,350.594447
-37.6,300,350.646526
101.8,12,350.648817
47.2,229,350.688288
101.5,11,350.690526
-27.7,300,350.747662
-33.5,300,350.797491
-27.5,300,350.847695
-29.9,300,350.897434
100.1,20,350.9026
-27.2,300,350.953357
-29.9,300,351.005626
-26.6,300,351.057463
100.1,42,351.066905
-27.5,300,351.118563
-53.0,300,351.170817
-29.4,300,351.221941
93.0,96,351.240854
-28.5,300,351.298498
-28.7,300,351.351899
103.1,23,351.356224
-60.3,300,351.4083
-27.6,300,351.458932
-30.4,300,351.508917
92.0,121,351.528873
-51.5,300,351.582089
-44.2,300,351.631652
90.6,119,351.651316
-34.4,300,351.70206
-29.3,300,351.753015
-33.5,300,351.803466
66.9,244,351.844363
100.8,20,351.847994
-29.5,300,351.900279
-27.7,300,351.949327
-55.1,300,351.999897
-42.3,300,352.049508
-30.3,300,352.102334
-70.1,300,352.152485
-28.2,300,352.202298
-68.8,300,352.252053
-46.9,300,352.30402
-50.4,300,352.353725
-30.0,300,352.402974
104.3,13,352.405308
-31.1,300,352.457252
-29.7,300,352.50651
-27.1,300,352.55858
97.7,54,352.568059
-30.5,300,352.620429
-27.8,300,352.670088
-30.3,300,352.719252
-29.1,300,352.769449
-69.4,300,352.821779
101.7,24,352.826085
-52.8,300,352.877022
-40.8,300,352.926764
-29.5,300,352.978366
101.6,10,352.980103
-28.1,300,353.029319
-50.4,300,353.08001
102.7,14,353.084269
104.8,18,353.087369
-28.3,300,353.136953
-79.7,300,353.187851
-28.5,300,353.238882
-52.0,300,353.289442
-27.5,300,353.338529
-27.7,300,353.388917
-29.0,300,353.439912
-28.6,300,353.511148
-29.0,300,353.56131
-66.8,300,353.61119
-33.7,300,353.662387
80.8,155,353.689158
-41.5,300,353.737884
-44.6,300,353.788215
80.3,111,353.808824
-28.3,300,353.8579
-28.2,300,353.90802
-27.5,300,353.957059
-27.5,300,354.008814
-74.6,300,354.059885
-69.5,300,354.111103
-29.0,300,354.160356
-42.5,300,354.213294
-29.3,300,354.262743
-29.9,300,354.313106
88.8,143,354.336789
84.1,179,354.367544
103.7,14,354.37036
-71.8,300,354.421502
93.8,83,354.435641
-30.9,300,354.487369
-34.8,300,354.538405
-28.0,300,354.587566
-47.3,300,354.6379
89.8,80,354.653517
-29.1,300,354.702739
-30.6,300,354.753162
-27.7,300,354.802023
-39.1,300,354.854092
-28.4,300,354.903104
103.0,16,354.905988
-40.1,300,354.956398
-44.9,300,355.007601
-27.9,300,355.05719
-38.6,300,355.107039
-49.9,300,355.156698
-31.5,300,355.207524
93.5,86,355.221526
-34.7,300,355.272476
-33.2,300,355.322335
-63.2,300,355.374626
-28.1,300,355.424204
-54.8,300,355.474646
101.3,8,355.476304
-28.0,300,355.528069
-26.8,300,355.578269
-65.8,300,355.628194
-27.5,300,355.677936
-27.8,300,355.729081
-28.4,300,355.777847
-28.6,300,355.82828
-31.0,300,355.877381
102.1,10,355.88122
-69.7,300,355.933215
-29.2,300,355.98263
-72.0,300,356.034268
-61.0,300,356.085537
-29.8,300,356.13608
-43.7,300,356.185138
76.4,225,356.22334
-28.7,300,356.274098
-28.8,300,356.324832
-31.2,300,356.374342
-29.2,300,356.424736
-29.3,300,356.476611
-29.4,300,356.526843
-26.5,300,356.576377
-64.5,300,356.626651
-27.9,300,356.677926
-27.2,300,356.727144
103.6,30,356.732805
103.2,14,356.735711
-28.2,300,356.787158
103.0,11,356.78931
-40.7,300,356.839971
-27.7,300,356.889194
-30.1,300,356.941652
64.9,202,356.97514
-27.8,300,357.024915
-34.0,300,357.075806
-29.9,300,357.126582
-37.2,300,357.177173
87.0,139,357.200659
97.8,38,357.207073
-29.4,300,357.258978
-28.1,300,357.308179
102.3,23,357.312259
-43.7,300,357.364431
94.8,98,357.382401
-56.0,300,357.43209
101.7,12,357.434399
-28.0,300,357.484689
-26.9,300,357.536807
102.5,11,357.538758
97.0,56,357.548641
-42.2,300,357.600563
96.7,47,357.610437
-28.5,300,357.660147
-28.7,300,357.710356
-29.3,300,357.759528
-36.5,300,357.811595
-29.0,300,357.861159
-35.0,300,357.91162
-27.1,300,357.960727
-36.6,300,358.013672
-30.5,300,358.063133
-28.8,300,358.112864
-28.0,300,358.16308
102.9,17,358.167647
-27.5,300,358.218473
-60.1,300,358.268339
-41.1,300,358.318532
-62.8,300,358.370621
102.5,11,358.372858
101.4,7,358.374338
-32.3,300,358.424583
-28.5,300,358.475599
-71.7,300,358.526082
-28.3,300,358.575534
94.5,65,358.586158
-28.8,300,358.638417
-32.1,300,358.68752
101.1,5,358.688561
-50.6,300,358.738846
-56.2,300,358.791598
64.2,232,358.829879
-32.1,300,358.880437
-73.0,300,358.930242
-31.0,300,358.982427
-29.1,300,359.031773
-45.6,300,359.082377
60.2,199,359.115338
-27.5,300,359.167575
-35.2,300,359.217116
-67.7,300,359.267972
-33.2,300,359.316935
-72.7,300,359.369042
102.5,11,359.371244
100.6,46,359.378693
-48.8,300,359.428652
75.3,222,359.468316
95.4,58,359.478119
-26.0,300,359.527464
70.1,119,359.547563
-29.6,300,359.599927
-37.3,300,359.648958
-37.4,300,359.69986
-36.3,300,359.749148
-55.0,300,359.801732
-29.4,300,359.850926
-26.0,300,359.901415
-29.4,300,359.950954
-27.0,300,360.003212
103.3,13,360.005574
-35.1,300,360.054779
-27.9,300,360.104684
-71.8,300,360.158837
-30.1,300,360.20904
101.1,14,360.211826
-25.8,300,360.261311
78.1,226,360.300186
82.1,214,360.33679
97.2,97,360.352929
-29.6,300,360.401922
91.7,123,360.424932
-57.8,300,360.475112
-33.7,300,360.525552
-28.7,300,360.57481
83.6,200,360.609419
100.6,13,360.611722
-27.4,300,360.662157
-28.4,300,360.710884
-28.0,300,360.763177
101.3,20,360.766852
-28.7,300,360.81602
-29.5,300,360.866323
-44.8,300,360.916795
-29.1,300,360.967081
-41.6,300,361.016305
88.9,137,361.039434
-29.4,300,361.090724
-30.7,300,361.140586
-26.5,300,361.189719
63.6,297,361.238877
102.3,8,361.242859
-41.7,300,361.292805
83.4,232,361.330679
-74.0,300,361.381774
-35.5,300,361.433263
-28.2,300,361.483328
81.5,220,361.519269
-27.6,300,361.569783
-46.9,300,361.620947
101.3,8,361.622528
-35.2,300,361.672597
-46.2,300,361.721587
-31.1,300,361.773268
-30.1,300,361.82252
-27.6,300,361.887247
72.9,120,361.912722
-27.5,300,361.963961
-44.9,300,362.014696
-36.6,300,362.063988
97.0,61,362.074203
103.4,22,362.079688
-25.9,300,362.130261
-69.4,300,362.180044
99.1,51,362.189472
103.0,11,362.193109
-29.6,300,362.242663
-36.2,300,362.291585
-39.0,300,362.341666
102.1,14,362.345587
63.4,238,362.385638
47.2,270,362.431503
-25.4,300,362.48036
-27.5,300,362.532913
68.1,146,362.558982
103.0,11,362.561344
-27.7,300,362.610994
-58.3,300,362.662679
-26.8,300,362.711835
-56.7,300,362.762524
-26.5,300,362.811425
-27.9,300,362.863763
-28.0,300,362.912866
-42.1,300,362.963485
-30.0,300,363.012458
75.3,252,363.056777
-34.6,300,363.105885
-27.0,300,363.155838
84.8,152,363.180834
101.5,6,363.183708
-29.4,300,363.232494
80.1,110,363.252024
-48.3,300,363.301438
-28.7,300,363.353477
-28.1,300,363.402708
-44.6,300,363.453037
-59.3,300,363.502886
-27.5,300,363.554717
-67.1,300,363.60506
90.1,66,363.616193
-27.8,300,363.666278
-50.5,300,363.718063
86.3,188,363.749381
90.0,125,363.770853
-31.0,300,363.820623
-71.6,300,363.873182
59.1,170,363.90242
-76.8,300,363.952249
-27.5,300,364.00262
-26.9,300,364.054199
100.8,16,364.057073
-40.6,300,364.10754
-27.3,300,364.156629
-33.2,300,364.208894
-28.7,300,364.258029
-29.2,300,364.308225
76.8,185,364.338508
101.8,8,364.341513
-27.8,300,364.3915
100.3,33,364.397892
-29.1,300,364.447721
-28.0,300,364.499573
-37.2,300,364.549701
-27.3,300,364.598906
-28.4,300,364.648737
-58.1,300,364.699718
-28.1,300,364.750105
-73.0,300,364.80013
-29.5,300,364.849628
-32.6,300,364.901205
102.8,17,364.904544
-27.2,300,364.954913
-28.1,300,365.003853
-69.9,300,365.057165
95.3,90,365.072006
-27.8,300,365.121098
-27.1,300,365.170955
101.8,8,365.17409
-46.0,300,365.223688
-29.8,300,365.273922
98.9,33,365.279425
97.1,59,365.291221
-29.8,300,365.340757
102.3,13,365.343137
-27.1,300,365.393435
82.3,103,365.412451
-74.5,300,365.463692
101.8,8,365.465325
-28.0,300,365.514492
-48.1,300,365.567155
-29.0,300,365.61643
101.9,12,365.618637
-26.6,300,365.669157
-27.3,300,365.72032
102.3,32,365.725782
-50.0,300,365.776147
-29.0,300,365.825062
89.2,70,365.838737
-26.5,300,365.890804
97.5,69,365.903209
-56.5,300,365.952679
-66.3,300,366.005321
-29.3,300,366.05466
-30.1,300,366.105114
-72.6,300,366.154984
-63.0,300,366.207553
-74.8,300,366.257288
-30.2,300,366.306984
-29.5,300,366.355804
-29.1,300,366.407591
87.5,98,366.424191
-35.0,300,366.4741
-29.1,300,366.524462
-30.1,300,366.575607
-30.5,300,366.625978
92.7,99,366.642331
-68.9,300,366.69183
-55.5,300,366.743981
-29.4,300,366.793366
-70.5,300,366.844326
-29.2,300,366.893701
100.1,27,366.90028
-44.3,300,366.951328
-27.0,300,367.00054
-43.9,300,367.051317
86.3,178,367.082403
85.5,150,367.107376
97.4,42,367.114331
-73.1,300,367.164381
-39.7,300,367.216346
-28.9,300,367.266324
102.1,10,367.268457
92.5,101,367.285127
-27.1,300,367.336011
77.0,193,367.368954
103.5,16,367.371904
-35.6,300,367.420963
72.3,166,367.451526
102.2,9,367.453259
-75.9,300,367.503527
-57.4,300,367.55494
102.7,9,367.558317
-27.9,300,367.608489
-27.5,300,367.657862
-29.1,300,367.708222
-26.0,300,367.759413
-27.4,300,367.809717
103.6,15,367.812625
-31.5,300,367.862028
103.0,16,367.867471
-27.8,300,367.917128
-31.6,300,367.966256
-27.7,300,368.016461
-29.5,300,368.067711
79.3,240,368.109866
-27.6,300,368.159298
84.1,224,368.197303
91.9,126,368.219858
-35.7,300,368.270114
82.9,197,368.30356
-47.8,300,368.353626
-68.5,300,368.406956
-30.9,300,368.455792
-77.2,300,368.507444
76.4,235,368.546007
-68.6,300,368.598335
100.2,34,368.604043
100.3,38,368.610643
-27.1,300,368.661335
51.9,246,368.705042
-61.3,300,368.755566
-28.0,300,368.806862
-51.0,300,368.860374
98.8,48,368.870287
-33.9,300,368.923168
-35.4,300,368.974124
-32.9,300,369.025691
-41.4,300,369.077053
78.8,229,369.115049
80.5,212,369.151114
-27.5,300,369.200497
-40.3,300,369.253434
-29.6,300,369.302739
-28.6,300,369.352674
-83.4,300,369.402213
66.3,187,369.436205
-27.6,300,369.486132
-26.1,300,369.535186
81.2,220,369.572309
-78.1,300,369.624279
-51.9,300,369.675076
-42.8,300,369.724451
-50.4,300,369.774834
-64.9,300,369.846065
99.4,42,369.853453
-29.3,300,369.903523
-43.7,300,369.952728
102.5,11,369.956008
102.9,22,369.960117
-28.1,300,370.01044
-76.8,300,370.060202
-31.0,300,370.112212
-30.2,300,370.161477
-27.5,300,370.211726
97.0,79,370.225074
94.3,86,370.240853
-26.7,300,370.290804
-29.7,300,370.340287
-29.2,300,370.390899
-26.0,300,370.442345
103.2,19,370.445835
-29.3,300,370.495642
-57.5,300,370.545493
-29.3,300,370.596998
94.6,90,370.612117
101.0,31,370.617817
-57.5,300,370.667256
-26.5,300,370.719331
-32.2,300,370.768589
-41.1,300,370.819571
-29.3,300,370.869424
-33.6,300,370.92164
-44.0,300,370.971217
-82.2,300,371.02237
-46.1,300,371.072018
-29.6,300,371.124166
-28.7,300,371.174393
-32.3,300,371.224513
-51.9,300,371.274466
101.9,7,371.277815
102.9,12,371.280106
-28.8,300,371.330376
-34.4,300,371.380102
-57.3,300,371.431491
-29.0,300,371.482111
-29.8,300,371.531054
102.4,12,371.533352
86.2,149,371.560353
85.2,192,371.59193
-39.3,300,371.64144
101.6,5,371.642442
-44.3,300,371.694382
-28.6,300,371.743499
-32.8,300,371.794096
-41.9,300,371.843534
-30.5,300,371.895614
92.8,125,371.9167
-30.1,300,371.966843
-30.6,300,372.016202
-74.1,300,372.068914
-30.8,300,372.118789
-29.1,300,372.168644
-50.6,300,372.21879
73.9,283,372.266699
-40.1,300,372.317384
-29.1,300,372.366956
-29.9,300,372.417358
-29.1,300,372.468446
83.5,104,372.486654
102.1,10,372.488893
92.8,108,372.507279
-70.5,300,372.561286
-51.9,300,372.612632
-28.3,300,372.661825
-29.2,300,372.711915
-57.4,300,372.763591
-54.1,300,372.813981
-71.1,300,372.863847
-79.2,300,372.914743
-28.0,300,372.966931
-40.3,300,373.017123
-41.8,300,373.066822
-30.4,300,373.115953
72.3,287,373.165656
-63.9,300,373.214874
-71.2,300,373.266065
-69.7,300,373.31518
103.4,12,373.319018
-31.8,300,373.369765
96.2,86,373.384079
103.0,11,373.386289
-27.3,300,373.438294
102.5,16,373.441209
-29.0,300,373.491147
-34.7,300,373.541403
-49.6,300,373.593315
-68.0,300,373.643894
86.1,95,373.660079
76.7,241,373.69956
-29.0,300,373.751932
-31.4,300,373.801564
-27.2,300,373.851263
-27.8,300,373.900674
-29.0,300,373.952061
-30.2,300,374.002279
102.0,19,374.005782
-45.6,300,374.055005
-29.5,300,374.106946
103.9,21,374.110565
-26.0,300,374.159543
-28.3,300,374.209761
-30.9,300,374.261159
-30.3,300,374.311539
-27.3,300,374.360666
-28.7,300,374.410895
-29.0,300,374.461743
-28.5,300,374.512321
101.4,16,374.515247
-29.0,300,374.564605
103.1,26,374.570872
-26.5,300,374.621693
102.2,9,374.623781
-46.8,300,374.673445
-28.8,300,374.725477
104.2,14,374.727987
-28.9,300,374.777473
-25.7,300,374.827811
-33.1,300,374.878643
-27.7,300,374.929188
-39.1,300,374.978628
101.5,11,374.980753
-26.1,300,375.033409
-43.2,300,375.082707
-57.0,300,375.133418
64.6,193,375.165402
99.5,36,375.173122
96.3,57,375.182828
101.6,5,375.184254
99.5,41,375.191294
-29.3,300,375.244058
-26.7,300,375.293607
-29.0,300,375.344062
97.0,66,375.354991
-28.5,300,375.40555
67.2,146,375.431244
-31.6,300,375.48142
-28.3,300,375.531546
-28.5,300,375.582752
-30.9,300,375.63177
98.9,22,375.636151
-53.8,300,375.685858
-62.3,300,375.737684
-28.8,300,375.788335
-28.2,300,375.837785
-31.7,300,375.888356
-26.7,300,375.939851
-61.3,300,375.990703
-68.6,300,376.04036
-52.4,300,376.091073
-50.8,300,376.142753
-27.0,300,376.193259
-28.4,300,376.242279
-28.7,300,376.29266
33.7,288,376.343169
-27.1,300,376.393466
-80.1,300,376.443725
-29.5,300,376.49395
-55.0,300,376.545482
-34.7,300,376.59637
-27.2,300,376.645833
62.3,285,376.693934
-30.2,300,376.74555
101.9,17,376.748427
-50.2,300,376.798201
76.0,274,376.843422
-31.0,300,376.8952
-38.4,300,376.94482
-26.0,300,376.994501
-43.4,300,377.044598
102.2,9,377.048494
-27.7,300,377.09905
-29.8,300,377.14881
-53.4,300,377.199856
88.0,174,377.23413
-28.4,300,377.287372
-29.3,300,377.34128
-26.0,300,377.392331
-29.6,300,377.445566
-29.9,300,377.497192
105.3,18,377.500707
-55.5,300,377.552837
-58.0,300,377.604986
99.1,49,377.613335
-51.4,300,377.664291
-29.8,300,377.714057
-39.3,300,377.766726
85.6,157,377.792859
102.3,20,377.796452
-29.0,300,377.847336
-29.3,300,377.899612
82.8,101,377.916738
103.2,26,377.921524
-27.2,300,377.990131
-29.8,300,378.041681
73.8,175,378.071929
-27.0,300,378.121302
93.0,63,378.131597
-40.0,300,378.184075
-29.7,300,378.233006
-34.4,300,378.283
87.1,90,378.298364
-29.0,300,378.350285
76.9,180,378.380829
-27.5,300,378.429954
-28.0,300,378.479957
-49.3,300,378.530948
-59.4,300,378.581632
-29.7,300,378.631266
97.1,78,378.6441
-38.8,300,378.69617
-38.1,300,378.745479
103.7,14,378.748237
-38.7,300,378.798469
-40.1,300,378.849894
-31.7,300,378.900212
-47.1,300,378.949499
-47.9,300,378.999533
-43.2,300,379.052005
82.1,199,379.084797
-29.3,300,379.134946
101.3,37,379.141203
103.3,25,379.147503
-27.5,300,379.197186
-39.1,300,379.247813
-68.0,300,379.296848
-28.3,300,379.348629
-28.5,300,379.397886
-26.8,300,379.44799
103.8,25,379.452392
-44.8,300,379.504029
-27.0,300,379.554288
-34.5,300,379.603747
-28.5,300,379.653754
-66.6,300,379.70526
105.3,18,379.708719
-28.5,300,379.758855
103.6,15,379.761745
-29.2,300,379.812961
-50.0,300,379.863718
-28.5,300,379.913047
83.1,198,379.946495
-34.6,300,379.998104
-29.4,300,380.047847
-29.4,300,380.097758
-28.8,300,380.147041
-28.3,300,380.198933
-28.0,300,380.248275
-29.4,300,380.298944
102.3,13,380.301281
80.8,203,380.337289
-28.0,300,380.387315
-27.5,300,380.436448
89.6,53,380.445376
-28.1,300,380.496927
-48.0,300,380.546749
-27.9,300,380.596985
104.7,19,380.600485
-30.0,300,380.653512
98.5,63,380.664256
-33.2,300,380.715441
-30.6,300,380.764527
-58.1,300,380.817772
-30.9,300,380.866713
-29.5,300,380.91734
-29.6,300,380.966555
97.0,70,380.979593
-36.2,300,381.030167
-38.4,300,381.07893
-28.0,300,381.129433
-30.9,300,381.180859
-29.1,300,381.231294
-69.1,300,381.280364
-36.5,300,381.330682
99.3,73,381.344682
-47.4,300,381.394331
-28.6,300,381.444015
-47.1,300,381.493286
-28.0,300,381.545125
102.7,9,381.546799
-29.1,300,381.596061
-35.8,300,381.646356
78.6,263,381.692118
-27.0,300,381.741917
-44.7,300,381.791264
89.3,129,381.812663
-34.7,300,381.864501
-30.0,300,381.913513
99.0,30,381.918467
-27.1,300,381.968992
-28.7,300,382.020185
-33.8,300,382.070552
-29.9,300,382.119977
102.6,10,382.122089
102.8,22,382.127109
-42.5,300,382.17807
-27.6,300,382.227553
-29.2,300,382.278589
-29.3,300,382.329554
-28.6,300,382.379424
-63.0,300,382.429357
-29.3,300,382.479719
71.9,291,382.530171
-28.5,300,382.582533
-27.9,300,382.631888
92.9,117,382.651118
102.5,24,382.656883
-29.7,300,382.707788
91.9,71,382.719834
90.2,139,382.743276
-31.6,300,382.796005
-51.2,300,382.846041
-28.0,300,382.89665
-70.9,300,382.94613
-46.2,300,382.998232
-37.1,300,383.048255
-40.8,300,383.098246
-28.7,300,383.148944
-51.2,300,383.200329
101.8,12,383.202618
-41.8,300,383.253066
-36.2,300,383.301846
-50.0,300,383.354323
-29.3,300,383.403774
-27.9,300,383.454063
-28.5,300,383.502986
83.8,183,383.536691
-29.4,300,383.586738
-30.5,300,383.636932
-26.3,300,383.686271
-28.7,300,383.73852
104.4,17,383.741734
-27.4,300,383.791046
78.2,116,383.810302
-32.0,300,383.862357
-48.5,300,383.912229
-35.5,300,383.962691
102.8,13,383.965028
-31.6,300,384.016618
-39.6,300,384.066691
101.2,28,384.071584
-27.9,300,384.120731
-27.6,300,384.17351
-41.0,300,384.222696
-28.6,300,384.272584
96.8,63,384.28335
78.6,223,384.322307
-30.9,300,384.372221
-60.1,300,384.421815
-29.0,300,384.471087
-51.4,300,384.523152
97.0,46,384.530842
-61.8,300,384.580991
-27.6,300,384.630497
-44.0,300,384.681544
-26.5,300,384.731628
-46.5,300,384.781031
93.9,89,384.796634
73.9,188,384.829855
-44.8,300,384.879202
99.0,46,384.887231
-37.6,300,384.937753
-30.0,300,384.98921
-29.3,300,385.039854
103.0,11,385.042306
102.0,15,385.044707
-28.4,300,385.095613
-28.9,300,385.145959
-28.3,300,385.194803
-32.0,300,385.245072
-27.6,300,385.296499
80.4,170,385.325584
-47.1,300,385.37518
101.8,8,385.376794
-49.0,300,385.429126
-27.3,300,385.478497
84.9,129,385.499612
-35.3,300,385.549525
101.6,10,385.553144
101.3,13,385.555484
101.2,17,385.558476
-30.3,300,385.607665
-44.9,300,385.660301
82.9,178,385.689885
-30.3,300,385.739596
102.1,10,385.741395
74.9,117,385.76294
-28.9,300,385.811978
-40.4,300,385.862184
-36.8,300,385.91148
-49.5,300,385.963778
102.7,9,385.965955
101.7,9,385.967646
102.2,9,385.969318
-58.3,300,386.020297
-31.0,300,386.070484
-75.7,300,386.120329
92.5,111,386.138717
82.5,165,386.168811
102.8,13,386.171118
102.3,26,386.175895
-31.1,300,386.225523
-30.3,300,386.277911
-64.6,300,386.327477
-27.8,300,386.377658
-66.4,300,386.42704
-63.4,300,386.479223
-28.8,300,386.528487
97.0,41,386.535263
-27.6,300,386.585612
-28.3,300,386.638338
88.7,185,386.676753
93.6,105,386.713578
-29.0,300,386.772067
-48.3,300,386.830943
-45.1,300,386.886099
77.0,264,386.932055
-30.8,300,386.988419
64.1,290,387.04039
102.0,6,387.04195
-27.3,300,387.098199
105.1,20,387.102298
103.4,22,387.108046
61.4,199,387.150994
-28.5,300,387.202007
-28.8,300,387.259207
90.7,159,387.289719
-38.7,300,387.350939
104.5,21,387.354723
104.5,16,387.357703
101.5,16,387.362557
-62.7,300,387.414454
102.6,10,387.416314
-62.0,300,387.465588
-37.8,300,387.518213
-31.7,300,387.568914
98.7,59,387.579179
-70.0,300,387.630106
59.1,191,387.664172
-25.8,300,387.71383
-41.5,300,387.764368
-29.2,300,387.813185
-36.7,300,387.865523
103.6,23,387.869715
98.7,37,387.876005
99.7,31,387.881404
-35.2,300,387.933583
89.2,99,387.95018
-75.7,300,388.000261
95.2,84,388.014422
-52.5,300,388.067503
-30.2,300,388.116592
104.7,19,388.120063
-32.1,300,388.170463
-28.3,300,388.22169
-32.7,300,388.271994
102.9,16,388.274954
-63.5,300,388.324352
-29.9,300,388.375848
-27.0,300,388.424452
102.2,9,388.426139
-49.9,300,388.475889
-35.7,300,388.527105
102.0,6,388.528559
-29.7,300,388.578181
-36.4,300,388.628815
-46.1,300,388.684459
104.2,19,388.688423
102.8,8,388.690217
-29.2,300,388.750985
-27.0,300,388.806057
103.1,23,388.809916
92.1,82,388.823555
-27.5,300,388.872503
-32.9,300,388.924568
-46.4,300,388.973716
-28.2,300,389.024162
-28.5,300,389.073371
99.5,37,389.081217
104.0,16,389.085182
-28.2,300,389.135011
-30.0,300,389.185033
99.4,57,389.196507
74.1,277,389.242244
79.7,263,389.285168
103.9,17,389.288476
-29.6,300,389.340102
-29.1,300,389.388745
102.1,18,389.391742
-66.5,300,389.442547
-27.5,300,389.494422
-70.9,300,389.544853
-42.3,300,389.59376
-26.8,300,389.644299
98.8,43,389.65336
-33.3,300,389.702968
-29.0,300,389.753579
-26.6,300,389.802751
103.9,17,389.807257
-68.4,300,389.858652
-68.5,300,389.908568
-74.3,300,389.959583
-32.9,300,390.011023
-35.7,300,390.060959
-30.1,300,390.10969
-29.2,300,390.159879
-45.0,300,390.211251
-26.8,300,390.261941
-45.3,300,390.311492
-27.6,300,390.361747
101.5,16,390.366299
104.1,15,390.369236
-64.4,300,390.419251
-30.9,300,390.469377
-38.7,300,390.520859
96.5,59,390.530926
101.8,16,390.533855
74.0,272,390.579648
-28.1,300,390.630996
-28.5,300,390.681271
85.9,162,390.707884
-75.0,300,390.757507
88.2,75,390.772885
-29.0,300,390.822642
-65.9,300,390.873325
-26.5,300,390.923286
103.0,11,390.926957
-32.5,300,390.977391
-66.7,300,391.027478
-27.1,300,391.07754
81.6,110,391.097675
-65.0,300,391.147928
99.4,21,391.151667
42.0,234,391.191897
-27.1,300,391.243344
-43.9,300,391.293554
98.1,65,391.304851
-27.1,300,391.354115
-29.5,300,391.406132
-82.3,300,391.456599
-27.6,300,391.506889
-27.2,300,391.556259
-32.6,300,391.608521
-29.6,300,391.658345
-28.7,300,391.708008
102.6,10,391.710116
-29.0,300,391.7611
-28.0,300,391.810067
-36.2,300,391.860047
103.5,24,391.864316
-28.7,300,391.916665
-37.6,300,391.966314
91.6,105,391.98363
-64.4,300,392.034046
103.9,25,392.040009
-30.0,300,392.090061
-48.6,300,392.140472
99.2,25,392.144843
-73.3,300,392.196454
-44.7,300,392.247006
-27.0,300,392.296632
-29.0,300,392.346795
101.6,22,392.352867
-27.5,300,392.402538
-34.8,300,392.452908
-29.0,300,392.502475
-46.7,300,392.575763
-27.5,300,392.625141
-25.2,300,392.675552
-66.4,300,392.725306
-25.7,300,392.777653
101.8,16,392.780566
67.1,299,392.829355
-66.9,300,392.880029
-63.7,300,392.931253
-65.6,300,392.981248
-41.9,300,393.030392
-43.2,300,393.08008
-33.8,300,393.130854
-35.4,300,393.179911
-42.6,300,393.230518
-29.3,300,393.27974
-29.1,300,393.332402
-30.1,300,393.381832
-73.6,300,393.432622
-31.1,300,393.48185
-36.7,300,393.533938
104.5,16,393.536911
-45.5,300,393.585794
-43.7,300,393.636228
-27.0,300,393.68766
-37.1,300,393.738098
-47.9,300,393.787449
-37.8,300,393.837631
-46.2,300,393.888991
-27.5,300,393.939269
-26.5,300,393.988583
-50.4,300,394.039431
-72.3,300,394.091447
88.8,148,394.115969
102.9,12,394.118243
-30.0,300,394.168305
-49.7,300,394.220305
-27.5,300,394.270776
-27.7,300,394.319801
-66.1,300,394.370564
-29.0,300,394.421941
-50.0,300,394.472784
-57.2,300,394.522319
95.6,63,394.53279
-27.7,300,394.585295
-47.2,300,394.634841
83.3,97,394.651344
-28.6,300,394.701774
72.0,263,394.747131
-72.8,300,394.797834
-29.1,300,394.847305
88.1,180,394.877824
-51.9,300,394.929371
-73.9,300,394.980221
-75.4,300,395.030256
-35.9,300,395.079753
-29.2,300,395.131261
-72.4,300,395.180858
-38.2,300,395.230939
-37.9,300,395.280432
81.8,226,395.321174
-29.6,300,395.370296
-76.7,300,395.420561
-29.1,300,395.469523
-43.9,300,395.522033
-28.2,300,395.571312
100.5,17,395.57428
-36.1,300,395.624421
-42.1,300,395.675272
-51.7,300,395.725037
-31.7,300,395.773596
-35.0,300,395.823589
-66.0,300,395.875544
84.7,116,395.894824
-52.8,300,395.945708
101.9,7,395.947215
-29.0,300,395.998512
102.1,10,396.000272
-29.0,300,396.050657
-49.8,300,396.10019
-62.6,300,396.152926
102.0,15,396.155826
-32.4,300,396.205174
-46.2,300,396.255709
-40.0,300,396.30741
-28.5,300,396.357817
-32.8,300,396.407102
88.2,150,396.43206
103.4,12,396.435809
102.1,15,396.438218
101.7,17,396.44185
101.7,17,396.444845
-54.2,300,396.49681
-44.3,300,396.54643
-29.7,300,396.597
42.7,246,396.637501
102.6,10,396.641445
-41.7,300,396.692722
-64.5,300,396.741738
104.0,20,396.745318
-50.9,300,396.79762
-30.6,300,396.846789
-48.0,300,396.897484
-29.1,300,396.946626
102.0,15,396.951199
101.1,9,396.952868
-31.6,300,397.00411
-41.5,300,397.053426
96.9,57,397.064637
-28.0,300,397.115219
-69.0,300,397.165266
-47.4,300,397.215751
-71.9,300,397.26692
-38.9,300,397.317332
-27.0,300,397.366568
-26.3,300,397.416826
-27.0,300,397.468252
-29.1,300,397.518538
-33.6,300,397.568425
79.4,219,397.605724
-27.5,300,397.656961
94.3,83,397.6709
-29.6,300,397.720786
101.4,15,397.72331
-28.7,300,397.77452
-75.7,300,397.825465
-31.1,300,397.875106
-53.3,300,397.925396
-31.2,300,397.977155
-37.1,300,398.026985
-28.1,300,398.076557
90.3,81,398.09042
-28.6,300,398.142593
-72.0,300,398.192888
97.4,46,398.200544
-30.8,300,398.250651
-58.6,300,398.302455
-28.5,300,398.352969
-31.3,300,398.402305
100.8,13,398.404592
-27.0,300,398.456843
-27.5,300,398.506325
-62.4,300,398.557102
-37.3,300,398.606682
102.3,13,398.611067
-27.5,300,398.661642
-38.3,300,398.711427
-34.4,300,398.76152
-29.4,300,398.812837
-29.5,300,398.861784
-27.2,300,398.912305
-40.9,300,398.961897
79.5,101,398.981204
104.6,20,398.985044
-28.8,300,399.034453
101.9,12,399.036688
-51.4,300,399.089067
-40.6,300,399.139048
-45.3,300,399.188907
-29.9,300,399.238702
-59.3,300,399.291015
-70.2,300,399.341011
-30.1,300,399.39269
-45.2,300,399.442588
93.8,50,399.45302
102.1,19,399.456612
104.2,14,399.459454
-34.5,300,399.509896
-33.8,300,399.561224
-55.9,300,399.611935
87.9,149,399.636638
-67.8,300,399.685522
-34.0,300,399.737536
88.5,101,399.754315
93.2,129,399.775661
-27.7,300,399.825945
102.4,12,399.829886
-28.2,300,399.87953
-55.0,300,399.93011
-28.0,300,399.979614
-26.0,300,400.031851
101.9,15,400.034894
-27.0,300,400.083956
-29.0,300,400.134141
100.8,12,400.138329
-30.4,300,400.188642
-61.1,300,400.238816
-28.5,300,400.288582
100.8,28,400.294987
87.2,111,400.313819
102.0,11,400.316156
-36.4,300,400.366743
102.7,9,400.370128
101.4,16,400.373111
-29.3,300,400.422635
101.8,16,400.425577
-30.4,300,400.478037
-31.6,300,400.52705
-30.8,300,400.577023
101.8,8,400.578682
-27.7,300,400.629866
-27.8,300,400.68038
-38.8,300,400.730015
101.7,14,400.73237
-28.5,300,400.785025
102.5,16,400.787964
-27.7,300,400.837159
100.1,20,400.840748
-28.8,300,400.892631
91.5,145,400.917214
-31.2,300,400.966183
-71.3,300,401.016598
-26.6,300,401.068014
-65.1,300,401.119193
-30.6,300,401.168257
-29.0,300,401.218751
101.5,31,401.225696
-28.7,300,401.275416
-27.0,300,401.325515
-38.1,300,401.374844
-27.4,300,401.427311
-34.1,300,401.476437
-29.6,300,401.526861
102.3,8,401.528499
-44.0,300,401.580238
-47.9,300,401.630908
-27.1,300,401.680208
101.5,6,401.681669
-28.1,300,401.734033
-27.6,300,401.783339
-61.5,300,401.834004
-30.2,300,401.882798
-28.5,300,401.934856
-28.0,300,401.984072
-28.9,300,402.047175
-47.8,300,402.103664
-27.4,300,402.156613
-53.4,300,402.20611
-28.9,300,402.256317
-27.0,300,402.305066
-29.5,300,402.357194
-68.0,300,402.406954
-30.4,300,402.456772
-28.0,300,402.506045
103.7,14,402.510186
-46.7,300,402.561891
-57.0,300,402.612277
99.8,38,402.618903
60.3,289,402.669603
-29.2,300,402.718873
-29.8,300,402.768885
102.0,6,402.770407
-34.2,300,402.821416
58.5,204,402.855905
69.8,143,402.880334
-28.0,300,402.929625
-52.6,300,402.982634
102.1,43,402.99013
88.2,164,403.017309
-30.0,300,403.066714
-29.0,300,403.118523
94.6,90,403.133587
102.7,14,403.136014
101.9,12,403.13828
100.0,21,403.143625
-27.6,300,403.194593
-28.8,300,403.243756
-29.4,300,403.293767
79.1,216,403.331059
-28.3,300,403.380325
-31.3,300,403.430584
103.1,31,403.436057
-32.4,300,403.487072
-28.5,300,403.537393
101.4,11,403.53963
100.5,14,403.541941
-38.4,300,403.593697
-27.5,300,403.644157
102.7,9,403.646208
-42.8,300,403.695673
-26.7,300,403.747801
-29.4,300,403.797374
-27.6,300,403.847854
-29.2,300,403.897342
103.9,17,403.902136
104.1,24,403.906542
82.8,200,403.940632
-27.0,300,403.990236
-27.9,300,404.041865
79.9,256,404.084374
-37.8,300,404.134268
76.5,272,404.179017
-48.6,300,404.231216
-27.0,300,404.280603
-38.8,300,404.329695
-31.3,300,404.380289
-61.0,300,404.435386
-27.3,300,404.485878
-40.9,300,404.535389
-38.4,300,404.585998
-27.5,300,404.637224
-27.7,300,404.68744
101.1,5,404.688472
76.9,196,404.720834
-29.5,300,404.773422
-28.1,300,404.822531
-27.6,300,404.872807
-28.6,300,404.921945
-27.5,300,404.974181
101.1,45,404.981613
96.8,48,404.989697
-27.2,300,405.038766
101.7,9,405.042264
-26.7,300,405.092978
-27.8,300,405.14205
-28.0,300,405.192118
-28.5,300,405.243374
102.7,18,405.246467
-27.6,300,405.296701
-28.5,300,405.345923
-27.5,300,405.398152
-29.6,300,405.44756
-34.9,300,405.497899
105.1,20,405.501661
-48.5,300,405.553516
-26.9,300,405.604082
-28.8,300,405.653604
-32.4,300,405.703616
-77.3,300,405.756009
103.6,15,405.758892
-34.8,300,405.808666
-30.8,300,405.858181
84.5,192,405.891884
-30.1,300,405.942256
-35.3,300,405.991845
-47.7,300,406.042108
-26.2,300,406.093439
-28.3,300,406.143707
101.8,8,406.145311
100.6,20,406.148865
-47.7,300,406.200307
92.8,112,406.218899
89.7,137,406.242506
-27.3,300,406.291748
-29.4,300,406.343385
-26.5,300,406.392024
102.3,8,406.393612
-28.0,300,406.442799
-28.6,300,406.492773
-45.1,300,406.541925
-72.4,300,406.593239
104.8,18,406.596637
103.8,18,406.601203
103.4,22,406.605283
99.0,46,406.612905
-29.0,300,406.663381
-27.1,300,406.7148
-68.7,300,406.765549
102.6,10,406.767741
-43.1,300,406.817317
-27.9,300,406.86909
-29.4,300,406.918861
-38.9,300,406.968835
-29.7,300,407.01858
-59.5,300,407.071572
83.5,183,407.101951
-27.7,300,407.150985
-29.1,300,407.201273
-29.0,300,407.252195
-28.0,300,407.302492
-37.3,300,407.352073
-38.8,300,407.40274
-41.6,300,407.454401
-35.7,300,407.50471
47.8,265,407.54937
-32.1,300,407.600829
91.0,133,407.625007
-28.0,300,407.674475
76.6,262,407.718352
-29.6,300,407.767463
99.5,40,407.775978
-29.1,300,407.826853
-61.5,300,407.876972
-65.4,300,407.927881
-30.0,300,407.979761
-28.7,300,408.02984
101.7,9,408.031919
-27.2,300,408.080984
103.4,17,408.085522
103.9,22,408.089434
-29.0,300,408.139594
-31.7,300,408.18841
-27.0,300,408.240426
95.1,62,408.251195
-28.0,300,408.300341
96.7,37,408.306575
-26.8,300,408.359029
-66.4,300,408.40839
-37.6,300,408.458793
79.2,209,408.493116
-41.7,300,408.545242
-31.7,300,408.594806
-34.6,300,408.644178
94.4,101,408.662132
104.3,18,408.667159
-27.7,300,408.717241
-35.8,300,408.767382
-28.0,300,408.81693
-49.3,300,408.869162
-43.1,300,408.918833
-26.9,300,408.968571
-29.8,300,409.01814
102.3,13,409.02196
-28.5,300,409.072288
-28.5,300,409.121846
-30.3,300,409.171092
104.3,18,409.176287
-31.4,300,409.226417
-26.2,300,409.275721
-27.8,300,409.326157
-50.9,300,409.37777
-28.2,300,409.427862
102.8,8,409.429494
101.3,12,409.431715
-26.5,300,409.48305
98.6,47,409.491895
-33.1,300,409.541323
102.4,12,409.543582
-27.2,300,409.594472
-29.5,300,409.644803
-68.2,300,409.694349
-45.4,300,409.745171
-28.8,300,409.796171
-42.2,300,409.846783
-27.5,300,409.896053
93.4,87,409.910855
-29.0,300,409.962135
-39.2,300,410.011244
-43.2,300,410.061719
105.1,20,410.065383
103.2,14,410.069578
-41.4,300,410.119495
-52.3,300,410.169923
-65.5,300,410.219916
-26.5,300,410.272175
-28.5,300,410.321056
102.2,9,410.32273
-34.8,300,410.372781
-28.1,300,410.443549
102.4,12,410.446006
-30.1,300,410.495326
-27.6,300,410.545679
-31.3,300,410.596892
-27.5,300,410.645818
-75.8,300,410.696572
-30.2,300,410.745245
105.1,20,410.750431
-39.1,300,410.800921
-31.0,300,410.849859
-39.8,300,410.900314
-28.1,300,410.951318
-75.8,300,411.002278
-29.1,300,411.05133
-67.1,300,411.101776
-30.2,300,411.153414
-33.5,300,411.203416
-58.8,300,411.252256
81.0,169,411.280953
96.5,46,411.290526
-30.2,300,411.339956
-29.1,300,411.389603
93.2,94,411.405327
104.6,15,411.409724
101.8,8,411.411291
-27.0,300,411.460966
101.9,21,411.464647
-29.7,300,411.517343
84.1,209,411.552147
-31.9,300,411.602156
77.6,225,411.639494
-30.8,300,411.690526
88.5,125,411.712213
101.6,5,411.713223
-34.5,300,411.762581
103.1,10,411.766466
101.7,9,411.768068
-30.9,300,411.81899
-78.6,300,411.868967
-30.0,300,411.921408
-28.0,300,411.97071
-42.9,300,412.020801
-27.2,300,412.070295
-47.4,300,412.122565
-29.2,300,412.171986
97.1,65,412.182986
-28.5,300,412.232841
102.5,11,412.236981
-30.2,300,412.287066
-27.0,300,412.336934
103.8,29,412.342045
88.2,177,412.373646
-29.3,300,412.422967
102.3,8,412.42458
-27.0,300,412.475017
-28.0,300,412.526482
102.4,17,412.529514
-27.7,300,412.581165
-35.1,300,412.630987
102.4,12,412.634773
-52.4,300,412.686397
103.4,17,412.689429
101.9,7,412.690931
-30.7,300,412.742299
98.3,53,412.751959
102.2,25,412.75632
-27.7,300,412.805954
102.8,13,412.810469
-45.4,300,412.860993
102.7,14,412.863365
-27.0,300,412.913345
-28.1,300,412.965408
102.8,8,412.967058
99.1,40,412.974138
75.2,257,413.016498
69.1,148,413.043312
-30.2,300,413.093811
80.4,98,413.110371
95.5,58,413.119776
102.6,10,413.123382
-27.6,300,413.173811
-31.5,300,413.223391
-30.2,300,413.272375
100.3,33,413.280315
90.7,69,413.292152
-41.7,300,413.341616
-27.1,300,413.39117
104.9,17,413.3965
-27.5,300,413.446088
-25.4,300,413.49584
102.2,9,413.49756
-29.2,300,413.549059
62.2,262,413.592212
100.6,39,413.599642
-29.7,300,413.649153
98.9,64,413.661936
102.3,13,413.664297
-26.5,300,413.714433
-27.6,300,413.763398
102.3,13,413.767535
94.4,87,413.782249
-27.7,300,413.832328
96.7,73,413.844758
-27.5,300,413.896171
-39.8,300,413.946827
-28.5,300,413.996351
-28.5,300,414.046512
104.0,21,414.051948
-40.1,300,414.101682
96.2,59,414.111595
-30.6,300,414.162199
-75.0,300,414.214352
-27.5,300,414.264455
-27.6,300,414.313715
-30.0,300,414.363556
-38.7,300,414.415272
-27.0,300,414.465515
90.8,118,414.484847
-42.3,300,414.534004
-31.0,300,414.586385
-26.7,300,414.635877
-47.2,300,414.686541
-44.0,300,414.736014
-59.2,300,414.788136
-49.9,300,414.837961
101.8,8,414.839547
-28.5,300,414.889655
-32.0,300,414.941321
-30.3,300,414.991754
-33.6,300,415.041218
-29.5,300,415.091619
-77.6,300,415.14333
94.8,68,415.154785
-30.0,300,415.205121
-71.7,300,415.25406
-31.9,300,415.306655
-30.1,300,415.356061
-26.6,300,415.406604
-28.2,300,415.455819
95.7,44,415.465015
-30.0,300,415.51568
-26.3,300,415.564917
-28.0,300,415.615497
-28.7,300,415.666564
-29.9,300,415.716787
102.0,27,415.721618
-45.9,300,415.771179
101.9,12,415.774985
75.2,257,415.818843
-47.6,300,415.868223
-27.0,300,415.918491
-27.0,300,415.96992
-30.2,300,416.019597
-51.9,300,416.069549
-29.0,300,416.119378
-31.2,300,416.171279
-49.7,300,416.220676
-39.0,300,416.271238
-43.0,300,416.320841
-31.5,300,416.373381
-28.3,300,416.422878
74.1,282,416.47073
-48.3,300,416.520338
-28.5,300,416.572959
-30.4,300,416.622329
-28.5,300,416.673039
-56.3,300,416.72255
72.9,146,416.74981
102.7,9,416.751526
-37.6,300,416.801388
-32.9,300,416.853412
-31.1,300,416.905751
99.4,41,416.913036
-28.2,300,416.962949
-25.6,300,417.01251
-29.6,300,417.06402
-27.0,300,417.114357
104.2,19,417.117547
-39.3,300,417.166675
85.3,187,417.200436
102.4,12,417.202699
-29.0,300,417.251948
101.5,15,417.254774
-70.1,300,417.307888
88.8,154,417.333245
90.0,122,417.353471
94.0,74,417.365647
-28.0,300,417.418666
-28.0,300,417.4676
97.3,66,417.480816
102.8,13,417.483283
-39.6,300,417.535477
92.2,119,417.555243
-26.6,300,417.606987
-28.0,300,417.65617
-30.3,300,417.708528
102.1,10,417.710327
-31.7,300,417.759671
-41.1,300,417.809315
-45.0,300,417.861041
90.4,75,417.873957
-58.7,300,417.923879
97.1,65,417.934808
102.9,12,417.938475
-27.6,300,417.988595
-28.0,300,418.03898
-27.7,300,418.088282
102.6,10,418.092189
-61.6,300,418.143644
-60.4,300,418.192871
-42.9,300,418.24331
-28.0,300,418.314561
-28.0,300,418.364819
-27.5,300,418.414209
-31.6,300,418.464456
-25.0,300,418.515788
-27.0,300,418.565595
-28.5,300,418.61454
-41.0,300,418.664616
-42.8,300,418.716101
-28.0,300,418.766236
-26.5,300,418.815218
102.1,14,418.81768
-30.3,300,418.869534
-29.0,300,418.919119
-42.0,300,418.969081
-33.2,300,419.01856
-32.9,300,419.070014
-29.0,300,419.120212
-31.4,300,419.169448
104.1,20,419.172877
-40.9,300,419.224573
-32.6,300,419.273277
-39.0,300,419.323526
92.5,49,419.33213
-69.1,300,419.384188
-31.4,300,419.434131
-28.5,300,419.483111
-84.7,300,419.53333
102.1,19,419.538012
-29.0,300,419.587461
-29.2,300,419.638032
-29.0,300,419.687061
-76.2,300,419.740024
-28.5,300,419.789147
-30.1,300,419.839272
-29.6,300,419.887962
-27.0,300,419.9406
92.1,90,419.955591
-28.0,300,420.004219
-28.5,300,420.054308
-31.3,300,420.10502
-59.9,300,420.15519
-35.3,300,420.204456
-50.1,300,420.254954
-64.1,300,420.306978
-31.5,300,420.357209
98.0,36,420.363227
-55.8,300,420.412678
104.1,15,420.417032
-30.2,300,420.468031
-65.7,300,420.518067
-26.5,300,420.568564
-28.3,300,420.619773
-26.7,300,420.67037
-31.8,300,420.719664
-33.0,300,420.769683
-32.1,300,420.821156
-68.8,300,420.87151
77.6,125,420.892732
103.5,11,420.894938
-38.5,300,420.946261
-27.5,300,420.996487
-32.6,300,421.046171
-39.4,300,421.096517
-31.8,300,421.148403
-32.7,300,421.199001
-61.9,300,421.249002
101.5,6,421.250047
85.5,80,421.265294
-32.7,300,421.316019
-41.9,300,421.365162
-39.9,300,421.415863
-48.0,300,421.466972
-29.4,300,421.517258
-28.0,300,421.567076
-42.8,300,421.617403
-36.4,300,421.66899
74.8,138,421.692296
-29.2,300,421.742803
-42.7,300,421.792166
-31.9,300,421.844394
-30.3,300,421.893678
102.9,12,421.895935
-68.8,300,421.947003
-42.4,300,421.998891
-27.2,300,422.049174
-28.4,300,422.098127
-29.1,300,422.14818
-27.7,300,422.199131
-34.0,300,422.24937
-71.2,300,422.299031
-28.5,300,422.349356
-29.9,300,422.401058
-25.5,300,422.451504
-47.6,300,422.50102
-29.6,300,422.551411
-29.6,300,422.603993
-28.5,300,422.654557
91.9,101,422.671395
-31.8,300,422.720435
-27.9,300,422.772631
-30.7,300,422.821774
-47.3,300,422.872666
-29.5,300,422.921573
93.8,102,422.940688
84.7,158,422.967717
-28.1,300,423.017254
-28.0,300,423.067134
96.9,42,423.075634
100.0,25,423.080309
97.0,61,423.090527
55.0,268,423.1348
-32.5,300,423.186808
-28.5,300,423.236667
-27.6,300,423.28698
-66.2,300,423.337446
94.0,76,423.352258
-27.5,300,423.402765
-37.8,300,423.452152
-69.7,300,423.50357
-60.3,300,423.555215
-42.7,300,423.605672
97.7,44,423.612987
-58.6,300,423.662318
104.8,18,423.667271
101.4,27,423.672312
102.7,9,423.674014
-51.1,300,423.724811
102.1,10,423.728341
-57.3,300,423.77865
64.6,247,423.820586
86.6,159,423.846827
80.1,206,423.883125
-27.1,300,423.933424
-30.5,300,423.982557
-29.1,300,424.032949
-47.5,300,424.084917
-39.2,300,424.135104
-75.8,300,424.185033
-29.6,300,424.235318
-32.3,300,424.286672
-33.8,300,424.336612
-28.0,300,424.386506
-34.3,300,424.43665
-38.6,300,424.489022
87.6,143,424.512825
-34.1,300,424.563307
-34.8,300,424.612888
-28.0,300,424.664783
-39.2,300,424.714069
-70.3,300,424.764901
-40.6,300,424.814519
-26.0,300,424.866532
-28.6,300,424.915778
-31.6,300,424.965611
-55.2,300,425.015743
93.6,84,425.031562
-37.3,300,425.082557
-85.8,300,425.132614
-73.6,300,425.183297
-27.8,300,425.234331
-30.5,300,425.284221
-27.2,300,425.333736
-29.0,300,425.383069
-26.4,300,425.434269
94.8,67,425.445212
-27.1,300,425.494941
-27.5,300,425.544285
-28.3,300,425.596182
-29.0,300,425.64576
-68.9,300,425.695595
-61.6,300,425.746648
-28.5,300,425.797906
-29.0,300,425.848249
-28.5,300,425.899886
-27.7,300,425.950192
-27.1,300,426.001338
92.7,76,426.014051
83.1,200,426.048086
102.3,13,426.050859
-29.7,300,426.102198
-31.1,300,426.152507
-29.7,300,426.201837
-43.5,300,426.252228
100.7,19,426.257205
102.0,6,426.258638
-31.9,300,426.308134
102.5,11,426.310326
-44.1,300,426.362648
-45.2,300,426.412206
83.7,94,426.427668
-26.0,300,426.477859
75.7,253,426.521104
66.9,224,426.559072
-27.5,300,426.608667
-27.1,300,426.658682
-32.1,300,426.710564
90.4,137,426.73347
-87.1,300,426.78465
-28.5,300,426.834286
102.1,10,426.837516
96.8,57,426.847351
101.9,7,426.849029
-70.3,300,426.89996
-30.2,300,426.951713
90.9,68,426.963259
101.9,7,426.964792
-28.0,300,427.015198
-27.3,300,427.066172
-30.1,300,427.116387
-27.2,300,427.16526
-48.9,300,427.215677
-28.8,300,427.266996
-30.2,300,427.317077
-34.1,300,427.366184
81.1,217,427.40281
-45.7,300,427.45446
-55.5,300,427.517448
-32.5,300,427.574257
-28.0,300,427.625713
-35.9,300,427.676961
-51.0,300,427.727551
-28.3,300,427.776824
-30.4,300,427.82674
103.9,22,427.832688
94.1,105,427.850468
81.2,217,427.886542
-53.5,300,427.937122
95.7,64,427.949555
-31.6,300,427.998905
-36.6,300,428.049187
-45.3,300,428.098123
-45.4,300,428.150354
-39.4,300,428.199476
93.0,52,428.208441
-53.6,300,428.258899
-28.5,300,428.310544
82.9,198,428.344143
102.2,9,428.345908
-74.6,300,428.395983
-31.1,300,428.447794
92.2,69,428.459406
-26.0,300,428.509136
-25.6,300,428.559082
102.8,13,428.56307
-31.6,300,428.612506
-53.7,300,428.662773
83.3,82,428.67705
-39.1,300,428.72806
-75.0,300,428.778617
-26.2,300,428.82791
-28.3,300,428.878016
89.4,122,428.899946
-30.6,300,428.94929
-37.9,300,428.999578
103.0,11,429.001792
-28.2,300,429.052997
-29.3,300,429.103072
-33.5,300,429.152462
78.0,127,429.173746
-30.2,300,429.225333
91.5,75,429.237931
-29.2,300,429.287671
102.4,7,429.289043
102.5,11,429.292971
-29.1,300,429.342742
99.0,28,429.34753
103.8,18,429.351031
-27.7,300,429.403244
-57.9,300,429.45303
-27.2,300,429.503352
-81.6,300,429.553297
-35.0,300,429.605166
102.7,14,429.607588
69.3,161,429.6345
-28.5,300,429.683655
-34.1,300,429.736559
-39.0,300,429.785908
-33.6,300,429.8362
-34.6,300,429.885073
-30.0,300,429.937425
-68.3,300,429.98728
89.0,65,429.998526
-53.1,300,430.049401
-28.0,300,430.100714
-28.2,300,430.150511
-76.5,300,430.199918
-27.3,300,430.250256
-26.4,300,430.301524
-35.2,300,430.351599
-26.0,300,430.40059
104.4,27,430.405002
104.3,18,430.409919
-49.5,300,430.460823
-28.2,300,430.510123
-26.5,300,430.560475
-27.6,300,430.612047
-36.4,300,430.662277
-34.7,300,430.711722
34.5,275,430.7586
94.1,46,430.767968
-39.3,300,430.818229
100.8,18,430.821659
-32.5,300,430.872199
-29.2,300,430.923616
-28.0,300,430.973715
-35.3,300,431.022965
-30.5,300,431.072831
-30.3,300,431.124272
-28.0,300,431.174392
97.6,49,431.182942
98.7,42,431.189923
-50.4,300,431.241616
-43.3,300,431.291939
-75.0,300,431.340984
102.8,13,431.3437
-25.5,300,431.396233
-35.9,300,431.445541
-25.7,300,431.495578
-58.9,300,431.54518
-38.2,300,431.597962
-30.2,300,431.647488
-31.6,300,431.697143
-26.3,300,431.746992
-26.6,300,431.798546
-27.1,300,431.849258
-27.6,300,431.898521
-28.5,300,431.948905
-38.5,300,432.000321
-45.3,300,432.050949
-27.2,300,432.10032
-28.9,300,432.15055
-33.8,300,432.201123
-28.0,300,432.251258
-31.9,300,432.30086
101.9,7,432.301978
103.1,10,432.305845
-30.0,300,432.35656
-26.3,300,432.405695
84.1,176,432.43529
-52.2,300,432.486483
-63.8,300,432.536683
85.4,206,432.571468
104.2,24,432.575845
-63.7,300,432.628099
-28.1,300,432.678707
85.9,161,432.705879
77.8,201,432.738923
103.3,13,432.743198
-28.5,300,432.793098
-30.8,300,432.842338
-65.7,300,432.892884
-72.6,300,432.944615
-26.4,300,432.995169
-27.5,300,433.044152
-52.8,300,433.095006
-77.6,300,433.146489
102.4,17,433.149438
-25.9,300,433.20013
-27.1,300,433.249243
102.1,10,433.252788
-43.9,300,433.304042
-31.0,300,433.353227
-28.1,300,433.403674
-34.4,300,433.455103
-43.0,300,433.505374
-33.4,300,433.554559
-28.1,300,433.604589
-28.5,300,433.6558
-29.3,300,433.705925
-26.5,300,433.754962
-28.5,300,433.80512
-33.2,300,433.856398
82.7,196,433.888846
-29.0,300,433.93916
-32.6,300,433.98824
101.5,6,433.991117
99.4,65,434.003362
-43.6,300,434.052968
100.9,11,434.054791
-34.2,300,434.105668
102.2,9,434.108416
-30.7,300,434.158031
-38.6,300,434.207171
101.0,6,434.210033
105.0,21,434.214517
-28.0,300,434.264179
-53.1,300,434.313784
-48.6,300,434.366051
-31.3,300,434.415173
98.1,32,434.4206
-26.3,300,434.471309
98.2,74,434.485818
-26.5,300,434.535936
103.1,10,434.537846
90.7,60,434.548169
-27.5,300,434.599979
-31.2,300,434.650569
-31.3,300,434.699619
90.0,105,434.717285
-29.0,300,434.769632
-43.1,300,434.81914
100.6,19,434.82221
-29.1,300,434.872675
-27.1,300,434.92468
-59.7,300,434.975577
-28.9,300,435.025159
-35.0,300,435.075769
-27.6,300,435.126838
98.2,80,435.140288
-50.2,300,435.191313
-28.8,300,435.241055
-28.5,300,435.29389
-39.5,300,435.343532
103.0,11,435.345755
-27.8,300,435.396115
-56.5,300,435.448267
-29.7,300,435.512332
-28.5,300,435.566987
-27.6,300,435.617705
101.1,9,435.620865
-31.8,300,435.670698
92.4,132,435.693178
-28.0,300,435.742671
-47.9,300,435.795228
-25.8,300,435.844743
-26.5,300,435.894092
-29.8,300,435.94453
-47.4,300,435.995435
-27.5,300,436.045612
-27.5,300,436.094668
-33.1,300,436.144689
83.7,90,436.161796
-28.0,300,436.210995
-37.0,300,436.261119
102.9,12,436.263354
-25.5,300,436.314945
-35.3,300,436.365162
101.7,9,436.366856
-32.0,300,436.41595
-63.1,300,436.468691
-42.3,300,436.517852
-27.3,300,436.568351
-36.8,300,436.617145
99.1,28,436.623827
76.7,240,436.664757
89.9,160,436.691409
-41.6,300,436.740356
-28.3,300,436.7921
-30.7,300,436.840994
-38.1,300,436.891309
-41.8,300,436.940528
-30.1,300,436.992622
102.4,7,436.994173
-49.6,300,437.043366
-25.0,300,437.093733
102.2,9,437.097223
101.9,7,437.098775
-71.3,300,437.148917
-28.6,300,437.199396
-27.5,300,437.250344
-26.5,300,437.30072
99.9,48,437.308775
-25.6,300,437.358093
87.4,79,437.374041
-30.7,300,437.423451
96.4,103,437.440065
-29.6,300,437.49002
-75.3,300,437.541785
-43.8,300,437.593732
-34.1,300,437.643614
-40.3,300,437.693507
-32.6,300,437.744649
-33.7,300,437.794806
-27.5,300,437.844532
-40.3,300,437.893433
-36.4,300,437.94563
-29.0,300,437.995089
85.1,175,438.025165
-35.4,300,438.074289
-36.9,300,438.126506
-28.5,300,438.175773
-48.9,300,438.226072
-32.6,300,438.275455
-61.1,300,438.3285
-30.1,300,438.377833
-31.0,300,438.427972
-28.2,300,438.477582
-26.1,300,438.529355
89.7,76,438.542154
-38.1,300,438.591867
101.9,16,438.59476
-29.9,300,438.647099
-26.4,300,438.69675
94.6,115,438.715981
-32.4,300,438.766395
-35.4,300,438.817612
-36.5,300,438.868048
-29.7,300,438.917352
77.5,284,438.964704
-57.0,300,439.016524
-47.9,300,439.067481
104.3,23,439.071663
-43.8,300,439.121069
83.9,104,439.140814
-41.0,300,439.191409
-31.8,300,439.241071
-37.6,300,439.291968
-25.9,300,439.34302
-42.0,300,439.393585
-28.5,300,439.442848
-37.4,300,439.49313
-42.8,300,439.544436
-55.5,300,439.594953
-30.0,300,439.644853
-77.8,300,439.695746
-73.7,300,439.747753
-65.7,300,439.798397
95.9,69,439.810048
61.1,293,439.858056
101.1,5,439.860536
102.9,21,439.864553
-30.0,300,439.915665
-26.5,300,439.96484
101.0,6,439.967756
-52.8,300,440.019292
-34.0,300,440.068793
102.5,11,440.071008
-39.5,300,440.123712
103.0,30,440.128812
-31.7,300,440.177732
102.1,19,440.1811
-27.0,300,440.233339
-38.3,300,440.282574
-27.1,300,440.332675
-25.5,300,440.381597
-50.4,300,440.434445
101.7,43,440.441778
-76.6,300,440.491522
-29.0,300,440.54176
-27.4,300,440.593091
-29.2,300,440.642758
-50.0,300,440.69256
-37.5,300,440.742966
-39.0,300,440.794821
-29.5,300,440.84492
-29.2,300,440.89454
-29.0,300,440.944526
-28.0,300,440.995639
-75.9,300,441.045536
92.5,128,441.06778
-29.5,300,441.11731
70.8,129,441.140951
104.1,20,441.144496
-27.2,300,441.194733
-30.2,300,441.244268
-32.0,300,441.296956
-40.5,300,441.346375
102.7,9,441.348091
-31.8,300,441.398201
-31.2,300,441.449669
103.2,14,441.452464
-28.9,300,441.50281
-29.6,300,441.552273
83.9,174,441.583996
-32.5,300,441.634032
-59.3,300,441.683983
-26.0,300,441.733635
-28.9,300,441.785536
103.4,12,441.787849
-60.6,300,441.837961
-60.7,300,441.887545
-42.7,300,441.939738
102.7,9,441.941774
-31.2,300,441.990766
102.4,12,441.992961
-27.5,300,442.045037
-34.6,300,442.094604
-55.3,300,442.145489
-30.9,300,442.194921
-75.8,300,442.247876
100.6,10,442.249541
-28.2,300,442.298799
100.7,19,442.302278
-27.5,300,442.355118
-62.9,300,442.404902
-27.5,300,442.455174
-28.3,300,442.50427
-37.6,300,442.556521
-32.6,300,442.607667
-31.9,300,442.658467
-27.6,300,442.708047
-54.7,300,442.760761
101.8,8,442.762343
-35.0,300,442.811726
-29.1,300,442.862222
-37.5,300,442.913899
-62.9,300,442.96409
-28.7,300,443.013344
-50.8,300,443.063527
-28.4,300,443.114634
-27.8,300,443.164521
104.2,19,443.168198
-29.0,300,443.217405
102.3,8,443.220797
-61.6,300,443.271778
-67.8,300,443.321656
-29.5,300,443.371467
-29.5,300,443.422977
102.5,21,443.426521
-44.8,300,443.47689
-34.7,300,443.52671
-29.6,300,443.578618
94.8,72,443.590903
87.0,165,443.618188
-75.7,300,443.668032
-28.1,300,443.720964
-30.8,300,443.77015
-70.1,300,443.821001
-29.0,300,443.869862
-26.2,300,443.922124
-60.4,300,443.971536
-30.6,300,444.022074
-45.4,300,444.071322
101.5,6,444.074501
99.0,46,444.08233
-30.7,300,444.132518
-69.3,300,444.182354
-66.4,300,444.235378
-28.6,300,444.284176
-27.2,300,444.334856
102.5,11,444.337044
-34.2,300,444.388103
-55.4,300,444.438643
103.0,11,444.440834
-30.2,300,444.489939
101.7,9,444.493246
104.1,15,444.496157
-30.1,300,444.546745
-40.3,300,444.595618
-60.2,300,444.66822
-32.8,300,444.716849
97.9,30,444.721791
-31.7,300,444.771785
73.3,235,444.812917
95.2,55,444.822419
104.9,17,444.825429
-31.3,300,444.875379
-39.2,300,444.926177
98.2,43,444.933676
-29.0,300,444.984084
-39.0,300,445.033652
-32.5,300,445.086262
93.2,60,445.096334
-42.1,300,445.14549
-61.7,300,445.196348
-56.6,300,445.247653
-30.4,300,445.297977
-43.2,300,445.347401
-27.1,300,445.397547
-54.5,300,445.449284
100.6,28,445.454221
-68.3,300,445.505005
-50.6,300,445.554335
-27.0,300,445.606744
88.3,129,445.62791
-59.8,300,445.676984
-58.5,300,445.727393
103.0,11,445.731086
-29.4,300,445.780961
-26.1,300,445.830872
96.5,66,445.841579
-39.9,300,445.893331
-28.2,300,445.942614
-31.1,300,445.99174
-30.3,300,446.042381
-48.7,300,446.094021
-55.1,300,446.144645
100.0,21,446.14833
-29.7,300,446.197252
102.9,12,446.201047
-30.3,300,446.251049
-30.1,300,446.29967
-26.5,300,446.349695
-36.5,300,446.40098
-29.9,300,446.45138
97.3,43,446.458772
-35.8,300,446.507812
-34.8,300,446.56017
-34.3,300,446.609557
-32.5,300,446.661021
-30.4,300,446.710543
103.6,15,446.714906
-27.0,300,446.765237
-38.4,300,446.814708
-28.3,300,446.864852
85.7,73,446.87888
-60.7,300,446.928747
-42.0,300,446.979291
-29.6,300,447.02825
104.2,14,447.03261
-29.5,300,447.083727
-29.6,300,447.132969
-29.6,300,447.183231
-29.0,300,447.234683
-32.9,300,447.284929
-30.3,300,447.334454
-26.5,300,447.38457
-45.1,300,447.436025
-34.6,300,447.486139
-30.3,300,447.535462
102.3,37,447.541706
-25.9,300,447.594887
66.0,164,447.62284
-27.0,300,447.671938
-35.6,300,447.722894
-31.5,300,447.774278
-33.4,300,447.824784
-71.1,300,447.874107
84.2,155,447.900792
-41.2,300,447.952368
71.7,114,447.971489
-28.3,300,448.021611
-53.0,300,448.070951
-42.4,300,448.123669
69.0,266,448.167823
91.5,117,448.187152
-43.6,300,448.237681
-29.0,300,448.288052
102.9,12,448.29031
-36.0,300,448.340499
-28.5,300,448.389768
94.6,44,448.399064
-28.9,300,448.449247
-33.8,300,448.498554
-32.1,300,448.548713
-74.6,300,448.60024
102.4,20,448.603832
87.6,198,448.637612
-44.9,300,448.687193
-23.2,300,448.739783
90.6,110,448.758112
-39.4,300,448.80695
78.5,120,448.826793
-32.7,300,448.878776
-52.6,300,448.928544
-31.0,300,448.979058
103.3,13,448.981436
-34.1,300,449.032489
-52.1,300,449.083257
81.7,215,449.118406
-31.0,300,449.168927
102.8,13,449.172687
87.4,136,449.195621
-48.6,300,449.245266
-28.8,300,449.29566
-31.8,300,449.347251
85.5,147,449.372804
-46.4,300,449.422166
-31.4,300,449.472427
-25.6,300,449.523435
-30.3,300,449.573361
-29.1,300,449.622397
-61.5,300,449.672054
-26.0,300,449.722933
-29.6,300,449.772156
-29.5,300,449.822635
90.9,79,449.83604
-29.7,300,449.888038
-29.1,300,449.93766
-35.6,300,449.986993
-54.0,300,450.036767
-28.5,300,450.087053
-51.8,300,450.137703
-29.3,300,450.187155
-41.3,300,450.237696
-56.9,300,450.289289
-42.6,300,450.339353
-32.2,300,450.388397
-46.7,300,450.438828
-27.6,300,450.490055
-47.3,300,450.540407
-36.4,300,450.589468
103.1,10,450.591269
-26.9,300,450.643859
101.1,5,450.644899
-34.3,300,450.69401
-26.2,300,450.744226
103.1,10,450.747896
-30.4,300,450.797705
-41.8,300,450.847938
-35.8,300,450.897276
-41.6,300,450.949793
103.7,14,450.952241
-26.8,300,451.001159
97.3,58,451.010999
-33.6,300,451.063298
-34.0,300,451.112366
103.9,12,451.114629
80.0,133,451.136423
103.9,27,451.142664
-27.5,300,451.19318
-77.0,300,451.243079
-54.0,300,451.293328
104.1,15,451.298017
-28.8,300,451.347742
38.7,300,451.398693
91.9,117,451.418187
-28.8,300,451.470242
101.0,19,451.473702
-54.3,300,451.523665
-45.8,300,451.573733
102.5,11,451.576963
-53.5,300,451.626509
-54.1,300,451.676054
84.2,185,451.707844
-40.2,300,451.759465
103.4,12,451.761739
-45.5,300,451.812418
-55.4,300,451.862255
-41.7,300,451.914435
-29.7,300,451.963814
-74.2,300,452.014275
-69.3,300,452.064517
100.6,59,452.076305
61.6,192,452.109524
-62.5,300,452.159389
102.0,11,452.161548
-26.0,300,452.213613
103.5,11,452.215936
-49.2,300,452.264531
100.1,34,452.270256
-29.4,300,452.32269
-38.5,300,452.371531
-30.1,300,452.421429
-38.7,300,452.470969
-44.8,300,452.543244
-29.1,300,452.592892
-31.0,300,452.644053
-40.7,300,452.693581
-69.8,300,452.746181
103.3,13,452.748987
-43.8,300,452.798427
-31.8,300,452.848855
-38.3,300,452.900461
103.8,13,452.902857
-70.6,300,452.953683
-31.3,300,453.003016
-27.7,300,453.055058
-30.4,300,453.104769
-30.2,300,453.154392
103.1,15,453.157382
-47.6,300,453.208623
65.5,254,453.250202
-57.7,300,453.300786
-41.5,300,453.349593
-28.1,300,453.402305
97.3,98,453.418756
-42.7,300,453.46865
-44.5,300,453.518146
-41.2,300,453.570181
102.9,12,453.572469
-34.3,300,453.622121
-28.5,300,453.671193
85.7,214,453.709359
-33.1,300,453.758224
-32.1,300,453.808313
99.3,28,453.813205
-25.5,300,453.863424
-31.5,300,453.913208
93.9,82,453.926921
-33.7,300,453.976349
-26.1,300,454.028574
-26.6,300,454.077611
92.1,133,454.100575
-63.8,300,454.149858
92.1,107,454.16979
69.5,127,454.190956
-29.8,300,454.241056
-32.0,300,454.290183
-28.1,300,454.342286
-31.0,300,454.391296
97.2,49,454.399747
102.9,12,454.401982
-30.9,300,454.454272
-30.0,300,454.503395
-31.7,300,454.553749
-30.3,300,454.6028
-30.9,300,454.655062
-29.5,300,454.704526
-29.0,300,454.755075
-34.9,300,454.804358
-29.0,300,454.856708
86.6,179,454.885835
71.8,291,454.934621
103.0,11,454.936848
-54.7,300,454.988678
-28.3,300,455.040245
-26.5,300,455.090498
-49.4,300,455.140808
-32.3,300,455.192683
-30.1,300,455.243798
-42.3,300,455.293801
-27.7,300,455.343412
-29.5,300,455.395372
-28.7,300,455.444723
-31.7,300,455.495404
-29.8,300,455.544378
-30.1,300,455.59696
102.7,9,455.598683
-29.5,300,455.647777
102.3,8,455.64936
102.3,13,455.653078
-36.0,300,455.703776
73.7,127,455.725251
-29.2,300,455.775403
102.4,7,455.778763
-29.2,300,455.828857
-31.7,300,455.879141
-27.6,300,455.928947
102.9,12,455.932811
-56.2,300,455.983971
70.3,257,456.02606
-29.2,300,456.075122
102.6,10,456.079674
-29.8,300,456.129169
-52.7,300,456.179214
-29.6,300,456.229426
-27.5,300,456.280569
-30.6,300,456.330994
-35.0,300,456.380325
-28.8,300,456.430741
-41.9,300,456.482
103.0,11,456.483879
-29.6,300,456.534179
95.9,62,456.544764
-37.0,300,456.596315
92.3,103,456.614565
-30.7,300,456.663754
-36.6,300,456.714013
-29.3,300,456.76488
78.1,215,456.799856
-29.1,300,456.850071
-29.2,300,456.899099
-28.6,300,456.951081
-43.9,300,456.9996
-25.8,300,457.049481
102.9,12,457.051767
-30.6,300,457.103666
-29.6,300,457.154438
-30.9,300,457.2046
-74.5,300,457.256783
-32.9,300,457.308256
-50.2,300,457.359292
103.8,13,457.37761
-33.4,300,457.427305
-27.0,300,457.480278
104.4,17,457.483454
-31.6,300,457.532476
-48.4,300,457.583371
95.8,70,457.597514
103.0,11,457.599957
-28.4,300,457.649512
-27.6,300,457.699637
-26.8,300,457.751163
-30.0,300,457.801797
-30.3,300,457.851286
-74.3,300,457.9018
-28.5,300,457.95297
-38.0,300,458.003607
-35.6,300,458.053058
-46.3,300,458.103615
101.7,9,458.106735
94.0,45,458.114726
-38.3,300,458.165219
-29.5,300,458.215971
-34.5,300,458.267866
-27.5,300,458.318221
-28.0,300,458.367483
-35.6,300,458.41772
-32.0,300,458.468906
-31.8,300,458.519129
-28.6,300,458.568133
-33.2,300,458.618239
-27.4,300,458.669781
-38.5,300,458.719837
-29.8,300,458.769641
73.9,268,458.813521
-28.3,300,458.865894
95.3,87,458.879993
-25.0,300,458.929736
-36.4,300,458.979422
104.1,15,458.983753
89.3,95,459.000185
102.5,11,459.002388
-35.4,300,459.053132
-29.0,300,459.104809
-29.7,300,459.155297
-30.8,300,459.204615
-27.6,300,459.254599
-29.1,300,459.305898
-28.3,300,459.356078
-29.7,300,459.406597
-29.0,300,459.456609
99.0,40,459.465506
76.9,266,459.50947
-51.6,300,459.559964
-72.3,300,459.61038
104.8,23,459.616084
-27.0,300,459.666901
51.3,214,459.702903
-55.5,300,459.752043
-28.5,300,459.804618
-37.8,300,459.854125
104.8,18,459.857568
-59.7,300,459.908505
-30.1,300,459.960188
-27.6,300,460.010653
99.9,17,460.013627
88.5,65,460.024642
-29.6,300,460.076166
-52.0,300,460.126576
102.3,8,460.128186
-41.0,300,460.177862
-62.4,300,460.230734
-27.5,300,460.280018
-50.2,300,460.330939
-29.9,300,460.379744
-31.8,300,460.432127
-41.7,300,460.481725
101.9,12,460.48389
-29.7,300,460.534218
99.1,54,460.545188
-37.1,300,460.594686
-30.2,300,460.644969
101.8,12,460.647235
-27.4,300,460.698655
-65.7,300,460.749435
96.4,102,460.766344
101.0,10,460.768465
-56.8,300,460.821008
-27.6,300,460.870945
-30.4,300,460.920049
-58.2,300,460.97062
-33.8,300,461.021883
-61.2,300,461.072952
-28.0,300,461.136263
103.3,18,461.14245
-41.7,300,461.195375
98.0,36,461.201593
-27.0,300,461.251978
-30.4,300,461.301195
-30.7,300,461.353266
-31.0,300,461.402438
-30.0,300,461.452113
98.2,39,461.459062
-37.8,300,461.510316
-29.3,300,461.559923
103.0,11,461.562137
-29.9,300,461.611654
-31.7,300,461.663451
-27.6,300,461.713422
101.8,8,461.715077
103.4,21,461.718685
77.6,280,461.767778
-28.8,300,461.817409
-27.4,300,461.866669
-39.9,300,461.917219
-31.5,300,461.968189
98.5,41,461.975021
-28.1,300,462.025387
-54.4,300,462.074383
-31.8,300,462.126912
-39.9,300,462.176557
101.9,7,462.178122
101.0,6,462.179561
-25.7,300,462.231943
-45.5,300,462.281058
101.0,10,462.282831
-30.4,300,462.333113
-60.0,300,462.38404
-28.4,300,462.434041
-29.7,300,462.483312
-29.6,300,462.533728
83.8,217,462.571149
-40.0,300,462.623576
-29.7,300,462.672805
83.6,87,462.687699
-50.4,300,462.740919
-45.5,300,462.790341
102.8,13,462.792582
104.1,20,462.796141
104.7,19,462.801151
-58.1,300,462.852637
96.8,91,462.868065
-30.6,300,462.918209
-37.3,300,462.970809
-29.3,300,463.020747
-39.0,300,463.070764
-29.0,300,463.120753
103.1,10,463.124133
-69.0,300,463.174339
-38.2,300,463.22415
-37.1,300,463.274429
-35.3,300,463.325873
-47.2,300,463.376646
96.7,64,463.387393
-69.2,300,463.438034
-25.2,300,463.489442
-32.0,300,463.539522
-27.4,300,463.589021
-25.5,300,463.638171
-34.5,300,463.689987
93.5,126,463.71102
-30.2,300,463.761062
-29.1,300,463.810464
-28.0,300,463.862272
-38.8,300,463.91179
-39.2,300,463.961701
64.7,241,464.001724
-50.1,300,464.053121
66.6,267,464.098185
-31.1,300,464.147269
77.3,100,464.164099
-29.4,300,464.216278
-29.3,300,464.265317
-31.4,300,464.315902
-27.3,300,464.364849
-29.7,300,464.416799
-28.7,300,464.465776
-31.8,300,464.516207
-31.5,300,464.564928
103.0,11,464.568511
-28.9,300,464.619597
-31.5,300,464.668923
-29.0,300,464.719095
-29.2,300,464.770983
-39.1,300,464.821645
-32.1,300,464.870726
-29.9,300,464.921075
-38.1,300,464.972214
65.1,236,465.012032
-29.1,300,465.061183
-28.7,300,465.111199
-36.1,300,465.162898
103.4,12,465.165215
-33.9,300,465.21463
-29.3,300,465.265315
-76.2,300,465.317251
-26.6,300,465.368003
-27.5,300,465.417044
-44.7,300,465.467589
-31.8,300,465.51866
-27.6,300,465.56886
101.8,8,465.570497
100.4,25,465.57478
-27.5,300,465.626471
-33.3,300,465.677013
44.8,243,465.717616
-30.1,300,465.767987
104.3,13,465.771866
-28.2,300,465.821477
-52.3,300,465.872265
99.6,54,465.881314
-29.1,300,465.933017
-31.4,300,465.983037
79.1,231,466.021344
-27.3,300,466.071464
-26.7,300,466.123148
103.6,15,466.125992
-58.7,300,466.176406
-29.7,300,466.225914
-37.9,300,466.278049
-33.4,300,466.327939
-35.2,300,466.377846
-82.1,300,466.427408
63.3,185,466.459949
103.0,11,466.462132
-35.5,300,466.51281
-37.8,300,466.562154
-44.8,300,466.614291
-34.3,300,466.663657
-28.9,300,466.713777
-28.7,300,466.762932
-47.0,300,466.815456
-46.6,300,466.864731
-61.1,300,466.915502
-28.6,300,466.964636
-29.2,300,467.016751
-27.5,300,467.065912
45.2,275,467.111989
92.4,88,467.127087
100.7,43,467.13589
-28.5,300,467.18549
-79.1,300,467.236541
101.4,7,467.238098
-40.0,300,467.289572
82.6,178,467.320092
-30.0,300,467.370054
-45.3,300,467.419759
-30.6,300,467.471424
-66.0,300,467.520908
-29.6,300,467.571187
-25.7,300,467.621761
-51.3,300,467.674954
-41.1,300,467.724673
-44.0,300,467.775155
-49.2,300,467.824222
-29.5,300,467.877011
-29.6,300,467.926506
42.2,300,467.977351
-61.9,300,468.027024
-61.0,300,468.07932
-33.3,300,468.128974
59.2,182,468.160406
-31.3,300,468.209792
-34.3,300,468.262252
-29.8,300,468.312182
-41.8,300,468.362637
54.1,273,468.407685
-29.2,300,468.459303
-29.5,300,468.50998
-27.0,300,468.559269
-41.7,300,468.609944
-25.9,300,468.66148
-50.0,300,468.712392
-47.3,300,468.762248
88.1,142,468.786731
-28.5,300,468.838095
-29.8,300,468.887194
-28.3,300,468.937706
-40.9,300,468.98721
-48.0,300,469.039189
-57.8,300,469.088824
-41.7,300,469.139466
-31.6,300,469.188741
102.9,12,469.192821
-30.0,300,469.243237
-26.8,300,469.292233
99.9,30,469.297138
89.4,107,469.317678
-29.5,300,469.36702
-25.6,300,469.416609
-32.6,300,469.466432
-65.9,300,469.519454
-76.4,300,469.569955
-25.5,300,469.619483
-29.3,300,469.669888
-36.8,300,469.741913
-32.3,300,469.791519
93.0,123,469.811995
83.2,203,469.84614
-43.3,300,469.8974
-31.5,300,469.947226
74.5,168,469.975035
-66.4,300,470.024082
-28.4,300,470.076291
-40.0,300,470.12544
-41.8,300,470.175858
-42.5,300,470.225118
-29.1,300,470.277362
54.9,203,470.310764
-29.1,300,470.360642
-27.8,300,470.410074
-27.9,300,470.462295
102.9,12,470.464516
-28.0,300,470.513718
-27.4,300,470.562571
-40.4,300,470.614212
-26.5,300,470.66306
-28.1,300,470.713358
-45.7,300,470.762656
-28.2,300,470.815264
-27.0,300,470.864499
-29.7,300,470.91491
-53.7,300,470.963829
74.8,291,471.014862
-43.7,300,471.064332
103.0,11,471.066554
-41.1,300,471.117174
-26.8,300,471.168497
-28.7,300,471.218306
-30.7,300,471.267661
102.9,12,471.269942
-28.6,300,471.322255
-25.5,300,471.371841
-29.1,300,471.422074
-30.1,300,471.471374
-28.7,300,471.523115
-46.4,300,471.572666
82.0,211,471.607352
-29.7,300,471.657832
-45.5,300,471.70937
-29.0,300,471.759564
-29.9,300,471.809028
-46.8,300,471.859236
-72.2,300,471.911544
-31.9,300,471.961851
-32.6,300,472.010726
-24.7,300,472.060556
-69.9,300,472.112277
-27.2,300,472.16253
-30.2,300,472.211986
-40.8,300,472.261942
-28.8,300,472.313571
-30.1,300,472.363501
69.4,145,472.387575
-55.4,300,472.437032
-32.6,300,472.489509
-35.9,300,472.539045
-28.0,300,472.589833
-58.6,300,472.640632
-29.1,300,472.692745
101.9,7,472.694317
103.3,13,472.696698
-61.9,300,472.746506
-30.8,300,472.799053
-73.9,300,472.849045
-33.6,300,472.899352
-69.3,300,472.949054
-56.2,300,473.00137
102.4,7,473.002932
-27.5,300,473.052606
-28.0,300,473.10209
-42.6,300,473.15363
103.4,12,473.155917
-25.5,300,473.20608
-29.0,300,473.255508
101.9,12,473.259241
103.1,10,473.260989
-28.2,300,473.311211
-30.0,300,473.360454
-28.5,300,473.411355
-36.6,300,473.461855
102.2,9,473.463564
-31.7,300,473.512494
-66.1,300,473.565528
-28.6,300,473.614781
-62.7,300,473.666036
100.9,51,473.674742
-50.2,300,473.726306
-28.5,300,473.776834
-29.9,300,473.825973
-71.9,300,473.876989
-25.8,300,473.928683
-30.0,300,473.979277
-29.1,300,474.028676
-34.6,300,474.079339
-30.2,300,474.130376
-28.2,300,474.180669
-30.9,300,474.229844
101.3,8,474.231453
102.8,13,474.235197
-27.4,300,474.286002
-37.1,300,474.335267
-68.8,300,474.385957
-42.5,300,474.437262
-28.2,300,474.487585
-48.8,300,474.537268
-27.1,300,474.587351
-32.1,300,474.638528
-27.2,300,474.688417
101.5,6,474.689969
-27.6,300,474.73976
-30.0,300,474.792223
71.9,239,474.832373
-38.4,300,474.881627
-29.7,300,474.932105
-30.4,300,474.983006
-35.5,300,475.033057
-28.8,300,475.082343
102.2,9,475.084045
-49.1,300,475.136477
-51.7,300,475.186431
103.0,11,475.188655
61.6,187,475.220488
102.7,18,475.225712
-29.5,300,475.275686
-50.7,300,475.32621
-29.4,300,475.375624
-28.3,300,475.428146
-57.1,300,475.477589
87.0,72,475.489803
-28.1,300,475.540024
-30.2,300,475.591634
-29.5,300,475.641589
102.3,8,475.643237
-31.7,300,475.693018
-28.8,300,475.745265
101.3,8,475.74686
-37.8,300,475.796595
101.8,8,475.798227
-30.1,300,475.850606
-30.4,300,475.900082
-79.0,300,475.950807
77.5,265,475.994509
-29.7,300,476.046098
-46.7,300,476.096349
-29.5,300,476.145728
-77.9,300,476.197071
-62.4,300,476.248999
-26.2,300,476.299635
-28.0,300,476.348892
-28.0,300,476.399227
-28.8,300,476.450701
-28.9,300,476.501198
-29.6,300,476.550453
102.5,41,476.557422
-28.1,300,476.609326
101.7,9,476.611384
-27.1,300,476.660323
-29.3,300,476.710504
84.7,189,476.74364
-74.4,300,476.794765
-25.0,300,476.844192
102.9,12,476.846424
-49.6,300,476.899445
-34.3,300,476.948782
-42.3,300,476.99878
-27.9,300,477.048405
93.0,90,477.06483
-27.3,300,477.115427
101.9,7,477.116985
-37.4,300,477.166226
-26.1,300,477.218474
102.6,10,477.220614
-29.8,300,477.269763
-68.6,300,477.320337
83.6,118,477.341827
-28.0,300,477.391117
-30.1,300,477.441741
-29.2,300,477.491229
-29.2,300,477.543509
102.4,20,477.547115
-28.2,300,477.597176
-30.7,300,477.648694
-29.8,300,477.700396
-27.4,300,477.750868
-44.0,300,477.800607
30.1,283,477.848994
101.0,6,477.851529
-72.9,300,477.921428
-28.2,300,477.972066
-32.1,300,478.020868
-25.5,300,478.073504
-39.5,300,478.122617
-28.1,300,478.172639
-64.8,300,478.22218
102.3,8,478.225225
103.0,11,478.22742
-37.3,300,478.277747
-28.1,300,478.327007
-31.6,300,478.379281
-33.0,300,478.429058
-55.7,300,478.479504
-27.5,300,478.528982
104.9,17,478.53379
101.5,6,478.535268
-25.5,300,478.585443
-29.6,300,478.634758
-28.1,300,478.686718
-38.7,300,478.73648
72.7,295,478.785455
-41.3,300,478.835457
102.2,43,478.844452
-72.6,300,478.895586
-46.8,300,478.945199
-52.2,300,478.995021
96.5,63,479.00748
-27.5,300,479.057176
-46.3,300,479.107604
99.5,16,479.110486
-28.7,300,479.161836
99.3,23,479.165865
-28.2,300,479.216052
-29.6,300,479.265333
-75.0,300,479.318111
-28.2,300,479.367356
-26.3,300,479.417447
89.5,130,479.438826
85.1,182,479.470909
82.0,97,479.487079
-27.0,300,479.537111
62.3,205,479.571015
95.6,77,479.58636
-36.8,300,479.637222
-26.6,300,479.686223
-29.0,300,479.736033
88.5,178,479.766992
-28.0,300,479.815916
-27.5,300,479.866675
-36.9,300,479.916137
-29.1,300,479.968548
-29.0,300,480.017553
-27.0,300,480.06751
-27.0,300,480.115882
-36.5,300,480.169745
-27.6,300,480.218647
-28.1,300,480.269046
-50.2,300,480.318687
-54.3,300,480.371254
-29.7,300,480.420465
-28.2,300,480.471118
-68.2,300,480.520904
-58.3,300,480.573455
-26.6,300,480.623301
-47.3,300,480.67353
-72.8,300,480.723765
-30.1,300,480.775931
-73.3,300,480.826189
-27.1,300,480.875427
-30.5,300,480.925649
-25.8,300,480.976723
-33.8,300,481.027435
94.2,73,481.03955
96.5,56,481.048944
103.3,13,481.053362
-28.0,300,481.104252
-37.0,300,481.15381
-36.2,300,481.204127
-30.0,300,481.255239
-43.6,300,481.305535
-37.8,300,481.355267
-31.2,300,481.405159
-33.7,300,481.456885
-54.0,300,481.506738
-29.6,300,481.557248
-31.1,300,481.606645
-29.3,300,481.658685
-29.8,300,481.70809
101.8,17,481.71103
103.4,12,481.713312
88.3,178,481.745501
-29.9,300,481.794949
-65.2,300,481.845787
-28.1,300,481.895391
-30.3,300,481.948036
-30.3,300,481.997455
-29.6,300,482.04763
-35.3,300,482.097225
-37.8,300,482.149447
98.0,31,482.155003
-30.6,300,482.204502
-29.8,300,482.254409
-68.0,300,482.306622
-29.0,300,482.356868
-53.8,300,482.40677
-28.0,300,482.457014
-31.2,300,482.507441
-26.0,300,482.556866
-30.9,300,482.608641
100.7,24,482.612997
-30.0,300,482.664382
-42.1,300,482.715254
64.7,167,482.74338
-30.6,300,482.794054
-75.6,300,482.846507
-27.5,300,482.89684
-28.2,300,482.946374
-28.7,300,482.996128
101.1,5,482.998653
-30.8,300,483.048277
-28.6,300,483.098284
-43.1,300,483.147744
103.9,12,483.151776
94.4,71,483.163909
-27.5,300,483.214237
-28.0,300,483.263048
-52.9,300,483.315336
-25.0,300,483.365083
80.3,196,483.397271
89.9,126,483.419017
-28.0,300,483.470308
101.8,8,483.471865
-28.5,300,483.521737
-33.1,300,483.570982
96.2,53,483.582215
-27.5,300,483.632801
-29.8,300,483.681883
-28.7,300,483.731814
-27.9,300,483.782876
-29.4,300,483.832788
-27.1,300,483.88245
102.2,9,483.884156
-34.7,300,483.936593
-38.6,300,483.986265
-64.3,300,484.03559
-29.5,300,484.085734
-29.5,300,484.136875
-30.3,300,484.187356
-27.9,300,484.236537
-56.7,300,484.287226
-39.4,300,484.338242
-28.8,300,484.388589
-29.7,300,484.437575
-29.4,300,484.487901
101.7,17,484.492651
-28.2,300,484.542388
-26.5,300,484.592498
-29.1,300,484.641302
96.8,48,484.651057
-34.1,300,484.701466
101.9,7,484.703017
-27.6,300,484.752007
-26.8,300,484.804346
87.8,141,484.827698
-28.0,300,484.877227
94.6,90,484.893167
82.3,217,484.930934
-31.2,300,484.980182
-28.8,300,485.030245
103.3,13,485.032618
-37.7,300,485.083932
-28.3,300,485.134213
-29.0,300,485.183275
-30.2,300,485.233647
-36.6,300,485.284567
86.6,87,485.299073
-29.8,300,485.348909
-30.0,300,485.398556
-32.9,300,485.450635
-28.4,300,485.499617
-50.8,300,485.550272
-30.6,300,485.599504
102.5,11,485.603435
78.2,219,485.640633
101.7,13,485.643346
-39.7,300,485.693059
100.8,21,485.698154
-27.0,300,485.748708
103.8,23,485.752952
-52.4,300,485.802497
-25.9,300,485.854665
-28.0,300,485.906442
-28.3,300,485.956748
102.7,9,485.95848
-46.5,300,486.010267
-32.3,300,486.060775
-73.5,300,486.110066
100.6,9,486.111757
100.7,8,486.114796
-57.7,300,486.186036
-32.6,300,486.235605
-29.8,300,486.285938
-31.9,300,486.337261
-26.0,300,486.387473
-29.1,300,486.436687
-29.5,300,486.486857
100.8,53,486.49751
-32.7,300,486.546479
-29.0,300,486.597134
-29.4,300,486.646135
98.9,37,486.654346
90.3,68,486.666744
-26.2,300,486.716214
-33.1,300,486.765804
-27.6,300,486.816926
-28.2,300,486.865645
-38.4,300,486.915876
-30.2,300,486.965064
77.7,131,486.98871
-39.3,300,487.037847
-30.7,300,487.087646
100.3,48,487.095732
-25.7,300,487.147147
-48.1,300,487.197529
-35.1,300,487.246535
-42.8,300,487.296449
-31.8,300,487.347464
100.1,60,487.357479
-35.2,300,487.407624
-24.7,300,487.456982
-26.2,300,487.508615
-71.7,300,487.558298
-29.8,300,487.609077
-29.9,300,487.659867
-71.0,300,487.712526
-32.1,300,487.761918
-57.2,300,487.811635
-32.1,300,487.862119
-31.7,300,487.913424
-30.4,300,487.963783
92.7,90,487.978892
-30.1,300,488.028717
73.2,158,488.057103
-29.5,300,488.106093
-26.5,300,488.156167
-45.7,300,488.205687
-44.9,300,488.257997
103.4,12,488.26031
-27.6,300,488.309339
-31.4,300,488.359382
-29.5,300,488.410677
-26.0,300,488.460559
-37.1,300,488.509991
97.9,42,488.517212
-26.2,300,488.569459
-48.5,300,488.618846
-38.8,300,488.669013
99.3,23,488.673226
-29.3,300,488.724139
100.8,12,488.726368
-30.7,300,488.776691
-26.6,300,488.826004
-28.4,300,488.878441
-45.4,300,488.928017
-26.0,300,488.977948
91.9,131,488.999831
88.8,82,489.015632
102.3,13,489.018012
101.4,27,489.022815
101.8,8,489.0244
103.8,18,489.028654
-40.2,300,489.078465
101.4,7,489.080751
-28.1,300,489.130112
-38.1,300,489.181433
-28.6,300,489.231866
-46.2,300,489.280577
86.0,151,489.306446
-27.5,300,489.357237
-35.4,300,489.407129
-29.2,300,489.456501
-43.9,300,489.506124
-29.2,300,489.557459
101.4,7,489.558986
101.4,11,489.560806
-25.5,300,489.610483
104.2,14,489.614718
102.1,10,489.616601
-30.1,300,489.666012
-30.8,300,489.715633
40.4,245,489.75858
-26.8,300,489.807794
80.1,233,489.847397
-30.5,300,489.8967
45.5,296,489.948926
-46.8,300,489.998336
-27.2,300,490.048254
-28.2,300,490.097301
-37.7,300,490.149614
-28.4,300,490.198651
102.1,14,490.20104
-59.0,300,490.254076
-31.6,300,490.305692
-29.2,300,490.355753
-49.9,300,490.405225
-27.0,300,490.454912
-27.2,300,490.505956
103.0,11,490.508073
91.1,67,490.51953
-54.0,300,490.569487
-60.9,300,490.62122
-29.0,300,490.671347
-37.3,300,490.720801
-33.2,300,490.769559
-28.9,300,490.821192
-27.8,300,490.870062
-38.3,300,490.92007
-28.4,300,490.969091
-37.2,300,491.021899
-25.5,300,491.071048
-28.1,300,491.121517
-35.8,300,491.170496
-51.8,300,491.223365
-28.5,300,491.272594
101.0,6,491.273674
101.8,8,491.275279
-30.8,300,491.327721
81.4,153,491.353599
-25.9,300,491.402775
-35.4,300,491.453729
102.7,9,491.45693
-28.8,300,491.506434
-36.4,300,491.556614
-70.6,300,491.606398
-27.2,300,491.659396
-28.9,300,491.708601
87.2,78,491.722226
-29.1,300,491.771921
-29.0,300,491.82344
-28.7,300,491.873522
-29.0,300,491.922572
-44.3,300,491.973165
-28.2,300,492.024373
-32.0,300,492.074961
-51.0,300,492.124624
75.3,276,492.171064
-54.2,300,492.222386
-27.0,300,492.272497
102.4,7,492.27405
-41.7,300,492.323186
102.3,8,492.326195
-27.0,300,492.376775
-30.7,300,492.425954
-30.0,300,492.476466
-24.5,300,492.527869
-37.0,300,492.577493
-28.5,300,492.628179
-28.0,300,492.678267
102.9,12,492.682006
90.3,142,492.706119
62.8,266,492.750117
102.4,7,492.751654
-29.9,300,492.804556
-29.0,300,492.854104
-26.5,300,492.904567
98.1,45,492.912132
-40.7,300,492.963165
-25.5,300,493.013488
-42.7,300,493.062915
-31.5,300,493.113122
102.9,12,493.116828
-47.6,300,493.166814
-32.0,300,493.217015
104.5,16,493.219922
-76.2,300,493.271857
-28.9,300,493.321971
-42.0,300,493.371307
-39.7,300,493.422064
103.3,28,493.428489
-29.2,300,493.478095
-46.3,300,493.528614
89.7,137,493.551414
-28.2,300,493.603077
100.5,22,493.607166
-40.6,300,493.657594
-38.0,300,493.706447
-49.2,300,493.758629
93.2,52,493.767415
-70.7,300,493.816631
79.3,247,493.858368
-35.3,300,493.909321
-46.8,300,493.959812
-35.7,300,494.008731
77.3,284,494.056629
-29.5,300,494.108048
-32.1,300,494.157956
103.1,20,494.161454
-29.0,300,494.210552
97.6,38,494.218486
102.9,16,494.221631
-28.7,300,494.272395
-48.8,300,494.321669
-75.3,300,494.375012
100.8,18,494.378509
-27.0,300,494.427832
77.9,241,494.468477
-42.7,300,494.519754
-28.1,300,494.569643
-57.8,300,494.619262
-29.8,300,494.668495
-27.2,300,494.720335
-29.2,300,494.769538
-57.4,300,494.820455
-26.0,300,494.869647
-28.9,300,494.941974
-45.1,300,494.992271
-28.7,300,495.042126
103.7,14,495.044569
-58.3,300,495.096827
103.4,12,495.099066
-26.0,300,495.148616
93.8,69,495.160521
-31.0,300,495.212774
-29.1,300,495.26202
-39.2,300,495.312252
-29.7,300,495.361627
-54.3,300,495.413663
-74.3,300,495.463564
-27.7,300,495.513473
-59.4,300,495.563276
-29.0,300,495.613886
-48.0,300,495.664457
104.6,20,495.667938
73.9,296,495.716432
37.0,273,495.76369
104.7,14,495.766189
74.2,298,495.814572
-31.3,300,495.864948
-30.7,300,495.916152
-29.6,300,495.966279
97.3,32,495.971918
-33.3,300,496.020931
102.7,9,496.024447
103.3,17,496.027508
102.5,21,496.031783
-29.0,300,496.082142
-37.9,300,496.133239
-30.9,300,496.183569
-40.1,300,496.232662
-27.5,300,496.283149
-29.4,300,496.33369
-29.1,300,496.383195
-40.7,300,496.432824
-29.9,300,496.483489
103.6,19,496.488433
102.4,7,496.489972
-29.1,300,496.539368
-28.9,300,496.589831
-26.3,300,496.641167
-54.2,300,496.691586
83.5,204,496.725372
100.5,10,496.727474
103.0,11,496.731092
105.1,15,496.73409
-29.8,300,496.784056
-46.2,300,496.833522
-28.2,300,496.885521
70.9,242,496.925618
-35.1,300,496.97474
-27.5,300,497.024992
-29.5,300,497.075677
-29.2,300,497.126223
-40.5,300,497.175782
-51.1,300,497.22648
-29.6,300,497.277786
99.2,47,497.285597
102.2,22,497.289665
-29.3,300,497.339802
-30.0,300,497.39101
91.9,109,497.408928
-27.3,300,497.459133
-46.1,300,497.508384
89.4,132,497.532917
-27.5,300,497.581946
-29.7,300,497.633917
-64.9,300,497.683733
-27.6,300,497.735944
96.8,33,497.741685
-47.4,300,497.791165
100.9,19,497.794676
75.3,257,497.839329
104.6,15,497.842287
-43.0,300,497.891791
103.0,11,497.893978
81.2,187,497.926875
104.1,15,497.929424
-29.0,300,497.98005
-30.6,300,498.029097
-27.1,300,498.081181
102.8,8,498.082813
103.3,13,498.085509
102.3,8,498.087099
-27.4,300,498.13839
-33.2,300,498.188583
-75.4,300,498.238404
104.3,18,498.24152
103.5,11,498.245176
-44.3,300,498.295658
-29.2,300,498.344604
-28.8,300,498.395009
103.0,11,498.398753
102.2,14,498.401153
101.9,7,498.402731
-52.7,300,498.452558
-36.4,300,498.504199
-28.0,300,498.553448
-32.3,300,498.60341
-27.2,300,498.652433
102.6,10,498.655654
102.4,12,498.65792
-28.3,300,498.708807
-54.0,300,498.758273
93.6,84,498.775103
-27.5,300,498.825087
-26.6,300,498.875056
-25.3,300,498.92461
-27.6,300,498.975452
-29.7,300,499.025503
-47.7,300,499.074664
86.6,174,499.104661
-32.7,300,499.155741
-31.6,300,499.206126
-59.5,300,499.256188
-28.1,300,499.306291
-29.0,300,499.358084
98.7,42,499.365184
-33.5,300,499.415295
-27.7,300,499.464119
-41.6,300,499.516266
95.7,108,499.534032
-27.6,300,499.583222
-29.0,300,499.633543
100.6,9,499.637395
-75.4,300,499.687598
-28.5,300,499.737589
102.0,11,499.739446
-41.2,300,499.790438
-53.1,300,499.841069
85.4,125,499.861934
-62.9,300,499.911608
-72.3,300,499.964026
-28.0,300,500.013643
-51.7,300,500.064191
-28.6,300,500.113897
95.8,68,500.127261
103.6,15,500.129792
-28.1,300,500.180372
-28.5,300,500.229587
101.6,10,500.233216
-28.3,300,500.283972
-25.5,300,500.333371
-28.2,300,500.383477
-41.5,300,500.435081
-26.6,300,500.485655
-59.4,300,500.535691
-30.8,300,500.586071
-29.6,300,500.636911
-27.6,300,500.687249
-63.2,300,500.737046
-30.2,300,500.787518
-32.4,300,500.838763
101.3,8,500.840335
-30.7,300,500.890413
-29.5,300,500.939834
-41.9,300,500.992073
75.0,300,501.041026
101.3,8,501.042613
83.9,221,501.078645
-29.0,300,501.131149
-80.7,300,501.181128
101.8,8,501.182735
-51.9,300,501.233377
-40.9,300,501.285009
-29.8,300,501.335331
-39.4,300,501.38472
-39.4,300,501.434982
102.8,8,501.438135
-29.0,300,501.487568
-28.6,300,501.537964
-29.0,300,501.586845
-44.9,300,501.639115
78.5,244,501.678957
-43.6,300,501.72913
-76.8,300,501.779186
-29.2,300,501.831381
-61.8,300,501.880701
-26.7,300,501.929599
-49.2,300,501.979063
-27.5,300,502.029829
101.7,9,502.031485
103.3,13,502.03482
103.5,16,502.037698
102.0,11,502.041341
-29.7,300,502.090732
-42.9,300,502.14102
-27.5,300,502.190325
100.5,27,502.196482
-25.4,300,502.246704
-33.4,300,502.296292
-28.8,300,502.345392
-29.9,300,502.397208
97.2,39,502.404091
-46.0,300,502.453819
-25.5,300,502.503653
-28.0,300,502.556019
-36.4,300,502.60657
-35.3,300,502.656518
-73.8,300,502.707648
75.4,258,502.751936
-29.4,300,502.802793
-29.8,300,502.851998
-30.8,300,502.901869
-29.9,300,502.953331
-28.0,300,503.003635
101.0,11,503.005821
-32.7,300,503.054826
-25.5,300,503.106914
-31.4,300,503.156365
97.0,45,503.163901
-29.0,300,503.233196
-28.6,300,503.284584
103.1,15,503.287453
-29.2,300,503.337616
-27.5,300,503.386526
-30.4,300,503.439271
102.5,11,503.441457
100.6,40,503.448197
-26.1,300,503.497386
-30.4,300,503.548904
-29.4,300,503.598014
-44.2,300,503.648354
103.3,13,503.650682
100.9,12,503.65458
-56.9,300,503.704377
-29.2,300,503.754461
-39.2,300,503.803992
-29.9,300,503.85611
102.9,12,503.858403
-29.4,300,503.907251
-31.0,300,503.957372
-29.1,300,504.008476
-27.0,300,504.058583
-42.6,300,504.10735
-28.6,300,504.157079
88.6,173,504.187709
-76.9,300,504.238279
-30.0,300,504.28737
-28.4,300,504.336294
-38.1,300,504.387867
-28.0,300,504.436973
103.4,12,504.439223
-27.3,300,504.489502
96.8,68,504.503022
-52.7,300,504.552995
-26.6,300,504.602445
87.6,190,504.633719
-27.2,300,504.685919
-27.9,300,504.735102
-35.8,300,504.785403
100.7,39,504.792106
71.3,300,504.842975
-28.1,300,504.893207
-70.8,300,504.942825
-39.2,300,504.993336
-53.5,300,505.04514
-28.2,300,505.095251
-28.2,300,505.144631
-46.0,300,505.194613
-28.3,300,505.245603
77.1,232,505.283557
-29.1,300,505.333614
-38.2,300,505.38291
-32.7,300,505.435472
87.6,145,505.459309
-30.3,300,505.5094
-38.8,300,505.558732
-74.0,300,505.610728
-40.9,300,505.660133
-28.9,300,505.709955
-28.3,300,505.759872
-34.0,300,505.811732
93.0,84,505.825763
103.5,16,505.828737
-37.0,300,505.87824
84.0,190,505.911623
-44.4,300,505.962327
-35.5,300,506.01165
-29.8,300,506.06225
-28.3,300,506.113026
97.0,80,506.127314
-56.3,300,506.177021
-57.8,300,506.22632
-53.1,300,506.278755
-29.6,300,506.32775
-43.7,300,506.378042
-43.6,300,506.42729
-66.0,300,506.479771
-27.8,300,506.529104
-33.8,300,506.579367
-28.1,300,506.628349
93.3,107,506.647588
-26.0,300,506.697989
-32.3,300,506.747069
-64.7,300,506.797315
-27.6,300,506.848895
102.7,9,506.850593
-26.6,300,506.909911
-56.4,300,506.959189
-57.9,300,507.01063
-39.5,300,507.059623
-39.8,300,507.110139
-28.1,300,507.159456
-32.0,300,507.212275
-29.2,300,507.261086
-59.8,300,507.311085
-35.2,300,507.360064
-39.1,300,507.412457
77.3,262,507.455493
-28.0,300,507.505674
-27.5,300,507.554954
-28.9,300,507.607612
-29.3,300,507.65751
-33.8,300,507.708124
-27.1,300,507.757632
-49.7,300,507.809985
67.5,203,507.843902
-28.2,300,507.892921
102.0,19,507.896015
-26.3,300,507.948128
-27.8,300,507.997315
-48.9,300,508.048114
-45.5,300,508.097192
81.8,248,508.141303
-28.4,300,508.19083
103.5,11,508.193026
-46.7,300,508.243601
-27.5,300,508.294677
-30.1,300,508.344976
100.5,50,508.353558
-72.0,300,508.403148
-27.9,300,508.455496
82.3,181,508.485341
-29.0,300,508.535298
-26.3,300,508.584873
-75.3,300,508.636796
101.9,7,508.639065
-30.4,300,508.688693
-28.8,300,508.737735
102.3,13,508.741526
103.6,15,508.745053
-27.6,300,508.794628
80.7,124,508.815324
103.9,17,508.82003
-30.8,300,508.870703
-34.5,300,508.919957
-26.1,300,508.970392
-66.0,300,509.021626
-44.7,300,509.071813
-43.0,300,509.121387
-25.0,300,509.170787
-27.8,300,509.222164
-27.5,300,509.272026
-34.9,300,509.321952
101.8,28,509.326925
103.2,14,509.331125
-26.5,300,509.381675
103.8,18,509.385236
95.8,37,509.391489
-28.0,300,509.442669
-35.3,300,509.492793
-30.3,300,509.541974
73.2,293,509.590477
102.7,9,509.594391
103.1,10,509.596216
-28.2,300,509.645559
-29.6,300,509.695411
-29.6,300,509.74625
-27.7,300,509.795463
-52.6,300,509.846033
-53.1,300,509.895776
-40.6,300,509.948447
-26.5,300,509.997423
-39.7,300,510.047734
-68.7,300,510.096775
-27.6,300,510.149506
-34.3,300,510.199015
94.8,78,510.212086
103.3,18,510.215086
-33.5,300,510.266959
88.7,134,510.289236
-76.7,300,510.339892
-29.2,300,510.389231
-69.7,300,510.441966
-28.4,300,510.491492
-43.3,300,510.541509
-25.6,300,510.590704
-32.6,300,510.642238
-29.1,300,510.691678
-80.0,300,510.741533
-36.9,300,510.790951
92.8,81,510.806235
-69.6,300,510.856714
101.0,35,510.862906
-43.9,300,510.912404
-75.0,300,510.965563
-56.9,300,511.015387
-31.4,300,511.065672
-69.7,300,511.115984
82.5,147,511.141495
-77.5,300,511.19235
-29.2,300,511.241787
-27.5,300,511.291972
-58.4,300,511.34341
90.3,163,511.370824
102.6,10,511.372991
71.7,296,511.421876
-35.2,300,511.473076
-27.7,300,511.523901
-62.8,300,511.573372
-62.1,300,511.623613
-50.5,300,511.675047
-58.2,300,511.725821
103.9,16,511.72882
-41.6,300,511.778044
-27.0,300,511.830677
-49.9,300,511.880439
-29.0,300,511.931327
102.1,10,511.9331
-36.5,300,511.984348
-42.5,300,512.034604
-58.7,300,512.103998
-29.5,300,512.153457
-29.1,300,512.204557
104.3,13,512.206909
-26.6,300,512.257128
-39.9,300,512.306412
-27.6,300,512.358259
-26.0,300,512.407356
-29.5,300,512.457472
-27.6,300,512.506514
-26.6,300,512.558284
-56.8,300,512.608617
-29.5,300,512.660173
-40.2,300,512.709071
-28.8,300,512.761429
-28.8,300,512.810844
-51.5,300,512.861364
101.9,7,512.862905
-29.4,300,512.914049
-26.8,300,512.964256
-27.0,300,513.013469
-27.8,300,513.063289
-41.0,300,513.114961
-25.7,300,513.165015
-27.5,300,513.214214
-50.2,300,513.263969
-27.7,300,513.314864
-27.5,300,513.364084
-77.3,300,513.415271
101.4,12,513.417435
99.0,54,513.428162
-28.2,300,513.47894
92.1,60,513.489332
79.6,252,513.530447
-30.3,300,513.582627
-38.4,300,513.632312
85.7,177,513.661236
82.9,86,513.675506
92.3,63,513.688659
102.3,17,513.691633
-28.2,300,513.741305
-51.2,300,513.790896
101.4,7,513.794195
-46.8,300,513.844523
-28.2,300,513.894436
102.2,9,513.896107
-28.3,300,513.947145
-28.8,300,513.996299
92.9,86,514.011797
-72.9,300,514.061192
-25.0,300,514.11345
-28.4,300,514.16287
-27.7,300,514.212576
102.5,11,514.214784
101.7,9,514.21832
85.8,173,514.247157
-36.5,300,514.296619
-29.9,300,514.347254
-31.9,300,514.398688
-26.9,300,514.448717
-38.3,300,514.497771
-58.7,300,514.548237
-54.6,300,514.599436
-24.8,300,514.649551
-28.3,300,514.698692
44.4,239,514.739524
72.8,268,514.785441
102.2,19,514.788848
-26.4,300,514.838638
-28.8,300,514.888118
-29.0,300,514.940158
-41.6,300,514.989795
-29.7,300,515.038962
104.0,21,515.042537
-28.0,300,515.094637
-25.0,300,515.143638
-37.7,300,515.194368
-70.8,300,515.244289
-26.1,300,515.296882
-30.2,300,515.345873
-52.5,300,515.396526
-31.5,300,515.445977
-45.4,300,515.498888
-29.8,300,515.547823
-45.3,300,515.597911
-54.6,300,515.647156
-29.1,300,515.699487
89.6,167,515.726978
-65.1,300,515.776539
-26.2,300,515.826872
-28.8,300,515.878212
82.7,215,515.914472
-80.4,300,515.963424
-29.0,300,516.013741
95.8,44,516.02342
-30.1,300,516.073056
-32.1,300,516.123338
-50.8,300,516.172844
-25.7,300,516.225159
-39.3,300,516.274571
-28.6,300,516.324542
-32.7,300,516.373697
-31.6,300,516.426241
-30.2,300,516.475457
81.4,95,516.491501
88.5,151,516.516852
-45.6,300,516.568341
-35.5,300,516.617623
-33.4,300,516.668081
-29.2,300,516.717084
87.5,161,516.746365
-37.1,300,516.796114
46.4,261,516.839848
-27.0,300,516.889671
-30.1,300,516.942192
-26.2,300,516.99178
-37.4,300,517.041866
-68.1,300,517.09154
-27.5,300,517.14207
-28.8,300,517.192676
-30.8,300,517.242026
101.8,8,517.243604
-52.2,300,517.296283
-27.1,300,517.345156
-27.8,300,517.395683
-27.8,300,517.444811
-38.1,300,517.496992
-30.0,300,517.546137
-29.4,300,517.596379
-29.1,300,517.647107
-29.0,300,517.699667
-26.1,300,517.74915
-31.7,300,517.799917
-38.5,300,517.849237
-72.4,300,517.902152
-27.1,300,517.951293
-67.4,300,518.001607
88.8,163,518.028573
-71.6,300,518.079863
-33.7,300,518.130443
94.8,73,518.14259
103.2,14,518.145349
-27.9,300,518.196845
101.4,7,518.198612
-26.6,300,518.247612
-72.8,300,518.297049
-70.5,300,518.349489
-30.4,300,518.398855
-30.1,300,518.448987
-30.2,300,518.497905
-42.3,300,518.550369
102.2,22,518.554102
-27.0,300,518.603486
-79.0,300,518.654835
-27.9,300,518.706041
-62.3,300,518.756815
-24.8,300,518.805799
104.3,18,518.809309
-27.6,300,518.861054
102.0,20,518.864578
97.7,35,518.870244
-28.5,300,518.918888
-44.2,300,518.971288
-30.7,300,519.020332
-49.2,300,519.070829
-33.2,300,519.119979
-31.1,300,519.172307
-31.2,300,519.221266
102.8,13,519.223946
-27.0,300,519.274571
-35.7,300,519.325683
-26.0,300,519.376275
-29.8,300,519.425231
-40.9,300,519.475323
-30.9,300,519.526758
-27.2,300,519.577315
-30.5,300,519.626549
-49.2,300,519.676647
-47.9,300,519.727725
103.4,12,519.730017
-33.5,300,519.780169
102.9,12,519.782542
-55.9,300,519.834153
-29.2,300,519.884487
78.7,232,519.922434
-43.3,300,519.972571
-37.0,300,520.023482
-27.1,300,520.07262
104.8,18,520.075714
-27.4,300,520.126055
103.2,14,520.130098
-28.9,300,520.17977
80.7,226,520.217766
101.5,19,520.221223
-30.2,300,520.272889
-40.0,300,520.323493
-35.0,300,520.372941
84.8,123,520.393952
-29.9,300,520.444874
103.0,11,520.446716
-45.1,300,520.495765
-37.0,300,520.546066
88.9,137,520.57094
-49.1,300,520.621983
-26.6,300,520.671025
-27.2,300,520.721472
-35.7,300,520.773005
90.5,124,520.793594
-27.5,300,520.844195
74.3,132,520.866251
-29.6,300,520.917506
44.7,228,520.956586
-45.1,300,521.006171
68.9,298,521.055975
-35.9,300,521.107534
-71.1,300,521.158124
-41.8,300,521.20766
-58.7,300,521.258257
-26.6,300,521.308855
105.3,18,521.31234
78.1,100,521.32916
-27.1,300,521.378994
-57.4,300,521.430608
-73.2,300,521.481482
-28.0,300,521.530668
-30.1,300,521.580631
101.8,8,521.583723
-46.3,300,521.633497
-49.0,300,521.702607
-43.3,300,521.752195
-60.6,300,521.805021
-55.3,300,521.854616
-27.9,300,521.905024
-74.3,300,521.954811
-46.9,300,522.007233
-26.1,300,522.056366
-27.1,300,522.106585
77.3,208,522.141078
-70.4,300,522.19326
104.4,22,522.197162
-40.1,300,522.246378
-45.5,300,522.296226
-30.1,300,522.34771
-37.0,300,522.39737
-36.9,300,522.447045
103.4,16,522.450025
-28.1,300,522.50191
86.1,146,522.526533
-30.4,300,522.5753
-27.5,300,522.626289
-25.3,300,522.678234
-32.4,300,522.728659
-25.5,300,522.778086
92.4,112,522.796415
103.2,14,522.800394
-27.0,300,522.851841
-27.1,300,522.900913
-33.1,300,522.951498
-37.6,300,523.002834
-31.0,300,523.056273
-27.9,300,523.10739
-54.7,300,523.158841
101.6,10,523.162816
-53.7,300,523.212858
-29.4,300,523.26328
-41.8,300,523.31261
-36.8,300,523.365125
-31.1,300,523.415013
-27.1,300,523.465725
102.1,10,523.467537
-30.9,300,523.518869
104.5,16,523.521782
94.6,90,523.536992
-31.0,300,523.587322
94.8,109,523.607342
-37.7,300,523.657438
-37.3,300,523.70754
-27.0,300,523.7563
-67.9,300,523.808727
102.3,8,523.810322
99.3,52,523.819122
-44.0,300,523.8689
-45.3,300,523.921124
-28.3,300,523.971154
-30.8,300,524.020846
-55.8,300,524.07027
-31.2,300,524.122126
-23.5,300,524.17156
-78.6,300,524.222492
-28.8,300,524.271202
-76.2,300,524.324087
103.5,16,524.327012
-30.2,300,524.376285
-28.4,300,524.426783
-31.3,300,524.478364
-35.9,300,524.528719
-29.9,300,524.577839
102.2,9,524.579526
97.9,36,524.586991
-25.7,300,524.63753
-31.1,300,524.686389
-28.0,300,524.736794
-30.5,300,524.788202
98.8,67,524.800191
-26.6,300,524.849626
-52.3,300,524.898575
102.0,11,524.90219
-27.8,300,524.952263
-30.5,300,525.001609
102.2,9,525.003276
-27.0,300,525.054906
-26.1,300,525.103778
93.9,47,525.111992
-30.9,300,525.162383
101.9,7,525.165271
-29.6,300,525.214808
-54.4,300,525.265511
-28.7,300,525.314365
-28.5,300,525.366624
71.5,149,525.391988
-28.3,300,525.441995
-34.5,300,525.491381
-30.1,300,525.544301
-28.2,300,525.593303
-28.5,300,525.642924
101.8,8,525.644679
92.3,98,525.662605
-38.0,300,525.711981
-36.0,300,525.7621
-28.4,300,525.811322
-30.3,300,525.863539
-31.2,300,525.912829
86.7,206,525.946801
-27.7,300,525.9971
-29.3,300,526.04819
-32.1,300,526.098301
-41.7,300,526.147187
-27.8,300,526.197552
-27.3,300,526.248721
103.5,15,526.251316
-26.6,300,526.30137
-31.0,300,526.350699
-27.1,300,526.403291
-26.4,300,526.452543
-27.9,300,526.503022
-27.0,300,526.552596
-34.3,300,526.604923
-26.6,300,526.654097
-29.3,300,526.70427
95.4,87,526.718921
-60.8,300,526.770409
97.2,86,526.784773
-26.1,300,526.835117
-52.3,300,526.8844
-50.3,300,526.937557
-28.7,300,526.987007
91.8,148,527.012564
-29.1,300,527.062433
-27.0,300,527.114125
93.3,88,527.128889
-48.9,300,527.178892
-29.6,300,527.229262
103.0,11,527.232942
-30.4,300,527.28243
-28.0,300,527.332465
100.8,35,527.338682
-28.2,300,527.389849
-27.4,300,527.440172
-29.1,300,527.489576
-29.5,300,527.539547
102.1,10,527.543198
-32.4,300,527.593369
-69.0,300,527.645837
-27.0,300,527.695503
-60.5,300,527.748105
85.5,163,527.774935
-26.6,300,527.824119
-33.2,300,527.874975
-60.3,300,527.926767
-27.0,300,527.977008
-31.3,300,528.026224
103.2,18,528.029651
-28.8,300,528.082657
-75.7,300,528.13258
-34.6,300,528.183089
-27.7,300,528.23239
-54.8,300,528.284659
-29.3,300,528.333911
73.3,281,528.380736
-41.1,300,528.430365
-28.2,300,528.481296
-28.3,300,528.531659
-44.0,300,528.581023
83.5,191,528.613576
-31.4,300,528.664514
-30.4,300,528.714427
102.8,13,528.716925
-26.7,300,528.766074
104.4,17,528.770503
-30.2,300,528.820522
-27.3,300,528.869596
-37.8,300,528.919949
66.7,228,528.959478
100.4,25,528.963996
-27.9,300,529.014126
-31.1,300,529.063228
103.0,11,529.066546
-31.1,300,529.117021
-30.5,300,529.166532
-29.2,300,529.216304
-29.6,300,529.267023
-28.2,300,529.315689
91.9,68,529.327908
-62.2,300,529.377255
-39.3,300,529.429362
-26.4,300,529.479197
-30.0,300,529.528072
-28.9,300,529.57849
-75.2,300,529.630133
103.7,14,529.632936
75.8,222,529.67046
-48.6,300,529.719778
-40.8,300,529.772477
-54.5,300,529.821702
-29.1,300,529.871917
-29.0,300,529.920954
-29.0,300,529.974828
-30.3,300,530.024245
-30.6,300,530.074933
103.1,15,530.077844
-29.5,300,530.129024
-28.2,300,530.179135
-32.5,300,530.22867
104.8,18,530.23215
103.2,14,530.236323
79.1,222,530.274535
-51.8,300,530.324207
34.5,283,530.3711
-26.0,300,530.423615
-28.0,300,530.472734
100.6,30,530.478665
-28.5,300,530.528737
102.8,31,530.536055
-44.2,300,530.586719
-29.4,300,530.636342
-30.3,300,530.685408
-33.5,300,530.737243
78.0,234,530.775399
-28.2,300,530.825765
-27.3,300,530.875091
-28.3,300,530.927115
-30.9,300,530.976466
-36.5,300,531.027178
75.3,147,531.051562
-44.0,300,531.103615
-26.0,300,531.154063
-30.1,300,531.203329
-27.7,300,531.253482
89.4,140,531.278408
-30.8,300,531.328654
-30.9,300,531.378223
103.2,14,531.380583
-30.9,300,531.452526
-37.0,300,531.501711
-42.2,300,531.551978
-31.5,300,531.601033
-30.1,300,531.653044
-39.6,300,531.702051
93.4,112,531.720435
-36.3,300,531.770719
97.3,68,531.783936
-29.8,300,531.832961
-29.3,300,531.883071
-29.8,300,531.931855
95.1,70,531.945812
-37.6,300,531.996572
-27.7,300,532.045418
-32.7,300,532.095897
102.1,10,532.099144
-69.0,300,532.149592
-28.2,300,532.200206
-32.8,300,532.249501
90.9,121,532.273215
-25.8,300,532.322606
-27.1,300,532.372587
64.4,236,532.411905
103.1,10,532.415112
-39.7,300,532.465425
-28.7,300,532.515221
-28.2,300,532.564347
-27.0,300,532.616173
103.2,14,532.619207
-26.6,300,532.669821
-65.9,300,532.721174
-30.7,300,532.772694
-26.0,300,532.822732
-34.6,300,532.872372
-30.8,300,532.922964
-30.1,300,532.974004
-27.7,300,533.024218
93.9,82,533.037765
-70.3,300,533.087611
96.7,72,533.102548
-37.8,300,533.152136
-56.2,300,533.202347
-29.6,300,533.251976
89.0,135,533.275907
-42.0,300,533.326466
-30.2,300,533.375828
-31.3,300,533.42577
-31.8,300,533.477182
102.9,12,533.47949
-39.3,300,533.529723
-72.7,300,533.579535
93.7,84,533.595451
-28.2,300,533.645528
-30.3,300,533.694806
-41.9,300,533.744435
102.9,12,533.748286
-30.2,300,533.79806
-28.8,300,533.84809
102.2,14,533.850437
-27.1,300,533.901677
-27.0,300,533.951319
-37.8,300,534.000671
-32.0,300,534.050871
102.2,14,534.05496
-45.0,300,534.104374
-42.4,300,534.15423
102.2,14,534.156567
103.3,13,534.160747
-28.5,300,534.210397
-29.0,300,534.260484
-65.8,300,534.310001
-28.5,300,534.362514
-73.6,300,534.412445
-28.2,300,534.462575
-31.8,300,534.512169
-28.7,300,534.563475
-28.3,300,534.613907
103.8,13,534.616323
-28.0,300,534.665673
-35.7,300,534.717956
87.5,183,534.748128
-29.7,300,534.79822
-28.5,300,534.847276
-67.2,300,534.899786
-40.5,300,534.948942
-45.1,300,534.999295
-50.9,300,535.048755
101.9,7,535.051392
-71.2,300,535.102119
-35.3,300,535.151711
-32.5,300,535.201494
-31.8,300,535.252721
-28.2,300,535.302151
101.8,8,535.304414
-26.5,300,535.353959
-27.0,300,535.405079
-38.5,300,535.455295
-27.0,300,535.504378
-33.2,300,535.554676
-34.3,300,535.606363
-26.3,300,535.656732
-27.0,300,535.706113
-27.5,300,535.756033
104.6,20,535.761112
-31.3,300,535.810746
-28.6,300,535.860671
-26.0,300,535.909737
-25.2,300,535.961788
70.6,193,535.994073
-26.0,300,536.044017
99.0,71,536.055922
-25.9,300,536.107454
-23.6,300,536.157551
-75.4,300,536.20765
-30.8,300,536.257671
-43.8,300,536.309014
-26.1,300,536.359255
-35.4,300,536.408908
-39.2,300,536.458243
-28.1,300,536.510805
-26.5,300,536.559836
-44.8,300,536.610327
-26.2,300,536.659617
-28.5,300,536.711803
-27.5,300,536.760586
-30.3,300,536.811019
-31.2,300,536.860208
103.8,13,536.864356
-25.0,300,536.915101
-34.6,300,536.964331
-29.0,300,537.014593
-41.4,300,537.066323
-29.4,300,537.116789
97.1,75,537.1289
101.5,15,537.131753
-30.2,300,537.183105
-66.8,300,537.234011
-26.4,300,537.28298
-27.8,300,537.333323
-27.5,300,537.384354
-32.0,300,537.434684
-39.0,300,537.484105
102.4,12,537.486359
-26.6,300,537.538869
-27.8,300,537.58809
-27.6,300,537.639793
-45.1,300,537.689894
81.6,235,537.731813
-30.4,300,537.781722
-61.6,300,537.832144
-27.4,300,537.882236
-28.8,300,537.93453
-31.3,300,537.984202
102.0,6,537.985304
-30.5,300,538.034505
-46.2,300,538.086643
-29.5,300,538.136008
-31.8,300,538.186435
93.3,88,538.201285
102.3,13,538.205701
-27.5,300,538.256518
104.6,20,538.260137
-29.2,300,538.309761
-41.7,300,538.361986
95.3,111,538.380067
-32.5,300,538.429179
-36.9,300,538.479624
-77.2,300,538.531691
-53.8,300,538.582742
-30.3,300,538.632289
-54.4,300,538.68236
-49.0,300,538.734516
-44.6,300,538.785025
-46.7,300,538.834687
104.5,16,538.837668
-29.6,300,538.88992
-34.3,300,538.939511
-29.1,300,538.98972
-28.5,300,539.039153
96.9,75,539.053738
-27.6,300,539.104409
95.2,86,539.11917
102.8,8,539.120795
-28.9,300,539.172051
-48.8,300,539.223129
-26.0,300,539.272431
-28.3,300,539.322559
-40.0,300,539.373934
97.7,54,539.38295
-31.3,300,539.433514
-53.0,300,539.483992
-29.4,300,539.536728
-30.5,300,539.585718
-45.7,300,539.636563
100.3,12,539.63883
-27.6,300,539.689395
-34.3,300,539.739804
-36.0,300,539.789208
-29.0,300,539.839509
-28.8,300,539.890701
-26.0,300,539.941052
-64.8,300,539.990809
-29.0,300,540.040216
-22.5,300,540.090662
85.7,167,540.117976
-55.3,300,540.169245
-28.8,300,540.22004
-42.7,300,540.27398
74.5,285,540.321028
-70.8,300,540.378837
-67.6,300,540.440262
95.6,100,540.45986
-45.9,300,540.509939
-29.8,300,540.559088
-25.8,300,540.609287
-26.2,300,540.660281
92.4,119,540.68085
-57.8,300,540.730584
-30.2,300,540.780195
-26.9,300,540.831792
-26.2,300,540.881279
-40.4,300,540.930892
97.7,37,540.937088
-34.7,300,540.988698
-42.5,300,541.0378
101.4,22,541.041855
-26.3,300,541.091487
-80.4,300,541.143169
-26.0,300,541.192849
-30.3,300,541.242455
101.4,7,541.243635
-26.5,300,541.294719
101.0,10,541.297557
-32.3,300,541.346921
60.1,251,541.387908
98.8,23,541.39318
-37.6,300,541.44365
-26.0,300,541.492517
100.9,16,541.495385
-27.2,300,541.548028
94.5,72,541.560092
-29.1,300,541.608933
-29.0,300,541.659455
-33.2,300,541.710633
-29.0,300,541.761126
102.3,8,541.762723
-61.3,300,541.81155
102.2,9,541.815045
-32.9,300,541.865615
-27.4,300,541.914669
-26.4,300,541.964771
-39.9,300,542.016179
-28.6,300,542.066615
66.5,203,542.100018
102.8,21,542.104007
-45.4,300,542.156423
101.9,37,542.162587
-27.5,300,542.211236
-36.8,300,542.261913
-28.8,300,542.313547
-41.3,300,542.364281
-28.4,300,542.413553
-28.6,300,542.463222
-39.6,300,542.514891
-50.4,300,542.56513
94.2,94,542.580848
-30.0,300,542.631021
-29.2,300,542.68389
91.7,54,542.693301
104.3,18,542.696402
-58.1,300,542.745871
-31.3,300,542.798852
-39.3,300,542.84847
102.7,9,542.850525
-28.5,300,542.900949
-40.8,300,542.952511
95.1,78,542.965451
-66.8,300,543.015971
101.0,19,543.019436
101.7,9,543.022891
93.1,113,543.042098
-27.5,300,543.091986
-28.0,300,543.141627
-44.4,300,543.193623
-72.2,300,543.24385
-50.2,300,543.29298
-28.1,300,543.342855
-27.6,300,543.393871
-26.0,300,543.444342
-32.8,300,543.49331
85.3,165,543.521432
-32.7,300,543.572914
102.6,15,543.575359
75.5,205,543.609455
-37.2,300,543.659552
101.5,6,543.662177
102.3,8,543.663764
-23.8,300,543.713573
-48.8,300,543.76395
87.3,117,543.785454
101.1,5,543.786819
-27.9,300,543.837678
89.7,119,543.857261
-26.6,300,543.908046
101.5,6,543.909459
-29.9,300,543.960192
-25.7,300,544.00966
-29.1,300,544.061989
-43.1,300,544.111474
68.1,139,544.135134
-47.5,300,544.185002
-28.3,300,544.236302
-33.1,300,544.28688
-48.7,300,544.33634
-43.6,300,544.386972
-26.0,300,544.437906
-30.1,300,544.488118
64.2,204,544.52174
-31.4,300,544.57213
-28.9,300,544.623726
-37.6,300,544.674288
-38.8,300,544.723773
80.0,97,544.739713
-40.4,300,544.791943
-27.4,300,544.84152
-31.1,300,544.891949
-28.5,300,544.941191
102.7,34,544.948397
93.2,84,544.962483
-26.0,300,545.013173
99.4,41,545.020424
-43.6,300,545.071411
81.8,112,545.091195
-41.8,300,545.14021
82.3,134,545.162137
-32.0,300,545.214594
-37.4,300,545.264246
-29.9,300,545.314539
-26.2,300,545.364007
-25.5,300,545.416616
-35.4,300,545.465845
-50.7,300,545.516196
77.8,146,545.540639
-28.5,300,545.591698
83.6,190,545.623786
103.8,13,545.626106
104.1,15,545.628966
-25.5,300,545.679731
-44.1,300,545.730451
-55.3,300,545.780303
83.1,209,545.814288
-49.2,300,545.86669
-29.1,300,545.918421
-29.5,300,545.969702
-29.6,300,546.019158
-51.3,300,546.071241
85.2,182,546.101584
100.7,4,546.102478
-25.8,300,546.152616
89.8,140,546.177601
103.9,16,546.180564
77.0,127,546.201989
-26.1,300,546.252312
-37.5,300,546.303546
-27.6,300,546.353264
-30.0,300,546.403236
94.0,101,546.420009
-30.3,300,546.472256
-46.6,300,546.521941
-28.3,300,546.572099
91.1,70,546.583872
-26.1,300,546.635335
-45.4,300,546.685825
-55.6,300,546.735164
100.6,24,546.739303
-37.0,300,546.791294
-27.2,300,546.840536
-25.8,300,546.890798
102.1,10,546.892943
-36.0,300,546.944629
-38.9,300,546.995015
-36.8,300,547.044376
-34.7,300,547.094302
-31.2,300,547.145453
-75.0,300,547.195531
-26.5,300,547.245103
-39.8,300,547.294207
-46.3,300,547.346535
103.5,31,547.351959
-29.9,300,547.401166
-64.7,300,547.451862
-29.4,300,547.50344
-26.5,300,547.554072
57.4,187,547.585245
-29.2,300,547.636791
-72.7,300,547.688823
-27.1,300,547.73904
63.6,278,547.785054
103.0,15,547.78791
-28.2,300,547.840432
-25.6,300,547.889838
-31.5,300,547.939629
-33.8,300,547.98893
-46.3,300,548.041379
-29.6,300,548.090859
54.0,264,548.134365
96.7,64,548.145644
-51.8,300,548.19637
-26.6,300,548.245227
97.6,38,548.252264
-27.0,300,548.301959
-68.8,300,548.354696
-29.5,300,548.404171
-28.1,300,548.453253
-48.4,300,548.503879
-27.1,300,548.555201
-28.1,300,548.606002
103.8,17,548.609055
-31.4,300,548.657999
-29.3,300,548.709921
-34.1,300,548.778997
90.8,69,548.791364
-46.4,300,548.840708
-30.3,300,548.892854
-27.6,300,548.942008
-36.1,300,548.991844
-28.7,300,549.041126
-30.3,300,549.092676
-25.5,300,549.141966
-27.4,300,549.191171
104.5,21,549.194863
103.4,12,549.199054
-30.0,300,549.248719
104.5,16,549.251685
-31.5,300,549.301539
-46.2,300,549.352678
-29.2,300,549.401074
89.1,158,549.428048
-37.0,300,549.477266
103.8,13,549.481764
92.8,88,549.496612
-38.5,300,549.547182
-36.0,300,549.596259
-38.5,300,549.648315
-27.5,300,549.697013
-35.7,300,549.747308
-28.7,300,549.796274
101.8,8,549.799334
-29.1,300,549.850036
-27.1,300,549.898871
-41.0,300,549.948891
101.9,22,549.954351
-29.8,300,550.003952
-31.4,300,550.054125
104.2,19,550.057546
101.5,6,550.060101
-27.2,300,550.109705
101.1,5,550.11108
91.3,87,550.12525
-26.6,300,550.177708
-45.3,300,550.227219
-27.7,300,550.277672
-27.2,300,550.326664
-30.3,300,550.378691
-26.2,300,550.427972
-26.2,300,550.478279
71.4,142,550.502203
103.2,18,550.506757
-27.8,300,550.55618
-28.8,300,550.606308
-43.6,300,550.655368
-41.9,300,550.708096
103.2,18,550.711568
-40.9,300,550.760793
-27.5,300,550.811001
101.2,22,550.816205
-28.1,300,550.865713
-26.6,300,550.915818
-79.2,300,550.964928
-28.1,300,551.017613
101.6,55,551.027048
102.9,12,551.029315
-28.1,300,551.078449
-29.4,300,551.130149
102.5,11,551.132375
103.7,14,551.134784
97.0,69,551.146701
57.4,275,551.194609
-27.6,300,551.24414
-48.9,300,551.2941
84.7,185,551.325337
-42.8,300,551.37688
-31.3,300,551.427243
101.3,8,551.428857
102.2,9,551.430537
-30.0,300,551.481474
-40.0,300,551.531695
-29.6,300,551.580994
103.3,13,551.583333
-30.6,300,551.635984
-44.5,300,551.685452
-48.4,300,551.73549
-38.6,300,551.784585
102.3,8,551.787685
-63.5,300,551.838459
102.6,10,551.840597
-34.3,300,551.88978
-31.5,300,551.941806
99.4,37,551.9482
-30.8,300,551.997431
-29.5,300,552.048157
-27.0,300,552.099532
-51.8,300,552.150033
102.9,12,552.152272
-50.2,300,552.201671
88.2,67,552.214931
84.7,176,552.244865
-28.7,300,552.294802
100.7,23,552.298587
102.6,10,552.302496
-58.1,300,552.352909
102.4,16,552.355968
-44.3,300,552.405614
-29.5,300,552.457503
-52.6,300,552.50707
-34.0,300,552.556231
103.7,18,552.559267
89.7,143,552.585514
55.8,207,552.619989
-28.4,300,552.671481
-30.0,300,552.72138
-26.5,300,552.773669
104.4,17,552.776854
86.8,146,552.801486
101.9,7,552.802698
-30.0,300,552.853741
101.8,8,552.855345
-74.6,300,552.906812
103.8,13,552.909524
79.3,231,552.94943
98.0,76,552.962177
-29.5,300,553.012429
-29.6,300,553.061741
-42.4,300,553.114038
-35.3,300,553.163497
101.6,18,553.166863
-68.0,300,553.217241
-29.2,300,553.268555
77.7,258,553.311703
101.5,6,553.313183
-28.3,300,553.362445
101.5,6,553.365265
-29.2,300,553.415983
-76.7,300,553.465777
-40.9,300,553.516139
-27.0,300,553.5675
-30.0,300,553.61748
-37.3,300,553.666803
-33.4,300,553.71673
-30.2,300,553.768095
-28.7,300,553.817234
104.4,17,553.820558
95.3,108,553.839587
-27.2,300,553.89065
-70.8,300,553.941478
-29.8,300,553.990859
-27.0,300,554.040878
-28.0,300,554.092595
96.9,66,554.103544
-35.5,300,554.153564
92.5,101,554.170157
102.0,6,554.173332
-71.6,300,554.223793
-29.7,300,554.274379
102.1,10,554.276058
-27.4,300,554.327418
102.7,9,554.32948
-66.8,300,554.379684
-30.2,300,554.428948
77.4,108,554.450368
-30.5,300,554.500106
-30.0,300,554.549365
-46.7,300,554.600184
102.2,9,554.603376
-30.1,300,554.653008
103.1,15,554.655838
-30.0,300,554.706248
-31.1,300,554.75745
-41.3,300,554.807936
52.6,196,554.840728
-40.3,300,554.891491
-39.1,300,554.94287
-27.4,300,554.992715
-61.0,300,555.042326
96.6,60,555.052377
-28.5,300,555.104139
-31.5,300,555.153233
100.4,26,555.157545
-29.4,300,555.207147
103.4,12,555.21108
-28.0,300,555.260832
-26.6,300,555.311252
-41.1,300,555.360734
96.4,62,555.373033
-37.8,300,555.423773
38.4,296,555.472547
-33.2,300,555.522442
103.0,11,555.525798
-28.9,300,555.575389
-27.1,300,555.625513
-25.5,300,555.675181
85.5,79,555.690726
-62.7,300,555.741639
75.6,287,555.789238
-33.7,300,555.839644
96.8,53,555.850329
-28.2,300,555.899499
-35.3,300,555.950055
-30.0,300,555.999598
-30.5,300,556.052321
102.9,16,556.055268
94.1,119,556.075115
-29.0,300,556.124218
-29.4,300,556.17618
103.8,13,556.178573
-28.3,300,556.227386
-36.7,300,556.277687
103.3,17,556.282088
-26.5,300,556.331564
-30.3,300,556.381891
-29.0,300,556.431318
77.4,253,556.476198
-70.0,300,556.525914
104.4,26,556.530278
-40.0,300,556.580424
102.8,13,556.584192
-28.7,300,556.633847
-28.3,300,556.684005
101.8,8,556.685632
-29.5,300,556.73713
-26.6,300,556.787555
98.1,36,556.793761
102.7,14,556.796542
95.0,30,556.803157
-77.2,300,556.852613
99.7,33,556.858513
-42.5,300,556.909222
95.4,73,556.92284
98.0,48,556.930897
-38.8,300,556.981799
93.0,110,556.99984
-31.7,300,557.051192
-51.9,300,557.102123
-29.1,300,557.159931
-54.5,300,557.220887
-29.5,300,557.271977
-30.9,300,557.322269
-33.2,300,557.371428
-39.7,300,557.42193
104.2,24,557.427911
86.7,144,557.452094
-30.3,300,557.502245
-49.5,300,557.551825
-29.4,300,557.603168
94.2,108,557.622383
-66.8,300,557.673529
93.7,83,557.687465
-34.8,300,557.739922
-28.0,300,557.78882
-29.8,300,557.839008
-27.6,300,557.888418
-28.4,300,557.940795
-27.2,300,557.98994
-69.6,300,558.041
-25.7,300,558.090038
94.8,79,558.104798
-28.1,300,558.155294
-28.8,300,558.204244
-72.9,300,558.255015
-27.0,300,558.306288
101.9,7,558.307831
-29.1,300,558.358056
-26.1,300,558.407187
-32.7,300,558.459301
-45.6,300,558.508642
-30.7,300,558.558748
-27.1,300,558.608289
-42.2,300,558.659771
-42.9,300,558.709257
-76.3,300,558.758422
-29.9,300,558.808215
94.0,93,558.825365
-26.6,300,558.875767
89.5,138,558.898475
101.4,7,558.899992
-26.3,300,558.95112
103.7,14,558.953901
-82.5,300,559.004376
-26.2,300,559.053333
100.0,26,559.059494
-28.3,300,559.110027
46.8,246,559.151274
-29.5,300,559.201824
103.3,13,559.205621
-75.3,300,559.256079
93.2,113,559.274733
94.3,116,559.294654
-56.4,300,559.345867
-26.6,300,559.395479
-44.9,300,559.445098
-75.4,300,559.494774
-61.3,300,559.546942
102.1,10,559.549043
-54.0,300,559.598075
-30.4,300,559.648516
-31.8,300,559.699656
81.1,117,559.720211
-57.0,300,559.770128
-35.7,300,559.820332
81.0,245,559.862992
102.8,8,559.864602
-55.2,300,559.913653
83.9,212,559.949581
-25.5,300,560.000841
-27.8,300,560.051251
-29.3,300,560.100494
-29.4,300,560.150749
101.3,8,560.153755
-45.7,300,560.203711
101.8,8,560.205336
101.7,9,560.207023
-28.2,300,560.258808
-45.1,300,560.308354
84.9,93,560.324395
101.6,10,560.326099
-49.1,300,560.378349
101.3,8,560.379999
85.2,128,560.401411
-80.4,300,560.452555
-26.6,300,560.503903
101.5,6,560.505399
-31.7,300,560.555262
-25.7,300,560.604644
89.0,136,560.628711
-27.3,300,560.679081
101.8,8,560.680707
-72.7,300,560.730184
-27.5,300,560.782521
-28.5,300,560.832049
-46.8,300,560.881842
-28.5,300,560.931162
-27.5,300,560.983591
-31.6,300,561.032755
-27.3,300,561.082904
103.0,11,561.084735
-25.5,300,561.135791
60.8,287,561.183765
-52.6,300,561.232976
102.8,13,561.235336
-36.0,300,561.287613
100.7,35,561.294004
101.4,7,561.29552
-41.2,300,561.345296
-28.8,300,561.397218
101.8,8,561.398949
-26.6,300,561.448293
-31.6,300,561.498605
-57.8,300,561.550427
64.4,169,561.578601
-27.7,300,561.628782
-51.3,300,561.678543
-30.2,300,561.731161
102.2,9,561.732871
-28.3,300,561.782125
-27.5,300,561.832703
-78.7,300,561.884384
95.6,77,561.89724
-35.8,300,561.947598
-34.6,300,561.996264
102.2,13,562.000455
-26.5,300,562.051147
77.4,138,562.073751
-29.0,300,562.124045
93.7,80,562.138744
-26.0,300,562.188453
-27.5,300,562.238947
-38.4,300,562.287986
103.3,13,562.292194
-53.6,300,562.342992
-29.8,300,562.392488
102.0,11,562.394289
-55.6,300,562.446738
-65.2,300,562.496837
-27.0,300,562.547316
-25.1,300,562.597003
-27.1,300,562.649407
96.4,106,562.667985
-28.5,300,562.717536
75.3,174,562.746402
-35.1,300,562.798917
101.5,6,562.800342
-29.3,300,562.84923
-33.4,300,562.900009
-28.2,300,562.951222
-37.6,300,563.001593
-29.1,300,563.05106
-28.5,300,563.101539
-27.0,300,563.152642
97.0,61,563.162898
-27.4,300,563.213288
-27.2,300,563.262554
101.7,9,563.265866
-37.1,300,563.316971
-45.5,300,563.366793
-29.9,300,563.417215
101.4,7,563.420272
-57.4,300,563.470599
-64.9,300,563.52101
-35.6,300,563.570264
-60.5,300,563.623276
105.1,20,563.62691
-29.0,300,563.676233
-30.3,300,563.72641
-51.5,300,563.777974
-70.7,300,563.829304
-27.1,300,563.87884
-45.8,300,563.929081
-58.6,300,563.980813
-34.6,300,564.031312
-64.1,300,564.081211
-37.7,300,564.131557
-51.2,300,564.183545
102.7,9,564.185267
-31.2,300,564.235378
-30.2,300,564.284905
-27.7,300,564.336507
-27.8,300,564.386354
-29.0,300,564.435557
-25.7,300,564.485867
101.7,9,564.489733
103.1,15,564.492226
-26.0,300,564.542825
-29.4,300,564.592251
74.7,231,564.632449
-30.6,300,564.683019
-49.6,300,564.732469
-29.1,300,564.782924
-74.8,300,564.83363
-27.5,300,564.883628
-27.1,300,564.933176
-31.4,300,564.983508
-29.4,300,565.035171
-39.2,300,565.085755
-25.9,300,565.13513
-31.7,300,565.185383
-61.8,300,565.236514
-28.7,300,565.286835
-25.7,300,565.336234
-26.0,300,565.385789
-28.9,300,565.437041
-33.4,300,565.48602
-68.8,300,565.537073
-41.1,300,565.587133
-33.9,300,565.639549
101.4,7,565.641103
103.1,10,565.642891
78.5,235,565.681966
-38.9,300,565.734214
-37.9,300,565.783528
-28.4,300,565.834117
81.7,83,565.848067
-54.4,300,565.900949
-24.8,300,565.951534
-29.9,300,566.000952
-81.3,300,566.052028
-34.0,300,566.102863
-27.8,300,566.172624
79.9,221,566.20894
-30.4,300,566.259458
-28.2,300,566.310752
102.0,6,566.312215
-57.9,300,566.362438
-55.2,300,566.412101
-28.5,300,566.464453
-38.1,300,566.513869
-26.1,300,566.564136
-79.5,300,566.614147
58.8,184,566.646412
97.1,60,566.657442
-27.7,300,566.706464
-37.0,300,566.756402
-57.7,300,566.808229
-34.1,300,566.857563
-75.1,300,566.907956
-26.1,300,566.957173
-49.3,300,567.009619
-25.2,300,567.058912
105.2,19,567.062036
101.7,9,567.063999
-68.6,300,567.116436
-39.5,300,567.165935
-64.9,300,567.216641
-27.3,300,567.265671
-60.8,300,567.318553
85.0,178,567.347779
-27.7,300,567.39775
-32.5,300,567.447287
-25.7,300,567.499528
-27.3,300,567.548882
-36.5,300,567.599304
-27.1,300,567.649896
-30.3,300,567.702872
-32.4,300,567.752417
101.9,17,567.755212
-40.2,300,567.805541
-25.6,300,567.857291
102.2,17,567.860695
95.9,73,567.872882
88.3,141,567.895911
-29.9,300,567.948275
-36.2,300,567.997617
101.3,8,567.999184
-51.1,300,568.049599
-58.7,300,568.100947
100.4,62,568.111568
-28.0,300,568.161708
-27.7,300,568.211103
-38.2,300,568.263601
103.3,13,568.266034
103.4,21,568.269645
102.2,9,568.271292
-32.2,300,568.322855
84.4,227,568.361141
-33.6,300,568.410429
-28.7,300,568.461036
-26.5,300,568.512142
57.4,175,568.542448
-45.2,300,568.592385
98.6,65,568.603131
-28.6,300,568.657009
100.8,20,568.66063
-27.9,300,568.709378
-49.4,300,568.759655
-28.3,300,568.811053
-37.5,300,568.86131
-27.8,300,568.910556
-27.8,300,568.96019
103.4,12,568.964135
93.7,95,568.980415
-68.9,300,569.030262
102.1,10,569.032047
-29.4,300,569.084316
63.7,178,569.114159
-27.9,300,569.163676
-29.7,300,569.213216
103.0,11,569.216919
-34.0,300,569.267614
-39.3,300,569.317695
-47.2,300,569.367429
-40.4,300,569.419749
-28.3,300,569.468913
-74.7,300,569.519587
83.0,181,569.549139
101.4,7,569.552164
-29.0,300,569.602866
101.5,6,569.603981
-54.0,300,569.653298
-29.6,300,569.705629
60.7,257,569.747999
-30.5,300,569.797753
86.7,177,569.827379
-35.3,300,569.878563
-26.6,300,569.928712
-47.9,300,569.978105
-28.3,300,570.027541
-70.5,300,570.078284
-29.0,300,570.1278
-30.0,300,570.176817
-38.5,300,570.226403
-53.2,300,570.277846
-43.6,300,570.328043
-30.1,300,570.377317
-75.4,300,570.42772
104.1,15,570.431598
-46.3,300,570.481115
-28.3,300,570.530191
102.4,12,570.533132
-42.6,300,570.584474
98.0,54,570.593709
-39.8,300,570.643961
-30.9,300,570.693559
-66.3,300,570.746098
-38.3,300,570.795991
-32.0,300,570.845149
103.5,26,570.850208
-29.1,300,570.901083
-28.7,300,570.950113
-27.3,300,571.000659
-26.6,300,571.049694
-30.7,300,571.10233
-26.4,300,571.151642
-56.5,300,571.20241
-27.7,300,571.25159
-72.0,300,571.304608
68.2,179,571.334507
-52.7,300,571.385142
-38.6,300,571.43424
101.9,7,571.437182
-71.0,300,571.487906
99.5,31,571.493342
-26.0,300,571.542688
-66.3,300,571.595642
-29.4,300,571.645262
-35.3,300,571.695339
-29.2,300,571.744598
103.1,10,571.7476
97.1,100,571.764738
49.7,224,571.802871
-28.7,300,571.852697
103.4,21,571.858233
-28.7,300,571.908577
76.5,150,571.934129
-37.8,300,571.983318
102.8,33,571.990504
78.0,202,572.025655
-28.8,300,572.075
-28.7,300,572.125309
-43.5,300,572.176607
-26.4,300,572.226625
-29.4,300,572.275537
-29.8,300,572.325281
-33.9,300,572.377176
-27.8,300,572.42674
-51.8,300,572.476241
84.3,189,572.507086
-39.7,300,572.559701
-48.7,300,572.609272
-50.7,300,572.662201
-32.1,300,572.711747
-25.5,300,572.764656
-27.2,300,572.8141
-46.1,300,572.864728
-27.5,300,572.914365
82.7,151,572.941301
-75.7,300,572.992486
-28.4,300,573.042161
-28.5,300,573.092183
102.8,18,573.09675
-35.0,300,573.146515
-26.3,300,573.197082
-32.1,300,573.246033
-26.6,300,573.298395
-42.3,300,573.347979
103.1,10,573.350097
-62.3,300,573.401138
-30.3,300,573.45218
-74.0,300,573.503172
-33.7,300,573.552394
-27.6,300,573.602228
-28.8,300,573.65386
103.8,22,573.657604
-68.2,300,573.708432
-59.8,300,573.758613
-37.5,300,573.810344
-25.6,300,573.859957
-27.7,300,573.909891
-28.5,300,573.959328
-47.6,300,574.011648
-27.0,300,574.061322
-33.9,300,574.110616
-51.6,300,574.161178
69.0,212,574.198776
-28.0,300,574.248963
-58.9,300,574.298718
94.6,110,574.317185
-69.2,300,574.369965
-56.4,300,574.419804
-28.0,300,574.469861
-28.1,300,574.518691
63.3,273,574.567048
-27.4,300,574.616373
86.4,182,574.646984
102.8,8,574.648689
103.0,16,574.653015
-27.0,300,574.702702
-27.9,300,574.753024
-28.2,300,574.802204
103.0,11,574.805902
-26.9,300,574.856609
-32.1,300,574.905978
-70.6,300,574.955561
104.2,18,574.960905
-37.6,300,575.010722
-43.2,300,575.060444
-28.2,300,575.110438
-29.5,300,575.161748
-70.4,300,575.213007
-29.7,300,575.262397
-38.3,300,575.313211
102.8,18,575.318098
-28.2,300,575.368009
-26.9,300,575.418385
-30.0,300,575.467709
-32.4,300,575.52001
88.1,150,575.545024
104.3,13,575.547415
-27.5,300,575.597494
-51.8,300,575.649144
-29.6,300,575.699095
-29.0,300,575.767957
-30.6,300,575.818293
-26.6,300,575.869887
-28.5,300,575.920165
-26.8,300,575.968862
-27.6,300,576.018629
-28.0,300,576.069567
-28.5,300,576.11887
-30.7,300,576.168272
-30.2,300,576.217136
-36.0,300,576.269181
-61.9,300,576.318246
-25.5,300,576.368621
-33.2,300,576.417103
-26.0,300,576.469024
-39.3,300,576.518161
102.2,17,576.52115
-56.8,300,576.571919
84.8,104,576.591068
104.3,17,576.594107
-32.6,300,576.644157
-41.2,300,576.693729
91.2,127,576.717475
-47.3,300,576.767811
-27.6,300,576.816697
-28.9,300,576.867013
-28.4,300,576.917784
101.1,10,576.919859
102.3,21,576.923468
37.0,285,576.971658
101.1,15,576.976207
102.6,10,576.977925
85.8,163,577.005165
100.3,58,577.015123
-37.3,300,577.067011
-25.5,300,577.115901
-28.5,300,577.16571
79.1,248,577.207
-25.2,300,577.258034
-46.8,300,577.308199
-30.1,300,577.357392
-28.5,300,577.40771
-27.0,300,577.458924
-27.5,300,577.509033
-27.8,300,577.558518
-26.1,300,577.608384
-31.7,300,577.660573
101.4,7,577.661793
-27.1,300,577.712385
-27.9,300,577.76224
-35.6,300,577.815181
-27.5,300,577.864377
-27.5,300,577.914856
-36.6,300,577.964318
-27.9,300,578.016627
-27.1,300,578.065507
-35.3,300,578.11564
-28.6,300,578.165086
-30.1,300,578.21672
-34.2,300,578.266385
-27.0,300,578.315388
-28.1,300,578.365592
101.7,27,578.372222
-29.6,300,578.421774
-53.3,300,578.472279
-39.2,300,578.521802
-29.0,300,578.574001
103.1,10,578.576142
-49.3,300,578.625499
-29.6,300,578.675303
102.7,9,578.67854
89.6,125,578.699305
-26.4,300,578.75018
-27.2,300,578.799369
78.9,105,578.818956
-27.3,300,578.8696
-66.0,300,578.918729
-29.7,300,578.968945
-30.4,300,579.020151
-49.0,300,579.070275
-31.8,300,579.119317
104.3,18,579.122746
-57.2,300,579.175616
-29.5,300,579.225175
-30.9,300,579.27546
-67.2,300,579.325049
-30.9,300,579.377655
-51.2,300,579.42744
-30.2,300,579.477434
-32.6,300,579.527403
93.9,87,579.544052
-28.5,300,579.593945
-27.3,300,579.643523
102.1,18,579.646555
88.9,100,579.665143
-27.0,300,579.715848
-27.7,300,579.764967
102.5,19,579.768463
87.7,189,579.802119
-48.8,300,579.851506
-29.8,300,579.901587
-27.4,300,579.95106
-32.3,300,580.002938
103.2,23,580.007109
104.4,22,580.010647
102.3,8,580.012257
-30.7,300,580.063794
-28.2,300,580.114379
-55.4,300,580.164142
-30.1,300,580.21413
-27.1,300,580.265713
-71.6,300,580.316297
-47.4,300,580.366513
104.7,14,580.369405
-30.3,300,580.421552
101.1,10,580.423409
-30.4,300,580.473017
103.1,10,580.475205
-25.9,300,580.527549
-40.2,300,580.577256
100.9,19,580.580756
-28.7,300,580.630882
-70.4,300,580.682759
93.0,116,580.701964
93.3,83,580.715306
-29.4,300,580.765826
-27.7,300,580.81701
-49.8,300,580.867521
-31.3,300,580.916532
-29.4,300,580.966827
-39.3,300,581.01828
-26.5,300,581.068441
101.6,5,581.069833
101.2,44,581.077318
-75.8,300,581.129136
-51.0,300,581.179577
-41.9,300,581.229125
104.9,22,581.232867
-29.8,300,581.285113
-33.2,300,581.334326
-35.7,300,581.384888
-38.4,300,581.434226
-33.2,300,581.486944
-33.8,300,581.53667
-35.4,300,581.586783
102.6,10,581.588949
-51.5,300,581.64066
103.4,21,581.644339
80.5,246,581.68587
-47.2,300,581.735439
-35.5,300,581.787511
-29.8,300,581.837586
-29.5,300,581.887293
-31.8,300,581.937225
-28.6,300,581.989515
40.8,251,582.031839
-71.7,300,582.081604
101.5,6,582.083069
-30.0,300,582.135233
-30.1,300,582.184589
105.3,18,582.187713
-77.9,300,582.238907
-31.3,300,582.29032
88.0,154,582.317093
83.1,135,582.339391
-58.8,300,582.389189
-27.6,300,582.44128
104.7,24,582.44548
103.8,17,582.448884
-38.4,300,582.498118
101.5,6,582.500945
104.7,14,582.50373
101.6,5,582.50476
-29.0,300,582.556016
-28.5,300,582.607613
102.1,10,582.609369
-26.5,300,582.660757
101.2,53,582.670312
-27.5,300,582.722556
101.5,6,582.723711
59.6,197,582.757061
95.5,43,582.764608
-37.6,300,582.816446
-67.2,300,582.867642
97.8,38,582.874252
-46.7,300,582.923547
-27.5,300,582.975434
95.6,75,582.987644
-28.5,300,583.037466
-39.0,300,583.087098
-26.5,300,583.139137
-29.2,300,583.188687
101.7,17,583.192098
-27.6,300,583.241057
86.0,191,583.274917
-32.3,300,583.323924
100.2,61,583.334273
102.3,17,583.337231
59.7,187,583.371123
-29.5,300,583.420412
89.1,137,583.442934
87.4,121,583.464019
-73.1,300,583.516165
-31.8,300,583.566325
-26.1,300,583.615782
-44.4,300,583.665446
93.6,66,583.678637
-29.4,300,583.728111
103.1,10,583.729868
-30.1,300,583.779816
-25.7,300,583.831969
-60.5,300,583.881759
85.3,89,583.897011
-27.0,300,583.946274
103.2,22,583.951852
-28.3,300,584.002435
-37.9,300,584.051574
101.9,7,584.053097
72.7,147,584.079186
101.8,8,584.08083
-34.0,300,584.131211
-27.7,300,584.180646
-29.6,300,584.232889
-30.0,300,584.282028
-33.2,300,584.332323
-28.5,300,584.381538
-28.0,300,584.43365
75.8,242,584.47414
-39.0,300,584.52408
-45.7,300,584.573653
-63.6,300,584.626575
-45.7,300,584.676144
-28.6,300,584.726161
88.3,176,584.755021
91.9,62,584.766867
93.8,100,584.783506
86.6,182,584.813646
-28.4,300,584.863753
75.1,300,584.915372
-25.5,300,584.965628
79.9,212,585.000403
-74.8,300,585.051274
-43.3,300,585.122836
-44.6,300,585.17335
103.7,18,585.176413
-30.7,300,585.225292
-27.9,300,585.276839
104.9,22,585.28098
-26.0,300,585.330116
-44.0,300,585.380397
-30.4,300,585.431954
97.1,61,585.4422
83.9,157,585.469207
-72.0,300,585.51914
90.8,152,585.545986
61.3,184,585.5778
-28.7,300,585.626636
-29.4,300,585.676811
101.4,7,585.679793
-56.5,300,585.729862
-32.6,300,585.780237
-28.2,300,585.829319
-32.0,300,585.882083
102.9,12,585.884359
-38.4,300,585.933283
101.0,28,585.938094
-27.4,300,585.990445
-27.5,300,586.0398
-26.6,300,586.089377
-37.2,300,586.138856
-26.0,300,586.191343
-29.4,300,586.240906
-38.7,300,586.290689
-28.7,300,586.339816
-31.0,300,586.390854
-37.7,300,586.441246
104.1,19,586.444856
-32.4,300,586.493995
-38.0,300,586.545753
-32.8,300,586.594591
-68.0,300,586.646567
102.3,13,586.648957
102.9,12,586.652966
-43.0,300,586.702882
-28.2,300,586.75352
101.0,11,586.755603
-36.2,300,586.8069
-43.1,300,586.857494
-33.1,300,586.917509
-27.3,300,586.972076
69.8,189,587.005806
-50.2,300,587.056795
-35.8,300,587.106134
-74.9,300,587.157021
-27.7,300,587.208076
100.2,26,587.212715
103.4,12,587.214995
-27.6,300,587.265086
-28.9,300,587.31591
102.2,17,587.318938
-26.8,300,587.368963
-30.2,300,587.418213
82.9,233,587.459418
103.1,19,587.462963
-33.8,300,587.512389
-27.5,300,587.56225
80.6,164,587.591116
-28.0,300,587.640226
-35.0,300,587.692351
-29.4,300,587.741463
-40.4,300,587.794287
-38.4,300,587.843875
102.4,20,587.847432
-28.4,300,587.89799
-34.5,300,587.949411
-28.4,300,587.999584
102.0,14,588.002053
-29.2,300,588.050944
-28.9,300,588.102742
-35.8,300,588.151798
-34.1,300,588.202185
-28.5,300,588.250994
-65.3,300,588.303657
-30.1,300,588.35255
101.1,10,588.354564
73.5,232,588.392608
-27.1,300,588.444522
-44.6,300,588.493829
-26.9,300,588.543875
-30.8,300,588.592943
-29.5,300,588.645269
-25.6,300,588.69416
-26.2,300,588.744241
-26.6,300,588.793298
-27.9,300,588.845301
-56.7,300,588.895143
-51.7,300,588.945603
-39.2,300,588.994564
41.4,258,589.040469
-31.7,300,589.08965
-27.0,300,589.139717
-34.5,300,589.189272
-78.8,300,589.241699
-49.9,300,589.291583
103.0,15,589.294486
-29.5,300,589.344556
-49.7,300,589.396071
84.1,127,589.417394
-23.0,300,589.467747
-30.6,300,589.516861
-27.0,300,589.569678
-74.6,300,589.619776
77.7,209,589.654705
-59.1,300,589.704848
-32.2,300,589.755851
-32.2,300,589.806187
86.2,203,589.839563
-30.0,300,589.889885
-41.6,300,589.941172
-57.9,300,589.991527
-37.2,300,590.040631
-49.8,300,590.090956
-30.8,300,590.142294
-44.1,300,590.192792
-42.1,300,590.241979
-29.0,300,590.291525
-26.8,300,590.342085
-78.5,300,590.391927
-30.3,300,590.442212
-43.7,300,590.491978
64.5,239,590.534361
-27.5,300,590.583549
-27.3,300,590.633569
102.2,9,590.63528
-26.7,300,590.686261
96.3,92,590.701607
101.4,52,590.711024
-28.9,300,590.760502
-31.4,300,590.811611
-33.9,300,590.86192
-28.3,300,590.91111
98.2,44,590.918558
-34.1,300,590.970214
100.3,35,590.976237
-43.5,300,591.025579
-26.1,300,591.07619
-37.9,300,591.127717
-33.7,300,591.178049
-75.7,300,591.227993
-27.3,300,591.278515
102.6,10,591.282091
-31.2,300,591.331278
-29.1,300,591.381884
101.2,9,591.383509
102.5,19,591.38847
-25.7,300,591.437799
91.9,68,591.450003
-63.9,300,591.499829
-31.7,300,591.551736
-27.6,300,591.601262
-31.5,300,591.65125
-25.3,300,591.701107
-67.4,300,591.753423
102.2,9,591.755871
-39.6,300,591.805937
-30.1,300,591.855246
-41.0,300,591.907035
101.4,20,591.910553
101.9,7,591.912065
104.3,18,591.915511
-27.6,300,591.967139
-27.5,300,592.016796
-52.0,300,592.065889
-28.1,300,592.116302
-23.7,300,592.167221
-54.0,300,592.218249
81.9,241,592.258012
-38.2,300,592.308592
-25.5,300,592.360146
-27.1,300,592.410514
102.0,14,592.412979
-29.0,300,592.462347
-44.2,300,592.515498
102.5,29,592.520693
-32.7,300,592.569635
-26.2,300,592.619684
94.1,50,592.629595
-31.4,300,592.680345
76.1,180,592.71106
-30.3,300,592.760459
-26.9,300,592.813014
-27.7,300,592.862931
-26.8,300,592.9121
-50.2,300,592.963108
-63.7,300,593.015001
-36.5,300,593.065757
-41.5,300,593.115262
93.8,50,593.123985
101.4,7,593.127274
99.8,53,593.13685
-55.5,300,593.186795
87.9,73,593.198952
101.8,17,593.203699
-33.3,300,593.254738
101.0,6,593.256183
-31.5,300,593.305048
-53.4,300,593.357958
-31.4,300,593.407002
-54.2,300,593.458064
-29.7,300,593.50737
-77.9,300,593.5608
95.3,80,593.57424
99.8,13,593.576598
-53.6,300,593.626076
-56.9,300,593.678479
-42.8,300,593.72807
-28.2,300,593.778237
-43.4,300,593.828094
-45.6,300,593.88023
87.5,193,593.911918
-27.8,300,593.961027
-28.7,300,594.011457
102.2,28,594.018203
-28.4,300,594.067546
-29.6,300,594.118058
43.3,286,594.165884
104.9,17,594.170361
-41.1,300,594.221398
54.9,265,594.265273
-27.5,300,594.335491
102.7,22,594.341514
103.5,20,594.345162
-26.0,300,594.39566
-26.5,300,594.444897
-25.7,300,594.496813
-33.4,300,594.546399
104.6,20,594.550026
-29.6,300,594.599844
102.5,19,594.604521
-65.1,300,594.65459
-39.1,300,594.703513
-32.7,300,594.753439
-30.3,300,594.804429
-27.3,300,594.85481
105.1,20,594.858404
-70.1,300,594.90774
103.0,15,594.912087
-27.7,300,594.962868
-27.0,300,595.011792
102.1,18,595.015203
90.2,100,595.034367
-36.4,300,595.083277
101.8,8,595.084881
101.0,6,595.08597
-28.5,300,595.138219
-27.7,300,595.187414
-31.7,300,595.237136
-28.2,300,595.286398
100.4,32,595.293532
-29.0,300,595.344062
-27.0,300,595.393283
-31.5,300,595.443531
102.8,17,595.448629
-32.6,300,595.498277
-27.0,300,595.547854
-35.5,300,595.597623
-27.9,300,595.649288
62.0,257,595.692509
-60.0,300,595.741967
98.0,46,595.749499
-63.6,300,595.801553
-30.1,300,595.850657
-27.0,300,595.901023
87.2,149,595.925594
-28.2,300,595.97778
-43.5,300,596.027431
-74.0,300,596.077358
102.6,19,596.080868
-47.9,300,596.132419
101.1,5,596.133458
-40.3,300,596.183837
-25.9,300,596.232849
-27.0,300,596.285092
-40.4,300,596.335345
-32.5,300,596.385635
-32.3,300,596.435215
76.3,140,596.460171
102.5,11,596.462343
-33.0,300,596.512562
89.8,167,596.540127
96.4,71,596.55414
98.8,33,596.559798
-37.1,300,596.609973
-26.1,300,596.659636
-27.7,300,596.711862
-46.8,300,596.761124
-29.8,300,596.81147
-52.1,300,596.86107
-29.0,300,596.913136
105.1,20,596.916871
89.7,154,596.942358
-31.1,300,596.991841
76.6,281,597.041755
-29.6,300,597.091292
-48.6,300,597.142102
-35.0,300,597.191674
-27.7,300,597.243808
98.2,48,597.252075
48.0,239,597.291496
101.5,6,597.292906
-29.8,300,597.345757
-26.6,300,597.394821
-26.0,300,597.444865
102.6,23,597.449051
-29.4,300,597.500299
-32.2,300,597.550451
85.2,182,597.580021
-35.0,300,597.629451
-30.7,300,597.682927
-31.3,300,597.732185
-29.5,300,597.78257
-32.6,300,597.831608
81.4,115,597.854003
93.5,129,597.875648
-25.5,300,597.92488
-31.1,300,597.9754
95.6,59,597.987268
-69.0,300,598.037689
96.9,57,598.047197
101.7,39,598.053919
-77.0,300,598.106894
-37.8,300,598.156421
-28.9,300,598.208432
-42.8,300,598.257798
-27.6,300,598.310249
101.2,4,598.311215
-31.0,300,598.360351
-63.5,300,598.4114
-65.6,300,598.462984
-32.8,300,598.514596
102.9,16,598.517622
-38.6,300,598.567353
-30.1,300,598.620201
-59.8,300,598.669235
-27.6,300,598.719545
-30.1,300,598.768805
-33.0,300,598.821138
-77.7,300,598.870742
-29.9,300,598.920742
102.9,12,598.923048
-52.8,300,598.974518
-35.3,300,599.024841
69.6,292,599.07257
-51.8,300,599.122611
87.4,98,599.140565
85.2,78,599.154024
-48.8,300,599.203499
-29.2,300,599.253678
-44.2,300,599.304727
-30.1,300,599.355241
102.2,9,599.356976
-30.8,300,599.40614
101.2,4,599.408859
99.8,28,599.413686
-27.1,300,599.464454
-35.8,300,599.513357
-25.6,300,599.565936
-27.9,300,599.615172
-53.8,300,599.665585
-29.0,300,599.714738
-47.0,300,599.767127
-33.4,300,599.816255
-34.0,300,599.866509
-28.7,300,599.915716
101.2,14,599.919867
103.5,11,599.921715
-28.3,300,599.972309
-31.3,300,600.021365
-25.6,300,600.072807
-30.0,300,600.122275
-61.8,300,600.172846
103.1,10,600.174978
-29.8,300,600.226413
-42.4,300,600.27651
-28.4,300,600.326159
-36.8,300,600.376177
-79.6,300,600.428082
-40.2,300,600.477469
101.5,10,600.479181
-45.7,300,600.529572
-26.8,300,600.581007
105.2,19,600.584525
-29.6,300,600.634789
103.1,10,600.636932
103.5,11,600.64026
-39.4,300,600.690417
-28.2,300,600.740786
-27.3,300,600.789892
101.6,10,600.793476
-26.5,300,600.844123
-27.7,300,600.893461
103.6,15,600.896342
-80.9,300,600.948368
-77.3,300,600.997528
92.9,49,601.005787
105.1,20,601.010052
102.7,18,601.014512
-29.1,300,601.064365
-31.5,300,601.113378
-27.8,300,601.163725
102.8,17,601.168919
-27.4,300,601.21852
86.7,172,601.248018
-25.5,300,601.29706
-28.7,300,601.349142
-28.3,300,601.398731
-72.0,300,601.45014
57.2,186,601.480642
102.9,16,601.484971
78.0,246,601.525887
-28.4,300,601.576118
-27.5,300,601.625165
94.6,95,601.643563
104.2,18,601.647063
-65.9,300,601.69717
102.7,9,601.69888
-27.5,300,601.750997
103.0,11,601.753251
103.8,17,601.756279
-39.8,300,601.805968
101.9,7,601.809357
-29.0,300,601.859816
85.1,190,601.891341
-45.3,300,601.940481
-32.7,300,601.993051
-46.5,300,602.042976
96.7,34,602.049166
-74.8,300,602.119233
87.7,169,602.149238
-27.1,300,602.19981
-44.5,300,602.249393
-69.8,300,602.300253
83.7,158,602.328756
-27.4,300,602.378086
103.2,14,602.381247
-33.4,300,602.430641
-41.1,300,602.48189
98.3,48,602.490724
87.8,148,602.51531
-44.4,300,602.564089
-31.6,300,602.616588
-27.2,300,602.665559
-63.0,300,602.717256
78.7,277,602.762736
-30.9,300,602.814922
-26.5,300,602.864323
-27.6,300,602.913767
-27.7,300,602.963146
102.6,18,602.967905
102.6,10,602.969663
-29.0,300,603.02019
-66.2,300,603.070149
76.5,288,603.120974
102.9,16,603.123964
-28.8,300,603.173589
-28.3,300,603.222745
98.4,67,603.236277
-29.1,300,603.285652
102.2,9,603.287329
-39.5,300,603.336757
80.6,234,603.378388
-45.5,300,603.427453
-27.7,300,603.477479
-40.1,300,603.527271
92.2,114,603.548674
-73.0,300,603.599003
-31.2,300,603.648695
97.0,61,603.659474
-27.3,300,603.711055
-31.2,300,603.760947
-30.5,300,603.810426
-34.6,300,603.860319
-36.8,300,603.911742
104.4,17,603.914768
-30.1,300,603.964574
-56.1,300,604.014437
-29.3,300,604.065681
-29.0,300,604.115878
-34.3,300,604.164893
-27.6,300,604.215093
102.1,10,604.218564
-70.4,300,604.268723
-54.2,300,604.319089
-27.8,300,604.368315
-29.2,300,604.420521
-75.4,300,604.470396
-81.1,300,604.521441
99.1,60,604.531561
-48.3,300,604.582603
91.1,70,604.594566
-31.5,300,604.645189
-55.7,300,604.694244
-78.8,300,604.747118
-31.7,300,604.796702
-31.1,300,604.847017
-62.4,300,604.896612
-29.4,300,604.94915
-40.9,300,604.998832
97.2,75,605.011378
-61.5,300,605.062197
-32.7,300,605.113607
-28.4,300,605.163562
-29.5,300,605.212957
-56.4,300,605.263762
-28.6,300,605.315037
-37.3,300,605.365671
102.4,15,605.368212
-29.0,300,605.417585
103.3,13,605.42179
-30.2,300,605.472122
-31.8,300,605.521044
-38.7,300,605.571634
94.5,65,605.584615
-28.6,300,605.634277
-28.5,300,605.684667
-28.7,300,605.733715
-72.3,300,605.785711
-34.6,300,605.834924
-49.6,300,605.886867
-44.4,300,605.937007
-28.1,300,605.989547
102.5,11,605.991725
99.2,34,605.99733
74.0,287,606.044662
-29.0,300,606.096716
-28.7,300,606.146094
100.8,8,606.147655
53.1,251,606.190236
-29.2,300,606.241254
-56.5,300,606.291664
-29.7,300,606.341423
101.7,22,606.345079
105.1,20,606.350411
84.1,180,606.38034
-32.5,300,606.430719
-30.0,300,606.480286
93.5,96,606.498687
-46.7,300,606.548208
-55.4,300,606.59845
-27.0,300,606.648084
-31.7,300,606.700009
-29.5,300,606.749823
-70.4,300,606.79957
-64.4,300,606.85046
64.0,162,606.87931
102.8,13,606.881784
-28.6,300,606.932189
-33.0,300,606.98152
-38.3,300,607.033422
-79.8,300,607.083289
-28.7,300,607.133413
-33.3,300,607.182175
-28.5,300,607.234042
-52.1,300,607.283871
-28.9,300,607.333911
-56.9,300,607.383586
-32.7,300,607.434658
103.5,11,607.436854
-27.5,300,607.48728
103.2,18,607.490352
-28.7,300,607.541722
-69.4,300,607.592745
101.9,20,607.596289
101.0,6,607.597697
-30.4,300,607.649401
-26.5,300,607.702014
-32.1,300,607.751995
-28.0,300,607.8016
-32.4,300,607.852417
-52.8,300,607.903076
-26.7,300,607.951955
-29.8,300,608.001971
-28.5,300,608.053404
-26.2,300,608.103677
-69.2,300,608.153567
-47.0,300,608.204185
-39.1,300,608.255453
102.1,10,608.257214
-41.2,300,608.307681
-29.3,300,608.356793
-65.2,300,608.409597
67.5,159,608.436492
96.5,53,608.445439
-28.0,300,608.495428
101.4,7,608.49844
-64.2,300,608.548477
103.9,16,608.551394
85.5,84,608.565527
-27.0,300,608.61756
80.5,92,608.633316
101.1,5,608.634359
89.3,106,608.652262
103.7,18,608.65717
-25.7,300,608.707392
-27.8,300,608.756728
89.4,72,608.768693
-27.7,300,608.820914
-30.6,300,608.870704
-28.7,300,608.921073
-27.3,300,608.970005
-45.5,300,609.022555
-29.0,300,609.072091
98.6,19,609.075664
-28.5,300,609.125653
91.7,144,609.151058
-50.5,300,609.200633
-27.5,300,609.250846
101.8,13,609.253067
43.7,269,609.299409
-34.2,300,609.349368
-28.0,300,609.39846
-28.0,300,609.448565
101.1,5,609.451657
-28.6,300,609.500938
-28.6,300,609.551044
-31.9,300,609.600586
-78.5,300,609.653365
-29.7,300,609.702785
-51.6,300,609.752807
103.3,13,609.755206
-37.6,300,609.807303
-43.9,300,609.857916
-26.2,300,609.907461
-48.4,300,609.956946
-76.9,300,610.009014
-30.8,300,610.058411
-25.7,300,610.108627
104.0,21,610.112319
-56.8,300,610.164153
101.7,9,610.165878
-37.2,300,610.216223
-26.5,300,610.265548
-27.1,300,610.318248
-72.3,300,610.368117
-27.0,300,610.418276
-34.2,300,610.467576
-68.9,300,610.520124
-45.6,300,610.569614
-26.0,300,610.61975
-57.5,300,610.668959
-29.1,300,610.721328
104.6,24,610.725597
-30.1,300,610.774924
-60.4,300,610.825101
-30.3,300,610.876388
101.9,7,610.877948
-71.4,300,610.947537
-25.5,300,610.997069
-27.2,300,611.049264
104.6,20,611.052883
-27.4,300,611.101435
-38.6,300,611.152115
-34.4,300,611.203481
-26.9,300,611.253653
-42.9,300,611.303133
-51.3,300,611.35379
94.6,46,611.363496
-34.0,300,611.412804
-31.8,300,611.463143
-32.1,300,611.512299
-27.6,300,611.565076
104.9,17,611.568124
-78.0,300,611.61741
-25.5,300,611.667671
98.4,39,611.675941
-43.2,300,611.725727
-27.1,300,611.775853
-26.6,300,611.824866
-58.7,300,611.87747
-62.9,300,611.927192
-27.1,300,611.977372
-25.5,300,612.026742
104.9,17,612.03144
-47.5,300,612.082252
88.1,73,612.094459
96.5,76,612.107198
-26.2,300,612.158143
-27.2,300,612.208669
-27.5,300,612.25736
-28.9,300,612.307792
69.0,254,612.351875
-29.4,300,612.402648
-26.5,300,612.451979
-29.7,300,612.502326
-41.1,300,612.553339
-34.4,300,612.60342
-27.2,300,612.652532
-36.4,300,612.703972
-30.9,300,612.755584
-36.0,300,612.805345
-24.2,300,612.855307
-36.4,300,612.904766
104.7,14,612.909602
-62.5,300,612.960089
-39.8,300,613.00961
105.2,19,613.013856
82.6,128,613.037254
101.8,16,613.04016
96.5,64,613.050902
-26.6,300,613.100296
-30.0,300,613.152944
-38.6,300,613.202158
-27.0,300,613.252511
103.2,18,613.255578
-66.7,300,613.307138
-27.7,300,613.357202
-31.1,300,613.406293
-40.1,300,613.456847
102.8,21,613.462237
-63.5,300,613.512144
-27.1,300,613.562904
-40.8,300,613.612537
-25.6,300,613.664853
104.9,17,613.667923
-26.7,300,613.717278
-44.7,300,613.767928
-27.0,300,613.819264
-34.6,300,613.870042
-29.2,300,613.919182
101.7,9,613.920838
102.3,17,613.925691
-53.2,300,613.976205
-28.2,300,614.025947
-34.6,300,614.076248
-31.5,300,614.12817
-29.8,300,614.178035
-57.6,300,614.227917
103.1,14,614.230757
-38.4,300,614.282972
-30.3,300,614.332592
-27.6,300,614.382727
104.7,19,614.386273
105.1,20,614.391857
-27.1,300,614.442439
-40.6,300,614.492751
-70.6,300,614.543089
-28.8,300,614.595005
-26.6,300,614.644894
-36.3,300,614.694317
91.8,86,614.709471
-34.3,300,614.760962
-52.3,300,614.811706
-26.5,300,614.861398
-30.7,300,614.91114
-70.0,300,614.963312
-25.6,300,615.013342
-28.3,300,615.063326
-30.2,300,615.112335
-33.5,300,615.164446
103.9,17,615.167405
-25.9,300,615.216655
59.3,296,615.266502
99.1,48,615.276557
-31.3,300,615.327213
79.1,237,615.366854
84.1,209,615.401255
-43.7,300,615.45399
-28.5,300,615.503427
-27.6,300,615.553745
-29.2,300,615.603157
-42.0,300,615.655836
-38.8,300,615.704997
-65.8,300,615.755457
-28.3,300,615.804723
101.9,7,615.807751
-41.3,300,615.858736
-27.5,300,615.908718
-26.1,300,615.958494
-35.4,300,616.009581
91.2,128,616.030702
82.5,223,616.067685
-31.1,300,616.117251
93.5,106,616.137249
-35.9,300,616.188034
101.6,18,616.191113
-26.6,300,616.240081
94.7,74,616.254524
-26.5,300,616.305156
-48.4,300,616.354725
-29.2,300,616.405139
91.8,103,616.424611
-29.9,300,616.474207
103.3,17,616.477239
-27.1,300,616.527678
85.2,193,616.56127
-30.9,300,616.611615
89.7,119,616.631729
-31.0,300,616.681023
88.1,180,616.713321
-29.6,300,616.762861
-34.0,300,616.813016
-26.3,300,616.862455
-29.1,300,616.915047
-33.3,300,616.964346
-27.0,300,617.013992
83.3,94,617.029826
-31.7,300,617.081469
94.4,132,617.103384
-34.6,300,617.153618
-27.2,300,617.203133
102.9,16,617.207928
-28.8,300,617.258869
-43.8,300,617.308435
101.4,7,617.309967
-46.5,300,617.362339
-32.9,300,617.411896
-27.5,300,617.462535
-30.0,300,617.511994
99.9,40,617.520475
-36.2,300,617.571074
-78.2,300,617.620918
-68.0,300,617.672368
-34.1,300,617.725143
93.5,126,617.747095
-28.0,300,617.796436
100.1,34,617.8022
-26.0,300,617.854373
-28.1,300,617.904335
-28.7,300,617.954191
-28.8,300,618.004092
-30.0,300,618.055588
-34.6,300,618.106059
-29.9,300,618.155194
-27.3,300,618.20574
-40.2,300,618.256717
105.4,22,618.260791
-26.6,300,618.31156
58.7,258,618.354026
-31.8,300,618.406356
-31.1,300,618.455838
-31.1,300,618.50657
100.8,16,618.509501
-68.2,300,618.561839
103.3,13,618.564197
-28.7,300,618.614893
-29.8,300,618.663988
-31.6,300,618.7163
-31.0,300,618.765514
100.9,19,618.769025
-30.8,300,618.819432
-27.5,300,618.870694
-29.2,300,618.920989
-28.4,300,618.970244
-27.3,300,619.020584
-32.4,300,619.072208
-51.4,300,619.122388
-39.8,300,619.172064
-37.9,300,619.221998
-29.4,300,619.273423
103.7,14,619.276156
-30.2,300,619.326452
-34.8,300,619.376033
-76.2,300,619.428264
-30.2,300,619.477971
-30.2,300,619.527191
-72.7,300,619.578111
-40.9,300,619.629471
-62.6,300,619.679821
87.9,172,619.70841
-28.9,300,619.758502
-27.3,300,619.810101
-30.9,300,619.86075
65.1,166,619.888395
-29.1,300,619.937391
-26.9,300,619.989982
79.1,254,620.03191
-33.5,300,620.081971
-73.9,300,620.132196
-45.9,300,620.184682
101.5,6,620.185755
99.4,66,620.197084
104.9,17,620.200099
-49.3,300,620.251893
101.3,12,620.254144
-28.7,300,620.324243
-67.5,300,620.374115
-27.8,300,620.425928
100.6,21,620.429629
-29.2,300,620.478638
-30.9,300,620.529021
-29.3,300,620.580477
101.4,11,620.582681
-44.9,300,620.63327
-31.8,300,620.682574
-38.3,300,620.734655
-29.5,300,620.783391
-42.1,300,620.833854
102.9,16,620.836818
-29.6,300,620.888039
103.7,14,620.890483
104.4,22,620.894403
-35.2,300,620.944526
-52.2,300,620.996393
-42.6,300,621.046893
-32.0,300,621.096189
-30.9,300,621.14641
-29.1,300,621.197758
-71.2,300,621.248012
-30.4,300,621.297299
-29.8,300,621.34752
-47.5,300,621.399153
-39.4,300,621.449794
-68.0,300,621.49933
-31.5,300,621.549571
-32.6,300,621.600969
75.3,160,621.627741
-72.3,300,621.678672
-49.4,300,621.728209
-35.7,300,621.780192
-27.6,300,621.829476
99.4,33,621.835148
-31.2,300,621.885553
-49.5,300,621.937237
-52.2,300,621.98787
82.7,214,622.023302
92.5,72,622.035404
95.6,85,622.051342
-65.2,300,622.102209
-72.8,300,622.15186
-29.5,300,622.202424
-28.2,300,622.253564
-29.2,300,622.304232
-40.1,300,622.353757
-28.5,300,622.403718
-30.8,300,622.454504
-29.0,300,622.50478
103.8,18,622.507887
-44.0,300,622.557413
-34.2,300,622.609946
-37.7,300,622.659567
-40.4,300,622.71127
-43.6,300,622.760694
-26.0,300,622.813112
-42.7,300,622.86276
102.0,6,622.864259
-43.6,300,622.915205
-55.0,300,622.966963
100.3,16,622.969853
102.3,8,622.97147
95.3,101,622.988256
-47.4,300,623.041245
99.3,48,623.049478
-28.1,300,623.098961
-36.6,300,623.149282
-27.8,300,623.200435
84.4,74,623.214017
104.7,19,623.217131
-56.6,300,623.266796
-50.2,300,623.318753
102.6,14,623.321668
-27.1,300,623.371085
-52.4,300,623.421436
84.7,208,623.457431
-48.1,300,623.50707
-35.4,300,623.557175
102.2,17,623.560194
-40.4,300,623.611371
102.6,18,623.614867
104.1,23,623.618604
-30.2,300,623.668885
-38.2,300,623.720548
103.3,13,623.723254
105.7,19,623.726413
-27.8,300,623.776691
-29.5,300,623.827856
-48.9,300,623.878548
-26.0,300,623.927703
-35.9,300,623.978324
105.7,19,623.98337
-24.9,300,624.032895
-28.8,300,624.083224
-50.3,300,624.132475
-36.7,300,624.1855
-68.7,300,624.235504
-47.0,300,624.286156
-26.3,300,624.335549
-29.0,300,624.387951
97.4,56,624.397401
-54.1,300,624.447649
104.2,18,624.451099
101.9,15,624.455222
-35.2,300,624.506244
-30.1,300,624.555525
100.9,27,624.56039
-31.6,300,624.612268
-27.2,300,624.661332
-34.6,300,624.711742
77.9,233,624.749928
-33.0,300,624.802142
-27.9,300,624.85166
103.8,17,624.855079
101.4,40,624.86182
-64.5,300,624.915058
-29.6,300,624.964183
-26.0,300,625.014582
89.3,150,625.039017
82.7,224,625.077979
103.5,15,625.080966
-29.3,300,625.131664
103.4,12,625.133971
103.0,16,625.138681
-61.0,300,625.188907
-29.5,300,625.239565
-33.6,300,625.288758
70.6,275,625.337234
103.9,12,625.339532
-29.2,300,625.388772
-29.0,300,625.439055
-61.2,300,625.490765
103.6,19,625.493899
103.3,13,625.496621
104.4,17,625.499736
-26.5,300,625.552296
104.0,21,625.555954
77.0,288,625.603646
102.0,6,625.605061
-26.5,300,625.657006
-28.5,300,625.706147
104.1,15,625.708658
-31.6,300,625.759024
98.4,62,625.771501
-29.4,300,625.820922
105.0,16,625.823828
-44.0,300,625.874185
-41.4,300,625.925555
102.9,12,625.927801
-26.4,300,625.977873
-25.5,300,626.02699
87.0,171,626.057955
102.4,20,626.061569
95.6,65,626.072496
-28.7,300,626.121464
-28.1,300,626.173817
-65.0,300,626.223396
82.6,195,626.25636
-25.5,300,626.306021
101.7,9,626.308974
-69.7,300,626.36026
-53.0,300,626.410407
103.7,14,626.412863
-60.0,300,626.465773
103.5,16,626.468827
-28.4,300,626.518371
-30.2,300,626.568735
-26.5,300,626.61999
-27.0,300,626.670562
-27.1,300,626.719974
101.5,6,626.721436
-49.6,300,626.774292
-32.8,300,626.823955
-34.1,300,626.873911
-27.1,300,626.923577
103.1,10,626.926911
-37.9,300,626.97753
-26.6,300,627.027455
-29.0,300,627.077074
-33.2,300,627.128677
98.7,39,627.13551
-33.1,300,627.185348
-28.7,300,627.235071
-30.2,300,627.286685
102.9,20,627.291015
-27.2,300,627.340508
-32.5,300,627.389794
-33.7,300,627.441381
-31.7,300,627.490124
95.9,45,627.498359
-40.1,300,627.548526
-34.5,300,627.600064
-55.3,300,627.650594
-50.6,300,627.701997
-38.5,300,627.75271
-28.5,300,627.804312
-44.6,300,627.85503
-47.7,300,627.904413
-43.3,300,627.955119
104.3,18,627.960045
-45.0,300,628.009521
101.4,23,628.013746
-44.2,300,628.064602
-28.1,300,628.115949
-29.1,300,628.166299
-61.5,300,628.215676
-28.9,300,628.285799
-26.0,300,628.337452
-78.7,300,628.388073
-29.5,300,628.437223
-30.2,300,628.487852
104.5,16,628.492281
-30.5,300,628.541763
-72.4,300,628.592412
-52.6,300,628.641842
103.6,23,628.647542
-31.5,300,628.698415
-34.9,300,628.747777
-27.1,300,628.797461
103.1,18,628.802189
-72.2,300,628.852376
102.8,26,628.856762
-28.2,300,628.90691
98.1,27,628.913565
-27.6,300,628.963481
93.3,56,628.973849
-34.7,300,629.023334
102.7,17,629.027851
-29.0,300,629.078826
96.7,57,629.088938
-26.4,300,629.138101
-31.8,300,629.190244
-27.4,300,629.239251
-25.7,300,629.289046
87.3,161,629.315528
-40.4,300,629.367087
104.3,18,629.370164
-29.5,300,629.420493
103.2,18,629.423887
-27.5,300,629.474957
-33.5,300,629.525845
-60.6,300,629.575082
97.5,51,629.583727
-29.6,300,629.636296
-30.5,300,629.685506
102.5,11,629.687318
-28.2,300,629.737448
102.0,6,629.740369
-27.7,300,629.790182
72.6,201,629.824295
-29.3,300,629.873437
-29.1,300,629.925678
-31.3,300,629.975405
-32.1,300,630.025618
103.4,16,630.028578
-41.2,300,630.080074
102.9,24,630.08424
-26.0,300,630.13402
-26.5,300,630.183583
-27.5,300,630.235081
-69.8,300,630.285285
-29.0,300,630.335084
98.9,57,630.344936
47.3,216,630.383642
103.0,19,630.38723
-29.9,300,630.437019
-26.6,300,630.486544
-44.1,300,630.537995
101.9,15,630.540914
-28.5,300,630.591529
-35.8,300,630.640888
99.5,45,630.65062
104.5,16,630.653614
-32.5,300,630.702978
-29.1,300,630.752644
-28.2,300,630.805557
-36.3,300,630.855419
-26.0,300,630.905375
102.3,13,630.907706
-31.8,300,630.958958
-32.2,300,631.009305
-27.6,300,631.058731
-26.0,300,631.109188
-27.7,300,631.160639
-56.7,300,631.211409
-41.2,300,631.26059
104.9,22,631.264639
104.5,21,631.26973
-30.3,300,631.320433
-32.0,300,631.369584
104.6,15,631.372437
-35.3,300,631.424203
-35.1,300,631.473812
101.1,17,631.476813
-26.1,300,631.527312
-35.0,300,631.578998
-30.3,300,631.629265
99.3,38,631.635857
-31.4,300,631.684625
-54.4,300,631.73684
101.6,5,631.737906
-36.9,300,631.786937
-32.6,300,631.837135
101.5,6,631.840068
105.3,18,631.843545
-25.6,300,631.893282
78.3,271,631.939034
-28.1,300,631.990338
102.7,34,631.995988
-32.2,300,632.046136
-60.8,300,632.095873
-26.2,300,632.148144
104.1,15,632.151035
-38.8,300,632.200342
-25.8,300,632.250537
-29.3,300,632.30233
87.3,62,632.31269
-29.2,300,632.363177
-30.1,300,632.41204
-28.1,300,632.464821
-28.5,300,632.51365
104.7,19,632.517107
-30.4,300,632.567399
-29.2,300,632.61834
-27.7,300,632.668608
94.5,71,632.681248
-29.8,300,632.731091
-84.2,300,632.784397
-30.7,300,632.83371
-42.2,300,632.884289
102.2,9,632.886004
-30.4,300,632.937539
-28.7,300,632.988019
-29.7,300,633.037392
-29.0,300,633.087637
99.7,22,633.093658
-43.3,300,633.143462
-25.5,300,633.193909
-30.3,300,633.242986
-32.6,300,633.294961
-31.4,300,633.344535
-28.3,300,633.394655
-30.1,300,633.44403
-46.3,300,633.497031
-28.7,300,633.546964
-47.9,300,633.597
-31.1,300,633.646084
-55.7,300,633.698601
-27.2,300,633.748492
-63.4,300,633.797723
-26.3,300,633.848043
102.3,8,633.851148
-30.3,300,633.900947
-28.5,300,633.951587
-64.4,300,634.00148
-36.4,300,634.054103
-56.2,300,634.103567
-41.2,300,634.15435
-39.2,300,634.203687
102.6,10,634.206723
103.3,13,634.20907
-44.2,300,634.259922
-30.0,300,634.309046
-78.6,300,634.362252
-29.0,300,634.411834
104.6,15,634.414712
-29.0,300,634.465027
-76.8,300,634.516886
-28.7,300,634.567237
-29.0,300,634.61653
-29.6,300,634.666625
-29.2,300,634.71788
-27.5,300,634.768094
-35.1,300,634.817734
-34.3,300,634.867567
102.4,20,634.872846
104.8,18,634.876312
-28.9,300,634.926319
-28.8,300,634.97642
102.9,12,634.980098
-31.3,300,635.029932
-41.3,300,635.080513
-63.4,300,635.130447
-29.0,300,635.183175
102.6,15,635.185729
89.4,142,635.20945
103.3,13,635.211781
-37.1,300,635.263716
-33.2,300,635.314107
-58.7,300,635.363516
102.9,12,635.365709
105.6,20,635.370704
104.2,14,635.373634
-28.0,300,635.424287
-39.9,300,635.473801
104.3,13,635.477908
-36.4,300,635.52889
-43.3,300,635.578393
-38.0,300,635.628757
-28.5,300,635.679955
-29.7,300,635.730066
-28.0,300,635.779581
-26.4,300,635.830047
-30.2,300,635.881653
102.6,15,635.884507
-71.6,300,635.935581
101.7,9,635.937229
-55.6,300,635.988879
104.6,15,635.991799
-52.4,300,636.042463
-53.7,300,636.091744
97.1,54,636.10229
102.8,8,636.103939
-26.7,300,636.154568
-32.4,300,636.203887
-31.8,300,636.256766
-38.8,300,636.306305
-77.2,300,636.357286
-27.7,300,636.406695
-27.0,300,636.458972
-37.1,300,636.508077
103.6,23,636.51226
-30.2,300,636.562907
-34.8,300,636.614569
-72.6,300,636.66566
-68.6,300,636.715684
102.0,19,636.719221
-29.7,300,636.772088
102.3,38,636.778529
82.3,232,636.816844
-54.4,300,636.867438
-29.0,300,636.921067
-28.0,300,636.972063
104.1,15,636.97496
-50.0,300,637.024519
101.7,17,637.029218
-29.4,300,637.079901
-25.6,300,637.129031
-30.3,300,637.179497
-62.8,300,637.231763
104.4,21,637.235441
-31.2,300,637.285811
-27.7,300,637.33512
-30.1,300,637.387298
-28.5,300,637.43652
-31.7,300,637.488318
-53.9,300,637.556693
101.0,6,637.559673
-26.7,300,637.61086
-28.5,300,637.660541
-28.5,300,637.712353
102.7,9,637.715631
-29.8,300,637.765056
101.1,5,637.766067
101.5,6,637.767552
-39.3,300,637.820359
102.2,17,637.823424
85.9,199,637.856413
-35.3,300,637.906693
-29.0,300,637.957751
-29.7,300,638.007656
88.1,140,638.031217
-29.2,300,638.080359
103.2,18,638.085296
102.9,20,638.089088
-57.1,300,638.140363
-37.2,300,638.189645
104.8,18,638.19452
-27.6,300,638.245223
-30.4,300,638.294489
-50.1,300,638.345357
-27.3,300,638.396304
-27.8,300,638.44681
-26.5,300,638.495994
-68.8,300,638.546689
-28.3,300,638.597994
-34.3,300,638.648302
-43.6,300,638.698113
-26.4,300,638.747933
-29.9,300,638.799039
-27.0,300,638.848508
-31.7,300,638.897934
89.2,152,638.922726
93.1,110,638.942836
-33.5,300,638.993337
-55.6,300,639.042916
-43.2,300,639.093208
-28.8,300,639.144448
-25.5,300,639.194827
90.6,58,639.204942
-29.2,300,639.254261
-30.4,300,639.306637
-31.9,300,639.355923
-25.5,300,639.40614
-30.1,300,639.455232
-30.1,300,639.507516
-25.5,300,639.557033
-60.8,300,639.607265
103.6,15,639.610128
-32.5,300,639.661255
-29.3,300,639.711565
102.8,21,639.715248
-30.2,300,639.76427
-29.1,300,639.817152
102.6,18,639.820249
-28.5,300,639.869546
102.7,9,639.871612
-35.5,300,639.923421
-26.3,300,639.97272
-77.6,300,640.023811
-37.0,300,640.073079
103.0,16,640.077401
-56.6,300,640.12847
-29.7,300,640.177898
-29.2,300,640.228081
-39.1,300,640.279861
-33.8,300,640.330543
67.4,146,640.354908
-74.4,300,640.404547
-26.5,300,640.456656
-44.6,300,640.505604
-28.5,300,640.555665
93.4,90,640.57092
104.6,15,640.575251
-31.8,300,640.625003
-26.7,300,640.675194
90.6,117,640.695021
-27.3,300,640.746404
-46.0,300,640.796074
-27.0,300,640.84622
101.6,18,640.84918
-29.7,300,640.900507
98.3,73,640.912552
-39.3,300,640.962736
-30.6,300,641.011655
82.9,164,641.040836
-62.9,300,641.092021
81.6,154,641.117792
-27.6,300,641.167901
-55.8,300,641.219576
102.7,14,641.22199
-38.1,300,641.272359
103.5,20,641.275972
-61.1,300,641.328358
-32.2,300,641.378291
-27.5,300,641.428064
-37.4,300,641.477476
-29.0,300,641.528267
-27.0,300,641.577354
-38.1,300,641.627907
102.0,6,641.629397
-30.6,300,641.680552
-43.8,300,641.731184
-36.1,300,641.780329
-61.1,300,641.831247
-26.7,300,641.882704
76.6,284,641.930153
-28.3,300,641.979542
-39.0,300,642.030415
-28.1,300,642.081575
103.3,13,642.083933
-29.2,300,642.134482
-52.6,300,642.184436
103.0,11,642.188407
-29.0,300,642.239735
103.8,18,642.242862
-40.6,300,642.292274
-46.6,300,642.344868
-39.5,300,642.394062
-28.5,300,642.444679
-30.1,300,642.494086
77.3,260,642.539584
-28.7,300,642.589158
-27.7,300,642.638903
-52.5,300,642.690537
-26.0,300,642.744422
-31.6,300,642.79588
105.5,21,642.800055
72.3,125,642.820985
-74.8,300,642.874401
-45.8,300,642.923866
101.7,9,642.925523
71.6,298,642.975453
-35.3,300,643.027898
-28.8,300,643.07804
-46.7,300,643.127133
104.7,19,643.130196
-74.4,300,643.183406
-29.0,300,643.232871
-29.4,300,643.283423
85.1,215,643.318894
-62.0,300,643.369414
102.4,12,643.371662
-43.1,300,643.422841
-26.5,300,643.471965
103.7,14,643.476574
-27.5,300,643.52735
-49.7,300,643.577037
-27.6,300,643.627254
102.8,8,643.630367
-38.1,300,643.680474
101.9,15,643.682956
-27.4,300,643.73371
-46.7,300,643.784762
-25.5,300,643.835327
-79.1,300,643.885104
-36.7,300,643.935328
-29.5,300,643.986466
-29.5,300,644.037011
-29.4,300,644.085612
97.0,37,644.092142
-39.5,300,644.144192
-27.1,300,644.193262
81.4,191,644.225194
-26.1,300,644.274798
102.9,16,644.27985
-27.7,300,644.330009
-28.8,300,644.379037
-27.2,300,644.428281
101.3,35,644.436775
97.6,50,644.445319
103.2,14,644.44788
-27.0,300,644.496888
-29.6,300,644.549329
-48.1,300,644.598899
-34.4,300,644.649383
91.3,115,644.668659
83.6,114,644.689368
105.3,18,644.692746
-27.1,300,644.741882
-27.1,300,644.792147
-29.5,300,644.843306
81.6,205,644.878278
-24.7,300,644.927488
-76.8,300,644.978305
93.7,114,644.999707
-29.3,300,645.048599
101.4,7,645.04976
79.1,267,645.094512
-27.1,300,645.146039
-26.5,300,645.196168
-30.5,300,645.245361
-29.1,300,645.295791
-43.9,300,645.347458
-69.3,300,645.398241
96.9,71,645.410298
-34.6,300,645.459286
30.6,286,645.509477
97.1,74,645.52214
-27.2,300,645.571316
-27.6,300,645.621815
-39.6,300,645.672969
-30.2,300,645.723435
-28.7,300,645.77296
-29.0,300,645.823248
103.9,17,645.828132
-40.5,300,645.877712
-52.4,300,645.928342
-30.8,300,645.977244
-36.1,300,646.029345
-35.2,300,646.078797
-28.1,300,646.128893
82.7,180,646.158595
-31.7,300,646.210282
103.3,13,646.212631
104.1,15,646.215495
-33.0,300,646.265978
-29.4,300,646.317031
-33.1,300,646.367935
-29.7,300,646.416985
102.6,15,646.419762
-35.8,300,646.472047
-27.0,300,646.543008
101.9,7,646.544617
101.1,5,646.545589
-32.1,300,646.597309
101.7,9,646.598992
54.6,210,646.634344
-28.6,300,646.684938
-27.3,300,646.735925
-27.0,300,646.786239
-28.6,300,646.835368
-33.8,300,646.885773
-55.1,300,646.93782
-30.3,300,646.987899
-52.9,300,647.037423
-53.9,300,647.088166
-41.2,300,647.139753
-28.9,300,647.190191
99.6,20,647.193805
-70.9,300,647.243743
-26.9,300,647.296073
-31.2,300,647.345327
93.4,82,647.358799
-27.7,300,647.408862
-28.2,300,647.460234
-28.0,300,647.510399
101.9,20,647.513938
-30.2,300,647.562742
97.7,37,647.570443
-29.0,300,647.62124
-29.2,300,647.670098
-26.9,300,647.722121
-68.2,300,647.774407
-29.4,300,647.824957
-35.6,300,647.874207
-29.0,300,647.924347
-31.1,300,647.975774
104.8,18,647.979249
-26.0,300,648.029539
104.0,16,648.032493
-29.1,300,648.083664
-30.0,300,648.133924
-28.5,300,648.182836
104.5,16,648.185771
101.9,7,648.189096
-29.3,300,648.239491
-27.6,300,648.288518
-29.5,300,648.338792
-27.4,300,648.389672
-35.3,300,648.439666
102.2,22,648.443358
-27.7,300,648.492629
103.5,16,648.497211
-25.6,300,648.548197
-58.9,300,648.597481
-29.9,300,648.647463
-34.2,300,648.698039
101.5,27,648.702866
-26.6,300,648.753514
102.3,16,648.756474
-47.6,300,648.808045
-30.5,300,648.857834
103.0,11,648.860064
-27.5,300,648.9095
-54.5,300,648.961469
-30.7,300,649.010433
77.5,255,649.052569
-31.1,300,649.102076
-27.9,300,649.152946
-27.9,300,649.203259
-30.5,300,649.252482
-35.4,300,649.302744
-32.1,300,649.353523
-52.9,300,649.40428
91.4,120,649.424145
75.8,274,649.469112
-29.6,300,649.521064
-28.8,300,649.570011
-31.4,300,649.620486
-30.7,300,649.669515
-26.5,300,649.72226
-26.8,300,649.77156
102.6,23,649.775605
-28.6,300,649.825809
99.5,20,649.831225
-31.0,300,649.880636
-27.6,300,649.930097
-39.3,300,649.979265
-34.7,300,650.031412
-29.0,300,650.08013
-73.4,300,650.130684
-28.3,300,650.179776
-29.5,300,650.232545
102.2,9,650.234272
102.9,16,650.2372
-58.8,300,650.286772
103.0,15,650.29104
92.7,120,650.310991
100.5,6,650.312037
102.2,19,650.315486
95.5,54,650.32641
-50.2,300,650.376013
102.0,19,650.379526
-34.5,300,650.429424
101.2,9,650.433013
-46.2,300,650.483482
-33.3,300,650.533342
102.4,24,650.537693
-31.0,300,650.588609
100.5,6,650.59006
81.4,108,650.608061
-30.4,300,650.657778
-32.0,300,650.70923
-61.3,300,650.75982
103.2,14,650.762231
101.4,7,650.763758
-47.7,300,650.815215
102.8,17,650.818158
-32.0,300,650.868591
-36.1,300,650.917846
-25.9,300,650.969811
-47.6,300,651.019295
-59.2,300,651.069667
99.5,16,651.072565
-27.7,300,651.124528
101.8,8,651.126138
103.4,16,651.129063
77.9,232,651.16804
-28.3,300,651.218741
-33.5,300,651.268566
87.6,69,651.28071
105.5,21,651.284367
102.9,16,651.289039
-41.5,300,651.338647
-41.5,300,651.389624
-30.2,300,651.438813
-44.1,300,651.491021
-28.3,300,651.54027
-25.5,300,651.590235
-30.9,300,651.639425
90.9,97,651.657156
-27.1,300,651.707713
-30.1,300,651.757155
-41.4,300,651.807618
-30.0,300,651.859002
-30.0,300,651.909308
104.3,18,651.912782
-50.1,300,651.962468
-29.1,300,652.014504
-26.6,300,652.063657
-38.0,300,652.113875
-29.1,300,652.162865
-56.6,300,652.215653
103.9,17,652.218707
-34.6,300,652.268693
-33.5,300,652.318421
-25.7,300,652.369289
-40.8,300,652.418498
-32.7,300,652.468816
-30.0,300,652.517767
105.2,24,652.523502
-30.2,300,652.574242
-81.2,300,652.624117
104.2,14,652.626555
-27.0,300,652.678763
-31.5,300,652.728976
-34.1,300,652.779217
-38.9,300,652.828567
-47.1,300,652.880916
-27.7,300,652.93018
-32.2,300,652.980571
-62.5,300,653.030042
-26.6,300,653.082317
-31.3,300,653.131179
104.3,18,653.134551
103.6,19,653.137996
-26.0,300,653.189619
104.0,16,653.192595
-35.2,300,653.241711
-29.0,300,653.291853
-32.0,300,653.342835
101.3,8,653.344402
-35.0,300,653.394836
-27.3,300,653.443652
-28.4,300,653.496366
-41.2,300,653.546081
-27.5,300,653.596353
-27.8,300,653.645305
59.9,203,653.681631
77.2,259,653.724775
103.0,19,653.728322
95.4,61,653.738453
-46.2,300,653.790801
-27.0,300,653.840564
102.3,8,653.842193
-33.8,300,653.891872
-31.7,300,653.942869
-30.4,300,653.991672
103.4,12,653.99459
59.4,268,654.038867
-48.4,300,654.090267
-36.3,300,654.1407
-56.5,300,654.189998
-30.0,300,654.240352
-29.2,300,654.291684
-29.4,300,654.342
-25.7,300,654.391472
103.3,21,654.395132
104.0,20,654.40012
102.9,12,654.402393
-60.4,300,654.452938
-29.4,300,654.501826
-38.8,300,654.554404
104.6,19,654.557994
-27.5,300,654.607261
-27.0,300,654.657913
-78.3,300,654.709566
-27.4,300,654.759968
-30.5,300,654.80892
-27.1,300,654.859482
-29.1,300,654.910237
-29.4,300,654.960338
56.8,191,654.992447
64.1,161,655.019445
-31.3,300,655.072303
-33.5,300,655.121712
104.3,17,655.124753
-28.3,300,655.174998
101.5,6,655.177888
-28.3,300,655.227558
-42.2,300,655.277957
-68.3,300,655.327887
-37.2,300,655.379703
65.9,267,655.42375
-32.6,300,655.473495
-32.7,300,655.523507
73.7,136,655.547838
-32.0,300,655.598116
-31.5,300,655.647226
-28.0,300,655.697319
-29.5,300,655.748518
91.3,133,655.770561
102.8,13,655.772868
-27.0,300,655.823302
101.2,19,655.828607
-29.8,300,655.878265
104.0,20,655.881936
101.6,5,655.882925
-25.6,300,655.956644
-35.0,300,656.007008
-26.0,300,656.056128
-31.2,300,656.10579
-28.1,300,656.157837
104.7,14,656.160628
102.1,10,656.162371
-31.5,300,656.212028
-28.0,300,656.264793
-27.9,300,656.314536
102.6,23,656.318795
61.3,175,656.348269
-27.8,300,656.399235
-46.7,300,656.449723
-28.9,300,656.498781
-67.0,300,656.549768
-29.1,300,656.601362
103.4,21,656.604998
-28.3,300,656.655164
103.8,17,656.658163
-25.9,300,656.708871
-27.7,300,656.759159
-72.4,300,656.808953
-27.0,300,656.859006
-27.3,300,656.909808
92.9,101,656.926202
-61.2,300,656.976642
57.3,244,657.016806
-28.8,300,657.068867
-29.2,300,657.117629
76.8,278,657.163725
101.9,7,657.165221
98.3,40,657.173845
-29.4,300,657.223432
-46.2,300,657.273706
99.9,49,657.281983
101.1,5,657.284714
-38.3,300,657.334134
-29.7,300,657.384218
-42.6,300,657.433507
79.9,116,657.454737
-47.0,300,657.504881
-42.1,300,657.554118
-31.5,300,657.604249
-30.2,300,657.655654
71.2,140,657.679031
-33.5,300,657.730939
102.2,17,657.733994
-33.4,300,657.785242
-45.1,300,657.835403
102.6,23,657.839521
80.0,214,657.874756
-40.1,300,657.927051
99.4,47,657.934702
-53.9,300,657.984206
-68.8,300,658.034798
103.3,18,658.040027
-28.6,300,658.089441
-55.4,300,658.139804
103.8,21,658.143407
100.4,7,658.146331
-59.3,300,658.19603
-39.1,300,658.246565
-28.0,300,658.295585
103.7,18,658.300446
-43.9,300,658.35146
79.0,227,658.388541
-72.8,300,658.440196
-39.3,300,658.492202
89.7,138,658.516098
103.6,19,658.519266
103.0,11,658.521643
-26.7,300,658.573392
-67.4,300,658.623999
104.6,15,658.626905
-28.7,300,658.676601
-70.8,300,658.729489
-30.4,300,658.779269
-30.3,300,658.82868
-28.7,300,658.879035
-30.7,300,658.930866
-38.6,300,658.981288
-37.6,300,659.03088
-29.5,300,659.081173
-27.3,300,659.132778
-46.9,300,659.182983
100.6,5,659.184018
99.3,26,659.188728
-29.9,300,659.239906
-28.7,300,659.290199
-28.7,300,659.339163
-27.0,300,659.389457
-30.5,300,659.440481
91.3,123,659.46063
-32.1,300,659.510616
-30.3,300,659.559635
-26.2,300,659.611897
100.7,39,659.618675
-29.7,300,659.667721
-27.5,300,659.718197
-31.7,300,659.769411
-26.9,300,659.819897
-26.6,300,659.869018
75.3,143,659.893705
-80.8,300,659.946292
104.9,17,659.949363
-32.2,300,659.999467
104.1,19,660.002955
-29.0,300,660.053561
-26.3,300,660.10315
93.0,66,660.114379
-30.1,300,660.165311
-28.5,300,660.217445
-28.0,300,660.266444
-30.9,300,660.316422
103.5,16,660.319382
-29.0,300,660.371335
101.0,21,660.375312
-68.2,300,660.426271
-51.1,300,660.476261
-57.6,300,660.52868
81.1,245,660.56898
-29.3,300,660.618249
58.5,170,660.64736
-45.2,300,660.698736
-40.9,300,660.749375
82.6,146,660.774004
-30.4,300,660.823341
103.9,12,660.827034
89.6,124,660.848635
100.5,15,660.851452
103.3,21,660.855154
101.8,16,660.859296
104.4,17,660.862307
-30.6,300,660.911823
103.6,15,660.914691
-28.8,300,660.967071
-36.4,300,661.016734
-34.8,300,661.066862
-63.2,300,661.116615
-26.6,300,661.168684
84.7,119,661.18863
77.0,271,661.232633
-27.0,300,661.283188
101.1,13,661.287685
88.4,151,661.31307
-37.8,300,661.363087
-44.3,300,661.412494
-58.1,300,661.46379
-72.9,300,661.514261
-29.3,300,661.563237
-29.4,300,661.613613
-26.5,300,661.664477
104.2,18,661.667944
-27.5,300,661.718055
-38.2,300,661.766799
-27.5,300,661.818986
-27.0,300,661.867841
-29.9,300,661.918053
-29.1,300,661.96726
98.1,55,661.978425
-23.2,300,662.028773
-43.1,300,662.077939
-42.1,300,662.128395
37.2,251,662.172015
-29.6,300,662.221887
-39.5,300,662.271152
-34.5,300,662.321199
-51.6,300,662.372
99.6,45,662.379811
-26.6,300,662.429711
-37.2,300,662.478969
103.6,19,662.483644
-49.2,300,662.534381
-24.6,300,662.583715
-27.1,300,662.633814
88.4,137,662.65887
-30.1,300,662.709239
-27.7,300,662.76045
103.3,22,662.764282
-29.5,300,662.815102
-28.6,300,662.865322
100.8,3,662.866201
93.0,104,662.883318
-27.5,300,662.935028
102.4,33,662.941347
-27.7,300,662.990899
-60.7,300,663.040449
-27.5,300,663.092277
-27.0,300,663.141449
-29.7,300,663.191881
-53.8,300,663.240802
-35.3,300,663.292771
101.4,7,663.294322
-51.0,300,663.343451
-29.8,300,663.393289
104.6,24,663.399298
-67.9,300,663.449734
-46.1,300,663.500338
-43.7,300,663.549559
-30.6,300,663.601581
-29.6,300,663.650682
104.5,21,663.654326
-29.7,300,663.704445
103.4,16,663.709207
-28.5,300,663.758721
101.0,6,663.760175
-28.2,300,663.810399
101.7,17,663.814832
-25.5,300,663.864836
77.0,129,663.887046
-38.1,300,663.936729
-26.6,300,663.988241
-29.1,300,664.038118
-29.4,300,664.087272
-29.7,300,664.137547
-27.5,300,664.188751
-51.4,300,664.239444
-31.3,300,664.288933
-46.8,300,664.339005
-35.6,300,664.389879
-28.4,300,664.440117
103.6,15,664.443026
-31.4,300,664.492093
-70.2,300,664.565132
-29.4,300,664.614582
-26.6,300,664.664911
97.3,68,664.676299
100.7,18,664.680831
101.1,5,664.682182
-27.2,300,664.732333
-27.8,300,664.781971
-28.0,300,664.834083
-62.7,300,664.884034
-31.3,300,664.93323
87.2,86,664.948531
103.3,18,664.95364
104.9,17,664.956623
102.6,14,664.959109
-36.2,300,665.008641
-42.8,300,665.060885
-29.0,300,665.110328
-31.3,300,665.160425
-24.2,300,665.209669
96.8,66,665.222909
102.1,10,665.224692
104.5,16,665.227569
-26.8,300,665.277832
103.2,18,665.28267
-31.0,300,665.33274
-27.5,300,665.383527
103.8,17,665.386541
-26.6,300,665.437745
-27.0,300,665.48812
102.1,18,665.491607
-30.3,300,665.540668
-75.6,300,665.593862
89.2,122,665.61413
-36.3,300,665.663502
102.9,18,665.666916
97.2,66,665.680469
100.6,5,665.681513
86.4,154,665.707542
-29.0,300,665.756978
-28.0,300,665.809402
101.9,20,665.812861
101.7,9,665.814614
-40.8,300,665.863944
103.1,14,665.868201
-53.8,300,665.921636
-36.6,300,665.970831
-28.5,300,666.021208
-27.5,300,666.072041
-27.2,300,666.122468
-76.8,300,666.172453
-33.9,300,666.222488
-54.1,300,666.274671
-29.0,300,666.324962
-31.3,300,666.374154
-29.7,300,666.424295
-30.6,300,666.475006
-29.0,300,666.52528
-29.7,300,666.574649
-75.5,300,666.625122
102.5,24,666.631133
103.2,14,666.633607
-29.5,300,666.683224
-33.4,300,666.733107
-31.5,300,666.784176
-43.5,300,666.834715
-28.2,300,666.883942
-53.2,300,666.93348
-34.9,300,666.984589
-29.2,300,667.034494
-64.6,300,667.083939
-75.7,300,667.133144
-30.5,300,667.185159
102.7,14,667.187899
103.1,23,667.191701
-27.4,300,667.240822
92.2,119,667.262886
-27.2,300,667.312185
-45.8,300,667.362749
99.5,50,667.371495
-45.2,300,667.423311
103.0,11,667.425148
-56.9,300,667.475402
89.0,83,667.489441
87.9,81,667.504447
97.0,23,667.508585
81.7,180,667.538815
-30.3,300,667.588929
-38.9,300,667.640292
104.7,24,667.644481
-31.4,300,667.695479
-27.5,300,667.745891
-28.1,300,667.798878
-26.9,300,667.848063
-32.9,300,667.898288
-30.4,300,667.947648
-27.2,300,667.999818
71.0,295,668.048271
-30.2,300,668.098173
-27.6,300,668.147474
-32.9,300,668.199536
-48.8,300,668.249202
-47.2,300,668.299091
-39.6,300,668.348666
-43.4,300,668.400691
-29.5,300,668.450234
-32.9,300,668.499517
102.4,16,668.502352
-27.7,300,668.554063
-28.5,300,668.603234
-31.1,300,668.653455
102.7,22,668.657202
52.5,287,668.706863
-28.1,300,668.757148
100.2,12,668.759423
-36.3,300,668.808846
-29.0,300,668.861089
-27.1,300,668.910373
-30.5,300,668.960599
-30.3,300,669.009536
82.1,98,669.028152
-29.0,300,669.079085
-26.6,300,669.128018
-31.4,300,669.17831
-33.0,300,669.229549
102.3,8,669.231173
102.2,9,669.232863
-31.5,300,669.283101
-30.4,300,669.334341
-27.5,300,669.384921
-76.4,300,669.434567
-27.6,300,669.48492
-66.2,300,669.537018
101.7,9,669.538702
-28.7,300,669.588626
-28.5,300,669.637697
-28.2,300,669.689503
102.7,13,669.691893
-45.4,300,669.741053
-42.7,300,669.79176
-26.7,300,669.843509
-52.3,300,669.894416
-42.4,300,669.943572
-39.1,300,669.993889
-25.8,300,670.045171
-50.2,300,670.095749
-28.0,300,670.145142
-29.5,300,670.195008
99.9,52,670.205348
105.2,19,670.20893
-60.3,300,670.258885
-26.5,300,670.309267
-66.5,300,670.360968
-36.2,300,670.410993
-66.0,300,670.460921
-29.1,300,670.51084
-26.5,300,670.56224
104.4,17,670.565294
102.6,10,670.567419
105.1,15,670.570322
-28.1,300,670.621983
104.3,13,670.624397
-30.1,300,670.673824
-28.3,300,670.724261
104.8,18,670.728827
98.9,39,670.735746
-56.7,300,670.785648
-37.2,300,670.835887
-76.4,300,670.888183
101.9,15,670.891034
-46.1,300,670.941736
73.0,290,670.988937
-32.0,300,671.041468
102.9,12,671.043693
-29.7,300,671.093162
-46.3,300,671.143746
-29.1,300,671.194814
104.7,24,671.19898
-31.9,300,671.249252
-71.7,300,671.299499
-68.1,300,671.352883
-53.7,300,671.40269
-30.3,300,671.452893
-40.3,300,671.502522
-60.5,300,671.555544
-59.5,300,671.605537
-78.6,300,671.656521
-31.9,300,671.70588
-28.2,300,671.757137
99.2,39,671.764673
-29.0,300,671.814471
103.8,34,671.820524
-35.7,300,671.873006
-28.7,300,671.92254
-30.8,300,671.972194
80.6,205,672.006214
92.0,92,672.023125
103.5,11,672.025302
-58.6,300,672.076329
-31.9,300,672.126094
-28.4,300,672.1778
-59.3,300,672.229204
101.5,6,672.230323
-46.9,300,672.27998
-26.9,300,672.331877
-48.7,300,672.381446
-26.5,300,672.431812
-27.0,300,672.481082
-26.5,300,672.533764
103.0,16,672.536656
-29.0,300,672.585948
101.1,10,672.588018
-27.2,300,672.640887
-27.7,300,672.690656
-62.5,300,672.743038
-37.3,300,672.792244
-30.7,300,672.844581
-39.8,300,672.894595
-27.1,300,672.945355
-30.6,300,672.994489
102.9,12,672.998504
-28.2,300,673.049677
-26.2,300,673.098754
-33.3,300,673.149187
-30.1,300,673.200408
-41.6,300,673.2511
-52.5,300,673.30054
-32.5,300,673.350394
-27.5,300,673.401928
102.4,16,673.404905
68.2,171,673.433452
-29.8,300,673.503831
-44.0,300,673.556308
87.9,67,673.567993
-29.1,300,673.617102
-32.5,300,673.667173
100.2,31,673.67415
82.1,205,673.707856
103.0,11,673.709971
-62.7,300,673.760138
-34.0,300,673.81143
-60.4,300,673.860141
95.9,111,673.879497
102.9,12,673.881902
-28.6,300,673.932869
100.9,15,673.935339
-28.0,300,673.985331
103.4,20,673.988942
103.3,13,673.993155
-48.2,300,674.042968
103.0,11,674.04484
-31.8,300,674.094769
104.0,16,674.099562
83.7,192,674.131893
-41.1,300,674.182328
-52.7,300,674.232615
61.5,205,674.269101
-35.6,300,674.319663
83.1,200,674.352387
104.8,18,674.355399
-32.9,300,674.407984
103.6,15,674.410862
92.0,106,674.428354
103.4,16,674.43141
-40.2,300,674.482764
-34.9,300,674.533014
-41.9,300,674.582359
-26.0,300,674.632319
-70.9,300,674.683709
101.7,25,674.688312
58.4,297,674.738102
104.9,17,674.74118
-67.9,300,674.793539
41.0,240,674.834717
-30.1,300,674.883671
100.6,23,674.887782
-29.6,300,674.939967
-32.4,300,674.98925
-60.7,300,675.039355
-62.4,300,675.089061
85.4,159,675.117525
-26.6,300,675.167612
101.0,10,675.16935
104.3,13,675.171682
69.0,291,675.220847
-35.3,300,675.271189
-28.0,300,675.320326
-29.5,300,675.370553
102.3,8,675.373716
-30.6,300,675.423097
-33.4,300,675.473064
-25.5,300,675.522222
-28.0,300,675.574364
102.0,6,675.575819
-32.6,300,675.625233
-41.4,300,675.675576
-37.3,300,675.726773
104.5,16,675.729675
-51.8,300,675.780054
-27.2,300,675.829613
-34.8,300,675.881919
-30.0,300,675.93115
-29.0,300,675.980956
-25.5,300,676.030351
-37.1,300,676.082294
-54.1,300,676.131706
102.2,17,676.13471
93.9,94,676.149928
-29.6,300,676.201722
-26.5,300,676.250766
-27.3,300,676.300905
97.1,59,676.310822
-43.1,300,676.364037
-28.9,300,676.414519
-28.5,300,676.464028
-25.8,300,676.514271
94.6,110,676.534725
82.5,199,676.567501
-28.4,300,676.617754
101.4,7,676.619314
103.5,11,676.623232
-27.9,300,676.673253
-33.2,300,676.72349
103.3,13,676.72584
-39.0,300,676.777053
-30.0,300,676.827358
-26.5,300,676.876654
-31.8,300,676.926846
-29.9,300,676.978139
97.1,40,676.984942
-27.5,300,677.035046
-39.8,300,677.0843
-28.4,300,677.136697
-36.6,300,677.186529
-49.4,300,677.236556
-39.0,300,677.286358
-29.9,300,677.338552
79.7,160,677.365225
103.7,14,677.367981
-26.0,300,677.417186
-60.5,300,677.47046
-53.5,300,677.519933
103.0,31,677.525032
-67.2,300,677.575862
-27.0,300,677.627113
102.6,10,677.629248
-35.2,300,677.68007
-29.7,300,677.730741
104.6,20,677.73587
102.9,20,677.7397
96.5,76,677.753528
-27.5,300,677.803727
-27.0,300,677.85588
-34.2,300,677.905694
99.2,22,677.909399
102.6,10,677.911484
-36.9,300,677.963995
76.0,256,678.006379
102.3,8,678.007996
-29.2,300,678.056864
-32.7,300,678.109338
-27.6,300,678.158359
56.4,295,678.208816
-67.5,300,678.258547
-52.1,300,678.310889
-30.5,300,678.360518
-25.9,300,678.410828
81.5,235,678.449185
103.1,23,678.454861
-68.5,300,678.506582
-26.0,300,678.555716
-53.6,300,678.606363
-29.9,300,678.657785
-27.1,300,678.708273
102.5,15,678.711024
-56.8,300,678.760489
-28.8,300,678.812231
-29.7,300,678.861553
-51.2,300,678.911795
-26.5,300,678.961161
92.3,111,678.982009
-27.4,300,679.031974
-35.3,300,679.081583
-74.0,300,679.132028
-27.0,300,679.183688
-29.9,300,679.234164
-30.0,300,679.283519
-49.3,300,679.33335
-26.8,300,679.384793
-29.1,300,679.434592
-75.0,300,679.48506
-24.3,300,679.535125
102.8,21,679.540599
-27.8,300,679.590473
-68.3,300,679.640857
104.9,17,679.643958
-28.2,300,679.694874
-56.8,300,679.744414
-29.4,300,679.794287
-49.8,300,679.843633
-37.4,300,679.895714
-28.7,300,679.944899
80.9,236,679.984302
64.0,246,680.025118
103.0,24,680.030812
-30.1,300,680.081324
-26.5,300,680.130717
-42.1,300,680.181044
79.2,133,680.204747
-43.4,300,680.254255
105.5,21,680.257972
-28.0,300,680.308429
-30.1,300,680.360045
-45.7,300,680.410761
103.0,19,680.414402
-27.0,300,680.463771
-31.3,300,680.516125
-48.3,300,680.565434
-38.2,300,680.615921
-27.8,300,680.665064
104.4,22,680.670616
-35.3,300,680.72178
103.2,19,680.725303
102.6,23,680.729456
-43.4,300,680.780677
104.6,15,680.783532
-62.6,300,680.834515
-54.2,300,680.884446
-27.9,300,680.936809
-28.0,300,680.9862
-41.8,300,681.036753
94.4,85,681.050746
-25.0,300,681.102386
103.5,16,681.105259
-27.5,300,681.155383
-71.5,300,681.205358
67.0,170,681.236199
80.6,194,681.268484
-27.0,300,681.317779
95.9,107,681.336732
-27.0,300,681.388415
82.9,94,681.404279
101.6,35,681.41041
-27.6,300,681.460989
-32.6,300,681.511681
85.3,172,681.541087
-77.8,300,681.591024
-29.4,300,681.641261
-29.0,300,681.692567
-68.2,300,681.742985
-45.6,300,681.793014
-27.0,300,681.842453
103.2,22,681.848588
-29.6,300,681.898497
-29.6,300,681.94799
-31.7,300,681.998344
104.1,15,682.002688
-74.2,300,682.052814
-26.0,300,682.103315
-29.5,300,682.152419
-29.7,300,682.204609
-26.5,300,682.254152
-27.0,300,682.304397
-37.3,300,682.353483
78.5,212,682.391286
104.6,20,682.394751
-28.8,300,682.444404
103.1,19,682.447926
100.5,36,682.455552
-26.6,300,682.506005
104.2,19,682.509472
101.3,16,682.51238
-36.9,300,682.564238
-26.7,300,682.634501
-39.7,300,682.684782
-28.0,300,682.736043
-63.3,300,682.78772
-27.8,300,682.837826
-31.0,300,682.887328
103.5,24,682.891531
-38.4,300,682.943556
-41.9,300,682.99223
-27.5,300,683.042599
-26.6,300,683.091746
-27.9,300,683.143347
-29.6,300,683.192508
-27.1,300,683.24273
-27.0,300,683.291606
-26.0,300,683.343521
-39.2,300,683.392662
-28.1,300,683.442845
-60.4,300,683.492263
101.3,16,683.496999
-63.6,300,683.548175
-37.4,300,683.597798
-26.2,300,683.647837
-31.7,300,683.698805
-29.0,300,683.749346
96.9,57,683.758813
98.2,46,683.766485
-27.8,300,683.817788
-30.5,300,683.867908
-34.4,300,683.917191
-28.2,300,683.967424
-66.0,300,684.019267
-59.9,300,684.070119
-69.5,300,684.119661
-47.6,300,684.169904
86.7,163,684.198695
-28.8,300,684.24788
-57.0,300,684.298692
98.1,48,684.30692
-75.7,300,684.359224
-78.9,300,684.410125
103.8,17,684.413172
-27.6,300,684.462402
104.5,21,684.467868
-30.7,300,684.518272
-28.0,300,684.567344
-37.0,300,684.618102
-30.2,300,684.669282
105.1,20,684.672816
-29.2,300,684.722988
-43.8,300,684.772205
-25.9,300,684.82394
-26.5,300,684.873005
-36.8,300,684.9231
-27.8,300,684.972301
-26.0,300,685.024015
93.3,123,685.044448
100.6,64,685.055256
97.7,39,685.061882
-28.2,300,685.114386
-27.5,300,685.163829
-25.5,300,685.213947
103.8,23,685.218148
-27.0,300,685.269451
-30.5,300,685.319407
-27.4,300,685.368547
-37.9,300,685.418257
103.8,17,685.423123
-50.9,300,685.472523
-30.8,300,685.52268
-43.4,300,685.572398
-30.5,300,685.624093
91.3,111,685.643134
-59.5,300,685.692392
-40.8,300,685.742594
-27.5,300,685.793542
-29.7,300,685.843544
-46.3,300,685.89317
-40.2,300,685.943071
-26.6,300,685.994781
-26.7,300,686.045313
-30.9,300,686.094287
-44.8,300,686.143862
88.2,174,686.173915
-25.5,300,686.223202
-27.8,300,686.273123
-35.0,300,686.321948
-26.0,300,686.373991
-27.1,300,686.42305
-36.6,300,686.473145
-27.8,300,686.522166
101.5,6,686.52501
-39.4,300,686.575712
102.4,7,686.577261
96.7,79,686.59043
-33.5,300,686.641474
-27.5,300,686.691487
-26.0,300,686.740493
-35.9,300,686.790457
-69.4,300,686.841892
-28.0,300,686.891588
-60.9,300,686.941106
94.6,43,686.948439
101.2,4,686.950846
-32.1,300,687.001537
67.6,150,687.026778
-30.1,300,687.075926
-43.2,300,687.12834
-28.6,300,687.177487
-29.1,300,687.227721
-29.3,300,687.276877
-27.0,300,687.32928
-31.1,300,687.378391
-68.9,300,687.428575
97.6,55,687.437497
89.3,163,687.466517
104.0,21,687.470105
-27.6,300,687.520125
-35.9,300,687.569424
104.1,15,687.574078
-28.4,300,687.62456
103.7,14,687.62758
-36.8,300,687.676718
40.7,237,687.718863
104.6,29,687.724888
-43.5,300,687.775694
-36.7,300,687.82504
-36.0,300,687.876926
105.2,19,687.880523
-28.0,300,687.929624
93.0,93,687.946145
-37.5,300,687.997671
104.7,19,688.001193
-27.6,300,688.051383
104.0,16,688.05427
-39.7,300,688.105922
-27.0,300,688.155536
84.2,187,688.186751
-29.9,300,688.235928
-30.0,300,688.28841
101.5,6,688.289539
-29.6,300,688.338436
-28.7,300,688.388866
-59.9,300,688.440404
-27.1,300,688.49091
-42.3,300,688.53994
101.8,20,688.543537
-57.3,300,688.596225
48.0,288,688.643777
-53.0,300,688.694286
-28.4,300,688.743296
-25.7,300,688.795421
-65.8,300,688.845452
92.7,98,688.861842
104.5,16,688.864698
104.8,23,688.870002
-30.3,300,688.920777
-43.8,300,688.970256
-30.3,300,689.020214
102.5,23,689.026018
103.9,17,689.029209
-57.9,300,689.078333
-26.5,300,689.128597
-78.1,300,689.180577
-29.3,300,689.231077
-28.2,300,689.279865
94.1,41,689.287043
-67.6,300,689.339978
-62.4,300,689.38982
-55.1,300,689.440575
102.6,18,689.443628
-29.0,300,689.494752
-66.1,300,689.545296
-63.8,300,689.594937
-28.2,300,689.644823
-44.8,300,689.696017
93.5,116,689.715049
-31.7,300,689.765599
-35.2,300,689.815325
-44.8,300,689.868247
102.1,20,689.871736
-39.8,300,689.920941
-45.3,300,689.971413
-57.3,300,690.022845
-37.3,300,690.073289
-41.6,300,690.121945
-27.0,300,690.172353
-29.7,300,690.223106
-27.7,300,690.273474
91.4,63,690.284255
-39.9,300,690.333695
-58.9,300,690.386531
103.2,18,690.389598
103.3,13,690.392236
-29.0,300,690.441307
-44.6,300,690.493593
-29.5,300,690.543409
103.8,27,690.547792
76.7,236,690.587901
-79.8,300,690.640486
99.3,67,690.65182
-26.0,300,690.701926
102.9,12,690.704169
-32.1,300,690.75536
105.4,22,690.759538
88.3,158,690.786697
-28.7,300,690.835707
-28.3,300,690.887711
-58.2,300,690.937209
-29.2,300,690.986898
103.3,13,690.989348
-29.4,300,691.040932
83.6,97,691.057378
-70.7,300,691.108096
93.4,40,691.114867
-29.4,300,691.165863
-46.7,300,691.216625
-33.0,300,691.265612
-28.2,300,691.315849
-38.7,300,691.367423
-47.1,300,691.41782
-31.9,300,691.467032
-32.2,300,691.516609
-28.7,300,691.567849
-28.9,300,691.617781
-48.4,300,691.6679
-51.8,300,691.717418
-31.6,300,691.769445
-30.1,300,691.818244
-29.7,300,691.868258
-30.8,300,691.938344
-25.5,300,691.989847
-26.2,300,692.039309
-29.7,300,692.088629
-28.3,300,692.137079
-30.2,300,692.188624
-32.7,300,692.237176
-30.3,300,692.287133
97.8,53,692.296062
-25.0,300,692.346907
-29.4,300,692.39713
104.6,20,692.400722
-49.6,300,692.44968
104.9,22,692.454783
-34.3,300,692.505062
-27.0,300,692.553957
-28.5,300,692.604049
-31.4,300,692.65509
-29.2,300,692.705814
-72.6,300,692.756211
105.0,21,692.760242
-50.7,300,692.812484
92.1,109,692.830681
-30.8,300,692.880437
-60.3,300,692.930485
-44.1,300,692.982601
84.1,118,693.002642
102.5,11,693.004823
-31.3,300,693.054073
-30.0,300,693.106033
94.4,76,693.118727
-29.9,300,693.167917
-54.6,300,693.218161
66.8,299,693.268719
-29.2,300,693.318909
-27.1,300,693.368034
-31.5,300,693.41808
90.4,86,693.434515
-30.1,300,693.483996
-29.6,300,693.534247
102.8,17,693.537585
-27.9,300,693.588792
-29.9,300,693.639474
88.3,153,693.664569
-41.4,300,693.713859
-59.6,300,693.766032
102.2,9,693.767746
-28.2,300,693.816828
-43.7,300,693.867189
-26.8,300,693.918686
101.2,13,693.921025
83.2,90,693.937134
81.7,83,693.951461
96.7,64,693.963745
-30.2,300,694.01284
102.1,10,694.014665
102.5,19,694.018173
-58.2,300,694.07096
-33.6,300,694.120223
-36.5,300,694.170382
-36.1,300,694.219697
-26.3,300,694.271428
103.7,18,694.274519
105.2,19,694.278045
-70.0,300,694.327882
98.2,52,694.33836
55.1,214,694.375124
90.6,98,694.391706
76.9,287,694.438828
-35.1,300,694.491556
-54.0,300,694.541098
100.4,15,694.5439
-31.6,300,694.59452
-27.5,300,694.645523
-62.0,300,694.696279
-66.9,300,694.7461
-29.6,300,694.796039
-27.2,300,694.847184
-35.4,300,694.897953
-27.8,300,694.947151
-45.2,300,694.997607
-31.4,300,695.048915
-26.9,300,695.099064
-30.3,300,695.148186
-28.3,300,695.198466
52.0,283,695.246671
-25.9,300,695.296284
-40.1,300,695.346191
103.0,19,695.349803
-26.5,300,695.401675
-35.9,300,695.451361
-31.7,300,695.500535
-48.2,300,695.550873
-26.5,300,695.602265
-36.1,300,695.653139
-26.3,300,695.70237
-33.9,300,695.752549
-30.3,300,695.804105
-28.9,300,695.854586
103.1,18,695.858138
-27.8,300,695.907472
104.1,15,695.911377
-28.1,300,695.962114
-27.5,300,696.011254
-26.2,300,696.061478
-26.3,300,696.112714
-60.4,300,696.163535
102.6,10,696.16572
-45.5,300,696.21501
-39.4,300,696.267469
-30.3,300,696.31681
-27.5,300,696.366964
-52.0,300,696.416517
-75.5,300,696.469414
-33.1,300,696.518553
-50.6,300,696.569081
-31.3,300,696.61833
-26.5,300,696.670551
-25.8,300,696.719947
-29.9,300,696.770343
92.6,87,696.785221
103.4,12,696.788948
-28.7,300,696.838737
-32.2,300,696.889012
-29.1,300,696.938082
-32.9,300,696.990169
-45.2,300,697.03963
-71.2,300,697.090459
-26.7,300,697.140128
-31.6,300,697.192531
-73.4,300,697.242312
63.1,178,697.27179
-30.3,300,697.321957
-29.7,300,697.373104
-26.9,300,697.423603
-29.0,300,697.472544
-26.5,300,697.522752
-73.3,300,697.57487
93.6,92,697.590259
-27.7,300,697.641121
-27.7,300,697.690396
102.8,13,697.694218
-27.8,300,697.746484
-26.5,300,697.796031
68.9,243,697.837614
50.0,232,697.878346
80.3,238,697.917742
47.3,241,697.958957
-31.3,300,698.008319
-46.0,300,698.061056
-31.5,300,698.110624
-29.0,300,698.161156
-27.0,300,698.210425
-27.1,300,698.262658
-43.5,300,698.312036
-27.7,300,698.361957
83.8,174,698.39062
-63.0,300,698.442328
91.6,113,698.462275
105.0,21,698.466084
-38.2,300,698.51544
-26.5,300,698.567635
-31.5,300,698.616795
-32.5,300,698.66681
-30.3,300,698.716591
-29.0,300,698.768588
-32.0,300,698.818138
98.4,27,698.822922
-35.2,300,698.872727
-68.9,300,698.924669
-28.7,300,698.973454
102.3,16,698.977125
-29.2,300,699.026867
-28.6,300,699.077658
-29.5,300,699.127849
-28.8,300,699.176955
-28.6,300,699.227254
-30.2,300,699.278189
-28.0,300,699.328376
-27.5,300,699.378025
93.0,88,699.392673
-30.3,300,699.44455
-27.8,300,699.493671
97.0,43,699.500687
-43.1,300,699.550954
-62.1,300,699.602232
-29.0,300,699.652349
97.3,48,699.660547
73.1,186,699.691736
-41.4,300,699.744377
-53.4,300,699.793987
82.3,216,699.830644
-27.0,300,699.880043
103.4,12,699.883832
-27.8,300,699.934241
84.8,107,699.952374
100.8,3,699.95286
-28.4,300,700.004179
-28.3,300,700.054913
-44.2,300,700.104662
97.5,66,700.115871
-59.3,300,700.168834
-77.7,300,700.218781
105.1,15,700.221668
-28.8,300,700.272085
-37.9,300,700.323317
105.2,24,700.327475
103.2,14,700.329891
102.2,9,700.33156
-28.6,300,700.383985
-64.3,300,700.433599
103.1,18,700.437036
-29.2,300,700.487247
-32.2,300,700.53825
94.6,68,700.549472
103.0,11,700.551646
102.1,15,700.554098
104.8,18,700.559176
-26.1,300,700.609072
90.1,111,700.627413
102.2,9,700.629071
-68.0,300,700.681606
83.4,180,700.711318
-31.3,300,700.760554
-29.4,300,700.810796
104.1,25,700.816295
80.1,95,700.832703
-32.2,300,700.883242
-27.0,300,700.932466
102.7,17,700.937337
-27.6,300,700.987997
-26.8,300,701.037426
92.5,121,701.057228
104.2,14,701.061271
-51.7,300,701.112552
-31.9,300,701.162229
-27.6,300,701.212584
-28.0,300,701.264493
96.6,58,701.274087
-29.0,300,701.324806
-31.3,300,701.374476
-50.9,300,701.426891
-48.1,300,701.476783
102.8,21,701.480802
104.1,15,701.483257
84.8,121,701.50575
-32.0,300,701.575111
99.5,17,701.578231
-71.3,300,701.629359
41.7,227,701.669963
-55.9,300,701.720115
-28.0,300,701.769023
-26.6,300,701.818308
-36.0,300,701.87011
-31.4,300,701.918786
-36.2,300,701.968875
-30.8,300,702.01758
-29.7,300,702.069998
-29.0,300,702.118827
-31.4,300,702.168907
104.6,20,702.17248
89.9,137,702.196877
-28.3,300,702.245966
-27.8,300,702.295823
-29.1,300,702.344578
94.3,45,702.354503
-28.6,300,702.404308
103.0,11,702.406464
-29.7,300,702.455472
92.9,104,702.475263
-29.2,300,702.524619
102.4,12,702.526807
98.8,53,702.535586
-35.8,300,702.588231
-27.5,300,702.637431
102.1,18,702.64087
104.8,18,702.643883
-32.7,300,702.69627
-60.5,300,702.747383
-29.5,300,702.798396
-32.8,300,702.848291
-31.8,300,702.900613
-60.7,300,702.949766
-35.7,300,703.000088
-29.2,300,703.049183
-29.4,300,703.101534
-40.3,300,703.151481
74.5,291,703.199999
-49.8,300,703.249869
-27.6,300,703.301024
-64.5,300,703.351084
-27.7,300,703.399943
-26.6,300,703.449974
103.9,17,703.454284
100.4,42,703.461682
-30.9,300,703.510542
102.8,13,703.512838
-27.4,300,703.564839
-48.9,300,703.614124
103.2,14,703.61653
103.6,24,703.621407
-28.8,300,703.672314
95.4,87,703.686882
86.3,146,703.711083
101.9,7,703.712182
-69.1,300,703.764361
-28.7,300,703.813386
-29.4,300,703.863446
-29.2,300,703.912639
-27.9,300,703.964856
102.1,10,703.966966
103.1,10,703.968716
-29.4,300,704.017648
101.7,9,704.021138
105.1,20,704.024705
-34.8,300,704.075551
96.9,52,704.084385
101.4,7,704.087225
101.2,21,704.091223
-25.7,300,704.140803
-38.2,300,704.191368
-55.3,300,704.242101
-27.6,300,704.292952
96.8,46,704.300602
-39.1,300,704.350052
100.3,29,704.357098
-28.9,300,704.406602
-26.9,300,704.456004
-54.9,300,704.506538
-32.8,300,704.558156
-62.0,300,704.608953
-26.2,300,704.65812
-37.0,300,704.708137
-31.0,300,704.759207
-27.4,300,704.809821
-27.7,300,704.859253
-42.2,300,704.909693
103.5,19,704.91508
-42.5,300,704.965041
103.1,15,704.967886
-57.5,300,705.018546
-46.1,300,705.069833
-28.8,300,705.120115
103.2,14,705.122547
-29.9,300,705.171471
102.0,6,705.174399
-26.9,300,705.225
34.1,291,705.273536
-27.6,300,705.32416
-42.7,300,705.375735
65.3,225,705.413533
81.1,159,705.439987
-60.8,300,705.489045
69.4,282,705.537823
-26.4,300,705.586759
-28.0,300,705.636874
-31.4,300,705.686181
103.6,15,705.690901
-27.7,300,705.741455
-42.5,300,705.790847
-28.3,300,705.841105
-68.8,300,705.892202
-41.4,300,705.942472
-32.4,300,705.991832
101.0,6,705.992926
-28.2,300,706.044926
-38.6,300,706.093963
102.2,22,706.098045
-39.9,300,706.148159
102.4,15,706.152785
-32.1,300,706.202207
-28.9,300,706.252381
89.2,98,706.268741
-29.0,300,706.319908
-38.3,300,706.370145
-40.7,300,706.419165
-44.1,300,706.469379
-27.5,300,706.521135
-35.6,300,706.571641
-36.9,300,706.621074
-57.9,300,706.671335
105.5,21,706.676531
-28.3,300,706.726057
103.9,12,706.728367
-34.1,300,706.778672
-35.3,300,706.829952
-28.1,300,706.88028
-30.0,300,706.929084
-28.7,300,706.979008
-35.8,300,707.031241
-37.7,300,707.081734
-29.8,300,707.131225
-77.2,300,707.180875
-74.6,300,707.233283
-64.6,300,707.282678
-47.5,300,707.33307
103.4,21,707.337066
-44.7,300,707.388663
-41.8,300,707.438939
-60.0,300,707.48881
103.0,11,707.490646
102.9,12,707.494322
-54.1,300,707.545331
102.3,18,707.548803
-26.0,300,707.597926
-29.0,300,707.65033
-40.3,300,707.699435
103.0,11,707.701662
84.4,202,707.737165
92.0,70,707.751526
-27.7,300,707.801473
101.5,19,707.804608
-28.1,300,707.854925
-26.6,300,707.907038
93.6,90,707.923166
54.4,200,707.957171
-29.7,300,708.00629
-28.0,300,708.058924
-49.8,300,708.108568
-27.2,300,708.15872
-34.5,300,708.208311
-42.1,300,708.2603
-29.1,300,708.309737
-29.3,300,708.359997
-37.7,300,708.40975
103.3,17,708.414288
-34.4,300,708.464714
-47.4,300,708.513959
-33.4,300,708.564306
-28.5,300,708.616016
-26.1,300,708.665988
94.7,40,708.672815
102.2,13,708.675199
-53.1,300,708.726669
97.9,60,708.73671
101.5,24,708.740915
-28.1,300,708.791206
-39.1,300,708.843184
-58.5,300,708.894163
-29.6,300,708.943909
103.0,11,708.946131
-52.3,300,708.999673
-28.0,300,709.049372
-69.8,300,709.101044
102.6,25,709.10539
-57.2,300,709.157121
90.0,146,709.181636
-27.5,300,709.232291
-69.1,300,709.282005
102.6,18,709.286932
-31.3,300,709.33779
-26.8,300,709.387158
-26.1,300,709.43767
-34.6,300,709.489202
-41.8,300,709.539519
-26.0,300,709.588552
94.3,67,709.599682
-64.9,300,709.65182
-61.5,300,709.701571
103.6,20,709.705113
82.9,196,709.758134
100.7,25,709.764085
-30.0,300,709.814572
-30.1,300,709.864095
-26.5,300,709.913295
103.9,17,709.918109
101.8,20,709.922552
102.5,19,709.925761
-64.7,300,709.975221
-34.7,300,710.027281
102.1,10,710.029378
90.2,92,710.044509
-29.8,300,710.09377
-30.3,300,710.145902
-37.7,300,710.195518
-26.5,300,710.245545
78.9,267,710.289244
-58.7,300,710.341232
-33.6,300,710.391824
-52.7,300,710.441439
-30.3,300,710.495468
102.3,8,710.498658
-35.5,300,710.548964
55.7,199,710.583204
-29.6,300,710.632135
-28.0,300,710.685047
-26.9,300,710.733971
-29.2,300,710.784276
-26.0,300,710.837408
-26.7,300,710.890996
-33.9,300,710.940552
-28.0,300,710.990481
-27.2,300,711.039561
-29.3,300,711.091504
-27.5,300,711.140778
-28.1,300,711.190371
-32.0,300,711.24002
-56.7,300,711.292422
-35.2,300,711.342633
-28.6,300,711.391458
-53.8,300,711.441624
-27.6,300,711.492617
-35.7,300,711.542888
-28.7,300,711.592144
99.8,13,711.594806
-49.3,300,711.647402
-44.9,300,711.696649
102.5,19,711.69977
99.1,50,711.708321
104.2,19,711.714225
89.8,130,711.735978
103.3,13,711.738265
-28.5,300,711.78746
-52.5,300,711.83937
-29.8,300,711.888537
-27.4,300,711.938823
93.0,64,711.949469
-28.2,300,712.000905
103.5,16,712.003869
-70.2,300,712.054893
94.5,96,712.070579
-34.7,300,712.121558
-28.7,300,712.172033
102.7,17,712.17544
-26.6,300,712.224261
103.1,15,712.228209
-43.3,300,712.279012
-27.6,300,712.328212
101.4,11,712.330412
-30.5,300,712.38318
103.8,18,712.386632
-39.0,300,712.436106
-27.7,300,712.520557
-28.9,300,712.580275
-46.1,300,712.63838
-43.4,300,712.691604
-85.1,300,712.744675
-29.5,300,712.800573
100.3,41,712.807552
-27.0,300,712.856908
99.2,64,712.868551
-27.2,300,712.920169
-28.9,300,712.969382
-40.9,300,713.020224
101.6,5,713.021289
-27.7,300,713.07282
-35.1,300,713.123079
-29.0,300,713.171879
-35.4,300,713.222547
-29.7,300,713.273781
-26.1,300,713.323836
-31.4,300,713.37269
101.7,9,713.374344
-27.7,300,713.426662
-27.6,300,713.475431
103.0,11,713.477612
103.3,13,713.479916
-29.1,300,713.531864
-27.5,300,713.580944
-29.5,300,713.631355
-26.0,300,713.680492
102.9,12,713.68429
-28.5,300,713.735185
-32.8,300,713.784195
-38.1,300,713.834657
104.9,27,713.840843
-26.8,300,713.890168
102.0,30,713.895514
102.5,27,713.900011
-26.5,300,713.951963
-29.6,300,714.00099
-28.1,300,714.050883
-29.5,300,714.099972
-30.0,300,714.151665
-45.8,300,714.200885
-47.3,300,714.252228
101.6,14,714.25509
-41.0,300,714.306993
-28.1,300,714.35724
-30.1,300,714.406167
-31.3,300,714.456319
-28.8,300,714.507031
-29.9,300,714.557283
-26.6,300,714.606472
-30.4,300,714.656534
-32.3,300,714.708225
-65.2,300,714.75907
-25.9,300,714.808743
-30.7,300,714.8588
103.0,11,714.862827
-28.3,300,714.912303
-27.7,300,714.961994
-25.5,300,715.011402
102.8,8,715.014537
100.8,25,715.018822
102.4,25,715.023068
-72.4,300,715.073729
-28.7,300,715.125066
-33.2,300,715.17551
104.9,22,715.179675
-54.2,300,715.229377
-32.1,300,715.281571
-26.0,300,715.331064
-27.0,300,715.380771
-32.7,300,715.430463
103.1,15,715.434481
-26.5,300,715.485011
-34.6,300,715.53479
101.9,7,715.536348
-76.7,300,715.58916
-77.8,300,715.639751
-28.1,300,715.689298
-28.6,300,715.739691
-47.3,300,715.791295
104.4,17,715.794294
101.8,8,715.795886
101.5,6,715.797326
-41.4,300,715.849505
-38.2,300,715.899127
-44.3,300,715.949713
101.8,8,715.951335
-34.9,300,716.002566
-26.1,300,716.053153
72.6,247,716.093888
-29.2,300,716.14437
103.3,13,716.148202
-28.2,300,716.198219
-33.6,300,716.248562
72.2,122,716.26906
-31.5,300,716.320443
101.1,22,716.324601
-38.0,300,716.375359
-26.0,300,716.424683
-43.0,300,716.476773
-35.1,300,716.526044
-31.2,300,716.576737
-62.9,300,716.626605
-39.9,300,716.679066
-35.2,300,716.728746
-27.7,300,716.77905
103.5,16,716.78201
-34.4,300,716.833386
87.3,86,716.847607
-29.0,300,716.898058
-29.6,300,716.947205
-28.5,300,716.999249
-28.4,300,717.048346
-73.0,300,717.099389
-73.3,300,717.185953
-25.7,300,717.393331
-25.8,300,717.546789
-27.6,300,717.644827
-26.0,300,717.69397
-27.1,300,717.747654
-28.0,300,717.797588
-27.9,300,717.848422
104.0,16,717.851282
-31.6,300,717.903307
-29.5,300,717.953977
-26.6,300,718.002979
102.8,21,718.006998
-43.2,300,718.059038
-25.5,300,718.107836
-37.3,300,718.157889
96.8,41,718.164862
-28.4,300,718.215668
101.7,9,718.21729
-26.3,300,718.26775
102.9,12,718.269993
-25.7,300,718.342085
102.3,8,718.343742
101.1,14,718.346485
-37.2,300,718.395924
89.2,164,718.424959
-25.0,300,718.475674
-29.8,300,718.524527
-29.0,300,718.574229
-27.0,300,718.625659
-29.5,300,718.676188
-83.0,300,718.726371
-31.3,300,718.776888
-29.2,300,718.827618
102.4,7,718.828823
-29.5,300,718.878865
-44.5,300,718.927922
-41.3,300,718.979912
-27.5,300,719.029327
102.2,9,719.031401
-39.1,300,719.08176
-27.9,300,719.133209
-27.5,300,719.183435
-26.3,300,719.232796
101.3,13,719.235123
-28.5,300,719.286679
-26.0,300,719.336378
-26.2,300,719.385869
102.2,9,719.387503
102.1,10,719.391636
-25.5,300,719.441615
-37.1,300,719.491512
-28.7,300,719.540504
-27.2,300,719.591529
-27.5,300,719.641765
-28.7,300,719.69054
-26.6,300,719.740667
-26.5,300,719.79155
-65.7,300,719.842436
104.7,24,719.846652
104.5,16,719.849533
-25.0,300,719.901271
-37.5,300,719.951844
-51.5,300,720.000697
-28.3,300,720.050312
-28.6,300,720.100498
-33.0,300,720.151177
-35.4,300,720.200461
-29.2,300,720.250843
-74.8,300,720.303329
101.9,15,720.305834
103.9,21,720.309766
-67.5,300,720.360656
-28.5,300,720.411908
101.8,21,720.415585
-30.5,300,720.465885
-26.4,300,720.51507
-27.0,300,720.567402
-29.0,300,720.61677
103.9,17,720.61972
-27.0,300,720.670053
-29.2,300,720.721699
101.5,6,720.723156
-29.1,300,720.773388
-40.2,300,720.82281
-27.5,300,720.87505
-28.1,300,720.9245
102.2,9,720.926178
-36.0,300,720.976009
-26.0,300,721.027496
-55.4,300,721.078099
105.1,20,721.081794
-52.7,300,721.131743
-26.0,300,721.183593
-28.7,300,721.232849
86.2,156,721.25852
102.8,21,721.262064
-29.0,300,721.314517
62.5,179,721.344461
105.2,24,721.348658
-30.5,300,721.399037
-28.5,300,721.450553
-25.5,300,721.500979
102.1,10,721.502733
-29.6,300,721.552177
-27.0,300,721.604337
103.3,13,721.607076
-28.8,300,721.656309
-26.1,300,721.706536
-29.0,300,721.758368
-26.1,300,721.808931
74.2,295,721.857795
-28.6,300,721.907678
-27.0,300,721.95872
-26.8,300,722.00751
-49.6,300,722.057957
-26.3,300,722.106942
-30.0,300,722.158802
-27.5,300,722.208018
-29.5,300,722.258025
103.4,12,722.260319
-29.7,300,722.311595
-49.6,300,722.362104
91.6,58,722.372262
104.5,21,722.375961
100.1,60,722.387445
74.0,292,722.43649
75.9,268,722.480772
102.6,10,722.482897
-30.0,300,722.535347
-27.5,300,722.585044
78.2,274,722.62957
100.7,13,722.632003
-30.7,300,722.683648
-34.7,300,722.732899
103.4,17,722.736565
-66.9,300,722.787969
-30.2,300,722.839418
-26.3,300,722.890014
-26.1,300,722.939179
-26.1,300,722.989497
-26.1,300,723.04101
102.9,12,723.043283
-51.7,300,723.09381
-25.2,300,723.143234
-39.4,300,723.195535
-34.5,300,723.244792
-29.0,300,723.295031
-36.2,300,723.344127
-26.5,300,723.396903
-40.3,300,723.446117
-29.4,300,723.496037
104.2,25,723.500477
94.8,118,723.521476
-37.4,300,723.570911
-73.3,300,723.621559
-29.4,300,723.670709
-29.5,300,723.722832
-26.6,300,723.772215
-29.5,300,723.822478
102.6,10,723.824658
-29.1,300,723.876288
102.9,34,723.881839
-29.9,300,723.932321
-39.1,300,723.981442
-29.0,300,724.033405
-27.5,300,724.082688
67.2,262,724.126695
-31.1,300,724.176002
102.1,10,724.179538
103.4,12,724.181893
96.8,51,724.19081
81.3,213,724.226717
-34.5,300,724.277955
102.8,13,724.280736
101.2,4,724.281675
68.6,242,724.321535
-27.5,300,724.373342
-80.0,300,724.423368
-34.3,300,724.474044
-26.1,300,724.522918
-28.3,300,724.575185
-41.5,300,724.624335
-75.6,300,724.67531
-66.6,300,724.724593
-27.8,300,724.776476
92.1,90,724.791548
-31.1,300,724.840687
-39.8,300,724.891253
-28.8,300,724.942156
-30.0,300,724.9921
103.5,19,724.995313
-28.3,300,725.044576
56.7,196,725.080227
-29.6,300,725.129522
-57.1,300,725.179994
-28.5,300,725.229528
-27.5,300,725.281614
-27.6,300,725.330884
-36.8,300,725.381151
-34.8,300,725.430218
-47.1,300,725.482707
-29.0,300,725.531994
-27.7,300,725.582038
-41.2,300,725.631753
-27.7,300,725.682922
101.3,8,725.684486
-31.8,300,725.734817
-74.7,300,725.784366
-30.2,300,725.836728
-28.0,300,725.887364
-26.2,300,725.939008
-28.0,300,725.988211
104.4,22,725.993762
-27.2,300,726.044215
75.8,138,726.066913
-39.1,300,726.117309
-38.0,300,726.168271
-28.1,300,726.217858
103.1,15,726.2207
-27.8,300,726.27048
-29.0,300,726.322652
96.3,78,726.336314
100.9,15,726.338862
-26.6,300,726.388086
-57.5,300,726.440597
-40.1,300,726.490136
86.9,68,726.501598
97.9,50,726.510208
-36.1,300,726.562938
100.9,21,726.566754
102.2,14,726.569508
-28.8,300,726.618401
-29.3,300,726.689274
-28.2,300,726.740096
-47.3,300,726.789666
-27.0,300,726.838913
101.3,8,726.842058
-27.5,300,726.892527
-39.6,300,726.942174
-27.4,300,726.992739
-28.4,300,727.044163
-27.9,300,727.09454
101.3,16,727.097478
104.8,18,727.100543
101.7,9,727.103689
86.4,157,727.130179
-29.2,300,727.180167
98.7,42,727.187231
-34.2,300,727.238292
-27.5,300,727.288477
100.0,14,727.291304
88.6,150,727.315653
104.1,15,727.319737
-62.0,300,727.37057
53.3,202,727.404565
-48.4,300,727.453704
-31.6,300,727.506093
99.8,23,727.510236
-27.5,300,727.559384
-34.5,300,727.609761
-57.2,300,727.661422
-30.4,300,727.711983
102.3,13,727.714369
-38.4,300,727.765727
-25.7,300,727.818604
-35.0,300,727.867828
-29.0,300,727.917804
-27.2,300,727.966984
-30.2,300,728.020015
72.1,142,728.044104
-30.8,300,728.09331
100.8,3,728.094159
-27.3,300,728.14626
-26.3,300,728.195326
98.9,22,728.199052
101.4,7,728.200562
99.7,25,728.205995
-27.6,300,728.256416
102.2,9,728.258108
-28.4,300,728.307068
-26.8,300,728.358811
73.6,281,728.404789
-47.6,300,728.455235
90.4,103,728.472028
101.8,8,728.47508
100.4,36,728.48144
-30.4,300,728.531761
-28.0,300,728.581387
105.3,18,728.586642
-26.6,300,728.637465
-43.4,300,728.687748
81.2,95,728.703907
96.5,61,728.715834
103.0,11,728.718038
-47.1,300,728.768633
-42.2,300,728.817735
91.2,56,728.828859
-29.5,300,728.879704
102.9,20,728.88456
100.9,17,728.887496
104.1,19,728.892492
-28.6,300,728.942178
-38.8,300,728.992831
100.7,13,728.995164
-55.4,300,729.046954
83.4,84,729.062183
-70.7,300,729.112032
-62.9,300,729.162016
-27.9,300,729.214382
102.9,12,729.216696
102.6,15,729.219444
101.8,8,729.221079
95.9,39,729.229047
103.1,19,729.232878
-32.2,300,729.283168
-70.2,300,729.333781
-39.9,300,729.385868
-27.0,300,729.435175
-30.4,300,729.485328
-31.3,300,729.534778
-29.9,300,729.587045
-45.7,300,729.636871
101.4,7,729.638444
105.1,20,729.642055
-47.5,300,729.69494
-29.1,300,729.744396
74.3,293,729.792728
-31.5,300,729.84208
-56.1,300,729.894041
-27.0,300,729.944126
102.0,39,729.950838
92.2,111,729.969572
103.6,15,729.973583
-26.3,300,730.02411
-55.7,300,730.073411
102.1,18,730.076808
-29.2,300,730.128675
-27.8,300,730.178105
-28.7,300,730.228207
-30.0,300,730.277587
101.4,15,730.282256
-30.3,300,730.33337
-43.7,300,730.382608
-43.8,300,730.433316
79.3,237,730.474086
95.6,75,730.486863
101.8,8,730.488465
-26.5,300,730.538796
-27.3,300,730.590444
-26.3,300,730.640073
103.0,25,730.64436
-27.5,300,730.693423
-25.0,300,730.745338
-30.2,300,730.794436
-29.6,300,730.84431
-28.4,300,730.893619
-26.7,300,730.944978
-52.9,300,730.995578
-30.0,300,731.044708
-64.3,300,731.095333
101.4,7,731.098633
-27.7,300,731.148247
-71.4,300,731.198237
77.7,252,731.239536
-40.2,300,731.292134
-28.7,300,731.341174
-30.8,300,731.391076
-32.5,300,731.440055
-29.4,300,731.492734
-45.8,300,731.541949
101.0,26,731.546246
104.2,14,731.549066
103.3,17,731.553503
-29.5,300,731.604242
-31.4,300,731.653402
-38.0,300,731.703748
-31.1,300,731.754537
-36.2,300,731.804488
-39.0,300,731.854129
-34.0,300,731.90422
-30.1,300,731.955722
-38.6,300,732.005892
97.0,76,732.018912
-27.4,300,732.068067
-25.7,300,732.119462
-40.6,300,732.168948
-43.0,300,732.218587
-30.4,300,732.267947
-34.6,300,732.319194
101.3,16,732.32281
90.6,115,732.342419
-30.1,300,732.391761
-32.4,300,732.444574
-29.6,300,732.494019
103.8,13,732.496376
-29.7,300,732.546379
101.6,5,732.548939
66.1,205,732.583425
-25.5,300,732.632271
-28.2,300,732.682511
-29.6,300,732.734155
-27.9,300,732.786023
-26.7,300,732.835175
-27.7,300,732.885739
-27.6,300,732.936762
-29.0,300,732.987276
102.1,10,732.989415
-42.2,300,733.038583
103.4,12,733.042634
-28.3,300,733.093386
-29.9,300,733.142485
80.2,228,733.180863
105.1,20,733.185928
-29.2,300,733.235835
-27.5,300,733.286254
-75.6,300,733.336081
-34.4,300,733.388177
-38.1,300,733.437446
-28.6,300,733.487594
-29.5,300,733.536763
-28.7,300,733.589376
-72.5,300,733.639577
103.1,24,733.643723
-36.8,300,733.69395
102.8,18,733.698492
-31.3,300,733.748521
-28.9,300,733.798564
-27.9,300,733.848392
-56.7,300,733.900699
-55.4,300,733.950789
-31.5,300,734.000811
-34.7,300,734.050437
-39.0,300,734.101817
-29.0,300,734.152356
-27.9,300,734.201734
-29.2,300,734.251927
-39.2,300,734.303208
101.8,8,734.30479
100.7,13,734.307505
-30.2,300,734.357841
-30.9,300,734.409114
-51.5,300,734.460004
-32.1,300,734.509464
-29.5,300,734.559864
-28.4,300,734.611035
94.3,88,734.625734
100.7,4,734.626659
100.9,16,734.630249
-33.1,300,734.681434
-34.9,300,734.730968
-31.8,300,734.781264
-43.2,300,734.830761
-71.3,300,734.883808
89.9,146,734.907709
-61.1,300,734.958623
-37.5,300,735.028655
-48.9,300,735.082066
-52.8,300,735.131895
-72.6,300,735.183039
-28.1,300,735.23225
-31.2,300,735.284697
-55.3,300,735.334603
100.4,12,735.336874
103.1,10,735.338966
-34.9,300,735.39133
-26.7,300,735.440935
-31.1,300,735.491121
-38.8,300,735.54028
69.2,268,735.587324
-54.4,300,735.636739
102.6,14,735.639118
-30.3,300,735.688826
-71.7,300,735.740171
-79.1,300,735.791009
101.9,15,735.79407
54.0,188,735.825636
101.7,9,735.828768
-25.1,300,735.878141
-31.0,300,735.928427
93.6,74,735.94101
-57.6,300,735.993034
-47.0,300,736.043473
-30.0,300,736.09216
102.2,9,736.093865
-59.8,300,736.146485
-34.7,300,736.195472
-29.0,300,736.245859
-26.0,300,736.295012
103.4,21,736.300304
-28.7,300,736.351331
-28.7,300,736.400692
102.8,25,736.405036
102.2,9,736.408579
-29.0,300,736.45929
-31.6,300,736.508066
103.2,14,736.510438
73.2,266,736.557418
104.1,15,736.55993
-26.6,300,736.608945
-31.5,300,736.659451
-26.6,300,736.710778
-50.4,300,736.780545
-28.1,300,736.830967
-29.2,300,736.88207
105.0,21,736.887419
-29.4,300,736.937578
101.9,7,736.938762
-26.5,300,736.989583
100.6,5,736.992827
-27.3,300,737.042462
-29.1,300,737.093139
100.7,4,737.094098
104.2,14,737.098032
102.3,16,737.100955
103.3,13,737.103445
101.9,7,737.105006
-26.6,300,737.156681
-33.4,300,737.206435
-26.6,300,737.255475
-46.7,300,737.30596
-33.7,300,737.357401
103.4,21,737.360988
-44.6,300,737.411256
-64.6,300,737.460533
-28.8,300,737.51254
104.0,21,737.516564
98.9,22,737.520232
100.7,4,737.521167
-26.7,300,737.572256
100.7,13,737.575321
83.0,178,737.605277
102.5,11,737.607481
-26.5,300,737.658494
-26.5,300,737.709046
-39.7,300,737.759496
-58.4,300,737.810374
-56.3,300,737.861894
97.9,47,737.869682
-29.9,300,737.920461
-29.8,300,737.970009
62.7,171,738.002046
-52.2,300,738.051922
-25.8,300,738.101272
-51.2,300,738.151039
-28.1,300,738.204949
104.8,18,738.208456
102.7,17,738.211798
-77.5,300,738.26234
-29.7,300,738.314626
-39.1,300,738.365264
-28.0,300,738.415793
103.5,11,738.418224
-29.0,300,738.469864
-29.6,300,738.519561
-38.3,300,738.569677
102.3,8,738.571306
66.2,200,738.60629
-29.2,300,738.656654
101.5,6,738.657761
-52.9,300,738.707253
-25.7,300,738.759635
101.8,8,738.761293
-26.5,300,738.811048
101.7,9,738.812678
-27.3,300,738.864769
-40.2,300,738.914015
-29.9,300,738.964417
90.8,60,738.974629
-27.0,300,739.026313
90.0,76,739.03925
77.1,112,739.058913
-74.8,300,739.109371
104.7,19,739.114412
-32.3,300,739.165308
-49.7,300,739.21482
-40.8,300,739.265282
99.7,34,739.27269
-28.2,300,739.321904
101.7,21,739.325674
-30.0,300,739.375701
-52.7,300,739.427547
99.6,34,739.433312
-28.5,300,739.483571
-32.5,300,739.533038
-29.1,300,739.584925
-29.7,300,739.634172
-29.6,300,739.684096
103.6,15,739.686944
103.9,12,739.690978
83.9,196,739.723964
-33.6,300,739.773417
-50.7,300,739.824116
-29.2,300,739.875596
-32.1,300,739.92604
102.7,9,739.927749
-26.8,300,739.977099
93.3,95,739.995351
102.6,27,740.000373
102.6,18,740.003501
91.2,149,740.028587
-33.3,300,740.079831
-27.5,300,740.13016
-32.1,300,740.179467
102.4,7,740.180639
-26.6,300,740.233
-27.5,300,740.281967
103.3,13,740.284574
-26.9,300,740.334935
74.2,172,740.365805
75.1,294,740.413812
76.5,143,740.438518
86.0,200,740.471453
-29.1,300,740.523521
102.9,12,740.525776
-27.7,300,740.575211
-42.8,300,740.624249
-29.7,300,740.67565
103.8,13,740.677997
-29.0,300,740.727022
-43.4,300,740.77739
101.1,5,740.780109
103.8,18,740.783571
102.4,17,740.786578
100.3,13,740.788861
-48.8,300,740.840586
-29.1,300,740.890349
-60.8,300,740.940348
-48.0,300,740.990267
-25.6,300,741.041526
-30.7,300,741.091739
-27.2,300,741.140865
-35.5,300,741.191546
-27.3,300,741.2423
-25.7,300,741.292291
-40.3,300,741.341359
-29.2,300,741.390741
-26.5,300,741.441765
-31.2,300,741.55583
104.6,20,741.559522
103.9,12,741.561833
103.7,14,741.566754
-26.7,300,741.622599
101.4,7,741.624201
-32.4,300,741.677793
-24.5,300,741.731861
-29.5,300,741.782985
98.9,44,741.790843
97.3,58,741.800558
-52.2,300,741.852799
-26.6,300,741.903767
-29.5,300,741.953131
101.1,36,741.959213
-28.9,300,742.014531
-26.8,300,742.065554
80.1,121,742.085729
-26.2,300,742.136778
-28.3,300,742.187875
103.9,17,742.191185
102.8,13,742.193522
102.7,9,742.195189
102.2,9,742.198399
-32.0,300,742.250078
-50.5,300,742.299876
-45.5,300,742.350927
-30.3,300,742.402106
-28.3,300,742.452467
-73.0,300,742.504878
-44.5,300,742.555505
-36.7,300,742.606913
-36.4,300,742.657258
-67.9,300,742.70662
-30.4,300,742.758265
74.3,230,742.798626
-30.1,300,742.857757
-71.7,300,742.92188
-46.6,300,742.972977
-26.5,300,743.02411
96.6,89,743.038782
101.8,16,743.041776
101.1,9,743.044218
-28.1,300,743.095725
-26.7,300,743.14536
104.6,20,743.149697
-29.5,300,743.19926
-32.1,300,743.250663
101.7,17,743.254746
-39.3,300,743.304485
-28.4,300,743.353414
98.1,41,743.362641
105.5,21,743.366478
-27.1,300,743.416139
-27.7,300,743.466037
-29.7,300,743.517103
-28.0,300,743.565772
-28.5,300,743.616367
-26.2,300,743.665183
104.6,15,743.669487
-47.7,300,743.720587
-70.9,300,743.770382
76.7,286,743.818077
-49.8,300,743.86879
-29.1,300,743.918884
-28.1,300,743.968048
-28.1,300,744.018302
103.5,11,744.021824
-69.9,300,744.097292
-30.3,300,744.147479
-28.5,300,744.19676
-26.6,300,744.248698
102.5,15,744.251588
46.6,220,744.288402
-27.7,300,744.338818
-29.9,300,744.38969
-29.6,300,744.439967
105.1,15,744.442894
-29.6,300,744.4923
101.3,8,744.495133
-29.0,300,744.546066
-29.1,300,744.595337
-32.7,300,744.645843
-72.0,300,744.697262
86.7,143,744.72066
99.2,38,744.728039
-27.5,300,744.777799
103.3,17,744.782338
-47.9,300,744.838293
74.9,239,744.878557
104.4,26,744.882927
-49.0,300,744.934784
-29.8,300,744.985083
103.3,13,744.987847
-26.5,300,745.037071
-27.5,300,745.08917
-27.8,300,745.138515
102.2,13,745.140825
-28.0,300,745.19143
-27.8,300,745.242026
103.0,11,745.244161
70.3,256,745.287343
-29.7,300,745.336716
103.9,12,745.340822
101.9,15,745.343387
-27.6,300,745.394058
102.6,14,745.396896
-26.8,300,745.447945
-34.8,300,745.498429
-35.7,300,745.547664
-27.6,300,745.597823
-41.5,300,745.648882
-29.5,300,745.699542
-27.0,300,745.748912
-31.7,300,745.799012
-28.1,300,745.849963
-28.8,300,745.900222
-82.6,300,745.949547
-29.4,300,746.000134
-46.3,300,746.051669
-27.6,300,746.101874
60.0,179,746.132522
87.3,119,746.151974
103.5,11,746.156005
-29.0,300,746.206618
-28.6,300,746.256518
-27.0,300,746.30602
-28.4,300,746.357693
-45.7,300,746.406967
-44.6,300,746.457524
99.9,22,746.46162
-74.1,300,746.514005
-55.9,300,746.564735
-32.1,300,746.614003
-32.8,300,746.664263
-29.0,300,746.715399
-77.9,300,746.765817
-42.9,300,746.814722
-50.4,300,746.865237
-31.4,300,746.916528
-37.0,300,746.967285
84.7,197,746.999732
-30.9,300,747.049467
-53.3,300,747.100823
-64.2,300,747.150008
-26.1,300,747.200454
-81.5,300,747.250218
100.6,15,747.25446
-50.5,300,747.30562
-37.9,300,747.355013
-43.2,300,747.405918
-33.7,300,747.457281
96.6,60,747.468307
-28.5,300,747.517935
-29.6,300,747.567176
-40.0,300,747.619075
89.0,164,747.645824
-28.5,300,747.696013
-51.7,300,747.746766
103.6,15,747.750832
93.4,105,747.769878
-30.7,300,747.82096
98.3,73,747.833231
103.9,17,747.838047
-70.1,300,747.88839
69.7,244,747.930045
99.0,46,747.938031
101.2,21,747.943218
-29.4,300,747.992834
-28.5,300,748.043259
95.7,74,748.055463
91.0,125,748.078355
-32.4,300,748.128874
90.6,101,748.145644
-27.1,300,748.194647
-33.7,300,748.247021
-27.7,300,748.296038
-26.0,300,748.346718
90.2,117,748.366218
99.7,16,748.370644
-34.7,300,748.420908
-32.5,300,748.470621
-40.9,300,748.520657
104.3,13,748.524686
97.9,35,748.531171
-33.3,300,748.580403
70.0,140,748.603941
99.0,44,748.613222
-28.5,300,748.663688
-26.5,300,748.712896
86.9,157,748.739599
-26.5,300,748.791585
101.8,8,748.793182
-45.8,300,748.843133
103.1,19,748.846906
104.5,16,748.851306
-61.2,300,748.901985
-55.6,300,748.952621
98.5,47,748.960648
-27.2,300,749.011539
-30.7,300,749.061976
-35.3,300,749.1111
-79.0,300,749.161983
101.1,10,749.165488
-28.6,300,749.215449
-69.8,300,749.266289
-28.4,300,749.315581
-37.4,300,749.367688
-32.1,300,749.417235
88.9,127,749.438401
-36.0,300,749.488868
-26.3,300,749.540228
-26.1,300,749.590506
-33.8,300,749.640164
-29.5,300,749.69019
-29.6,300,749.741332
-28.6,300,749.791527
-32.1,300,749.841015
97.4,29,749.846009
-46.3,300,749.8984
93.5,89,749.913841
103.4,21,749.917505
28.9,299,749.967358
-30.4,300,750.019983
103.0,11,750.021847
38.9,268,750.065517
101.7,17,750.068808
-30.8,300,750.120852
-49.1,300,750.170967
102.6,14,750.173414
102.5,15,750.176233
-59.5,300,750.228497
-27.7,300,750.277442
-38.3,300,750.327681
-31.0,300,750.377208
-38.1,300,750.429478
98.9,45,750.437177
89.3,99,750.453642
72.3,273,750.498464
-54.8,300,750.550916
86.5,136,750.573628
92.7,109,750.591694
-42.4,300,750.642022
-32.1,300,750.693535
-69.2,300,750.744219
102.6,18,750.747778
-29.1,300,750.797302
-74.1,300,750.849897
84.8,168,750.877924
-27.6,300,750.927142
-32.9,300,750.985661
-66.0,300,751.0488
-36.5,300,751.098713
-46.7,300,751.147908
-28.7,300,751.197966
-68.1,300,751.249287
-30.2,300,751.299688
88.0,144,751.323452
100.0,14,751.325848
75.0,262,751.3721
-33.5,300,751.421772
-52.3,300,751.470648
-63.9,300,751.521396
-29.2,300,751.572665
-28.0,300,751.643274
102.6,14,751.645743
104.5,21,751.64986
-48.1,300,751.702385
-31.5,300,751.751839
-30.2,300,751.802009
-26.5,300,751.850932
55.7,250,751.894324
-27.5,300,751.943781
-32.1,300,751.992464
-32.2,300,752.042713
-28.7,300,752.093623
-59.9,300,752.144094
-39.5,300,752.192856
-32.2,300,752.242898
-54.1,300,752.294319
-31.6,300,752.344756
-44.7,300,752.393752
-72.5,300,752.444725
-33.1,300,752.496484
-47.8,300,752.546741
-28.2,300,752.596027
-26.8,300,752.645743
-28.6,300,752.696435
-30.6,300,752.747713
99.7,29,752.752935
103.6,19,752.75656
-28.0,300,752.808664
-35.5,300,752.859074
-47.6,300,752.908621
-28.9,300,752.958748
-30.4,300,753.01012
98.4,40,753.016993
-35.5,300,753.06705
-31.0,300,753.116223
56.5,192,753.150314
87.5,132,753.173216
-34.4,300,753.222519
-47.2,300,753.272979
-41.2,300,753.324496
82.8,150,753.349552
100.6,25,753.35371
-46.6,300,753.404351
-32.2,300,753.455228
-45.3,300,753.50572
-49.0,300,753.55492
103.0,11,753.557036
-29.2,300,753.609502
-30.5,300,753.658774
103.4,12,753.661034
-27.6,300,753.711465
-27.6,300,753.7623
-50.0,300,753.813018
104.7,24,753.817275
105.3,23,753.821121
-27.1,300,753.872056
-27.1,300,753.922293
-79.2,300,753.972039
103.6,19,753.975515
-39.9,300,754.028099
-28.7,300,754.077226
-47.7,300,754.127764
-59.6,300,754.176964
-28.6,300,754.228638
91.9,47,754.236983
-30.5,300,754.286009
-49.6,300,754.336476
-30.3,300,754.387883
-27.0,300,754.43797
-30.9,300,754.487134
-29.2,300,754.537304
-37.3,300,754.58826
-25.7,300,754.638412
-61.2,300,754.687776
-28.0,300,754.737724
-38.9,300,754.789322
-53.9,300,754.839901
-27.7,300,754.888987
-28.0,300,754.939068
-72.6,300,754.992275
-30.4,300,755.042202
-29.0,300,755.092092
-59.7,300,755.141355
-34.6,300,755.193177
-55.2,300,755.242693
-32.1,300,755.293283
-54.6,300,755.342733
-29.2,300,755.394943
-35.6,300,755.444297
-70.2,300,755.495134
-37.2,300,755.544355
-47.2,300,755.596876
-45.9,300,755.645992
-27.5,300,755.696564
-62.0,300,755.746341
103.5,11,755.750074
-32.0,300,755.800579
-27.0,300,755.849948
-53.9,300,755.900447
-27.5,300,755.952271
-31.1,300,756.001961
-31.5,300,756.051531
101.3,8,756.053139
-49.8,300,756.105378
61.0,181,756.135975
-29.1,300,756.184978
-27.0,300,756.235385
-30.4,300,756.286837
-27.1,300,756.337252
91.7,54,756.346166
-29.6,300,756.395389
-31.6,300,756.447793
102.9,25,756.452519
-34.7,300,756.502195
104.2,18,756.505258
103.7,27,756.511493
-34.3,300,756.562468
-30.4,300,756.611849
-27.9,300,756.661952
-67.9,300,756.714053
-74.8,300,756.765289
-39.3,300,756.814675
-29.6,300,756.865632
-26.6,300,756.916753
82.9,185,756.948424
-74.0,300,756.998377
-29.0,300,757.048789
-30.4,300,757.10069
-27.2,300,757.150112
-32.1,300,757.20001
-27.3,300,757.248768
-29.5,300,757.300721
-28.2,300,757.349637
103.1,10,757.351768
104.7,19,757.354852
-30.1,300,757.406445
-36.2,300,757.455479
-46.2,300,757.505957
-30.1,300,757.555307
100.8,8,757.558603
-27.8,300,757.609371
-27.6,300,757.658513
-30.2,300,757.709135
-29.2,300,757.761011
97.5,42,757.768701
102.2,17,757.772758
88.7,136,757.796022
-37.1,300,757.847634
-69.4,300,757.89849
-75.5,300,757.94765
-53.8,300,757.998056
-35.6,300,758.049571
-36.9,300,758.09969
-28.5,300,758.149322
-25.2,300,758.199016
-45.5,300,758.250172
-51.8,300,758.300474
-26.7,300,758.350102
-28.7,300,758.399974
-29.3,300,758.452361
-78.2,300,758.502797
59.7,214,758.539086
77.0,110,758.557355
-29.5,300,758.609057
-28.1,300,758.658334
-36.0,300,758.707507
-33.6,300,758.758036
34.9,268,758.805031
64.1,238,758.845857
56.2,246,758.886411
-52.5,300,758.936954
-33.9,300,758.987967
75.9,216,759.023717
-82.1,300,759.074777
-46.4,300,759.124196
-59.1,300,759.176469
-67.0,300,759.226625
-28.5,300,759.276997
-33.3,300,759.326362
-29.2,300,759.379188
-42.3,300,759.428612
102.0,14,759.431338
-74.7,300,759.48229
-63.6,300,759.533469
-28.0,300,759.583801
-76.0,300,759.633642
-28.0,300,759.683841
-31.5,300,759.735237
77.8,261,759.778847
-30.5,300,759.828025
101.5,30,759.833467
98.4,62,759.845282
-43.9,300,759.895843
101.8,16,759.898731
-44.2,300,759.948251
-39.7,300,760.019933
-36.9,300,760.069064
-41.8,300,760.120015
103.6,19,760.123584
-43.2,300,760.174922
-29.5,300,760.225157
105.4,22,760.228877
-28.5,300,760.277654
-31.1,300,760.329664
104.8,22,760.333754
-31.5,300,760.382838
-31.9,300,760.43335
-29.4,300,760.484411
-29.9,300,760.534373
-27.7,300,760.583253
-63.5,300,760.633899
-31.2,300,760.684893
-45.3,300,760.73522
-30.2,300,760.784238
-40.2,300,760.833994
-70.8,300,760.885684
91.5,111,760.904015
-28.0,300,760.954369
103.8,22,760.958526
81.2,140,760.983771
-33.3,300,761.03407
103.9,12,761.036373
-38.4,300,761.086125
-43.2,300,761.13742
103.7,14,761.139833
101.6,23,761.143896
-30.9,300,761.192776
-57.1,300,761.24479
-29.2,300,761.29414
102.5,19,761.297644
104.2,18,761.300722
-58.8,300,761.353044
-32.1,300,761.402175
-29.2,300,761.452076
-30.1,300,761.50112
-29.1,300,761.552961
-26.8,300,761.602234
-59.1,300,761.65143
-23.5,300,761.701629
85.8,171,761.732228
-30.1,300,761.782592
-27.4,300,761.83205
-50.7,300,761.882953
99.3,38,761.891014
-27.0,300,761.940799
105.3,18,761.943908
-28.0,300,761.994026
-32.1,300,762.04486
102.9,16,762.047853
-28.0,300,762.098469
-31.7,300,762.147769
101.5,10,762.151389
-27.1,300,762.202302
96.2,74,762.214345
-38.7,300,762.263352
105.1,20,762.268401
-72.9,300,762.319852
103.7,14,762.322671
-29.5,300,762.371949
-26.6,300,762.423982
-31.2,300,762.473061
-29.5,300,762.523151
101.7,17,762.526209
-52.6,300,762.577632
-27.5,300,762.628373
-29.2,300,762.677678
-27.5,300,762.727874
-27.6,300,762.781561
102.6,18,762.784753
-30.2,300,762.835281
-30.2,300,762.884776
87.1,165,762.914093
-27.8,300,762.963921
-44.1,300,763.01267
-38.8,300,763.062993
-28.0,300,763.113896
-30.1,300,763.164049
101.5,6,763.165183
-27.8,300,763.214276
-71.8,300,763.266204
104.9,17,763.26922
-52.0,300,763.318433
-29.0,300,763.368822
-29.0,300,763.41966
-43.6,300,763.470067
102.0,14,763.472857
-29.2,300,763.5215
-63.6,300,763.574566
101.8,8,763.576198
100.6,9,763.577854
-44.1,300,763.626759
-33.2,300,763.678954
92.0,101,763.69578
-30.8,300,763.744847
95.9,53,763.754893
-36.9,300,763.806195
-34.7,300,763.856095
-76.2,300,763.905491
103.2,18,763.908573
83.6,85,763.92526
-26.8,300,763.975656
-29.5,300,764.025235
-32.5,300,764.075044
92.1,97,764.093187
89.1,91,764.108284
84.8,128,764.129385
103.6,19,764.132849
-36.3,300,764.185323
-80.2,300,764.234759
-33.5,300,764.285097
-31.2,300,764.334346
-26.1,300,764.385883
-47.2,300,764.435424
-28.6,300,764.485459
-30.4,300,764.534949
68.4,292,764.585101
-45.3,300,764.63547
-33.5,300,764.684616
-26.5,300,764.734846
-60.4,300,764.786895
-31.7,300,764.837442
-46.3,300,764.88723
-32.7,300,764.937878
80.9,118,764.959427
-28.1,300,765.009291
-42.0,300,765.059158
100.8,8,765.060709
-46.8,300,765.112468
-27.5,300,765.163099
-30.1,300,765.212512
-29.5,300,765.262891
-29.6,300,765.313878
-28.4,300,765.364119
93.1,70,765.375768
-27.5,300,765.425319
-28.0,300,765.477175
103.5,16,765.480147
103.6,19,765.483572
-33.9,300,765.532588
101.5,11,765.537096
-30.1,300,765.586624
-29.7,300,765.635772
-28.1,300,765.686123
103.0,15,765.690194
77.2,252,765.731928
-28.0,300,765.78251
-73.3,300,765.832196
102.9,12,765.836257
-29.7,300,765.887218
-29.0,300,765.936609
-29.5,300,765.987535
-33.2,300,766.039058
-74.1,300,766.090072
101.9,15,766.0929
104.4,17,766.095857
-39.8,300,766.147383
-34.4,300,766.197735
-29.5,300,766.247178
81.4,205,766.282242
-53.8,300,766.333633
-30.1,300,766.384177
-66.5,300,766.434082
-35.1,300,766.484319
-59.7,300,766.535774
-29.6,300,766.585794
-29.5,300,766.635765
-57.8,300,766.685079
-25.7,300,766.737705
-43.6,300,766.787616
-30.9,300,766.837948
-29.9,300,766.887308
69.4,135,766.912547
102.1,10,766.91482
-45.6,300,766.964543
-31.3,300,767.014858
-36.2,300,767.066505
-29.0,300,767.116507
103.8,22,767.120315
-29.1,300,767.170122
103.5,11,767.174051
-28.8,300,767.224918
-47.8,300,767.274458
-27.2,300,767.324565
-29.3,300,767.376007
103.9,17,767.379034
-27.3,300,767.429326
101.6,19,767.432927
-28.5,300,767.484136
74.1,270,767.529334
-32.2,300,767.57894
-28.8,300,767.6283
-44.2,300,767.700965
-30.4,300,767.751361
-26.5,300,767.802231
-29.5,300,767.852784
-37.5,300,767.903573
-32.0,300,767.952794
-29.2,300,768.001753
-32.0,300,768.050104
-30.5,300,768.101836
-51.1,300,768.15059
102.5,19,768.153663
-26.6,300,768.203593
-29.0,300,768.254151
98.4,42,768.262135
-26.7,300,768.311281
-55.7,300,768.360766
-59.4,300,768.413364
-69.1,300,768.462818
-39.1,300,768.513066
-27.1,300,768.561816
-32.7,300,768.613802
-32.1,300,768.66263
-28.7,300,768.713224
-32.9,300,768.762449
-36.3,300,768.815047
-38.8,300,768.864252
-28.2,300,768.914658
-55.9,300,768.964397
103.0,11,768.968407
-28.6,300,769.01927
-31.0,300,769.068773
-37.8,300,769.118621
75.0,297,769.168983
105.1,15,769.171852
55.0,283,769.218908
-28.5,300,769.268009
-66.3,300,769.320808
-43.4,300,769.370587
-29.2,300,769.420115
-30.6,300,769.469536
-30.8,300,769.520302
-30.3,300,769.570647
-31.1,300,769.619539
-60.2,300,769.669678
-44.3,300,769.72062
-38.2,300,769.771265
94.8,63,769.781988
-29.2,300,769.831069
-29.3,300,769.883518
-72.2,300,769.933531
-56.5,300,769.984526
-31.0,300,770.033707
-28.7,300,770.085908
101.2,4,770.086879
103.3,13,770.089191
-29.4,300,770.13854
-30.2,300,770.191043
-53.5,300,770.241558
102.1,18,770.244963
-27.9,300,770.294833
101.6,18,770.299298
-70.9,300,770.349105
-38.7,300,770.399545
-33.2,300,770.44885
104.4,22,770.454153
-29.2,300,770.50482
104.9,22,770.508636
102.3,16,770.511574
104.5,26,770.517992
-32.0,300,770.567618
-26.3,300,770.618157
99.6,30,770.623032
-31.9,300,770.674013
-34.2,300,770.724261
-30.4,300,770.773148
79.5,98,770.790619
-30.9,300,770.842362
104.1,15,770.845219
-62.3,300,770.895607
-27.5,300,770.945054
-27.0,300,770.996843
-46.2,300,771.046759
-37.2,300,771.095834
-28.1,300,771.145924
-44.5,300,771.197448
-39.0,300,771.247922
-50.2,300,771.297893
-33.2,300,771.348123
-29.2,300,771.399083
104.3,18,771.402092
103.4,12,771.404352
-35.8,300,771.454843
-45.3,300,771.505905
-28.8,300,771.555903
101.8,8,771.557457
-38.0,300,771.606375
-27.9,300,771.660583
-28.6,300,771.716248
-30.2,300,771.766904
-48.9,300,771.816213
102.4,7,771.819278
103.1,15,771.822155
-27.6,300,771.873746
-31.4,300,771.922766
-37.3,300,771.974982
-30.1,300,772.024267
-30.7,300,772.074511
-45.9,300,772.124118
-27.0,300,772.176536
-30.0,300,772.22594
-52.8,300,772.276608
-26.0,300,772.326223
95.2,79,772.340962
-30.6,300,772.391561
104.8,18,772.39507
73.4,286,772.441464
-34.1,300,772.493936
-41.0,300,772.543525
-29.5,300,772.593412
-50.2,300,772.642605
-31.0,300,772.694355
-29.7,300,772.743966
-28.9,300,772.795624
-34.7,300,772.845333
-30.5,300,772.896854
-69.8,300,772.947368
-43.3,300,772.99699
-29.0,300,773.046556
-33.1,300,773.098842
-30.6,300,773.148568
-54.8,300,773.197919
-30.9,300,773.248381
105.3,23,773.254051
-35.9,300,773.303688
-36.0,300,773.353658
-37.5,300,773.402583
-31.6,300,773.455361
-28.8,300,773.504494
-40.8,300,773.554903
103.4,12,773.557207
102.4,16,773.561296
-29.8,300,773.61043
103.0,20,773.614055
102.6,23,773.618989
103.2,14,773.622953
-31.0,300,773.672356
-31.0,300,773.720838
-32.6,300,773.771107
-30.1,300,773.822579
-29.8,300,773.872717
101.1,10,773.874845
-72.2,300,773.924218
-27.1,300,773.976251
-25.5,300,774.025372
-38.1,300,774.075847
-37.1,300,774.124701
-27.5,300,774.176681
-29.8,300,774.225574
-27.4,300,774.275827
-61.3,300,774.325498
-59.2,300,774.377896
-41.7,300,774.427346
104.4,26,774.431721
-30.8,300,774.481897
-29.9,300,774.533132
-65.3,300,774.58383
-27.5,300,774.632688
-28.5,300,774.682658
-28.2,300,774.734022
-29.0,300,774.784442
96.8,63,774.795088
-28.9,300,774.844146
-69.8,300,774.895625
-39.9,300,774.944781
101.1,10,774.946863
105.4,22,774.950564
93.1,39,774.959321
-29.1,300,775.009601
101.9,20,775.013181
102.3,16,775.016112
-62.5,300,775.067507
104.2,19,775.070988
94.0,53,775.079901
101.0,6,775.080998
-30.5,300,775.132976
-29.7,300,775.182131
-30.0,300,775.23248
-28.0,300,775.281419
-29.1,300,775.334001
-28.7,300,775.383208
-28.4,300,775.433629
101.6,10,775.435727
-29.6,300,775.486959
100.7,4,775.487872
-37.1,300,775.537916
-70.0,300,775.587534
-30.1,300,775.63991
-66.5,300,775.689227
-30.3,300,775.739635
101.9,25,775.743875
-30.0,300,775.794881
-36.0,300,775.86406
-74.0,300,775.91418
101.5,6,775.915628
-28.5,300,775.967661
-29.2,300,776.016789
101.8,8,776.018372
103.4,12,776.020576
101.2,4,776.023243
102.4,20,776.026804
-28.7,300,776.077363
-30.3,300,776.126688
75.8,249,776.169999
94.4,52,776.179038
-30.3,300,776.228262
91.0,54,776.23703
-52.8,300,776.289099
102.3,28,776.294028
-46.7,300,776.343287
-30.9,300,776.39367
-30.2,300,776.444655
-46.2,300,776.495217
-34.0,300,776.544472
84.2,174,776.57456
-30.0,300,776.625231
-28.5,300,776.67517
-32.3,300,776.724454
-26.5,300,776.774141
-59.5,300,776.825931
78.5,233,776.865128
97.2,55,776.874812
-35.3,300,776.924361
-35.6,300,776.976839
104.1,15,776.979828
-49.3,300,777.029101
-28.2,300,777.078888
-61.5,300,777.131587
-29.5,300,777.181487
-28.2,300,777.230974
-30.2,300,777.279424
-49.1,300,777.331285
-34.0,300,777.380292
-30.1,300,777.430394
-35.1,300,777.479715
97.1,65,777.492929
-27.2,300,777.54256
-30.8,300,777.592876
-26.6,300,777.642438
-54.3,300,777.694045
-29.2,300,777.7441
-30.4,300,777.795781
-60.1,300,777.847005
60.2,180,777.879097
64.0,142,777.903306
-36.6,300,777.953628
102.3,8,777.955239
-52.8,300,778.006502
-29.4,300,778.056706
-55.8,300,778.105736
101.7,9,778.107805
102.4,16,778.112232
-26.5,300,778.16286
102.2,9,778.164567
102.5,15,778.167356
-33.3,300,778.218537
-29.4,300,778.269097
-33.3,300,778.3181
-64.4,300,778.368347
104.6,20,778.373775
100.4,37,778.380345
92.5,51,778.389139
-26.6,300,778.439473
-42.7,300,778.490912
-66.1,300,778.541264
-64.1,300,778.591028
105.1,15,778.593543
-35.7,300,778.645717
-53.5,300,778.695546
-31.3,300,778.744918
101.2,4,778.745856
92.2,53,778.757704
-49.7,300,778.807574
-29.5,300,778.857657
-50.5,300,778.907201
-30.2,300,778.959138
-30.1,300,779.008878
-38.9,300,779.05796
105.1,15,779.060468
-31.7,300,779.112637
-45.9,300,779.162291
101.9,7,779.163872
-38.3,300,779.213962
104.2,14,779.21825
-28.6,300,779.267896
-28.7,300,779.318299
104.4,26,779.322651
-43.5,300,779.374361
-31.3,300,779.42453
-34.7,300,779.4734
-29.7,300,779.523761
100.8,8,779.526877
-75.5,300,779.577287
-28.5,300,779.627579
-31.2,300,779.676731
-26.6,300,779.729102
-28.4,300,779.778751
104.6,20,779.782378
-53.6,300,779.833001
-30.3,300,779.884471
-44.0,300,779.934816
103.5,25,779.939089
102.8,34,779.945116
-33.1,300,779.996629
-55.7,300,780.047808
-44.3,300,780.09656
-37.0,300,780.146567
-36.1,300,780.198212
-33.1,300,780.248393
101.8,21,780.252095
-59.3,300,780.302215
-52.1,300,780.355153
102.3,8,780.356786
-72.6,300,780.406929
-31.9,300,780.457184
101.6,5,780.459719
103.3,22,780.463794
-26.8,300,780.513594
-28.0,300,780.564155
-24.0,300,780.615567
-30.7,300,780.665618
-49.7,300,780.715205
-37.8,300,780.765598
-56.0,300,780.817093
-29.2,300,780.867514
-75.6,300,780.917564
-32.0,300,780.967753
-25.6,300,781.019046
-31.1,300,781.06891
-30.1,300,781.118644
-68.9,300,781.169041
98.9,45,781.178376
-28.2,300,781.227784
-48.5,300,781.277642
-48.1,300,781.327637
-30.3,300,781.379227
-74.4,300,781.43017
-31.4,300,781.480703
-29.6,300,781.530682
-30.7,300,781.582313
-56.4,300,781.63354
102.3,21,781.63724
-36.7,300,781.686768
-25.5,300,781.738254
65.7,166,781.766319
-65.4,300,781.817036
-27.5,300,781.866193
-37.1,300,781.918777
101.8,8,781.920429
-55.7,300,781.969307
101.8,16,781.972193
-36.2,300,782.024647
101.8,8,782.026274
-29.0,300,782.076056
105.0,16,782.07896
-35.4,300,782.131284
-31.3,300,782.180595
-29.5,300,782.231059
101.2,4,782.232016
-30.1,300,782.28329
-26.5,300,782.333515
93.0,66,782.344412
-74.1,300,782.394676
-29.0,300,782.446729
-36.0,300,782.495765
-28.2,300,782.546042
-28.5,300,782.595389
-28.7,300,782.64795
-42.1,300,782.697248
101.6,41,782.704404
-29.4,300,782.754835
103.4,12,782.758567
-32.0,300,782.810475
-38.7,300,782.86126
103.1,19,782.864572
-79.5,300,782.916865
104.2,19,782.920395
101.9,7,782.921916
105.4,22,782.925611
-63.0,300,782.978695
-30.1,300,783.028341
-67.5,300,783.078753
104.1,15,783.08166
-49.3,300,783.13307
103.8,18,783.136523
-25.1,300,783.186891
-45.9,300,783.236086
-26.6,300,783.288505
103.5,16,783.291437
102.5,15,783.293842
-28.7,300,783.342872
-37.9,300,783.395528
105.1,20,783.399266
-29.8,300,783.448498
102.1,10,783.450552
102.6,10,783.453716
-36.9,300,783.504521
-29.0,300,783.553815
101.6,20,783.557331
-61.0,300,783.609831
104.8,18,783.613342
-29.2,300,783.662221
-28.9,300,783.712633
-41.4,300,783.763798
-28.5,300,783.814181
74.2,130,783.835863
-27.0,300,783.885291
-30.8,300,783.937921
96.1,75,783.95061
105.4,22,783.95602
103.3,18,783.965014
102.5,11,783.974373
-63.1,300,784.031349
-29.4,300,784.080331
-63.5,300,784.131013
-41.8,300,784.182388
-76.6,300,784.233176
-29.5,300,784.282434
-71.9,300,784.332775
101.5,23,784.338719
-65.9,300,784.389004
100.4,15,784.391431
-51.0,300,784.441831
-30.0,300,784.493306
105.2,24,784.497479
92.9,131,784.518961
-59.2,300,784.569423
103.6,15,784.574307
-71.7,300,784.623756
-33.7,300,784.67435
-72.8,300,784.724367
-30.0,300,784.776071
-31.3,300,784.825104
-26.5,300,784.875647
-46.8,300,784.925123
-67.3,300,784.977651
-48.8,300,785.027354
-59.7,300,785.078167
103.6,15,785.081167
-38.3,300,785.132689
-28.0,300,785.183143
100.7,12,785.185429
-72.4,300,785.235354
-44.3,300,785.287424
61.9,284,785.334182
-66.1,300,785.384441
-39.3,300,785.433748
-45.2,300,785.486595
-64.6,300,785.536371
-37.1,300,785.586327
-40.4,300,785.635971
-29.8,300,785.687183
-39.1,300,785.737366
105.0,21,785.741052
-63.5,300,785.790735
-26.3,300,785.842282
68.4,136,785.865156
87.7,57,785.875152
-28.5,300,785.927672
103.2,14,785.932067
-28.5,300,785.981559
-42.1,300,786.031792
-29.0,300,786.080918
81.9,83,786.096446
-28.9,300,786.146634
-30.9,300,786.195535
-30.1,300,786.246027
102.3,12,786.250142
-26.6,300,786.299954
-43.6,300,786.350103
-25.7,300,786.398806
101.6,18,786.403681
101.4,15,786.406476
-29.3,300,786.456965
-32.8,300,786.506265
100.8,47,786.515605
-27.7,300,786.56607
-74.3,300,786.616125
-31.5,300,786.66642
-33.4,300,786.717793
-74.5,300,786.768815
-34.1,300,786.818044
63.5,167,786.845666
-34.5,300,786.897895
82.6,178,786.927602
-31.7,300,786.978089
-65.1,300,787.028065
-31.8,300,787.080775
-33.7,300,787.129735
-38.3,300,787.179889
-30.7,300,787.228705
-47.2,300,787.281045
-27.4,300,787.330463
101.3,16,787.333318
100.8,57,787.342641
-52.9,300,787.395282
-27.2,300,787.444536
-41.7,300,787.49507
-29.4,300,787.544463
-29.0,300,787.596952
104.7,19,787.600527
-43.0,300,787.650033
-32.3,300,787.701108
103.2,18,787.705713
58.0,191,787.738141
-28.0,300,787.789264
-47.1,300,787.840071
-48.0,300,787.893243
-81.6,300,787.944101
-28.0,300,787.993678
-68.4,300,788.044683
-25.5,300,788.095798
-73.4,300,788.146658
-76.8,300,788.196643
-30.1,300,788.247283
-36.2,300,788.29856
-53.0,300,788.348988
-69.0,300,788.39918
103.8,13,788.401561
102.8,17,788.406451
-50.0,300,788.457259
-33.1,300,788.506539
-32.0,300,788.55657
-29.4,300,788.608238
-30.6,300,788.659005
-35.4,300,788.708377
-45.4,300,788.758785
-41.9,300,788.810896
-28.0,300,788.86107
-26.0,300,788.910608
-26.6,300,788.960687
101.9,7,788.96365
-60.2,300,789.013364
-29.4,300,789.063355
-53.7,300,789.112883
101.6,30,789.119877
104.8,18,789.123238
-47.5,300,789.174296
-34.9,300,789.223763
-82.2,300,789.276175
104.9,22,789.280465
-31.2,300,789.329973
103.9,22,789.333588
-68.8,300,789.386321
101.4,7,789.387815
-27.5,300,789.437014
102.7,22,789.440721
-48.8,300,789.493229
-28.3,300,789.542639
103.3,17,789.545998
102.0,6,789.547083
-54.2,300,789.599904
-33.4,300,789.64939
105.2,19,789.652939
-33.5,300,789.703017
-28.0,300,789.753958
-58.1,300,789.804244
84.5,214,789.839505
-28.9,300,789.888648
-74.8,300,789.941721
-28.7,300,789.990901
95.8,58,790.001574
-77.8,300,790.051602
-49.5,300,790.102858
-49.3,300,790.15369
-29.6,300,790.203102
-29.1,300,790.253621
102.3,16,790.258412
-75.5,300,790.308721
103.5,20,790.312304
104.7,19,790.316583
102.2,13,790.320485
-45.7,300,790.370243
-73.4,300,790.420995
-78.0,300,790.471367
90.0,156,790.499035
-67.7,300,790.549406
-31.2,300,790.59854
-28.5,300,790.648697
-58.0,300,790.699812
-33.9,300,790.76869
-33.2,300,790.818391
103.0,11,790.820603
-39.0,300,790.872974
-32.0,300,790.92235
-31.9,300,790.972822
-55.9,300,791.022092
-28.5,300,791.073978
53.9,197,791.106708
-35.9,300,791.15641
-60.1,300,791.206028
-83.9,300,791.25738
-44.1,300,791.30741
-41.3,300,791.356739
-34.6,300,791.407479
-26.5,300,791.458485
-28.9,300,791.508332
-44.2,300,791.557889
-32.3,300,791.608469
102.3,16,791.613241
-26.8,300,791.662878
-44.2,300,791.713322
-75.5,300,791.76317
-56.3,300,791.815099
102.7,18,791.818121
-26.2,300,791.866958
88.0,156,791.893585
-31.3,300,791.945099
-41.6,300,791.994997
-61.5,300,792.044759
104.3,18,792.048286
-80.3,300,792.100359
-41.4,300,792.150245
-28.2,300,792.199294
-26.2,300,792.249806
-30.4,300,792.300812
-28.0,300,792.350701
101.5,6,792.351827
-51.3,300,792.400893
-27.1,300,792.453467
-66.6,300,792.502761
-63.4,300,792.553542
75.7,268,792.597461
-29.6,300,792.649722
74.9,275,792.694908
-72.3,300,792.745228
-27.5,300,792.7957
104.6,15,792.800708
-29.1,300,792.851792
-67.8,300,792.90143
103.0,20,792.904998
-27.2,300,792.957166
-66.9,300,793.006852
-45.1,300,793.05724
-48.5,300,793.106005
-54.3,300,793.158267
102.9,12,793.160561
-32.6,300,793.209862
-28.6,300,793.259668
-28.5,300,793.311102
103.4,17,793.314195
-33.6,300,793.364057
-41.1,300,793.413326
103.6,20,793.418366
36.7,291,793.467688
105.0,16,793.470782
103.1,10,793.472598
-30.0,300,793.52411
-67.0,300,793.57432
103.5,11,793.576622
-37.2,300,793.626073
-27.6,300,793.678153
103.1,19,793.681828
-33.2,300,793.731192
101.5,6,793.732277
-28.0,300,793.784149
-29.9,300,793.833438
-30.1,300,793.882047
-27.4,300,793.932108
-30.0,300,793.983397
-30.7,300,794.033756
-26.1,300,794.082999
101.7,9,794.085033
-31.5,300,794.137365
-29.0,300,794.18653
-30.2,300,794.23645
-69.4,300,794.286208
-32.5,300,794.33894
-28.7,300,794.388358
-33.9,300,794.438835
104.9,22,794.442579
-27.5,300,794.49385
-30.6,300,794.544373
-29.4,300,794.593696
-27.5,300,794.643937
-54.2,300,794.695127
-28.5,300,794.745483
-46.6,300,794.795066
-30.3,300,794.845234
-32.3,300,794.896785
-64.1,300,794.946701
-34.6,300,794.996387
-41.4,300,795.045304
-51.6,300,795.09718
-27.7,300,795.145865
94.1,93,795.162101
-26.9,300,795.211439
102.4,16,795.216145
-32.1,300,795.266586
-51.5,300,795.31682
99.3,38,795.32355
101.8,8,795.326588
104.3,18,795.329732
-34.8,300,795.380487
-31.0,300,795.429711
-28.2,300,795.481775
-28.7,300,795.531498
103.6,20,795.535072
101.5,11,795.537172
-29.6,300,795.589583
-29.0,300,795.639039
-28.9,300,795.689102
-27.0,300,795.738807
-33.3,300,795.790553
-41.8,300,795.840595
-29.5,300,795.889968
-26.2,300,795.940095
-30.4,300,795.991533
-33.2,300,796.04204
-28.0,300,796.091282
86.5,176,796.121135
101.8,8,796.124241
-26.5,300,796.174273
-39.2,300,796.224559
-35.4,300,796.273998
101.8,16,796.278408
-29.0,300,796.329069
102.7,18,796.332626
-25.6,300,796.381831
-27.0,300,796.4347
-46.6,300,796.484169
-28.7,300,796.534191
94.0,106,796.55171
-39.9,300,796.602962
86.7,174,796.632452
-42.2,300,796.682412
-41.7,300,796.731514
-31.4,300,796.783547
86.7,68,796.795142
101.6,5,796.796139
81.3,246,796.836232
-69.5,300,796.889414
-27.7,300,796.938294
-70.8,300,796.989084
-44.9,300,797.038274
103.2,14,797.04248
-41.2,300,797.093277
103.6,19,797.096801
-29.8,300,797.145665
-30.6,300,797.198001
-29.4,300,797.247206
-26.0,300,797.297725
-30.1,300,797.346869
-28.9,300,797.3986
-65.7,300,797.448329
-29.0,300,797.498816
101.1,15,797.501266
103.9,17,797.506344
-80.6,300,797.556142
-29.5,300,797.606307
-25.9,300,797.655667
-58.9,300,797.708588
-28.5,300,797.758092
-27.3,300,797.810254
-25.5,300,797.859756
-25.0,300,797.912164
101.1,65,797.923114
-26.4,300,797.971989
-28.1,300,798.02194
-48.2,300,798.073687
102.1,19,798.077103
105.1,25,798.081346
-30.5,300,798.131818
-59.3,300,798.183093
-31.3,300,798.23316
-54.8,300,798.282525
95.8,79,798.295621
104.8,18,798.300459
93.4,43,798.308312
-27.5,300,798.359093
-25.5,300,798.408102
-29.7,300,798.46029
-54.8,300,798.509775
-30.8,300,798.55998
-29.4,300,798.6089
101.7,9,798.612054
-32.2,300,798.662764
-27.4,300,798.712055
103.3,17,798.715056
-28.5,300,798.767662
105.1,15,798.770571
-30.5,300,798.819965
-35.9,300,798.870192
-65.3,300,798.921875
-29.2,300,798.97211
-30.2,300,799.021154
-65.9,300,799.071467
-37.0,300,799.123333
-57.4,300,799.174161
86.0,63,799.184794
-29.6,300,799.23408
-28.2,300,799.28657
-30.4,300,799.335723
-51.4,300,799.401142
-30.9,300,799.455011
100.6,9,799.458235
-38.9,300,799.508885
76.8,258,799.551029
-30.4,300,799.600819
-29.3,300,799.6524
103.6,15,799.654864
-31.3,300,799.705236
-53.1,300,799.754047
103.0,11,799.757488
-42.7,300,799.808502
-37.4,300,799.858092
102.3,12,799.860355
-82.7,300,799.913887
-28.2,300,799.963108
-27.6,300,800.013006
-39.7,300,800.062147
-29.7,300,800.114424
-31.4,300,800.163735
-38.3,300,800.213934
-28.3,300,800.262657
-29.0,300,800.314409
-40.7,300,800.36374
-28.0,300,800.413682
-30.1,300,800.463231
-36.5,300,800.515723
66.3,175,800.54504
-37.7,300,800.594169
-54.1,300,800.644624
-60.9,300,800.696232
-40.8,300,800.746909
-36.0,300,800.796066
-28.1,300,800.845568
-29.0,300,800.896916
-30.1,300,800.947172
-29.7,300,800.996048
99.4,34,801.001701
-73.5,300,801.054114
-29.5,300,801.103312
-72.1,300,801.152966
101.7,53,801.162177
-30.3,300,801.21339
-29.4,300,801.263651
101.6,13,801.266003
-29.4,300,801.315097
-42.2,300,801.3679
-63.7,300,801.417503
-26.8,300,801.467694
90.7,63,801.478467
-29.8,300,801.529642
102.6,18,801.532752
-29.0,300,801.582952
-31.8,300,801.631914
101.7,17,801.636742
-27.1,300,801.687196
102.8,13,801.689807
100.9,7,801.690999
100.9,7,801.693901
-30.6,300,801.743095
-33.3,300,801.793417
-28.9,300,801.842785
-29.1,300,801.894774
-30.2,300,801.944261
103.9,21,801.947933
-29.6,300,801.997888
-28.7,300,802.049327
-30.2,300,802.099495
97.0,56,802.109016
-29.1,300,802.158193
-29.8,300,802.209836
-29.6,300,802.259074
101.7,17,802.262416
103.9,21,802.266073
101.2,9,802.269486
-30.0,300,802.320369
-31.5,300,802.369442
-27.7,300,802.419401
-70.8,300,802.471419
-29.6,300,802.521344
-44.2,300,802.570546
96.8,58,802.58037
-48.7,300,802.632277
93.0,95,802.647914
-49.2,300,802.697049
-47.2,300,802.748067
98.7,49,802.758625
-32.9,300,802.809873
-29.2,300,802.8607
-28.9,300,802.910419
103.2,14,802.914373
-42.9,300,802.965443
-27.2,300,803.01436
-31.9,300,803.064397
-33.1,300,803.116057
-32.2,300,803.166738
-28.2,300,803.215725
-29.1,300,803.265764
82.3,84,803.281652
102.6,10,803.283744
-31.4,300,803.333003
-29.5,300,803.383148
88.6,169,803.412913
-31.5,300,803.463052
-47.6,300,803.512179
91.9,145,803.535938
-28.8,300,803.588726
-35.0,300,803.637893
-45.9,300,803.688804
-33.2,300,803.738075
-33.7,300,803.790085
101.6,5,803.791108
-39.7,300,803.840416
-30.8,300,803.890638
-34.8,300,803.942221
-61.7,300,803.992687
-30.8,300,804.041429
-32.7,300,804.091324
-29.8,300,804.141911
-58.7,300,804.192045
103.0,24,804.196232
-46.6,300,804.245906
-26.0,300,804.29786
-32.8,300,804.347555
-65.5,300,804.396722
-37.8,300,804.446845
103.1,10,804.450748
-29.2,300,804.500162
103.3,22,804.503892
102.6,18,804.507362
101.5,14,804.511954
-28.5,300,804.56151
-34.6,300,804.61077
-30.7,300,804.660827
-27.6,300,804.71226
103.6,15,804.715128
-28.9,300,804.765337
-32.0,300,804.814469
-32.0,300,804.867189
105.4,22,804.871251
-26.3,300,804.920675
104.4,17,804.923577
-55.1,300,804.975453
-35.7,300,805.024837
100.6,9,805.026544
-48.0,300,805.077508
-30.1,300,805.129232
-28.5,300,805.179559
-31.2,300,805.228881
-30.8,300,805.27954
-30.7,300,805.330671
102.4,16,805.333555
-52.1,300,805.383966
-69.5,300,805.433901
-48.8,300,805.48734
-28.5,300,805.536827
-36.5,300,805.587653
-55.6,300,805.636908
-28.4,300,805.689378
-26.4,300,805.738738
-26.6,300,805.789272
103.4,21,805.792928
39.8,243,805.835585
-65.8,300,805.886246
49.4,267,805.930819
-28.5,300,805.980359
-62.4,300,806.032244
-28.5,300,806.081877
-30.7,300,806.131195
68.8,222,806.167334
-31.2,300,806.219362
-27.3,300,806.268673
46.9,289,806.317505
-41.8,300,806.366478
-28.5,300,806.419198
-50.3,300,806.46861
-72.9,300,806.519155
-29.0,300,806.5682
101.5,14,806.572105
-39.3,300,806.622792
-42.8,300,806.672598
-32.9,300,806.722956
-29.1,300,806.774315
-29.1,300,806.824797
-28.5,300,806.874721
-57.2,300,806.925127
-29.1,300,806.976437
102.7,9,806.978144
-29.2,300,807.02741
-46.8,300,807.078258
101.0,6,807.081261
103.9,12,807.083591
-31.5,300,807.133515
-45.1,300,807.183679
-31.2,300,807.235211
-34.6,300,807.285754
-29.8,300,807.335064
-37.4,300,807.385078
-28.7,300,807.435985
-41.2,300,807.486179
-31.4,300,807.53531
-49.6,300,807.585163
-52.6,300,807.636606
-27.3,300,807.686691
102.7,18,807.68981
-27.7,300,807.739045
-41.6,300,807.792111
-33.3,300,807.842488
-28.1,300,807.893002
-30.1,300,807.94217
-30.2,300,807.994564
-29.8,300,808.043583
-26.3,300,808.094206
-33.4,300,808.143558
99.4,40,808.152332
-78.2,300,808.204031
-29.7,300,808.253328
-32.7,300,808.304007
-27.5,300,808.375277
-53.7,300,808.426421
-50.4,300,808.476175
-69.2,300,808.526899
-59.7,300,808.577942
-61.1,300,808.628481
100.7,17,808.632038
-30.3,300,808.681278
-44.1,300,808.733587
-31.9,300,808.782735
102.1,23,808.786487
-74.8,300,808.837806
-66.4,300,808.889318
-28.1,300,808.939333
100.9,7,808.940885
-26.8,300,808.989466
-29.7,300,809.041677
102.7,22,809.045698
-33.8,300,809.094882
-56.8,300,809.145595
101.1,5,809.148211
-62.0,300,809.197843
84.8,198,809.230012
101.1,5,809.231364
-61.8,300,809.283609
-39.7,300,809.332761
-29.4,300,809.382888
-28.9,300,809.431672
-56.6,300,809.484571
-29.3,300,809.533556
-55.1,300,809.584268
-32.6,300,809.63323
-48.4,300,809.685047
-44.0,300,809.733926
-71.0,300,809.784009
100.4,7,809.785139
86.4,140,809.810437
-29.0,300,809.859797
-72.3,300,809.910803
104.0,16,809.913754
-35.5,300,809.965113
-34.2,300,810.01573
100.0,14,810.018493
-28.8,300,810.067004
-31.1,300,810.118285
-26.5,300,810.167417
-41.2,300,810.217811
-51.2,300,810.267198
85.3,148,810.29461
-29.7,300,810.344016
69.9,171,810.372432
-28.2,300,810.422397
-28.7,300,810.473353
-41.3,300,810.523472
95.1,54,810.532528
101.7,17,810.535533
-31.4,300,810.586535
-30.6,300,810.636436
-27.1,300,810.685791
-28.1,300,810.735935
-29.9,300,810.787007
-35.7,300,810.837691
-28.0,300,810.887205
102.0,11,810.889396
97.2,73,810.903035
101.2,4,810.903997
-66.7,300,810.955031
101.1,5,810.956425
-27.6,300,811.008168
-27.8,300,811.05863
-38.1,300,811.107852
-57.1,300,811.158169
-27.5,300,811.209552
-33.1,300,811.259876
-37.5,300,811.310103
-28.5,300,811.360388
104.6,15,811.364701
-52.5,300,811.41466
-29.9,300,811.464999
-30.3,300,811.514071
-27.1,300,811.566512
101.8,16,811.569418
-28.3,300,811.619003
-31.1,300,811.669168
-52.6,300,811.720469
-77.0,300,811.77087
101.8,16,811.773851
-28.2,300,811.822617
-29.1,300,811.87479
-30.9,300,811.924145
-34.3,300,811.97443
-29.3,300,812.023945
68.3,148,812.050524
-75.9,300,812.101448
-53.2,300,812.151301
-82.2,300,812.202295
-49.5,300,812.253502
102.7,9,812.255564
-43.5,300,812.306077
-30.8,300,812.355546
101.7,13,812.35937
-64.6,300,812.409957
-43.6,300,812.459396
-67.0,300,812.510061
-57.8,300,812.56129
-44.3,300,812.611595
98.7,44,812.619199
105.1,20,812.622796
-49.2,300,812.67415
102.8,13,812.676469
102.5,11,812.678656
100.5,6,812.679711
-25.5,300,812.732004
101.3,8,812.733619
-31.0,300,812.782847
-38.6,300,812.834845
-33.4,300,812.886379
-47.2,300,812.93686
103.9,12,812.939176
-41.2,300,812.988503
104.7,19,812.993497
-43.0,300,813.044362
100.9,20,813.04801
76.9,252,813.089568
103.7,18,813.094494
105.4,22,813.098389
-31.5,300,813.149314
-47.6,300,813.199141
-75.3,300,813.251658
-46.1,300,813.301541
-29.9,300,813.352141
102.9,12,813.354464
-49.2,300,813.405545
-44.4,300,813.456064
-71.0,300,813.505769
97.0,90,813.52097
97.5,29,813.527674
-29.8,300,813.57805
-61.0,300,813.62807
-40.4,300,813.678916
-76.9,300,813.730989
-80.5,300,813.78248
-32.1,300,813.831741
-30.7,300,813.881856
-59.8,300,813.933245
101.9,16,813.93614
-25.7,300,813.986519
-26.8,300,814.035951
-66.7,300,814.089103
103.5,11,814.091319
-55.5,300,814.140525
-56.0,300,814.191179
-73.2,300,814.243085
102.9,12,814.245298
85.7,152,814.270632
-50.1,300,814.321459
84.3,162,814.350353
99.6,22,814.354309
-35.6,300,814.40489
43.9,276,814.450892
-43.8,300,814.503395
-27.5,300,814.552999
-29.4,300,814.603087
100.1,37,814.609134
102.7,9,814.612261
104.9,17,814.615399
-31.3,300,814.664843
-48.2,300,814.715665
-65.4,300,814.76773
100.7,17,814.771124
78.9,246,814.812521
89.7,78,814.825989
102.9,20,814.831041
102.2,13,814.833426
102.7,9,814.835296
103.1,15,814.838139
-29.0,300,814.889561
-65.9,300,814.940199
101.1,10,814.941924
-82.7,300,814.992287
104.2,19,814.997256
102.2,33,815.003055
-80.7,300,815.05436
-42.1,300,815.103906
-35.0,300,815.15599
-26.3,300,815.204743
-30.7,300,815.254685
101.3,8,815.256256
88.8,93,815.274002
-26.7,300,815.323207
-30.7,300,815.373554
-30.1,300,815.423027
-64.1,300,815.475906
-27.5,300,815.525128
-37.8,300,815.575536
-75.1,300,815.625416
-48.3,300,815.678223
-27.9,300,815.727488
-35.0,300,815.777833
102.2,13,815.780198
79.9,227,815.819566
-60.8,300,815.870067
-33.2,300,815.919782
-35.7,300,815.970091
-62.4,300,816.022029
102.4,21,816.02573
101.6,14,816.028123
-27.0,300,816.077946
-40.2,300,816.148196
-32.8,300,816.199818
74.5,172,816.228293
103.2,23,816.232361
103.7,14,816.236612
-74.5,300,816.288096
-58.1,300,816.337741
101.2,4,816.338697
-34.2,300,816.390571
-30.6,300,816.440438
80.1,182,816.470249
-32.7,300,816.520238
-56.9,300,816.571184
-30.2,300,816.640761
-53.0,300,816.693513
-26.7,300,816.748619
-26.9,300,816.801857
-43.9,300,816.852076
56.4,196,816.885044
-26.0,300,816.935709
-67.1,300,816.987677
-37.3,300,817.038079
103.5,21,817.041682
91.4,63,817.052406
-35.5,300,817.103629
-31.8,300,817.154004
102.5,20,817.157617
102.1,14,817.160387
-44.4,300,817.212286
-31.6,300,817.263097
-30.2,300,817.312363
-77.8,300,817.362964
77.7,114,817.383979
-35.7,300,817.434377
-40.1,300,817.484267
-27.1,300,817.53364
-43.7,300,817.5858
-42.6,300,817.634693
-26.6,300,817.685224
-39.6,300,817.734195
-72.6,300,817.788324
101.2,4,817.789372
-30.0,300,817.839584
-66.0,300,817.893151
-69.0,300,817.94932
-26.7,300,818.000057
-35.4,300,818.049352
-24.3,300,818.100038
-73.6,300,818.153144
51.5,225,818.191862
-29.6,300,818.241094
-28.1,300,818.291496
-31.7,300,818.342616
-69.8,300,818.393392
-30.3,300,818.44366
-63.5,300,818.494642
100.7,9,818.498243
-69.3,300,818.548715
-35.4,300,818.598821
104.5,21,818.602542
-30.7,300,818.654305
-29.5,300,818.704342
-29.5,300,818.753516
-72.3,300,818.803721
-32.1,300,818.855258
-30.2,300,818.905526
-36.6,300,818.955096
102.7,14,818.957487
-35.4,300,819.010156
102.0,11,819.012302
-30.2,300,819.061724
-40.1,300,819.111033
-77.1,300,819.163515
80.5,254,819.205317
-26.5,300,819.255665
91.5,101,819.272378
-30.4,300,819.323326
103.0,20,819.327543
-67.9,300,819.377522
-46.3,300,819.427171
-42.3,300,819.479364
-44.7,300,819.528733
-71.0,300,819.579724
-26.2,300,819.628747
-55.4,300,819.681373
-37.0,300,819.730166
-75.6,300,819.781652
-48.6,300,819.831246
-55.4,300,819.884093
101.5,6,819.885191
-67.3,300,819.934779
-45.1,300,819.985238
-30.6,300,820.03637
-25.6,300,820.086751
-73.1,300,820.136506
-66.2,300,820.187324
-29.6,300,820.238777
-77.0,300,820.289694
-29.3,300,820.338746
-29.3,300,820.388732
-29.1,300,820.440131
-26.6,300,820.490297
102.6,14,820.493124
105.1,20,820.496908
-60.8,300,820.548416
-45.0,300,820.598969
-72.3,300,820.647995
82.4,108,820.666148
-30.5,300,820.718206
102.5,19,820.721707
-29.7,300,820.770752
-71.3,300,820.821786
-74.0,300,820.873703
78.1,187,820.905066
-51.8,300,820.954583
-58.9,300,821.004529
-31.1,300,821.055902
104.1,15,821.058793
-74.7,300,821.109398
103.4,17,821.112594
-71.5,300,821.164781
103.3,13,821.167503
-30.3,300,821.217538
-26.9,300,821.26688
-61.7,300,821.318969
103.5,11,821.321038
-26.3,300,821.370126
-48.0,300,821.419949
24.7,296,821.471279
-64.5,300,821.520151
-25.5,300,821.569936
-37.5,300,821.618976
102.4,20,821.624026
83.4,202,821.658773
-59.6,300,821.708488
-29.0,300,821.75853
103.6,15,821.762826
103.4,17,821.765918
-27.4,300,821.815472
-27.2,300,821.865762
-41.0,300,821.916899
-54.3,300,821.966676
101.2,4,821.96765
-26.3,300,822.016893
-78.7,300,822.069118
54.3,283,822.116139
105.6,20,822.119765
-32.4,300,822.169684
-67.5,300,822.22165
-29.0,300,822.271501
104.0,20,822.275118
-31.0,300,822.324354
102.5,19,822.328976
-35.4,300,822.379509
37.8,280,822.426409
102.2,9,822.428476
-44.5,300,822.480481
-25.2,300,822.529594
-74.6,300,822.579717
95.6,48,822.588072
101.8,16,822.592792
-28.9,300,822.6428
102.4,20,822.646331
-37.3,300,822.696721
-71.7,300,822.748324
-30.7,300,822.799399
-28.0,300,822.85089
-26.8,300,822.901135
-77.8,300,822.953333
-29.4,300,823.003422
-30.8,300,823.05305
-57.4,300,823.102485
102.0,15,823.1066
-29.9,300,823.156112
-30.8,300,823.205878
-73.2,300,823.256005
102.4,12,823.259748
103.4,17,823.263222
-40.8,300,823.313611
104.0,21,823.317411
-31.2,300,823.368956
-58.4,300,823.419513
-78.7,300,823.469188
-75.8,300,823.519025
-30.2,300,823.569422
103.4,12,823.571691
-46.6,300,823.62028
-33.8,300,823.671174
-34.4,300,823.722463
-42.0,300,823.772467
-63.2,300,823.821555
102.9,12,823.823822
-43.5,300,823.898336
-46.8,300,823.947995
101.1,5,823.949016
-67.6,300,823.998692
-27.4,300,824.050635
-31.4,300,824.100303
-61.1,300,824.150407
-37.5,300,824.199687
-70.9,300,824.252717
-27.0,300,824.301972
-54.2,300,824.352103
-29.9,300,824.40113
-26.5,300,824.452634
-30.4,300,824.502865
-37.3,300,824.55186
-74.4,300,824.602621
-32.0,300,824.653957
-46.9,300,824.704415
98.3,38,824.711114
-38.4,300,824.760533
-75.0,300,824.813602
-43.8,300,824.863225
-33.4,300,824.913503
-49.0,300,824.963048
-29.0,300,825.015314
-80.9,300,825.065447
104.1,19,825.068665
-34.3,300,825.118922
-29.0,300,825.170438
-46.9,300,825.221137
89.9,73,825.233682
68.0,232,825.272142
-28.1,300,825.324306
-36.7,300,825.373577
-26.0,300,825.423726
-36.5,300,825.473681
96.1,69,825.48708
-25.7,300,825.537479
-26.9,300,825.586879
-53.8,300,825.637488
-28.6,300,825.688504
-27.2,300,825.738259
-31.0,300,825.787484
-34.3,300,825.837163
-50.4,300,825.888853
86.6,67,825.900371
103.0,11,825.90216
-46.7,300,825.952853
-38.4,300,826.004766
-25.0,300,826.055234
-31.6,300,826.104378
104.0,20,826.107987
97.8,33,826.115312
-33.5,300,826.166181
-26.8,300,826.215435
-42.5,300,826.266258
104.2,14,826.271767
-28.8,300,826.32092
-36.1,300,826.371015
-38.2,300,826.420074
-31.4,300,826.472118
-30.1,300,826.521409
-58.5,300,826.571888
101.6,13,826.574263
-28.8,300,826.625494
-71.1,300,826.676312
-50.2,300,826.726228
-32.3,300,826.775875
-27.8,300,826.827049
-36.2,300,826.876744
-44.4,300,826.927346
101.5,19,826.930928
-62.0,300,826.98226
102.8,21,826.986715
-31.0,300,827.036327
-45.5,300,827.085623
-26.6,300,827.137508
-50.6,300,827.187107
103.1,24,827.191302
-43.6,300,827.241816
-67.5,300,827.29362
102.8,13,827.296363
-27.1,300,827.346662
55.9,275,827.392198
-27.3,300,827.444127
-52.1,300,827.494179
-26.2,300,827.545012
-30.3,300,827.594257
103.3,17,827.599417
-81.3,300,827.650466
87.4,182,827.680215
-35.1,300,827.730562
-31.9,300,827.781848
-41.7,300,827.833433
-49.5,300,827.88322
101.9,7,827.884795
-27.7,300,827.937007
-28.8,300,827.98698
-26.3,300,828.036851
102.3,17,828.039828
104.0,16,828.04481
90.2,153,828.070227
-61.9,300,828.120157
-63.8,300,828.171154
102.6,14,828.175479
-70.8,300,828.225135
-29.5,300,828.275665
-33.7,300,828.325141
-27.6,300,828.377465
-26.6,300,828.426812
-62.6,300,828.477005
104.7,14,828.479542
-32.4,300,828.531081
-28.8,300,828.581621
-24.4,300,828.630742
-27.1,300,828.680449
-50.6,300,828.732497
102.7,14,828.735192
102.3,21,828.738703
-34.1,300,828.788614
102.7,18,828.793465
105.2,24,828.797802
102.7,9,828.799475
-29.7,300,828.848994
-35.1,300,828.900984
-36.8,300,828.950464
-69.7,300,829.001032
-27.2,300,829.050154
103.1,10,829.053705
-74.9,300,829.104665
-29.1,300,829.15424
-29.0,300,829.204569
-50.3,300,829.255556
102.4,7,829.257097
-27.6,300,829.307103
-26.6,300,829.356518
-27.6,300,829.408122
-57.8,300,829.459116
-53.4,300,829.508777
-31.9,300,829.559179
104.5,30,829.565774
-28.0,300,829.636625
105.0,16,829.63991
100.7,4,829.642044
101.4,11,829.645054
101.5,27,829.649934
-75.3,300,829.70046
-30.9,300,829.750705
-43.8,300,829.802197
-61.1,300,829.852159
104.8,18,829.855694
-42.9,300,829.904571
-46.2,300,829.956784
-59.7,300,830.006318
-27.0,300,830.056351
-29.1,300,830.105686
-26.1,300,830.157916
-34.4,300,830.207035
92.0,136,830.229453
99.2,37,830.235642
101.8,23,830.24122
-26.5,300,830.292343
-50.0,300,830.341228
-66.3,300,830.391783
102.0,19,830.396482
-34.5,300,830.44622
-29.2,300,830.496687
-29.2,300,830.545759
-39.8,300,830.598014
-47.8,300,830.647084
88.4,127,830.667875
103.1,20,830.67135
-45.6,300,830.723029
102.3,8,830.724616
-27.8,300,830.773541
-27.7,300,830.823796
103.3,17,830.828599
-50.2,300,830.878707
-37.7,300,830.929309
-27.2,300,830.978527
104.1,15,830.982922
-30.1,300,831.033746
87.3,168,831.061529
-25.7,300,831.111693
-31.3,300,831.163
92.8,129,831.184153
-34.3,300,831.234559
-75.3,300,831.284383
-46.7,300,831.337088
-46.4,300,831.386334
-35.6,300,831.436567
-27.3,300,831.485499
103.0,11,831.489196
90.3,112,831.508068
103.3,18,831.511475
-56.4,300,831.56235
-25.5,300,831.613789
102.8,21,831.61737
99.1,24,831.622366
-39.9,300,831.672279
-26.0,300,831.723476
104.9,17,831.727281
-28.6,300,831.776605
-33.2,300,831.825667
-62.5,300,831.877146
-28.1,300,831.926353
-28.0,300,831.976947
-40.4,300,832.02623
-28.4,300,832.078919
-32.3,300,832.127802
104.8,18,832.131268
-40.5,300,832.181828
-28.5,300,832.233066
-27.2,300,832.283216
102.2,13,832.285499
-27.2,300,832.33463
-29.2,300,832.387055
102.1,14,832.389564
84.9,205,832.423513
-34.2,300,832.473626
-36.0,300,832.525529
-28.9,300,832.575233
91.0,66,832.586618
-27.5,300,832.63576
103.9,12,832.639527
-34.5,300,832.690015
104.6,20,832.693552
-33.9,300,832.742734
102.5,20,832.748162
-26.6,300,832.800039
-65.9,300,832.85063
-26.8,300,832.90129
-28.5,300,832.95242
-46.0,300,833.003163
-41.8,300,833.052562
-28.8,300,833.102708
100.2,12,833.106714
105.0,21,833.110497
104.1,15,833.113581
-31.8,300,833.1631
97.1,79,833.178051
-54.4,300,833.229026
-25.5,300,833.278377
-25.5,300,833.32857
104.0,20,833.333683
-27.2,300,833.38323
-31.3,300,833.434015
-27.6,300,833.483439
-29.5,300,833.536144
104.5,16,833.539133
102.2,19,833.542602
-50.5,300,833.591932
-28.1,300,833.6446
-31.3,300,833.693909
-30.1,300,833.74456
-29.0,300,833.793671
-31.6,300,833.846451
-29.3,300,833.89586
100.7,4,833.89675
-76.7,300,833.947643
-27.2,300,833.998678
-28.2,300,834.048641
-26.5,300,834.097673
-73.0,300,834.147635
104.1,15,834.151767
-44.9,300,834.201466
101.3,12,834.203782
102.9,12,834.206006
-28.0,300,834.258056
-26.0,300,834.307764
-41.3,300,834.357948
-27.2,300,834.407137
101.5,6,834.410035
102.7,18,834.413117
100.7,9,834.415157
-28.2,300,834.465236
-25.3,300,834.516697
103.6,19,834.519898
-27.7,300,834.569927
-28.1,300,834.619493
-39.9,300,834.672205
-35.3,300,834.721471
-28.2,300,834.771329
-30.1,300,834.82091
-73.9,300,834.872264
-32.6,300,834.922413
-26.3,300,834.97133
-31.7,300,835.021698
-29.0,300,835.073224
-30.6,300,835.123596
-30.0,300,835.172465
-40.1,300,835.223285
81.3,223,835.262406
-31.0,300,835.313283
-28.7,300,835.362422
103.1,19,835.365942
-31.3,300,835.418118
-26.1,300,835.467167
-28.7,300,835.517076
102.1,14,835.519515
-28.2,300,835.570595
-45.7,300,835.620885
-26.3,300,835.66999
-30.0,300,835.720079
-53.4,300,835.771248
-28.4,300,835.819834
-79.2,300,835.871133
94.7,77,835.884334
-57.2,300,835.936768
-48.8,300,835.986171
-30.9,300,836.035958
-31.4,300,836.086011
74.4,142,836.111424
-27.1,300,836.161923
102.9,12,836.164252
101.8,17,836.167237
-35.4,300,836.218598
-29.3,300,836.268982
-26.2,300,836.31837
83.7,182,836.348977
-72.0,300,836.400456
80.5,102,836.417322
-29.2,300,836.467343
-72.8,300,836.51762
-27.2,300,836.569341
-26.6,300,836.618585
-40.6,300,836.668571
-30.4,300,836.718154
102.8,13,836.722566
100.2,21,836.72629
-54.4,300,836.776748
100.4,10,836.778546
86.3,118,836.800195
-28.5,300,836.849629
104.4,17,836.852654
-47.7,300,836.903117
99.5,17,836.90788
-72.9,300,836.958446
104.9,22,836.96255
102.7,14,836.96497
-30.8,300,837.016717
103.4,17,837.020057
-32.8,300,837.069564
-76.1,300,837.120166
-47.4,300,837.171488
-28.1,300,837.22178
88.6,75,837.234232
-34.0,300,837.283384
-48.6,300,837.336271
-32.1,300,837.38549
-60.1,300,837.435963
104.7,19,837.439587
-25.6,300,837.490515
-26.9,300,837.540891
-34.2,300,837.590198
101.9,16,837.593087
-35.9,300,837.645865
-26.8,300,837.694948
101.3,34,837.700919
-29.0,300,837.751656
-34.4,300,837.803613
79.3,229,837.843157
-44.4,300,837.892563
-29.0,300,837.942888
-48.7,300,837.994428
103.7,14,837.996847
103.4,12,837.999192
99.5,32,838.004732
-30.4,300,838.076641
-57.2,300,838.126808
-38.9,300,838.176787
-29.7,300,838.225867
-66.9,300,838.278042
-30.1,300,838.327107
-49.2,300,838.378088
-30.9,300,838.427153
-28.5,300,838.479589
104.3,23,838.483686
-45.4,300,838.532977
-54.4,300,838.583847
91.1,114,838.604725
103.6,15,838.60725
86.7,143,838.630882
-31.0,300,838.680995
101.6,18,838.685901
101.6,18,838.689129
102.9,12,838.691602
-27.8,300,838.74098
-34.1,300,838.793485
95.2,77,838.806242
-79.0,300,838.856415
-39.8,300,838.90628
-28.2,300,838.957394
-33.7,300,839.007559
99.2,28,839.012439
58.3,296,839.061026
-28.4,300,839.113377
-33.8,300,839.162527
-29.5,300,839.212876
-26.6,300,839.261862
-28.2,300,839.313862
-30.5,300,839.362718
101.5,6,839.364173
-28.5,300,839.414553
-27.6,300,839.465739
105.2,19,839.469272
104.6,15,839.471761
-28.5,300,839.521815
-73.5,300,839.574153
-32.8,300,839.624388
-30.0,300,839.673702
-27.5,300,839.723731
-28.2,300,839.774635
-30.1,300,839.824688
-56.1,300,839.874133
104.5,16,839.877043
-31.4,300,839.929787
-74.5,300,839.979795
-41.4,300,840.029689
-27.1,300,840.078091
-25.8,300,840.13009
-31.8,300,840.179464
-25.2,300,840.229254
-30.1,300,840.278466
96.1,67,840.291387
-60.5,300,840.341727
-28.4,300,840.391
-26.0,300,840.441463
103.7,18,840.446822
-28.2,300,840.49632
103.4,17,840.499306
-29.0,300,840.549129
-39.3,300,840.600399
103.8,22,840.604147
-29.7,300,840.653683
102.8,8,840.65551
-29.8,300,840.707484
-29.8,300,840.757417
101.9,20,840.761176
-28.7,300,840.810526
104.0,20,840.815593
-39.4,300,840.865425
97.2,47,840.873335
102.4,20,840.876869
-75.2,300,840.928141
-27.4,300,840.97835
-73.0,300,841.02788
103.7,19,841.031371
101.9,41,841.040551
-26.6,300,841.091032
-29.7,300,841.140237
-28.7,300,841.190503
-49.6,300,841.24201
100.6,13,841.244295
-60.8,300,841.294892
-67.5,300,841.344415
56.4,192,841.37822
-46.4,300,841.428695
-76.0,300,841.478445
-40.1,300,841.528965
-27.6,300,841.580576
103.1,10,841.582715
-26.0,300,841.633193
-25.7,300,841.68243
-29.7,300,841.734657
104.0,16,841.737547
-53.1,300,841.786782
-27.5,300,841.836662
-44.8,300,841.888546
-29.0,300,841.939106
-31.4,300,841.988727
-48.2,300,842.039118
-27.0,300,842.090296
-29.8,300,842.140684
-36.0,300,842.189809
-33.5,300,842.240017
-52.4,300,842.291762
-27.0,300,842.341777
-37.4,300,842.391602
-33.9,300,842.441345
-25.3,300,842.49243
-26.6,300,842.542297
103.9,25,842.546621
-51.4,300,842.596115
-30.8,300,842.648287
-51.9,300,842.69817
-27.7,300,842.74818
-30.1,300,842.79769
-31.6,300,842.850926
-29.6,300,842.90161
-57.7,300,842.951333
-68.3,300,843.001432
-28.0,300,843.052521
-25.9,300,843.10262
-30.0,300,843.151833
-29.6,300,843.202069
-27.0,300,843.254547
-28.7,300,843.307065
-30.4,300,843.356429
-37.4,300,843.406984
104.7,19,843.412089
-43.3,300,843.462277
104.2,14,843.464698
-27.2,300,843.514891
-39.6,300,843.565987
100.8,3,843.566868
-52.1,300,843.617524
-44.3,300,843.666903
-26.8,300,843.719557
81.1,210,843.754412
-26.0,300,843.804158
102.4,16,843.807123
-30.1,300,843.857972
-28.5,300,843.907003
-60.3,300,843.957855
-27.6,300,844.007018
-29.8,300,844.059416
104.3,13,844.061818
-73.5,300,844.111579
83.6,225,844.14963
94.7,88,844.166564
-34.4,300,844.215854
-27.0,300,844.266193
99.1,30,844.271606
-27.5,300,844.32289
-29.7,300,844.373057
-27.1,300,844.422385
-30.4,300,844.472524
96.0,70,844.486221
-46.7,300,844.53683
-30.2,300,844.586288
80.8,223,844.622982
102.3,17,844.627581
-31.0,300,844.678275
-31.3,300,844.727275
73.9,280,844.774243
-28.1,300,844.825622
-26.2,300,844.876085
-27.1,300,844.925214
-29.2,300,844.975023
103.8,22,844.980739
-34.0,300,845.029956
-62.7,300,845.080291
83.5,186,845.111002
104.3,18,845.115936
-29.7,300,845.166714
-28.0,300,845.21634
-27.6,300,845.265281
104.2,14,845.26953
102.8,8,845.271142
-30.2,300,845.32128
-30.9,300,845.370565
-34.8,300,845.423066
-48.9,300,845.474972
-64.9,300,845.527571
-27.9,300,845.578024
-26.7,300,845.631319
-28.6,300,845.680456
-28.6,300,845.731051
-73.0,300,845.780935
-29.0,300,845.834222
-43.6,300,845.885681
-51.2,300,845.93999
-28.5,300,845.991189
-29.6,300,846.043343
-27.5,300,846.092517
-41.6,300,846.143036
103.7,14,846.145835
-30.1,300,846.196978
-56.7,300,846.268561
-48.9,300,846.317276
-28.5,300,846.367244
-41.9,300,846.417973
-29.9,300,846.468105
-28.8,300,846.516678
104.3,23,846.520363
102.7,27,846.526709
-70.6,300,846.577626
-43.4,300,846.627038
-29.8,300,846.677934
-29.1,300,846.729524
-29.0,300,846.779782
-28.4,300,846.828934
-63.5,300,846.8805
-30.4,300,846.933876
-27.7,300,846.986593
103.0,15,846.989566
98.0,35,846.995663
-55.7,300,847.049208
-40.9,300,847.101344
-72.7,300,847.152854
-30.2,300,847.20451
-29.0,300,847.255656
-27.1,300,847.306201
-46.0,300,847.355558
103.0,20,847.359173
-26.7,300,847.411912
-29.2,300,847.465029
-30.2,300,847.517891
-55.0,300,847.56899
101.5,15,847.573926
-64.7,300,847.625627
-29.4,300,847.6751
-27.0,300,847.725862
103.1,10,847.729532
104.7,14,847.731953
-32.1,300,847.782611
-29.5,300,847.8342
100.8,3,847.836933
-71.4,300,847.888781
-30.2,300,847.938593
-28.6,300,847.987959
103.3,21,847.993799
-30.2,300,848.044676
-29.4,300,848.097021
95.0,70,848.109745
-45.6,300,848.163765
-30.1,300,848.215722
-60.1,300,848.267007
-31.3,300,848.31717
-27.9,300,848.368655
-38.4,300,848.419
-35.8,300,848.468907
-70.2,300,848.519112
-27.5,300,848.570072
-35.3,300,848.619243
-65.3,300,848.670377
-45.4,300,848.719728
-42.3,300,848.773058
-29.0,300,848.822045
104.5,16,848.824987
102.1,39,848.832427
-28.5,300,848.883767
-29.0,300,848.933362
-32.0,300,848.983787
-30.5,300,849.032765
-39.7,300,849.08577
-44.1,300,849.134644
-38.4,300,849.185006
-60.6,300,849.233929
-28.5,300,849.285855
91.7,122,849.305977
102.9,12,849.308231
-30.3,300,849.357989
-32.8,300,849.408942
-35.1,300,849.458221
-28.0,300,849.508567
-39.9,300,849.557053
-33.3,300,849.609651
103.1,10,849.611794
-46.7,300,849.66086
-74.1,300,849.711506
-55.6,300,849.76297
-50.4,300,849.81302
-38.8,300,849.861941
-45.1,300,849.911863
102.3,12,849.91604
-30.9,300,849.965262
-27.8,300,850.0153
-28.0,300,850.064767
91.1,135,850.088739
-28.2,300,850.13844
-27.0,300,850.18751
100.8,33,850.193461
-30.0,300,850.244959
81.6,148,850.269373
-26.1,300,850.319333
-66.3,300,850.368647
101.1,13,850.372816
-27.9,300,850.423581
102.5,24,850.4278
81.6,87,850.442912
102.4,20,850.447988
102.4,12,850.450277
-70.5,300,850.500781
-67.9,300,850.55144
-29.6,300,850.602986
-34.2,300,850.653283
105.1,20,850.656894
101.2,12,850.659133
-72.3,300,850.710666
94.1,41,850.717602
-52.8,300,850.767781
-27.3,300,850.817151
-31.0,300,850.869302
-28.6,300,850.918587
-42.8,300,850.969072
89.9,142,850.992453
-35.5,300,851.045235
-30.0,300,851.096319
-33.7,300,851.148583
101.8,16,851.152068
-27.4,300,851.205138
-27.4,300,851.25732
-29.1,300,851.308775
101.1,18,851.312348
101.7,9,851.316121
-29.9,300,851.36857
-29.1,300,851.419314
-53.3,300,851.471827
-38.0,300,851.525199
-30.2,300,851.57766
-35.9,300,851.62922
-55.0,300,851.682726
-34.8,300,851.736573
99.8,19,851.740282
-38.6,300,851.792759
62.2,218,851.829616
104.0,16,851.834759
102.0,19,851.838422
85.5,181,851.869159
96.9,42,851.876698
-27.2,300,851.930229
100.8,34,851.936224
-68.9,300,851.988617
80.8,188,852.020969
-29.3,300,852.074378
-28.5,300,852.126042
34.1,271,852.193375
-27.2,300,852.245245
-40.8,300,852.298195
-30.5,300,852.349851
-26.7,300,852.398937
-32.1,300,852.449747
-27.7,300,852.50104
-29.7,300,852.551459
-29.2,300,852.6008
102.8,17,852.603768
-27.2,300,852.660557
-32.3,300,852.713438
-25.4,300,852.772189
-26.6,300,852.83417
-38.5,300,852.893732
-64.2,300,852.954624
96.4,102,852.973209
-29.0,300,853.027268
-27.2,300,853.089865
-29.0,300,853.151227
-36.2,300,853.210237
-28.2,300,853.267057
-27.7,300,853.326894
-31.4,300,853.386562
-54.3,300,853.438307
-29.8,300,853.489415
-28.0,300,853.541472
-76.6,300,853.59298
-34.1,300,853.642294
-27.3,300,853.692399
84.0,178,853.723923
-26.4,300,853.772658
102.9,16,853.775577
-59.6,300,853.825991
-50.4,300,853.877802
-27.2,300,853.928211
-33.0,300,853.977586
103.8,17,853.980925
102.3,28,853.987641
105.2,19,853.99177
100.9,14,853.994554
77.1,264,854.038697
-28.0,300,854.090165
63.3,176,854.120213
-30.6,300,854.169613
-44.8,300,854.21997
-66.7,300,854.27127
104.0,16,854.274208
-25.3,300,854.324295
-48.8,300,854.373692
-29.9,300,854.425727
101.2,17,854.428683
104.7,19,854.432319
-63.7,300,854.481211
-27.2,300,854.532961
-32.8,300,854.581911
-57.5,300,854.631904
102.1,18,854.63501
77.1,199,854.671231
102.6,10,854.673419
-28.3,300,854.725763
28.9,287,854.785042
-28.5,300,854.839452
101.7,17,854.842866
-55.9,300,854.892492
-47.8,300,854.943121
-29.0,300,854.99451
-26.0,300,855.046535
-29.4,300,855.097837
-28.0,300,855.149951
-44.0,300,855.203445
-31.5,300,855.254199
-34.2,300,855.3044
-26.5,300,855.354765
-27.0,300,855.406705
-67.9,300,855.457446
-70.2,300,855.507492
103.7,19,855.51061
-27.2,300,855.563127
-29.6,300,855.612768
102.4,12,855.615026
-28.5,300,855.664907
-60.6,300,855.716316
-27.0,300,855.765058
-76.1,300,855.815519
-47.1,300,855.864942
-69.8,300,855.917974
-33.1,300,855.96693
84.8,185,855.998754
-30.5,300,856.047578
-30.0,300,856.100066
98.5,54,856.108964
-28.1,300,856.157667
-27.7,300,856.207768
-32.8,300,856.259132
-25.0,300,856.309174
82.7,115,856.328702
101.0,10,856.330482
-37.8,300,856.382229
-75.9,300,856.433315
-29.5,300,856.482651
105.0,16,856.485587
-60.9,300,856.538145
103.1,19,856.541723
-30.9,300,856.590872
101.9,15,856.593725
78.4,231,856.634636
-26.3,300,856.683534
85.8,181,856.713785
103.5,16,856.716822
-30.8,300,856.768312
103.8,23,856.772437
103.6,19,856.775571
-46.7,300,856.825984
-46.6,300,856.877146
-26.7,300,856.926865
-28.4,300,856.976505
87.5,139,856.999789
-41.4,300,857.052482
-43.1,300,857.102039
-29.1,300,857.152553
99.5,38,857.159092
-55.7,300,857.210242
97.8,37,857.216509
-53.6,300,857.267417
-54.7,300,857.317047
-36.8,300,857.369602
-75.0,300,857.418976
-27.1,300,857.469168
-31.0,300,857.518464
79.7,109,857.538898
-25.0,300,857.589448
-27.5,300,857.638649
-34.1,300,857.689107
-28.2,300,857.740299
-49.0,300,857.790933
-69.4,300,857.841429
-32.9,300,857.891978
-66.9,300,857.944348
-62.2,300,857.994538
-28.2,300,858.044164
104.2,18,858.047645
-62.0,300,858.100526
103.2,14,858.103005
99.6,16,858.105833
-28.9,300,858.155166
102.7,9,858.158184
-28.3,300,858.208947
-28.5,300,858.258425
-29.5,300,858.308703
-29.2,300,858.360341
-26.2,300,858.410023
-41.6,300,858.459722
-28.2,300,858.509556
-30.3,300,858.560887
-26.0,300,858.610792
-28.7,300,858.660478
-33.8,300,858.709749
-30.1,300,858.761909
-28.5,300,858.810855
103.6,15,858.813719
-38.0,300,858.863942
86.9,162,858.892347
-27.0,300,858.942718
-27.7,300,858.992167
-34.1,300,859.042491
-61.7,300,859.094186
-28.7,300,859.144121
-29.4,300,859.193333
104.4,17,859.196377
-31.4,300,859.248754
-32.7,300,859.298214
-28.5,300,859.347598
-28.4,300,859.396938
-29.0,300,859.448141
77.4,239,859.50928
-41.8,300,859.559477
-27.7,300,859.609203
-27.4,300,859.660475
-28.5,300,859.711321
-26.6,300,859.761127
-30.2,300,859.812092
-39.7,300,859.863972
-30.2,300,859.914625
-27.1,300,859.964371
-30.9,300,860.015066
-34.9,300,860.067902
103.2,22,860.071718
102.6,18,860.075206
-28.5,300,860.125738
-28.5,300,860.177672
103.8,18,860.180734
-27.5,300,860.23139
-41.4,300,860.280992
-25.8,300,860.333151
-28.7,300,860.382359
-50.8,300,860.433796
-27.6,300,860.483467
-26.0,300,860.536174
-56.9,300,860.585892
-26.1,300,860.636304
-36.2,300,860.685808
-29.8,300,860.738249
-37.3,300,860.787501
103.9,17,860.790422
102.7,17,860.793698
-26.5,300,860.845784
-29.4,300,860.895059
99.4,21,860.898749
97.1,49,860.906774
-28.8,300,860.959458
-28.7,300,861.008539
81.6,200,861.042505
-27.2,300,861.091698
64.3,236,861.133184
-27.4,300,861.182615
99.8,35,861.188686
105.5,21,861.192347
-54.3,300,861.244974
-33.9,300,861.294337
100.5,21,861.298037
66.2,287,861.345532
-26.8,300,861.39622
-43.0,300,861.44536
70.5,182,861.476813
-28.6,300,861.525561
-58.4,300,861.578416
-29.0,300,861.627744
-29.5,300,861.677855
-29.1,300,861.726802
96.4,56,861.73828
103.2,14,861.740649
-27.7,300,861.791013
-28.0,300,861.840585
81.2,233,861.88143
-31.7,300,861.931631
-27.6,300,861.983184
-29.5,300,862.033804
-57.8,300,862.088585
-61.7,300,862.13961
-77.9,300,862.191549
-26.6,300,862.242552
99.8,27,862.249113
-29.0,300,862.30038
-29.6,300,862.35111
103.3,13,862.353523
-37.8,300,862.406415
-32.7,300,862.456612
-27.1,300,862.507506
-29.3,300,862.55778
-28.5,300,862.610371
-33.0,300,862.661067
103.2,14,862.663952
-42.0,300,862.71461
104.1,19,862.719611
-42.3,300,862.771126
105.0,16,862.774232
58.3,219,862.810755
-33.0,300,862.866987
-35.4,300,862.917025
-49.0,300,862.967942
-67.5,300,863.019852
-28.3,300,863.106315
-29.8,300,863.158542
-30.7,300,863.210138
-30.1,300,863.26118
-27.2,300,863.314015
-29.1,300,863.365247
-30.4,300,863.415339
-61.5,300,863.466966
101.6,14,863.471679
-30.7,300,863.522016
-29.2,300,863.572652
-38.6,300,863.622349
-46.2,300,863.674784
-54.2,300,863.724829
103.6,15,863.727718
100.6,17,863.730984
105.0,16,863.735849
-29.5,300,863.788163
-30.0,300,863.838224
-26.9,300,863.888723
-48.0,300,863.94055
-27.6,300,863.990999
-54.2,300,864.041048
-28.7,300,864.091102
-35.3,300,864.142115
103.7,18,864.145235
-27.7,300,864.195921
-28.2,300,864.245518
-56.9,300,864.298435
-31.3,300,864.348257
-30.1,300,864.398772
-37.3,300,864.448481
-32.2,300,864.500634
101.8,16,864.503662
-33.3,300,864.553568
-41.4,300,864.603914
-28.0,300,864.655527
-26.1,300,864.705308
-41.3,300,864.755219
-42.6,300,864.804359
-30.3,300,864.856307
-28.5,300,864.905728
-34.2,300,864.956233
102.1,23,864.960326
-80.9,300,865.012469
-29.6,300,865.063712
103.1,19,865.067259
-65.9,300,865.117138
-27.5,300,865.169148
105.0,21,865.172772
-58.4,300,865.222755
-30.3,300,865.273346
-74.1,300,865.324535
-36.6,300,865.375531
-60.9,300,865.425303
102.9,12,865.427531
104.1,19,865.432806
-30.9,300,865.483378
-34.8,300,865.532886
-72.4,300,865.583706
-54.1,300,865.635299
-60.6,300,865.686159
66.7,154,865.711839
103.4,17,865.715159
-63.7,300,865.768231
102.9,20,865.771874
-47.4,300,865.821524
-37.1,300,865.87297
103.5,20,865.878178
94.1,44,865.885896
-29.6,300,865.935695
-28.0,300,865.986221
101.7,17,865.990684
-50.0,300,866.041062
-42.4,300,866.092245
-38.9,300,866.141738
80.0,225,866.18202
-27.3,300,866.231204
-30.6,300,866.280626
-26.6,300,866.330327
-51.7,300,866.381736
-28.5,300,866.4322
84.7,183,866.462128
-28.0,300,866.512333
-27.6,300,866.563716
-28.3,300,866.614186
63.9,172,866.642389
-28.4,300,866.712088
-71.8,300,866.764288
-29.6,300,866.814245
-28.7,300,866.863509
-44.5,300,866.912463
-28.5,300,866.963897
-28.1,300,867.012644
88.8,148,867.038199
103.3,18,867.041229
-28.7,300,867.092934
-25.6,300,867.143445
-69.6,300,867.193505
-32.4,300,867.243715
91.1,79,867.258601
-33.4,300,867.308392
-26.7,300,867.358795
-31.8,300,867.408087
97.9,50,867.418287
-29.0,300,867.46889
102.1,14,867.47134
-24.6,300,867.520535
103.3,21,867.525866
-27.7,300,867.576234
-60.0,300,867.625834
-55.4,300,867.676595
-24.3,300,867.727793
99.9,52,867.736499
-29.2,300,867.787193
-29.0,300,867.838192
-27.1,300,867.891117
102.3,8,867.892725
-29.3,300,867.942166
-27.8,300,867.992293
-31.4,300,868.043609
103.7,14,868.0464
-29.5,300,868.096695
-27.1,300,868.146173
-28.5,300,868.198442
101.2,12,868.200722
103.5,16,868.203696
101.6,13,868.206016
-29.6,300,868.256923
-38.0,300,868.307412
-27.7,300,868.356265
-37.4,300,868.406315
104.6,15,868.410692
-26.3,300,868.460721
103.9,21,868.464327
-29.5,300,868.514696
-27.2,300,868.566672
-28.3,300,868.617088
-45.7,300,868.665667
-29.8,300,868.714681
-27.3,300,868.765975
-57.5,300,868.815822
-49.1,300,868.865735
-27.5,300,868.915636
103.3,17,868.920154
-33.0,300,868.96967
-62.2,300,869.019943
99.4,32,869.025657
-29.0,300,869.077422
102.5,15,869.080293
-68.9,300,869.130727
87.0,158,869.157034
59.9,269,869.203344
-36.3,300,869.253389
-29.6,300,869.30264
-27.8,300,869.352424
-32.9,300,869.403646
84.6,177,869.432518
-26.6,300,869.483157
-29.2,300,869.532196
-37.2,300,869.584401
102.7,9,869.586098
-28.7,300,869.63529
80.6,224,869.673299
-34.6,300,869.724858
47.6,236,869.764807
-28.5,300,869.813958
-27.1,300,869.863626
-30.4,300,869.915326
-38.0,300,869.965175
82.8,192,869.997259
-28.5,300,870.046097
90.3,133,870.070538
-44.6,300,870.120228
-28.7,300,870.169267
-31.3,300,870.219659
-46.7,300,870.270861
-31.2,300,870.321244
-42.5,300,870.370879
-27.5,300,870.421276
102.2,17,870.425656
80.4,211,870.460882
102.5,15,870.463476
103.1,23,870.467532
-27.9,300,870.519409
-35.3,300,870.568525
-56.1,300,870.619317
-30.2,300,870.668606
-40.0,300,870.72096
-35.0,300,870.770405
104.9,17,870.773373
101.6,14,870.776091
-26.7,300,870.828462
103.1,19,870.832174
-28.7,300,870.881547
97.8,57,870.890986
-27.5,300,870.943209
-27.5,300,870.99258
102.9,12,870.994741
-67.9,300,871.045731
-53.3,300,871.097293
-30.9,300,871.147572
-28.5,300,871.197108
-27.2,300,871.247586
102.0,15,871.251961
102.6,10,871.253743
86.4,169,871.282025
-42.4,300,871.331553
-28.7,300,871.382691
-29.9,300,871.431731
-24.7,300,871.481655
-29.4,300,871.530782
-42.7,300,871.582894
-27.5,300,871.631915
-30.6,300,871.682025
-35.4,300,871.731201
-27.2,300,871.783868
89.1,71,871.795915
-42.8,300,871.845073
-62.5,300,871.896211
-40.7,300,871.947265
-32.9,300,871.997453
-32.0,300,872.046712
102.7,18,872.050204
-31.1,300,872.102252
-25.6,300,872.1515
-33.2,300,872.201865
-26.1,300,872.250799
97.4,63,872.263394
-36.9,300,872.313784
103.6,19,872.317298
103.2,14,872.32007
102.9,12,872.323729
-30.0,300,872.37339
-30.0,300,872.42399
-75.8,300,872.472873
-27.2,300,872.526007
-49.0,300,872.575475
-31.3,300,872.626124
-29.7,300,872.675134
-29.0,300,872.727482
-34.0,300,872.776798
-30.4,300,872.82853
-29.5,300,872.878778
-29.7,300,872.931374
-33.5,300,872.980833
-27.7,300,873.031048
-73.9,300,873.080302
-68.7,300,873.132747
-31.4,300,873.181589
-40.6,300,873.23133
-29.4,300,873.280395
-44.2,300,873.332276
-32.2,300,873.381737
-37.9,300,873.430951
-27.1,300,873.481232
-36.0,300,873.532947
101.6,13,873.535284
-31.6,300,873.585384
101.4,15,873.588223
-28.3,300,873.639201
101.9,16,873.642067
-41.5,300,873.692514
-27.6,300,873.741404
-28.2,300,873.793425
-28.0,300,873.842583
-27.8,300,873.893237
-32.8,300,873.942606
-31.8,300,873.99503
103.0,11,873.996969
-40.6,300,874.046502
102.6,10,874.048615
-32.1,300,874.100904
-34.3,300,874.150406
-36.9,300,874.200581
96.0,34,874.206391
-46.5,300,874.258329
-30.2,300,874.308339
-68.9,300,874.35819
-28.7,300,874.408194
98.8,22,874.413717
-27.5,300,874.463253
-42.1,300,874.513632
-28.7,300,874.562584
-28.5,300,874.614595
102.2,17,874.617638
-32.1,300,874.666495
-29.9,300,874.716506
-27.4,300,874.768124
-29.8,300,874.818396
-54.5,300,874.867851
-26.8,300,874.917559
-28.1,300,874.968873
73.3,136,874.9917
-30.5,300,875.04195
-42.6,300,875.091393
-48.4,300,875.144612
85.9,210,875.179726
-28.1,300,875.229708
-28.0,300,875.279348
-27.8,300,875.330382
-71.0,300,875.381292
92.3,105,875.398604
102.7,9,875.400205
-50.2,300,875.472562
103.8,18,875.475995
-79.5,300,875.52583
-28.0,300,875.576261
-66.4,300,875.628192
-29.0,300,875.679028
102.6,18,875.682147
-26.6,300,875.731887
-27.6,300,875.784504
-30.1,300,875.834082
101.2,17,875.837021
-28.4,300,875.887383
-38.2,300,875.938978
-33.1,300,875.989247
-38.9,300,876.038538
-39.0,300,876.088458
102.9,12,876.092236
-28.6,300,876.142067
-36.3,300,876.192073
-31.0,300,876.242038
103.3,13,876.246179
-29.9,300,876.296775
-37.6,300,876.346246
103.2,34,876.351873
-33.1,300,876.404632
-53.0,300,876.454465
-27.6,300,876.504409
102.3,12,876.506767
-30.6,300,876.558282
-30.5,300,876.608543
-69.1,300,876.658428
-29.0,300,876.707865
-37.7,300,876.759212
-72.9,300,876.808874
103.2,14,876.811645
-29.4,300,876.861877
-61.4,300,876.912937
89.2,132,876.936043
42.1,288,876.983629
-51.9,300,877.033893
74.1,285,877.082547
100.4,10,877.084332
104.2,18,877.087756
-31.2,300,877.137583
-26.6,300,877.18923
-29.7,300,877.238982
-30.1,300,877.288656
-27.5,300,877.337291
-41.1,300,877.389234
-53.9,300,877.438523
102.9,16,877.441436
-30.9,300,877.491809
-57.5,300,877.543443
-50.9,300,877.594426
-27.1,300,877.643465
71.8,148,877.669065
-33.1,300,877.720047
103.8,13,877.72241
79.9,136,877.745081
-32.3,300,877.795199
-31.9,300,877.847888
97.5,71,877.859887
-49.6,300,877.911174
-69.8,300,877.961257
-34.3,300,878.014022
-28.9,300,878.063315
-69.8,300,878.113865
88.5,125,878.134541
-30.1,300,878.185992
102.2,13,878.188641
-30.4,300,878.238072
-51.1,300,878.288192
-60.3,300,878.341064
90.9,74,878.353604
-25.5,300,878.403784
100.8,3,878.404628
-29.0,300,878.455964
102.8,13,878.458311
-31.4,300,878.508393
-27.3,300,878.558028
86.1,190,878.590602
-34.5,300,878.641035
49.1,273,878.686601
-42.5,300,878.737465
-66.0,300,878.789263
79.8,247,878.830739
102.7,18,878.834154
-60.2,300,878.883763
100.8,3,878.886097
101.1,13,878.888525
101.2,39,878.89525
-29.8,300,878.946341
-29.5,300,878.997871
-25.9,300,879.048746
-29.2,300,879.097991
102.4,7,879.099172
101.4,15,879.10353
-72.0,300,879.155106
-29.0,300,879.204156
-33.2,300,879.254633
-68.2,300,879.305993
-36.4,300,879.356422
100.6,25,879.360692
-32.1,300,879.409838
-28.1,300,879.461801
-75.8,300,879.511627
-32.3,300,879.56175
-28.4,300,879.611032
-27.7,300,879.662968
104.2,19,879.666478
-30.7,300,879.715798
-29.0,300,879.765407
-27.4,300,879.816997
86.9,167,879.844448
-27.1,300,879.89433
-66.6,300,879.943636
-62.4,300,879.996152
-30.7,300,880.045267
-43.1,300,880.095508
97.5,81,880.10883
103.8,18,880.113699
-43.8,300,880.163139
-49.4,300,880.21366
-30.0,300,880.262837
51.5,207,880.300081
-29.1,300,880.349209
-33.8,300,880.399131
-30.4,300,880.448896
-43.9,300,880.501149
-30.0,300,880.550631
-30.7,300,880.600348
-29.2,300,880.649626
-67.3,300,880.702075
-26.5,300,880.751964
-49.5,300,880.802445
-29.2,300,880.852125
-40.6,300,880.9028
-33.0,300,880.953011
-45.8,300,881.001921
-45.1,300,881.052056
-32.6,300,881.102688
102.9,16,881.105602
-69.6,300,881.155894
100.6,5,881.157275
-31.7,300,881.208702
-29.2,300,881.258787
-29.1,300,881.308325
-30.6,300,881.358679
-29.3,300,881.409599
-29.2,300,881.46003
-28.2,300,881.509446
-31.2,300,881.55958
-30.7,300,881.610972
-31.0,300,881.6608
100.8,3,881.661308
-39.5,300,881.71068
76.0,147,881.737277
-26.1,300,881.787845
-30.2,300,881.836768
102.9,12,881.839056
-28.1,300,881.890807
-57.3,300,881.940299
-41.6,300,881.990915
103.6,15,881.993746
-67.1,300,882.046133
-28.2,300,882.096346
-69.1,300,882.146245
-30.6,300,882.197007
-43.0,300,882.247949
103.0,11,882.250173
-27.0,300,882.300417
-28.7,300,882.349401
-36.4,300,882.402236
92.1,59,882.411998
-28.8,300,882.461229
-28.0,300,882.511536
96.9,51,882.521921
-26.9,300,882.571309
-27.1,300,882.621584
-41.4,300,882.670888
104.1,15,882.675178
-46.8,300,882.725758
-27.4,300,882.775412
-27.6,300,882.829176
104.1,15,882.834072
-55.3,300,882.884927
-35.9,300,882.93541
-66.0,300,882.985851
-30.6,300,883.037875
-38.4,300,883.087177
83.9,105,883.104624
-72.3,300,883.155626
-29.0,300,883.207035
-45.8,300,883.257102
-29.0,300,883.306092
92.8,65,883.316964
-64.0,300,883.369202
-30.7,300,883.418482
102.2,17,883.421442
-30.3,300,883.474367
94.0,49,883.484794
-74.5,300,883.535767
-28.2,300,883.585319
-27.5,300,883.633989
-31.0,300,883.685679
-34.8,300,883.734911
102.7,9,883.73657
-44.2,300,883.787207
-28.1,300,883.838084
-30.4,300,883.888296
-31.5,300,883.937368
-30.3,300,883.987338
-39.0,300,884.038766
-30.4,300,884.088402
-27.9,300,884.137313
-81.2,300,884.187769
-27.7,300,884.258394
-69.2,300,884.30934
-28.5,300,884.35861
-28.2,300,884.408608
101.5,14,884.412757
-28.3,300,884.462224
-29.7,300,884.512523
-30.0,300,884.561883
-45.3,300,884.614522
-26.7,300,884.66326
92.8,59,884.673673
-26.5,300,884.723893
-36.0,300,884.774694
-72.8,300,884.82561
-31.7,300,884.87478
-31.1,300,884.924825
-32.5,300,884.975978
102.9,16,884.97895
-32.6,300,885.028738
-30.4,300,885.077654
-39.5,300,885.12978
103.0,11,885.132026
-50.9,300,885.18116
-27.5,300,885.231371
-32.3,300,885.282356
-32.1,300,885.332462
-34.8,300,885.382107
-55.7,300,885.431713
-29.2,300,885.482983
-29.5,300,885.531935
-29.1,300,885.582565
-28.9,300,885.631736
-26.1,300,885.683754
82.6,113,885.702436
-27.6,300,885.751797
-29.7,300,885.801371
-35.3,300,885.853848
-53.5,300,885.903709
-31.6,300,885.952641
-42.8,300,886.003239
-30.1,300,886.054517
-25.4,300,886.104884
90.8,113,886.123553
-43.4,300,886.173281
-28.5,300,886.224069
-57.7,300,886.272725
-56.3,300,886.322844
-28.8,300,886.372286
54.3,215,886.411051
-43.9,300,886.460663
102.5,15,886.46354
-30.4,300,886.51343
-27.5,300,886.564277
-29.0,300,886.614486
102.1,10,886.616241
98.6,65,886.627257
-49.1,300,886.678553
68.3,202,886.712727
-74.6,300,886.762158
75.0,122,886.782893
103.4,12,886.786533
97.2,92,886.802186
-81.9,300,886.853445
-64.8,300,886.903016
-26.6,300,886.955101
104.4,17,886.958122
-30.4,300,887.007075
102.3,17,887.010771
-65.4,300,887.062446
-28.9,300,887.111873
-30.0,300,887.162078
-30.3,300,887.211339
103.2,18,887.216277
-27.2,300,887.266716
-29.8,300,887.316092
-32.5,300,887.366174
-66.7,300,887.41868
79.4,213,887.454922
-48.1,300,887.504583
86.4,178,887.53362
-33.9,300,887.585636
99.4,27,887.590408
-62.2,300,887.639683
-39.2,300,887.689881
-31.5,300,887.741261
-34.5,300,887.791534
90.8,51,887.800421
93.9,59,887.810393
-57.9,300,887.864416
102.6,25,887.868719
101.5,11,887.870894
-36.8,300,887.92059
74.5,285,887.970041
-29.3,300,888.019695
-84.1,300,888.07083
-55.5,300,888.120571
-35.0,300,888.172461
98.7,51,888.181385
-30.4,300,888.230918
104.1,19,888.234062
105.2,19,888.239052
-26.1,300,888.289539
-29.0,300,888.33905
-30.0,300,888.388719
-51.8,300,888.440276
-27.3,300,888.490325
-53.1,300,888.540078
-31.5,300,888.589738
-44.6,300,888.641944
-78.1,300,888.691903
-73.3,300,888.742723
-47.1,300,888.791929
-35.6,300,888.843847
-69.1,300,888.89354
-26.3,300,888.944126
-38.1,300,888.993423
80.2,258,889.039127
103.2,18,889.04223
-27.0,300,889.091514
-59.4,300,889.141807
-38.0,300,889.193146
-41.7,300,889.243401
-31.1,300,889.292605
-27.6,300,889.342557
-52.3,300,889.394409
104.0,20,889.398119
-40.9,300,889.448774
-29.0,300,889.498332
-27.8,300,889.550686
-53.0,300,889.600343
-29.5,300,889.65028
-29.3,300,889.699783
-29.5,300,889.75186
99.0,31,889.757432
-38.0,300,889.806751
-43.9,300,889.856826
-76.0,300,889.90989
-26.1,300,889.960006
-29.2,300,890.009588
104.1,19,890.013172
-45.2,300,890.065606
95.5,34,890.071518
-70.6,300,890.121253
102.2,17,890.124283
-25.6,300,890.176601
-27.8,300,890.225818
-30.1,300,890.275933
-40.8,300,890.3261
101.5,14,890.330725
-31.1,300,890.380693
-51.9,300,890.430827
-49.2,300,890.479983
103.3,21,890.485728
95.4,92,890.501665
-28.5,300,890.550586
53.7,290,890.599592
101.5,6,890.6024
-26.1,300,890.652326
103.2,19,890.655792
-29.5,300,890.70565
-34.3,300,890.756704
-45.4,300,890.807344
-29.6,300,890.857058
102.2,17,890.860113
-27.3,300,890.912227
-34.2,300,890.962031
-29.7,300,891.011017
100.8,38,891.018406
64.6,140,891.044141
104.7,14,891.046766
82.7,188,891.077898
-29.0,300,891.12789
101.7,17,891.132484
-33.3,300,891.182287
-37.2,300,891.232283
-29.7,300,891.281942
104.8,18,891.28705
-32.6,300,891.337565
-32.7,300,891.387108
-27.2,300,891.437415
-29.1,300,891.488321
-32.0,300,891.538611
-77.4,300,891.589136
-74.8,300,891.63867
102.0,11,891.643006
-27.1,300,891.692533
-34.6,300,891.741972
-29.0,300,891.792397
103.9,12,891.796498
97.3,69,891.807882
102.3,12,891.810108
-49.9,300,891.861091
-30.2,300,891.912459
-29.5,300,891.962283
100.6,26,891.966912
-29.3,300,892.016404
104.0,20,892.021727
-59.6,300,892.072701
-28.5,300,892.121615
99.2,27,892.126394
101.7,9,892.129535
-41.0,300,892.180431
-27.5,300,892.229925
-43.0,300,892.280179
102.9,16,892.284616
-34.8,300,892.334421
102.4,12,892.33674
-26.9,300,892.386619
101.8,48,892.396674
-31.8,300,892.446576
103.4,12,892.448853
-29.7,300,892.499021
102.7,14,892.503211
104.1,20,892.506775
-28.0,300,892.556108
90.4,52,892.565073
-31.9,300,892.617496
89.9,162,892.64398
103.8,21,892.648058
-27.6,300,892.697928
93.9,77,892.715315
-30.3,300,892.782791
-25.9,300,892.833745
-29.5,300,892.883409
104.0,20,892.888621
-26.9,300,892.939328
-29.2,300,892.988799
-32.3,300,893.038925
-28.7,300,893.090221
97.6,50,893.098533
-30.6,300,893.148895
-29.2,300,893.197698
-58.8,300,893.250183
-75.7,300,893.3002
-46.8,300,893.350624
-36.3,300,893.399522
-41.0,300,893.451796
-80.4,300,893.5019
-84.2,300,893.552674
-39.7,300,893.60194
-30.9,300,893.654414
-49.7,300,893.703765
-60.0,300,893.753503
-32.7,300,893.80246
-35.1,300,893.854244
-32.9,300,893.90318
-43.9,300,893.953186
-42.2,300,894.00277
-45.9,300,894.054425
-30.1,300,894.104583
97.1,47,894.112645
-29.7,300,894.161633
104.6,15,894.166588
-69.6,300,894.21583
-73.5,300,894.265456
-36.1,300,894.315874
-34.5,300,894.367404
-28.5,300,894.417707
-51.9,300,894.466729
102.4,12,894.469025
-28.7,300,894.521056
-34.4,300,894.570465
-79.1,300,894.621439
-30.3,300,894.670787
102.8,17,894.675314
-73.8,300,894.726065
102.5,15,894.729139
-28.7,300,894.778359
-35.5,300,894.831235
102.2,18,894.834327
-65.7,300,894.883596
-29.7,300,894.934112
-31.0,300,894.984729
-28.7,300,895.034953
-50.0,300,895.084029
-28.0,300,895.133849
-33.2,300,895.185372
-35.7,300,895.235812
-36.3,300,895.285229
101.1,10,895.287299
-30.1,300,895.339305
-55.9,300,895.388825
-26.0,300,895.438845
-32.7,300,895.488467
102.8,21,895.49369
84.7,81,895.507568
-38.9,300,895.558269
-30.3,300,895.60734
102.5,17,895.612415
-56.5,300,895.663521
-29.7,300,895.712594
-70.9,300,895.762772
-29.4,300,895.813853
-50.9,300,895.864797
99.9,17,895.867765
-77.5,300,895.917886
-30.2,300,895.970769
-27.3,300,896.020461
-50.5,300,896.071538
-29.9,300,896.120766
-39.8,300,896.172906
101.7,17,896.175896
-50.7,300,896.225008
102.9,12,896.227202
41.1,262,896.273754
-27.1,300,896.323205
-41.1,300,896.373415
102.1,10,896.375424
-80.0,300,896.427665
-28.7,300,896.477605
-40.4,300,896.527495
-28.7,300,896.576628
-29.8,300,896.628684
-66.8,300,896.678622
-30.0,300,896.728526
97.9,35,896.734665
104.1,15,896.739281
66.0,179,896.769468
-40.7,300,896.819728
-37.3,300,896.869244
-66.4,300,896.92167
-40.0,300,896.97079
101.3,28,896.975676
-43.8,300,897.025953
-58.6,300,897.076834
-43.8,300,897.126968
-31.1,300,897.176352
-60.0,300,897.226932
-40.9,300,897.278933
-50.6,300,897.329374
-48.3,300,897.379314
-34.0,300,897.429599
-42.3,300,897.480979
95.9,59,897.491082
-50.7,300,897.541022
-32.8,300,897.590425
-26.5,300,897.642921
100.5,15,897.645932
-27.7,300,897.695277
-71.9,300,897.745686
-54.6,300,897.797448
103.9,17,897.800479
104.5,16,897.803401
-73.7,300,897.855592
-32.8,300,897.907336
102.8,13,897.909683
-29.8,300,897.959681
103.8,18,897.963196
100.9,11,897.967162
-42.2,300,898.016945
-35.4,300,898.067024
-29.7,300,898.116806
-44.5,300,898.168669
33.7,279,898.215797
-25.5,300,898.264584
102.8,17,898.267899
-53.0,300,898.319968
104.4,22,898.323694
102.3,13,898.32597
-30.2,300,898.375765
-71.9,300,898.427698
-28.5,300,898.476619
-28.5,300,898.526353
-31.4,300,898.575275
-28.1,300,898.627252
-29.7,300,898.676595
-28.5,300,898.726549
-51.5,300,898.776098
-70.7,300,898.828811
-28.1,300,898.877694
-36.3,300,898.928304
-45.3,300,898.977761
103.4,12,898.981639
74.9,233,899.021455
102.1,14,899.023847
72.6,207,899.058024
105.0,16,899.062801
-39.4,300,899.113181
-40.4,300,899.163097
-28.9,300,899.212954
-27.6,300,899.263787
-30.2,300,899.312962
-45.1,300,899.363357
-52.3,300,899.412319
-28.3,300,899.463938
-29.6,300,899.513421
-32.2,300,899.563284
-31.0,300,899.612527
102.9,12,899.616527
-38.1,300,899.667059
87.5,125,899.687858
103.3,17,899.690898
-37.8,300,899.743226
-66.2,300,899.793326
102.8,17,899.796717
102.8,13,899.799032
-30.1,300,899.851523
-29.0,300,899.901185
104.7,19,899.904674
-39.9,300,899.954563
-53.5,300,900.005836
-80.2,300,900.056194
-27.0,300,900.105069
102.8,21,900.108762
-29.0,300,900.162624
63.7,174,900.191366
103.7,14,900.194195
-28.5,300,900.243462
-28.8,300,900.295977
-25.0,300,900.345163
-31.5,300,900.395596
-32.5,300,900.444743
77.1,140,900.470562
-72.1,300,900.52051
-32.7,300,900.570259
-30.4,300,900.620166
78.2,119,900.642122
99.0,31,900.647383
-29.0,300,900.697651
-28.4,300,900.747087
-63.2,300,900.799475
104.2,23,900.80364
-48.4,300,900.853333
-37.6,300,900.90342
-27.4,300,900.954849
101.0,15,900.957697
-29.3,300,901.007778
-30.2,300,901.057031
-32.8,300,901.109421
87.2,186,901.139728
-39.5,300,901.188867
99.7,38,901.195527
102.1,10,901.199349
-29.1,300,901.249051
-31.4,300,901.297946
103.2,18,901.301321
96.9,37,901.310125
102.2,9,901.311761
-37.5,300,901.361472
-36.1,300,901.4111
-46.3,300,901.482027
103.3,13,901.48477
99.5,36,901.490841
-69.7,300,901.541338
102.4,12,901.545131
87.0,91,901.560594
-28.2,300,901.610071
38.8,245,901.652167
-30.7,300,901.703458
-63.9,300,901.754301
-25.6,300,901.803357
83.0,236,901.843068
-28.6,300,901.894268
-26.8,300,901.944078
-30.1,300,901.993726
-29.2,300,902.043671
-26.6,300,902.095117
-27.9,300,902.145083
-37.0,300,902.194543
103.1,19,902.197745
-27.1,300,902.249649
104.3,18,902.253314
-37.4,300,902.302626
101.0,6,902.303687
104.9,17,902.308433
-26.6,300,902.358517
-28.6,300,902.408074
-30.9,300,902.458007
102.4,12,902.462464
-30.8,300,902.512453
-29.7,300,902.562122
-26.0,300,902.611638
-43.8,300,902.663548
-39.9,300,902.713338
-34.5,300,902.762144
103.7,18,902.765214
104.8,18,902.770974
-30.5,300,902.820658
97.9,67,902.831853
-24.5,300,902.883341
-27.1,300,902.935044
-49.0,300,902.984844
102.1,10,902.987211
102.2,21,902.990888
101.3,25,902.996759
101.3,16,902.999738
-29.1,300,903.049593
95.0,121,903.069923
100.0,13,903.074012
-27.9,300,903.124534
96.3,61,903.13479
-26.0,300,903.183926
-30.0,300,903.235635
103.0,11,903.237798
-29.6,300,903.287024
103.5,11,903.289227
89.0,68,903.303247
-41.6,300,903.352983
101.7,13,903.3553
-45.8,300,903.405911
-25.5,300,903.457117
-30.8,300,903.506988
-28.6,300,903.556699
100.5,13,903.559082
-29.5,300,903.610865
102.4,12,903.613116
-26.6,300,903.662837
-64.2,300,903.713123
-29.0,300,903.764266
-34.0,300,903.81376
-29.8,300,903.863951
-30.2,300,903.913314
101.4,20,903.918315
-31.3,300,903.969051
-29.0,300,904.018441
91.8,52,904.027983
-46.8,300,904.079516
-33.7,300,904.129192
-28.5,300,904.178931
102.8,21,904.182522
101.9,16,904.186884
-33.9,300,904.237528
97.5,45,904.245826
-28.3,300,904.294881
103.4,29,904.301277
71.3,133,904.323955
101.9,20,904.327589
103.6,15,904.330488
-35.0,300,904.383072
-33.0,300,904.432225
-26.3,300,904.482767
-31.9,300,904.531931
-27.1,300,904.584073
103.7,14,904.586515
-31.5,300,904.635636
89.3,72,904.647711
102.6,10,904.65156
96.7,56,904.661944
101.2,17,904.665022
97.1,50,904.673616
-28.5,300,904.72445
-40.1,300,904.774435
-28.1,300,904.823752
-31.8,300,904.873304
105.4,17,904.877763
-59.0,300,904.927736
-26.5,300,904.977849
-36.9,300,905.02714
-53.2,300,905.079873
-39.9,300,905.129776
-60.5,300,905.179945
-24.1,300,905.229632
-26.7,300,905.280691
103.2,14,905.283151
-28.0,300,905.333401
95.8,58,905.343372
-28.1,300,905.395143
103.9,12,905.397581
84.8,171,905.425965
103.1,10,905.427729
-29.2,300,905.479325
-38.5,300,905.530236
-44.6,300,905.580143
-27.0,300,905.630653
-27.2,300,905.681988
-60.9,300,905.732722
-28.0,300,905.781844
-54.4,300,905.833126
104.1,15,905.837834
-57.9,300,905.88919
-28.3,300,905.940798
95.6,75,905.953596
102.4,16,905.957768
-27.8,300,906.007514
-36.1,300,906.058094
-27.6,300,906.106753
-48.9,300,906.159385
-30.4,300,906.208421
105.1,20,906.212019
105.3,18,906.215102
-34.3,300,906.267423
-38.8,300,906.31706
-33.1,300,906.36751
-54.1,300,906.416842
-29.4,300,906.469023
-30.5,300,906.51811
-38.2,300,906.568331
-52.9,300,906.617548
-28.2,300,906.669852
-29.0,300,906.718825
-29.5,300,906.769197
-28.2,300,906.818812
-25.8,300,906.870963
101.3,12,906.873215
-28.0,300,906.922212
-26.2,300,906.972039
86.3,158,907.000773
-27.4,300,907.050165
-36.9,300,907.100372
99.0,34,907.106046
101.3,16,907.110409
-26.1,300,907.160143
104.8,18,907.163584
102.8,13,907.166622
-77.3,300,907.217798
-46.8,300,907.267202
-42.3,300,907.317384
105.0,16,907.320335
-60.8,300,907.372242
-29.7,300,907.422852
-29.6,300,907.471738
-26.3,300,907.521977
-28.6,300,907.572852
-62.6,300,907.623314
97.9,37,907.629593
-34.3,300,907.678875
-33.3,300,907.731483
103.6,19,907.735015
-28.2,300,907.784206
-74.6,300,907.835297
-29.9,300,907.887958
95.3,106,907.906119
-27.5,300,907.955786
88.2,145,907.979752
-50.8,300,908.032208
104.3,13,908.03459
-53.3,300,908.08369
-48.4,300,908.13434
-70.6,300,908.186631
-29.0,300,908.237074
-25.3,300,908.286412
-28.7,300,908.336976
-29.4,300,908.388327
102.5,11,908.390536
-32.0,300,908.440778
-27.6,300,908.490091
-32.0,300,908.542274
-43.1,300,908.591924
102.5,15,908.594461
-30.5,300,908.644072
-28.7,300,908.694921
-44.4,300,908.744187
-38.6,300,908.794707
-29.0,300,908.843854
-32.1,300,908.895771
103.4,12,908.898054
84.9,155,908.92339
-26.1,300,908.973179
92.7,89,908.990185
-38.4,300,909.040008
-29.7,300,909.090233
-60.9,300,909.139426
-26.9,300,909.191456
-38.8,300,909.24095
-30.3,300,909.29091
87.6,153,909.316539
-37.6,300,909.367949
-79.4,300,909.41912
-47.4,300,909.46866
-62.1,300,909.519523
-30.4,300,909.570859
-43.3,300,909.621353
102.8,13,909.623742
-28.0,300,909.672994
-28.3,300,909.725261
-28.0,300,909.774485
104.9,17,909.77751
-33.7,300,909.847415
-28.7,300,909.899131
103.5,11,909.901415
-68.4,300,909.952075
-28.2,300,910.000702
-34.7,300,910.053178
-30.2,300,910.102106
76.8,258,910.145031
-46.7,300,910.193883
103.1,10,910.197758
-29.6,300,910.248142
-29.0,300,910.29683
-69.4,300,910.347516
-44.6,300,910.398708
-29.3,300,910.448904
-30.4,300,910.498132
-76.4,300,910.548897
-28.8,300,910.599904
-47.1,300,910.65
-28.2,300,910.698916
-35.8,300,910.74803
-56.7,300,910.799769
104.0,20,910.803398
-47.5,300,910.853398
102.3,8,910.855031
-37.8,300,910.906214
-29.8,300,910.955158
75.0,122,910.976348
-41.6,300,911.025882
93.9,81,911.041657
-37.2,300,911.092194
100.2,32,911.097663
-30.4,300,911.146836
104.2,19,911.151388
86.8,152,911.177737
-29.7,300,911.227612
-70.4,300,911.277919
-26.5,300,911.329111
102.6,18,911.332609
98.5,29,911.337553
-46.2,300,911.387846
-28.1,300,911.439595
-28.0,300,911.489784
83.7,109,911.508437
-30.1,300,911.55766
-28.5,300,911.610046
-56.2,300,911.659456
-34.1,300,911.709676
-65.0,300,911.759388
-28.5,300,911.812053
-24.8,300,911.861129
-28.0,300,911.911249
98.6,35,911.917442
-62.0,300,911.96904
102.8,17,911.972106
-28.9,300,912.022116
-27.4,300,912.071678
98.0,54,912.08274
-73.8,300,912.134127
59.4,246,912.174176
-35.8,300,912.223289
102.4,12,912.227866
-27.5,300,912.277481
-27.7,300,912.326484
90.6,69,912.339495
100.4,10,912.342687
-70.6,300,912.393021
-54.9,300,912.443744
103.6,19,912.447478
-27.1,300,912.499103
-75.3,300,912.550079
-28.7,300,912.599321
-27.5,300,912.648883
-30.1,300,912.700076
99.4,30,912.705175
72.6,143,912.728979
-30.3,300,912.779144
-29.1,300,912.830605
-64.8,300,912.883263
-32.8,300,912.932727
-45.6,300,912.983039
-36.9,300,913.034197
-30.1,300,913.084349
-26.6,300,913.133654
-79.1,300,913.184488
87.1,146,913.21046
102.4,12,913.212796
-75.6,300,913.262413
-70.9,300,913.31326
-29.6,300,913.364975
103.1,10,913.366768
-27.6,300,913.417213
101.5,19,913.420699
-31.1,300,913.471863
-28.6,300,913.522054
-28.0,300,913.571405
101.5,19,913.574899
103.0,11,913.578134
-27.4,300,913.628635
-58.0,300,913.678221
-28.1,300,913.728618
-29.6,300,913.780066
-28.0,300,913.830117
-43.7,300,913.879438
103.0,11,913.881671
-40.1,300,913.933969
-33.3,300,913.982697
-53.5,300,914.033037
-29.0,300,914.082097
102.6,18,914.08731
88.4,146,914.111422
-28.7,300,914.161875
-66.3,300,914.211403
-35.4,300,914.263498
95.4,92,914.278725
-30.1,300,914.328276
-27.0,300,914.377612
71.6,184,914.409937
103.0,11,914.412272
-27.3,300,914.462524
-26.2,300,914.511404
-27.0,300,914.563933
83.4,180,914.593472
-29.9,300,914.643165
-28.5,300,914.692306
95.0,38,914.700199
-71.8,300,914.750347
-29.0,300,914.799844
-31.0,300,914.848696
-26.5,300,914.900452
84.1,193,914.932227
-67.8,300,914.982522
89.0,140,915.00555
-27.2,300,915.056787
-54.7,300,915.107487
102.6,18,915.110551
-33.8,300,915.159751
-61.4,300,915.212455
73.2,223,915.248909
-64.4,300,915.299429
-63.8,300,915.348634
-27.5,300,915.400893
-42.7,300,915.450383
-74.7,300,915.501119
-28.6,300,915.550767
-78.7,300,915.602759
-28.2,300,915.652216
-28.2,300,915.70221
-67.6,300,915.752421
-36.7,300,915.804843
103.2,14,915.807289
101.3,27,915.812433
100.5,23,915.816563
-52.9,300,915.868015
-44.6,300,915.918151
-31.2,300,915.967537
-54.0,300,916.017522
-67.5,300,916.069208
101.3,12,916.071535
-31.2,300,916.121511
59.5,275,916.168699
-40.1,300,916.220726
94.4,68,916.232916
-69.6,300,916.283023
-78.4,300,916.333282
-57.5,300,916.385018
102.2,22,916.388698
-66.9,300,916.438895
-28.5,300,916.488391
103.3,13,916.492561
81.5,206,916.527067
-27.4,300,916.57712
102.5,19,916.580818
-66.7,300,916.632085
91.8,133,916.654821
-40.9,300,916.703913
95.9,34,916.709641
-30.0,300,916.761207
-30.7,300,916.810837
-29.7,300,916.860804
103.6,19,916.864347
-33.5,300,916.916082
-42.9,300,916.965704
102.8,13,916.968016
-29.4,300,917.016595
-29.8,300,917.067397
-70.6,300,917.118235
-32.7,300,917.16728
-28.0,300,917.217736
-59.7,300,917.269236
99.4,18,917.272643
103.3,18,917.275651
103.4,12,917.277873
-39.7,300,917.32973
-26.8,300,917.378959
-27.6,300,917.429115
-31.5,300,917.478218
-53.8,300,917.531147
-63.6,300,917.58107
-31.9,300,917.631682
99.7,44,917.639069
-26.6,300,917.690613
-26.6,300,917.740684
105.1,15,917.743596
-62.6,300,917.793119
-40.3,300,917.845473
-62.9,300,917.896864
-29.0,300,917.947876
-45.9,300,917.997122
-36.2,300,918.049628
-47.6,300,918.098784
101.0,19,918.102242
101.9,7,918.103751
-33.8,300,918.156057
102.7,9,918.157811
105.1,20,918.161426
102.5,11,918.163606
102.4,17,918.168015
-27.5,300,918.217915
-42.5,300,918.268808
-32.5,300,918.317818
-52.7,300,918.390421
-39.6,300,918.440822
-41.9,300,918.491239
102.8,22,918.49496
101.2,4,918.497359
104.7,19,918.500914
101.0,6,918.502573
101.0,36,918.508729
102.5,15,918.512925
-56.9,300,918.564092
-30.1,300,918.613102
-32.9,300,918.663287
-35.9,300,918.714394
-28.5,300,918.764705
-28.0,300,918.814071
94.1,101,918.830939
-57.4,300,918.882468
-27.1,300,918.931288
-46.8,300,918.981667
105.0,16,918.984648
70.8,147,919.011169
-53.0,300,919.060897
-49.6,300,919.11106
-75.3,300,919.160078
-29.0,300,919.211946
-55.1,300,919.260281
-31.1,300,919.310645
-26.5,300,919.359345
-76.9,300,919.412654
100.9,7,919.414208
-32.1,300,919.463054
-78.0,300,919.513813
-26.6,300,919.564685
-29.5,300,919.615001
100.3,23,919.619184
102.8,13,919.621531
-32.8,300,919.672948
103.6,15,919.675816
-44.1,300,919.725895
105.3,23,919.730065
-28.3,300,919.7818
-45.5,300,919.831998
-25.6,300,919.880585
-29.0,300,919.930511
100.8,12,919.934223
104.0,16,919.937194
-26.7,300,919.986599
-65.4,300,920.037162
-55.7,300,920.088809
-27.3,300,920.138895
-72.2,300,920.188816
-53.4,300,920.239218
-27.3,300,920.290113
87.3,85,920.304422
100.2,25,920.308658
-27.1,300,920.3587
102.6,15,920.363028
104.6,20,920.366787
-66.9,300,920.417002
-66.2,300,920.467419
-27.1,300,920.519241
-43.7,300,920.56983
-27.1,300,920.619256
-28.5,300,920.66971
-65.7,300,920.721439
-27.5,300,920.771881
-36.2,300,920.821152
-37.9,300,920.871378
-41.0,300,920.923054
-51.2,300,920.973806
-33.5,300,921.023145
-30.5,300,921.072908
-47.3,300,921.124332
-29.0,300,921.173846
-28.5,300,921.223297
-44.0,300,921.272327
103.0,11,921.276042
-29.5,300,921.326333
-45.6,300,921.375778
-60.0,300,921.426639
-29.6,300,921.47834
-31.7,300,921.528954
100.9,19,921.532085
-27.5,300,921.581199
-34.2,300,921.633421
-38.2,300,921.682675
-30.3,300,921.732997
-70.6,300,921.782906
-56.7,300,921.836141
-29.4,300,921.885475
88.7,86,921.899922
-41.0,300,921.950484
-28.1,300,922.001599
95.6,93,922.017937
-27.3,300,922.06748
-28.1,300,922.117459
101.3,20,922.122804
-29.5,300,922.172437
-30.9,300,922.222394
103.3,13,922.224899
-29.8,300,922.276318
-30.4,300,922.325944
102.8,13,922.328671
-27.5,300,922.378605
102.9,21,922.383755
-43.6,300,922.433951
75.5,245,922.474444
-28.3,300,922.523603
-65.2,300,922.57602
-72.1,300,922.625789
-24.7,300,922.675891
99.8,28,922.680785
104.4,22,922.686374
-60.5,300,922.736115
-27.7,300,922.786315
-30.1,300,922.835405
-27.3,300,922.889207
-36.8,300,922.939179
-74.7,300,922.989803
-27.0,300,923.038948
96.2,34,923.046439
-30.2,300,923.097006
-30.9,300,923.146491
-31.3,300,923.19684
-40.0,300,923.248058
-28.5,300,923.298195
-32.1,300,923.347105
85.2,155,923.373319
85.4,90,923.389944
-41.4,300,923.439126
-27.4,300,923.48889
-28.2,300,923.538207
-40.0,300,923.590103
-32.3,300,923.639616
-53.5,300,923.689672
-28.0,300,923.739263
101.4,19,923.744246
-27.1,300,923.794606
-29.1,300,923.844172
-67.5,300,923.893882
80.2,260,923.939366
-58.9,300,923.988434
-27.0,300,924.038566
-27.7,300,924.087492
-26.9,300,924.139211
-31.9,300,924.188945
102.7,14,924.191687
98.1,29,924.196604
-30.7,300,924.249667
102.5,11,924.251813
-39.1,300,924.300827
-43.5,300,924.351437
102.2,17,924.355924
-72.0,300,924.406478
-42.2,300,924.456746
-55.4,300,924.506472
-62.7,300,924.558777
-35.2,300,924.608228
101.2,21,924.611931
-23.2,300,924.662213
-32.8,300,924.713215
-28.0,300,924.763547
-26.8,300,924.812739
88.9,155,924.83836
-30.3,300,924.89043
-28.9,300,924.939812
-30.3,300,924.990562
-36.9,300,925.039925
101.5,6,925.042803
-42.9,300,925.093099
-72.9,300,925.142461
98.7,37,925.149038
-30.8,300,925.201095
102.1,14,925.203514
-29.0,300,925.252923
-46.8,300,925.303347
93.8,81,925.318794
-29.2,300,925.368845
102.8,8,925.370527
-27.7,300,925.41984
-30.2,300,925.471688
58.1,184,925.502854
91.2,154,925.528604
-28.3,300,925.578678
-45.6,300,925.63024
-30.6,300,925.680041
-53.4,300,925.729428
-60.6,300,925.778857
-26.0,300,925.830889
-30.6,300,925.879864
-37.7,300,925.930009
-44.1,300,925.979019
-43.7,300,926.031229
-39.9,300,926.080054
-28.8,300,926.130008
-43.3,300,926.179248
-49.5,300,926.231436
104.5,16,926.234374
103.2,14,926.236804
-38.7,300,926.285937
54.0,187,926.319973
-25.6,300,926.36941
-43.0,300,926.419203
-69.5,300,926.468792
105.0,21,926.473963
-47.8,300,926.524279
-42.9,300,926.573623
-72.1,300,926.623193
84.5,185,926.657097
-77.7,300,926.707221
-32.5,300,926.756925
-52.1,300,926.806034
104.5,16,926.810194
102.0,6,926.811311
83.6,119,926.831788
-30.4,300,926.882079
-71.3,300,926.95524
-34.1,300,927.005028
-53.9,300,927.055238
-57.5,300,927.105236
-29.8,300,927.156288
-71.9,300,927.206739
-41.7,300,927.25613
-70.6,300,927.30649
-73.1,300,927.35824
-29.5,300,927.408709
-32.1,300,927.457679
-33.6,300,927.507785
-39.9,300,927.559203
98.6,65,927.569987
-26.7,300,927.620376
-35.8,300,927.669169
-49.4,300,927.721728
104.5,16,927.724743
104.3,18,927.728126
-31.2,300,927.777392
-65.0,300,927.829882
-29.6,300,927.880181
-30.6,300,927.93072
-48.0,300,927.980165
-28.6,300,928.032948
-31.4,300,928.082012
-37.5,300,928.132715
-27.8,300,928.181526
-44.5,300,928.233835
-45.8,300,928.282701
102.2,13,928.285085
-50.2,300,928.335548
-25.9,300,928.387044
-27.7,300,928.43725
-31.8,300,928.486886
102.7,9,928.488547
103.8,18,928.493495
-36.9,300,928.544171
102.8,21,928.547993
-28.8,300,928.597444
-75.4,300,928.650266
105.0,21,928.654006
-31.5,300,928.702903
102.2,13,928.705173
102.0,6,928.708345
-66.7,300,928.759589
-29.7,300,928.808903
-29.0,300,928.859055
-27.1,300,928.910273
-27.4,300,928.960308
-30.0,300,929.009613
102.7,18,929.012693
-30.9,300,929.065159
101.2,44,929.072533
-33.8,300,929.121607
105.4,22,929.125637
78.5,115,929.14676
-77.2,300,929.198044
-29.1,300,929.247007
101.8,16,929.249895
-28.0,300,929.30206
102.9,20,929.305696
-29.2,300,929.355014
-74.9,300,929.405933
103.0,19,929.410881
-30.2,300,929.459908
-30.1,300,929.510331
-49.6,300,929.559245
84.4,206,929.596293
-27.1,300,929.64567
103.7,19,929.649159
-29.8,300,929.69928
-24.1,300,929.750598
-34.7,300,929.800542
-30.1,300,929.849997
-27.5,300,929.900292
-28.0,300,929.951461
-29.0,300,930.000505
-42.9,300,930.050844
-29.5,300,930.099146
-26.2,300,930.151267
101.5,26,930.155742
101.4,15,930.158627
-54.6,300,930.208408
-31.3,300,930.260793
-30.4,300,930.310436
89.4,64,930.32213
-53.9,300,930.372182
-31.4,300,930.424074
-53.9,300,930.474413
-48.0,300,930.523754
-56.4,300,930.574659
-77.3,300,930.627021
-27.8,300,930.677485
-30.1,300,930.726898
88.4,110,930.745722
-51.5,300,930.797055
-27.9,300,930.846497
-31.0,300,930.896381
-28.0,300,930.945882
-32.3,300,930.996696
-78.1,300,931.045848
-28.0,300,931.096276
-29.1,300,931.145195
-37.8,300,931.197452
-27.9,300,931.246645
90.7,134,931.269528
59.8,183,931.300467
89.9,72,931.3144
-27.3,300,931.364368
-42.5,300,931.41411
-30.6,300,931.463317
-28.4,300,931.515446
-46.6,300,931.564632
-27.1,300,931.615137
-32.7,300,931.664282
-26.2,300,931.716901
-29.1,300,931.766027
-27.2,300,931.816759
44.6,256,931.859317
-28.3,300,931.9111
-28.4,300,931.961158
102.1,35,931.966913
88.2,132,931.988632
-27.7,300,932.041194
-29.0,300,932.09038
103.7,24,932.09455
-40.1,300,932.145055
-29.0,300,932.196003
-26.8,300,932.246584
104.4,17,932.250024
-31.7,300,932.299092
82.9,212,932.336933
-45.0,300,932.386149
-71.9,300,932.436842
-56.7,300,932.486609
-28.0,300,932.538799
-30.1,300,932.588395
-25.1,300,932.638651
-29.3,300,932.688377
-30.3,300,932.740288
-41.1,300,932.790164
-30.7,300,932.840181
-41.1,300,932.891324
-27.5,300,932.943602
-27.7,300,932.993206
-33.8,300,933.04249
-41.7,300,933.09282
-28.2,300,933.144051
102.3,16,933.14705
89.2,149,933.172735
-28.6,300,933.221993
-29.7,300,933.274219
-28.2,300,933.323639
103.4,12,933.325861
-56.1,300,933.376339
-35.6,300,933.42741
-46.2,300,933.477588
-48.3,300,933.527713
-68.0,300,933.578228
-56.9,300,933.629226
-45.5,300,933.679062
-61.4,300,933.729568
-68.7,300,933.779319
-30.1,300,933.832017
-50.8,300,933.881266
-77.7,300,933.931628
-28.5,300,933.980804
-30.3,300,934.033001
-74.7,300,934.082469
102.0,6,934.083476
-53.1,300,934.13414
101.2,4,934.136863
104.7,19,934.140409
-31.2,300,934.189949
-68.8,300,934.240516
-68.9,300,934.291355
-34.8,300,934.341677
-29.4,300,934.39085
-27.1,300,934.4413
-49.6,300,934.492831
-30.8,300,934.542966
-53.8,300,934.592434
-27.7,300,934.642563
-28.5,300,934.694218
-75.3,300,934.744299
-25.5,300,934.792852
-27.7,300,934.842547
-26.5,300,934.893996
-33.2,300,934.943925
-80.4,300,934.994435
-30.2,300,935.043311
-38.0,300,935.095323
-30.5,300,935.144224
-49.9,300,935.19473
74.7,298,935.243873
-32.0,300,935.296067
-29.2,300,935.345366
-27.6,300,935.395566
-37.8,300,935.444372
-29.4,300,935.496843
-51.5,300,935.546335
-54.2,300,935.596958
104.4,22,935.600703
-64.4,300,935.652013
-29.7,300,935.72212
57.2,210,935.757443
-37.6,300,935.807996
-71.0,300,935.860176
-35.2,300,935.910492
103.2,22,935.914429
-29.7,300,935.963464
-28.7,300,936.015614
104.0,20,936.01926
105.1,20,936.022872
-39.9,300,936.071599
-54.7,300,936.123272
-25.6,300,936.17222
103.8,22,936.176296
100.6,5,936.177268
-52.1,300,936.229297
-35.4,300,936.278574
-30.9,300,936.328842
102.3,19,936.332329
-77.5,300,936.383591
95.9,82,936.396953
83.2,79,936.41079
-65.7,300,936.460743
-28.5,300,936.511875
-44.3,300,936.56205
-27.7,300,936.610727
-26.5,300,936.660835
-25.6,300,936.712097
-28.6,300,936.762261
101.6,18,936.765301
-32.8,300,936.814415
-31.4,300,936.866567
-28.1,300,936.91539
-32.8,300,936.965399
-70.9,300,937.01535
-29.2,300,937.067428
-28.8,300,937.116287
-46.4,300,937.166751
101.0,6,937.168177
-29.3,300,937.21942
104.1,15,937.222291
103.9,21,937.225952
-29.7,300,937.275985
-54.8,300,937.32764
102.9,12,937.329875
-30.0,300,937.380182
-27.4,300,937.42921
-48.0,300,937.481925
-49.7,300,937.531712
-26.7,300,937.581521
-28.0,300,937.630371
93.6,110,937.650171
95.4,90,937.665298
-29.0,300,937.715487
95.6,99,937.732057
-30.1,300,937.783961
-29.5,300,937.833827
104.9,17,937.836871
-27.5,300,937.888595
-31.4,300,937.940581
-73.7,300,937.990756
-60.8,300,938.040722
101.6,13,938.043106
-52.7,300,938.095257
-39.2,300,938.145263
-59.6,300,938.195074
-26.0,300,938.245061
-50.0,300,938.296549
-30.5,300,938.346741
102.0,19,938.350238
-26.8,300,938.39922
-33.3,300,938.451251
-62.6,300,938.500572
-30.8,300,938.550737
-29.5,300,938.599863
96.1,45,938.609059
-28.5,300,938.659277
-31.6,300,938.708613
-25.7,300,938.75927
-28.6,300,938.810592
-28.9,300,938.86105
-81.0,300,938.9109
43.1,251,938.953108
-33.8,300,939.004086
-34.9,300,939.054571
81.1,118,939.074114
-28.5,300,939.123381
-52.3,300,939.175997
-58.5,300,939.225835
-42.9,300,939.276368
72.0,196,939.308369
-50.0,300,939.360799
-27.5,300,939.410031
102.1,14,939.412764
100.9,7,939.41427
-39.5,300,939.466356
-42.5,300,939.515991
-29.3,300,939.565635
-44.7,300,939.615302
-29.0,300,939.666643
-46.2,300,939.717404
-79.8,300,939.767304
-52.9,300,939.817795
104.4,17,939.822292
-28.9,300,939.87172
-33.4,300,939.921591
-47.6,300,939.970727
-69.7,300,940.023485
-28.9,300,940.072449
-27.7,300,940.122841
-53.5,300,940.171834
-28.6,300,940.223847
-28.9,300,940.273017
-30.7,300,940.323268
102.4,20,940.326821
104.0,20,940.33194
-56.7,300,940.382122
72.9,209,940.41724
-43.8,300,940.466475
-54.6,300,940.519201
105.1,20,940.522789
-27.5,300,940.572534
-65.1,300,940.622773
-46.4,300,940.674166
-26.5,300,940.723895
-39.5,300,940.773835
-27.0,300,940.823082
-30.2,300,940.875461
-36.9,300,940.924522
89.3,80,940.938651
102.5,11,940.940845
104.2,19,940.945826
101.9,32,940.951486
-36.8,300,941.001104
-34.9,300,941.051334
102.1,23,941.056546
102.3,21,941.0606
101.1,18,941.063882
-27.6,300,941.113565
-27.5,300,941.166376
102.1,10,941.168525
103.5,20,941.172169
-25.5,300,941.221291
-26.5,300,941.273378
104.0,16,941.276294
-35.5,300,941.325744
-44.0,300,941.376112
-27.3,300,941.427679
87.6,140,941.450963
100.4,50,941.459175
-29.7,300,941.509526
-66.5,300,941.561068
-63.6,300,941.611518
97.9,32,941.616953
-28.7,300,941.665866
102.5,11,941.669497
101.0,6,941.67057
-65.8,300,941.721534
-36.0,300,941.770889
102.2,18,941.77607
-29.5,300,941.826892
96.4,82,941.840407
-29.7,300,941.890179
-36.2,300,941.941768
92.9,85,941.956348
103.0,20,941.959928
81.1,200,941.993488
103.3,18,941.998471
103.6,15,942.001416
102.1,14,942.003906
94.5,96,942.020015
-27.5,300,942.070555
-29.7,300,942.121133
-60.4,300,942.170673
-33.7,300,942.220873
-28.1,300,942.272214
-47.3,300,942.322454
93.4,77,942.335817
-27.0,300,942.385266
-44.2,300,942.437834
101.8,16,942.44083
92.5,111,942.459267
-36.5,300,942.508974
90.6,110,942.530355
101.5,6,942.531506
-27.6,300,942.581677
86.8,178,942.611584
-32.6,300,942.664631
-32.5,300,942.713881
-51.4,300,942.765394
-28.8,300,942.815727
-29.1,300,942.869845
-44.1,300,942.920384
103.5,16,942.923339
89.7,169,942.952669
102.0,19,942.957771
-33.5,300,943.007849
-49.8,300,943.058706
-35.0,300,943.108369
-34.6,300,943.161455
-27.6,300,943.2112
-43.8,300,943.26186
-27.5,300,943.313152
-36.6,300,943.365846
102.1,19,943.369494
-27.6,300,943.418943
-29.7,300,943.492822
-25.7,300,943.545224
76.8,126,943.566291
97.8,68,943.578672
-29.0,300,943.628831
-74.5,300,943.682301
-34.3,300,943.732269
100.1,58,943.742133
94.5,92,943.757566
-39.2,300,943.810452
101.4,34,943.816246
103.9,17,943.819513
-31.7,300,943.868733
-62.6,300,943.921098
-26.6,300,943.9705
-35.6,300,944.021222
101.3,8,944.022891
-33.1,300,944.073905
-28.7,300,944.124204
-27.5,300,944.17332
-27.7,300,944.223434
103.9,17,944.228603
-30.6,300,944.278316
-45.4,300,944.328753
102.6,18,944.33194
-47.9,300,944.383382
-41.2,300,944.433279
-29.9,300,944.482687
-33.1,300,944.532998
100.8,38,944.541153
-69.2,300,944.5913
65.5,178,944.620873
-61.6,300,944.671875
102.7,9,944.675343
-30.7,300,944.725539
-28.6,300,944.775107
-29.1,300,944.824417
-73.2,300,944.876916
101.6,13,944.879679
102.4,20,944.883302
-28.5,300,944.93271
-75.7,300,944.985113
-26.8,300,945.034324
-32.4,300,945.084924
-49.4,300,945.13448
104.1,15,945.138467
-33.4,300,945.189463
-25.7,300,945.238895
-34.0,300,945.288979
-26.6,300,945.340085
-69.6,300,945.390918
-27.6,300,945.440101
-29.1,300,945.490146
-33.1,300,945.54202
-35.3,300,945.592536
-59.6,300,945.642325
-65.3,300,945.692572
-29.6,300,945.744069
-37.9,300,945.794071
-29.7,300,945.843642
85.8,93,945.859501
-28.5,300,945.911732
79.5,214,945.947098
-38.2,300,945.997389
-51.9,300,946.046765
-34.3,300,946.098933
-29.6,300,946.148605
-34.9,300,946.199046
-44.0,300,946.248808
-52.8,300,946.30031
-41.1,300,946.351172
-28.0,300,946.400389
102.6,23,946.404519
-45.1,300,946.457064
-46.2,300,946.506922
71.8,114,946.526899
-70.4,300,946.576263
101.1,5,946.579137
-49.8,300,946.630126
102.2,17,946.633161
-34.4,300,946.682471
103.3,17,946.687242
101.8,8,946.68889
-64.0,300,946.7401
-33.8,300,946.789757
102.4,7,946.792757
-52.1,300,946.843926
-49.1,300,946.894031
104.7,19,946.897518
100.6,5,946.899974
-25.5,300,946.950978
-62.4,300,947.001198
70.9,132,947.023336
-52.8,300,947.075961
-41.8,300,947.125473
-45.5,300,947.176057
-36.1,300,947.225435
-50.2,300,947.277691
-35.8,300,947.327033
-54.0,300,947.377792
-26.0,300,947.427113
-39.3,300,947.479744
-59.9,300,947.52958
91.5,131,947.551175
-31.2,300,947.601653
-55.2,300,947.653199
-27.2,300,947.703964
-25.5,300,947.753058
-35.2,300,947.80371
83.1,160,947.832394
100.5,6,947.833512
-28.5,300,947.884813
-27.0,300,947.935528
41.7,235,947.97704
-29.7,300,948.027694
-28.5,300,948.077191
-43.5,300,948.127859
101.6,18,948.132338
102.5,11,948.134543
-74.8,300,948.184629
102.7,9,948.18632
-59.4,300,948.238723
101.5,6,948.240122
-27.0,300,948.289388
-67.9,300,948.340138
101.7,17,948.344557
100.3,43,948.351982
-30.0,300,948.40249
-27.2,300,948.452302
-74.6,300,948.504109
-31.5,300,948.55442
-27.5,300,948.603492
-38.4,300,948.654319
-27.6,300,948.705899
-63.4,300,948.756253
-27.5,300,948.806015
-27.1,300,948.856584
102.2,22,948.861738
96.4,62,948.872895
-37.5,300,948.922896
-43.1,300,948.973488
-72.1,300,949.025373
73.5,200,949.059634
-27.2,300,949.10891
-28.0,300,949.159765
-27.1,300,949.211226
-28.2,300,949.261126
-29.0,300,949.31049
102.7,22,949.314325
85.0,91,949.331359
-28.7,300,949.382139
-69.5,300,949.431787
-38.1,300,949.482835
-28.0,300,949.534584
-26.6,300,949.585024
-40.5,300,949.634523
-28.2,300,949.684775
74.7,274,949.732394
-51.5,300,949.78357
-29.2,300,949.833238
-30.6,300,949.883812
-75.3,300,949.936539
101.5,6,949.937655
102.4,28,949.942474
-74.9,300,949.993702
-54.2,300,950.045627
-28.0,300,950.096095
-65.8,300,950.145816
-27.7,300,950.196324
-67.6,300,950.248459
101.6,14,950.251204
-28.5,300,950.301639
-56.7,300,950.351474
-28.5,300,950.404051
-29.1,300,950.453852
-28.5,300,950.503882
-30.6,300,950.553738
-27.6,300,950.605332
-39.8,300,950.656236
-27.9,300,950.705415
-31.7,300,950.755759
-27.0,300,950.807195
-27.0,300,950.857494
-37.5,300,950.906629
-64.0,300,950.957419
-50.9,300,951.008847
-55.0,300,951.059519
-26.6,300,951.108334
-27.1,300,951.158679
-24.3,300,951.209519
101.8,8,951.211087
102.1,14,951.213547
-24.7,300,951.263693
-27.0,300,951.315513
-27.2,300,951.365526
102.2,13,951.367861
-71.8,300,951.417332
-30.0,300,951.491743
-36.1,300,951.541721
-34.3,300,951.594905
-39.3,300,951.646053
99.0,69,951.660896
101.8,16,951.664241
-36.7,300,951.715203
-45.8,300,951.766035
-34.2,300,951.818051
-31.8,300,951.868973
103.6,15,951.871438
89.9,127,951.892945
99.1,50,951.903432
-53.4,300,951.954306
-60.1,300,952.005291
-36.9,300,952.054714
-34.2,300,952.107908
73.5,124,952.12923
-28.5,300,952.180541
-44.2,300,952.231541
-27.5,300,952.284789
-27.0,300,952.335004
-46.4,300,952.385811
101.9,7,952.387037
-29.1,300,952.438783
-67.7,300,952.489245
87.9,77,952.502776
-31.2,300,952.55226
-76.7,300,952.604497
-31.6,300,952.65441
-25.6,300,952.704443
-30.8,300,952.753723
-28.2,300,952.806385
-67.6,300,952.858271
-36.1,300,952.912959
-30.7,300,952.963042
-54.8,300,953.017292
-53.6,300,953.067953
-32.5,300,953.119569
-33.4,300,953.170279
-71.0,300,953.222895
-26.6,300,953.273994
-79.2,300,953.32441
-29.0,300,953.375236
-28.2,300,953.428102
-31.5,300,953.479698
86.4,196,953.512247
-69.4,300,953.563633
-28.1,300,953.614583
100.8,3,953.615091
-26.6,300,953.66534
94.7,84,953.67937
-30.6,300,953.730287
-29.8,300,953.781399
100.9,20,953.785043
99.2,26,953.789799
-26.3,300,953.842974
-74.9,300,953.895322
101.9,7,953.897031
-27.5,300,953.947593
-45.9,300,954.001034
-27.2,300,954.05076
-28.7,300,954.101307
-25.5,300,954.150751
-25.7,300,954.203772
-45.8,300,954.2531
-38.0,300,954.303461
-32.6,300,954.352623
102.3,8,954.355675
99.1,60,954.366036
-66.4,300,954.417731
-44.9,300,954.469457
-32.3,300,954.52389
86.4,80,954.537811
-29.0,300,954.587335
-29.6,300,954.638349
102.2,13,954.642555
-35.9,300,954.692521
-50.5,300,954.743426
102.7,9,954.745175
94.9,57,954.756232
-28.6,300,954.806508
102.0,11,954.808758
102.6,10,954.810891
102.1,45,954.82041
-29.9,300,954.870287
100.9,7,954.871832
-44.8,300,954.922316
-25.7,300,954.973392
102.2,17,954.97642
72.8,300,955.026874
-41.6,300,955.076812
-29.1,300,955.128803
87.8,183,955.159536
101.9,7,955.160753
-33.2,300,955.209901
-30.5,300,955.262425
-30.2,300,955.311695
77.3,243,955.352578
-72.6,300,955.402313
-27.7,300,955.454494
-73.9,300,955.504481
-40.5,300,955.555176
103.9,17,955.558204
-28.2,300,955.609535
-29.5,300,955.659941
-29.5,300,955.709543
102.6,10,955.711717
-27.7,300,955.764042
-26.1,300,955.813188
-29.0,300,955.863366
-32.2,300,955.91339
101.5,6,955.916032
103.1,19,955.919644
-26.5,300,955.970568
-32.1,300,956.020683
-26.6,300,956.073951
-27.9,300,956.124003
-31.3,300,956.174508
-28.4,300,956.224247
-24.6,300,956.276439
101.9,16,956.279408
-32.9,300,956.329167
-35.0,300,956.37808
-54.7,300,956.430763
99.6,17,956.433775
-73.5,300,956.482862
-27.5,300,956.533399
-43.6,300,956.584894
-59.5,300,956.635617
-28.5,300,956.684496
101.5,6,956.685958
-34.7,300,956.738373
-34.1,300,956.787547
102.4,20,956.791177
-28.3,300,956.841666
-32.2,300,956.893377
-33.0,300,956.943542
99.1,33,956.9493
-36.2,300,956.998433
100.6,9,957.00156
-28.0,300,957.052533
-28.5,300,957.101706
104.0,16,957.104615
102.7,18,957.109491
-27.0,300,957.16025
-51.6,300,957.209599
-32.3,300,957.260133
-27.7,300,957.311181
99.8,63,957.322027
-27.6,300,957.372428
-27.2,300,957.422076
-44.3,300,957.47438
-27.5,300,957.523751
98.6,63,957.533967
102.9,12,957.536962
98.2,51,957.547563
-29.3,300,957.596924
104.8,18,957.600368
101.9,7,957.601523
-58.8,300,957.653638
-28.2,300,957.703087
104.2,14,957.705885
-44.4,300,957.756312
-29.0,300,957.807672
-41.7,300,957.857642
-61.7,300,957.909867
102.9,25,957.914328
61.1,276,957.962678
101.9,7,957.96423
-44.1,300,958.014218
-27.7,300,958.064024
102.7,9,958.067152
-28.1,300,958.116621
-28.5,300,958.165559
-34.4,300,958.216038
-37.4,300,958.267406
-28.3,300,958.317685
-27.7,300,958.366948
-30.8,300,958.417131
-40.2,300,958.468598
100.6,15,958.471481
-29.0,300,958.522767
84.8,118,958.542434
-38.4,300,958.595233
-27.5,300,958.645024
-27.9,300,958.694344
-31.7,300,958.745014
97.6,75,958.759198
88.6,180,958.78917
101.6,10,958.791312
-64.0,300,958.841736
-27.1,300,958.892825
-47.9,300,958.94311
-54.2,300,958.992653
-72.4,300,959.043741
-28.3,300,959.095593
96.9,23,959.099339
102.4,12,959.101822
91.0,116,959.121791
-53.8,300,959.173271
-35.3,300,959.222833
-27.3,300,959.273007
-35.1,300,959.324946
101.7,9,959.328571
96.8,52,959.338408
-27.1,300,959.387768
-61.8,300,959.437764
-46.1,300,959.511641
-38.5,300,959.5623
103.1,19,959.565534
83.2,158,959.591965
-29.7,300,959.643486
88.2,176,959.67366
-42.2,300,959.723014
-27.2,300,959.773359
-73.6,300,959.825392
-30.3,300,959.875557
-34.2,300,959.925542
102.5,11,959.927728
74.5,146,959.954309
101.7,18,959.957656
87.6,136,959.981389
-42.6,300,960.030607
100.7,29,960.037187
101.1,10,960.039023
-27.1,300,960.089534
-27.7,300,960.138493
-28.6,300,960.190237
-59.6,300,960.239875
102.2,14,960.242544
-27.2,300,960.293123
-30.4,300,960.344885
102.5,11,960.347139
-28.1,300,960.397898
-45.0,300,960.44756
38.4,269,960.496201
88.5,85,960.510654
-26.6,300,960.560583
-56.8,300,960.611387
-31.4,300,960.662914
93.8,121,960.683033
84.1,149,960.709091
-42.5,300,960.758353
-26.3,300,960.810707
-36.4,300,960.860223
-28.5,300,960.910335
99.6,15,960.912977
-45.3,300,960.964621
-29.1,300,961.014529
-28.0,300,961.063852
-53.2,300,961.114079
-39.2,300,961.165183
-25.6,300,961.214304
-32.4,300,961.264811
-34.1,300,961.313889
-78.3,300,961.36694
-50.7,300,961.41615
-37.6,300,961.466644
-27.0,300,961.515716
-28.5,300,961.567529
92.1,47,961.57569
-29.9,300,961.624588
-28.1,300,961.674619
-31.6,300,961.726268
-28.8,300,961.776387
86.9,164,961.803149
84.3,192,961.834401
77.1,238,961.877091
-31.4,300,961.92622
-54.1,300,961.976839
-28.4,300,962.02608
-72.0,300,962.079015
-28.8,300,962.128277
-28.5,300,962.178518
-34.0,300,962.228004
-38.6,300,962.282077
100.9,25,962.286537
102.3,8,962.288153
-66.9,300,962.33886
96.1,66,962.351474
-28.4,300,962.403909
71.4,127,962.426023
102.7,9,962.427783
-53.9,300,962.480927
101.7,9,962.482992
-30.4,300,962.533079
-44.4,300,962.583646
-28.1,300,962.635024
-46.0,300,962.684822
76.8,271,962.730679
-30.0,300,962.780137
-27.2,300,962.832535
-42.4,300,962.883192
-28.6,300,962.935061
-70.7,300,962.985695
-29.0,300,963.039037
84.7,189,963.070847
-29.4,300,963.121195
-30.6,300,963.170865
-25.6,300,963.222971
92.1,104,963.24032
-27.1,300,963.289766
-28.4,300,963.340133
-26.2,300,963.391676
-30.5,300,963.442122
100.1,21,963.445765
-30.3,300,963.494948
-29.6,300,963.547272
-26.6,300,963.596445
-71.1,300,963.647474
-26.8,300,963.696581
-67.7,300,963.749104
-29.0,300,963.802156
-33.1,300,963.858614
94.7,88,963.873807
-28.7,300,963.930419
-30.3,300,963.983263
-28.1,300,964.033409
101.9,26,964.037989
-44.9,300,964.090831
-31.4,300,964.140625
-26.1,300,964.190983
-29.1,300,964.248765
-43.3,300,964.30497
-32.5,300,964.356217
-68.6,300,964.409219
79.8,246,964.450793
103.7,18,964.455566
-32.2,300,964.508488
101.3,12,964.510844
-28.5,300,964.560017
101.5,6,964.562722
-76.6,300,964.614823
-27.4,300,964.664058
-30.3,300,964.714364
-28.3,300,964.765737
-34.1,300,964.816828
-29.3,300,964.865894
-26.4,300,964.91649
79.6,118,964.93772
-42.2,300,964.987092
-26.1,300,965.037327
101.5,11,965.039541
99.5,35,965.047571
93.9,116,965.06724
-28.3,300,965.117932
-29.3,300,965.167301
-29.0,300,965.220183
-73.6,300,965.269769
-77.1,300,965.32069
-30.8,300,965.370178
89.2,121,965.391671
-35.8,300,965.44237
-28.6,300,965.491567
91.8,113,965.509995
-24.9,300,965.562306
-68.3,300,965.611715
99.9,15,965.614544
-35.1,300,965.665217
-28.8,300,965.716341
-28.7,300,965.766726
-30.2,300,965.815534
-51.4,300,965.866186
-57.7,300,965.919736
-32.0,300,965.970279
102.1,14,965.97303
-26.5,300,966.02204
102.0,6,966.024565
100.3,11,966.026689
-28.3,300,966.077369
98.3,51,966.086309
78.1,123,966.108287
-35.4,300,966.158559
102.3,8,966.160203
-55.0,300,966.209713
-28.3,300,966.262208
-27.4,300,966.31179
-40.7,300,966.361311
-60.0,300,966.411912
-26.7,300,966.462746
101.5,11,966.464894
-29.6,300,966.515378
-27.0,300,966.564537
100.4,7,966.567769
102.0,11,966.569939
102.0,19,966.573967
-52.2,300,966.624169
-27.3,300,966.674966
101.6,10,966.677085
-30.7,300,966.727652
-49.0,300,966.776965
-53.6,300,966.829684
-28.0,300,966.878838
-32.0,300,966.929265
-31.4,300,966.978722
-46.1,300,967.031535
-48.1,300,967.080727
-28.1,300,967.131209
-30.7,300,967.180236
-26.1,300,967.232878
60.8,173,967.26177
-40.9,300,967.311842
-31.3,300,967.361846
103.1,10,967.365782
-42.8,300,967.416781
-30.0,300,967.466678
-53.1,300,967.516423
-32.5,300,967.568322
-29.3,300,967.617579
-64.5,300,967.668494
-29.1,300,967.71776
-25.0,300,967.789761
-31.5,300,967.83952
-31.6,300,967.890132
-26.5,300,967.941029
-29.1,300,967.992381
-46.1,300,968.041805
99.6,39,968.049071
-66.2,300,968.099292
-45.8,300,968.150627
-26.2,300,968.201281
102.8,13,968.203983
53.5,195,968.236163
-32.9,300,968.288681
-26.7,300,968.337784
-25.5,300,968.388199
-35.7,300,968.437142
-69.2,300,968.489959
57.4,249,968.531485
-28.2,300,968.581632
87.3,74,968.594031
-33.3,300,968.645602
-26.5,300,968.695806
102.0,16,968.698754
-39.3,300,968.748209
-32.6,300,968.800904
-31.9,300,968.8506
101.2,9,968.852284
-27.7,300,968.902549
-36.7,300,968.953679
100.7,9,968.955667
-27.3,300,969.005357
100.6,9,969.006957
101.7,9,969.01028
-30.8,300,969.059986
72.4,244,969.099926
-33.4,300,969.150115
-54.4,300,969.201391
79.3,271,969.247204
-28.5,300,969.296534
-59.4,300,969.347683
-28.2,300,969.398468
60.7,184,969.430215
-55.2,300,969.479473
-27.1,300,969.52924
101.3,8,969.532627
-25.6,300,969.582149
91.9,95,969.598145
83.6,120,969.617942
-46.6,300,969.670478
-27.2,300,969.719992
-27.7,300,969.770448
-28.8,300,969.819302
-40.0,300,969.871981
-28.4,300,969.921281
100.6,9,969.922957
-33.4,300,969.973367
102.8,8,969.976499
-27.8,300,970.026331
102.2,9,970.02804
89.5,80,970.041377
-31.3,300,970.092935
-63.3,300,970.142846
-26.1,300,970.194458
-30.1,300,970.243604
-77.7,300,970.297276
44.0,240,970.337558
-27.0,300,970.387803
98.2,30,970.393186
97.8,30,970.39955
-30.3,300,970.450946
-31.0,300,970.501972
-28.2,300,970.55109
99.6,15,970.55569
-72.6,300,970.606907
-28.0,300,970.656144
-27.8,300,970.706743
-36.3,300,970.757862
-69.2,300,970.808851
98.9,23,970.812938
-28.6,300,970.862375
102.9,20,970.867421
102.2,13,970.869735
102.8,17,970.87296
-34.4,300,970.923693
102.3,21,970.929106
-27.6,300,970.978541
-28.9,300,971.02919
-27.5,300,971.078387
-27.5,300,971.130224
-27.5,300,971.179401
-29.1,300,971.229631
-28.2,300,971.278906
101.6,5,971.282064
102.4,25,971.28648
-28.1,300,971.336423
-42.3,300,971.385668
-34.1,300,971.437583
-33.6,300,971.486985
-74.1,300,971.538054
96.2,51,971.546862
-27.6,300,971.597935
-62.6,300,971.648563
-27.5,300,971.697775
98.3,36,971.703879
93.6,129,971.727909
-32.3,300,971.777641
-29.8,300,971.82682
-27.7,300,971.877037
-26.7,300,971.927762
-28.1,300,971.978157
-48.1,300,972.027564
102.4,16,972.030463
99.7,15,972.03511
101.9,12,972.037383
-25.8,300,972.087701
94.3,91,972.102461
-28.5,300,972.154474
-29.1,300,972.204175
102.7,27,972.209013
-26.4,300,972.259038
83.6,84,972.275065
-27.8,300,972.324487
91.1,138,972.347578
-26.9,300,972.39772
-38.0,300,972.449422
-27.8,300,972.499324
-48.8,300,972.548178
-73.3,300,972.598875
94.1,56,972.609928
-29.1,300,972.659301
-47.1,300,972.71007
98.5,30,972.715135
98.0,47,972.72508
-27.1,300,972.774445
-26.4,300,972.824567
-27.5,300,972.873972
-29.3,300,972.927727
-67.9,300,972.977764
90.2,128,973.000183
102.2,9,973.001891
102.2,22,973.00746
-44.1,300,973.057524
-54.3,300,973.108135
-26.2,300,973.157325
-27.1,300,973.210274
100.1,17,973.213465
-63.4,300,973.263271
-27.4,300,973.313623
-32.4,300,973.364897
99.6,45,973.372379
102.8,17,973.375367
90.5,140,973.398605
-28.5,300,973.45056
-26.9,300,973.49961
-60.8,300,973.550809
-52.6,300,973.600005
-35.2,300,973.65263
-27.2,300,973.70161
101.9,20,973.705143
-30.6,300,973.755397
102.3,13,973.759662
102.8,13,973.762045
-29.1,300,973.811707
-28.1,300,973.86193
-26.6,300,973.913498
-54.3,300,973.963563
-63.3,300,974.013226
-26.2,300,974.063282
101.8,28,974.069623
-45.4,300,974.119803
-37.2,300,974.17011
93.6,41,974.177026
-27.6,300,974.228458
101.4,36,974.234605
82.2,219,974.272947
-44.5,300,974.325776
78.8,222,974.365471
-54.8,300,974.415819
-43.2,300,974.466509
-27.6,300,974.516168
-36.0,300,974.568416
-33.5,300,974.618055
-26.5,300,974.668159
100.3,11,974.670597
-73.9,300,974.723008
102.0,15,974.725826
-28.0,300,974.776034
-26.7,300,974.825509
101.3,8,974.8285
102.1,18,974.831635
57.3,197,974.865067
-74.7,300,974.915895
93.7,96,974.934079
-28.1,300,974.984403
-28.7,300,975.033658
-60.6,300,975.082433
78.9,203,975.118143
102.8,21,975.12219
-28.9,300,975.17113
-26.3,300,975.22102
-63.5,300,975.272935
-49.0,300,975.323795
-65.7,300,975.37341
101.7,9,975.375088
75.8,288,975.425491
-26.6,300,975.474816
-77.7,300,975.525912
-29.0,300,975.57501
-27.7,300,975.626661
-29.8,300,975.675493
-43.9,300,975.72549
-30.2,300,975.774786
-27.1,300,975.826947
-29.0,300,975.876421
-27.5,300,975.925616
-32.6,300,975.975569
-39.2,300,976.026971
-79.8,300,976.077211
89.6,63,976.09134
-28.4,300,976.14145
-27.2,300,976.19235
-26.0,300,976.241771
-39.3,300,976.292055
78.8,154,976.31742
73.6,296,976.369084
102.6,10,976.37116
-29.2,300,976.42078
-26.6,300,976.484931
-39.1,300,976.542492
-29.0,300,976.592677
-81.3,300,976.641624
81.6,218,976.677828
101.6,10,976.681899
103.3,13,976.684309
-29.1,300,976.733831
-31.7,300,976.783799
102.4,16,976.787942
-73.3,300,976.83792
99.3,24,976.842047
76.9,142,976.865263
89.0,68,976.878733
-27.0,300,976.928959
68.3,294,976.977381
-28.0,300,977.027592
-36.9,300,977.079024
-40.9,300,977.129153
-28.3,300,977.178273
-77.8,300,977.227888
92.3,109,977.24763
-29.0,300,977.296777
97.9,74,977.310148
-26.2,300,977.359316
-30.1,300,977.411707
-28.0,300,977.460997
-48.6,300,977.510865
-26.1,300,977.560239
87.8,140,977.585221
-74.2,300,977.636225
102.1,18,977.63923
-31.2,300,977.688206
-27.7,300,977.740515
100.0,40,977.747408
101.7,9,977.749119
-29.6,300,977.798748
-56.7,300,977.851584
-28.5,300,977.901866
101.8,21,977.905979
-29.8,300,977.957268
102.3,12,977.961076
-27.5,300,978.010501
101.5,11,978.012337
82.2,194,978.045029
-56.3,300,978.096695
-29.0,300,978.146245
-32.2,300,978.195724
-26.5,300,978.244786
-29.5,300,978.296679
-39.2,300,978.346271
-28.6,300,978.3975
-26.2,300,978.447117
-66.1,300,978.500218
-28.5,300,978.549453
-26.0,300,978.599817
-51.9,300,978.649016
-29.0,300,978.701488
-29.0,300,978.750473
-30.8,300,978.800917
-25.8,300,978.850076
-27.5,300,978.901944
-29.8,300,978.951205
-27.8,300,979.001423
100.8,18,979.004509
-30.8,300,979.05524
-26.6,300,979.104989
-29.7,300,979.15381
-47.6,300,979.204001
102.5,11,979.207666
-29.3,300,979.257391
-28.6,300,979.307283
-27.5,300,979.35662
90.1,163,979.385478
-30.5,300,979.435063
-28.5,300,979.484456
-26.1,300,979.534294
-26.3,300,979.585306
-78.4,300,979.636488
-26.0,300,979.685732
-37.3,300,979.736308
-27.1,300,979.787331
-27.7,300,979.837535
77.7,259,979.880105
-27.6,300,979.930022
102.6,27,979.936523
101.2,13,979.939267
-26.0,300,979.988653
-38.5,300,980.038738
-28.9,300,980.089176
70.3,167,980.11653
78.0,208,980.151788
101.7,9,980.153848
-47.8,300,980.20541
-27.9,300,980.255548
97.3,83,980.269298
-27.9,300,980.318345
-40.7,300,980.37101
103.4,12,980.373288
-40.4,300,980.422533
-25.9,300,980.472757
-27.0,300,980.523703
-41.6,300,980.57395
75.8,176,980.603082
-30.0,300,980.651912
-37.2,300,980.704112
85.6,185,980.734921
-26.2,300,980.785106
-52.1,300,980.83502
-27.0,300,980.887457
-29.6,300,980.936919
-53.4,300,980.987161
-38.5,300,981.037135
-29.0,300,981.087927
-58.2,300,981.13855
-26.3,300,981.187915
-47.3,300,981.238321
89.4,172,981.268877
102.8,21,981.272569
-63.9,300,981.323464
-27.0,300,981.372775
-28.0,300,981.424912
-61.1,300,981.474749
104.6,20,981.478317
-27.2,300,981.528533
-29.0,300,981.584421
-29.0,300,981.634479
-29.3,300,981.683726
64.9,203,981.716995
-26.1,300,981.768832
-61.2,300,981.818243
-42.6,300,981.868943
-27.5,300,981.91801
-28.0,300,981.969793
-26.1,300,982.018843
-71.5,300,982.06987
101.7,17,982.072915
-27.7,300,982.124543
-57.7,300,982.175109
100.2,19,982.178659
-34.3,300,982.228136
-29.6,300,982.280256
-29.0,300,982.32947
-37.5,300,982.379849
-75.8,300,982.429555
-33.1,300,982.48221
-41.5,300,982.531443
102.2,13,982.533803
100.5,65,982.544565
-27.5,300,982.597759
103.5,11,982.600021
-28.1,300,982.649188
-27.5,300,982.69952
-27.5,300,982.750553
-40.7,300,982.800855
-29.5,300,982.849773
-27.2,300,982.900899
-28.2,300,982.95281
-70.0,300,983.00402
-41.6,300,983.053408
-28.5,300,983.103787
91.8,78,983.118398
-27.2,300,983.167779
89.2,62,983.178526
102.2,9,983.180228
-70.7,300,983.232295
-26.8,300,983.28153
-30.8,300,983.331703
-30.6,300,983.381671
-30.8,300,983.43374
-27.1,300,983.482763
64.4,236,983.522769
-29.1,300,983.571804
-39.8,300,983.62409
105.1,15,983.626952
-40.0,300,983.676299
-34.9,300,983.726527
44.2,258,983.771105
-55.7,300,983.821445
-26.5,300,983.870913
-27.7,300,983.920148
-30.9,300,983.971712
-26.6,300,984.021128
-28.5,300,984.071387
-27.5,300,984.120367
-60.7,300,984.172826
99.4,19,984.176292
101.4,7,984.177808
-26.0,300,984.226819
-29.6,300,984.27911
83.1,177,984.30844
66.1,202,984.342381
-27.5,300,984.391946
-27.9,300,984.442792
-28.8,300,984.493069
-39.5,300,984.542868
-35.1,300,984.593133
-28.2,300,984.644618
-26.6,300,984.694794
-34.4,300,984.744328
-67.3,300,984.794848
101.3,8,984.797933
-35.6,300,984.847753
85.9,73,984.860042
-29.6,300,984.91033
-76.5,300,984.962904
101.9,25,984.967121
102.6,18,984.971269
-26.5,300,985.020916
-26.7,300,985.095317
-32.3,300,985.144864
103.1,10,985.146666
-29.4,300,985.197328
90.0,104,985.216477
101.1,5,985.217502
101.4,15,985.220319
-35.4,300,985.269551
-75.4,300,985.322366
-33.0,300,985.371486
-28.4,300,985.421506
101.0,6,985.423009
102.2,9,985.426175
104.5,16,985.429051
-27.5,300,985.478641
103.9,17,985.481626
-78.7,300,985.534833
102.1,15,985.537602
-38.4,300,985.586849
-43.3,300,985.63685
99.1,26,985.642691
101.8,8,985.644276
-26.7,300,985.693336
-43.0,300,985.743606
102.3,12,985.747325
73.7,273,985.793008
-31.8,300,985.843193
-57.6,300,985.892375
-34.3,300,985.944396
84.4,191,985.97543
102.5,19,985.978949
-61.6,300,986.029643
101.1,15,986.033955
-25.5,300,986.083437
-28.7,300,986.133375
93.9,92,986.148641
-72.4,300,986.200743
-38.0,300,986.251304
102.5,19,986.254856
-48.9,300,986.304406
101.3,12,986.307941
-27.5,300,986.358725
-30.7,300,986.408115
74.0,280,986.454803
-34.1,300,986.506023
-29.0,300,986.556172
83.3,164,986.583377
105.3,18,986.586461
-32.0,300,986.637528
-25.9,300,986.687796
-27.0,300,986.736614
-28.5,300,986.786925
-29.2,300,986.838089
-28.0,300,986.888258
-29.8,300,986.937289
-51.2,300,986.987808
104.2,14,986.992441
102.1,18,986.995565
-34.9,300,987.045152
-28.0,300,987.095346
-41.2,300,987.146554
-25.5,300,987.196617
-28.5,300,987.245924
-29.0,300,987.295886
79.6,230,987.335805
-52.8,300,987.386161
-41.5,300,987.435726
101.2,17,987.438677
-35.4,300,987.49086
-30.1,300,987.540208
-27.5,300,987.589283
104.4,17,987.592253
103.3,13,987.596644
-35.8,300,987.64632
-28.2,300,987.695419
-27.5,300,987.745563
89.4,106,987.765584
105.2,19,987.769012
51.6,230,987.808091
104.8,18,987.811798
101.6,14,987.81543
-66.4,300,987.865815
-28.5,300,987.917435
104.2,14,987.920428
101.1,14,987.924684
-30.0,300,987.975167
-26.9,300,988.025314
-29.8,300,988.074737
-75.1,300,988.128168
102.5,11,988.130438
-29.2,300,988.179589
-69.6,300,988.229924
102.2,14,988.233909
100.8,3,988.234768
-29.2,300,988.284232
84.6,214,988.319285
-81.1,300,988.371896
-29.1,300,988.421159
-27.7,300,988.471534
-29.5,300,988.520831
-65.2,300,988.572926
98.2,33,988.578656
80.5,206,988.612132
-32.0,300,988.662311
-27.6,300,988.713119
-28.1,300,988.763471
-26.6,300,988.812869
-27.3,300,988.862842
-27.3,300,988.914509
94.6,76,988.927266
93.5,50,988.936123
-53.0,300,988.986448
101.6,18,988.991039
98.1,44,988.998729
-79.7,300,989.049068
-36.1,300,989.099484
-35.3,300,989.150718
-31.2,300,989.200664
71.8,141,989.224505
-29.2,300,989.273693
-29.2,300,989.325425
76.6,272,989.370005
-25.8,300,989.420168
-29.0,300,989.476144
102.8,8,989.479459
-28.9,300,989.530802
-71.0,300,989.580237
-26.4,300,989.630601
-26.3,300,989.681963
-27.0,300,989.732116
-28.8,300,989.781531
-67.2,300,989.832052
-29.3,300,989.883007
-44.2,300,989.933177
94.4,87,989.947627
-30.0,300,989.996986
-31.7,300,990.050916
96.4,50,990.059466
-26.5,300,990.108072
-38.8,300,990.158255
-33.1,300,990.209273
-75.4,300,990.259755
57.7,201,990.29301
100.7,17,990.29595
-42.7,300,990.348571
101.2,22,990.352638
-30.6,300,990.40186
-31.0,300,990.452151
-28.5,300,990.503637
94.3,82,990.517182
-36.3,300,990.567532
-43.7,300,990.616929
-27.5,300,990.669067
-28.5,300,990.718332
-30.6,300,990.768643
-28.0,300,990.817621
-26.6,300,990.87043
101.6,24,990.87464
72.4,148,990.899237
-53.6,300,990.948004
44.6,237,990.989653
-29.0,300,991.038885
102.5,19,991.04195
-58.1,300,991.092856
-44.6,300,991.144268
102.6,18,991.147738
-41.0,300,991.19812
100.9,7,991.199613
-54.1,300,991.251345
-44.8,300,991.302226
-29.1,300,991.35138
-38.8,300,991.401759
79.9,181,991.433934
-28.7,300,991.484014
102.2,17,991.487272
-27.2,300,991.536514
-27.5,300,991.588549
-32.2,300,991.637893
-51.6,300,991.68797
-29.4,300,991.737361
-25.7,300,991.788836
-28.2,300,991.838511
-27.0,300,991.88777
-44.0,300,991.937766
-80.1,300,991.989686
100.2,17,991.992693
85.1,97,992.010344
102.1,18,992.013589
99.2,46,992.023415
100.8,12,992.025724
-56.3,300,992.075772
82.6,99,992.091613
-30.7,300,992.143354
-45.4,300,992.192369
100.8,12,992.194606
-27.7,300,992.244688
-35.2,300,992.296405
-28.0,300,992.346562
-28.1,300,992.395914
104.5,16,992.398858
-29.0,300,992.451193
-27.5,300,992.500497
100.9,11,992.502684
100.8,3,992.503531
86.2,79,992.519409
102.5,19,992.522695
103.5,11,992.524922
-39.6,300,992.57493
95.7,42,992.584363
-30.1,300,992.634374
102.1,18,992.637547
84.7,113,992.65668
88.7,135,992.68084
-44.7,300,992.731019
-53.5,300,992.780785
-35.1,300,992.830054
-74.6,300,992.882761
-51.0,300,992.933715
-32.5,300,992.984307
-41.6,300,993.033966
-49.6,300,993.086814
-40.2,300,993.136029
101.6,18,993.139404
102.8,8,993.140968
-29.3,300,993.193124
-28.8,300,993.242205
-29.6,300,993.292779
-29.5,300,993.341433
62.4,173,993.372987
93.1,107,993.390844
61.4,168,993.419025
-25.5,300,993.468585
-26.2,300,993.51974
-26.0,300,993.568833
-28.3,300,993.619091
-35.7,300,993.668192
69.9,274,993.716758
-31.4,300,993.765872
-35.1,300,993.836341
-27.0,300,993.885338
-66.7,300,993.93682
86.5,110,993.955387
-35.0,300,994.006033
-41.9,300,994.055364
-27.3,300,994.10743
103.7,29,994.11242
53.9,259,994.155479
102.9,12,994.15776
101.5,10,994.1613
-28.2,300,994.211681
102.3,31,994.217105
-75.2,300,994.266714
97.2,34,994.273822
-29.1,300,994.324273
101.8,16,994.327218
102.1,19,994.330883
-30.3,300,994.382091
86.4,69,994.393548
102.8,13,994.396223
-28.0,300,994.446566
101.5,6,994.449123
97.6,70,994.461419
-31.0,300,994.510509
93.4,80,994.524832
102.5,11,994.527856
-28.6,300,994.577627
-29.0,300,994.627616
-28.9,300,994.677165
-29.3,300,994.729485
88.8,98,994.746416
-28.8,300,994.79528
-27.9,300,994.845392
-27.5,300,994.896676
92.8,46,994.904535
104.2,19,994.908056
-30.2,300,994.958507
-42.9,300,995.009849
-27.6,300,995.060124
101.0,19,995.06375
-60.1,300,995.113488
103.4,12,995.117249
-53.1,300,995.168019
104.2,14,995.170504
98.6,45,995.17851
-34.4,300,995.229786
54.2,222,995.267071
101.6,14,995.269914
94.9,76,995.282707
-69.0,300,995.334364
104.1,15,995.336901
-29.9,300,995.386943
100.8,3,995.387772
98.6,41,995.396377
-27.5,300,995.445678
-60.1,300,995.495633
-38.6,300,995.545026
-33.6,300,995.59748
-32.6,300,995.646426
102.4,7,995.647969
-27.9,300,995.698002
-44.9,300,995.749359
101.3,21,995.752987
-47.9,300,995.803274
-29.3,300,995.852635
-32.1,300,995.904752
-30.1,300,995.954711
-42.5,300,996.004927
-29.4,300,996.053895
-27.0,300,996.105962
98.5,34,996.112395
-30.0,300,996.161752
-27.5,300,996.211384
-29.1,300,996.261889
-35.1,300,996.310719
-30.8,300,996.360722
-28.7,300,996.4096
-29.9,300,996.462089
-35.2,300,996.51099
85.9,82,996.525396
-58.5,300,996.575624
-29.6,300,996.62646
-28.5,300,996.676608
-36.7,300,996.725688
-28.1,300,996.776011
47.8,298,996.827054
100.1,18,996.830041
-44.2,300,996.880365
102.3,42,996.887797
-27.2,300,996.9396
101.3,12,996.942621
-38.0,300,996.992264
95.8,86,997.006605
-44.6,300,997.058901
-53.9,300,997.108684
-37.3,300,997.158775
-30.8,300,997.20847
101.6,18,997.213797
-75.0,300,997.264583
101.7,13,997.266922
-31.2,300,997.31611
-40.4,300,997.368249
102.2,26,997.373073
-53.3,300,997.422965
-69.8,300,997.473232
-27.2,300,997.524196
90.7,113,997.542773
-37.3,300,997.592841
-43.6,300,997.642717
-27.7,300,997.695092
-32.5,300,997.744298
-62.2,300,997.795283
-60.9,300,997.844648
102.0,21,997.849773
-37.3,300,997.900415
58.0,294,997.950944
-38.3,300,998.001746
-29.0,300,998.053613
101.5,21,998.057252
-72.9,300,998.108206
-29.0,300,998.157805
101.8,8,998.160826
104.5,16,998.163828
-28.0,300,998.214474
-44.0,300,998.264108
-26.6,300,998.316074
101.4,16,998.319045
-45.8,300,998.369105
-58.9,300,998.420107
101.8,8,998.423498
104.1,15,998.426414
-27.6,300,998.476187
-72.4,300,998.526635
98.2,31,998.533263
101.7,13,998.536011
-73.2,300,998.586164
105.0,16,998.589135
-73.8,300,998.642211
-76.2,300,998.692166
-28.0,300,998.742691
-28.5,300,998.791994
101.8,8,998.795139
103.4,12,998.79738
-73.8,300,998.848479
-29.0,300,998.897509
-31.0,300,998.950738
88.3,124,998.971635
-26.8,300,999.020814
73.4,188,999.053029
-28.5,300,999.10487
101.5,14,999.107316
103.1,10,999.10942
101.7,9,999.111013
103.7,18,999.115605
91.1,54,999.125636
-76.9,300,999.176669
101.4,7,999.178241
-27.7,300,999.229585
104.2,14,999.232042
-67.0,300,999.283005
73.8,265,999.326439
-53.7,300,999.37832
-46.0,300,999.427735
101.8,8,999.429338
100.8,16,999.432296
-29.7,300,999.484306
-45.3,300,999.533416
-27.3,300,999.583594
-65.8,300,999.63347
-47.3,300,999.686116
-29.1,300,999.735234
-35.5,300,999.785185
103.0,11,999.787602
-39.6,300,999.838967
-29.0,300,999.889131
102.2,9,999.89081
104.2,14,999.893812
-64.9,300,999.945293
-77.0,300,999.995738
-34.4,300,1000.045563
52.7,194,1000.077623
100.6,9,1000.081132
-29.2,300,1000.132107
-28.0,300,1000.180919
96.8,37,1000.187181
-50.1,300,1000.239707
-70.1,300,1000.289207
-39.3,300,1000.339193
-32.6,300,1000.388218
-28.0,300,1000.44054
-73.7,300,1000.489492
-40.7,300,1000.539967
99.6,55,1000.549314
-78.3,300,1000.60125
-74.4,300,1000.652508
-30.3,300,1000.701985
-26.6,300,1000.752435
-38.9,300,1000.804237
101.7,17,1000.807236
98.0,36,1000.813469
95.3,60,1000.823507
77.6,101,1000.842568
-35.1,300,1000.892205
100.8,12,1000.89446
-72.5,300,1000.945397
99.4,61,1000.957157
-32.9,300,1001.006494
81.1,185,1001.037934
-27.3,300,1001.087429
-51.1,300,1001.139523
-32.4,300,1001.189868
103.1,10,1001.191691
100.1,50,1001.200433
-27.0,300,1001.252527
-42.0,300,1001.302635
-35.1,300,1001.352902
-44.1,300,1001.402752
93.3,75,1001.416986
101.5,14,1001.419801
101.0,6,1001.420887
-33.0,300,1001.471979
-26.9,300,1001.523068
-73.6,300,1001.573841
103.0,11,1001.576059
76.1,264,1001.619698
-27.0,300,1001.671625
103.6,15,1001.674566
-47.3,300,1001.724491
-56.4,300,1001.774786
-28.0,300,1001.82582
-29.0,300,1001.87477
96.1,59,1001.88544
-29.1,300,1001.934868
-28.9,300,1001.986532
-33.4,300,1002.036125
104.2,14,1002.038504
-36.8,300,1002.087927
-28.8,300,1002.139918
-31.6,300,1002.189054
50.9,291,1002.237895
97.1,44,1002.245404
-46.0,300,1002.296669
102.1,18,1002.299755
56.6,283,1002.347584
-31.8,300,1002.396673
100.4,47,1002.407161
102.4,7,1002.408685
-28.6,300,1002.458503
99.3,46,1002.466206
94.3,69,1002.492633
-61.7,300,1002.551052
-66.3,300,1002.599853
-32.7,300,1002.649905
-27.0,300,1002.700509
-38.1,300,1002.750998
90.2,76,1002.763701
-29.1,300,1002.813416
103.4,21,1002.819437
101.3,12,1002.821805
103.9,12,1002.825011
-69.0,300,1002.875444
101.3,12,1002.879136
103.8,13,1002.881542
69.9,160,1002.909383
-70.1,300,1002.961356
103.9,12,1002.965249
-27.7,300,1003.015165
-27.1,300,1003.065545
-70.5,300,1003.114871
-28.4,300,1003.166719
-30.8,300,1003.215717
-28.3,300,1003.266104
58.8,191,1003.297942
101.9,7,1003.300584
-55.0,300,1003.351049
-74.0,300,1003.40131
-27.4,300,1003.451248
-27.6,300,1003.503016
102.7,22,1003.507117
-28.7,300,1003.556787
-27.7,300,1003.606628
-25.6,300,1003.656902
105.1,20,1003.661295
-30.1,300,1003.710579
-39.8,300,1003.759416
-28.5,300,1003.810997
-50.9,300,1003.86056
-29.0,300,1003.912001
79.5,221,1003.947967
-30.0,300,1004.000497
-29.0,300,1004.049537
-49.3,300,1004.100172
-28.5,300,1004.149262
103.5,16,1004.153707
-28.1,300,1004.204376
68.2,146,1004.229058
-28.7,300,1004.278118
-27.0,300,1004.330327
87.4,171,1004.35818
100.4,10,1004.360349
-27.1,300,1004.412055
-29.2,300,1004.463231
-73.5,300,1004.514005
-29.5,300,1004.563096
98.3,40,1004.569787
-38.5,300,1004.621596
101.1,34,1004.627301
102.5,15,1004.630245
-29.0,300,1004.679087
94.3,103,1004.698344
-27.5,300,1004.748863
-34.4,300,1004.797754
104.6,20,1004.801363
102.0,6,1004.803866
-49.1,300,1004.854656
-30.1,300,1004.904323
44.4,291,1004.95358
-32.4,300,1005.005209
105.2,19,1005.008742
74.4,251,1005.051469
-35.9,300,1005.100897
-28.3,300,1005.153118
102.6,14,1005.155568
-71.1,300,1005.205542
101.7,13,1005.207822
-74.0,300,1005.260257
-58.0,300,1005.310011
-28.5,300,1005.359962
-27.1,300,1005.409373
-62.3,300,1005.461843
98.7,44,1005.469348
-41.4,300,1005.518891
-43.3,300,1005.569319
-36.1,300,1005.620221
-27.2,300,1005.670505
-27.4,300,1005.719676
-29.9,300,1005.769515
-29.5,300,1005.821389
-55.7,300,1005.871425
-63.6,300,1005.921583
-28.0,300,1005.970659
-27.0,300,1006.022261
-30.0,300,1006.071577
-27.5,300,1006.121791
-71.7,300,1006.170896
-75.8,300,1006.223366
-71.6,300,1006.273285
-30.0,300,1006.323795
-46.3,300,1006.373271
100.7,19,1006.378458
-28.0,300,1006.42932
-28.1,300,1006.478759
99.9,61,1006.488893
-29.8,300,1006.540921
-29.1,300,1006.590422
-28.7,300,1006.640806
-31.7,300,1006.689957
101.9,34,1006.697808
-39.2,300,1006.748229
103.6,15,1006.751001
-35.8,300,1006.800309
-37.1,300,1006.853173
102.0,11,1006.854998
-34.0,300,1006.90427
100.8,3,1006.905129
102.2,9,1006.908302
-29.6,300,1006.958921
67.3,192,1006.991002
-48.0,300,1007.041973
-33.0,300,1007.093311
102.3,12,1007.095639
-70.2,300,1007.146579
-26.2,300,1007.196122
-37.9,300,1007.248066
76.4,130,1007.269924
-26.6,300,1007.318975
-26.7,300,1007.36942
-26.7,300,1007.421009
-27.6,300,1007.471558
-55.9,300,1007.52117
-26.7,300,1007.571208
-26.1,300,1007.622269
-29.0,300,1007.672729
-27.1,300,1007.721904
-24.6,300,1007.772243
-26.6,300,1007.823409
-55.9,300,1007.874086
100.0,13,1007.876501
103.5,16,1007.879568
-27.0,300,1007.932699
-54.5,300,1007.983241
-34.0,300,1008.03249
-28.5,300,1008.082575
-75.0,300,1008.134587
100.6,18,1008.138002
-28.8,300,1008.187982
-28.7,300,1008.23744
105.2,19,1008.242491
103.8,13,1008.245274
95.2,79,1008.258386
-37.4,300,1008.309012
-28.8,300,1008.360205
-34.3,300,1008.410435
102.0,6,1008.411904
-27.3,300,1008.460742
-44.0,300,1008.512989
-28.5,300,1008.562071
102.8,13,1008.564381
-40.8,300,1008.614577
-35.6,300,1008.666017
-42.6,300,1008.716845
-28.4,300,1008.766237
-46.5,300,1008.816173
96.4,52,1008.826535
-27.2,300,1008.876237
-33.9,300,1008.926971
83.8,99,1008.943793
-35.5,300,1008.995532
-28.4,300,1009.046046
-61.8,300,1009.095645
-31.8,300,1009.145696
-70.6,300,1009.197084
-27.7,300,1009.247378
-27.1,300,1009.296413
-56.2,300,1009.346572
-38.9,300,1009.397819
-27.3,300,1009.44776
-39.8,300,1009.497507
-62.4,300,1009.547893
61.3,230,1009.587639
95.5,66,1009.598899
-28.0,300,1009.648054
-73.1,300,1009.698956
-30.2,300,1009.750056
-27.8,300,1009.800261
-28.1,300,1009.849495
-74.4,300,1009.900743
-74.6,300,1009.953166
104.9,17,1009.956209
-69.5,300,1010.007043
-28.8,300,1010.056436
-29.7,300,1010.108875
-28.5,300,1010.158439
102.7,14,1010.161211
-62.4,300,1010.21233
104.5,21,1010.217385
102.5,16,1010.220389
-36.5,300,1010.26974
-26.1,300,1010.320375
-37.4,300,1010.371807
-28.3,300,1010.421777
-29.6,300,1010.471048
-27.3,300,1010.521124
101.9,16,1010.525523
-63.3,300,1010.575626
101.7,9,1010.577331
-36.7,300,1010.627915
-37.4,300,1010.679753
-70.7,300,1010.730781
101.2,18,1010.734115
101.2,4,1010.734995
-28.6,300,1010.786169
-29.0,300,1010.836411
-58.4,300,1010.886188
103.2,22,1010.889796
102.0,19,1010.894718
100.8,3,1010.895583
102.3,17,1010.905504
-73.5,300,1010.969748
-69.3,300,1011.021201
-25.9,300,1011.071445
-27.1,300,1011.12094
102.5,24,1011.125244
-65.4,300,1011.177103
102.5,11,1011.179295
-64.7,300,1011.228221
102.8,17,1011.231176
-32.9,300,1011.283739
-28.2,300,1011.332443
-71.1,300,1011.383481
103.0,24,1011.387807
102.4,16,1011.392144
-26.1,300,1011.441588
62.1,176,1011.471888
-50.7,300,1011.521052
-28.6,300,1011.573012
-39.5,300,1011.622484
-30.6,300,1011.67315
-27.3,300,1011.722561
-27.3,300,1011.774334
-30.3,300,1011.823582
-28.6,300,1011.873182
-66.7,300,1011.922446
101.3,16,1011.92682
-29.2,300,1011.97727
-26.6,300,1012.026536
67.9,169,1012.053888
-28.9,300,1012.106603
-26.6,300,1012.15575
-31.6,300,1012.206331
104.5,21,1012.209876
101.3,16,1012.214084
-59.1,300,1012.264028
-34.4,300,1012.314319
-40.2,300,1012.363669
-31.2,300,1012.415792
105.2,19,1012.419273
104.4,17,1012.422293
-28.1,300,1012.471337
-25.8,300,1012.523832
-28.6,300,1012.573037
-29.7,300,1012.623089
-68.4,300,1012.672907
-51.0,300,1012.724836
-27.5,300,1012.774308
-31.2,300,1012.824573
-30.0,300,1012.873791
-29.1,300,1012.926858
-61.7,300,1012.978042
55.1,267,1013.023552
-37.6,300,1013.073619
-44.7,300,1013.126034
90.2,60,1013.136539
-27.5,300,1013.185832
-31.5,300,1013.23593
-63.8,300,1013.287446
-29.0,300,1013.337546
100.6,15,1013.340363
-37.1,300,1013.389776
-29.8,300,1013.441806
-26.6,300,1013.49138
-29.7,300,1013.541307
101.5,6,1013.542402
103.3,21,1013.548056
-53.6,300,1013.597652
99.0,70,1013.609145
-68.4,300,1013.659959
-28.0,300,1013.711406
104.8,23,1013.715574
-26.8,300,1013.765907
-48.1,300,1013.815118
-40.5,300,1013.867293
102.9,12,1013.86964
95.9,58,1013.879501
102.2,17,1013.882944
-71.0,300,1013.9346
102.9,12,1013.936874
-40.4,300,1013.987607
-28.1,300,1014.036739
-44.9,300,1014.089334
101.8,8,1014.090963
-41.2,300,1014.140803
-61.7,300,1014.191588
-26.2,300,1014.242412
100.8,28,1014.247239
-32.8,300,1014.297391
-29.3,300,1014.346701
-28.2,300,1014.399233
-57.1,300,1014.449275
-33.1,300,1014.49963
-33.8,300,1014.548759
-62.6,300,1014.601069
79.2,94,1014.616683
96.7,29,1014.621592
-29.9,300,1014.670611
-54.1,300,1014.722546
86.3,166,1014.750369
-28.1,300,1014.800317
-28.0,300,1014.849847
-45.6,300,1014.901886
78.3,98,1014.918591
-33.4,300,1014.968042
-61.5,300,1015.019152
-29.0,300,1015.070401
-27.6,300,1015.120192
-27.5,300,1015.169815
-36.0,300,1015.219665
87.7,172,1015.250364
-31.1,300,1015.29936
104.1,15,1015.302226
87.3,157,1015.328977
83.5,177,1015.360328
-42.2,300,1015.4099
-29.2,300,1015.460621
101.1,10,1015.462369
-31.1,300,1015.513621
-31.9,300,1015.563562
-28.6,300,1015.612621
-28.1,300,1015.662867
-28.0,300,1015.714311
-72.0,300,1015.76511
-41.2,300,1015.814713
-29.7,300,1015.865148
-25.5,300,1015.916024
-24.6,300,1015.965891
-41.9,300,1016.015203
104.7,19,1016.018681
-28.1,300,1016.071082
101.6,18,1016.074145
-38.5,300,1016.123789
-37.8,300,1016.174062
-60.2,300,1016.225342
-27.2,300,1016.275224
-73.6,300,1016.325721
-28.3,300,1016.375193
102.6,10,1016.378818
98.6,40,1016.385832
-63.4,300,1016.435383
102.8,13,1016.437729
-35.4,300,1016.490186
104.9,17,1016.493208
88.5,115,1016.512614
104.0,16,1016.515505
-25.6,300,1016.566567
-28.3,300,1016.616782
-29.7,300,1016.665926
-30.0,300,1016.716326
-29.5,300,1016.767897
-37.0,300,1016.819078
-36.4,300,1016.868324
102.6,14,1016.871087
-63.5,300,1016.923653
-31.4,300,1016.972684
84.3,232,1017.011756
102.0,26,1017.016101
-29.9,300,1017.06711
-53.6,300,1017.117445
103.3,13,1017.119845
-60.6,300,1017.169706
-40.1,300,1017.222298
-79.6,300,1017.27185
-33.9,300,1017.322112
-27.2,300,1017.371927
-41.0,300,1017.422988
-69.3,300,1017.473416
-76.6,300,1017.523531
102.5,11,1017.5257
-28.0,300,1017.578173
-33.2,300,1017.627267
102.2,9,1017.628935
-26.8,300,1017.679085
77.0,97,1017.697553
47.5,204,1017.731925
-27.0,300,1017.7824
-28.6,300,1017.831623
-28.5,300,1017.88379
-28.3,300,1017.934816
101.9,7,1017.936123
-53.8,300,1017.987597
-70.0,300,1018.039914
104.6,15,1018.042821
-27.6,300,1018.093546
-42.1,300,1018.143197
-73.7,300,1018.19641
-67.7,300,1018.245772
87.0,171,1018.27511
-58.7,300,1018.324367
-30.2,300,1018.376787
104.8,23,1018.381121
86.8,191,1018.412373
-39.3,300,1018.461437
-39.8,300,1018.513141
-27.5,300,1018.562356
-28.0,300,1018.612841
100.8,16,1018.615715
104.5,16,1018.620148
-28.0,300,1018.669561
-36.9,300,1018.719697
-26.2,300,1018.769001
90.9,151,1018.797261
-29.2,300,1018.846594
87.8,151,1018.871648
-37.9,300,1018.921746
-37.2,300,1018.972905
100.9,12,1018.97516
-52.5,300,1019.02569
-26.6,300,1019.074819
-64.8,300,1019.127613
-33.2,300,1019.176889
-52.5,300,1019.227355
-29.5,300,1019.276264
76.3,200,1019.311788
-34.0,300,1019.361258
-79.0,300,1019.410314
103.5,11,1019.412499
-26.2,300,1019.464346
-82.1,300,1019.514305
104.4,17,1019.517311
93.1,122,1019.538424
-39.4,300,1019.590194
-28.2,300,1019.640181
-27.9,300,1019.6895
-30.1,300,1019.739407
104.4,17,1019.74422
82.8,189,1019.775757
-30.3,300,1019.82487
-61.9,300,1019.875944
-42.1,300,1019.927542
-26.6,300,1019.97747
-27.4,300,1020.026746
-29.8,300,1020.076407
96.9,39,1020.084469
82.1,154,1020.131185
-36.3,300,1020.181618
90.4,126,1020.202481
104.7,14,1020.206383
-47.2,300,1020.2562
-45.6,300,1020.306668
-32.1,300,1020.35593
-28.0,300,1020.407766
80.3,252,1020.448952
93.1,82,1020.46287
-46.9,300,1020.51335
93.6,52,1020.523604
72.2,123,1020.544105
86.6,110,1020.562724
-48.9,300,1020.613285
-27.5,300,1020.664718
-27.5,300,1020.714529
-27.4,300,1020.76325
-39.9,300,1020.813041
104.4,17,1020.817486
-41.9,300,1020.867427
-46.1,300,1020.917672
79.5,251,1020.958898
102.7,9,1020.962106
-26.3,300,1021.01282
-28.7,300,1021.062301
-35.3,300,1021.112389
104.1,15,1021.116798
-26.0,300,1021.166355
-56.4,300,1021.216847
-27.2,300,1021.265734
-26.6,300,1021.317287
-31.2,300,1021.366781
-28.0,300,1021.416352
93.0,131,1021.438552
-27.2,300,1021.48939
30.9,284,1021.5368
-28.6,300,1021.585789
-37.0,300,1021.636456
-39.7,300,1021.68753
-29.8,300,1021.737626
104.8,18,1021.740698
-36.2,300,1021.790162
97.5,51,1021.80058
102.4,7,1021.80209
-80.5,300,1021.853581
-34.8,300,1021.902938
-50.3,300,1021.955313
102.3,8,1021.956939
102.5,20,1021.960481
87.6,79,1021.973539
99.2,20,1021.978562
-26.2,300,1022.027875
-39.6,300,1022.078195
-72.3,300,1022.127725
-72.7,300,1022.180235
-27.3,300,1022.229585
-76.0,300,1022.280056
-41.5,300,1022.329128
-46.3,300,1022.381379
105.0,16,1022.38433
-25.5,300,1022.433377
-30.8,300,1022.483609
-50.2,300,1022.534831
-72.2,300,1022.585117
-34.7,300,1022.634635
-58.1,300,1022.684504
-43.0,300,1022.736413
-37.5,300,1022.786609
-45.0,300,1022.83645
-24.3,300,1022.885956
102.0,24,1022.891727
-71.7,300,1022.942603
-65.1,300,1022.993338
-47.0,300,1023.043514
-27.2,300,1023.095791
-25.5,300,1023.145323
-27.1,300,1023.194504
-30.8,300,1023.245036
-53.5,300,1023.296461
-26.2,300,1023.346787
-26.8,300,1023.396261
-48.4,300,1023.446591
-64.3,300,1023.497762
-38.3,300,1023.548104
-63.1,300,1023.597088
-47.2,300,1023.647842
-65.1,300,1023.699187
-29.7,300,1023.749356
-27.2,300,1023.798601
-28.7,300,1023.848578
70.5,286,1023.896893
-46.7,300,1023.947126
-33.6,300,1023.99622
102.9,20,1023.999801
102.8,13,1024.003886
-27.9,300,1024.054562
-28.4,300,1024.103613
-46.7,300,1024.153617
104.7,19,1024.158619
-65.0,300,1024.209018
102.7,9,1024.210729
-26.7,300,1024.260869
103.9,17,1024.265422
-32.4,300,1024.315136
104.6,15,1024.317988
-35.3,300,1024.368283
-57.6,300,1024.420151
-27.9,300,1024.470492
-28.7,300,1024.519567
-27.2,300,1024.569325
-31.1,300,1024.620509
-66.0,300,1024.670313
-26.2,300,1024.719996
100.9,27,1024.724827
-44.0,300,1024.776759
-28.5,300,1024.826579
-59.9,300,1024.877217
-39.7,300,1024.92681
100.5,11,1024.930561
87.7,103,1024.94791
-26.0,300,1024.998502
-39.3,300,1025.04778
-29.3,300,1025.099861
-55.2,300,1025.149533
-73.2,300,1025.199503
-45.9,300,1025.249076
-40.4,300,1025.301371
102.5,19,1025.30519
-28.1,300,1025.354732
-30.2,300,1025.404471
-27.0,300,1025.455551
-30.0,300,1025.504522
-58.3,300,1025.555239
-27.5,300,1025.604202
-29.3,300,1025.656089
-28.8,300,1025.705027
-27.0,300,1025.755536
-27.3,300,1025.804744
102.8,25,1025.810854
-59.7,300,1025.861548
-31.0,300,1025.912479
-67.0,300,1025.962937
-28.9,300,1026.014116
102.4,29,1026.019467
101.0,6,1026.020566
88.3,88,1026.036331
-28.7,300,1026.087819
-39.1,300,1026.138013
101.5,39,1026.145075
-34.6,300,1026.194525
-29.6,300,1026.246343
102.6,19,1026.249924
-44.8,300,1026.300062
-33.4,300,1026.349832
95.4,83,1026.365884
103.7,19,1026.369353
-39.2,300,1026.41908
-25.7,300,1026.469393
-43.0,300,1026.520978
103.4,16,1026.523953
-27.5,300,1026.574343
95.9,86,1026.589023
-39.4,300,1026.640524
-67.3,300,1026.690729
-30.7,300,1026.739885
-52.0,300,1026.79013
-46.0,300,1026.841522
-41.4,300,1026.8922
-64.7,300,1026.94219
101.1,13,1026.944585
-29.4,300,1026.996644
-29.1,300,1027.045906
-29.7,300,1027.095835
-32.9,300,1027.145137
-31.1,300,1027.197743
-39.7,300,1027.246923
-72.2,300,1027.298485
35.8,247,1027.339992
103.0,19,1027.34456
-39.4,300,1027.394463
-28.4,300,1027.444688
-29.9,300,1027.493811
-27.7,300,1027.545854
100.5,13,1027.548623
102.0,11,1027.550415
83.6,187,1027.581267
40.2,221,1027.621476
-46.0,300,1027.671148
-70.4,300,1027.721794
-25.5,300,1027.771232
-26.0,300,1027.823188
103.0,16,1027.826253
102.1,19,1027.829908
101.3,8,1027.831492
-27.3,300,1027.882984
104.8,18,1027.886419
-28.4,300,1027.937527
-29.2,300,1027.987605
-68.6,300,1028.040238
-27.2,300,1028.089555
-42.0,300,1028.140143
-63.6,300,1028.190123
-27.0,300,1028.24172
-29.1,300,1028.291273
94.3,93,1028.306744
70.4,247,1028.348266
102.1,10,1028.351655
-25.6,300,1028.401495
-30.0,300,1028.451528
-29.5,300,1028.500938
-43.1,300,1028.553053
-35.1,300,1028.602534
55.2,216,1028.63768
-31.4,300,1028.687964
-28.1,300,1028.760916
-70.2,300,1028.810029
61.7,185,1028.840434
-44.4,300,1028.890573
-36.4,300,1028.941522
-61.2,300,1028.992196
91.3,60,1029.002106
-66.1,300,1029.0521
-28.1,300,1029.104211
104.6,15,1029.107099
-37.5,300,1029.156588
-28.7,300,1029.206927
102.9,20,1029.212311
-50.6,300,1029.262415
-33.1,300,1029.312785
-28.0,300,1029.361939
-28.8,300,1029.414204
-49.3,300,1029.463484
-30.0,300,1029.513693
-29.8,300,1029.562928
-42.3,300,1029.615735
-28.4,300,1029.66473
-27.2,300,1029.715073
-25.5,300,1029.764081
-28.6,300,1029.816127
-60.0,300,1029.865753
-68.4,300,1029.915761
-29.4,300,1029.965214
-36.8,300,1030.017547
-64.6,300,1030.067316
-79.1,300,1030.118065
-29.7,300,1030.16769
104.2,14,1030.172338
-29.1,300,1030.222201
-27.4,300,1030.272354
-29.2,300,1030.321585
-42.5,300,1030.373521
83.6,194,1030.404954
-29.5,300,1030.45516
-29.7,300,1030.504417
-29.5,300,1030.556759
-25.5,300,1030.606293
102.2,13,1030.608636
104.0,16,1030.611572
-31.9,300,1030.663379
-30.2,300,1030.712912
-39.9,300,1030.763452
-61.2,300,1030.813252
-28.4,300,1030.865446
83.1,187,1030.89698
-44.1,300,1030.945981
101.3,8,1030.947594
104.0,16,1030.952289
-49.6,300,1031.003549
-80.8,300,1031.053547
-29.0,300,1031.104119
-28.0,300,1031.155347
-32.6,300,1031.205446
-30.8,300,1031.254536
-50.8,300,1031.30489
-26.9,300,1031.356407
-32.9,300,1031.406715
103.2,14,1031.409491
99.2,29,1031.414485
102.2,9,1031.417671
-32.6,300,1031.467251
97.4,27,1031.472065
-40.6,300,1031.522368
-37.6,300,1031.573134
-27.3,300,1031.623565
90.5,104,1031.640745
-30.2,300,1031.689588
-38.1,300,1031.742245
102.4,16,1031.7452
-25.8,300,1031.794299
104.1,15,1031.797111
-26.0,300,1031.848888
55.6,198,1031.881675
-38.6,300,1031.932346
-42.9,300,1031.981534
-74.4,300,1032.035191
104.7,14,1032.037998
-63.6,300,1032.08696
-27.5,300,1032.137504
-28.9,300,1032.188406
-48.8,300,1032.238614
-26.5,300,1032.287899
103.1,15,1032.290419
87.3,135,1032.314779
-71.6,300,1032.365572
72.0,200,1032.398562
-28.9,300,1032.448613
101.9,19,1032.45391
-42.3,300,1032.503885
-29.2,300,1032.5542
-27.2,300,1032.603269
-30.4,300,1032.655228
-26.3,300,1032.70505
-55.5,300,1032.755317
-35.7,300,1032.804675
-42.4,300,1032.856791
-43.6,300,1032.906568
102.1,14,1032.908941
102.7,9,1032.910997
103.1,15,1032.914957
-27.1,300,1032.966586
103.5,16,1032.96956
64.8,232,1033.008468
79.1,238,1033.049834
103.8,13,1033.052194
-41.8,300,1033.102583
100.7,12,1033.104828
-38.5,300,1033.156337
104.8,18,1033.159832
-63.8,300,1033.210817
-48.1,300,1033.260146
-38.8,300,1033.312774
-29.6,300,1033.36189
-27.3,300,1033.412471
-38.7,300,1033.461716
102.9,20,1033.467045
102.7,9,1033.46875
102.0,15,1033.471782
-27.5,300,1033.522395
-31.5,300,1033.573641
103.1,26,1033.578117
-53.7,300,1033.629066
94.7,62,1033.639571
79.6,90,1033.656237
-29.4,300,1033.706667
-77.1,300,1033.756862
-29.3,300,1033.806887
-38.0,300,1033.858677
104.7,19,1033.862254
-57.0,300,1033.912502
-45.6,300,1033.961974
-63.3,300,1034.013996
-51.1,300,1034.063271
-30.3,300,1034.111926
-52.3,300,1034.162356
82.3,97,1034.180471
-44.7,300,1034.230856
-26.6,300,1034.280434
-36.1,300,1034.329971
74.7,194,1034.364036
-30.9,300,1034.413112
-40.7,300,1034.463634
-55.6,300,1034.513168
-35.5,300,1034.566093
-61.1,300,1034.61575
-68.3,300,1034.666698
-52.6,300,1034.71604
-29.2,300,1034.769002
-27.6,300,1034.818058
-30.4,300,1034.867919
-28.2,300,1034.916824
-65.5,300,1034.968868
104.2,14,1034.971327
-28.2,300,1035.020564
102.5,15,1035.023398
-28.4,300,1035.075597
102.7,9,1035.07734
-34.7,300,1035.126778
-42.9,300,1035.177025
-25.5,300,1035.228258
102.8,17,1035.231266
102.2,17,1035.234581
-31.0,300,1035.285094
-58.5,300,1035.336379
-28.5,300,1035.386042
-27.4,300,1035.435766
-30.4,300,1035.484762
-40.8,300,1035.53676
-28.2,300,1035.585581
-29.0,300,1035.635683
-43.1,300,1035.685047
-42.8,300,1035.737311
-31.0,300,1035.786169
103.4,16,1035.789039
93.0,53,1035.797672
-59.9,300,1035.850561
-55.3,300,1035.899734
-47.5,300,1035.950133
-38.1,300,1035.999448
-33.7,300,1036.051764
-29.0,300,1036.100821
-27.6,300,1036.151371
-27.5,300,1036.200365
101.9,7,1036.203432
-27.1,300,1036.254218
54.7,298,1036.303321
102.1,18,1036.306807
79.5,95,1036.324662
-31.8,300,1036.375366
101.4,15,1036.378291
93.0,64,1036.389182
-29.1,300,1036.441122
-26.7,300,1036.490627
-35.8,300,1036.540612
-59.6,300,1036.590681
-41.7,300,1036.642332
-40.1,300,1036.692718
-28.5,300,1036.742597
-28.7,300,1036.792883
96.0,70,1036.806504
-25.6,300,1036.856964
-29.7,300,1036.906617
99.6,30,1036.911633
92.9,82,1036.927224
-31.8,300,1036.978256
103.5,25,1036.982625
102.3,12,1036.984886
-70.2,300,1037.036282
-57.0,300,1037.087074
-35.4,300,1037.136118
-28.0,300,1037.186073
-26.9,300,1037.237613
-27.8,300,1037.287628
-54.6,300,1037.343159
-27.5,300,1037.408935
-30.6,300,1037.460395
100.9,11,1037.462608
-26.9,300,1037.512821
-34.6,300,1037.562071
-27.5,300,1037.613736
99.2,49,1037.621845
-38.1,300,1037.670811
-26.5,300,1037.720703
-76.5,300,1037.772426
102.9,16,1037.775337
102.1,19,1037.778754
103.0,15,1037.781255
-73.9,300,1037.833937
97.4,72,1037.846043
-63.0,300,1037.89512
-68.6,300,1037.947372
-28.1,300,1037.999289
-38.5,300,1038.050417
-46.2,300,1038.099553
-42.5,300,1038.149995
-29.2,300,1038.201325
-34.6,300,1038.251635
-42.6,300,1038.301203
-31.5,300,1038.351425
87.9,61,1038.363767
102.7,27,1038.36832
87.3,141,1038.391967
-44.3,300,1038.442166
-26.2,300,1038.493169
95.9,62,1038.503487
-46.8,300,1038.553907
-33.0,300,1038.603522
104.2,14,1038.608131
104.6,20,1038.611918
102.3,12,1038.614337
102.7,14,1038.616765
85.9,71,1038.630374
-39.9,300,1038.681435
99.5,25,1038.685693
-52.6,300,1038.734594
-26.6,300,1038.787605
61.9,250,1038.829019
105.2,19,1038.832184
-25.5,300,1038.882462
104.9,17,1038.887337
-25.5,300,1038.936966
99.4,35,1038.942693
-28.2,300,1038.99293
-44.2,300,1039.04394
-65.4,300,1039.094499
-25.8,300,1039.143564
-77.4,300,1039.19383
-29.7,300,1039.245517
-77.5,300,1039.296491
-49.0,300,1039.345838
-22.8,300,1039.395741
-30.3,300,1039.446521
-37.2,300,1039.496082
-27.2,300,1039.545402
37.1,278,1039.590722
-30.5,300,1039.642602
-31.5,300,1039.691552
-71.1,300,1039.74253
102.9,12,1039.744827
-29.3,300,1039.796038
-75.1,300,1039.846478
-27.1,300,1039.89555
-55.1,300,1039.946132
-27.7,300,1039.996882
-31.9,300,1040.046753
104.2,19,1040.050336
85.7,96,1040.066446
-34.4,300,1040.118109
-62.6,300,1040.168671
-29.2,300,1040.218016
-30.6,300,1040.268353
-27.0,300,1040.319797
-25.5,300,1040.370143
-33.3,300,1040.419744
-60.4,300,1040.470278
-29.4,300,1040.521718
99.4,46,1040.52934
-28.2,300,1040.579879
-25.5,300,1040.628949
96.2,75,1040.643297
-28.6,300,1040.693728
101.8,8,1040.695359
79.1,121,1040.715522
-30.0,300,1040.767423
102.9,12,1040.769712
-68.9,300,1040.81965
-80.0,300,1040.870334
-27.5,300,1040.921976
94.5,44,1040.929501
-72.3,300,1040.979512
-29.0,300,1041.028994
-77.2,300,1041.081737
-26.6,300,1041.131468
-72.6,300,1041.181468
57.3,224,1041.219028
-47.4,300,1041.270477
-28.5,300,1041.320881
-25.8,300,1041.370005
93.5,62,1041.38047
-26.7,300,1041.432044
-64.8,300,1041.481556
-25.6,300,1041.531979
75.7,245,1041.572216
104.2,14,1041.576091
101.8,17,1041.579457
104.7,19,1041.582803
85.2,163,1041.61075
-79.5,300,1041.662017
-44.4,300,1041.71259
102.5,11,1041.714804
-28.3,300,1041.764115
104.3,28,1041.770508
-28.5,300,1041.820943
-26.1,300,1041.870603
-28.0,300,1041.920328
87.7,93,1041.937782
97.9,62,1041.948516
-28.0,300,1041.997358
103.7,14,1041.999781
-45.9,300,1042.052438
-30.6,300,1042.101821
-29.6,300,1042.151833
-29.7,300,1042.20082
-78.6,300,1042.253545
102.7,13,1042.255913
-61.3,300,1042.305541
81.5,86,1042.320299
-39.8,300,1042.372523
68.5,213,1042.407683
-47.9,300,1042.458014
-26.6,300,1042.50747
78.7,166,1042.536904
-30.6,300,1042.58708
-34.4,300,1042.636329
-24.5,300,1042.686093
-27.5,300,1042.737606
-28.1,300,1042.787808
104.2,14,1042.790256
-28.2,300,1042.839345
-26.7,300,1042.891128
70.3,132,1042.913662
-26.1,300,1042.964242
-25.7,300,1043.015001
-53.8,300,1043.06651
87.0,70,1043.079572
-27.7,300,1043.128848
-28.5,300,1043.177797
97.4,55,1043.189344
-27.4,300,1043.238976
-28.5,300,1043.288529
-29.7,300,1043.337978
-26.4,300,1043.388876
-30.8,300,1043.439513
-74.2,300,1043.489335
-25.4,300,1043.539652
-36.6,300,1043.591072
-39.5,300,1043.641363
-29.0,300,1043.6906
-31.2,300,1043.741475
78.3,272,1043.788099
-30.7,300,1043.838716
-38.2,300,1043.888074
103.0,11,1043.890224
-27.7,300,1043.942804
-47.4,300,1043.99252
-36.5,300,1044.042927
-27.5,300,1044.09569
101.7,22,1044.1017
-29.3,300,1044.152779
-26.6,300,1044.201975
-48.6,300,1044.25257
-31.8,300,1044.304
-26.1,300,1044.354351
-30.7,300,1044.403851
-26.1,300,1044.453666
-28.9,300,1044.5054
-29.0,300,1044.555102
104.7,19,1044.558487
-76.3,300,1044.608572
-26.5,300,1044.660324
-28.8,300,1044.70951
-27.1,300,1044.758334
-29.4,300,1044.808292
102.9,12,1044.812072
104.9,22,1044.816178
-40.1,300,1044.866202
-39.9,300,1044.916754
102.7,9,1044.920195
-69.2,300,1044.970644
-26.0,300,1045.020805
103.0,11,1045.023042
-30.1,300,1045.073996
-35.9,300,1045.124058
-29.6,300,1045.173461
-26.1,300,1045.22352
102.3,8,1045.226924
-27.8,300,1045.276348
-74.1,300,1045.327112
-29.4,300,1045.37638
-27.8,300,1045.428809
102.0,15,1045.431674
97.8,41,1045.438406
104.9,17,1045.441418
104.7,19,1045.44645
-27.4,300,1045.496119
77.9,225,1045.533957
70.6,157,1045.560173
-67.1,300,1045.613142
-32.8,300,1045.66295
-29.1,300,1045.712465
103.8,13,1045.715172
86.4,64,1045.727539
-26.8,300,1045.776625
104.1,24,1045.780862
-44.0,300,1045.831296
-28.5,300,1045.883128
-31.9,300,1045.933412
-28.9,300,1045.982587
100.2,21,1045.986205
-29.0,300,1046.038197
-74.5,300,1046.088444
-44.0,300,1046.139577
104.3,27,1046.145307
-31.5,300,1046.202029
-26.5,300,1046.275035
-25.0,300,1046.487832
-37.1,300,1046.553855
-80.3,300,1046.608745
103.0,11,1046.610634
-31.9,300,1046.66105
97.2,38,1046.667909
-27.5,300,1046.756924
84.9,92,1046.772729
77.8,195,1046.806564
-31.1,300,1046.858091
-29.6,300,1046.921049
56.7,270,1046.966733
-28.0,300,1047.018133
-36.9,300,1047.068024
-27.0,300,1047.120153
-27.9,300,1047.169994
-26.1,300,1047.219682
103.8,17,1047.222737
-26.7,300,1047.274823
-26.0,300,1047.325446
-27.5,300,1047.375436
-36.9,300,1047.424294
-32.7,300,1047.476296
-27.0,300,1047.525235
101.9,15,1047.528159
76.0,244,1047.57003
-30.8,300,1047.621524
-29.2,300,1047.672328
88.9,62,1047.683557
-65.3,300,1047.734661
-63.4,300,1047.787895
-33.9,300,1047.837469
-29.0,300,1047.888164
-27.7,300,1047.939072
-34.9,300,1047.992785
-29.3,300,1048.042257
96.6,21,1048.045879
-27.1,300,1048.09625
-27.7,300,1048.147254
-35.5,300,1048.197377
-28.7,300,1048.24667
-27.1,300,1048.297981
-39.3,300,1048.352485
-27.5,300,1048.403865
-52.7,300,1048.453344
77.2,200,1048.487709
69.4,282,1048.557567
100.0,20,1048.561506
-27.9,300,1048.614033
-46.0,300,1048.66432
67.4,223,1048.70463
103.5,16,1048.707535
-31.2,300,1048.756963
-52.8,300,1048.807193
-29.3,300,1048.858715
-33.3,300,1048.90928
-27.8,300,1048.958885
103.1,10,1048.961051
-29.1,300,1049.013367
-37.8,300,1049.063245
101.8,8,1049.064913
-45.9,300,1049.11561
102.1,10,1049.119149
100.1,14,1049.121886
100.1,25,1049.12621
-28.2,300,1049.175459
89.8,95,1049.193021
-40.6,300,1049.243447
-58.2,300,1049.293146
101.5,19,1049.296298
-39.1,300,1049.349177
99.3,42,1049.35653
-75.9,300,1049.406611
-28.4,300,1049.456778
-60.4,300,1049.50829
-29.5,300,1049.558482
-27.3,300,1049.607986
-47.6,300,1049.6582
100.8,12,1049.661936
-35.8,300,1049.713083
-29.5,300,1049.764918
-28.3,300,1049.813843
-71.9,300,1049.86742
-27.9,300,1049.917318
-30.5,300,1049.967868
-30.9,300,1050.017007
-51.1,300,1050.068901
100.8,16,1050.07185
-26.6,300,1050.121511
-29.2,300,1050.1717
-26.0,300,1050.223378
101.5,6,1050.224543
-41.9,300,1050.27503
-47.8,300,1050.324796
102.2,17,1050.329719
-46.6,300,1050.380254
101.8,8,1050.381888
-27.3,300,1050.431461
-32.1,300,1050.483535
101.0,6,1050.484632
-36.1,300,1050.534292
88.2,63,1050.545114
-74.7,300,1050.598496
-57.1,300,1050.648029
101.1,10,1050.649705
102.1,10,1050.651797
-28.9,300,1050.704078
101.8,12,1050.706432
-29.5,300,1050.756097
-50.6,300,1050.807057
84.5,81,1050.822549
-36.6,300,1050.87258
-27.5,300,1050.923115
102.3,8,1050.924736
72.7,133,1050.948653
-27.6,300,1050.998706
-58.2,300,1051.048721
-26.5,300,1051.098209
-27.0,300,1051.150284
101.7,9,1051.152343
-47.9,300,1051.201922
-60.9,300,1051.252652
-27.7,300,1051.30391
-39.4,300,1051.354598
95.9,47,1051.362431
-36.4,300,1051.411703
-26.6,300,1051.463826
-27.7,300,1051.513171
-64.5,300,1051.564412
-38.9,300,1051.613611
71.8,300,1051.66616
-27.7,300,1051.71541
94.5,58,1051.725485
102.5,11,1051.727697
-28.1,300,1051.779534
101.6,5,1051.780556
-29.6,300,1051.830136
78.3,134,1051.853355
102.7,9,1051.856806
-29.8,300,1051.906406
-32.1,300,1051.956751
90.3,148,1051.981431
101.6,13,1051.985593
-45.1,300,1052.0351
-26.5,300,1052.085375
-28.7,300,1052.134613
-66.7,300,1052.187242
-37.1,300,1052.236555
-28.5,300,1052.286867
-46.5,300,1052.336557
-32.8,300,1052.390061
-33.6,300,1052.439496
-29.0,300,1052.489804
-29.9,300,1052.53933
-29.8,300,1052.591504
-67.7,300,1052.641473
-28.3,300,1052.691567
-33.1,300,1052.740902
-43.1,300,1052.792588
-28.4,300,1052.842298
-32.7,300,1052.892469
-26.5,300,1052.943114
-35.1,300,1052.996333
-30.2,300,1053.046662
-37.7,300,1053.096155
-26.1,300,1053.146818
-30.1,300,1053.197878
-31.4,300,1053.248322
-39.2,300,1053.297688
-29.1,300,1053.347908
-27.0,300,1053.401821
-64.3,300,1053.453164
99.6,32,1053.458756
103.7,14,1053.461232
-31.1,300,1053.512689
-29.9,300,1053.56345
103.3,13,1053.56617
-27.8,300,1053.615084
-30.2,300,1053.667907
-29.0,300,1053.717159
-50.1,300,1053.768316
-36.3,300,1053.817621
102.5,19,1053.822639
-26.3,300,1053.873647
101.2,4,1053.874616
-29.3,300,1053.923753
-26.8,300,1053.975859
-28.1,300,1054.025182
-29.2,300,1054.075472
103.4,21,1054.079547
-70.4,300,1054.131616
-44.6,300,1054.182957
-52.5,300,1054.232617
-70.8,300,1054.283363
-78.5,300,1054.333959
-28.6,300,1054.384146
-26.5,300,1054.433144
-49.3,300,1054.483526
104.1,15,1054.48753
-37.0,300,1054.536989
-27.5,300,1054.586777
-27.9,300,1054.635929
-60.5,300,1054.688386
-57.0,300,1054.737705
-39.9,300,1054.787834
-27.5,300,1054.837419
-29.6,300,1054.88825
-29.8,300,1054.938602
102.3,8,1054.940205
-28.0,300,1054.989079
102.9,28,1054.996366
100.7,8,1054.998098
-40.8,300,1055.047828
-28.0,300,1055.097611
-35.2,300,1055.168024
-33.7,300,1055.218727
104.5,16,1055.221708
-38.7,300,1055.270888
-27.5,300,1055.322625
-33.2,300,1055.374346
-40.7,300,1055.426556
92.8,135,1055.449202
-28.0,300,1055.501095
100.2,68,1055.513289
-51.3,300,1055.563434
-30.1,300,1055.612763
95.2,55,1055.624553
101.7,9,1055.626359
-62.8,300,1055.67579
-29.3,300,1055.725395
100.7,17,1055.730159
-23.4,300,1055.78021
-29.8,300,1055.829838
-33.2,300,1055.879748
-39.3,300,1055.932006
-60.5,300,1055.98205
-58.6,300,1056.032693
-37.2,300,1056.082152
-30.1,300,1056.133575
-31.7,300,1056.183809
79.5,249,1056.224969
-28.2,300,1056.275121
-79.6,300,1056.32744
-32.9,300,1056.378195
-51.9,300,1056.427638
-33.7,300,1056.477765
-28.0,300,1056.52884
-73.0,300,1056.579565
102.2,9,1056.58127
-28.1,300,1056.63043
102.2,9,1056.633919
91.7,107,1056.652256
-44.7,300,1056.702467
-29.3,300,1056.751989
-27.6,300,1056.804128
-28.9,300,1056.853597
-35.5,300,1056.903957
-38.5,300,1056.952903
-37.2,300,1057.005072
-25.7,300,1057.054558
-28.2,300,1057.104959
-31.9,300,1057.154357
-73.5,300,1057.207694
103.2,18,1057.21095
-29.6,300,1057.260242
-64.5,300,1057.311048
-28.0,300,1057.361597
100.7,17,1057.364928
-32.4,300,1057.414843
-46.3,300,1057.464383
-29.7,300,1057.516918
72.8,195,1057.548999
-31.5,300,1057.59839
-30.6,300,1057.64855
-29.6,300,1057.699725
-38.4,300,1057.750157
-32.1,300,1057.799553
-51.6,300,1057.850407
-47.5,300,1057.901824
-27.7,300,1057.954246
-26.6,300,1058.003719
-42.7,300,1058.0546
-50.6,300,1058.106277
-50.0,300,1058.157203
-79.1,300,1058.207127
-26.3,300,1058.261065
-41.5,300,1058.315602
-27.5,300,1058.367148
-27.0,300,1058.417437
-65.1,300,1058.468739
-34.0,300,1058.520397
76.9,116,1058.539905
100.8,3,1058.540774
-28.2,300,1058.591247
-73.8,300,1058.643499
-51.2,300,1058.694172
102.0,14,1058.69692
-27.1,300,1058.7461
-71.7,300,1058.79893
95.8,101,1058.815578
-27.0,300,1058.86469
-36.0,300,1058.915066
-40.8,300,1058.966765
-53.6,300,1059.016962
-41.5,300,1059.066428
100.9,7,1059.067963
103.0,11,1059.071039
-28.2,300,1059.121411
-40.3,300,1059.170611
103.4,21,1059.17456
-44.0,300,1059.22707
-34.5,300,1059.276527
-29.0,300,1059.326743
85.4,180,1059.35626
-32.3,300,1059.408447
-32.2,300,1059.457537
-26.1,300,1059.507689
-28.2,300,1059.55698
-28.9,300,1059.60849
-27.0,300,1059.657717
-28.2,300,1059.707448
-72.7,300,1059.757562
-42.3,300,1059.809122
102.0,11,1059.811777
-28.1,300,1059.861209
77.4,233,1059.899531
-26.6,300,1059.951359
-80.1,300,1060.001272
-25.9,300,1060.051797
-76.3,300,1060.100904
102.9,12,1060.104812
-40.5,300,1060.155281
-25.6,300,1060.204056
-29.4,300,1060.254058
102.8,8,1060.256941
-29.3,300,1060.305959
-35.6,300,1060.355757
-66.1,300,1060.405041
-61.1,300,1060.457526
-27.5,300,1060.506698
-26.1,300,1060.55666
104.8,18,1060.559796
88.4,160,1060.588075
-29.4,300,1060.636783
-27.2,300,1060.686882
102.4,12,1060.689146
104.6,15,1060.693516
73.1,253,1060.735636
-30.5,300,1060.785525
-27.9,300,1060.834557
-27.1,300,1060.887006
-48.7,300,1060.936495
-33.2,300,1060.986845
69.8,286,1061.034022
-28.2,300,1061.08604
99.1,31,1061.091255
-26.9,300,1061.140175
102.6,18,1061.143558
-28.2,300,1061.195589
83.8,172,1061.223891
102.0,15,1061.226791
-26.7,300,1061.275639
-27.1,300,1061.328008
-36.3,300,1061.377117
-30.4,300,1061.427605
-35.9,300,1061.476604
-59.8,300,1061.529223
77.7,200,1061.562332
-26.0,300,1061.612272
-28.4,300,1061.661082
104.5,16,1061.665668
-26.8,300,1061.716244
-27.3,300,1061.765549
-56.9,300,1061.816096
68.0,190,1061.849062
-29.7,300,1061.898755
-24.3,300,1061.949014
-37.7,300,1061.998287
-27.6,300,1062.050184
-68.6,300,1062.099782
100.9,14,1062.102597
-69.3,300,1062.153401
-52.3,300,1062.205038
-27.5,300,1062.255403
-32.5,300,1062.304126
-24.7,300,1062.354181
-61.0,300,1062.405017
-61.9,300,1062.455404
-74.8,300,1062.505008
-53.3,300,1062.555469
-25.1,300,1062.607017
102.8,8,1062.60863
102.1,18,1062.611757
-51.2,300,1062.662496
89.1,134,1062.68663
-30.2,300,1062.736076
-57.7,300,1062.786794
102.2,18,1062.789831
-32.3,300,1062.840946
-26.2,300,1062.891302
-26.2,300,1062.941222
100.7,16,1062.944272
-28.4,300,1062.998022
-58.6,300,1063.047573
-26.6,300,1063.098049
-55.1,300,1063.147961
-74.5,300,1063.200662
-29.2,300,1063.250096
-39.4,300,1063.300586
-28.1,300,1063.349725
-30.0,300,1063.40174
89.9,77,1063.414558
-27.9,300,1063.463606
-30.1,300,1063.513808
-29.6,300,1063.564997
-28.0,300,1063.615564
-30.8,300,1063.664886
-66.8,300,1063.717569
-25.6,300,1063.769071
-29.1,300,1063.819239
61.7,190,1063.851085
-29.0,300,1063.900131
-26.3,300,1063.953042
-79.1,300,1064.00861
-35.8,300,1064.059081
-27.0,300,1064.108163
96.9,67,1064.122236
-29.2,300,1064.171722
85.1,106,1064.189163
-34.5,300,1064.239475
-28.3,300,1064.291261
105.0,21,1064.294924
-31.0,300,1064.34561
101.8,16,1064.348578
65.5,251,1064.412251
-44.0,300,1064.462727
-27.0,300,1064.51158
-41.1,300,1064.561807
-27.1,300,1064.612792
-77.4,300,1064.663001
-28.0,300,1064.711756
-27.7,300,1064.761975
-27.7,300,1064.81325
102.2,9,1064.81495
-27.4,300,1064.864935
-41.4,300,1064.914304
-66.6,300,1064.966085
101.9,7,1064.967654
-42.8,300,1065.017254
-26.1,300,1065.067069
-31.2,300,1065.118429
-64.5,300,1065.168854
-30.8,300,1065.21842
82.8,215,1065.253597
-30.2,300,1065.305423
-29.1,300,1065.354493
-28.0,300,1065.40484
-29.4,300,1065.453944
-28.0,300,1065.506148
101.9,7,1065.507703
-36.2,300,1065.556896
-36.9,300,1065.607335
-26.9,300,1065.658657
-25.7,300,1065.708717
-29.0,300,1065.757936
-28.3,300,1065.807897
103.5,11,1065.811262
101.7,17,1065.814627
-41.9,300,1065.864131
-27.3,300,1065.913933
-29.0,300,1065.965621
-66.1,300,1066.0162
-28.2,300,1066.065682
-27.5,300,1066.115437
-25.5,300,1066.166591
-27.6,300,1066.216011
-27.7,300,1066.265514
101.3,41,1066.272263
-28.7,300,1066.325663
-26.1,300,1066.374647
-52.8,300,1066.424202
-28.6,300,1066.474412
-27.3,300,1066.525823
100.7,21,1066.529444
-28.0,300,1066.579678
-32.0,300,1066.628751
-25.5,300,1066.680943
-76.8,300,1066.730565
-30.5,300,1066.780889
46.4,279,1066.827167
-30.2,300,1066.879688
-62.2,300,1066.929688
86.2,69,1066.941154
-25.5,300,1066.991749
-29.0,300,1067.042853
-48.5,300,1067.093404
-48.2,300,1067.142478
-48.0,300,1067.192882
-27.2,300,1067.244066
-56.5,300,1067.296699
-72.0,300,1067.347968
90.7,107,1067.366991
100.5,17,1067.371761
-72.1,300,1067.421495
99.9,61,1067.431736
-26.2,300,1067.481071
-27.5,300,1067.531908
97.0,41,1067.539157
102.3,13,1067.541473
-27.5,300,1067.591623
-38.2,300,1067.642947
-29.2,300,1067.692836
-32.6,300,1067.742161
-29.5,300,1067.79186
-41.2,300,1067.844825
101.1,5,1067.845898
-28.1,300,1067.895527
-39.2,300,1067.945658
-58.0,300,1067.999234
-26.7,300,1068.048515
-50.0,300,1068.097692
-42.4,300,1068.14804
-27.0,300,1068.201385
-29.4,300,1068.252887
79.0,256,1068.295918
-71.6,300,1068.347407
102.0,11,1068.350944
-32.6,300,1068.400143
-25.5,300,1068.450073
102.7,22,1068.453776
101.8,8,1068.457103
-40.6,300,1068.506741
-38.2,300,1068.556634
-25.6,300,1068.606022
-29.1,300,1068.657493
-73.9,300,1068.707004
102.8,13,1068.709644
-28.4,300,1068.759293
-28.1,300,1068.809819
-30.8,300,1068.859712
-69.2,300,1068.908409
-35.5,300,1068.958157
-27.5,300,1069.009434
-28.3,300,1069.058828
-28.2,300,1069.1074
-27.5,300,1069.156541
-26.4,300,1069.207259
-42.8,300,1069.256014
-34.2,300,1069.305552
87.3,159,1069.33079
-29.7,300,1069.383359
101.7,9,1069.385404
-43.4,300,1069.433861
101.9,7,1069.435013
-28.7,300,1069.486698
-74.8,300,1069.536391
-59.4,300,1069.586501
-55.0,300,1069.636073
77.5,93,1069.653833
-33.4,300,1069.703969
-27.2,300,1069.752697
-28.0,300,1069.802753
100.7,17,1069.807517
-39.1,300,1069.856896
101.2,13,1069.859214
-27.1,300,1069.908657
-31.0,300,1069.959463
-71.4,300,1070.009696
-37.1,300,1070.05867
77.3,91,1070.073669
-32.8,300,1070.126023
-27.0,300,1070.174658
103.0,11,1070.176834
-26.5,300,1070.226763
-31.2,300,1070.277462
-26.6,300,1070.327285
-31.0,300,1070.375935
102.8,13,1070.378268
-27.8,300,1070.429673
-26.6,300,1070.478906
-28.8,300,1070.528588
-27.8,300,1070.577221
-74.4,300,1070.629693
-47.3,300,1070.679427
-46.9,300,1070.728447
-30.7,300,1070.778423
-26.2,300,1070.828988
103.3,13,1070.831287
80.9,111,1070.850883
-30.1,300,1070.899696
-31.4,300,1070.951148
-35.2,300,1071.000028
-28.8,300,1071.049848
103.2,14,1071.052221
-34.4,300,1071.102955
-59.9,300,1071.151939
101.2,4,1071.152865
-46.1,300,1071.202428
-79.6,300,1071.253789
-28.0,300,1071.303432
-73.3,300,1071.35295
-49.0,300,1071.403341
-73.7,300,1071.455432
102.4,16,1071.458413
-26.3,300,1071.508545
-35.2,300,1071.557426
-25.8,300,1071.609277
-53.0,300,1071.658814
-28.1,300,1071.70852
101.8,16,1071.711508
-59.1,300,1071.762462
-72.7,300,1071.812902
-59.0,300,1071.862103
-63.7,300,1071.912152
-68.2,300,1071.963347
-51.9,300,1072.013633
-30.7,300,1072.082424
-31.7,300,1072.185196
-28.1,300,1072.237813
-27.4,300,1072.289439
101.9,23,1072.293893
-26.0,300,1072.347284
-26.0,300,1072.399479
-34.5,300,1072.451066
-26.9,300,1072.500515
-25.5,300,1072.551453
102.6,27,1072.557755
-28.7,300,1072.649708
-51.2,300,1072.721307
-71.8,300,1072.786731
-30.0,300,1072.841796
103.4,12,1072.844275
-72.6,300,1072.896129
-33.7,300,1072.952081
-75.9,300,1073.011842
102.5,11,1073.014699
-27.7,300,1073.071905
-44.5,300,1073.124704
-39.9,300,1073.182001
72.4,270,1073.22892
-55.5,300,1073.283975
-26.5,300,1073.335254
-27.5,300,1073.38944
-65.0,300,1073.439906
-29.5,300,1073.490803
101.0,14,1073.493633
-37.6,300,1073.544939
103.0,11,1073.54675
-28.3,300,1073.597234
-28.5,300,1073.646754
-45.4,300,1073.699942
-42.1,300,1073.754188
100.5,10,1073.758475
-35.4,300,1073.841694
-27.0,300,1073.908313
-53.1,300,1074.03688
-30.2,300,1074.12922
-26.3,300,1074.190296
-39.5,300,1074.34637
-46.7,300,1074.405144
-28.2,300,1074.479582
102.1,10,1074.4818
-62.1,300,1074.547415
-76.1,300,1074.610475
-27.1,300,1074.663969
-26.6,300,1074.714227
102.2,13,1074.71862
-26.1,300,1074.77004
102.2,22,1074.77376
-56.5,300,1074.823363
-72.4,300,1074.890325
103.9,12,1074.893008
-30.1,300,1074.954927
-31.0,300,1075.00892
-52.9,300,1075.103009
-35.5,300,1075.156684
-26.1,300,1075.206904
99.9,43,1075.214451
-30.3,300,1075.267293
102.9,12,1075.270478
-43.6,300,1075.326895
102.0,6,1075.32812
-28.9,300,1075.381546
-54.2,300,1075.431418
83.0,184,1075.46241
92.5,102,1075.480331
-26.2,300,1075.531833
-34.6,300,1075.58255
-29.6,300,1075.631642
-28.9,300,1075.681124
-59.5,300,1075.734498
-31.7,300,1075.784663
-59.1,300,1075.834934
103.2,19,1075.838357
-28.6,300,1075.890537
-35.2,300,1075.939856
-35.0,300,1075.990071
-28.2,300,1076.039421
100.7,9,1076.042649
-30.9,300,1076.092467
-34.0,300,1076.142662
-79.1,300,1076.192614
-26.0,300,1076.24481
-46.8,300,1076.294224
104.1,15,1076.297054
101.5,14,1076.299453
103.0,11,1076.303564
-29.5,300,1076.353585
-74.3,300,1076.441531
-28.3,300,1076.502149
-28.2,300,1076.5589
63.7,168,1076.587603
-28.1,300,1076.639754
-54.8,300,1076.689982
100.4,12,1076.693828
100.1,14,1076.696235
101.3,8,1076.697867
-27.0,300,1076.748856
-47.0,300,1076.800253
-30.5,300,1076.851084
-25.5,300,1076.900507
-56.9,300,1076.951566
-69.7,300,1077.003586
-32.8,300,1077.053723
101.9,16,1077.056634
102.4,12,1077.058957
99.6,42,1077.067865
-34.1,300,1077.117695
101.6,10,1077.11941
-28.4,300,1077.169072
-29.4,300,1077.220481
-33.6,300,1077.270609
91.7,48,1077.278833
103.9,17,1077.282126
82.4,217,1077.327432
-29.7,300,1077.387781
-58.3,300,1077.438963
92.8,110,1077.457761
-28.8,300,1077.530275
-25.6,300,1077.608277
-46.1,300,1077.658275
-35.4,300,1077.709369
-26.8,300,1077.766003
-28.8,300,1077.817321
-50.8,300,1077.867611
100.0,17,1077.871066
-37.5,300,1077.923107
-29.3,300,1077.974703
-62.0,300,1078.026071
-27.7,300,1078.075189
-34.3,300,1078.127656
92.7,118,1078.147113
-46.7,300,1078.19681
-30.2,300,1078.246073
-29.0,300,1078.297707
-28.1,300,1078.347273
-71.5,300,1078.397956
-26.3,300,1078.447133
-30.7,300,1078.498112
-55.3,300,1078.54877
-56.1,300,1078.598198
-66.2,300,1078.649223
-26.6,300,1078.700478
101.2,4,1078.701429
103.3,13,1078.703695
-28.2,300,1078.754239
-73.3,300,1078.805683
-51.2,300,1078.856098
-30.2,300,1078.905514
-30.9,300,1078.955415
-30.1,300,1079.006846
102.2,22,1079.010941
-30.1,300,1079.061318
-67.2,300,1079.111128
-27.4,300,1079.163156
-29.1,300,1079.212279
-76.7,300,1079.263228
-72.9,300,1079.312905
-30.8,300,1079.365137
-28.0,300,1079.414141
-33.8,300,1079.464425
-36.6,300,1079.513331
-27.5,300,1079.5656
-29.6,300,1079.619848
77.6,249,1079.666068
-33.0,300,1079.719134
-27.3,300,1079.771494
-29.9,300,1079.825286
-36.9,300,1079.876256
104.5,16,1079.879227
-28.3,300,1079.931869
-27.0,300,1079.981966
75.4,268,1080.026107
102.3,8,1080.027705
100.7,17,1080.031941
-24.6,300,1080.084552
-71.5,300,1080.138203
104.2,19,1080.141751
-61.4,300,1080.194275
-50.2,300,1080.244314
-28.5,300,1080.293993
-43.4,300,1080.344446
-28.7,300,1080.395988
-29.1,300,1080.446352
-29.1,300,1080.499905
71.9,142,1080.526961
100.9,11,1080.53021
102.8,21,1080.53436
-26.6,300,1080.587387
-27.6,300,1080.638324
-28.6,300,1080.690453
101.0,11,1080.692272
-27.5,300,1080.742561
-73.8,300,1080.792357
-48.2,300,1080.844931
-30.5,300,1080.896474
48.3,228,1080.937308
104.4,17,1080.940805
-47.5,300,1080.99752
-29.4,300,1081.097292
-28.9,300,1081.149614
-26.2,300,1081.204479
74.3,279,1081.256706
-31.3,300,1081.320213
-72.5,300,1081.373305
103.0,11,1081.375668
-69.4,300,1081.428234
-29.4,300,1081.479513
-46.1,300,1081.52918
-74.1,300,1081.580064
-54.0,300,1081.631816
101.5,14,1081.634624
-28.6,300,1081.68497
102.0,34,1081.690664
-35.3,300,1081.741789
-34.2,300,1081.792334
-27.3,300,1081.841412
-31.9,300,1081.891713
101.8,16,1081.89633
-70.1,300,1081.946763
-35.4,300,1081.997083
-57.6,300,1082.046068
104.1,15,1082.050487
101.5,14,1082.052939
-65.6,300,1082.104034
-35.3,300,1082.153154
-75.5,300,1082.20819
-55.6,300,1082.265713
-78.9,300,1082.318825
101.0,14,1082.321672
76.0,250,1082.370787
100.5,13,1082.373996
-30.6,300,1082.430107
-39.1,300,1082.487677
-28.1,300,1082.546737
104.3,28,1082.551738
-25.5,300,1082.60431
-76.9,300,1082.657954
100.9,15,1082.66193
97.7,55,1082.671313
-36.4,300,1082.722745
-32.2,300,1082.772738
101.2,13,1082.776955
-29.2,300,1082.827998
-43.7,300,1082.877803
-48.2,300,1082.983179
-32.5,300,1083.038631
-26.6,300,1083.091179
99.4,49,1083.100353
101.3,21,1083.104072
-26.1,300,1083.157924
104.6,15,1083.161046
-44.7,300,1083.211149
86.4,145,1083.235293
-32.5,300,1083.287826
-57.9,300,1083.336955
104.3,13,1083.339276
-27.2,300,1083.389695
-52.2,300,1083.440837
-26.4,300,1083.491157
-29.9,300,1083.5455
-78.6,300,1083.599884
-81.9,300,1083.655722
96.7,67,1083.668596
87.3,53,1083.677992
-31.3,300,1083.727674
-28.6,300,1083.782355
-58.2,300,1083.832511
-30.0,300,1083.882952
-30.7,300,1083.932402
-43.4,300,1083.985294
-28.7,300,1084.035153
-26.1,300,1084.085266
-27.7,300,1084.1345
-46.2,300,1084.211939
100.5,6,1084.213379
-57.5,300,1084.262723
-38.3,300,1084.313156
96.0,30,1084.31956
-30.0,300,1084.369087
-29.4,300,1084.420546
-27.9,300,1084.470591
-26.9,300,1084.523416
-28.4,300,1084.57263
100.8,3,1084.573517
-30.1,300,1084.624127
-34.4,300,1084.675321
100.8,3,1084.676219
-39.2,300,1084.726284
-26.6,300,1084.775475
-28.0,300,1084.828164
102.9,12,1084.830453
-26.3,300,1084.879473
-28.1,300,1084.929059
-35.0,300,1084.980262
-27.0,300,1085.02999
-27.0,300,1085.079429
-29.2,300,1085.128547
-29.5,300,1085.180195
103.0,11,1085.182068
-31.9,300,1085.231162
-26.0,300,1085.281547
-26.1,300,1085.333
-30.0,300,1085.383486
103.7,14,1085.386319
-43.2,300,1085.435853
-27.3,300,1085.487454
-29.2,300,1085.536539
-31.6,300,1085.586841
103.2,18,1085.589922
-31.1,300,1085.641854
-28.6,300,1085.698446
-27.3,300,1085.748431
94.8,68,1085.760049
-25.7,300,1085.812239
-65.4,300,1085.86171
-31.9,300,1085.913609
-26.8,300,1085.96288
-31.5,300,1086.015213
-44.8,300,1086.064932
-34.5,300,1086.115292
-69.9,300,1086.164964
-29.2,300,1086.217636
-29.8,300,1086.266563
-53.8,300,1086.316782
-32.8,300,1086.365988
-31.8,300,1086.417738
-26.6,300,1086.466685
-27.7,300,1086.516922
-27.8,300,1086.566039
103.4,12,1086.570123
-32.7,300,1086.620792
102.5,11,1086.622991
-33.6,300,1086.672738
-27.7,300,1086.72476
-28.7,300,1086.774261
-27.7,300,1086.82426
101.3,21,1086.828057
-27.1,300,1086.879653
-75.9,300,1086.929559
-30.1,300,1086.978592
-25.8,300,1087.027998
101.5,23,1087.034071
-38.3,300,1087.083665
-25.5,300,1087.133544
-73.8,300,1087.183568
-73.1,300,1087.234978
103.5,11,1087.237939
-27.7,300,1087.287482
-60.2,300,1087.337116
-54.2,300,1087.389037
-27.5,300,1087.437946
-47.6,300,1087.48797
103.1,19,1087.491485
-43.0,300,1087.542967
-71.5,300,1087.59368
-33.3,300,1087.64273
-41.5,300,1087.692937
87.8,148,1087.718917
-29.2,300,1087.768693
-31.7,300,1087.818185
-38.3,300,1087.867726
-26.8,300,1087.919436
-29.4,300,1087.969398
-29.4,300,1088.020045
-71.2,300,1088.069768
-30.8,300,1088.122136
-26.0,300,1088.171413
-31.4,300,1088.221905
-28.0,300,1088.270989
-48.3,300,1088.323768
-39.8,300,1088.373562
-29.0,300,1088.423935
-42.4,300,1088.473231
101.4,16,1088.477531
102.2,9,1088.479201
82.8,141,1088.502965
-67.6,300,1088.553764
101.2,4,1088.556154
-54.5,300,1088.606504
80.5,143,1088.631518
95.4,62,1088.641688
-76.1,300,1088.694133
-27.6,300,1088.744143
-28.5,300,1088.793233
-67.6,300,1088.844133
102.6,10,1088.847778
-27.6,300,1088.897494
-69.2,300,1088.948253
-25.6,300,1088.997826
-63.4,300,1089.05052
100.8,3,1089.051397
-28.2,300,1089.10035
102.1,14,1089.1028
104.5,16,1089.107131
-29.2,300,1089.157653
-46.2,300,1089.20705
-35.6,300,1089.257135
-35.7,300,1089.308772
-69.0,300,1089.360038
-37.9,300,1089.410079
102.9,16,1089.413026
101.6,10,1089.416778
-30.8,300,1089.467561
98.1,85,1089.481354
-26.5,300,1089.530432
104.1,15,1089.534816
-26.1,300,1089.586081
-32.6,300,1089.635622
81.9,131,1089.657218
97.4,75,1089.672492
-61.1,300,1089.722541
94.8,69,1089.734072
-26.5,300,1089.784183
-26.8,300,1089.835339
-27.3,300,1089.885643
101.1,14,1089.888371
-28.5,300,1089.937509
-32.9,300,1089.989575
-44.4,300,1090.039125
-53.2,300,1090.089723
-53.2,300,1090.13968
-37.9,300,1090.191889
-68.3,300,1090.24218
-29.3,300,1090.291354
102.6,10,1090.293853
-28.5,300,1090.345142
-27.8,300,1090.393713
-51.6,300,1090.444072
81.4,169,1090.472327
-52.9,300,1090.52475
-38.1,300,1090.573958
-27.4,300,1090.623948
-82.1,300,1090.67363
-28.5,300,1090.725868
-27.6,300,1090.775221
101.9,7,1090.776378
-39.8,300,1090.826743
-28.0,300,1090.878273
-42.5,300,1090.928294
-26.3,300,1090.977664
-25.5,300,1091.026613
-33.3,300,1091.108805
-28.5,300,1091.173411
-28.0,300,1091.222752
-27.1,300,1091.273348
-28.5,300,1091.324545
97.5,56,1091.333931
-26.7,300,1091.384225
-32.1,300,1091.433238
-26.0,300,1091.485553
-39.8,300,1091.534684
90.7,142,1091.558801
-34.5,300,1091.608084
101.0,36,1091.615773
-26.1,300,1091.665668
-27.4,300,1091.715381
-26.7,300,1091.797655
-27.9,300,1091.856251
84.6,99,1091.873961
104.1,15,1091.876746
89.6,98,1091.893249
-39.7,300,1091.945871
-28.5,300,1091.996271
-30.1,300,1092.045567
-29.0,300,1092.095727
-32.0,300,1092.147047
-63.5,300,1092.197514
-46.3,300,1092.246796
99.2,49,1092.257122
-31.6,300,1092.312499
-29.0,300,1092.36183
-30.8,300,1092.41251
-31.8,300,1092.461867
-54.0,300,1092.514294
-27.0,300,1092.563507
-29.4,300,1092.613511
-27.6,300,1092.662895
-29.6,300,1092.71461
-28.5,300,1092.764733
103.2,14,1092.767567
92.9,49,1092.775977
-44.5,300,1092.829058
-35.6,300,1092.878518
-35.5,300,1092.929461
-29.8,300,1092.982846
-27.4,300,1093.03592
-32.2,300,1093.085516
103.3,17,1093.088615
-49.1,300,1093.138866
-28.5,300,1093.190144
-25.5,300,1093.239928
-28.5,300,1093.289622
102.6,14,1093.292435
101.0,45,1093.301707
101.1,5,1093.302723
-30.2,300,1093.390847
101.8,8,1093.395883
-26.2,300,1093.476186
101.3,18,1093.479585
-29.2,300,1093.529376
-27.2,300,1093.581112
104.0,20,1093.586684
-31.8,300,1093.636432
-29.8,300,1093.686972
-31.2,300,1093.736237
86.5,112,1093.756471
70.8,274,1093.802784
-28.0,300,1093.851837
-43.3,300,1093.90213
-27.6,300,1093.953425
-51.3,300,1094.003887
-28.5,300,1094.053221
103.8,13,1094.055624
-50.0,300,1094.108503
-59.4,300,1094.158428
103.6,19,1094.161894
101.0,15,1094.164709
-28.6,300,1094.217542
103.7,14,1094.220011
103.6,15,1094.222851
-28.8,300,1094.271973
-25.7,300,1094.323924
103.0,19,1094.327632
-33.5,300,1094.376756
-27.7,300,1094.426989
-34.2,300,1094.478488
-55.6,300,1094.528842
-27.1,300,1094.57814
-32.2,300,1094.628695
102.0,19,1094.633857
-27.1,300,1094.689952
-28.2,300,1094.749434
103.1,19,1094.753059
-35.7,300,1094.810896
-25.6,300,1094.865369
-34.5,300,1094.920793
101.8,13,1094.9236
-25.5,300,1094.980969
-55.4,300,1095.033649
-47.5,300,1095.090445
-27.0,300,1095.148275
-49.2,300,1095.206722
-33.2,300,1095.25938
-46.7,300,1095.314042
-50.7,300,1095.37121
-28.9,300,1095.422849
81.7,111,1095.44237
100.7,24,1095.446741
-27.0,300,1095.49621
-76.8,300,1095.549217
-41.7,300,1095.598914
63.2,160,1095.625286
-75.1,300,1095.676291
-71.5,300,1095.727116
-27.9,300,1095.777258
101.5,14,1095.780053
102.0,15,1095.782837
-31.5,300,1095.833918
103.7,14,1095.836331
-52.6,300,1095.886828
-28.0,300,1095.936052
-28.3,300,1095.988966
101.9,20,1095.992631
-28.1,300,1096.042105
-27.2,300,1096.092473
102.1,18,1096.09742
-70.9,300,1096.147414
-27.6,300,1096.197567
-45.6,300,1096.247226
-29.0,300,1096.299621
-35.7,300,1096.350156
-38.6,300,1096.411777
78.2,110,1096.430838
-26.4,300,1096.486967
-25.5,300,1096.558278
102.6,14,1096.561362
-35.3,300,1096.616115
-29.0,300,1096.67596
-27.0,300,1096.745016
-56.1,300,1096.798446
74.7,127,1096.821139
-31.7,300,1096.872948
-28.0,300,1096.923522
101.2,4,1096.92454
-28.7,300,1096.9742
95.3,101,1096.993132
102.4,12,1096.995481
102.7,9,1096.997197
-28.6,300,1097.047584
-29.1,300,1097.098995
-27.0,300,1097.149329
-73.2,300,1097.198718
-27.9,300,1097.248823
93.5,49,1097.258937
-25.5,300,1097.308229
100.3,13,1097.310568
-27.9,300,1097.360649
-31.4,300,1097.411734
102.0,6,1097.413228
102.3,12,1097.415531
-29.2,300,1097.466058
81.0,100,1097.48494
-27.1,300,1097.53457
103.0,11,1097.53687
-32.0,300,1097.587844
-30.4,300,1097.638703
-28.5,300,1097.693293
-28.1,300,1097.782621
-29.2,300,1097.842917
-35.9,300,1097.89899
-29.3,300,1097.949647
101.0,26,1097.954292
73.5,283,1098.006687
-27.2,300,1098.058229
-27.8,300,1098.108813
-51.6,300,1098.157808
-25.6,300,1098.208279
103.4,12,1098.212006
-28.2,300,1098.261874
102.3,8,1098.263515
-39.8,300,1098.314127
-31.1,300,1098.365763
-27.1,300,1098.416228
-30.8,300,1098.465483
-27.7,300,1098.516101
-29.0,300,1098.567501
-28.2,300,1098.617853
103.0,16,1098.62075
-45.3,300,1098.670021
-34.7,300,1098.721904
64.8,177,1098.751583
-27.0,300,1098.800955
56.6,181,1098.832454
-71.3,300,1098.883752
-28.1,300,1098.933986
-65.3,300,1098.982945
104.9,17,1098.986327
-62.4,300,1099.03907
-37.8,300,1099.08818
-38.4,300,1099.138902
-36.3,300,1099.1882
-43.7,300,1099.240606
104.1,15,1099.243204
104.1,20,1099.246715
-29.0,300,1099.29571
98.7,87,1099.312309
-55.4,300,1099.36315
-29.6,300,1099.411999
-29.8,300,1099.462298
-28.0,300,1099.514064
-32.1,300,1099.564379
-32.0,300,1099.613535
104.0,20,1099.617107
-27.0,300,1099.669109
101.9,15,1099.671916
-38.2,300,1099.721553
-25.5,300,1099.771934
-35.9,300,1099.823413
-29.2,300,1099.87629
-60.2,300,1099.926174
-54.2,300,1099.976939
-49.6,300,1100.028637
102.4,12,1100.030961
-38.1,300,1100.081402
-31.5,300,1100.131077
-33.2,300,1100.183304
-27.1,300,1100.232518
-30.6,300,1100.282294
-28.1,300,1100.331901
-29.6,300,1100.38299
98.1,50,1100.392039
-34.6,300,1100.441702
-36.1,300,1100.490571
101.7,13,1100.495486
-71.7,300,1100.545506
-27.4,300,1100.594655
-27.7,300,1100.644969
74.0,293,1100.695082
96.6,90,1100.710716
-28.1,300,1100.760213
-26.5,300,1100.810094
-25.6,300,1100.861495
-33.9,300,1100.910278
-27.1,300,1100.96074
102.2,9,1100.962789
-30.3,300,1101.013678
96.0,38,1101.020867
-74.7,300,1101.071079
102.7,22,1101.075195
-30.7,300,1101.127729
100.7,13,1101.13011
-26.0,300,1101.180122
-27.0,300,1101.229544
33.4,274,1101.277616
104.1,24,1101.281846
-32.1,300,1101.330888
-26.4,300,1101.381047
102.2,17,1101.386012
-30.2,300,1101.435616
-35.0,300,1101.486053
-28.6,300,1101.535195
98.2,32,1101.542459
-73.7,300,1101.593814
-25.5,300,1101.642747
-39.2,300,1101.692991
-38.1,300,1101.743773
-26.5,300,1101.79441
-29.1,300,1101.843934
-27.0,300,1101.89438
-42.3,300,1101.968505
104.1,15,1101.971825
-28.7,300,1102.021336
-41.2,300,1102.077074
-26.9,300,1102.12947
-27.5,300,1102.178682
-29.1,300,1102.229222
-29.2,300,1102.278516
93.8,63,1102.291622
-28.2,300,1102.34147
-66.7,300,1102.391149
-34.8,300,1102.441671
-27.2,300,1102.493041
-54.4,300,1102.543762
102.6,10,1102.545874
-27.5,300,1102.59469
-26.5,300,1102.646905
101.6,10,1102.648714
-27.6,300,1102.700238
102.1,10,1102.702346
-30.1,300,1102.754013
101.7,17,1102.757062
-46.5,300,1102.8058
80.5,93,1102.822232
-28.3,300,1102.873104
-26.5,300,1102.92332
-76.0,300,1102.974498
103.8,13,1102.977003
-28.0,300,1103.029316
-77.6,300,1103.079518
-26.5,300,1103.128569
101.4,7,1103.130103
-30.7,300,1103.1823
-44.8,300,1103.231743
102.1,10,1103.233867
-40.6,300,1103.284446
85.1,197,1103.318429
-45.8,300,1103.369265
-32.2,300,1103.418306
-28.5,300,1103.468653
100.6,39,1103.477249
-27.5,300,1103.526728
-31.3,300,1103.577077
103.0,15,1103.579546
-27.8,300,1103.630486
104.8,18,1103.633954
-43.9,300,1103.684069
-26.6,300,1103.733479
-43.1,300,1103.785803
-29.3,300,1103.835306
-27.6,300,1103.885486
-28.0,300,1103.934705
73.9,256,1103.979893
-43.0,300,1104.029617
102.8,17,1104.032651
-79.9,300,1104.082756
-30.9,300,1104.133867
-39.4,300,1104.183225
79.3,199,1104.217573
-62.2,300,1104.266813
-61.6,300,1104.319557
-32.7,300,1104.368777
-26.5,300,1104.418967
-72.2,300,1104.469063
104.1,15,1104.473335
-29.7,300,1104.542223
-47.1,300,1104.593484
-28.9,300,1104.647445
102.6,10,1104.650619
-27.4,300,1104.700988
-27.0,300,1104.751612
-30.9,300,1104.800748
-27.5,300,1104.854737
86.8,178,1104.884671
-63.2,300,1104.935229
-60.5,300,1104.984758
-31.1,300,1105.036698
-66.6,300,1105.086825
-28.1,300,1105.136025
-35.6,300,1105.186614
-44.5,300,1105.23819
-35.7,300,1105.288786
-26.6,300,1105.337762
-41.1,300,1105.388589
-34.3,300,1105.439773
-34.2,300,1105.490242
-30.0,300,1105.539443
-33.3,300,1105.589873
103.5,24,1105.595643
-35.3,300,1105.644995
-28.3,300,1105.695284
-29.5,300,1105.744524
-55.6,300,1105.796947
-79.6,300,1105.846731
-28.0,300,1105.896933
-30.8,300,1105.945803
-29.4,300,1105.99787
-30.1,300,1106.047074
-65.7,300,1106.097474
-78.7,300,1106.147714
-25.6,300,1106.205954
-27.5,300,1106.255502
-62.2,300,1106.306462
-70.3,300,1106.356052
-25.2,300,1106.407875
-42.6,300,1106.457548
101.4,7,1106.458805
101.2,4,1106.45974
-30.5,300,1106.511707
104.4,17,1106.515055
-35.9,300,1106.564962
-48.7,300,1106.614949
-30.3,300,1106.666821
-74.8,300,1106.715609
71.1,155,1106.742358
78.8,228,1106.779976
-27.9,300,1106.832072
-28.8,300,1106.881722
-29.3,300,1106.931996
86.3,85,1106.947045
-65.2,300,1106.999188
104.0,16,1107.002149
-26.0,300,1107.052744
-31.3,300,1107.102362
-33.4,300,1107.154424
-33.8,300,1107.204047
102.5,24,1107.208291
-39.0,300,1107.258577
-75.1,300,1107.309795
-61.3,300,1107.360051
-28.9,300,1107.409672
95.2,89,1107.424457
-50.1,300,1107.477794
-49.7,300,1107.527356
-73.8,300,1107.578486
-28.2,300,1107.627918
-51.4,300,1107.680315
-51.9,300,1107.730176
-28.4,300,1107.780214
101.8,16,1107.783216
105.2,19,1107.788563
-27.6,300,1107.838192
-45.3,300,1107.887995
102.0,11,1107.889821
-26.4,300,1107.941215
-30.4,300,1107.993877
-39.7,300,1108.043529
-28.6,300,1108.093216
-27.1,300,1108.144797
-27.9,300,1108.194603
-47.1,300,1108.244694
102.9,12,1108.246973
-29.7,300,1108.299045
-26.1,300,1108.348863
-27.3,300,1108.39791
-30.7,300,1108.447973
-48.1,300,1108.499105
-27.6,300,1108.549356
102.2,13,1108.552068
-36.8,300,1108.60131
-29.7,300,1108.654033
-40.2,300,1108.703481
94.3,82,1108.717771
-58.4,300,1108.767678
-29.4,300,1108.819146
70.7,184,1108.850396
-27.1,300,1108.899727
103.4,17,1108.902747
-70.7,300,1108.955152
62.9,167,1108.982684
-26.6,300,1109.032535
-26.6,300,1109.082489
-27.0,300,1109.133815
93.6,35,1109.140717
-75.2,300,1109.190688
-30.0,300,1109.239811
-62.8,300,1109.291998
-30.0,300,1109.340917
102.2,13,1109.343283
101.7,9,1109.344885
-30.9,300,1109.397318
103.3,22,1109.401318
-52.2,300,1109.450411
60.9,194,1109.483621
-71.4,300,1109.535306
90.1,122,1109.55567
-28.7,300,1109.606192
101.0,6,1109.607311
103.0,19,1109.612307
-39.6,300,1109.662232
102.3,8,1109.664593
-25.6,300,1109.714507
-67.5,300,1109.766747
104.8,18,1109.770911
-28.0,300,1109.820345
78.9,247,1109.86067
102.8,13,1109.864582
-29.1,300,1109.915567
-26.6,300,1109.964808
-29.6,300,1110.014881
-46.9,300,1110.066259
-28.4,300,1110.116208
-65.3,300,1110.169808
-27.7,300,1110.219881
105.2,19,1110.224572
102.2,13,1110.227373
102.8,13,1110.229828
100.8,53,1110.238733
101.8,16,1110.242896
-27.5,300,1110.292758
-34.7,300,1110.343424
-30.1,300,1110.392769
104.3,18,1110.398008
-39.9,300,1110.448918
-30.2,300,1110.498376
-28.0,300,1110.549223
-29.3,300,1110.600508
-25.7,300,1110.650383
103.2,14,1110.652842
-25.5,300,1110.702024
-57.8,300,1110.754905
-27.0,300,1110.804155
-27.5,300,1110.854812
-28.2,300,1110.904259
-27.0,300,1110.956398
-27.8,300,1111.006166
-77.3,300,1111.057294
-73.9,300,1111.107282
-28.1,300,1111.159706
-46.6,300,1111.209444
82.8,136,1111.232083
-29.6,300,1111.282634
-39.4,300,1111.334116
-73.8,300,1111.385387
-46.6,300,1111.434906
-74.4,300,1111.485018
-73.6,300,1111.557607
-27.1,300,1111.607392
90.2,124,1111.627925
-47.9,300,1111.678357
-25.5,300,1111.729808
101.7,9,1111.731468
-27.7,300,1111.781627
-29.0,300,1111.830684
-29.7,300,1111.882602
-27.6,300,1111.931774
-45.5,300,1111.981837
-35.9,300,1112.031611
-42.1,300,1112.083767
-29.0,300,1112.133177
-27.7,300,1112.182304
-32.2,300,1112.232518
-27.5,300,1112.283725
-26.6,300,1112.334088
-40.0,300,1112.38349
-37.9,300,1112.433664
-29.5,300,1112.484394
102.7,17,1112.48778
-27.5,300,1112.538247
-28.4,300,1112.587258
-28.1,300,1112.63962
-28.4,300,1112.688989
-28.6,300,1112.739027
-26.0,300,1112.788185
-41.9,300,1112.840728
-28.7,300,1112.89007
-29.5,300,1112.940093
-28.7,300,1112.992977
102.7,17,1112.997696
-31.5,300,1113.048735
-44.8,300,1113.098437
104.6,20,1113.102012
-44.2,300,1113.154903
-26.6,300,1113.204275
-55.4,300,1113.254573
-28.5,300,1113.303742
-28.7,300,1113.355557
-60.9,300,1113.405119
103.5,11,1113.4073
102.2,13,1113.409623
-65.2,300,1113.462088
-38.9,300,1113.511327
-57.2,300,1113.561164
-68.5,300,1113.611156
87.7,118,1113.632374
75.4,258,1113.676167
102.6,14,1113.678587
58.0,279,1113.724269
38.0,280,1113.773436
-50.9,300,1113.822914
-37.0,300,1113.872902
-27.3,300,1113.921943
103.1,18,1113.927257
102.5,28,1113.932228
-27.8,300,1113.982632
-26.8,300,1114.031777
-27.6,300,1114.083698
67.4,208,1114.118641
-28.5,300,1114.168015
102.1,18,1114.171175
95.0,38,1114.180015
-28.5,300,1114.23053
-28.0,300,1114.279308
-26.6,300,1114.329428
99.8,23,1114.334685
88.3,84,1114.348851
-29.5,300,1114.398788
-61.4,300,1114.4487
-29.7,300,1114.49974
104.3,18,1114.503834
-31.5,300,1114.553457
-64.7,300,1114.602962
-35.7,300,1114.654603
74.5,255,1114.696458
-28.6,300,1114.746828
-25.0,300,1114.796292
101.6,10,1114.799474
97.7,23,1114.803539
-27.7,300,1114.854282
-30.1,300,1114.903418
-70.6,300,1114.956532
101.3,8,1114.958262
-25.7,300,1115.007088
-29.2,300,1115.057162
-36.3,300,1115.108604
-39.4,300,1115.158749
102.9,12,1115.161069
103.1,10,1115.162859
-43.6,300,1115.213918
-29.7,300,1115.264386
102.9,12,1115.266672
102.3,8,1115.268276
-80.3,300,1115.319883
101.8,8,1115.321475
-44.6,300,1115.372027
-33.1,300,1115.421452
-66.4,300,1115.474346
101.7,17,1115.477858
-61.1,300,1115.527371
-26.7,300,1115.577593
90.0,67,1115.590609
-27.6,300,1115.640058
-61.1,300,1115.69075
-28.1,300,1115.739842
-39.4,300,1115.792269
-29.0,300,1115.841708
-68.9,300,1115.892394
102.8,13,1115.895148
-72.2,300,1115.946697
-27.7,300,1115.997032
92.1,66,1116.008092
102.6,10,1116.010213
-40.1,300,1116.061621
-29.2,300,1116.111998
-56.8,300,1116.161725
97.3,24,1116.166015
-34.5,300,1116.218074
93.5,137,1116.240834
34.7,281,1116.287217
-35.0,300,1116.338051
-26.6,300,1116.38951
-26.7,300,1116.439844
-29.2,300,1116.489637
-27.9,300,1116.539967
-29.0,300,1116.591069
82.5,166,1116.619478
-30.0,300,1116.669139
-27.7,300,1116.718022
-59.2,300,1116.770235
-28.8,300,1116.820885
-28.0,300,1116.878853
-29.6,300,1116.929444
-27.7,300,1116.981188
-30.3,300,1117.030955
104.4,17,1117.034867
-34.9,300,1117.085303
-36.0,300,1117.136922
70.1,148,1117.162878
-30.1,300,1117.212332
-27.2,300,1117.262627
-46.7,300,1117.314345
79.3,239,1117.354392
84.4,89,1117.369252
71.6,298,1117.418274
-51.0,300,1117.471068
-26.6,300,1117.520943
-30.5,300,1117.570929
-28.0,300,1117.620507
-28.2,300,1117.672676
-76.2,300,1117.722748
-26.5,300,1117.773207
-28.9,300,1117.822994
100.6,5,1117.826264
-35.5,300,1117.877117
-27.7,300,1117.926726
99.3,33,1117.93234
-28.4,300,1117.985489
73.2,141,1118.009938
103.4,12,1118.012293
-27.6,300,1118.061612
-36.6,300,1118.114434
-50.9,300,1118.163793
-73.2,300,1118.214943
-46.6,300,1118.264323
102.2,17,1118.268836
100.8,3,1118.269705
-34.2,300,1118.320148
88.6,153,1118.345541
-36.9,300,1118.396721
-27.5,300,1118.447194
102.9,12,1118.449472
102.7,9,1118.451516
102.6,15,1118.455755
-58.3,300,1118.505851
100.9,19,1118.51015
-27.5,300,1118.559299
-29.0,300,1118.610615
-36.2,300,1118.661107
-28.1,300,1118.710272
-34.6,300,1118.760542
-45.9,300,1118.8125
-71.7,300,1118.863721
-29.0,300,1118.913127
-27.9,300,1118.963478
-42.6,300,1119.01479
103.9,17,1119.017817
-72.6,300,1119.068384
-26.6,300,1119.117678
103.5,21,1119.123066
38.5,259,1119.167052
-57.8,300,1119.217137
102.9,12,1119.219385
-27.0,300,1119.271927
101.8,13,1119.274694
102.8,13,1119.277122
-59.8,300,1119.327017
-33.3,300,1119.379871
-37.4,300,1119.429272
92.6,113,1119.447845
-26.1,300,1119.4986
-56.2,300,1119.550738
-39.4,300,1119.622481
101.7,17,1119.625496
-27.5,300,1119.675923
100.7,4,1119.678378
-29.7,300,1119.728316
89.4,59,1119.738444
100.7,22,1119.742595
101.3,27,1119.748494
-29.0,300,1119.79949
-28.8,300,1119.848998
-39.9,300,1119.900085
93.1,90,1119.917348
-30.2,300,1119.967002
-26.3,300,1120.017125
-37.2,300,1120.066198
-45.1,300,1120.118777
-25.8,300,1120.167821
-34.9,300,1120.217818
101.9,21,1120.221515
-28.1,300,1120.272869
-36.4,300,1120.323449
-30.9,300,1120.372811
-28.9,300,1120.423113
84.4,200,1120.457932
60.2,187,1120.489139
79.7,248,1120.531028
-26.1,300,1120.579973
-27.1,300,1120.632606
-27.0,300,1120.681936
-27.1,300,1120.732359
-42.3,300,1120.781599
-64.9,300,1120.833994
-30.4,300,1120.883497
104.0,16,1120.886374
-49.1,300,1120.936682
-39.7,300,1120.987978
-30.1,300,1121.037874
-26.6,300,1121.087853
93.3,59,1121.098102
103.0,24,1121.104178
95.9,54,1121.113367
-27.7,300,1121.163655
-41.5,300,1121.213231
101.1,5,1121.215692
-37.9,300,1121.266499
-50.7,300,1121.316223
-39.9,300,1121.366584
-27.5,300,1121.41752
77.5,255,1121.460269
-37.5,300,1121.510072
-27.3,300,1121.560016
-28.0,300,1121.61143
-37.9,300,1121.660365
-26.0,300,1121.710983
71.8,127,1121.732279
-31.6,300,1121.784463
-29.5,300,1121.834019
-44.7,300,1121.884517
-30.0,300,1121.933893
-78.4,300,1121.987797
-27.7,300,1122.037158
-73.2,300,1122.087419
-37.4,300,1122.137166
-27.5,300,1122.188943
-47.5,300,1122.238714
-59.2,300,1122.288296
-29.1,300,1122.338497
74.9,136,1122.363214
-26.6,300,1122.413221
-31.0,300,1122.462451
-59.8,300,1122.512959
79.7,109,1122.533432
-72.9,300,1122.583536
-64.5,300,1122.634293
-28.4,300,1122.683151
102.5,14,1122.687219
62.3,170,1122.716635
104.7,14,1122.719441
101.2,4,1122.720392
104.5,16,1122.724921
101.4,20,1122.728543
101.8,19,1122.731648
-28.5,300,1122.78145
-28.0,300,1122.833903
-26.2,300,1122.883182
86.3,166,1122.910686
-27.2,300,1122.960637
-26.7,300,1123.013061
95.7,107,1123.031713
-26.7,300,1123.081384
-40.4,300,1123.131506
104.6,15,1123.135801
-79.0,300,1123.186173
-32.4,300,1123.234862
-27.6,300,1123.285455
-30.6,300,1123.336732
88.1,87,1123.352595
-29.0,300,1123.402495
-27.8,300,1123.452109
-33.4,300,1123.504301
-26.5,300,1123.554268
-29.1,300,1123.604045
-29.4,300,1123.653091
101.5,20,1123.6589
-28.4,300,1123.708341
-25.5,300,1123.757484
100.6,37,1123.764421
82.1,93,1123.782318
-27.7,300,1123.831786
-38.3,300,1123.881968
-28.8,300,1123.931827
-27.7,300,1123.985269
87.3,140,1124.00911
-35.3,300,1124.059024
-32.9,300,1124.110284
-26.6,300,1124.162843
-27.9,300,1124.2149
-30.1,300,1124.265433
-51.7,300,1124.317082
-28.7,300,1124.370243
-34.5,300,1124.421777
-32.1,300,1124.472137
69.0,256,1124.515875
84.7,92,1124.533258
-33.0,300,1124.583076
96.3,40,1124.589997
-45.4,300,1124.641036
-53.5,300,1124.693098
-29.2,300,1124.743791
101.5,19,1124.746959
-28.9,300,1124.796539
-26.6,300,1124.852432
-43.8,300,1124.902538
-29.2,300,1124.953707
-26.6,300,1125.003388
103.4,17,1125.008393
94.3,98,1125.024763
-27.0,300,1125.075975
-28.2,300,1125.12551
-30.4,300,1125.178275
-38.4,300,1125.228156
-34.2,300,1125.278697
101.3,25,1125.282928
-27.1,300,1125.334665
101.1,5,1125.336101
-27.8,300,1125.386715
-29.6,300,1125.436092
-41.3,300,1125.491251
-29.6,300,1125.54086
-27.4,300,1125.591593
-71.2,300,1125.64178
-26.2,300,1125.695115
102.5,11,1125.697021
100.0,42,1125.70447
-28.1,300,1125.754178
102.3,12,1125.757856
-26.0,300,1125.808847
103.7,14,1125.811286
-35.3,300,1125.860747
101.8,8,1125.864111
-27.1,300,1125.914874
103.8,18,1125.918289
-34.8,300,1125.967389
-26.0,300,1126.019867
-32.8,300,1126.069032
80.6,112,1126.08853
100.7,4,1126.089476
-27.2,300,1126.140562
-35.9,300,1126.190186
-53.9,300,1126.240091
-77.8,300,1126.289712
-73.8,300,1126.341496
-67.1,300,1126.390717
-34.0,300,1126.441357
-28.4,300,1126.490886
-74.6,300,1126.543766
-28.3,300,1126.593135
-32.4,300,1126.644541
82.9,160,1126.672696
-29.4,300,1126.726414
-27.2,300,1126.776412
-32.9,300,1126.826505
-29.1,300,1126.875945
-28.1,300,1126.927807
-28.2,300,1126.97796
-29.1,300,1127.028877
-45.5,300,1127.080543
102.8,17,1127.085212
-33.8,300,1127.136591
-30.4,300,1127.186962
-36.0,300,1127.237609
-36.5,300,1127.289809
-61.1,300,1127.340553
98.4,46,1127.348669
-34.5,300,1127.398352
-79.2,300,1127.451319
102.4,12,1127.453593
-33.9,300,1127.502924
-31.6,300,1127.552834
-28.6,300,1127.604662
-63.4,300,1127.655674
102.5,11,1127.657476
103.6,19,1127.661176
-29.7,300,1127.712414
101.4,15,1127.7153
-35.3,300,1127.765634
47.7,231,1127.804769
102.6,14,1127.808546
-51.5,300,1127.858837
-71.1,300,1127.910202
-28.9,300,1127.959418
101.5,19,1127.965321
-33.9,300,1128.01611
-36.3,300,1128.065308
101.6,18,1128.069143
-28.4,300,1128.12076
-33.0,300,1128.169882
-27.2,300,1128.220633
101.9,7,1128.222202
-26.7,300,1128.27373
-60.0,300,1128.324811
93.3,81,1128.338286
-37.6,300,1128.432148
-29.7,300,1128.484476
-31.8,300,1128.533689
-76.5,300,1128.583418
-69.1,300,1128.633904
91.0,109,1128.65378
86.8,159,1128.679822
-32.4,300,1128.729964
102.3,13,1128.732627
-66.2,300,1128.78384
-28.2,300,1128.833693
-29.1,300,1128.882845
104.5,21,1128.88645
101.5,6,1128.888921
-29.8,300,1128.939079
-29.0,300,1128.988361
-32.6,300,1129.038385
102.2,18,1129.043455
-33.6,300,1129.092575
97.4,40,1129.099304
-53.4,300,1129.149363
-29.1,300,1129.199931
-34.9,300,1129.249907
-26.0,300,1129.298885
-72.4,300,1129.34849
45.0,272,1129.394372
-28.4,300,1129.444119
-45.6,300,1129.492797
-29.1,300,1129.542314
-26.6,300,1129.593006
102.4,12,1129.595231
-27.9,300,1129.644803
-75.6,300,1129.694384
103.0,11,1129.697756
-32.2,300,1129.747651
101.0,6,1129.748759
-55.2,300,1129.797828
-29.1,300,1129.848483
-25.6,300,1129.898268
-29.2,300,1129.947311
-28.2,300,1129.997234
-46.9,300,1130.047928
-34.3,300,1130.098098
-40.1,300,1130.147148
-27.2,300,1130.197074
-76.5,300,1130.247448
-29.6,300,1130.297437
-29.1,300,1130.346359
91.5,59,1130.356551
102.8,18,1130.36125
-47.0,300,1130.41135
-31.8,300,1130.460532
-48.6,300,1130.510404
-26.8,300,1130.560749
-36.4,300,1130.610327
104.1,15,1130.613185
-31.2,300,1130.662244
-43.2,300,1130.713874
-29.3,300,1130.762733
102.8,17,1130.765729
-78.3,300,1130.815536
-44.2,300,1130.865844
63.3,163,1130.893107
-54.0,300,1130.942768
-28.3,300,1130.991702
-43.3,300,1131.042865
-39.3,300,1131.091987
-27.5,300,1131.141757
-35.7,300,1131.190708
102.1,18,1131.195828
103.4,12,1131.198117
-39.9,300,1131.248036
101.2,13,1131.250326
-28.1,300,1131.300581
97.7,42,1131.307429
-33.1,300,1131.356798
-32.9,300,1131.405797
104.2,14,1131.41028
102.2,17,1131.413296
-76.8,300,1131.463824
102.1,14,1131.46659
-53.7,300,1131.517463
-28.6,300,1131.567177
104.0,16,1131.570049
101.8,8,1131.57164
-28.8,300,1131.622356
-29.5,300,1131.672195
82.7,93,1131.687778
-35.8,300,1131.736812
100.8,3,1131.73932
-43.7,300,1131.78922
104.0,20,1131.792825
-27.5,300,1131.841415
-70.2,300,1131.893122
-31.5,300,1131.942231
-37.2,300,1131.991773
-27.7,300,1132.040315
102.9,12,1132.044263
100.3,8,1132.045835
-29.2,300,1132.095515
-28.1,300,1132.144261
-32.5,300,1132.195065
-49.5,300,1132.243946
103.3,21,1132.247616
-41.6,300,1132.297428
-52.6,300,1132.348128
-47.1,300,1132.397799
-43.3,300,1132.446854
-41.1,300,1132.496505
-32.5,300,1132.546734
-25.5,300,1132.596349
-43.3,300,1132.645603
101.9,25,1132.649826
-27.0,300,1132.700657
102.2,22,1132.704674
85.8,146,1132.728687
-37.0,300,1132.777854
-62.4,300,1132.829797
101.7,17,1132.83279
103.1,15,1132.835583
-27.8,300,1132.88441
-42.1,300,1132.936351
-73.5,300,1132.986223
-29.0,300,1133.036752
104.2,14,1133.039581
-29.1,300,1133.090422
-29.5,300,1133.140206
-28.5,300,1133.188997
-27.8,300,1133.238745
-25.0,300,1133.28926
-43.1,300,1133.339211
-29.0,300,1133.387973
90.3,89,1133.402714
103.7,14,1133.40649
-49.4,300,1133.456532
30.2,291,1133.504591
103.1,18,1133.508018
-34.8,300,1133.559823
-30.5,300,1133.608561
-74.1,300,1133.658851
-28.8,300,1133.707628
-50.9,300,1133.758762
-25.0,300,1133.807743
-40.6,300,1133.856194
-44.8,300,1133.905749
-28.0,300,1133.955943
-47.4,300,1134.005478
-28.7,300,1134.054367
-28.1,300,1134.103943
-39.2,300,1134.154436
-76.5,300,1134.204029
-73.3,300,1134.252723
-70.6,300,1134.303064
-57.6,300,1134.353998
101.5,14,1134.356431
-45.9,300,1134.406204
-65.0,300,1134.455644
-29.3,300,1134.507234
-26.2,300,1134.5562
-27.7,300,1134.605696
-73.4,300,1134.655181
-45.0,300,1134.705572
-69.9,300,1134.755811
-54.0,300,1134.805165
-52.9,300,1134.8548
72.7,286,1134.90258
-75.3,300,1134.952945
-61.1,300,1135.002622
53.7,295,1135.051498
103.2,22,1135.057448
-28.2,300,1135.106552
-73.9,300,1135.156169
-37.1,300,1135.205405
-27.3,300,1135.256944
-68.5,300,1135.306548
-42.3,300,1135.356386
-34.9,300,1135.405433
-27.7,300,1135.456885
-36.7,300,1135.505917
-26.0,300,1135.555471
-27.8,300,1135.604552
86.2,134,1135.628166
-80.8,300,1135.678884
-60.3,300,1135.727974
-33.0,300,1135.777486
-26.9,300,1135.827528
-28.4,300,1135.877306
-27.1,300,1135.926437
-51.6,300,1135.976275
-80.7,300,1136.027154
101.9,20,1136.030754
-51.0,300,1136.08104
-63.7,300,1136.130681
-29.0,300,1136.181182
100.8,3,1136.182054
-55.3,300,1136.23195
-60.9,300,1136.280986
-56.6,300,1136.333067
-27.7,300,1136.381923
-27.0,300,1136.431625
100.7,17,1136.434504
68.0,176,1136.464885
-28.5,300,1136.514787
-53.2,300,1136.563867
101.2,17,1136.567168
-78.2,300,1136.619062
-28.6,300,1136.66812
-69.3,300,1136.718374
-30.7,300,1136.767492
-28.4,300,1136.818693
62.5,172,1136.847267
-36.1,300,1136.896246
-55.6,300,1136.946431
104.5,16,1136.950778
-44.8,300,1136.999997
93.0,116,1137.019052
72.4,128,1137.040963
-34.8,300,1137.091551
-72.8,300,1137.141142
-27.5,300,1137.190114
-59.8,300,1137.239976
-26.2,300,1137.290637
102.7,22,1137.294376
-29.4,300,1137.344055
-56.7,300,1137.393371
-27.7,300,1137.444415
-28.9,300,1137.493574
-29.4,300,1137.543457
-34.5,300,1137.592216
-74.6,300,1137.643989
-26.0,300,1137.693959
58.9,267,1137.737759
-59.6,300,1137.788021
103.0,15,1137.792241
-60.7,300,1137.841979
-27.2,300,1137.891702
-29.0,300,1137.940628
103.2,22,1137.946041
-43.0,300,1138.021797
-38.2,300,1138.072048
-33.9,300,1138.121556
-76.0,300,1138.172328
-28.5,300,1138.222453
-47.3,300,1138.271931
-26.6,300,1138.321856
-35.7,300,1138.372643
-74.4,300,1138.423553
103.5,20,1138.427153
-26.7,300,1138.476539
-28.5,300,1138.528549
-29.3,300,1138.57769
-50.0,300,1138.628
-42.6,300,1138.677253
-47.0,300,1138.728783
-25.0,300,1138.778171
93.2,104,1138.795461
-27.7,300,1138.845284
-26.3,300,1138.896481
-51.6,300,1138.946792
-31.9,300,1138.996026
-30.9,300,1139.046066
-27.7,300,1139.096965
-27.0,300,1139.146744
-27.8,300,1139.195768
-28.7,300,1139.245662
-29.0,300,1139.296244
-28.4,300,1139.346328
101.3,12,1139.3486
-59.5,300,1139.398153
-29.4,300,1139.449783
-25.0,300,1139.498882
-52.9,300,1139.54881
-27.0,300,1139.597181
90.2,132,1139.620526
-43.5,300,1139.670134
-46.4,300,1139.719007
-28.0,300,1139.768744
-27.5,300,1139.819534
-27.5,300,1139.869237
103.7,14,1139.871988
-31.6,300,1139.921212
-27.2,300,1139.972815
-28.4,300,1140.021449
103.3,17,1140.024388
-37.4,300,1140.073446
-28.6,300,1140.123973
-44.2,300,1140.172968
-29.5,300,1140.222903
104.2,14,1140.225329
-48.0,300,1140.276979
-29.6,300,1140.32587
-28.8,300,1140.374867
-28.9,300,1140.424952
-42.9,300,1140.475389
-73.8,300,1140.525161
-28.5,300,1140.574049
-26.7,300,1140.62397
-28.2,300,1140.674609
-43.2,300,1140.724543
-26.4,300,1140.773639
-34.2,300,1140.823661
-26.3,300,1140.874168
-37.2,300,1140.923927
104.6,15,1140.926782
-57.7,300,1140.976369
-27.0,300,1141.027088
-33.9,300,1141.076007
-33.5,300,1141.126074
102.1,10,1141.128195
-32.7,300,1141.179683
-31.8,300,1141.229385
90.1,123,1141.24952
-28.3,300,1141.298391
-46.1,300,1141.349879
-41.9,300,1141.398948
-48.1,300,1141.448967
-28.9,300,1141.497846
-80.6,300,1141.549385
-47.0,300,1141.598423
-74.3,300,1141.649038
-34.3,300,1141.698448
-73.7,300,1141.749739
-51.9,300,1141.800105
90.6,133,1141.822372
-57.4,300,1141.872621
-30.7,300,1141.9232
-26.7,300,1141.972764
-28.7,300,1142.021863
-29.7,300,1142.071657
-27.0,300,1142.122598
-61.3,300,1142.172079
-28.5,300,1142.221882
-37.6,300,1142.271261
-26.2,300,1142.322474
102.6,18,1142.325535
-31.2,300,1142.374379
-28.2,300,1142.424345
-26.1,300,1142.475427
-28.7,300,1142.525499
-27.8,300,1142.574442
-67.4,300,1142.624854
-27.8,300,1142.675375
-28.8,300,1142.72531
-41.5,300,1142.774363
-27.2,300,1142.824122
-29.7,300,1142.874686
-36.3,300,1142.924471
55.3,219,1142.961256
-27.0,300,1143.011669
-34.6,300,1143.063677
-28.5,300,1143.112969
-34.0,300,1143.163
-29.6,300,1143.212053
-28.7,300,1143.263465
-27.2,300,1143.312677
-33.3,300,1143.362505
-27.5,300,1143.411783
78.3,237,1143.453011
-37.5,300,1143.502154
-28.5,300,1143.552045
-28.9,300,1143.600943
103.7,14,1143.605109
-66.9,300,1143.655592
104.3,17,1143.658591
-68.6,300,1143.707361
104.5,16,1143.711689
-34.8,300,1143.761906
-32.6,300,1143.810919
-30.5,300,1143.86007
-50.9,300,1143.911964
62.4,190,1143.943372
-54.9,300,1143.993321
-37.2,300,1144.042404
-28.6,300,1144.093517
-41.6,300,1144.142571
-27.0,300,1144.192412
-76.4,300,1144.241939
-29.9,300,1144.293461
104.2,19,1144.296929
99.8,22,1144.300987
104.1,15,1144.303483
-78.0,300,1144.354628
-33.0,300,1144.404371
104.1,15,1144.407243
-65.3,300,1144.456814
-69.3,300,1144.508587
-26.1,300,1144.55775
86.5,160,1144.584212
-26.6,300,1144.634377
-29.7,300,1144.685323
101.2,4,1144.686256
-27.8,300,1144.736139
-32.7,300,1144.78503
-33.0,300,1144.836384
-35.7,300,1144.885995
-28.0,300,1144.935597
-36.1,300,1144.98444
-54.7,300,1145.03607
104.9,17,1145.039081
69.4,197,1145.071869
104.3,18,1145.074877
102.6,31,1145.081837
-48.7,300,1145.132116
-75.4,300,1145.181346
68.0,260,1145.224323
-28.1,300,1145.275431
-51.2,300,1145.324912
-29.8,300,1145.374807
-53.1,300,1145.42399
101.9,20,1145.429098
-29.5,300,1145.47944
-43.9,300,1145.52907
-26.7,300,1145.578863
-26.6,300,1145.629627
-43.7,300,1145.679524
-67.6,300,1145.729125
-26.5,300,1145.779064
-68.1,300,1145.830525
-25.7,300,1145.881649
-66.7,300,1145.933021
-30.4,300,1145.982951
-34.2,300,1146.033744
-29.6,300,1146.083596
103.4,12,1146.085916
-33.7,300,1146.135008
102.4,12,1146.13863
-29.7,300,1146.188481
-49.3,300,1146.237854
-33.9,300,1146.286762
-37.9,300,1146.338393
-35.7,300,1146.38781
-26.2,300,1146.43752
-26.6,300,1146.48643
-29.0,300,1146.538175
-34.2,300,1146.587165
-27.7,300,1146.636778
-66.2,300,1146.685986
-28.4,300,1146.737838
104.8,18,1146.740938
104.1,15,1146.743783
103.3,17,1146.746754
-29.6,300,1146.797403
-54.9,300,1146.847939
99.7,39,1146.854716
-26.9,300,1146.903934
104.2,19,1146.908773
-27.8,300,1146.960439
101.9,7,1146.961979
102.7,9,1146.963708
82.0,196,1146.997594
104.9,17,1147.000609
-26.5,300,1147.050697
-66.6,300,1147.100321
-29.3,300,1147.151619
98.1,42,1147.158882
92.2,114,1147.177821
-42.6,300,1147.227326
104.8,18,1147.23248
-54.5,300,1147.282704
-75.3,300,1147.332002
-42.1,300,1147.382232
105.0,21,1147.387027
-28.2,300,1147.436189
-27.3,300,1147.48614
-27.5,300,1147.535177
-38.9,300,1147.586828
104.9,17,1147.589797
-28.9,300,1147.638794
-31.1,300,1147.688782
-27.5,300,1147.739688
101.0,6,1147.741089
-29.1,300,1147.790759
-27.4,300,1147.839773
-40.6,300,1147.891268
-32.4,300,1147.940023
-32.0,300,1147.990513
-46.1,300,1148.040666
-27.6,300,1148.09266
-26.7,300,1148.141963
-74.2,300,1148.192305
-31.7,300,1148.241549
-41.4,300,1148.29273
-54.2,300,1148.342433
80.1,169,1148.370123
-47.3,300,1148.420632
-27.5,300,1148.471134
82.0,175,1148.500269
103.6,15,1148.503342
-43.5,300,1148.5527
-30.7,300,1148.603633
-25.6,300,1148.653273
99.8,32,1148.658726
-30.4,300,1148.707897
103.3,17,1148.713213
-28.9,300,1148.762586
-27.6,300,1148.811418
104.2,14,1148.813846
65.4,278,1148.861921
-26.7,300,1148.91083
57.9,212,1148.946337
87.8,151,1148.970967
103.3,17,1148.975633
-31.4,300,1149.024719
105.0,16,1149.028265
-29.8,300,1149.077218
103.9,12,1149.080752
-30.0,300,1149.130025
-57.7,300,1149.180038
-50.0,300,1149.229308
-42.3,300,1149.282116
-40.2,300,1149.337371
73.8,226,1149.375309
-76.4,300,1149.424813
-29.0,300,1149.47587
-26.1,300,1149.524707
-77.5,300,1149.575018
99.1,34,1149.580983
105.6,20,1149.586178
-47.7,300,1149.634983
102.2,13,1149.637268
101.2,4,1149.638185
-59.1,300,1149.689556
-65.3,300,1149.738139
-29.0,300,1149.787617
-29.1,300,1149.836534
-72.1,300,1149.888164
-28.6,300,1149.936583
-49.2,300,1149.987161
-29.9,300,1150.036523
-73.8,300,1150.088454
-76.6,300,1150.137882
105.6,20,1150.141417
-28.0,300,1150.190842
100.7,4,1150.193119
-31.1,300,1150.242593
-51.5,300,1150.291394
-27.8,300,1150.341184
103.5,11,1150.344983
-28.9,300,1150.393933
73.4,279,1150.439679
-73.3,300,1150.489086
-28.6,300,1150.539931
-42.2,300,1150.588518
-51.1,300,1150.637876
-33.9,300,1150.686604
-27.7,300,1150.737175
-66.8,300,1150.786587
-35.6,300,1150.836227
-31.5,300,1150.88458
-40.5,300,1150.936233
100.0,20,1150.939696
-55.6,300,1150.988685
103.5,21,1150.992625
67.9,131,1151.015552
-52.6,300,1151.065128
-26.7,300,1151.114125
-78.7,300,1151.164139
-27.2,300,1151.214522
-30.2,300,1151.263817
101.0,6,1151.26525
103.8,13,1151.267548
-31.9,300,1151.317858
81.6,100,1151.334647
-51.0,300,1151.384271
-36.1,300,1151.433165
-74.0,300,1151.484506
-29.9,300,1151.533329
-79.5,300,1151.583724
-38.4,300,1151.632828
-29.4,300,1151.683713
-68.5,300,1151.732878
-38.6,300,1151.782987
-30.8,300,1151.831928
-39.2,300,1151.883026
-34.1,300,1151.931916
-30.8,300,1151.980628
-33.4,300,1152.029926
-28.1,300,1152.080793
-57.7,300,1152.130724
-49.6,300,1152.179962
-39.3,300,1152.229742
-31.4,300,1152.279913
-40.3,300,1152.330078
-29.4,300,1152.378826
-35.6,300,1152.42859
-48.7,300,1152.479301
101.6,23,1152.483371
-65.1,300,1152.532667
-43.6,300,1152.581532
-71.6,300,1152.633053
-28.3,300,1152.682272
-46.7,300,1152.731658
-29.5,300,1152.780469
103.3,22,1152.785468
-29.9,300,1152.835048
79.2,109,1152.853523
-47.7,300,1152.902661
-73.7,300,1152.954653
-43.5,300,1153.004482
-45.1,300,1153.055133
-33.8,300,1153.104333
-35.9,300,1153.155648
-29.0,300,1153.204729
-54.2,300,1153.254819
-27.8,300,1153.303868
104.8,18,1153.308288
-27.6,300,1153.35814
86.9,159,1153.384493
-43.0,300,1153.433582
-79.4,300,1153.485987
-28.3,300,1153.534856
-36.5,300,1153.584691
99.1,29,1153.589534
97.4,59,1153.601093
102.6,23,1153.605252
-28.2,300,1153.654222
-38.6,300,1153.70368
-26.7,300,1153.754441
-35.7,300,1153.804189
-33.0,300,1153.854302
-27.3,300,1153.904122
-36.8,300,1153.955204
-35.8,300,1154.0045
-30.8,300,1154.053978
-38.5,300,1154.103901
-29.0,300,1154.154418
-64.9,300,1154.204346
-35.2,300,1154.253529
-30.4,300,1154.303274
103.2,22,1154.308767
-28.9,300,1154.357868
-29.7,300,1154.406887
-27.5,300,1154.456844
-27.7,300,1154.507232
-40.6,300,1154.557179
-35.0,300,1154.605868
-66.7,300,1154.656222
-36.2,300,1154.707149
101.3,29,1154.711883
-51.3,300,1154.762018
-40.8,300,1154.810661
-26.2,300,1154.86226
-56.4,300,1154.911183
-46.1,300,1154.961117
102.0,15,1154.963922
69.0,143,1154.989063
-64.0,300,1155.038422
-67.9,300,1155.088621
-47.4,300,1155.138242
-30.6,300,1155.190066
102.0,6,1155.191147
-28.2,300,1155.239948
-56.9,300,1155.290175
-31.3,300,1155.340779
-65.4,300,1155.390527
104.2,19,1155.394003
-29.6,300,1155.442818
-71.0,300,1155.495171
-47.4,300,1155.544227
-30.2,300,1155.593772
103.2,22,1155.597799
-50.0,300,1155.648804
-69.8,300,1155.699036
104.1,20,1155.702569
-42.7,300,1155.751842
101.6,10,1155.754852
101.8,8,1155.756451
102.6,10,1155.758517
-36.2,300,1155.808346
101.5,6,1155.810908
72.6,274,1155.856321
-60.7,300,1155.906221
-33.4,300,1155.954826
-39.6,300,1156.006087
-28.9,300,1156.055129
70.8,264,1156.098443
79.9,115,1156.117487
-39.0,300,1156.168296
-67.4,300,1156.218121
105.2,19,1156.221649
-45.7,300,1156.270693
101.0,19,1156.275582
-36.9,300,1156.325089
-72.9,300,1156.37445
-50.0,300,1156.424263
-26.6,300,1156.475053
-31.7,300,1156.524841
101.1,5,1156.525903
-50.8,300,1156.575615
-32.1,300,1156.627042
-27.8,300,1156.675613
-32.9,300,1156.724272
-34.9,300,1156.773619
89.0,76,1156.788057
92.1,125,1156.808453
103.2,19,1156.811906
103.0,11,1156.814054
95.4,75,1156.828161
-30.5,300,1156.877694
103.7,14,1156.880111
-40.3,300,1156.928861
-68.6,300,1156.980244
-66.2,300,1157.029968
-26.7,300,1157.080025
-26.8,300,1157.129373
103.7,14,1157.13357
-52.9,300,1157.183452
80.9,103,1157.200722
-61.7,300,1157.250591
84.8,84,1157.267488
-28.5,300,1157.317421
-34.7,300,1157.36832
-26.3,300,1157.417498
91.9,105,1157.436944
103.7,14,1157.439369
-41.5,300,1157.489588
-28.3,300,1157.539145
-51.1,300,1157.591359
-67.8,300,1157.641345
-30.7,300,1157.691095
-45.3,300,1157.740298
-72.9,300,1157.79228
-57.9,300,1157.841735
-31.3,300,1157.891572
-26.6,300,1157.941119
-29.2,300,1157.991781
-31.1,300,1158.042792
-37.5,300,1158.092385
-33.1,300,1158.142847
-27.5,300,1158.194006
-31.1,300,1158.243413
-48.8,300,1158.292955
102.6,14,1158.295734
104.1,19,1158.300446
103.4,20,1158.304116
-42.6,300,1158.353755
-44.3,300,1158.403034
-64.0,300,1158.454767
-51.8,300,1158.503966
-28.5,300,1158.553625
-36.7,300,1158.602378
-39.6,300,1158.653773
98.8,47,1158.661647
-35.5,300,1158.710579
-31.2,300,1158.76014
-29.1,300,1158.810702
-76.9,300,1158.861422
-27.0,300,1158.910391
-38.9,300,1158.960061
-69.4,300,1159.01091
104.1,24,1159.015121
-54.1,300,1159.064932
-40.0,300,1159.114186
97.1,65,1159.126274
-29.1,300,1159.176254
-32.1,300,1159.224974
-27.4,300,1159.274752
79.5,109,1159.295035
-27.9,300,1159.344001
74.9,217,1159.380149
-26.4,300,1159.429466
-27.6,300,1159.481033
-26.2,300,1159.530476
-29.1,300,1159.580537
-47.9,300,1159.630295
-31.5,300,1159.680603
-42.2,300,1159.730372
-28.7,300,1159.77996
-29.2,300,1159.829922
-78.4,300,1159.881378
-44.0,300,1159.931429
-75.3,300,1159.98082
-42.7,300,1160.030994
-28.5,300,1160.081668
-76.2,300,1160.132349
-37.0,300,1160.182098
102.2,13,1160.184453
70.5,131,1160.208471
-29.4,300,1160.258526
102.6,10,1160.260291
-26.6,300,1160.309177
-27.2,300,1160.360319
-28.7,300,1160.40958
-72.7,300,1160.460021
-44.1,300,1160.509563
-79.1,300,1160.561113
-30.2,300,1160.610129
-57.8,300,1160.66056
-78.4,300,1160.710417
-28.7,300,1160.762561
102.5,19,1160.766096
103.8,17,1160.769137
-41.9,300,1160.8185
-58.4,300,1160.870213
-29.0,300,1160.919211
-36.9,300,1160.980941
-29.7,300,1161.038693
-27.0,300,1161.092256
-67.4,300,1161.144545
-26.6,300,1161.194912
-29.2,300,1161.24448
-26.6,300,1161.296528
-28.6,300,1161.345681
-30.2,300,1161.426851
-69.7,300,1161.497051
-59.7,300,1161.562661
-30.2,300,1161.61581
-35.3,300,1161.667582
89.9,112,1161.689141
-27.5,300,1161.747107
96.3,50,1161.757159
-28.6,300,1161.817746
-26.6,300,1161.869775
79.1,105,1161.889856
102.1,27,1161.894851
104.4,17,1161.89803
56.2,193,1161.932864
103.6,15,1161.937629
-70.6,300,1161.997091
-51.3,300,1162.048926
103.0,19,1162.05248
-46.1,300,1162.104175
-43.9,300,1162.154847
103.3,13,1162.157192
104.4,17,1162.160168
-39.5,300,1162.211593
104.7,19,1162.215145
-52.9,300,1162.307233
103.0,11,1162.312649
-28.9,300,1162.381432
-27.2,300,1162.434362
103.3,13,1162.436841
-32.0,300,1162.48768
-40.5,300,1162.541423
-29.4,300,1162.591796
-26.6,300,1162.641959
-54.6,300,1162.691128
-51.7,300,1162.742238
-29.1,300,1162.792409
-28.8,300,1162.841452
61.1,192,1162.874507
103.0,15,1162.88005
100.7,9,1162.882195
-55.6,300,1162.93805
95.3,77,1162.951226
103.6,35,1162.959838
-49.6,300,1163.010949
-61.9,300,1163.062499
-29.0,300,1163.111976
102.6,14,1163.116495
-42.9,300,1163.166574
-73.3,300,1163.216432
-30.9,300,1163.265959
-28.4,300,1163.317039
91.6,120,1163.33654
-69.6,300,1163.386873
-33.6,300,1163.435947
97.4,37,1163.443657
-39.0,300,1163.510369
100.4,7,1163.512008
103.3,21,1163.516186
-52.1,300,1163.571312
-33.7,300,1163.623826
-36.0,300,1163.674685
-34.2,300,1163.724958
-77.2,300,1163.776395
103.1,10,1163.778137
-32.6,300,1163.828445
78.2,117,1163.848525
102.8,8,1163.851664
-43.8,300,1163.922301
104.0,21,1163.926234
-64.3,300,1163.977755
-29.0,300,1164.030822
105.1,20,1164.034449
-29.3,300,1164.084294
-27.3,300,1164.13694
-36.7,300,1164.189935
105.2,19,1164.19351
-27.9,300,1164.243572
103.8,13,1164.24587
-49.3,300,1164.296766
-26.8,300,1164.34623
-34.0,300,1164.395269
104.6,15,1164.398114
81.3,95,1164.41545
-41.9,300,1164.465264
-74.4,300,1164.514722
101.8,12,1164.516943
102.1,10,1164.520689
102.1,14,1164.523129
-29.9,300,1164.573086
-43.8,300,1164.622427
-70.1,300,1164.674018
102.8,17,1164.677407
101.1,5,1164.678447
52.7,203,1164.712438
-38.6,300,1164.763847
-31.3,300,1164.813155
-34.0,300,1164.863118
-26.7,300,1164.911993
-41.3,300,1164.963809
-29.1,300,1165.016059
-26.6,300,1165.102778
-34.3,300,1165.156087
-44.9,300,1165.209948
-28.3,300,1165.28967
-37.1,300,1165.345968
-29.3,300,1165.400897
-64.2,300,1165.453844
-38.6,300,1165.505216
105.1,15,1165.507793
-35.2,300,1165.557397
-29.9,300,1165.608743
-58.0,300,1165.658033
102.7,17,1165.661405
-42.3,300,1165.711756
102.8,21,1165.717244
-38.7,300,1165.766421
-32.8,300,1165.816184
95.9,86,1165.830306
-30.6,300,1165.883519
-29.1,300,1165.935272
-36.3,300,1165.986189
-29.9,300,1166.038532
-28.1,300,1166.089572
-29.3,300,1166.139568
103.0,20,1166.143177
81.9,206,1166.177093
-47.1,300,1166.229279
-33.2,300,1166.278219
-26.2,300,1166.328018
-29.0,300,1166.377085
-53.4,300,1166.428634
-63.0,300,1166.478542
-56.9,300,1166.528598
104.5,16,1166.531512
104.8,18,1166.536123
-28.9,300,1166.585361
-34.2,300,1166.641
-48.5,300,1166.693794
-28.6,300,1166.745351
103.2,18,1166.748769
-26.6,300,1166.79801
-27.1,300,1166.84803
-40.3,300,1166.898721
-27.1,300,1166.948488
-46.0,300,1166.997896
103.9,17,1167.000811
103.3,17,1167.005276
-29.0,300,1167.055456
-27.3,300,1167.104092
-26.2,300,1167.153601
-36.7,300,1167.204217
-27.2,300,1167.253994
-29.8,300,1167.302865
103.0,15,1167.30572
105.3,18,1167.310913
-34.1,300,1167.360671
-34.1,300,1167.409533
103.6,15,1167.411975
-35.5,300,1167.463005
-32.6,300,1167.512314
-30.6,300,1167.561492
89.6,75,1167.574674
-31.0,300,1167.625754
95.2,79,1167.639264
-45.0,300,1167.690592
-26.4,300,1167.745209
-31.1,300,1167.797067
-33.4,300,1167.846143
-28.0,300,1167.896097
-60.0,300,1167.945201
-36.1,300,1167.997599
-25.6,300,1168.048284
102.2,13,1168.050669
-29.0,300,1168.100669
-38.8,300,1168.152565
-35.4,300,1168.205089
-35.4,300,1168.25629
101.6,36,1168.262674
-28.0,300,1168.314582
103.0,15,1168.317465
-38.8,300,1168.36626
-69.1,300,1168.416457
-27.8,300,1168.466732
102.2,17,1168.46971
103.3,17,1168.472836
-37.6,300,1168.52264
-27.7,300,1168.573361
95.9,68,1168.584568
-26.8,300,1168.634308
102.2,13,1168.636961
-28.0,300,1168.687302
-38.5,300,1168.736513
103.6,20,1168.740014
104.7,19,1168.743087
-58.1,300,1168.794421
-28.1,300,1168.845094
-37.1,300,1168.895932
-57.5,300,1168.946264
103.9,12,1168.950009
-65.1,300,1168.999384
-68.8,300,1169.050786
-69.5,300,1169.101557
-37.3,300,1169.153329
-31.1,300,1169.202514
-29.9,300,1169.252207
-35.3,300,1169.300937
-27.0,300,1169.351907
-31.2,300,1169.401807
96.0,76,1169.414319
-35.5,300,1169.463941
-41.0,300,1169.517268
83.1,240,1169.55959
-29.2,300,1169.609923
-27.3,300,1169.658995
-39.7,300,1169.732358
-29.2,300,1169.783624
-29.7,300,1169.832824
-26.8,300,1169.882286
-64.1,300,1169.933475
-48.3,300,1169.982487
81.4,206,1170.017104
-30.6,300,1170.065732
-41.0,300,1170.117249
-43.2,300,1170.166798
74.4,117,1170.186365
-31.8,300,1170.236306
32.7,294,1170.287156
-26.5,300,1170.336951
-27.8,300,1170.385597
-25.8,300,1170.435561
-66.9,300,1170.486164
-58.8,300,1170.536002
-27.8,300,1170.584267
-28.6,300,1170.634147
-57.1,300,1170.684677
-62.2,300,1170.734346
-28.8,300,1170.78294
-31.8,300,1170.832338
-31.2,300,1170.884147
-69.3,300,1170.938374
-26.7,300,1170.988184
-44.8,300,1171.044082
104.8,18,1171.049546
-29.1,300,1171.103451
-31.8,300,1171.154739
-30.2,300,1171.204377
-27.0,300,1171.256561
-28.8,300,1171.305301
102.2,9,1171.306902
-44.2,300,1171.356138
102.3,17,1171.360857
-26.2,300,1171.409624
101.9,7,1171.410739
-27.0,300,1171.459237
-27.4,300,1171.510059
-27.5,300,1171.558127
-27.1,300,1171.607287
-34.3,300,1171.656179
-28.7,300,1171.707136
-32.3,300,1171.755842
-26.3,300,1171.805528
-30.5,300,1171.854175
102.4,20,1171.859101
-27.8,300,1171.908639
-59.5,300,1171.957817
-38.7,300,1172.0079
-25.1,300,1172.05881
-25.7,300,1172.108298
-28.5,300,1172.15737
-28.2,300,1172.207405
-30.5,300,1172.257961
102.9,20,1172.261484
-26.7,300,1172.311331
-27.9,300,1172.36122
-72.4,300,1172.429693
-29.2,300,1172.52213
-31.4,300,1172.577402
-25.1,300,1172.631421
-29.2,300,1172.683422
104.8,18,1172.686853
-66.6,300,1172.737507
-75.5,300,1172.787818
-36.4,300,1172.839025
-53.4,300,1172.888738
-27.7,300,1172.938712
-27.2,300,1172.987575
-29.7,300,1173.040474
-43.2,300,1173.089731
-29.1,300,1173.141058
-66.7,300,1173.196146
100.8,3,1173.198821
-29.5,300,1173.255957
-43.3,300,1173.30947
-26.8,300,1173.363137
104.1,15,1173.367361
-28.4,300,1173.41746
103.1,15,1173.420244
-71.3,300,1173.470183
102.6,14,1173.474126
-32.1,300,1173.523173
-26.8,300,1173.573415
-44.5,300,1173.622852
-48.2,300,1173.674625
-36.5,300,1173.723571
-30.4,300,1173.77377
-46.3,300,1173.823027
95.2,68,1173.836107
-27.5,300,1173.885796
103.1,10,1173.887549
-63.7,300,1173.93738
-81.3,300,1173.991736
103.7,14,1173.994571
-27.6,300,1174.043613
97.8,42,1174.050555
-31.9,300,1174.102325
-40.0,300,1174.151227
-29.2,300,1174.201174
-53.9,300,1174.251257
-29.4,300,1174.302537
91.5,114,1174.321484
103.2,14,1174.323836
100.6,5,1174.324813
96.2,63,1174.336688
70.2,255,1174.378414
-27.7,300,1174.431262
-29.2,300,1174.481672
-26.0,300,1174.533949
-27.6,300,1174.583179
-59.9,300,1174.633351
-26.1,300,1174.682453
-30.1,300,1174.733909
-29.8,300,1174.782845
40.8,297,1174.832529
-26.0,300,1174.881663
-37.0,300,1174.933266
-30.6,300,1174.982085
-49.5,300,1175.032272
-27.6,300,1175.081546
-26.3,300,1175.132063
82.2,201,1175.166009
-67.6,300,1175.215548
-27.6,300,1175.26549
-62.1,300,1175.316248
-29.6,300,1175.365463
-25.2,300,1175.414477
34.3,293,1175.463178
-69.9,300,1175.514497
-41.2,300,1175.564205
-29.1,300,1175.618177
-27.1,300,1175.66963
-52.9,300,1175.720654
-26.3,300,1175.770681
-32.7,300,1175.819517
-29.2,300,1175.868588
102.2,9,1175.872628
68.7,144,1175.896755
-41.2,300,1175.945748
-65.4,300,1175.99577
-41.7,300,1176.046567
-60.9,300,1176.096414
102.0,15,1176.099243
-72.6,300,1176.149087
-33.7,300,1176.200553
-49.3,300,1176.249513
-38.4,300,1176.299476
-26.9,300,1176.348438
97.7,59,1176.35975
-62.8,300,1176.409544
-30.9,300,1176.458196
-45.2,300,1176.507391
-38.6,300,1176.558153
-29.2,300,1176.607886
100.7,4,1176.608825
-32.4,300,1176.657983
-25.5,300,1176.708174
-38.0,300,1176.758375
-27.7,300,1176.807816
-68.5,300,1176.858504
-30.7,300,1176.909245
-28.3,300,1176.959139
-26.5,300,1177.007998
88.5,135,1177.030966
94.3,93,1177.047608
-29.5,300,1177.096495
-67.9,300,1177.145961
95.6,73,1177.158375
-30.9,300,1177.209149
-26.1,300,1177.258865
-26.1,300,1177.307605
80.5,226,1177.344364
-26.4,300,1177.395433
44.1,300,1177.445097
-27.2,300,1177.495168
96.0,70,1177.506929
103.0,11,1177.510512
-36.6,300,1177.560486
-60.6,300,1177.609828
-66.3,300,1177.658603
-33.1,300,1177.709931
-43.3,300,1177.7594
102.6,19,1177.762882
104.8,18,1177.766246
103.6,15,1177.770885
-28.1,300,1177.820015
-42.6,300,1177.869013
-28.9,300,1177.918947
-25.8,300,1177.969325
-42.4,300,1178.020307
-56.7,300,1178.070903
-26.9,300,1178.121469
101.5,6,1178.124417
104.1,15,1178.127269
-32.5,300,1178.176936
101.1,5,1178.177937
-26.8,300,1178.229296
-25.6,300,1178.278639
-31.2,300,1178.32832
-28.7,300,1178.377076
102.0,39,1178.385365
93.2,99,1178.402275
88.5,136,1178.424496
-37.3,300,1178.473103
-25.7,300,1178.524298
-39.5,300,1178.573561
-26.0,300,1178.623572
-27.9,300,1178.672664
-45.3,300,1178.724344
-32.1,300,1178.798534
80.8,185,1178.830967
73.5,139,1178.854089
-30.7,300,1178.906048
-27.8,300,1178.955776
-72.8,300,1179.005563
-26.6,300,1179.055298
-29.4,300,1179.105913
-37.7,300,1179.155723
-73.8,300,1179.205347
-77.7,300,1179.255605
100.6,5,1179.258359
-50.5,300,1179.307354
-26.1,300,1179.35637
-74.8,300,1179.408403
-46.1,300,1179.461757
-53.0,300,1179.511145
-50.6,300,1179.561307
-84.1,300,1179.611135
-54.8,300,1179.66174
-56.1,300,1179.712216
-26.0,300,1179.761346
103.9,12,1179.763643
-40.0,300,1179.815546
-27.6,300,1179.864429
-28.0,300,1179.913857
-76.7,300,1179.963582
-28.3,300,1180.015357
41.2,268,1180.059585
-25.7,300,1180.109425
-28.2,300,1180.158458
-31.5,300,1180.209786
-35.0,300,1180.258942
-29.2,300,1180.308758
-31.0,300,1180.357669
-28.1,300,1180.408546
-28.2,300,1180.45798
-27.5,300,1180.507183
101.9,16,1180.510858
-32.3,300,1180.561911
-67.1,300,1180.613152
101.9,7,1180.614357
-36.5,300,1180.664825
-63.8,300,1180.71641
-53.1,300,1180.766803
-58.5,300,1180.816981
-32.0,300,1180.866975
-30.8,300,1180.918047
102.2,13,1180.920705
-55.6,300,1180.970411
-40.7,300,1181.019408
103.3,13,1181.023242
-27.4,300,1181.073167
104.1,15,1181.076012
-29.5,300,1181.124661
-30.4,300,1181.175949
-29.6,300,1181.224924
-25.3,300,1181.274762
-29.9,300,1181.323481
-27.5,300,1181.375155
104.1,15,1181.377641
-28.8,300,1181.426608
99.3,38,1181.43313
-27.9,300,1181.484174
101.1,5,1181.485193
103.0,15,1181.48803
47.8,300,1181.537205
-35.5,300,1181.615962
-27.7,300,1181.666549
-62.9,300,1181.71912
101.8,18,1181.722196
-30.2,300,1181.773405
103.3,13,1181.776138
-36.0,300,1181.825864
-30.2,300,1181.874498
-32.2,300,1181.925756
-27.0,300,1181.974606
-61.9,300,1182.024789
-52.5,300,1182.086834
-25.3,300,1182.150877
-49.3,300,1182.202442
-51.4,300,1182.253493
60.0,197,1182.286441
-25.5,300,1182.337973
-31.3,300,1182.386462
-54.1,300,1182.436669
-71.9,300,1182.486024
-26.0,300,1182.537252
-29.1,300,1182.586753
-28.6,300,1182.636666
-28.8,300,1182.685672
-56.7,300,1182.737246
-28.3,300,1182.786293
-28.5,300,1182.836116
-30.1,300,1182.885295
-27.8,300,1182.936536
-29.6,300,1182.985635
-30.5,300,1183.037457
-43.2,300,1183.087228
-28.8,300,1183.138126
-31.0,300,1183.187577
-30.5,300,1183.236179
-67.2,300,1183.286245
-28.1,300,1183.336696
-28.0,300,1183.386225
-28.0,300,1183.435244
-29.3,300,1183.484628
30.3,286,1183.533568
-69.8,300,1183.583672
-31.9,300,1183.632425
-51.8,300,1183.682465
-42.8,300,1183.732284
-31.4,300,1183.781399
-34.3,300,1183.830166
93.6,92,1183.845382
-30.7,300,1183.896218
103.2,18,1183.899634
-44.9,300,1183.948587
-68.2,300,1183.998997
103.2,22,1184.00438
-44.8,300,1184.053674
-46.7,300,1184.103375
103.2,22,1184.107486
-27.4,300,1184.157705
-39.1,300,1184.207223
-40.7,300,1184.256341
-33.4,300,1184.305991
-70.2,300,1184.357407
-70.1,300,1184.407383
-45.2,300,1184.456374
-25.6,300,1184.504834
-28.8,300,1184.555968
-29.2,300,1184.604639
-36.7,300,1184.654404
-24.4,300,1184.70335
-48.3,300,1184.754004
-40.4,300,1184.802826
-31.8,300,1184.852569
-27.0,300,1184.901188
-27.6,300,1184.952731
-25.4,300,1185.001733
-26.2,300,1185.051595
-27.7,300,1185.100342
-26.8,300,1185.151164
-38.5,300,1185.200167
-30.8,300,1185.249548
-33.0,300,1185.298831
-27.2,300,1185.34936
102.2,17,1185.352379
-26.3,300,1185.402111
-30.2,300,1185.450683
-29.3,300,1185.501692
-27.8,300,1185.550485
102.4,20,1185.55405
-39.3,300,1185.603901
-26.9,300,1185.654192
-29.0,300,1185.703812
105.2,19,1185.707306
-56.8,300,1185.756049
-30.2,300,1185.807176
-31.4,300,1185.856295
-77.1,300,1185.906743
74.4,290,1185.953943
-57.9,300,1186.00524
-76.5,300,1186.05482
-38.5,300,1186.104616
-28.2,300,1186.153397
-30.8,300,1186.204609
-46.8,300,1186.253944
-27.1,300,1186.302684
-35.8,300,1186.352506
101.8,25,1186.358489
-29.6,300,1186.407327
-36.5,300,1186.457025
89.0,160,1186.483216
99.4,25,1186.488511
-74.4,300,1186.538902
-26.3,300,1186.588896
94.6,83,1186.603972
101.1,13,1186.607981
-29.3,300,1186.659456
-62.4,300,1186.714796
103.8,13,1186.717186
-45.1,300,1186.769169
-51.1,300,1186.818281
-27.9,300,1186.867967
-42.9,300,1186.916905
-28.5,300,1186.968159
-54.7,300,1187.017603
-46.0,300,1187.067296
-29.1,300,1187.116163
-49.9,300,1187.168091
82.1,92,1187.183483
-28.2,300,1187.232459
-29.3,300,1187.28225
-34.5,300,1187.332905
-27.1,300,1187.382497
-28.5,300,1187.431548
-27.2,300,1187.481063
-28.8,300,1187.532089
-26.9,300,1187.581748
-67.5,300,1187.630934
-32.7,300,1187.680739
-26.6,300,1187.731222
-39.2,300,1187.779965
-29.1,300,1187.829405
-27.1,300,1187.878261
-37.6,300,1187.929399
103.9,12,1187.931665
-54.3,300,1187.98027
103.0,20,1187.9838
-80.8,300,1188.03677
-29.0,300,1188.085996
-53.8,300,1188.135944
-35.7,300,1188.185082
102.9,20,1188.190177
-28.4,300,1188.23994
102.9,12,1188.242254
-26.6,300,1188.291429
-79.3,300,1188.342758
-74.4,300,1188.392899
-30.2,300,1188.44271
-29.2,300,1188.491469
84.5,99,1188.509746
-27.7,300,1188.559532
-28.2,300,1188.608436
71.6,121,1188.629162
-51.4,300,1188.680513
-46.1,300,1188.729657
-27.0,300,1188.77954
104.7,19,1188.783031
-27.6,300,1188.833313
-28.7,300,1188.883055
-65.1,300,1188.931973
89.9,84,1188.946818
103.0,15,1188.951098
-58.6,300,1189.000169
-64.5,300,1189.050385
-28.2,300,1189.099358
-28.2,300,1189.150144
-41.4,300,1189.20146
-27.1,300,1189.251823
-35.7,300,1189.301944
-42.4,300,1189.353092
-27.2,300,1189.403008
-29.9,300,1189.451945
102.9,25,1189.456183
-26.2,300,1189.507494
-72.6,300,1189.557255
-58.9,300,1189.607509
-31.2,300,1189.65661
-29.2,300,1189.708091
104.2,19,1189.711484
-28.4,300,1189.760511
-29.0,300,1189.809717
-37.8,300,1189.860329
-28.2,300,1189.910232
102.2,9,1189.911917
-37.0,300,1189.960969
103.9,21,1189.966342
-32.6,300,1190.016411
101.6,18,1190.01984
102.2,22,1190.023549
-28.0,300,1190.073898
-30.5,300,1190.123578
-29.0,300,1190.172319
-26.5,300,1190.221716
102.7,9,1190.225101
-58.6,300,1190.274204
-31.0,300,1190.323905
-28.3,300,1190.372957
-27.7,300,1190.42423
-25.6,300,1190.473484
-48.7,300,1190.522575
-29.0,300,1190.572122
-53.2,300,1190.623052
-31.6,300,1190.67312
-26.5,300,1190.721798
-56.1,300,1190.771671
-28.0,300,1190.822354
-76.4,300,1190.872858
-47.4,300,1190.921906
-36.7,300,1190.971599
-59.7,300,1191.024885
-27.3,300,1191.076084
-27.0,300,1191.12456
-29.0,300,1191.174294
103.9,30,1191.181355
-50.0,300,1191.230649
-31.8,300,1191.280407
-40.8,300,1191.329458
-27.7,300,1191.380904
-27.9,300,1191.429672
-30.8,300,1191.479445
-50.0,300,1191.528541
-31.3,300,1191.57959
-27.1,300,1191.628582
-26.9,300,1191.677506
-26.8,300,1191.727308
104.1,15,1191.731836
-65.0,300,1191.781085
-28.5,300,1191.830926
-30.2,300,1191.879914
-65.6,300,1191.930977
-33.9,300,1191.979932
102.2,17,1191.982828
93.5,108,1192.001312
-28.7,300,1192.051785
-34.6,300,1192.100981
-28.2,300,1192.150478
-28.9,300,1192.199473
-59.0,300,1192.250887
101.2,21,1192.254521
-49.2,300,1192.303839
104.4,17,1192.306824
-27.0,300,1192.357984
104.1,15,1192.360855
-29.5,300,1192.409695
-27.6,300,1192.459178
101.2,28,1192.465692
-28.6,300,1192.515109
-27.3,300,1192.564686
105.1,20,1192.56829
-29.1,300,1192.618826
101.6,10,1192.620818
-50.0,300,1192.671058
-41.1,300,1192.719962
-36.6,300,1192.772204
-27.1,300,1192.82099
94.8,92,1192.837108
-28.3,300,1192.885626
101.6,5,1192.888029
102.8,17,1192.89103
-33.0,300,1192.940695
-27.6,300,1192.989792
-49.1,300,1193.041618
92.4,84,1193.056494
101.4,7,1193.05809
-26.8,300,1193.107101
-26.5,300,1193.159046
-69.8,300,1193.208505
-45.5,300,1193.258855
-28.1,300,1193.308372
-49.8,300,1193.359774
-28.1,300,1193.409024
-28.1,300,1193.457653
-26.1,300,1193.507318
95.0,118,1193.52811
-27.3,300,1193.577118
-30.5,300,1193.626041
-28.2,300,1193.675459
-42.8,300,1193.7258
-27.8,300,1193.774472
-27.6,300,1193.8239
-27.7,300,1193.87285
-26.1,300,1193.924355
-35.1,300,1193.974528
103.1,23,1193.978727
-35.5,300,1194.02848
-28.5,300,1194.079566
103.3,21,1194.083275
-33.2,300,1194.133155
-77.2,300,1194.183037
-27.6,300,1194.234294
-31.8,300,1194.283109
101.6,18,1194.286562
-28.3,300,1194.336707
101.5,6,1194.33949
-55.8,300,1194.388466
-43.6,300,1194.438402
102.0,20,1194.441953
101.4,7,1194.444775
-39.1,300,1194.494395
-29.0,300,1194.544596
100.8,3,1194.545484
-31.2,300,1194.596487
-44.0,300,1194.647232
-43.6,300,1194.696424
-30.2,300,1194.745922
99.1,36,1194.753875
102.6,28,1194.758651
-30.7,300,1194.807948
-72.2,300,1194.857945
-30.3,300,1194.908755
103.7,14,1194.911178
-25.5,300,1194.961341
-77.4,300,1195.011095
103.8,18,1195.016131
103.2,18,1195.019292
58.4,210,1195.054958
-27.2,300,1195.104262
-81.3,300,1195.15648
-30.9,300,1195.206183
-23.6,300,1195.255229
103.5,20,1195.25949
-30.0,300,1195.309986
-75.9,300,1195.359546
-26.1,300,1195.409312
-69.7,300,1195.45911
-62.6,300,1195.511085
-28.3,300,1195.560036
86.8,184,1195.591305
-70.7,300,1195.641019
98.0,44,1195.650096
102.8,13,1195.652452
102.8,21,1195.656084
-29.1,300,1195.706013
-29.3,300,1195.757197
-29.7,300,1195.807373
-29.2,300,1195.85623
-52.2,300,1195.906617
99.6,35,1195.914148
-30.7,300,1195.963394
103.0,19,1195.96696
-44.5,300,1196.01709
-52.5,300,1196.068526
102.9,16,1196.071505
-39.5,300,1196.121734
-67.0,300,1196.171117
-27.8,300,1196.22246
101.5,6,1196.223525
-31.1,300,1196.272452
-28.2,300,1196.322319
-80.2,300,1196.373802
-70.1,300,1196.424116
-32.9,300,1196.472896
-46.4,300,1196.522617
-27.7,300,1196.573626
-35.0,300,1196.622693
99.3,12,1196.625607
101.9,16,1196.62846
-33.3,300,1196.678734
-62.8,300,1196.729044
-44.9,300,1196.79653
-28.7,300,1196.853662
100.7,4,1196.8561
103.7,18,1196.859685
-31.7,300,1196.909424
-30.5,300,1196.959424
-39.5,300,1197.010115
-74.9,300,1197.060391
-31.2,300,1197.109126
-57.7,300,1197.158894
-26.0,300,1197.209475
-30.4,300,1197.258785
-40.8,300,1197.307783
-27.0,300,1197.356696
-42.2,300,1197.408628
103.8,18,1197.411681
101.0,6,1197.413081
-42.7,300,1197.462118
-28.7,300,1197.513573
-29.1,300,1197.562336
-30.6,300,1197.612147
-29.6,300,1197.660976
-28.0,300,1197.712358
-52.8,300,1197.761365
104.0,20,1197.764886
-27.4,300,1197.814415
-36.3,300,1197.865325
-28.2,300,1197.914639
101.7,9,1197.916212
-26.4,300,1197.96493
-66.6,300,1198.017622
-73.1,300,1198.067594
-27.8,300,1198.117573
-35.5,300,1198.16644
-38.2,300,1198.218175
-33.2,300,1198.26747
-41.9,300,1198.317171
-27.1,300,1198.366106
104.1,15,1198.370391
-40.9,300,1198.420238
-43.3,300,1198.46926
-56.8,300,1198.5183
-58.3,300,1198.569888
80.9,101,1198.586689
-75.6,300,1198.636941
-26.5,300,1198.685926
-28.3,300,1198.737362
-31.5,300,1198.786327
101.8,16,1198.789269
-27.3,300,1198.839025
-27.9,300,1198.889523
-66.4,300,1198.938607
-36.4,300,1198.988588
-66.9,300,1199.037853
-30.2,300,1199.089516
-26.6,300,1199.138149
-26.4,300,1199.187947
-29.2,300,1199.238958
-43.0,300,1199.290753
-27.3,300,1199.339555
-37.1,300,1199.388977
-65.7,300,1199.438105
-29.3,300,1199.489057
-39.0,300,1199.537805
101.3,16,1199.540764
-32.0,300,1199.59041
-26.2,300,1199.641631
-27.4,300,1199.691392
-27.5,300,1199.740229
-27.6,300,1199.789511
101.3,24,1199.795169
-49.0,300,1199.844199
-56.1,300,1199.893884
-62.1,300,1199.942945
-53.7,300,1199.9943
-39.7,300,1200.043538
-28.0,300,1200.092192
-27.3,300,1200.141786
-75.8,300,1200.193903
-23.9,300,1200.246039
-75.2,300,1200.29845
-28.0,300,1200.350077
-42.8,300,1200.401237
-44.1,300,1200.451841
-40.4,300,1200.5014
-30.2,300,1200.551702
-61.2,300,1200.60278
-46.0,300,1200.653585
-41.6,300,1200.703257
-30.0,300,1200.753309
-71.9,300,1200.804661
-69.4,300,1200.854739
-53.1,300,1200.904591
-31.9,300,1200.954493
-28.1,300,1201.00543
-29.2,300,1201.05501
-31.8,300,1201.103949
-34.2,300,1201.153967
-68.3,300,1201.205154
101.3,16,1201.208067
-26.5,300,1201.257203
-30.0,300,1201.313289
102.3,16,1201.317858
-32.5,300,1201.370226
-30.2,300,1201.421077
-73.0,300,1201.475059
101.3,33,1201.483728
-81.9,300,1201.536232
-59.5,300,1201.589883
-29.1,300,1201.642006
-36.3,300,1201.694691
-28.1,300,1201.744615
-54.2,300,1201.795105
-34.7,300,1201.844053
-27.3,300,1201.896106
102.1,18,1201.899602
-41.8,300,1201.948835
-26.0,300,1201.998688
-74.8,300,1202.050149
-27.7,300,1202.099549
-34.7,300,1202.148401
-54.3,300,1202.197515
-60.7,300,1202.249326
-57.8,300,1202.298455
-57.0,300,1202.351911
-31.8,300,1202.437904
102.6,10,1202.441818
-50.5,300,1202.493822
-57.7,300,1202.544041
-25.2,300,1202.593736
-32.5,300,1202.645858
-28.5,300,1202.694582
-27.6,300,1202.744695
-77.2,300,1202.794645
-53.0,300,1202.846507
-81.5,300,1202.896232
-36.8,300,1202.947723
76.6,116,1202.967669
83.7,90,1202.984492
-26.4,300,1203.03421
-29.8,300,1203.084531
-28.2,300,1203.133315
-29.9,300,1203.184723
-29.5,300,1203.233571
51.9,235,1203.274766
98.8,29,1203.280177
-43.1,300,1203.334424
72.7,133,1203.357732
91.1,76,1203.372356
-35.3,300,1203.424658
-26.7,300,1203.477432
-29.3,300,1203.530772
-77.7,300,1203.582614
-28.5,300,1203.632056
-28.9,300,1203.683689
-29.5,300,1203.737707
-30.4,300,1203.791493
81.0,102,1203.809631
-64.6,300,1203.862638
-28.6,300,1203.915658
-55.9,300,1203.967151
-27.5,300,1204.017506
-76.5,300,1204.068971
-73.8,300,1204.119343
-50.5,300,1204.169531
-31.7,300,1204.219964
-31.7,300,1204.270972
-35.6,300,1204.320514
103.1,10,1204.322267
-44.0,300,1204.37196
-48.1,300,1204.423322
-43.1,300,1204.472502
-29.0,300,1204.521439
-47.9,300,1204.571102
-36.9,300,1204.621953
-52.8,300,1204.671801
-30.3,300,1204.720562
-70.3,300,1204.770739
102.3,25,1204.776444
-36.7,300,1204.825798
-28.1,300,1204.875471
-28.1,300,1204.924161
-51.5,300,1204.975837
105.0,21,1204.979856
-48.7,300,1205.028899
-66.3,300,1205.079016
-27.2,300,1205.12961
-26.5,300,1205.17931
-32.9,300,1205.227999
-26.6,300,1205.27782
-85.4,300,1205.32911
-30.3,300,1205.378443
-26.6,300,1205.426836
-29.0,300,1205.476309
-70.2,300,1205.527282
-30.8,300,1205.576057
-34.8,300,1205.625751
101.5,6,1205.626889
-63.7,300,1205.679249
-35.3,300,1205.735681
-28.1,300,1205.784701
-65.3,300,1205.834846
103.0,11,1205.838457
104.7,19,1205.841885
-28.9,300,1205.892426
-30.5,300,1205.942222
-30.2,300,1205.993192
-37.8,300,1206.04292
-58.5,300,1206.091831
80.1,114,1206.111137
86.6,146,1206.136627
-29.1,300,1206.18521
-75.8,300,1206.235365
63.0,250,1206.276563
-33.3,300,1206.328143
101.4,23,1206.332378
-30.3,300,1206.381283
-27.2,300,1206.431118
-33.9,300,1206.481268
-29.2,300,1206.530041
-36.9,300,1206.58013
-61.3,300,1206.629279
81.1,87,1206.64641
-77.0,300,1206.696217
-29.8,300,1206.745713
84.6,93,1206.761222
-74.5,300,1206.812833
-81.1,300,1206.862991
-41.0,300,1206.912102
-27.3,300,1206.961883
-35.1,300,1207.012188
-43.8,300,1207.062087
-27.9,300,1207.111242
-81.4,300,1207.160163
-78.5,300,1207.2121
-29.2,300,1207.261115
-39.9,300,1207.310545
-35.6,300,1207.359374
-26.9,300,1207.410311
-74.3,300,1207.459439
89.8,117,1207.478261
-40.1,300,1207.52779
-35.2,300,1207.577989
-34.7,300,1207.627797
-29.6,300,1207.6772
-78.7,300,1207.728803
-28.5,300,1207.779837
100.7,4,1207.780779
101.7,17,1207.783787
-35.7,300,1207.833119
101.4,19,1207.837848
-28.2,300,1207.887029
-65.0,300,1207.937119
-34.5,300,1207.985922
-50.9,300,1208.038647
-27.1,300,1208.087269
-59.8,300,1208.137336
-66.1,300,1208.186679
-33.3,300,1208.238195
-28.0,300,1208.287042
-27.7,300,1208.336679
-64.7,300,1208.386655
102.7,22,1208.392249
57.3,221,1208.429405
-28.5,300,1208.478389
-29.1,300,1208.527196
-39.8,300,1208.57858
-29.7,300,1208.627472
-30.1,300,1208.677169
105.3,18,1208.680233
-46.0,300,1208.731076
-61.3,300,1208.781596
-23.7,300,1208.830828
-56.6,300,1208.8806
-59.6,300,1208.931214
-72.3,300,1208.980749
-69.9,300,1209.030175
101.5,19,1209.033786
-72.8,300,1209.085219
103.6,15,1209.088013
96.5,33,1209.093645
-30.2,300,1209.142793
-56.2,300,1209.193864
103.9,22,1209.197829
-30.3,300,1209.246553
-29.6,300,1209.296182
-31.2,300,1209.346758
-31.7,300,1209.396172
-37.0,300,1209.445106
104.2,14,1209.447486
-43.6,300,1209.498727
-27.2,300,1209.547614
102.6,19,1209.55105
-35.5,300,1209.601045
100.3,15,1209.605549
-27.5,300,1209.654403
-49.6,300,1209.703842
-30.1,300,1209.752946
-34.2,300,1209.804539
-26.6,300,1209.853674
-54.3,300,1209.902653
101.6,18,1209.905754
-27.2,300,1209.956723
-52.9,300,1210.007685
-28.9,300,1210.057977
-52.8,300,1210.107459
-76.6,300,1210.159372
-27.8,300,1210.208003
-27.2,300,1210.258016
91.3,141,1210.281144
-56.9,300,1210.332798
-32.1,300,1210.381715
104.0,20,1210.385297
-28.9,300,1210.434191
-39.0,300,1210.48565
90.6,113,1210.504425
-27.6,300,1210.554006
-43.0,300,1210.603081
-30.2,300,1210.654373
101.1,40,1210.661135
97.5,76,1210.673788
-27.8,300,1210.722494
-30.7,300,1210.774294
104.8,18,1210.77737
83.3,99,1210.794024
-28.5,300,1210.843042
-30.6,300,1210.894843
101.4,15,1210.897676
-61.7,300,1210.94704
-28.9,300,1210.996614
-28.7,300,1211.047312
-47.7,300,1211.097149
-43.2,300,1211.1463
98.0,65,1211.156924
-27.9,300,1211.208634
-37.1,300,1211.257472
-62.6,300,1211.307906
-34.5,300,1211.356915
-27.6,300,1211.407796
-26.6,300,1211.456678
-29.0,300,1211.5063
-25.6,300,1211.555161
-27.1,300,1211.606319
-43.0,300,1211.655794
-80.7,300,1211.705491
-26.2,300,1211.754163
-28.7,300,1211.805568
102.8,13,1211.807926
-50.9,300,1211.856428
-27.2,300,1211.905236
-27.6,300,1211.956614
100.8,33,1211.962247
-28.3,300,1212.011394
-30.9,300,1212.061241
93.8,113,1212.082044
-34.2,300,1212.131938
-34.2,300,1212.181119
-28.1,300,1212.230914
-40.6,300,1212.281469
-26.8,300,1212.331103
103.8,18,1212.334122
-74.1,300,1212.382976
-72.9,300,1212.434217
-68.1,300,1212.484275
-27.5,300,1212.533348
101.3,24,1212.537574
-51.8,300,1212.5895
-27.7,300,1212.638466
-30.8,300,1212.688093
103.2,14,1212.690892
95.1,109,1212.710738
-25.5,300,1212.760796
-61.1,300,1212.810468
-27.3,300,1212.860063
102.1,18,1212.864972
98.3,30,1212.870337
-31.4,300,1212.919381
-62.6,300,1212.969535
-29.1,300,1213.020716
-48.2,300,1213.071769
-56.5,300,1213.121447
-27.6,300,1213.17017
-65.0,300,1213.22182
-35.5,300,1213.270714
78.7,198,1213.303997
-70.8,300,1213.352908
-42.1,300,1213.4048
-41.5,300,1213.453851
-27.5,300,1213.503484
-80.1,300,1213.55288
-41.6,300,1213.603936
-50.0,300,1213.653045
-27.2,300,1213.702667
-27.5,300,1213.751715
100.2,12,1213.755663
-27.0,300,1213.804753
104.6,15,1213.808241
-26.9,300,1213.857007
-27.3,300,1213.90724
-56.1,300,1213.95713
-71.3,300,1214.00568
-39.2,300,1214.055625
-31.8,300,1214.106222
-58.8,300,1214.15638
-66.9,300,1214.20557
-31.6,300,1214.255255
100.7,4,1214.257839
-59.1,300,1214.307176
-28.2,300,1214.356806
-43.9,300,1214.405912
-28.6,300,1214.457086
-78.0,300,1214.507122
-28.9,300,1214.5571
-23.1,300,1214.606199
-77.1,300,1214.658667
-67.4,300,1214.708041
-39.2,300,1214.757606
101.9,7,1214.759099
101.1,5,1214.761446
-71.8,300,1214.810885
-31.8,300,1214.860541
-74.6,300,1214.909981
-27.4,300,1214.960612
-30.6,300,1215.010272
-30.1,300,1215.058929
104.2,14,1215.061712
104.8,18,1215.06643
-27.7,300,1215.116382
-29.8,300,1215.165287
-28.5,300,1215.215209
105.3,18,1215.220093
-26.7,300,1215.269061
-28.3,300,1215.318708
-44.5,300,1215.367958
-27.7,300,1215.419488
-41.5,300,1215.468505
-29.3,300,1215.518255
-71.1,300,1215.567283
-56.6,300,1215.618954
-32.9,300,1215.668212
-28.3,300,1215.718026
-26.7,300,1215.766968
-58.6,300,1215.818367
-72.0,300,1215.867295
-33.9,300,1215.916772
-39.0,300,1215.965512
-30.2,300,1216.016188
-27.6,300,1216.06625
104.5,25,1216.070437
-27.2,300,1216.119217
-27.9,300,1216.170433
-29.4,300,1216.21916
102.2,13,1216.221455
-28.1,300,1216.271287
-37.8,300,1216.322534
-72.4,300,1216.372915
-36.1,300,1216.421953
-56.5,300,1216.471919
-30.7,300,1216.522202
-31.4,300,1216.573712
103.9,17,1216.576793
-42.6,300,1216.628814
-25.7,300,1216.682523
92.1,79,1216.696216
101.6,23,1216.700394
103.1,10,1216.702161
-31.8,300,1216.753141
103.4,12,1216.755412
-38.1,300,1216.805827
103.4,16,1216.808748
103.3,13,1216.812815
-46.5,300,1216.862406
-53.2,300,1216.912687
-27.8,300,1216.962011
-26.7,300,1217.013784
-28.9,300,1217.062667
-28.1,300,1217.11235
-35.3,300,1217.161819
-30.2,300,1217.213541
-84.0,300,1217.262863
-28.3,300,1217.312685
-34.7,300,1217.361658
105.1,20,1217.366763
-30.1,300,1217.417207
-83.5,300,1217.46707
-32.0,300,1217.516914
-29.6,300,1217.568075
-37.6,300,1217.618512
-39.1,300,1217.667453
-27.5,300,1217.717906
104.9,17,1217.722269
-38.3,300,1217.771424
-27.8,300,1217.820729
69.7,269,1217.864567
-55.5,300,1217.915293
-30.1,300,1217.965155
-31.0,300,1218.014244
-26.6,300,1218.065905
-38.5,300,1218.11671
-27.6,300,1218.166536
-30.4,300,1218.215374
-51.1,300,1218.265374
-27.3,300,1218.315972
-28.5,300,1218.365658
-36.0,300,1218.414961
-71.1,300,1218.464953
-29.5,300,1218.515588
-35.1,300,1218.565393
-50.8,300,1218.614475
-51.6,300,1218.664353
-28.2,300,1218.714822
-41.2,300,1218.764678
-31.7,300,1218.813701
100.6,5,1218.81472
-37.6,300,1218.865912
-28.3,300,1218.915615
95.3,98,1218.93194
100.1,13,1218.93424
104.7,19,1218.939099
-31.9,300,1218.989294
-26.3,300,1219.03833
-28.0,300,1219.088067
105.0,16,1219.092243
-28.0,300,1219.14076
-28.3,300,1219.19037
-28.8,300,1219.242256
104.7,18,1219.247173
-77.7,300,1219.303456
102.3,18,1219.306981
-48.0,300,1219.356603
103.2,18,1219.361218
-39.5,300,1219.411906
103.8,13,1219.414598
-29.1,300,1219.463724
-52.6,300,1219.51582
-41.9,300,1219.568078
65.4,181,1219.599122
101.8,16,1219.602161
-29.7,300,1219.657988
-60.4,300,1219.70749
-27.1,300,1219.757545
-41.7,300,1219.806559
-25.5,300,1219.858153
-33.5,300,1219.907048
94.0,57,1219.916587
-29.6,300,1219.966591
-49.7,300,1220.017189
102.6,10,1220.019313
-27.0,300,1220.068983
-35.8,300,1220.118135
-60.2,300,1220.173614
-28.3,300,1220.224869
-27.9,300,1220.277068
101.1,5,1220.278133
-32.1,300,1220.330468
-32.5,300,1220.380703
-51.7,300,1220.430109
-26.9,300,1220.480072
-40.7,300,1220.530852
-28.9,300,1220.580895
-56.0,300,1220.630158
-69.5,300,1220.683419
-28.5,300,1220.734378
-25.0,300,1220.784011
-44.3,300,1220.832675
-27.3,300,1220.882015
-27.7,300,1220.932649
-28.1,300,1220.982333
69.5,227,1221.01968
-29.5,300,1221.068784
-31.2,300,1221.120154
-32.2,300,1221.168662
-27.7,300,1221.217999
104.4,17,1221.220977
-45.2,300,1221.272177
-27.6,300,1221.321759
-33.7,300,1221.370347
101.6,5,1221.371364
-45.0,300,1221.422718
-26.8,300,1221.471647
-29.9,300,1221.52159
-38.4,300,1221.570512
104.7,14,1221.574686
-29.6,300,1221.624629
-26.8,300,1221.696509
-28.0,300,1221.747064
-34.1,300,1221.798504
-30.0,300,1221.848228
-70.4,300,1221.897095
-46.9,300,1221.947163
83.4,89,1221.96353
-34.6,300,1222.012324
-34.8,300,1222.06173
-73.0,300,1222.110735
-32.1,300,1222.162173
-28.3,300,1222.211048
-31.4,300,1222.290154
-29.2,300,1222.341562
-30.6,300,1222.39366
-35.7,300,1222.443122
-30.1,300,1222.493127
74.5,137,1222.515645
-44.8,300,1222.567379
-30.0,300,1222.616594
88.3,147,1222.641568
-27.2,300,1222.691571
-28.0,300,1222.742464
-27.1,300,1222.79195
77.2,257,1222.83348
-53.9,300,1222.883091
-28.8,300,1222.933239
102.9,12,1222.935415
-30.5,300,1222.984626
104.1,15,1222.987455
105.0,21,1222.992507
-51.9,300,1223.042991
-28.6,300,1223.094443
-32.1,300,1223.143622
-23.8,300,1223.194837
-30.6,300,1223.242985
-27.1,300,1223.292286
-29.7,300,1223.340533
-29.4,300,1223.392825
-35.2,300,1223.442656
-27.3,300,1223.491295
-43.9,300,1223.541043
-61.1,300,1223.591903
-27.6,300,1223.641945
-27.8,300,1223.690846
-67.6,300,1223.741246
-27.5,300,1223.791461
-29.0,300,1223.841707
103.9,12,1223.843969
-26.6,300,1223.892864
-30.3,300,1223.944257
102.8,17,1223.947282
101.5,14,1223.949981
-28.4,300,1223.998793
-27.1,300,1224.04979
-33.2,300,1224.099022
-74.2,300,1224.148984
-31.4,300,1224.19779
103.7,14,1224.201545
101.5,6,1224.203022
-26.5,300,1224.252863
-30.5,300,1224.302084
-35.9,300,1224.353697
101.7,22,1224.357462
-30.3,300,1224.406374
-32.1,300,1224.456471
-36.9,300,1224.508639
-31.4,300,1224.564556
-71.4,300,1224.613442
-26.7,300,1224.663146
-75.3,300,1224.715111
103.3,17,1224.718443
-29.6,300,1224.768077
-33.0,300,1224.817502
-59.2,300,1224.868436
-32.5,300,1224.918404
-27.2,300,1224.967449
-28.3,300,1225.017164
-27.6,300,1225.06759
-69.1,300,1225.118218
-27.3,300,1225.167455
-76.3,300,1225.217688
102.0,6,1225.22048
-28.4,300,1225.269599
-43.1,300,1225.319402
-34.3,300,1225.3683
-42.3,300,1225.42327
-45.5,300,1225.474517
-34.0,300,1225.526503
-28.2,300,1225.575156
-29.2,300,1225.626942
-30.2,300,1225.67576
-30.7,300,1225.725787
89.2,135,1225.7481
103.0,20,1225.752922
-44.0,300,1225.802429
101.9,15,1225.805262
-28.4,300,1225.855707
-41.5,300,1225.910136
-30.2,300,1225.963261
-27.6,300,1226.01444
-28.2,300,1226.064532
101.3,16,1226.069246
-28.1,300,1226.118397
-30.1,300,1226.168386
-28.2,300,1226.217395
-27.6,300,1226.268839
-41.4,300,1226.317996
-30.0,300,1226.367558
-27.9,300,1226.416292
-30.0,300,1226.496643
-28.6,300,1226.548409
101.2,13,1226.550852
-54.8,300,1226.602465
-28.0,300,1226.660901
-26.6,300,1226.712175
-35.7,300,1226.798376
-28.6,300,1226.849777
-27.6,300,1226.90357
104.0,16,1226.906582
-29.7,300,1226.956627
-69.6,300,1227.008315
104.1,15,1227.012963
-53.9,300,1227.062268
-54.6,300,1227.111928
-29.0,300,1227.161145
-62.8,300,1227.212498
-71.9,300,1227.261692
-29.9,300,1227.311528
-29.7,300,1227.360675
102.4,12,1227.36542
-30.8,300,1227.418109
101.0,6,1227.419263
102.8,17,1227.422316
104.6,20,1227.427837
-26.6,300,1227.479425
-62.1,300,1227.531763
99.6,40,1227.538732
-27.5,300,1227.59025
-30.6,300,1227.640101
-29.9,300,1227.689029
-45.9,300,1227.739302
-28.6,300,1227.790101
101.1,5,1227.791472
-28.3,300,1227.841145
-31.6,300,1227.890008
-72.7,300,1227.941987
-26.0,300,1227.990719
-34.3,300,1228.041655
-76.8,300,1228.091787
-31.2,300,1228.143015
95.5,46,1228.150604
-28.0,300,1228.19924
-27.7,300,1228.248764
-64.8,300,1228.299877
-33.3,300,1228.349393
101.5,6,1228.350864
-58.9,300,1228.400447
-62.8,300,1228.452325
-28.2,300,1228.501839
-74.8,300,1228.551568
102.4,16,1228.554452
-45.1,300,1228.605966
-29.5,300,1228.655206
-41.1,300,1228.705364
102.5,15,1228.70792
104.4,17,1228.712566
-70.2,300,1228.762053
103.6,15,1228.764471
103.3,18,1228.768463
97.8,41,1228.777143
-63.4,300,1228.826612
-74.1,300,1228.876849
103.5,11,1228.879056
-30.4,300,1228.929496
-72.8,300,1228.979584
-29.7,300,1229.028723
-45.3,300,1229.077769
-71.4,300,1229.129228
-31.8,300,1229.177924
-29.5,300,1229.228057
102.9,12,1229.230324
-59.2,300,1229.281204
-36.0,300,1229.330856
40.2,268,1229.37532
103.7,14,1229.377795
-38.0,300,1229.429384
102.6,10,1229.431439
-31.7,300,1229.481019
-29.0,300,1229.530827
-28.5,300,1229.581193
-50.6,300,1229.631765
91.0,110,1229.65002
-31.0,300,1229.699181
81.9,230,1229.739534
-35.2,300,1229.788378
-28.3,300,1229.838456
103.1,10,1229.840987
-40.1,300,1229.895917
104.2,19,1229.899398
100.6,5,1229.900419
-39.0,300,1229.950171
-41.3,300,1230.001225
-27.8,300,1230.050908
-41.3,300,1230.099992
102.3,8,1230.101588
-72.9,300,1230.153872
-27.8,300,1230.202969
-29.3,300,1230.252602
-35.3,300,1230.301638
103.4,12,1230.305444
-62.3,300,1230.354912
-76.7,300,1230.404635
101.8,8,1230.406251
-32.0,300,1230.457736
-29.3,300,1230.506918
-27.0,300,1230.556083
103.4,12,1230.55835
-71.3,300,1230.610182
-49.6,300,1230.658875
-28.7,300,1230.709046
-37.2,300,1230.758298
-27.9,300,1230.809534
-30.3,300,1230.858912
101.8,16,1230.861809
-48.6,300,1230.91215
-40.5,300,1230.962569
-27.2,300,1231.012332
-41.2,300,1231.061432
-29.8,300,1231.111081
-27.6,300,1231.161678
-29.6,300,1231.211227
-34.0,300,1231.260467
101.6,5,1231.261837
-27.7,300,1231.312951
104.6,20,1231.316524
-37.2,300,1231.365497
101.1,18,1231.368491
-56.3,300,1231.419802
-29.5,300,1231.468773
104.9,17,1231.471809
-58.1,300,1231.522114
-39.9,300,1231.572966
-57.1,300,1231.622741
-32.5,300,1231.671892
81.1,99,1231.688366
-37.0,300,1231.73972
-28.0,300,1231.788712
-30.2,300,1231.83814
-51.0,300,1231.887199
77.1,147,1231.913016
-67.5,300,1231.962476
-34.7,300,1232.011606
-46.9,300,1232.061397
-56.6,300,1232.129941
-62.2,300,1232.182901
-27.2,300,1232.233595
-70.4,300,1232.2844
-67.1,300,1232.335016
103.2,18,1232.338144
-28.2,300,1232.387915
-29.4,300,1232.436982
-27.1,300,1232.489087
-39.1,300,1232.538082
-63.5,300,1232.588423
-30.1,300,1232.640354
-67.3,300,1232.703459
-28.1,300,1232.753486
103.5,11,1232.755871
103.6,15,1232.758829
-78.4,300,1232.8126
-43.4,300,1232.862321
103.3,13,1232.864622
-46.8,300,1232.914496
-69.9,300,1232.966235
-77.0,300,1233.016684
-32.1,300,1233.066698
-30.0,300,1233.116734
-27.0,300,1233.16745
-31.8,300,1233.217182
-57.4,300,1233.266836
-28.4,300,1233.316673
-33.5,300,1233.367802
-28.1,300,1233.417673
-30.7,300,1233.466513
-38.9,300,1233.516418
-27.6,300,1233.567428
-58.8,300,1233.622319
-76.8,300,1233.674849
-26.5,300,1233.72578
-29.4,300,1233.77685
-70.9,300,1233.827216
-34.0,300,1233.876953
-76.5,300,1233.927083
102.0,19,1233.932462
-41.4,300,1233.981513
102.9,25,1233.98575
-29.5,300,1234.03495
-39.8,300,1234.085515
-67.2,300,1234.13491
-25.5,300,1234.186649
-27.9,300,1234.236433
102.2,13,1234.240624
-30.2,300,1234.290847
-27.6,300,1234.339888
-30.7,300,1234.389585
-37.3,300,1234.440063
-41.9,300,1234.490156
-36.8,300,1234.539196
101.3,24,1234.543405
76.9,224,1234.583131
-79.4,300,1234.633512
-77.6,300,1234.684212
102.5,15,1234.688014
102.7,17,1234.693028
-31.8,300,1234.743524
-28.6,300,1234.793686
101.4,29,1234.798932
-29.2,300,1234.850063
-63.8,300,1234.900585
36.6,288,1234.94787
-61.7,300,1234.997888
-77.0,300,1235.049324
-49.6,300,1235.099247
102.1,18,1235.102236
100.0,31,1235.107625
-62.9,300,1235.158344
-27.0,300,1235.207603
-27.8,300,1235.256329
-39.9,300,1235.306191
103.0,11,1235.327904
-31.0,300,1235.377225
103.7,19,1235.380313
-31.4,300,1235.429899
54.7,203,1235.465004
-27.0,300,1235.514744
-62.5,300,1235.563838
103.1,10,1235.565955
-77.8,300,1235.616976
-69.0,300,1235.666925
-30.6,300,1235.716251
-38.4,300,1235.766444
-34.2,300,1235.817167
-28.0,300,1235.866853
-25.9,300,1235.915457
-71.3,300,1235.965086
101.7,17,1235.969543
-37.1,300,1236.018636
-44.0,300,1236.068716
-29.9,300,1236.120682
-79.5,300,1236.173343
-40.4,300,1236.222419
-31.4,300,1236.275447
-30.2,300,1236.326785
101.8,12,1236.331007
-51.3,300,1236.383997
-41.0,300,1236.434424
-70.8,300,1236.486241
-55.2,300,1236.53787
-58.0,300,1236.588251
-35.9,300,1236.637627
103.8,18,1236.640608
-26.8,300,1236.692556
-42.0,300,1236.741439
-46.1,300,1236.791031
-40.3,300,1236.840086
101.8,8,1236.843116
-61.3,300,1236.89328
-49.6,300,1236.942796
102.7,14,1236.945662
-31.3,300,1236.997917
101.7,13,1237.000285
-70.3,300,1237.075874
-29.3,300,1237.126802
-26.0,300,1237.178805
102.7,9,1237.180525
-61.7,300,1237.230507
-28.2,300,1237.279396
-46.6,300,1237.330939
-57.6,300,1237.380348
-28.5,300,1237.429889
-34.4,300,1237.478608
100.8,3,1237.481134
-24.5,300,1237.53081
-30.2,300,1237.579708
103.6,15,1237.582493
-26.6,300,1237.633788
-45.1,300,1237.68279
-57.9,300,1237.732698
-43.5,300,1237.781746
-27.0,300,1237.83332
-28.0,300,1237.882418
101.1,5,1237.883422
102.8,8,1237.885027
-38.5,300,1237.936388
-28.5,300,1237.985067
-31.5,300,1238.034583
-52.8,300,1238.084782
101.9,20,1238.089678
64.2,176,1238.119292
-76.5,300,1238.1696
-31.2,300,1238.218284
-27.0,300,1238.269829
-50.6,300,1238.318434
-64.1,300,1238.36872
-40.2,300,1238.417957
-34.6,300,1238.469008
101.2,12,1238.471271
-58.3,300,1238.520732
-31.6,300,1238.570772
100.8,3,1238.573298
-35.8,300,1238.622511
-61.4,300,1238.6725
104.4,17,1238.675494
-42.0,300,1238.726164
-30.2,300,1238.775935
-49.6,300,1238.825211
-34.8,300,1238.873793
-68.6,300,1238.92537
-37.2,300,1238.974439
-50.6,300,1239.024038
-50.3,300,1239.072578
-53.4,300,1239.124549
-49.7,300,1239.173947
-44.7,300,1239.223715
-28.9,300,1239.272175
-29.5,300,1239.323795
-31.2,300,1239.372809
101.5,6,1239.374244
-29.0,300,1239.423861
100.7,4,1239.426379
-28.2,300,1239.475408
-29.7,300,1239.525398
102.3,12,1239.527617
-31.5,300,1239.577886
-29.6,300,1239.6277
-29.7,300,1239.676374
-35.4,300,1239.727768
-28.3,300,1239.781206
-66.0,300,1239.831375
-32.4,300,1239.880749
-26.4,300,1239.929972
-45.6,300,1239.982025
-30.7,300,1240.031119
-42.4,300,1240.081615
-27.8,300,1240.131711
-28.0,300,1240.183385
103.4,12,1240.185642
-41.8,300,1240.234415
-50.4,300,1240.284694
104.2,19,1240.289715
-42.7,300,1240.338926
100.9,15,1240.341736
-31.0,300,1240.391718
-39.2,300,1240.442357
-29.3,300,1240.491744
103.3,18,1240.495144
-41.3,300,1240.544318
71.1,202,1240.580013
-29.4,300,1240.628871
-31.4,300,1240.678823
-45.1,300,1240.728022
-30.2,300,1240.779579
-29.2,300,1240.828575
84.2,138,1240.851412
-75.9,300,1240.901274
-27.9,300,1240.95193
-35.4,300,1241.001407
-31.2,300,1241.050211
93.4,71,1241.061487
104.2,14,1241.065871
-34.3,300,1241.116928
-62.8,300,1241.167236
-30.1,300,1241.217073
-36.5,300,1241.267381
-42.2,300,1241.316879
104.4,22,1241.320509
-61.1,300,1241.369411
101.5,19,1241.374357
-29.7,300,1241.424013
-69.0,300,1241.472922
-28.4,300,1241.522186
-28.3,300,1241.572798
-31.9,300,1241.62268
-72.3,300,1241.672433
-30.2,300,1241.722403
-32.7,300,1241.772989
-27.1,300,1241.821781
-40.4,300,1241.871934
-31.3,300,1241.920589
-38.5,300,1241.972351
-52.6,300,1242.021768
-30.6,300,1242.07184
101.5,19,1242.0752
-26.5,300,1242.125798
-33.0,300,1242.175562
-72.0,300,1242.22479
-30.9,300,1242.274595
-28.2,300,1242.325107
-29.2,300,1242.374414
-27.1,300,1242.423361
-29.1,300,1242.473433
-32.7,300,1242.525411
-28.0,300,1242.574804
-30.6,300,1242.625353
-29.0,300,1242.676356
-26.8,300,1242.727034
-30.1,300,1242.7768
-48.8,300,1242.826084
-28.1,300,1242.874831
-30.7,300,1242.926354
-29.0,300,1242.975023
-27.7,300,1243.025061
-31.0,300,1243.075793
-29.6,300,1243.127673
-39.4,300,1243.204719
104.3,18,1243.208041
-36.6,300,1243.25902
-31.9,300,1243.312505
-27.5,300,1243.376715
-29.4,300,1243.426823
-38.8,300,1243.475633
-27.7,300,1243.527537
-28.9,300,1243.576595
-47.1,300,1243.627082
-32.4,300,1243.677419
-36.8,300,1243.734831
-50.7,300,1243.783876
-30.8,300,1243.833648
-29.8,300,1243.882654
-26.9,300,1243.9343
-28.0,300,1243.983073
-70.3,300,1244.033288
-31.6,300,1244.082158
-37.5,300,1244.132688
101.3,21,1244.137273
-27.1,300,1244.186109
-31.2,300,1244.234311
-31.0,300,1244.285992
-27.8,300,1244.334336
-27.4,300,1244.383644
-33.6,300,1244.432586
102.6,10,1244.436081
-44.8,300,1244.486418
-29.3,300,1244.535121
-28.0,300,1244.58464
-28.8,300,1244.635212
-30.2,300,1244.684605
-28.8,300,1244.733282
-54.9,300,1244.783162
-37.3,300,1244.834258
-28.2,300,1244.883521
-30.3,300,1244.932463
-34.4,300,1244.981092
102.6,14,1244.985899
-42.0,300,1245.035202
-30.8,300,1245.08401
-29.7,300,1245.133361
-27.6,300,1245.183677
-41.5,300,1245.233147
-29.4,300,1245.281757
-67.6,300,1245.332991
-28.8,300,1245.384008
102.1,14,1245.386437
-27.1,300,1245.435884
-31.4,300,1245.484599
-32.7,300,1245.535645
100.1,48,1245.543734
-61.0,300,1245.593139
-30.7,300,1245.643066
-30.5,300,1245.694184
-32.0,300,1245.743842
-49.6,300,1245.793093
-51.1,300,1245.842646
-41.2,300,1245.893974
-27.1,300,1245.943857
-71.3,300,1245.993631
-29.6,300,1246.043428
-43.0,300,1246.094151
-30.4,300,1246.143613
-27.0,300,1246.192883
104.6,15,1246.195736
-31.7,300,1246.247354
-44.4,300,1246.296313
-29.9,300,1246.345906
-33.0,300,1246.395009
-35.4,300,1246.444783
-27.7,300,1246.494743
-29.7,300,1246.543735
-30.9,300,1246.593275
-28.5,300,1246.643702
-24.8,300,1246.693068
-48.4,300,1246.741765
-27.7,300,1246.791459
-28.0,300,1246.842079
-51.0,300,1246.891879
-30.9,300,1246.940774
-29.4,300,1246.990167
59.0,173,1247.020519
-57.0,300,1247.069764
103.1,15,1247.072541
-28.7,300,1247.122331
-31.2,300,1247.172977
-34.4,300,1247.222294
-31.8,300,1247.270935
-29.0,300,1247.320283
-26.1,300,1247.371045
-29.0,300,1247.42047
-64.8,300,1247.469518
-27.2,300,1247.51901
-43.7,300,1247.569684
101.2,4,1247.570608
-49.6,300,1247.620221
-70.4,300,1247.669488
-27.5,300,1247.720892
-32.6,300,1247.769701
-74.8,300,1247.819873
-57.3,300,1247.869422
101.6,5,1247.871788
101.9,15,1247.874636
-30.1,300,1247.924651
-28.7,300,1247.974208
-77.9,300,1248.025194
-28.1,300,1248.076384
-40.7,300,1248.125743
-29.0,300,1248.175516
-27.3,300,1248.226246
-43.0,300,1248.276351
-45.6,300,1248.325939
-44.6,300,1248.375578
-31.6,300,1248.426193
103.0,15,1248.429047
103.5,20,1248.43261
-31.1,300,1248.482257
-31.9,300,1248.532531
-40.9,300,1248.582222
103.8,13,1248.584584
-25.6,300,1248.633559
-26.5,300,1248.684804
-43.7,300,1248.733999
-30.2,300,1248.783795
104.7,19,1248.787283
-74.6,300,1248.838435
-29.5,300,1248.888344
-47.8,300,1248.937382
-27.6,300,1248.98714
-29.1,300,1249.037461
-72.1,300,1249.087702
104.8,18,1249.090806
-40.6,300,1249.140514
-38.6,300,1249.19243
-32.8,300,1249.241552
-29.7,300,1249.290609
-48.0,300,1249.340263
-26.0,300,1249.390925
-66.0,300,1249.441109
-29.9,300,1249.490462
104.2,27,1249.495261
-28.5,300,1249.546658
-54.3,300,1249.596104
66.2,151,1249.622235
101.4,15,1249.624744
-44.9,300,1249.676069
-36.9,300,1249.725601
-30.6,300,1249.77428
-32.6,300,1249.823996
-32.8,300,1249.874274
102.7,22,1249.878374
-70.3,300,1249.928177
105.0,21,1249.931819
-48.9,300,1249.983375
101.0,6,1249.984833
-58.1,300,1250.034765
-26.3,300,1250.083886
-69.4,300,1250.135461
-65.1,300,1250.185135
-27.6,300,1250.23434
-26.7,300,1250.284044
-33.3,300,1250.334182
-27.3,300,1250.400491
-31.5,300,1250.477606
103.6,15,1250.480033
-67.1,300,1250.531029
-61.9,300,1250.581523
-48.1,300,1250.630218
-27.0,300,1250.679724
-27.7,300,1250.730787
104.0,16,1250.733711
-38.0,300,1250.783581
103.1,10,1250.785661
-31.0,300,1250.835976
-45.7,300,1250.885769
-31.1,300,1250.934078
-27.0,300,1250.983028
-29.4,300,1251.039285
-43.4,300,1251.088971
-29.2,300,1251.137787
-35.5,300,1251.186738
-30.0,300,1251.237785
104.7,19,1251.241178
103.6,15,1251.243652
-77.4,300,1251.293203
-26.5,300,1251.344531
-26.6,300,1251.393131
-34.9,300,1251.44297
103.6,15,1251.445814
-61.0,300,1251.496504
-44.9,300,1251.54619
-30.2,300,1251.594962
-32.6,300,1251.644726
-36.5,300,1251.69549
96.9,35,1251.701676
-30.0,300,1251.75126
-74.6,300,1251.80067
103.1,10,1251.803839
-27.2,300,1251.85347
65.8,146,1251.878033
-31.3,300,1251.926939
-36.0,300,1251.978188
-29.0,300,1252.029704
-30.2,300,1252.080323
-57.5,300,1252.129711
-49.0,300,1252.181477
-31.6,300,1252.230507
-29.4,300,1252.28027
-30.1,300,1252.329148
-34.8,300,1252.380133
-28.3,300,1252.429145
102.2,13,1252.431471
-37.4,300,1252.481099
-28.7,300,1252.531732
-29.1,300,1252.581259
-30.1,300,1252.630551
63.9,156,1252.656536
86.9,79,1252.672322
-27.6,300,1252.721397
-54.9,300,1252.770933
-28.5,300,1252.819941
-41.9,300,1252.870328
93.8,74,1252.883217
-27.8,300,1252.932001
-27.0,300,1252.981804
-50.5,300,1253.032879
103.7,18,1253.036368
-28.6,300,1253.086441
-71.7,300,1253.136901
-30.5,300,1253.187625
-26.0,300,1253.237408
103.6,19,1253.240898
-50.0,300,1253.290162
-28.5,300,1253.341549
102.9,12,1253.343743
103.4,17,1253.346654
-28.4,300,1253.395387
-70.6,300,1253.447339
-33.4,300,1253.496485
-32.6,300,1253.546848
-33.4,300,1253.595751
-35.3,300,1253.647122
-28.2,300,1253.695844
-29.2,300,1253.745575
-31.0,300,1253.794461
-59.4,300,1253.84625
102.2,13,1253.848606
102.7,9,1253.850269
-32.8,300,1253.899109
104.5,16,1253.903475
102.5,19,1253.90706
-33.5,300,1253.957359
-30.1,300,1254.006757
78.5,192,1254.041158
97.7,58,1254.051295
50.9,206,1254.08536
-29.3,300,1254.134117
-30.2,300,1254.185528
-32.4,300,1254.234762
-79.9,300,1254.285427
101.9,7,1254.286968
-30.2,300,1254.337537
-29.0,300,1254.387321
95.7,56,1254.396842
-35.6,300,1254.445745
-66.9,300,1254.498319
-32.0,300,1254.547245
-30.5,300,1254.5968
-27.8,300,1254.645393
-29.2,300,1254.696379
-30.8,300,1254.745042
103.5,16,1254.7479
102.0,6,1254.748988
-28.3,300,1254.79999
-30.4,300,1254.848455
-32.5,300,1254.898199
-39.0,300,1254.946749
-28.2,300,1254.998086
-50.7,300,1255.047032
85.6,159,1255.07334
72.8,178,1255.103424
-28.2,300,1255.153727
102.1,14,1255.156104
-59.4,300,1255.205204
103.7,14,1255.207964
-38.9,300,1255.258723
-71.9,300,1255.309678
-44.7,300,1255.359204
-39.3,300,1255.408303
-44.4,300,1255.459656
57.4,266,1255.503071
-31.8,300,1255.55275
-47.7,300,1255.602409
-52.7,300,1255.654413
-27.9,300,1255.703454
-38.7,300,1255.753032
-32.8,300,1255.801761
-30.0,300,1255.852691
-31.8,300,1255.901991
77.7,119,1255.921976
-62.6,300,1255.974002
75.2,111,1255.994178
-70.5,300,1256.044732
-33.2,300,1256.094013
101.0,6,1256.095103
-29.8,300,1256.146027
-36.3,300,1256.195877
-38.9,300,1256.244766
-26.6,300,1256.2948
-37.1,300,1256.345459
103.3,17,1256.348414
-72.4,300,1256.398966
-39.6,300,1256.448178
-30.9,300,1256.499642
-68.2,300,1256.54913
-48.4,300,1256.599017
-29.8,300,1256.647793
-27.9,300,1256.698983
-32.8,300,1256.747877
-27.1,300,1256.797614
-74.9,300,1256.847409
-32.1,300,1256.898624
-36.6,300,1256.947544
-26.6,300,1256.996816
101.4,7,1256.998338
-42.2,300,1257.049212
-37.0,300,1257.098344
94.8,69,1257.110553
-59.0,300,1257.159781
-39.0,300,1257.218627
-37.1,300,1257.271714
102.5,11,1257.274056
-74.0,300,1257.32557
-27.6,300,1257.377274
-78.8,300,1257.428884
101.4,21,1257.43247
-48.6,300,1257.481986
-30.2,300,1257.535491
-65.6,300,1257.585378
-35.4,300,1257.635504
-61.8,300,1257.68676
-28.0,300,1257.738617
-82.4,300,1257.788416
-76.5,300,1257.838716
-26.8,300,1257.888251
-43.2,300,1257.939424
-26.2,300,1257.989557
-68.8,300,1258.039023
-75.1,300,1258.091866
-78.8,300,1258.143045
-75.1,300,1258.197545
-35.5,300,1258.247232
98.7,48,1258.255313
-27.3,300,1258.307156
-45.1,300,1258.356002
-74.9,300,1258.406135
-25.4,300,1258.454737
-31.1,300,1258.507624
-38.9,300,1258.55788
-41.9,300,1258.6079
-54.4,300,1258.657127
-35.3,300,1258.708504
-46.8,300,1258.75789
-55.3,300,1258.807971
97.1,41,1258.8152
-41.9,300,1258.865999
-59.0,300,1258.915704
102.3,8,1258.917292
79.6,208,1258.953622
-68.1,300,1259.00665
-28.7,300,1259.05618
-49.4,300,1259.106043
-32.0,300,1259.154924
102.8,13,1259.15903
-27.5,300,1259.208521
-64.9,300,1259.258559
-29.2,300,1259.307485
-29.1,300,1259.359143
-70.4,300,1259.409056
72.2,200,1259.442674
-33.7,300,1259.491558
-27.9,300,1259.542814
102.1,14,1259.545203
-52.7,300,1259.594898
-43.5,300,1259.644879
-29.3,300,1259.695925
-66.9,300,1259.745864
-29.2,300,1259.794665
-29.7,300,1259.844296
-66.4,300,1259.895324
-47.4,300,1259.94487
103.3,18,1259.94887
-30.4,300,1259.997777
-68.4,300,1260.049923
-27.9,300,1260.099173
-27.9,300,1260.148077
-39.8,300,1260.198022
103.3,23,1260.203399
-48.1,300,1260.252947
-28.3,300,1260.302761
-70.8,300,1260.351876
-30.9,300,1260.403023
-32.0,300,1260.458782
-80.0,300,1260.551892
-42.0,300,1260.605808
90.5,153,1260.634761
-28.7,300,1260.688463
-28.9,300,1260.738641
97.2,87,1260.75365
-28.3,300,1260.806772
-30.9,300,1260.855764
-45.4,300,1260.906083
-25.5,300,1260.954654
-59.7,300,1261.006461
-41.0,300,1261.056976
-41.1,300,1261.107891
-29.0,300,1261.159202
-82.1,300,1261.212264
-26.7,300,1261.26139
-70.7,300,1261.311689
-28.8,300,1261.360582
-44.6,300,1261.411338
-35.4,300,1261.461089
100.9,11,1261.462944
-31.8,300,1261.511976
-28.4,300,1261.563601
-33.5,300,1261.612591
-37.4,300,1261.662425
-29.6,300,1261.711902
-26.6,300,1261.764673
-71.7,300,1261.81506
-28.1,300,1261.86506
-27.8,300,1261.91401
-29.5,300,1261.966009
-40.6,300,1262.015487
-67.2,300,1262.066076
-54.4,300,1262.114742
-31.2,300,1262.165913
-57.8,300,1262.215157
-28.3,300,1262.265022
-28.7,300,1262.313876
96.0,80,1262.328571
-65.7,300,1262.378725
-64.6,300,1262.42861
-72.7,300,1262.478797
-28.7,300,1262.529869
-53.9,300,1262.579949
-27.9,300,1262.629033
-75.4,300,1262.679664
-26.6,300,1262.729586
-37.1,300,1262.778972
-72.6,300,1262.828977
-40.8,300,1262.878084
-67.6,300,1262.929904
-67.2,300,1262.979375
-28.1,300,1263.029191
-50.6,300,1263.0799
-44.7,300,1263.131694
-31.0,300,1263.180154
-55.0,300,1263.230131
-69.2,300,1263.279515
-30.1,300,1263.346057
-51.6,300,1263.399122
-61.2,300,1263.45106
-29.7,300,1263.500347
-30.3,300,1263.552396
-44.1,300,1263.602108
-30.0,300,1263.652448
-75.6,300,1263.701592
-38.8,300,1263.762829
73.8,182,1263.798948
-31.6,300,1263.849806
-66.1,300,1263.899613
-32.3,300,1263.950984
-34.7,300,1264.000149
-68.4,300,1264.049738
-29.5,300,1264.098794
100.3,22,1264.103943
-30.7,300,1264.153642
-28.1,300,1264.202501
-69.9,300,1264.251874
-28.1,300,1264.303274
-28.2,300,1264.35261
-27.2,300,1264.402345
104.0,16,1264.405311
-55.9,300,1264.456672
-41.8,300,1264.507472
-43.6,300,1264.556715
-31.2,300,1264.60677
-27.4,300,1264.657116
-55.6,300,1264.707547
-63.2,300,1264.756258
-69.7,300,1264.806473
-32.9,300,1264.857052
-56.6,300,1264.906758
-49.8,300,1264.956198
-55.1,300,1265.006134
-30.2,300,1265.056855
-38.6,300,1265.106344
-27.7,300,1265.155129
-30.3,300,1265.20384
37.9,276,1265.252036
-80.4,300,1265.301836
-51.8,300,1265.354846
-59.8,300,1265.404243
-60.9,300,1265.457505
-30.2,300,1265.506129
-47.9,300,1265.557663
-29.4,300,1265.607735
-57.3,300,1265.660654
-29.2,300,1265.709908
-32.6,300,1265.759717
-42.8,300,1265.808839
-58.6,300,1265.863596
-38.6,300,1265.916763
105.4,22,1265.920934
-28.1,300,1265.971406
-30.4,300,1266.02225
-33.3,300,1266.072502
-32.3,300,1266.121855
-34.7,300,1266.171669
-29.2,300,1266.222158
-31.3,300,1266.271688
-36.4,300,1266.321224
-44.1,300,1266.372975
-29.1,300,1266.423984
-30.1,300,1266.472619
-31.5,300,1266.522335
-71.8,300,1266.571337
-26.1,300,1266.623058
-59.5,300,1266.672438
-44.2,300,1266.722933
-74.0,300,1266.77271
77.9,216,1266.810869
-29.3,300,1266.859644
-26.4,300,1266.909182
89.5,140,1266.932353
-77.8,300,1266.983047
-77.8,300,1267.032737
-58.4,300,1267.082082
-44.1,300,1267.131826
-30.0,300,1267.182424
-30.6,300,1267.232188
-34.4,300,1267.28139
-37.6,300,1267.331332
-30.1,300,1267.382316
-31.2,300,1267.432071
-58.3,300,1267.481885
-48.6,300,1267.531848
-26.9,300,1267.581842
-31.3,300,1267.630396
-65.7,300,1267.681884
-28.4,300,1267.730705
-29.4,300,1267.78218
-34.6,300,1267.831263
103.2,18,1267.834322
-71.5,300,1267.884746
94.9,94,1267.902264
-57.7,300,1267.952004
-46.2,300,1268.001383
-71.7,300,1268.05087
-29.1,300,1268.103238
-27.7,300,1268.152814
-27.9,300,1268.202432
-30.6,300,1268.251274
-28.2,300,1268.303243
-72.1,300,1268.352748
-34.2,300,1268.402632
-30.1,300,1268.451639
-60.0,300,1268.503191
-28.6,300,1268.551749
-30.7,300,1268.608803
-34.8,300,1268.689185
-70.3,300,1268.74219
-65.0,300,1268.793639
-70.7,300,1268.844306
104.9,17,1268.847388
-29.5,300,1268.89982
-59.6,300,1268.949819
-52.6,300,1268.999596
93.7,53,1269.008604
105.7,19,1269.013645
97.1,70,1269.025578
-29.2,300,1269.074691
83.8,201,1269.108235
-32.2,300,1269.159347
-28.6,300,1269.209391
-73.9,300,1269.259076
104.6,15,1269.261954
-76.5,300,1269.313556
-29.5,300,1269.362715
103.1,19,1269.365836
-77.9,300,1269.416376
71.2,261,1269.460975
90.4,141,1269.483985
-24.7,300,1269.533536
100.4,26,1269.537947
-28.4,300,1269.588302
-32.7,300,1269.638222
-30.7,300,1269.687105
-42.9,300,1269.736843
-58.5,300,1269.801433
-29.8,300,1269.874396
-30.4,300,1269.927564
-29.7,300,1269.982489
-69.3,300,1270.037279
-26.5,300,1270.090117
-29.7,300,1270.145409
-38.7,300,1270.199084
99.3,41,1270.208742
-27.4,300,1270.262365
-51.2,300,1270.314241
-42.6,300,1270.366795
-32.4,300,1270.42355
-29.7,300,1270.474088
-27.6,300,1270.524252
-29.7,300,1270.575342
-64.6,300,1270.632481
-57.6,300,1270.685355
-28.9,300,1270.736035
-34.4,300,1270.785944
-36.7,300,1270.836378
-29.1,300,1270.88541
-27.8,300,1270.937556
-27.5,300,1270.98755
-32.4,300,1271.040424
-45.9,300,1271.089692
-39.1,300,1271.139896
-29.7,300,1271.189063
92.6,113,1271.209867
-29.8,300,1271.259162
-52.8,300,1271.308378
-55.7,300,1271.358286
-30.9,300,1271.409294
-38.6,300,1271.45884
-46.0,300,1271.50808
-74.7,300,1271.557789
-42.3,300,1271.608262
-32.2,300,1271.658241
-37.9,300,1271.70956
-27.7,300,1271.759867
-31.0,300,1271.810484
104.8,18,1271.813566
-26.0,300,1271.863499
-28.9,300,1271.912699
-40.0,300,1271.964354
-75.3,300,1272.013571
-38.9,300,1272.063374
-30.1,300,1272.112623
-30.5,300,1272.164119
-31.1,300,1272.212876
-74.6,300,1272.263188
105.1,15,1272.266057
-29.1,300,1272.317113
102.3,8,1272.31874
-53.3,300,1272.368795
-69.3,300,1272.417912
-37.3,300,1272.468781
-27.8,300,1272.518825
-59.0,300,1272.56826
-55.6,300,1272.618754
-26.2,300,1272.669232
-75.2,300,1272.719728
102.8,8,1272.721379
-28.6,300,1272.77067
102.5,15,1272.775223
93.3,105,1272.793443
-35.5,300,1272.843115
-30.6,300,1272.892483
-31.2,300,1272.943737
-27.2,300,1272.992493
-27.7,300,1273.042165
-37.1,300,1273.092567
99.9,55,1273.104403
-41.1,300,1273.15343
-25.5,300,1273.201892
-61.9,300,1273.252213
-29.6,300,1273.304892
-29.0,300,1273.356498
-32.6,300,1273.405722
-31.5,300,1273.455507
-33.7,300,1273.506204
-72.3,300,1273.556934
-66.3,300,1273.606618
-29.7,300,1273.656803
102.4,16,1273.661531
-27.9,300,1273.710893
105.5,21,1273.714547
-27.9,300,1273.764176
101.5,14,1273.768378
-28.5,300,1273.817498
-28.6,300,1273.867143
-31.7,300,1273.915732
-31.4,300,1273.967349
-31.4,300,1274.016195
-77.6,300,1274.065751
84.1,188,1274.09671
-27.6,300,1274.146948
-42.7,300,1274.196539
91.5,144,1274.220178
-26.6,300,1274.269894
-32.0,300,1274.320259
-27.2,300,1274.369954
75.8,279,1274.41527
-27.7,300,1274.464269
-54.3,300,1274.515995
-27.0,300,1274.564832
101.0,6,1274.566196
-27.2,300,1274.616116
-56.5,300,1274.666492
-32.4,300,1274.716437
-36.7,300,1274.765801
-30.3,300,1274.815441
-28.4,300,1274.866134
-26.7,300,1274.915418
-39.8,300,1274.986776
-29.3,300,1275.037414
102.7,14,1275.041025
-30.5,300,1275.091548
-30.9,300,1275.141537
-31.5,300,1275.190414
-30.3,300,1275.241939
-29.9,300,1275.290675
-60.3,300,1275.341308
-61.2,300,1275.409394
-68.8,300,1275.463407
-60.4,300,1275.513739
-46.3,300,1275.564635
-42.1,300,1275.6145
-35.3,300,1275.667116
-45.0,300,1275.719424
-28.6,300,1275.769702
-28.3,300,1275.818792
-69.9,300,1275.871034
-32.8,300,1275.920392
-48.9,300,1275.970354
-70.7,300,1276.019359
-29.7,300,1276.07108
81.4,229,1276.10852
96.2,57,1276.117876
-41.8,300,1276.167965
-27.4,300,1276.218371
-27.6,300,1276.268203
-64.1,300,1276.317502
-33.1,300,1276.367132
-36.1,300,1276.418246
-68.5,300,1276.467189
82.9,210,1276.502234
-37.2,300,1276.550921
-31.3,300,1276.60195
-27.4,300,1276.650324
-67.2,300,1276.700147
94.5,70,1276.711933
-27.7,300,1276.762465
101.0,18,1276.765577
-28.4,300,1276.815122
-78.2,300,1276.864915
-27.7,300,1276.916394
104.2,19,1276.919852
-29.8,300,1276.968775
-25.7,300,1277.018387
-29.7,300,1277.068952
-36.5,300,1277.119025
-33.2,300,1277.167901
-46.4,300,1277.217774
-28.3,300,1277.268392
-31.0,300,1277.318122
-29.2,300,1277.366547
81.9,238,1277.406092
-25.5,300,1277.457786
-26.5,300,1277.506394
-30.1,300,1277.556188
-28.4,300,1277.605168
-74.0,300,1277.65772
-28.7,300,1277.706828
-42.6,300,1277.757019
-28.8,300,1277.805688
-36.6,300,1277.856927
-29.7,300,1277.905881
-27.7,300,1277.955609
-42.5,300,1278.007145
-30.5,300,1278.062032
103.9,17,1278.065254
-57.5,300,1278.115595
-37.4,300,1278.165773
-35.9,300,1278.21694
104.3,28,1278.22167
-29.7,300,1278.271492
100.7,21,1278.275724
-63.0,300,1278.328028
-37.2,300,1278.378078
-32.5,300,1278.427081
-27.5,300,1278.476845
65.8,162,1278.505546
-42.8,300,1278.554477
-32.0,300,1278.604717
-37.2,300,1278.654197
-36.0,300,1278.705536
-30.8,300,1278.754537
-53.5,300,1278.8281
-44.0,300,1278.910689
-32.8,300,1278.968184
-61.5,300,1279.021347
-73.5,300,1279.073198
-61.5,300,1279.128156
-26.2,300,1279.18252
-36.6,300,1279.235364
-29.0,300,1279.286048
104.6,20,1279.289715
-73.8,300,1279.344227
-33.1,300,1279.39525
-32.2,300,1279.44569
-74.7,300,1279.495221
-56.9,300,1279.548065
-29.7,300,1279.597112
-29.0,300,1279.646836
103.3,13,1279.649204
-71.0,300,1279.700128
-42.6,300,1279.750029
-49.0,300,1279.799015
-29.9,300,1279.849065
-28.6,300,1279.8993
-29.6,300,1279.948826
-78.9,300,1279.998583
-28.3,300,1280.048077
-28.2,300,1280.098642
103.4,12,1280.100932
-40.1,300,1280.150432
104.5,16,1280.153371
103.3,13,1280.157059
-32.5,300,1280.206169
-39.2,300,1280.255252
-31.5,300,1280.304122
-34.8,300,1280.355004
-30.2,300,1280.404835
103.4,12,1280.407053
-29.0,300,1280.455486
-69.6,300,1280.506674
-30.7,300,1280.555595
-29.1,300,1280.604961
104.4,17,1280.608016
-28.8,300,1280.658259
-33.9,300,1280.707846
-32.0,300,1280.756809
-27.6,300,1280.806587
-31.4,300,1280.85701
-29.1,300,1280.906359
-39.4,300,1280.955202
-28.9,300,1281.004623
-30.2,300,1281.0549
87.7,89,1281.069962
-59.3,300,1281.119853
-31.5,300,1281.168805
-30.8,300,1281.220453
-36.2,300,1281.269291
-33.1,300,1281.318397
-70.0,300,1281.367763
-28.0,300,1281.418676
-65.4,300,1281.468043
-47.2,300,1281.516458
-55.6,300,1281.566333
91.7,68,1281.579167
-40.5,300,1281.628816
-29.2,300,1281.677591
102.9,12,1281.679838
-38.3,300,1281.731166
-29.5,300,1281.780126
-39.9,300,1281.829158
-29.9,300,1281.878512
-48.5,300,1281.929258
-30.4,300,1281.979091
-28.9,300,1282.028164
-32.6,300,1282.077768
-60.6,300,1282.128906
-66.4,300,1282.178402
-28.3,300,1282.227282
-35.1,300,1282.276797
103.4,12,1282.280456
-52.4,300,1282.329818
-48.6,300,1282.379533
-26.0,300,1282.428743
-44.2,300,1282.479717
-30.0,300,1282.528445
-32.0,300,1282.577923
71.7,131,1282.599671
-30.0,300,1282.650387
-34.4,300,1282.699896
95.4,81,1282.713655
-29.5,300,1282.762559
82.6,103,1282.780853
-48.0,300,1282.83074
-67.7,300,1282.879892
-31.1,300,1282.929718
-27.1,300,1282.980191
-30.2,300,1283.029851
-63.0,300,1283.080147
-27.8,300,1283.130425
-51.6,300,1283.180808
-73.3,300,1283.23131
-29.7,300,1283.280294
102.0,15,1283.283099
-29.8,300,1283.334413
56.7,231,1283.372526
-27.7,300,1283.421899
-28.0,300,1283.470949
-29.7,300,1283.521382
-47.0,300,1283.571629
-46.5,300,1283.620943
-31.3,300,1283.670945
-33.4,300,1283.721748
-27.9,300,1283.771647
-26.5,300,1283.820477
-56.3,300,1283.870439
-64.3,300,1283.921724
-37.9,300,1283.971793
-35.3,300,1284.021176
-29.6,300,1284.070834
-28.9,300,1284.121341
-28.8,300,1284.170705
-71.2,300,1284.220626
-27.1,300,1284.270028
-44.7,300,1284.320259
-45.9,300,1284.369471
66.8,178,1284.399604
-53.5,300,1284.448915
-45.0,300,1284.500224
-28.1,300,1284.549041
-29.7,300,1284.598957
-45.6,300,1284.648342
-28.5,300,1284.699393
-74.6,300,1284.749245
-39.6,300,1284.79931
-29.8,300,1284.848617
-31.3,300,1284.900128
-36.5,300,1284.949383
-38.2,300,1284.998333
-31.2,300,1285.06483
-27.0,300,1285.119507
-28.0,300,1285.170272
-69.3,300,1285.221081
-66.7,300,1285.270163
103.9,17,1285.274979
-29.9,300,1285.324683
-37.9,300,1285.374344
-62.2,300,1285.423557
-31.4,300,1285.477872
-25.7,300,1285.563401
-28.9,300,1285.613888
-43.8,300,1285.665439
-38.7,300,1285.716276
-42.4,300,1285.767348
-31.8,300,1285.817706
-31.9,300,1285.867774
-27.1,300,1285.918856
-63.8,300,1285.968939
-30.0,300,1286.01748
-32.5,300,1286.066785
-29.4,300,1286.11693
-32.1,300,1286.165187
57.8,265,1286.209009
-30.2,300,1286.257676
-33.9,300,1286.309128
-67.1,300,1286.35829
-48.7,300,1286.408328
42.3,295,1286.456863
-35.6,300,1286.508321
-32.8,300,1286.557236
-33.6,300,1286.60679
-28.7,300,1286.655606
-30.8,300,1286.707322
-74.1,300,1286.757207
-47.5,300,1286.80696
-27.7,300,1286.855903
103.4,12,1286.859876
-30.3,300,1286.90944
-69.5,300,1286.958745
-29.4,300,1287.007427
-29.7,300,1287.058302
-34.4,300,1287.10749
-61.0,300,1287.157864
-67.0,300,1287.206649
-32.9,300,1287.25758
-28.5,300,1287.306436
-39.8,300,1287.356329
-78.1,300,1287.405581
-31.2,300,1287.457455
-30.7,300,1287.506436
-26.5,300,1287.55587
-47.3,300,1287.60447
77.6,242,1287.646276
-33.7,300,1287.695173
-43.2,300,1287.744326
-32.7,300,1287.794022
-47.6,300,1287.844999
-49.0,300,1287.894825
-38.9,300,1287.943746
-57.7,300,1287.994168
-28.0,300,1288.044618
-36.7,300,1288.095775
-31.6,300,1288.145201
-30.7,300,1288.194978
-71.0,300,1288.246324
-32.2,300,1288.296323
-29.0,300,1288.345518
-35.1,300,1288.395262
-27.2,300,1288.446602
-30.1,300,1288.496426
-80.1,300,1288.546216
104.5,16,1288.549103
-32.2,300,1288.600604
-27.0,300,1288.649449
98.7,47,1288.65742
-31.2,300,1288.707641
103.4,12,1288.711643
-31.6,300,1288.76077
-33.1,300,1288.810063
-28.8,300,1288.860242
-69.8,300,1288.911852
-30.3,300,1288.960632
100.5,50,1288.968912
104.8,18,1288.972285
-43.3,300,1289.023526
-58.3,300,1289.073119
-31.5,300,1289.122845
-57.2,300,1289.172092
103.5,11,1289.175734
-80.3,300,1289.226609
-29.1,300,1289.275704
-75.8,300,1289.3295
-29.7,300,1289.380414
-29.0,300,1289.430366
-77.8,300,1289.482667
-31.6,300,1289.535682
-30.6,300,1289.589491
-27.9,300,1289.64398
-26.8,300,1289.69582
-44.5,300,1289.74691
-37.7,300,1289.800167
-29.3,300,1289.850323
-27.6,300,1289.900358
-37.2,300,1289.950036
-30.1,300,1290.001825
-28.1,300,1290.050082
97.4,62,1290.060869
-41.0,300,1290.109585
-30.1,300,1290.160307
-69.4,300,1290.210796
-28.6,300,1290.260473
-47.5,300,1290.312047
-41.3,300,1290.364391
-28.6,300,1290.414822
-31.2,300,1290.464072
92.0,113,1290.482578
-25.0,300,1290.53391
-28.1,300,1290.582846
-29.2,300,1290.632128
103.3,13,1290.634922
-32.2,300,1290.68495
-30.7,300,1290.735471
-27.1,300,1290.784431
-76.8,300,1290.834906
-26.7,300,1290.886014
-27.2,300,1290.935978
-57.9,300,1290.985154
-31.0,300,1291.035027
-31.4,300,1291.085764
-32.2,300,1291.135801
-33.8,300,1291.185085
-45.9,300,1291.234892
95.2,69,1291.2479
88.3,151,1291.272991
-32.4,300,1291.321935
-40.6,300,1291.371771
-29.2,300,1291.422675
-52.8,300,1291.472755
-39.6,300,1291.521748
-31.2,300,1291.571401
-32.1,300,1291.622249
-35.1,300,1291.67199
105.0,21,1291.675585
102.8,8,1291.677189
-32.4,300,1291.727939
-27.7,300,1291.777603
-27.0,300,1291.827091
-53.4,300,1291.877445
-56.8,300,1291.928808
102.7,9,1291.930518
-33.6,300,1291.982025
-27.5,300,1292.031882
-36.5,300,1292.085635
105.0,16,1292.088904
-37.5,300,1292.141643
-29.8,300,1292.193472
-43.1,300,1292.246161
-27.0,300,1292.298415
-29.6,300,1292.347571
-29.3,300,1292.397095
-42.7,300,1292.447271
-29.0,300,1292.496161
104.1,15,1292.499092
-29.8,300,1292.54748
79.8,250,1292.589549
-29.6,300,1292.639107
-27.4,300,1292.68727
96.4,79,1292.700284
-33.8,300,1292.752211
103.7,14,1292.754966
-31.0,300,1292.803925
-29.5,300,1292.854899
-31.8,300,1292.905637
-27.6,300,1292.955871
-77.0,300,1293.005442
-27.6,300,1293.055559
-28.0,300,1293.108037
-26.6,300,1293.158034
-46.4,300,1293.20705
-58.5,300,1293.25688
-29.6,300,1293.307746
-59.7,300,1293.357871
-71.7,300,1293.406696
-28.9,300,1293.456727
-26.4,300,1293.507015
-28.3,300,1293.556518
-31.2,300,1293.605044
-37.9,300,1293.654984
-31.3,300,1293.706
-27.6,300,1293.755136
-28.9,300,1293.805539
-30.8,300,1293.853983
-30.9,300,1293.905423
-60.3,300,1293.954716
-28.1,300,1294.004712
-35.8,300,1294.05378
101.1,5,1294.056458
-39.4,300,1294.106032
-29.1,300,1294.155029
-49.8,300,1294.205104
-70.6,300,1294.256638
-41.5,300,1294.30625
-40.7,300,1294.355243
-34.1,300,1294.40507
-33.7,300,1294.45604
-26.0,300,1294.505962
101.8,8,1294.507578
-30.8,300,1294.556827
95.7,78,1294.571316
-65.2,300,1294.621671
-29.6,300,1294.670597
-31.9,300,1294.720426
-31.5,300,1294.79651
-28.8,300,1294.847867
-41.2,300,1294.897895
-32.6,300,1294.947728
103.1,19,1294.952956
-32.3,300,1295.001685
103.4,12,1295.003896
104.2,14,1295.006664
-81.3,300,1295.058725
-29.8,300,1295.107687
-27.4,300,1295.157264
-34.9,300,1295.205769
-26.2,300,1295.256584
-33.0,300,1295.305405
-29.4,300,1295.355433
-30.0,300,1295.404406
-30.1,300,1295.455886
-29.8,300,1295.504777
-29.7,300,1295.553676
83.0,182,1295.583393
-30.3,300,1295.633993
-28.1,300,1295.683513
-30.4,300,1295.732197
-31.6,300,1295.781689
-29.2,300,1295.832248
-26.2,300,1295.881827
-39.2,300,1295.931001
-34.0,300,1295.980833
-33.8,300,1296.030904
-27.7,300,1296.079653
-29.7,300,1296.129207
97.1,89,1296.143738
-32.8,300,1296.195043
-29.3,300,1296.243637
-37.0,300,1296.29342
-35.2,300,1296.342265
-39.5,300,1296.392962
-26.5,300,1296.442516
-29.9,300,1296.491343
-63.7,300,1296.541052
-38.3,300,1296.591502
-28.1,300,1296.641239
-32.4,300,1296.690007
-29.7,300,1296.739831
-30.8,300,1296.790398
-36.0,300,1296.840053
-47.3,300,1296.889441
102.4,12,1296.891702
-61.4,300,1296.943567
-68.0,300,1296.992912
-53.9,300,1297.045507
-76.7,300,1297.098246
-63.5,300,1297.151189
-26.1,300,1297.200251
-32.5,300,1297.249847
-26.7,300,1297.298801
-30.4,300,1297.350542
-70.4,300,1297.401635
-54.1,300,1297.451375
-31.5,300,1297.501341
-30.9,300,1297.552073
-25.7,300,1297.601716
-35.9,300,1297.650737
105.1,20,1297.654257
-32.1,300,1297.705719
-34.4,300,1297.755038
81.4,213,1297.79602
76.0,286,1297.84766
-28.6,300,1297.90056
-44.3,300,1297.950622
-31.7,300,1298.001743
-32.7,300,1298.051125
-31.1,300,1298.105422
-36.3,300,1298.154753
-25.5,300,1298.204792
-32.3,300,1298.253472
-30.7,300,1298.305012
31.3,293,1298.352842
-32.1,300,1298.402231
-79.2,300,1298.451783
-52.9,300,1298.502602
-27.6,300,1298.552264
-29.1,300,1298.600816
-29.0,300,1298.650433
-33.3,300,1298.70093
90.1,127,1298.722676
63.5,189,1298.753421
-29.1,300,1298.802503
104.6,15,1298.80684
-65.3,300,1298.857128
-47.9,300,1298.90593
-32.6,300,1298.955582
104.0,16,1298.959851
-29.7,300,1299.008899
-28.8,300,1299.068621
-27.8,300,1299.127699
-28.7,300,1299.184221
91.1,75,1299.202861
-30.2,300,1299.259465
-30.6,300,1299.311056
-29.0,300,1299.398395
-31.2,300,1299.450559
-37.8,300,1299.504111
-62.6,300,1299.557918
-79.6,300,1299.610538
-72.4,300,1299.659644
91.6,128,1299.681592
64.1,290,1299.728637
-53.6,300,1299.784013
-29.0,300,1299.834947
-59.4,300,1299.886024
-46.6,300,1299.935465
-52.8,300,1299.98943
-39.4,300,1300.039247
73.0,179,1300.069785
-29.3,300,1300.120283
102.6,10,1300.124232
104.5,16,1300.127208
-27.7,300,1300.17601
-64.0,300,1300.226057
-29.1,300,1300.276746
-29.0,300,1300.326687
-77.8,300,1300.376195
-48.1,300,1300.426045
-35.6,300,1300.476608
-31.4,300,1300.525995
-31.2,300,1300.575092
102.9,12,1300.577333
-28.1,300,1300.628527
-31.2,300,1300.677438
-35.9,300,1300.727172
86.2,102,1300.744015
-28.5,300,1300.794461
-28.6,300,1300.844333
-38.3,300,1300.893417
-26.4,300,1300.942963
-68.6,300,1300.994126
-32.3,300,1301.043868
102.3,8,1301.04549
-30.8,300,1301.094253
103.3,17,1301.098659
-29.2,300,1301.148683
102.6,10,1301.150754
101.0,22,1301.154475
-81.4,300,1301.206077
-30.1,300,1301.255596
-39.6,300,1301.304317
32.0,299,1301.353485
-29.3,300,1301.403838
102.2,13,1301.406178
104.6,15,1301.40898
-35.1,300,1301.458634
102.3,12,1301.462266
-25.5,300,1301.511651
-30.1,300,1301.561161
-41.4,300,1301.61015
-45.8,300,1301.661134
-45.2,300,1301.710668
103.3,13,1301.712983
-51.0,300,1301.761932
-52.4,300,1301.813548
-69.8,300,1301.863638
-69.0,300,1301.913876
-36.2,300,1301.962927
-27.1,300,1302.014564
-69.4,300,1302.063621
-31.8,300,1302.113477
-80.5,300,1302.163338
-32.4,300,1302.214792
-27.1,300,1302.263584
-73.7,300,1302.313781
-65.4,300,1302.363438
-25.7,300,1302.414353
103.2,18,1302.417836
-44.5,300,1302.466756
-30.4,300,1302.516661
-48.2,300,1302.56757
-29.6,300,1302.616829
-33.7,300,1302.665603
-48.2,300,1302.714773
47.3,214,1302.753091
-63.4,300,1302.804037
-51.4,300,1302.856168
-31.4,300,1302.905864
-53.1,300,1302.958291
-47.1,300,1303.007592
-64.8,300,1303.057668
-30.8,300,1303.108643
-46.5,300,1303.16072
-48.7,300,1303.209843
-29.2,300,1303.259846
-30.7,300,1303.308797
-69.6,300,1303.36056
102.9,12,1303.362802
97.1,58,1303.372736
-33.9,300,1303.421572
-29.7,300,1303.474475
-66.9,300,1303.5234
-44.9,300,1303.572395
-73.8,300,1303.620674
-60.8,300,1303.683639
86.5,176,1303.712926
-30.3,300,1303.7623
105.2,19,1303.765781
-26.6,300,1303.817779
101.6,5,1303.818806
-54.2,300,1303.868424
-27.7,300,1303.918524
-31.5,300,1303.968726
-70.2,300,1304.018771
-32.1,300,1304.067243
-74.5,300,1304.116898
-63.2,300,1304.168639
103.5,11,1304.178937
-43.2,300,1304.231171
-31.0,300,1304.280212
-30.5,300,1304.331829
-27.2,300,1304.381003
102.6,10,1304.382759
-29.9,300,1304.432432
-30.8,300,1304.483342
-31.5,300,1304.533109
-30.8,300,1304.582284
-80.2,300,1304.632636
-59.4,300,1304.683516
-72.8,300,1304.733832
101.3,31,1304.739233
-24.3,300,1304.787957
-36.0,300,1304.839229
80.4,183,1304.869175
101.5,6,1304.870248
-31.2,300,1304.91919
95.8,96,1304.937126
-40.6,300,1304.986902
-28.5,300,1305.035661
104.9,17,1305.039331
-30.0,300,1305.090138
54.9,178,1305.120344
-26.6,300,1305.170017
-74.9,300,1305.21958
-29.8,300,1305.270951
-60.1,300,1305.320479
101.7,9,1305.322152
-35.1,300,1305.37193
-46.0,300,1305.422658
-29.5,300,1305.472565
-33.6,300,1305.521636
-31.6,300,1305.571435
-30.2,300,1305.621962
78.5,103,1305.639323
-83.7,300,1305.689804
-79.2,300,1305.739808
-31.1,300,1305.790593
-26.6,300,1305.839565
-27.9,300,1305.88925
-29.5,300,1305.938611
94.6,50,1305.94873
-42.0,300,1305.998434
-32.0,300,1306.047379
101.2,21,1306.051269
-38.8,300,1306.102501
-68.5,300,1306.152148
-31.6,300,1306.20157
-28.2,300,1306.250477
104.3,18,1306.255088
-41.1,300,1306.305136
75.7,205,1306.338982
-40.3,300,1306.387936
-65.6,300,1306.439752
-77.0,300,1306.489474
-32.8,300,1306.539391
-30.3,300,1306.588262
-36.4,300,1306.638968
101.0,6,1306.640385
-47.8,300,1306.689722
-36.6,300,1306.739825
102.5,11,1306.743742
60.8,260,1306.786482
-25.7,300,1306.836301
-71.7,300,1306.885937
-65.9,300,1306.937533
-32.5,300,1306.986687
-32.5,300,1307.049623
-66.4,300,1307.104732
-26.6,300,1307.15899
-30.0,300,1307.208296
-31.2,300,1307.25784
-29.8,300,1307.307094
-31.8,300,1307.358615
102.6,10,1307.360402
-54.8,300,1307.410248
-31.1,300,1307.459473
-31.9,300,1307.537977
68.4,252,1307.58487
-78.6,300,1307.640229
-35.7,300,1307.690849
102.5,20,1307.696162
-36.3,300,1307.746722
-37.3,300,1307.797574
-35.7,300,1307.846125
-75.3,300,1307.897657
-33.9,300,1307.946371
104.3,18,1307.949743
-32.6,300,1307.999446
-31.9,300,1308.050695
-31.4,300,1308.101189
86.1,135,1308.123828
-44.8,300,1308.173688
-29.5,300,1308.226505
-62.0,300,1308.276657
-27.7,300,1308.32697
-43.5,300,1308.404706
-28.9,300,1308.458945
-70.4,300,1308.511581
-32.6,300,1308.563055
-26.1,300,1308.614144
-71.4,300,1308.666772
-30.2,300,1308.719186
103.0,11,1308.721465
104.1,15,1308.725262
-25.5,300,1308.777702
-51.1,300,1308.827491
40.5,296,1308.877679
-29.1,300,1308.926657
-54.5,300,1308.978664
-56.0,300,1309.027865
-32.6,300,1309.078046
-43.4,300,1309.12714
-40.2,300,1309.178489
-30.8,300,1309.227662
-26.3,300,1309.277467
-26.9,300,1309.326474
-32.9,300,1309.380849
-55.6,300,1309.42992
-27.9,300,1309.48021
-78.3,300,1309.530004
-79.5,300,1309.581934
-31.5,300,1309.631011
-27.7,300,1309.680409
-65.4,300,1309.729701
-52.7,300,1309.780683
-31.4,300,1309.830117
-31.9,300,1309.878388
-47.0,300,1309.927624
-53.1,300,1309.978722
100.9,11,1309.980857
-41.7,300,1310.03068
-47.4,300,1310.079756
-68.6,300,1310.131456
104.7,19,1310.134575
-26.5,300,1310.183345
-29.0,300,1310.233365
-62.5,300,1310.283913
-29.7,300,1310.333365
-59.0,300,1310.382614
-34.9,300,1310.432162
-37.1,300,1310.482975
-38.4,300,1310.532874
-42.8,300,1310.581567
-25.1,300,1310.631733
-28.5,300,1310.700604
-31.4,300,1310.754641
-28.3,300,1310.804496
-28.0,300,1310.854593
-40.5,300,1310.905841
-29.1,300,1310.955874
-77.7,300,1311.005192
-44.0,300,1311.055258
-35.2,300,1311.106226
-34.6,300,1311.155574
-27.4,300,1311.20491
-29.5,300,1311.254078
-57.5,300,1311.306089
-31.7,300,1311.355025
-28.9,300,1311.404398
86.6,81,1311.418396
-26.1,300,1311.47044
-42.0,300,1311.519952
-29.2,300,1311.568869
-26.1,300,1311.618483
-38.4,300,1311.669313
101.5,6,1311.670365
-28.5,300,1311.720165
-28.5,300,1311.769292
-31.9,300,1311.820321
102.3,21,1311.82389
-28.7,300,1311.87293
102.1,18,1311.876301
-28.6,300,1311.929099
-31.2,300,1311.97822
-29.4,300,1312.028078
-28.0,300,1312.077087
-26.5,300,1312.128432
-26.4,300,1312.177423
-29.4,300,1312.227009
103.3,13,1312.229358
-38.1,300,1312.280111
-29.0,300,1312.329455
-28.6,300,1312.378323
101.2,54,1312.387524
102.5,11,1312.390668
-39.9,300,1312.440726
103.3,13,1312.443379
-29.5,300,1312.492133
-40.4,300,1312.543537
-28.0,300,1312.592204
-69.4,300,1312.64224
97.4,47,1312.649948
-31.3,300,1312.700402
-28.5,300,1312.750217
85.6,190,1312.781409
-65.7,300,1312.830678
-37.6,300,1312.881916
-36.1,300,1312.934829
92.9,115,1312.956228
-28.3,300,1313.009244
-30.9,300,1313.061737
-57.8,300,1313.112705
-67.6,300,1313.162818
-79.6,300,1313.238164
-76.4,300,1313.291249
-35.6,300,1313.340426
-71.4,300,1313.390651
-62.3,300,1313.440216
87.9,173,1313.471269
85.5,134,1313.49336
-55.4,300,1313.545439
-36.8,300,1313.59799
-28.5,300,1313.648997
-63.7,300,1313.699746
-29.2,300,1313.749041
99.7,42,1313.756443
-31.0,300,1313.807909
97.1,54,1313.816777
82.7,108,1313.834898
41.9,265,1313.879247
-56.4,300,1313.93132
85.5,179,1313.961611
-29.6,300,1314.013664
-32.6,300,1314.065288
104.1,20,1314.070509
-33.6,300,1314.123276
-30.3,300,1314.173668
-40.0,300,1314.223541
-40.0,300,1314.274802
-55.5,300,1314.325044
-50.6,300,1314.37439
-27.6,300,1314.424038
-29.4,300,1314.474851
-36.6,300,1314.527321
91.1,130,1314.550367
-28.5,300,1314.602594
-41.5,300,1314.658554
103.0,11,1314.660868
-66.6,300,1314.712188
-28.2,300,1314.762788
-30.6,300,1314.814506
-44.4,300,1314.864681
-30.3,300,1314.913533
-28.0,300,1314.96471
-51.5,300,1315.016912
-36.5,300,1315.068668
-31.2,300,1315.118906
-29.5,300,1315.169049
-46.0,300,1315.22023
96.4,80,1315.233539
102.8,13,1315.23579
-37.6,300,1315.28575
-66.2,300,1315.336671
-32.0,300,1315.386705
-39.6,300,1315.435825
-26.0,300,1315.485662
-29.7,300,1315.536067
-29.0,300,1315.585877
-29.0,300,1315.635188
-27.5,300,1315.684977
-38.0,300,1315.736112
89.6,141,1315.759059
-27.4,300,1315.808699
-67.0,300,1315.862277
-29.9,300,1315.913506
-30.6,300,1315.962523
-79.1,300,1316.013324
-55.9,300,1316.062971
-31.0,300,1316.116241
-29.1,300,1316.166322
-33.8,300,1316.216223
-46.4,300,1316.265316
-34.6,300,1316.316945
-38.6,300,1316.366284
103.1,15,1316.369038
-29.2,300,1316.418592
-27.9,300,1316.469107
-27.6,300,1316.517875
-27.7,300,1316.567146
-32.0,300,1316.616025
-76.6,300,1316.668043
-27.5,300,1316.71725
-27.8,300,1316.766889
-26.2,300,1316.81583
-36.8,300,1316.867203
103.6,20,1316.870806
-28.3,300,1316.919516
-27.5,300,1316.969158
-26.4,300,1317.020008
-27.7,300,1317.069897
-36.5,300,1317.118719
-31.6,300,1317.168363
-32.4,300,1317.21883
-40.8,300,1317.268376
-29.1,300,1317.317508
-28.0,300,1317.36718
-64.7,300,1317.418129
-28.3,300,1317.466678
-31.1,300,1317.516575
-29.6,300,1317.565355
-38.1,300,1317.616967
-79.2,300,1317.666601
-28.5,300,1317.71665
-27.3,300,1317.765564
102.6,14,1317.769428
-66.9,300,1317.819468
-30.8,300,1317.868095
-29.0,300,1317.917923
-41.2,300,1317.96865
-59.0,300,1318.018976
-33.3,300,1318.068167
-33.7,300,1318.119933
-33.1,300,1318.17086
-33.5,300,1318.220892
-67.2,300,1318.269849
-30.7,300,1318.319346
103.0,11,1318.322944
-41.8,300,1318.37217
-28.0,300,1318.421649
-25.7,300,1318.470912
-30.6,300,1318.521497
-27.7,300,1318.570706
-27.7,300,1318.619676
-41.8,300,1318.66944
-49.6,300,1318.719428
-47.6,300,1318.768561
-55.3,300,1318.817903
-27.2,300,1318.883433
81.9,257,1318.930772
-32.7,300,1318.982617
-52.0,300,1319.032149
-28.1,300,1319.082318
-44.9,300,1319.133505
-44.4,300,1319.183477
-33.9,300,1319.232443
-68.3,300,1319.282871
-52.7,300,1319.333494
-29.0,300,1319.38312
-42.5,300,1319.432178
-29.5,300,1319.481432
-39.9,300,1319.532347
-28.0,300,1319.581142
-66.7,300,1319.631052
-28.6,300,1319.680059
-36.4,300,1319.731435
-33.1,300,1319.780164
-38.1,300,1319.830187
-43.5,300,1319.879033
-81.7,300,1319.930339
-28.5,300,1319.980619
-63.4,300,1320.033992
104.3,18,1320.037554
-27.6,300,1320.090243
-35.6,300,1320.141238
102.3,8,1320.142879
-39.7,300,1320.192101
-54.2,300,1320.244146
-32.3,300,1320.293005
-34.4,300,1320.343011
-30.6,300,1320.391858
-27.7,300,1320.443306
103.1,10,1320.445054
-28.1,300,1320.494209
-28.4,300,1320.544111
-31.6,300,1320.594498
-54.5,300,1320.645056
-28.9,300,1320.693955
100.9,35,1320.699976
-54.1,300,1320.752102
-35.8,300,1320.800961
-27.5,300,1320.850732
102.8,17,1320.853765
-33.4,300,1320.904121
-66.3,300,1320.954095
-39.6,300,1321.003554
-36.3,300,1321.052709
-29.7,300,1321.104313
-36.3,300,1321.153042
-37.9,300,1321.20278
-46.7,300,1321.251944
-32.6,300,1321.304587
-29.9,300,1321.360244
-31.2,300,1321.411824
-41.3,300,1321.49429
-33.2,300,1321.546807
-31.5,300,1321.597894
-26.6,300,1321.648729
-26.5,300,1321.699389
-31.5,300,1321.750257
84.7,142,1321.773805
-30.2,300,1321.823715
-42.7,300,1321.873013
-36.6,300,1321.924554
103.3,13,1321.926838
96.5,89,1321.941313
105.1,20,1321.944812
-29.3,300,1321.99483
-48.5,300,1322.044776
102.7,32,1322.050339
-45.6,300,1322.098838
-29.0,300,1322.151399
102.9,21,1322.155352
96.5,74,1322.167497
100.8,33,1322.17302
-26.7,300,1322.22421
-36.2,300,1322.273156
-38.0,300,1322.322813
-31.8,300,1322.372639
102.4,7,1322.376211
-54.6,300,1322.428737
-31.4,300,1322.479998
96.3,76,1322.493165
-62.4,300,1322.561482
-28.1,300,1322.616792
-27.8,300,1322.668798
-29.2,300,1322.720015
-28.1,300,1322.773904
-39.9,300,1322.82366
-25.6,300,1322.878002
-48.5,300,1322.932854
104.5,16,1322.938275
83.3,218,1322.980305
-36.8,300,1323.031893
103.3,17,1323.035043
-28.9,300,1323.091231
96.9,91,1323.108203
-28.0,300,1323.164633
-29.0,300,1323.215468
-31.2,300,1323.267989
-31.8,300,1323.317378
100.8,24,1323.321522
-28.9,300,1323.373977
-41.9,300,1323.425387
-29.0,300,1323.474696
102.3,8,1323.477072
-28.5,300,1323.526591
-74.7,300,1323.577988
-82.0,300,1323.628784
-62.7,300,1323.678397
-28.6,300,1323.728149
-29.6,300,1323.77902
-29.0,300,1323.828962
-79.4,300,1323.878078
-39.4,300,1323.927897
-28.5,300,1323.978064
-54.9,300,1324.028234
-30.2,300,1324.077682
-32.4,300,1324.127239
-30.1,300,1324.179181
-39.5,300,1324.230768
-28.3,300,1324.281177
-29.3,300,1324.332284
-56.9,300,1324.383371
-28.4,300,1324.433344
-29.0,300,1324.482336
-28.0,300,1324.53195
-30.3,300,1324.583794
-66.3,300,1324.632947
-39.1,300,1324.682977
-27.1,300,1324.731618
-27.4,300,1324.7826
-30.4,300,1324.831193
-34.0,300,1324.880587
-45.6,300,1324.929809
-29.4,300,1324.981016
-30.2,300,1325.029502
-30.7,300,1325.078956
-60.4,300,1325.129229
101.4,7,1325.131993
-51.5,300,1325.182566
-33.2,300,1325.231579
-30.1,300,1325.281179
104.4,17,1325.285667
-28.0,300,1325.334553
-42.8,300,1325.384454
102.8,23,1325.388259
-30.7,300,1325.438403
-31.4,300,1325.487932
-31.3,300,1325.537358
-41.2,300,1325.586346
-29.6,300,1325.637857
-29.0,300,1325.68664
-27.5,300,1325.73648
-29.2,300,1325.785202
-33.2,300,1325.83638
-36.4,300,1325.886029
-28.3,300,1325.936769
-30.9,300,1325.986276
-35.3,300,1326.03748
-31.5,300,1326.086372
103.5,11,1326.088518
-32.5,300,1326.137983
-32.9,300,1326.188304
-27.1,300,1326.238156
-30.2,300,1326.3338
103.6,19,1326.337542
-26.6,300,1326.3896
-57.6,300,1326.440752
-35.4,300,1326.491837
-26.7,300,1326.541803
101.5,19,1326.547104
-27.0,300,1326.596594
-30.4,300,1326.646186
-75.9,300,1326.696316
-29.9,300,1326.747146
-43.9,300,1326.797325
-29.2,300,1326.847654
-26.5,300,1326.903477
-28.8,300,1326.958012
102.9,21,1326.962455
89.8,127,1326.983964
-30.6,300,1327.033499
-28.5,300,1327.085663
-69.8,300,1327.135075
75.8,203,1327.167707
-36.7,300,1327.217407
-28.0,300,1327.267651
104.7,14,1327.271234
-32.1,300,1327.320848
-31.2,300,1327.369316
-76.9,300,1327.421302
-31.6,300,1327.46954
-31.4,300,1327.518928
-31.2,300,1327.568732
103.5,11,1327.572338
-65.1,300,1327.627314
-44.1,300,1327.678118
-50.2,300,1327.728696
-28.6,300,1327.779207
-36.9,300,1327.829207
98.9,52,1327.83795
-40.2,300,1327.886446
-36.2,300,1327.937403
101.5,25,1327.941672
-71.2,300,1327.9906
-48.4,300,1328.040527
-34.0,300,1328.09086
-30.4,300,1328.142683
-83.6,300,1328.192763
-35.2,300,1328.242678
-49.6,300,1328.293918
-54.4,300,1328.343607
-29.6,300,1328.392255
-29.9,300,1328.442086
-42.1,300,1328.492577
-43.2,300,1328.542733
-29.0,300,1328.592736
-32.0,300,1328.641553
-30.5,300,1328.692974
104.1,15,1328.69573
72.4,128,1328.717191
-45.3,300,1328.767304
-25.0,300,1328.818054
-43.2,300,1328.868144
102.3,8,1328.869743
-34.1,300,1328.919327
-49.1,300,1328.97344
-29.1,300,1329.023949
-40.0,300,1329.07558
-28.5,300,1329.126908
-28.0,300,1329.17905
103.4,21,1329.182674
-71.1,300,1329.23238
-32.3,300,1329.281417
-39.1,300,1329.332824
103.1,10,1329.334606
103.5,11,1329.3368
-27.4,300,1329.386187
-37.7,300,1329.438227
-28.9,300,1329.48714
-34.7,300,1329.537281
98.7,46,1329.545217
-42.6,300,1329.596256
-32.4,300,1329.646176
-30.8,300,1329.695489
102.5,19,1329.698598
-75.2,300,1329.750832
-29.2,300,1329.799439
-51.6,300,1329.84948
-30.5,300,1329.898239
-29.3,300,1329.950132
-34.3,300,1329.99923
-27.6,300,1330.048822
97.8,61,1330.059261
-27.5,300,1330.10968
-29.1,300,1330.15906
-45.0,300,1330.208041
-33.2,300,1330.257749
-29.6,300,1330.308373
103.8,17,1330.311346
-51.5,300,1330.36225
-28.4,300,1330.411299
-30.2,300,1330.463316
102.6,14,1330.46581
-44.0,300,1330.516805
-29.0,300,1330.596081
-29.2,300,1330.648331
-70.6,300,1330.699534
-30.9,300,1330.749001
99.0,38,1330.755687
-27.2,300,1330.807292
-28.1,300,1330.856392
84.1,217,1330.892706
-65.7,300,1330.942694
-27.7,300,1330.994552
87.6,86,1331.008923
-65.9,300,1331.058242
-35.4,300,1331.108429
-34.2,300,1331.158981
-26.6,300,1331.208671
-32.0,300,1331.25731
-29.6,300,1331.306998
-30.2,300,1331.35714
-47.7,300,1331.406737
-28.0,300,1331.455893
-67.7,300,1331.505519
69.7,168,1331.535232
-55.1,300,1331.58462
-26.4,300,1331.634332
-56.1,300,1331.683374
-29.6,300,1331.734835
-40.9,300,1331.784083
-30.9,300,1331.833586
-33.5,300,1331.882331
-25.7,300,1331.933667
-30.1,300,1331.982562
-29.8,300,1332.03219
-29.0,300,1332.081256
-31.9,300,1332.131957
-37.5,300,1332.18176
-32.4,300,1332.230525
-31.2,300,1332.2802
-32.5,300,1332.330214
-30.3,300,1332.379654
-27.0,300,1332.42838
-33.0,300,1332.478528
77.7,244,1332.519981
-30.0,300,1332.569904
-31.9,300,1332.618983
-35.3,300,1332.668997
-34.5,300,1332.719798
-74.3,300,1332.769295
-67.5,300,1332.818716
-28.6,300,1332.86752
-25.0,300,1332.918627
-33.6,300,1332.967565
-37.3,300,1333.017487
-48.7,300,1333.068094
-28.4,300,1333.121433
-43.8,300,1333.172003
-50.3,300,1333.223781
-28.8,300,1333.272926
86.6,145,1333.299613
-29.1,300,1333.348649
-39.8,300,1333.39832
-31.9,300,1333.447529
-41.6,300,1333.498069
-32.0,300,1333.547737
-30.3,300,1333.596156
102.8,8,1333.597767
-31.2,300,1333.64961
-27.7,300,1333.698395
-42.8,300,1333.748435
49.3,230,1333.785861
-35.5,300,1333.836691
-27.2,300,1333.885511
-44.9,300,1333.935041
-44.3,300,1333.983962
-39.4,300,1334.035175
103.3,13,1334.037882
-28.3,300,1334.086428
-49.7,300,1334.136352
103.2,14,1334.140225
-73.8,300,1334.189973
-48.9,300,1334.240388
-26.1,300,1334.290309
-32.6,300,1334.341537
-26.6,300,1334.391571
-54.4,300,1334.442175
-40.7,300,1334.492644
-31.8,300,1334.5434
-75.4,300,1334.593826
-66.0,300,1334.643028
-45.7,300,1334.69232
103.5,11,1334.695968
-73.5,300,1334.745725
-42.2,300,1334.795479
-30.4,300,1334.844096
-81.2,300,1334.896139
-53.7,300,1334.944928
71.5,144,1334.968482
-29.7,300,1335.017179
104.5,16,1335.021491
-27.0,300,1335.069858
-73.2,300,1335.11888
-68.8,300,1335.167825
-52.4,300,1335.219169
-49.6,300,1335.268181
-69.8,300,1335.317284
-65.9,300,1335.366768
83.7,80,1335.382121
-26.4,300,1335.432051
-69.2,300,1335.481584
105.1,20,1335.485148
-49.3,300,1335.536652
-37.5,300,1335.585619
-47.6,300,1335.635257
-43.9,300,1335.684015
-49.8,300,1335.735794
-42.0,300,1335.784851
-30.8,300,1335.866466
-31.2,300,1335.916116
-76.6,300,1335.968491
-70.3,300,1336.018226
-39.4,300,1336.068144
-28.7,300,1336.117026
-53.1,300,1336.168856
-30.5,300,1336.217634
-70.5,300,1336.270653
-65.6,300,1336.32098
-30.2,300,1336.375505
-55.8,300,1336.426201
-43.9,300,1336.476777
-35.7,300,1336.525867
-76.2,300,1336.577535
-66.8,300,1336.626266
-57.7,300,1336.675951
-27.8,300,1336.724993
103.5,16,1336.729476
-44.7,300,1336.779947
-76.6,300,1336.828889
-32.3,300,1336.878534
-56.9,300,1336.92913
-40.3,300,1336.978063
-66.2,300,1337.0283
-30.1,300,1337.077097
-32.6,300,1337.128153
-34.3,300,1337.176802
-30.8,300,1337.226371
-49.7,300,1337.275015
-33.0,300,1337.326586
-65.0,300,1337.375497
101.0,31,1337.380861
-73.0,300,1337.431162
-42.5,300,1337.481646
-30.4,300,1337.531172
-40.7,300,1337.580108
-74.8,300,1337.630474
-28.7,300,1337.681114
-71.4,300,1337.730692
83.3,100,1337.7472
-62.9,300,1337.797156
-29.1,300,1337.84866
-34.7,300,1337.896966
-48.3,300,1337.946925
-63.4,300,1337.996151
-32.9,300,1338.047137
-66.3,300,1338.096179
-28.3,300,1338.147325
104.8,18,1338.15039
-43.5,300,1338.201639
-54.1,300,1338.252095
-53.6,300,1338.305981
-60.3,300,1338.35598
-74.9,300,1338.407128
-50.5,300,1338.456979
-29.6,300,1338.505663
-28.7,300,1338.553991
-28.6,300,1338.604673
-32.0,300,1338.653308
-39.5,300,1338.702877
-48.4,300,1338.752165
100.2,38,1338.760066
104.4,17,1338.763057
-61.3,300,1338.814426
76.3,235,1338.854639
-57.3,300,1338.908572
-73.2,300,1338.959077
-29.0,300,1339.008644
-27.3,300,1339.057441
-48.9,300,1339.109473
-73.6,300,1339.158476
-27.1,300,1339.208175
-30.7,300,1339.257145
104.1,15,1339.261068
-30.8,300,1339.310867
-47.7,300,1339.359681
-28.2,300,1339.409066
-71.4,300,1339.460319
-29.2,300,1339.509074
-31.7,300,1339.558721
-48.2,300,1339.607943
-56.7,300,1339.66014
-41.2,300,1339.709096
-26.3,300,1339.758734
-24.9,300,1339.807436
-28.9,300,1339.858754
-41.5,300,1339.907662
-28.0,300,1339.957778
-33.9,300,1340.006816
-52.6,300,1340.058572
-30.1,300,1340.107492
-27.1,300,1340.157296
-73.0,300,1340.206075
-56.7,300,1340.257229
56.2,278,1340.302985
-29.3,300,1340.351851
-52.5,300,1340.401958
-31.6,300,1340.452835
-31.4,300,1340.50281
-29.7,300,1340.551611
87.8,148,1340.576634
-33.5,300,1340.626961
-31.5,300,1340.676295
-31.1,300,1340.725244
-72.7,300,1340.775196
-31.7,300,1340.826843
-28.7,300,1340.875579
-41.0,300,1340.925737
-29.2,300,1340.974432
-29.1,300,1341.025613
-38.3,300,1341.074824
-48.9,300,1341.124832
-27.1,300,1341.174187
-65.8,300,1341.225468
-28.8,300,1341.274324
-30.9,300,1341.32358
-41.1,300,1341.37353
-31.4,300,1341.425617
-28.4,300,1341.474423
-29.4,300,1341.523993
-76.7,300,1341.573516
-50.8,300,1341.625193
-36.8,300,1341.674649
-75.8,300,1341.724689
-43.6,300,1341.775075
-36.4,300,1341.825467
-79.2,300,1341.875732
-30.5,300,1341.924237
-39.6,300,1341.974486
-65.6,300,1342.025324
-38.7,300,1342.075192
-26.2,300,1342.124266
-48.8,300,1342.17416
-28.9,300,1342.224448
-65.2,300,1342.274734
-71.8,300,1342.324156
-66.3,300,1342.374377
-67.3,300,1342.42535
-29.3,300,1342.47511
-32.0,300,1342.524203
-41.3,300,1342.57399
-28.6,300,1342.624439
-42.2,300,1342.673461
-41.6,300,1342.723418
101.4,15,1342.726191
-37.3,300,1342.777597
-30.7,300,1342.83024
-38.0,300,1342.879717
-34.1,300,1342.929775
-38.3,300,1342.980462
-30.5,300,1343.030202
-40.4,300,1343.079241
-32.8,300,1343.130097
-28.1,300,1343.180819
102.2,13,1343.183141
-31.8,300,1343.232883
-28.0,300,1343.281721
65.2,248,1343.325409
-60.9,300,1343.374735
-43.6,300,1343.424818
81.2,114,1343.44383
-37.3,300,1343.495054
-42.1,300,1343.5454
-30.4,300,1343.594859
-26.6,300,1343.64489
-41.3,300,1343.695525
75.4,165,1343.723172
49.3,241,1343.763226
-31.4,300,1343.812605
-60.8,300,1343.864938
-33.5,300,1343.913991
-27.7,300,1343.96397
-29.7,300,1344.012734
-66.4,300,1344.064533
-54.1,300,1344.113716
-30.9,300,1344.163355
-27.2,300,1344.212587
103.0,16,1344.217242
-67.4,300,1344.267839
-42.8,300,1344.316972
-35.9,300,1344.366657
-58.8,300,1344.417731
103.1,10,1344.419536
-73.4,300,1344.470212
-81.3,300,1344.519892
-29.3,300,1344.570061
-30.4,300,1344.620027
-35.2,300,1344.669206
-29.1,300,1344.719208
83.2,85,1344.735258
-64.8,300,1344.785399
-29.8,300,1344.834566
-28.0,300,1344.884076
70.1,284,1344.93318
-45.7,300,1344.982264
-31.3,300,1345.031793
-66.4,300,1345.08082
-29.6,300,1345.132208
-28.5,300,1345.181321
-30.9,300,1345.231084
-26.0,300,1345.280038
-28.5,300,1345.331652
-30.1,300,1345.381897
-28.2,300,1345.431828
-28.8,300,1345.480565
-32.1,300,1345.531558
-28.3,300,1345.580366
-51.1,300,1345.630497
-42.8,300,1345.679655
102.4,7,1345.682501
-41.7,300,1345.731558
103.2,14,1345.734266
-75.1,300,1345.784807
96.2,89,1345.800956
-62.7,300,1345.851259
-41.9,300,1345.900579
-46.2,300,1345.950122
-26.7,300,1346.000695
-75.4,300,1346.050411
-86.0,300,1346.101095
-32.5,300,1346.150021
100.0,31,1346.156832
-28.6,300,1346.206623
-66.0,300,1346.255897
-30.8,300,1346.305514
-32.3,300,1346.355773
-28.5,300,1346.40514
-45.9,300,1346.454267
-67.5,300,1346.50391
-30.4,300,1346.554855
104.7,19,1346.558369
51.8,218,1346.594683
-26.9,300,1346.645344
-26.7,300,1346.697544
101.3,41,1346.70454
-28.3,300,1346.753736
-27.2,300,1346.80303
-29.8,300,1346.853889
-28.2,300,1346.903475
-64.6,300,1346.952599
-31.8,300,1347.001913
-32.4,300,1347.052923
-64.2,300,1347.102395
-28.7,300,1347.152185
-29.6,300,1347.201259
-31.4,300,1347.252661
-33.9,300,1347.301623
102.1,29,1347.306926
-27.7,300,1347.356844
-28.2,300,1347.407776
-41.9,300,1347.457746
-29.9,300,1347.507038
-54.3,300,1347.557248
94.4,115,1347.577432
-33.1,300,1347.62679
-28.2,300,1347.676405
-55.8,300,1347.726075
103.9,12,1347.730165
102.8,8,1347.731801
-27.7,300,1347.781896
95.2,79,1347.79517
-30.4,300,1347.846386
86.2,74,1347.859166
-32.3,300,1347.90804
102.2,9,1347.909692
-53.6,300,1347.961348
-62.7,300,1348.010625
-30.9,300,1348.060438
-47.6,300,1348.109844
-39.4,300,1348.162605
-33.4,300,1348.211778
-27.7,300,1348.261299
-29.7,300,1348.310299
83.6,199,1348.344218
-28.5,300,1348.393736
-38.1,300,1348.443407
-49.3,300,1348.493649
-31.2,300,1348.544345
78.5,159,1348.570103
-60.2,300,1348.619449
-47.0,300,1348.668644
-57.1,300,1348.72023
-27.8,300,1348.769151
104.0,20,1348.772694
-28.5,300,1348.822327
-28.1,300,1348.872754
-82.0,300,1348.923509
-26.9,300,1348.972434
76.4,116,1348.991838
-29.9,300,1349.043726
-26.6,300,1349.092678
-42.6,300,1349.142484
-34.1,300,1349.191135
-32.3,300,1349.242313
65.4,174,1349.271308
91.7,118,1349.290655
-28.5,300,1349.352503
-30.9,300,1349.403391
-36.4,300,1349.453175
-32.4,300,1349.50199
-35.5,300,1349.551959
-27.7,300,1349.602466
-47.4,300,1349.652864
-27.2,300,1349.701834
-34.5,300,1349.751569
-52.1,300,1349.801969
-38.2,300,1349.851716
-28.5,300,1349.900355
-26.5,300,1349.949981
-31.1,300,1350.000402
-29.4,300,1350.048816
104.1,30,1350.053953
-40.7,300,1350.103216
-29.1,300,1350.153885
-64.4,300,1350.203875
-30.0,300,1350.252526
-29.0,300,1350.302399
-28.1,300,1350.35289
-27.2,300,1350.40244
-27.5,300,1350.450983
-30.2,300,1350.500825
-67.8,300,1350.551165
86.2,144,1350.57479
-46.9,300,1350.624762
-65.0,300,1350.673729
-33.9,300,1350.724977
-32.2,300,1350.774026
-38.2,300,1350.823494
-30.0,300,1350.872218
87.7,83,1350.887997
-31.1,300,1350.937574
-28.4,300,1350.986285
-31.2,300,1351.035775
95.2,63,1351.047466
-65.3,300,1351.097099
-33.3,300,1351.147215
92.6,109,1351.165409
-26.1,300,1351.21702
-30.0,300,1351.266249
-35.6,300,1351.315785
-35.2,300,1351.365702
-76.8,300,1351.417792
-31.5,300,1351.472511
-31.0,300,1351.521422
-33.2,300,1351.570951
-34.2,300,1351.621633
-30.2,300,1351.671166
-29.5,300,1351.719806
-51.9,300,1351.769715
-47.5,300,1351.820702
-44.1,300,1351.870192
-32.7,300,1351.918564
-26.1,300,1351.968212
-31.1,300,1352.018044
-34.0,300,1352.067366
-68.2,300,1352.115897
-51.9,300,1352.165192
-44.4,300,1352.215766
-28.8,300,1352.265067
-29.7,300,1352.313905
-50.6,300,1352.362965
-50.5,300,1352.414263
-31.8,300,1352.463001
-32.4,300,1352.512765
-30.5,300,1352.561697
103.5,20,1352.566631
99.4,43,1352.573637
-28.5,300,1352.623246
71.5,146,1352.647495
-30.7,300,1352.698585
-31.2,300,1352.747198
-29.4,300,1352.796405
-32.9,300,1352.845977
-28.0,300,1352.896639
-38.8,300,1352.945722
-76.8,300,1352.994332
-27.2,300,1353.043721
-39.7,300,1353.094287
102.0,34,1353.099893
-38.5,300,1353.150896
-29.3,300,1353.199803
-32.0,300,1353.251007
-65.3,300,1353.299757
-29.7,300,1353.349498
-30.1,300,1353.398114
-26.6,300,1353.449322
-44.2,300,1353.498526
-47.3,300,1353.548443
-29.7,300,1353.5972
-32.3,300,1353.648541
-26.1,300,1353.697613
-29.1,300,1353.747111
-57.2,300,1353.7963
-29.4,300,1353.847419
-28.6,300,1353.896159
-29.6,300,1353.944733
-28.9,300,1353.994094
-31.8,300,1354.044912
-31.4,300,1354.094558
-29.1,300,1354.143362
-29.4,300,1354.192999
-27.3,300,1354.243321
-26.3,300,1354.293948
-29.8,300,1354.342104
-31.0,300,1354.391426
-31.5,300,1354.441413
-28.3,300,1354.491068
-41.1,300,1354.539678
103.7,23,1354.5438
-44.3,300,1354.596112
102.9,12,1354.598413
-28.0,300,1354.647316
-35.2,300,1354.696978
-51.8,300,1354.747549
-30.9,300,1354.796928
-32.4,300,1354.845925
-31.4,300,1354.895012
-32.1,300,1354.946655
-30.6,300,1354.99551
73.0,152,1355.021541
-31.6,300,1355.070516
-27.5,300,1355.121948
-34.7,300,1355.171162
-27.7,300,1355.220765
73.9,123,1355.241477
-39.2,300,1355.292003
-28.0,300,1355.341856
-28.5,300,1355.390419
-30.6,300,1355.440265
-29.5,300,1355.490904
-31.9,300,1355.540286
-66.8,300,1355.588932
-26.6,300,1355.637493
-28.5,300,1355.688575
-54.4,300,1355.737956
-26.2,300,1355.787587
-31.8,300,1355.836858
-54.7,300,1355.888682
-29.2,300,1355.937425
-37.3,300,1355.987314
-27.1,300,1356.036067
-26.1,300,1356.087242
-28.9,300,1356.136073
-30.4,300,1356.185415
-28.9,300,1356.234324
-57.5,300,1356.285806
-79.3,300,1356.335642
-25.2,300,1356.38518
79.2,245,1356.425057
-43.1,300,1356.475489
-29.8,300,1356.525072
-32.3,300,1356.573698
-27.2,300,1356.623063
-28.4,300,1356.673202
-28.7,300,1356.723665
-43.8,300,1356.772739
-30.2,300,1356.822519
87.6,161,1356.850673
-43.7,300,1356.899749
-38.8,300,1356.949613
-63.5,300,1356.999116
-28.1,300,1357.050372
-30.4,300,1357.098951
-47.5,300,1357.148528
-28.3,300,1357.197153
-49.1,300,1357.248381
-65.0,300,1357.297668
-32.5,300,1357.346897
-28.0,300,1357.395973
104.6,15,1357.400514
-30.1,300,1357.450278
-32.8,300,1357.499166
-30.1,300,1357.548806
-47.8,300,1357.599518
-32.3,300,1357.649221
-31.5,300,1357.698125
-29.0,300,1357.776389
101.9,21,1357.781907
-28.6,300,1357.831398
102.2,9,1357.833476
99.9,47,1357.841036
-30.7,300,1357.892173
-26.8,300,1357.941464
-28.2,300,1357.99081
-50.4,300,1358.040199
-74.7,300,1358.092394
103.3,17,1358.095764
-29.7,300,1358.146226
-31.6,300,1358.197541
-27.4,300,1358.248524
-32.5,300,1358.297905
-29.2,300,1358.346499
-74.2,300,1358.396207
-67.4,300,1358.447782
-27.2,300,1358.497076
-27.6,300,1358.545663
-75.4,300,1358.595068
-28.9,300,1358.6463
-28.3,300,1358.696376
-30.0,300,1358.745373
-35.2,300,1358.794178
-28.3,300,1358.845296
-27.3,300,1358.893859
-31.8,300,1358.943332
-34.2,300,1358.991893
-32.1,300,1359.043069
-28.6,300,1359.091893
-26.7,300,1359.14146
-29.8,300,1359.190188
-64.2,300,1359.242189
-26.8,300,1359.290958
-45.0,300,1359.340677
-28.3,300,1359.38935
-32.4,300,1359.440738
89.8,80,1359.453969
-29.5,300,1359.502987
-28.2,300,1359.552562
-36.3,300,1359.60302
-31.4,300,1359.652315
100.4,22,1359.655924
-43.0,300,1359.705164
-30.3,300,1359.756318
-45.5,300,1359.805151
-36.2,300,1359.85426
-47.0,300,1359.903081
-30.9,300,1359.953248
-42.1,300,1360.003102
-29.1,300,1360.052163
-29.4,300,1360.101811
-28.6,300,1360.152128
-45.2,300,1360.201964
103.3,13,1360.20425
-36.3,300,1360.253191
-33.0,300,1360.303976
-57.0,300,1360.353522
-29.6,300,1360.403138
-30.1,300,1360.452065
-29.1,300,1360.503477
-36.4,300,1360.5522
103.3,13,1360.554875
99.4,41,1360.56167
-44.1,300,1360.61254
103.3,13,1360.614849
-37.8,300,1360.663859
100.2,42,1360.671073
-74.0,300,1360.722711
84.3,187,1360.752982
-27.0,300,1360.802027
-35.6,300,1360.851694
-28.0,300,1360.902133
-32.8,300,1360.951465
-32.1,300,1360.999669
-28.7,300,1361.048989
-51.8,300,1361.09952
-40.3,300,1361.149276
-47.3,300,1361.198335
-28.1,300,1361.248059
-25.2,300,1361.298351
-30.7,300,1361.347968
-37.4,300,1361.396778
-31.6,300,1361.446201
103.0,23,1361.451714
90.9,120,1361.471603
-27.2,300,1361.520032
-30.6,300,1361.569518
-31.8,300,1361.619718
-30.6,300,1361.669106
105.1,15,1361.671968
-29.8,300,1361.720503
-35.9,300,1361.771854
-32.5,300,1361.820607
-30.7,300,1361.870112
-27.4,300,1361.918715
-40.1,300,1361.969676
94.1,84,1361.983439
80.7,259,1362.025599
-47.6,300,1362.075065
102.3,17,1362.079702
-31.0,300,1362.128353
-63.5,300,1362.177713
-33.6,300,1362.226786
-28.9,300,1362.276968
-32.2,300,1362.32664
-52.2,300,1362.375719
-27.7,300,1362.425271
-30.6,300,1362.475478
-29.5,300,1362.52474
-27.5,300,1362.573605
-49.0,300,1362.623604
-27.7,300,1362.673997
-28.8,300,1362.724535
-40.7,300,1362.773788
-33.6,300,1362.823948
-41.1,300,1362.874851
94.9,107,1362.892701
-51.4,300,1362.942734
75.8,202,1362.97567
-27.1,300,1363.026879
103.2,23,1363.030944
-28.5,300,1363.080289
-29.4,300,1363.130589
-33.7,300,1363.182377
-26.2,300,1363.23211
-30.3,300,1363.281398
-30.1,300,1363.330344
-29.6,300,1363.381438
-32.4,300,1363.430486
-40.6,300,1363.480239
-36.8,300,1363.529348
102.6,14,1363.533459
-32.4,300,1363.583354
-49.6,300,1363.632488
-34.8,300,1363.682058
-83.1,300,1363.733207
-33.0,300,1363.78286
-26.6,300,1363.831695
-26.7,300,1363.881385
-76.2,300,1363.933298
-55.8,300,1363.983551
32.7,274,1364.029398
-50.3,300,1364.079094
-31.0,300,1364.129448
-28.9,300,1364.179126
101.6,5,1364.180106
90.4,166,1364.207378
-28.4,300,1364.257735
-44.4,300,1364.307489
-51.2,300,1364.356425
-32.2,300,1364.405988
-36.6,300,1364.456782
-26.8,300,1364.50612
-27.2,300,1364.554836
-32.7,300,1364.604632
-30.1,300,1364.654963
-53.1,300,1364.704191
-28.3,300,1364.753664
-80.6,300,1364.803206
-29.3,300,1364.854486
-29.4,300,1364.903227
-46.8,300,1364.953065
-27.5,300,1365.001938
105.0,16,1365.006189
-28.4,300,1365.055808
97.6,69,1365.06709
-30.1,300,1365.116409
-29.4,300,1365.16779
-30.4,300,1365.216368
-37.6,300,1365.266232
-71.5,300,1365.315767
-31.3,300,1365.367305
-31.2,300,1365.416037
-26.5,300,1365.465333
-26.7,300,1365.514333
-28.8,300,1365.565291
-71.6,300,1365.614944
-48.0,300,1365.664748
-35.1,300,1365.713424
-57.2,300,1365.76552
-26.6,300,1365.814851
-34.0,300,1365.864668
41.7,243,1365.904811
-42.8,300,1365.955182
104.3,22,1365.958871
-27.5,300,1366.008823
-28.6,300,1366.057757
-30.5,300,1366.108726
-27.2,300,1366.157643
-28.7,300,1366.207379
-41.7,300,1366.256254
-29.8,300,1366.307913
-28.5,300,1366.356895
-26.8,300,1366.406536
-31.0,300,1366.455416
103.5,11,1366.458915
-72.7,300,1366.509337
-73.6,300,1366.558703
91.3,57,1366.568245
-27.5,300,1366.619404
-25.9,300,1366.668299
-31.2,300,1366.717717
-32.4,300,1366.766249
-74.1,300,1366.816939
101.5,6,1366.818356
-31.2,300,1366.866828
98.4,62,1366.876829
-72.2,300,1366.92847
-31.3,300,1366.977448
-29.3,300,1367.026892
-32.0,300,1367.075724
-29.6,300,1367.127058
-59.6,300,1367.176141
-26.0,300,1367.225382
-36.6,300,1367.275154
103.4,12,1367.278729
104.7,19,1367.282207
-34.0,300,1367.331443
-29.1,300,1367.381376
-28.5,300,1367.432287
-44.2,300,1367.481966
-56.2,300,1367.531066
105.2,19,1367.534536
-27.5,300,1367.585711
-46.5,300,1367.635108
-28.4,300,1367.684857
-32.1,300,1367.733774
-35.3,300,1367.78545
-30.8,300,1367.83459
-33.8,300,1367.884304
-54.4,300,1367.933141
-34.3,300,1367.984748
-33.3,300,1368.033887
-29.2,300,1368.083911
-29.1,300,1368.132893
-29.5,300,1368.184996
-37.3,300,1368.233699
-27.5,300,1368.282691
-41.1,300,1368.332587
102.8,8,1368.335684
-29.5,300,1368.385042
-28.5,300,1368.434888
-53.7,300,1368.484045
-33.1,300,1368.535195
-37.0,300,1368.584358
-32.7,300,1368.63406
94.2,54,1368.642981
62.2,280,1368.690196
71.9,149,1368.714975
-28.9,300,1368.763534
-56.6,300,1368.812449
-30.5,300,1368.863477
-30.9,300,1368.912389
-31.0,300,1368.962305
-28.5,300,1369.011264
-29.0,300,1369.062716
-35.9,300,1369.111761
-40.9,300,1369.161807
-31.3,300,1369.210397
-31.3,300,1369.26225
102.2,9,1369.264256
-41.5,300,1369.313255
-39.3,300,1369.363291
-31.2,300,1369.413697
-40.5,300,1369.463374
-31.6,300,1369.512114
-64.6,300,1369.562102
-31.3,300,1369.612932
-37.8,300,1369.662624
-71.4,300,1369.712207
-31.2,300,1369.761256
-76.5,300,1369.813421
-52.0,300,1369.862609
-68.3,300,1369.912527
-31.6,300,1369.961292
-56.4,300,1370.013278
102.7,14,1370.015621
-38.3,300,1370.064515
-45.2,300,1370.114724
101.5,45,1370.124183
-30.9,300,1370.173468
-43.1,300,1370.223682
-31.6,300,1370.273145
-27.1,300,1370.32435
93.7,103,1370.341568
-36.0,300,1370.390612
-29.9,300,1370.44059
-30.1,300,1370.4913
-52.7,300,1370.541515
91.2,129,1370.562828
95.1,44,1370.570341
-31.3,300,1370.621887
-29.2,300,1370.670807
101.9,7,1370.6723
-47.8,300,1370.722092
-28.1,300,1370.772886
-28.4,300,1370.821736
97.1,42,1370.829738
40.5,263,1370.872917
82.4,151,1370.899686
89.5,144,1370.923392
-71.6,300,1370.974548
-30.6,300,1371.024746
-31.2,300,1371.08101
-42.3,300,1371.130466
-30.7,300,1371.180345
-30.6,300,1371.228964
-63.1,300,1371.280537
-70.6,300,1371.329256
-42.8,300,1371.379003
87.3,67,1371.390302
-45.8,300,1371.441531
-29.5,300,1371.490992
-29.2,300,1371.539909
-28.7,300,1371.589721
102.3,8,1371.592712
91.4,112,1371.611186
-74.1,300,1371.660499
-61.7,300,1371.710359
-56.8,300,1371.761728
-29.2,300,1371.811579
-38.5,300,1371.860509
-50.4,300,1371.910394
-78.1,300,1371.962149
-80.0,300,1372.012517
-75.3,300,1372.061946
-46.5,300,1372.112128
-71.8,300,1372.162964
98.2,48,1372.170944
-25.2,300,1372.220432
-28.6,300,1372.269214
-35.5,300,1372.320438
-45.7,300,1372.369283
-73.3,300,1372.418441
-30.5,300,1372.467176
-36.9,300,1372.518499
46.4,284,1372.565223
-41.7,300,1372.614726
-42.5,300,1372.663504
-26.9,300,1372.714117
-75.8,300,1372.764238
-28.5,300,1372.813299
-73.3,300,1372.863478
-72.8,300,1372.91412
-31.1,300,1372.963928
99.2,25,1372.968113
-30.5,300,1373.016794
-58.8,300,1373.068662
-50.6,300,1373.118139
-43.6,300,1373.169702
-70.2,300,1373.219188
-29.9,300,1373.271228
-29.9,300,1373.320206
-33.8,300,1373.36994
-35.2,300,1373.418956
-32.8,300,1373.469824
-37.6,300,1373.51875
-81.5,300,1373.568097
-72.7,300,1373.61784
-30.3,300,1373.668694
-38.6,300,1373.718579
-29.6,300,1373.76747
-38.0,300,1373.816961
-53.0,300,1373.867659
-31.3,300,1373.917251
-30.7,300,1373.965982
-74.6,300,1374.016276
40.0,243,1374.058218
-30.7,300,1374.107942
56.9,188,1374.13931
96.0,76,1374.151893
-27.2,300,1374.203588
102.3,8,1374.205193
-31.0,300,1374.254076
91.1,112,1374.272437
-27.0,300,1374.323561
-40.8,300,1374.372905
-28.7,300,1374.422548
-28.0,300,1374.472022
-26.6,300,1374.523637
-25.0,300,1374.572578
-33.9,300,1374.622347
96.0,75,1374.634628
-29.5,300,1374.685267
-28.2,300,1374.735128
-35.2,300,1374.784221
-32.5,300,1374.833928
-33.6,300,1374.884277
91.9,83,1374.89782
-61.0,300,1374.947809
61.8,299,1374.996831
-39.0,300,1375.048264
-44.0,300,1375.097186
-27.5,300,1375.146499
88.0,132,1375.168452
-58.3,300,1375.219089
-36.2,300,1375.268817
-28.4,300,1375.318157
-29.8,300,1375.367854
-57.7,300,1375.418929
-32.4,300,1375.468508
103.0,11,1375.470711
-75.8,300,1375.520916
-38.9,300,1375.572151
-27.1,300,1375.621098
-26.6,300,1375.66945
-29.0,300,1375.719045
102.3,8,1375.722096
-28.9,300,1375.770951
51.1,205,1375.805766
-54.2,300,1375.855099
-34.6,300,1375.906972
-36.1,300,1375.95614
64.4,189,1375.988048
-47.4,300,1376.037209
-61.2,300,1376.088014
-28.5,300,1376.137802
-29.6,300,1376.186722
-42.1,300,1376.236407
-74.1,300,1376.287831
-29.3,300,1376.337661
-34.4,300,1376.386762
80.9,222,1376.424226
-37.9,300,1376.474715
-48.7,300,1376.524643
103.4,12,1376.526929
-27.7,300,1376.576136
-84.4,300,1376.627638
-27.2,300,1376.676456
-31.3,300,1376.725866
-33.4,300,1376.775003
-32.2,300,1376.825836
-28.1,300,1376.87518
-56.4,300,1376.924023
101.9,7,1376.925525
-28.5,300,1376.976802
-29.6,300,1377.025613
-29.5,300,1377.075485
-30.0,300,1377.124382
-30.6,300,1377.175298
-66.4,300,1377.224303
-27.1,300,1377.274003
-28.4,300,1377.322828
-44.3,300,1377.373958
-32.1,300,1377.422604
103.0,15,1377.425097
-57.9,300,1377.475116
-55.6,300,1377.526083
-25.0,300,1377.57584
-56.8,300,1377.625622
-28.0,300,1377.67441
-38.0,300,1377.726213
-27.4,300,1377.77476
56.8,239,1377.814893
-29.3,300,1377.863888
103.2,14,1377.867974
102.8,17,1377.870929
-36.2,300,1377.921036
-32.0,300,1377.970214
-31.2,300,1378.021954
-39.0,300,1378.070761
-36.8,300,1378.120551
-31.6,300,1378.170857
-28.0,300,1378.222661
86.4,161,1378.249123
-52.0,300,1378.297784
-29.5,300,1378.347489
-41.4,300,1378.397401
-37.8,300,1378.447183
-29.4,300,1378.49603
100.3,38,1378.502682
99.8,26,1378.508727
-40.2,300,1378.558685
-25.7,300,1378.607432
-28.4,300,1378.657238
-29.2,300,1378.707562
103.9,12,1378.709816
-32.6,300,1378.759237
-31.0,300,1378.808126
-34.7,300,1378.859124
-31.6,300,1378.907878
-26.1,300,1378.957042
-30.3,300,1379.005574
-29.3,300,1379.056476
-59.3,300,1379.105058
94.4,91,1379.120196
-43.6,300,1379.169857
-28.7,300,1379.219968
-39.4,300,1379.269142
-39.2,300,1379.317833
-31.2,300,1379.36731
-48.7,300,1379.417989
-28.6,300,1379.467159
-64.3,300,1379.517463
-48.8,300,1379.566644
-29.0,300,1379.618042
-36.0,300,1379.666822
-34.6,300,1379.716337
-29.4,300,1379.765405
-29.2,300,1379.81674
-28.5,300,1379.865182
-36.6,300,1379.91489
-45.8,300,1379.963691
-29.0,300,1380.014883
-29.5,300,1380.063144
-51.8,300,1380.112637
-60.6,300,1380.162953
-29.2,300,1380.214752
105.1,15,1380.217648
-27.3,300,1380.266084
76.0,190,1380.297162
104.2,14,1380.301549
102.2,9,1380.303249
-33.3,300,1380.353101
-29.5,300,1380.401838
-36.3,300,1380.453429
87.8,132,1380.474993
-55.0,300,1380.524642
-25.5,300,1380.573581
-33.1,300,1380.624145
-49.8,300,1380.67559
-25.9,300,1380.72626
-51.7,300,1380.777235
-35.3,300,1380.827855
-33.1,300,1380.877841
-31.1,300,1380.926943
104.0,16,1380.929905
-31.7,300,1380.981194
-49.2,300,1381.030382
-53.5,300,1381.080572
-29.7,300,1381.130429
-32.1,300,1381.188033
-62.0,300,1381.240287
102.4,12,1381.242783
-31.2,300,1381.294852
-61.1,300,1381.346751
-28.5,300,1381.39641
-31.1,300,1381.445353
81.8,177,1381.475119
-34.6,300,1381.526534
-72.8,300,1381.576632
104.4,17,1381.57963
-42.4,300,1381.628543
-30.6,300,1381.707743
103.0,19,1381.716171
-54.2,300,1381.771827
-31.9,300,1381.823828
38.7,281,1381.872987
-42.6,300,1381.923977
-36.3,300,1381.973353
-33.2,300,1382.023026
91.1,74,1382.03772
-38.9,300,1382.086679
-30.0,300,1382.136652
-35.5,300,1382.185516
100.0,46,1382.194636
-36.3,300,1382.244776
-40.5,300,1382.294115
-25.4,300,1382.343975
-52.6,300,1382.395253
-73.6,300,1382.445423
-28.2,300,1382.494054
-74.2,300,1382.544449
102.8,13,1382.548498
-61.3,300,1382.59799
78.1,125,1382.618488
101.8,17,1382.621457
-26.3,300,1382.672387
74.4,132,1382.6944
-25.4,300,1382.744051
-29.7,300,1382.792756
-28.5,300,1382.844491
-27.3,300,1382.893023
-35.8,300,1382.942745
-27.8,300,1382.992348
-40.1,300,1383.042945
-26.7,300,1383.0925
-67.9,300,1383.142372
-31.5,300,1383.193483
104.1,15,1383.197907
-47.1,300,1383.247345
-28.5,300,1383.296947
-28.1,300,1383.345997
-44.9,300,1383.397727
103.3,17,1383.400772
-27.2,300,1383.450021
-38.9,300,1383.499756
-33.2,300,1383.550246
84.5,174,1383.579516
-48.4,300,1383.629169
77.1,273,1383.673741
-30.8,300,1383.72516
-49.7,300,1383.774497
-37.3,300,1383.824395
95.0,45,1383.832109
-31.3,300,1383.882584
-74.7,300,1383.932599
102.5,24,1383.936848
-38.4,300,1383.986008
-44.9,300,1384.037989
94.1,83,1384.051963
102.6,10,1384.053695
84.5,195,1384.085749
-59.2,300,1384.137326
-34.0,300,1384.186529
-60.5,300,1384.236601
-26.9,300,1384.285449
-27.5,300,1384.336916
-31.9,300,1384.385598
-72.0,300,1384.435992
103.9,17,1384.438975
-73.7,300,1384.490171
104.2,14,1384.492964
103.9,17,1384.496131
99.4,28,1384.500975
-36.6,300,1384.552159
-29.5,300,1384.601271
-37.1,300,1384.652162
-28.6,300,1384.701428
-30.2,300,1384.753052
-30.2,300,1384.801801
-25.0,300,1384.851517
-43.3,300,1384.903017
-28.0,300,1384.957155
-31.8,300,1385.008134
-45.7,300,1385.058278
-29.3,300,1385.107498
-30.8,300,1385.158914
-28.6,300,1385.208043
-28.3,300,1385.257067
-43.0,300,1385.306979
-25.5,300,1385.35798
-55.6,300,1385.40834
-27.3,300,1385.457688
-45.5,300,1385.507867
-41.3,300,1385.558571
-35.1,300,1385.609124
-31.3,300,1385.663587
-61.0,300,1385.7162
-29.8,300,1385.767996
-26.7,300,1385.817961
-35.0,300,1385.867152
83.8,83,1385.881323
-29.6,300,1385.934226
-58.2,300,1385.983769
-70.3,300,1386.034701
-29.9,300,1386.083593
-28.0,300,1386.134927
-63.9,300,1386.184381
-31.3,300,1386.23419
67.7,271,1386.278504
-30.3,300,1386.329892
-30.0,300,1386.378775
-29.0,300,1386.428294
98.9,25,1386.432653
-28.5,300,1386.483255
100.5,22,1386.486946
-29.9,300,1386.541398
-33.2,300,1386.592239
-68.3,300,1386.646308
-73.7,300,1386.696854
-60.2,300,1386.747762
97.1,49,1386.756438
-29.8,300,1386.807081
-30.4,300,1386.856843
-30.7,300,1386.905727
-33.4,300,1386.955454
-30.6,300,1387.006093
-26.1,300,1387.060085
-70.4,300,1387.110468
-31.5,300,1387.161015
94.6,59,1387.172865
-28.7,300,1387.223862
-30.7,300,1387.277933
-29.6,300,1387.328193
-26.7,300,1387.379981
-28.0,300,1387.429003
-38.0,300,1387.48507
-31.9,300,1387.537531
79.5,113,1387.559871
-38.9,300,1387.611486
-30.6,300,1387.662648
-30.6,300,1387.714399
-28.2,300,1387.767637
-28.3,300,1387.818519
-30.0,300,1387.867944
-29.7,300,1387.918156
-38.4,300,1387.96898
103.2,22,1387.972757
-28.2,300,1388.022659
-50.8,300,1388.072132
-69.9,300,1388.124347
102.3,32,1388.129854
-27.3,300,1388.182927
-35.4,300,1388.234315
-30.2,300,1388.28544
-30.3,300,1388.33625
-29.0,300,1388.385497
-31.8,300,1388.436088
-30.2,300,1388.487159
-28.5,300,1388.536929
-27.9,300,1388.586169
-33.7,300,1388.635081
74.5,271,1388.681828
-29.4,300,1388.731074
-66.5,300,1388.781785
-33.6,300,1388.831526
-30.8,300,1388.882876
104.1,15,1388.885727
-35.3,300,1388.934827
-31.2,300,1388.984818
-27.5,300,1389.036018
-30.1,300,1389.085281
92.9,107,1389.102402
-28.5,300,1389.151049
84.7,168,1389.181825
98.9,63,1389.192573
-31.1,300,1389.244995
-62.4,300,1389.295818
-29.4,300,1389.346665
74.1,258,1389.389933
104.1,19,1389.393085
-33.5,300,1389.441954
-65.3,300,1389.493588
-31.2,300,1389.542626
-28.4,300,1389.592453
-27.5,300,1389.641743
101.7,27,1389.648101
-28.0,300,1389.697716
-33.4,300,1389.746631
-26.6,300,1389.795442
-26.4,300,1389.84714
-64.9,300,1389.895947
-27.1,300,1389.945524
-47.4,300,1389.994617
-29.0,300,1390.046022
-36.5,300,1390.094806
-33.4,300,1390.144366
-29.6,300,1390.193681
101.4,7,1390.196836
-51.7,300,1390.246828
-61.6,300,1390.296524
-40.4,300,1390.345801
-31.3,300,1390.396076
-60.0,300,1390.446069
-27.4,300,1390.494886
94.2,100,1390.511638
-29.1,300,1390.562988
-27.5,300,1390.612098
-79.5,300,1390.664102
-46.1,300,1390.721104
80.4,225,1390.7643
-28.2,300,1390.816308
-68.8,300,1390.868616
95.2,92,1390.885081
-29.5,300,1390.937455
-61.2,300,1390.98846
104.1,20,1390.991948
-29.2,300,1391.041072
-29.2,300,1391.092962
-72.4,300,1391.142928
-28.5,300,1391.192835
-36.5,300,1391.242153
-37.1,300,1391.29395
-78.7,300,1391.343987
-42.8,300,1391.394157
-52.1,300,1391.443293
-70.5,300,1391.494889
-27.9,300,1391.543748
-30.3,300,1391.593155
-32.6,300,1391.648412
77.3,240,1391.691009
-39.4,300,1391.741367
103.8,18,1391.744796
102.3,8,1391.746346
103.7,14,1391.750294
-29.6,300,1391.799553
-50.5,300,1391.849246
-35.8,300,1391.89913
-41.8,300,1391.953915
-73.3,300,1392.00431
-39.3,300,1392.054191
-38.7,300,1392.103429
-30.8,300,1392.154653
93.0,86,1392.169308
-41.3,300,1392.21837
-28.2,300,1392.268132
104.1,24,1392.273809
-34.9,300,1392.323408
87.6,75,1392.337451
-45.4,300,1392.391046
-53.6,300,1392.44526
-38.4,300,1392.496462
102.5,11,1392.498773
-26.0,300,1392.548869
-34.3,300,1392.600058
-77.6,300,1392.650592
-73.0,300,1392.70017
-77.4,300,1392.753015
-37.4,300,1392.807324
-32.1,300,1392.857621
-66.6,300,1392.908451
103.5,21,1392.912325
-53.9,300,1392.966751
-26.1,300,1393.018251
-76.2,300,1393.069428
-29.7,300,1393.118181
-31.0,300,1393.171358
38.3,262,1393.215509
-46.7,300,1393.266069
-29.5,300,1393.31972
-40.0,300,1393.370995
-69.5,300,1393.421652
-37.6,300,1393.470607
-36.4,300,1393.522919
-30.1,300,1393.574549
-28.1,300,1393.624561
-31.6,300,1393.676464
-29.8,300,1393.729685
92.8,103,1393.750024
100.4,7,1393.751137
-25.7,300,1393.80349
91.1,104,1393.821157
-29.1,300,1393.87198
-36.8,300,1393.922553
-27.1,300,1393.971531
104.1,15,1393.974476
-62.2,300,1394.026207
-41.5,300,1394.075609
-26.5,300,1394.125554
-32.7,300,1394.174528
-27.8,300,1394.226366
-59.2,300,1394.275898
-59.4,300,1394.325982
-44.7,300,1394.375463
-26.5,300,1394.425913
-28.0,300,1394.476146
-29.6,300,1394.560782
-39.4,300,1394.611877
-30.1,300,1394.667471
102.9,12,1394.669773
-75.1,300,1394.722008
-35.8,300,1394.774368
-35.3,300,1394.828053
-25.0,300,1394.882576
-31.0,300,1394.93477
-60.1,300,1394.987899
-34.7,300,1395.041311
-56.5,300,1395.093628
-43.8,300,1395.1437
90.3,115,1395.163623
-37.6,300,1395.214873
-30.7,300,1395.264097
104.1,15,1395.266923
-37.1,300,1395.316699
-33.0,300,1395.367566
-38.9,300,1395.41754
-32.6,300,1395.466534
-31.4,300,1395.5163
-41.8,300,1395.567103
-29.8,300,1395.617091
99.3,28,1395.622003
104.6,20,1395.625532
102.9,12,1395.62904
85.8,142,1395.652498
-25.0,300,1395.702374
-38.9,300,1395.751132
-39.4,300,1395.802348
-30.5,300,1395.851419
-26.5,300,1395.901161
-37.2,300,1395.950335
-69.6,300,1396.001406
-65.2,300,1396.051502
-50.2,300,1396.099959
-27.9,300,1396.149617
101.7,22,1396.155088
-28.2,300,1396.203752
-66.1,300,1396.253789
-35.6,300,1396.302858
98.5,40,1396.311376
100.9,27,1396.315839
-28.9,300,1396.365447
-30.8,300,1396.414794
-43.2,300,1396.465991
-33.4,300,1396.514635
-55.3,300,1396.564779
94.8,67,1396.576038
101.6,5,1396.578402
87.1,78,1396.591824
-32.5,300,1396.64176
-36.7,300,1396.69072
102.0,6,1396.693432
-29.7,300,1396.742253
-29.5,300,1396.791796
-68.0,300,1396.841311
75.3,264,1396.886511
-51.3,300,1396.93562
-30.5,300,1396.985321
-30.5,300,1397.034056
-31.0,300,1397.085381
101.2,4,1397.086326
72.1,274,1397.131204
-77.9,300,1397.18158
93.8,35,1397.189205
-36.2,300,1397.23818
93.6,119,1397.287771
102.9,25,1397.293194
-31.2,300,1397.345785
-50.5,300,1397.397038
-40.8,300,1397.446365
-32.8,300,1397.496151
-53.2,300,1397.547325
-29.5,300,1397.604298
-78.6,300,1397.657487
-33.0,300,1397.70834
-30.4,300,1397.758984
-29.6,300,1397.808769
-32.3,300,1397.857955
46.1,251,1397.899105
-29.7,300,1397.950395
-29.8,300,1397.999336
-37.2,300,1398.049424
-28.5,300,1398.098427
-41.9,300,1398.150319
105.7,19,1398.154187
-25.6,300,1398.204401
104.9,17,1398.20744
-64.8,300,1398.259743
-32.6,300,1398.308621
-39.6,300,1398.358551
-46.0,300,1398.407417
-32.9,300,1398.45916
-56.0,300,1398.508754
-27.6,300,1398.558548
101.9,7,1398.560077
-34.4,300,1398.610421
-28.6,300,1398.659861
-27.7,300,1398.708589
80.5,224,1398.745472
74.2,285,1398.793753
100.7,16,1398.796679
-28.5,300,1398.845496
101.3,8,1398.847078
-32.9,300,1398.897911
-26.2,300,1398.946355
-41.6,300,1398.996069
-29.5,300,1399.044713
-32.2,300,1399.095882
-38.3,300,1399.14454
-29.1,300,1399.193871
-30.1,300,1399.245601
-28.1,300,1399.297868
-32.2,300,1399.346869
98.8,58,1399.356836
-30.2,300,1399.406614
-49.1,300,1399.457624
-56.5,300,1399.507657
-30.1,300,1399.556488
-49.0,300,1399.606576
-30.6,300,1399.65755
-26.6,300,1399.707606
104.9,22,1399.711333
-57.6,300,1399.760609
103.1,10,1399.764119
-28.5,300,1399.814198
-37.2,300,1399.862689
-33.2,300,1399.912653
-61.9,300,1399.963587
-35.5,300,1400.012884
-28.5,300,1400.061641
-26.1,300,1400.111137
-35.0,300,1400.161715
102.6,10,1400.163429
-33.3,300,1400.212291
-25.0,300,1400.261584
-49.8,300,1400.312291
-54.2,300,1400.362575
-69.6,300,1400.412247
-31.2,300,1400.463345
-42.0,300,1400.516853
-32.8,300,1400.566987
105.2,19,1400.570443
102.9,12,1400.572684
-53.3,300,1400.623849
-28.9,300,1400.673403
-30.5,300,1400.72267
-32.5,300,1400.772715
-29.1,300,1400.823529
-30.0,300,1400.873428
-49.4,300,1400.922316
-33.1,300,1400.971875
-31.6,300,1401.02275
-63.1,300,1401.072392
102.6,23,1401.076534
-32.4,300,1401.125409
-51.2,300,1401.176611
-65.0,300,1401.226038
-29.1,300,1401.27567
-37.1,300,1401.324635
-23.5,300,1401.375675
-30.3,300,1401.425655
96.3,42,1401.432587
-30.1,300,1401.481743
101.9,7,1401.485243
-42.2,300,1401.534353
91.5,106,1401.552234
102.0,6,1401.553309
-30.9,300,1401.604212
-36.3,300,1401.653384
-40.1,300,1401.703329
-35.4,300,1401.752372
-36.4,300,1401.804007
-51.4,300,1401.853124
-42.9,300,1401.903361
-30.4,300,1401.95271
-34.6,300,1402.003474
-28.8,300,1402.05331
-65.0,300,1402.102758
-38.6,300,1402.15292
-32.6,300,1402.203865
-43.0,300,1402.253742
-33.2,300,1402.302629
-29.4,300,1402.352717
-51.7,300,1402.404156
-44.1,300,1402.455807
-32.6,300,1402.505925
-29.1,300,1402.557207
81.4,227,1402.596212
103.0,41,1402.603004
-36.5,300,1402.653017
-26.1,300,1402.702299
94.1,98,1402.720603
-27.7,300,1402.770844
93.8,123,1402.790935
-31.6,300,1402.840167
-35.7,300,1402.891331
-46.1,300,1402.939831
-72.9,300,1402.990402
-58.3,300,1403.03972
-27.0,300,1403.091546
83.7,224,1403.128489
-30.6,300,1403.179889
-47.2,300,1403.22974
-31.5,300,1403.281261
-26.2,300,1403.329914
-30.3,300,1403.379648
-65.6,300,1403.428938
96.6,93,1403.446347
100.8,68,1403.457975
-32.6,300,1403.508983
-28.8,300,1403.55786
102.9,20,1403.563052
-30.3,300,1403.613016
-61.9,300,1403.662285
-49.5,300,1403.712222
-30.4,300,1403.762482
-77.1,300,1403.812906
-70.0,300,1403.861973
91.0,111,1403.880215
-70.0,300,1403.931767
-45.7,300,1403.980365
-45.0,300,1404.030617
-46.1,300,1404.07965
-28.6,300,1404.130992
-71.2,300,1404.180861
-49.7,300,1404.230837
-71.2,300,1404.280562
-65.7,300,1404.331828
102.7,14,1404.334545
-36.9,300,1404.383568
-73.4,300,1404.43329
-55.9,300,1404.486271
101.1,5,1404.487275
-28.2,300,1404.536887
103.7,14,1404.539651
-29.6,300,1404.590312
-27.6,300,1404.639938
-30.1,300,1404.688584
52.4,195,1404.720849
85.6,170,1404.751262
87.0,83,1404.765269
-39.7,300,1404.814432
-31.2,300,1404.864277
104.9,17,1404.868597
104.6,20,1404.87225
-27.1,300,1404.921192
-56.5,300,1404.970965
-25.0,300,1405.021034
-27.1,300,1405.070958
-38.4,300,1405.12015
-39.6,300,1405.170012
77.0,274,1405.216064
-38.3,300,1405.267484
-34.8,300,1405.320401
-78.1,300,1405.374226
-29.5,300,1405.428258
-78.9,300,1405.479504
-39.1,300,1405.531093
-29.4,300,1405.580468
-29.3,300,1405.632826
-26.9,300,1405.682052
-39.7,300,1405.734389
-31.7,300,1405.786273
97.2,38,1405.795599
103.0,11,1405.79791
-28.8,300,1405.849525
-38.1,300,1405.900823
-32.4,300,1405.952676
-46.6,300,1406.002056
102.7,9,1406.003764
-44.8,300,1406.054123
-57.6,300,1406.10585
-49.1,300,1406.157191
100.4,27,1406.162373
-36.2,300,1406.214324
-31.6,300,1406.268742
-26.6,300,1406.320514
-31.2,300,1406.372885
-30.9,300,1406.424324
-39.6,300,1406.477582
-26.0,300,1406.527146
-26.1,300,1406.577013
-28.5,300,1406.626412
-28.9,300,1406.678065
-30.3,300,1406.726843
103.3,13,1406.729174
104.1,15,1406.731998
-29.0,300,1406.808773
90.7,119,1406.828616
-72.5,300,1406.881527
105.2,19,1406.885138
-29.9,300,1406.937199
-59.6,300,1406.987787
94.4,77,1407.00034
-40.6,300,1407.048673
-28.5,300,1407.102496
101.7,24,1407.107046
-29.1,300,1407.164953
66.9,207,1407.199966
-27.8,300,1407.253128
-26.5,300,1407.30447
-70.1,300,1407.35666
-68.1,300,1407.410705
-28.9,300,1407.463275
-25.0,300,1407.514951
-76.8,300,1407.567136
-26.3,300,1407.619073
-47.6,300,1407.671093
-32.6,300,1407.720999
-29.7,300,1407.771043
-35.0,300,1407.821189
102.6,10,1407.825043
-33.6,300,1407.873885
-30.8,300,1407.923918
-30.7,300,1407.975247
-27.2,300,1408.028107
95.0,101,1408.044799
-27.6,300,1408.095166
103.6,15,1408.09808
-30.9,300,1408.150444
101.2,4,1408.151418
-26.7,300,1408.202104
-30.4,300,1408.251842
-62.7,300,1408.304349
103.1,18,1408.30763
-27.5,300,1408.35829
-32.3,300,1408.407654
103.0,21,1408.412707
-33.0,300,1408.463043
-32.4,300,1408.512008
-44.4,300,1408.561616
-66.0,300,1408.612323
-35.8,300,1408.662336
98.9,56,1408.671818
-25.6,300,1408.721391
-26.2,300,1408.772819
-72.5,300,1408.821934
-33.0,300,1408.871691
-29.2,300,1408.92042
-43.0,300,1408.972178
105.4,22,1408.976251
102.3,13,1408.978481
-27.0,300,1409.03088
-60.6,300,1409.085744
95.4,86,1409.101023
-28.1,300,1409.15189
-25.7,300,1409.20222
103.3,13,1409.206097
-75.7,300,1409.255594
-37.7,300,1409.305489
77.0,271,1409.349501
-47.1,300,1409.401507
-47.9,300,1409.451025
-71.5,300,1409.501226
97.6,55,1409.510203
-28.5,300,1409.560931
101.4,47,1409.568833
-43.6,300,1409.623678
-32.3,300,1409.677303
-29.9,300,1409.732616
-62.1,300,1409.785039
-39.6,300,1409.83768
-30.4,300,1409.889574
-27.7,300,1409.942438
-48.1,300,1409.991883
-29.2,300,1410.043755
-30.3,300,1410.093045
-71.6,300,1410.148189
-28.7,300,1410.197223
-29.1,300,1410.247067
101.5,6,1410.248522
-51.0,300,1410.299922
-44.0,300,1410.349765
-84.2,300,1410.399987
-39.5,300,1410.450239
-34.1,300,1410.500895
-29.5,300,1410.551338
-31.5,300,1410.601822
-51.0,300,1410.655046
-34.8,300,1410.707586
102.7,9,1410.711157
-61.6,300,1410.763861
-26.6,300,1410.812832
-42.4,300,1410.864456
-54.1,300,1410.913896
-30.2,300,1410.963551
104.1,15,1410.966392
-50.3,300,1411.017213
-31.2,300,1411.066773
-33.8,300,1411.11569
101.2,4,1411.116637
-39.7,300,1411.170596
95.0,41,1411.178334
-29.0,300,1411.230461
103.1,19,1411.234126
-31.1,300,1411.286586
102.3,16,1411.289518
-25.5,300,1411.338572
68.2,157,1411.364518
-29.1,300,1411.416294
-34.8,300,1411.465393
-71.4,300,1411.515401
-52.8,300,1411.564384
71.7,189,1411.597698
72.7,126,1411.618707
-35.9,300,1411.667918
-40.0,300,1411.717808
-30.7,300,1411.767918
-27.8,300,1411.817616
102.4,12,1411.819908
-36.2,300,1411.868823
103.7,19,1411.873457
100.1,15,1411.876205
-27.2,300,1411.9257
-48.2,300,1411.974601
102.3,8,1411.97754
-26.5,300,1412.027247
-31.2,300,1412.076241
-28.2,300,1412.125682
-44.7,300,1412.176684
-55.7,300,1412.226725
-46.4,300,1412.275707
-39.7,300,1412.325234
-28.4,300,1412.375643
101.9,7,1412.377166
87.4,180,1412.406423
-26.3,300,1412.456053
84.8,222,1412.493797
-27.0,300,1412.543377
-37.8,300,1412.592393
100.5,6,1412.593834
92.9,65,1412.60646
-37.4,300,1412.656384
-35.8,300,1412.70557
59.6,173,1412.734046
-77.6,300,1412.785974
45.3,250,1412.827453
-34.8,300,1412.877382
-28.9,300,1412.9266
-35.0,300,1412.978052
101.9,7,1412.979567
-25.7,300,1413.028237
95.1,54,1413.037005
-30.1,300,1413.08809
105.3,18,1413.091507
104.1,15,1413.093935
-28.6,300,1413.142898
102.1,10,1413.146458
-78.4,300,1413.198261
65.6,256,1413.240238
-55.2,300,1413.289964
-54.6,300,1413.341474
103.8,18,1413.344426
-57.3,300,1413.394466
-71.8,300,1413.44412
-61.4,300,1413.496173
-47.8,300,1413.54512
-31.7,300,1413.594629
51.4,286,1413.641964
-29.3,300,1413.693375
101.1,5,1413.694384
-26.3,300,1413.743446
-33.9,300,1413.793351
-27.2,300,1413.84424
-28.1,300,1413.893256
104.3,18,1413.897294
-28.0,300,1413.946416
-44.1,300,1413.997044
-30.1,300,1414.046749
-37.9,300,1414.095672
104.1,20,1414.099243
-27.2,300,1414.150306
-29.6,300,1414.198946
-33.1,300,1414.248644
-28.1,300,1414.298615
-60.1,300,1414.352845
-46.4,300,1414.402645
-55.9,300,1414.453809
83.5,228,1414.491333
-29.1,300,1414.543506
-43.1,300,1414.592806
-36.5,300,1414.642599
-53.3,300,1414.69228
-34.7,300,1414.743489
-40.5,300,1414.793278
86.5,81,1414.807436
102.8,13,1414.810069
-71.0,300,1414.900164
-30.8,300,1414.957003
-65.0,300,1415.010501
104.2,14,1415.013417
-29.6,300,1415.06924
-50.4,300,1415.120439
-25.0,300,1415.171672
104.6,15,1415.174145
-41.6,300,1415.225133
54.7,209,1415.260057
-63.0,300,1415.310325
-76.0,300,1415.359986
-74.3,300,1415.412209
-77.3,300,1415.461636
-50.5,300,1415.511447
105.0,16,1415.514427
-29.9,300,1415.565143
-27.5,300,1415.616278
-62.0,300,1415.667929
103.1,15,1415.670411
-35.8,300,1415.722144
-34.0,300,1415.771615
-41.4,300,1415.82285
-25.6,300,1415.871937
-31.1,300,1415.923651
-46.2,300,1415.97314
103.9,17,1415.976422
99.8,13,1415.978748
102.3,8,1415.981731
105.0,21,1415.985394
-25.7,300,1416.035527
90.0,141,1416.058728
-51.9,300,1416.110408
-27.6,300,1416.159716
102.0,6,1416.161198
-29.0,300,1416.210502
102.5,11,1416.214005
102.6,10,1416.215738
-32.4,300,1416.264644
-74.6,300,1416.31394
-29.7,300,1416.36467
-27.5,300,1416.413472
-53.8,300,1416.463326
83.4,122,1416.483805
-43.5,300,1416.535718
-26.7,300,1416.584356
-45.0,300,1416.633759
-36.5,300,1416.682631
-26.6,300,1416.732984
87.2,158,1416.759723
-64.0,300,1416.809024
-26.1,300,1416.858378
-41.2,300,1416.908769
-41.0,300,1416.958696
-32.9,300,1417.007647
-73.9,300,1417.057477
-73.6,300,1417.108915
-26.1,300,1417.157619
-72.0,300,1417.207948
-76.3,300,1417.257645
-66.8,300,1417.308737
-28.1,300,1417.357686
-36.0,300,1417.407646
-60.5,300,1417.456943
-56.7,300,1417.508745
-75.3,300,1417.557715
-31.4,300,1417.607332
-27.2,300,1417.656122
-67.7,300,1417.707621
-42.5,300,1417.756213
-37.9,300,1417.805949
-42.1,300,1417.884283
-29.6,300,1417.937026
-40.8,300,1417.98613
-26.4,300,1418.035768
104.1,15,1418.038602
93.7,99,1418.056525
-25.0,300,1418.104898
-31.9,300,1418.154615
-48.8,300,1418.204674
103.4,12,1418.208471
-79.1,300,1418.258398
94.6,52,1418.267256
-26.5,300,1418.316301
103.3,13,1418.320349
-39.4,300,1418.369878
98.9,46,1418.377463
-33.4,300,1418.426369
-31.2,300,1418.477601
-29.5,300,1418.526191
-67.5,300,1418.57593
-41.8,300,1418.624726
-27.3,300,1418.676078
-53.2,300,1418.725229
-26.1,300,1418.775016
-55.6,300,1418.823992
-40.2,300,1418.875387
-31.0,300,1418.92421
44.9,223,1418.962332
101.0,6,1418.963762
-78.7,300,1419.014961
-81.3,300,1419.064984
93.8,45,1419.072704
-27.2,300,1419.121492
-37.0,300,1419.172869
-36.5,300,1419.221797
102.7,9,1419.223465
89.7,91,1419.238728
-43.0,300,1419.289926
82.3,190,1419.320587
-29.5,300,1419.36931
-59.7,300,1419.418992
-30.0,300,1419.471067
-28.7,300,1419.521013
103.0,11,1419.523183
95.2,56,1419.53252
-72.6,300,1419.583863
-25.5,300,1419.633544
101.3,12,1419.63579
58.5,235,1419.674186
-55.5,300,1419.725461
-37.8,300,1419.774505
-71.1,300,1419.824602
101.9,7,1419.826147
101.9,7,1419.82898
-44.2,300,1419.878431
-26.2,300,1419.927908
96.7,34,1419.933914
-36.4,300,1419.984098
-32.5,300,1420.033602
102.0,6,1420.034702
-26.1,300,1420.083523
-27.3,300,1420.135136
102.0,11,1420.137329
-54.3,300,1420.186064
-65.4,300,1420.23618
-42.1,300,1420.286585
104.1,20,1420.290077
-27.4,300,1420.339299
104.6,25,1420.343528
-43.5,300,1420.393919
-48.4,300,1420.443414
-43.4,300,1420.492183
-69.5,300,1420.541887
-30.0,300,1420.592674
-61.3,300,1420.641387
-26.5,300,1420.691217
-46.1,300,1420.740177
102.9,12,1420.743798
-26.2,300,1420.793799
-29.4,300,1420.842676
-73.4,300,1420.89241
-59.7,300,1420.943373
-27.6,300,1420.993182
-36.5,300,1421.042422
104.6,20,1421.045975
-28.4,300,1421.096955
-44.3,300,1421.145933
-28.4,300,1421.196951
-27.1,300,1421.245415
-27.7,300,1421.296364
-32.7,300,1421.345089
-39.8,300,1421.394529
-27.9,300,1421.442888
49.2,216,1421.480744
-25.8,300,1421.530499
-26.3,300,1421.57929
-38.6,300,1421.630811
-29.4,300,1421.682213
-73.8,300,1421.733175
-28.4,300,1421.803166
-35.8,300,1421.858897
-47.9,300,1421.913423
103.1,15,1421.916398
-47.4,300,1421.968629
-27.1,300,1422.021573
103.1,10,1422.025364
-44.4,300,1422.077845
-68.7,300,1422.132049
-36.8,300,1422.182787
-56.4,300,1422.235874
-31.0,300,1422.285296
93.0,61,1422.295604
-29.0,300,1422.345453
105.2,24,1422.351212
-26.1,300,1422.400483
-39.9,300,1422.450474
-27.4,300,1422.499523
94.9,92,1422.516277
-38.8,300,1422.565938
-53.7,300,1422.615324
-28.3,300,1422.666879
-59.9,300,1422.719973
-37.0,300,1422.770416
-25.4,300,1422.81925
-29.2,300,1422.868899
-59.3,300,1422.919812
-28.7,300,1422.969375
-34.7,300,1423.018357
-63.5,300,1423.068599
100.7,4,1423.070871
-72.4,300,1423.12043
-33.6,300,1423.170204
-57.9,300,1423.220962
-27.9,300,1423.272443
-73.6,300,1423.322503
-29.1,300,1423.371648
102.0,6,1423.372768
75.8,133,1423.397444
-60.2,300,1423.446902
-65.0,300,1423.497124
-51.4,300,1423.546377
-29.6,300,1423.59788
-28.1,300,1423.646641
-57.9,300,1423.696354
-44.0,300,1423.745386
-27.2,300,1423.796018
88.7,56,1423.806359
-57.7,300,1423.85524
-52.1,300,1423.904114
-27.3,300,1423.955376
72.2,298,1424.003783
-27.2,300,1424.053225
-28.8,300,1424.102147
-29.1,300,1424.15386
-32.4,300,1424.202699
-41.3,300,1424.252434
-33.6,300,1424.301208
104.1,20,1424.306182
-30.4,300,1424.355894
-26.1,300,1424.404903
-30.4,300,1424.454627
-38.6,300,1424.506002
-73.0,300,1424.556305
-26.1,300,1424.605097
103.3,13,1424.607368
-56.8,300,1424.658653
-42.6,300,1424.707915
-54.2,300,1424.757614
-37.0,300,1424.806645
101.5,21,1424.81204
-28.3,300,1424.861754
61.8,176,1424.891141
103.5,19,1424.894301
-29.7,300,1424.944916
-32.6,300,1424.994784
-50.6,300,1425.04545
-28.4,300,1425.095367
102.7,9,1425.098862
-27.4,300,1425.148123
-52.9,300,1425.198477
103.2,14,1425.200733
-31.0,300,1425.251838
-39.3,300,1425.301655
-35.3,300,1425.350805
-70.0,300,1425.401075
-26.1,300,1425.451312
101.8,8,1425.452918
-27.4,300,1425.502843
-76.4,300,1425.551704
-30.1,300,1425.602655
-33.9,300,1425.651543
-34.5,300,1425.701351
88.9,145,1425.725096
-61.2,300,1425.77644
-45.6,300,1425.826541
104.6,20,1425.830133
-28.8,300,1425.87903
-28.0,300,1425.930108
-26.1,300,1425.978906
-71.0,300,1426.028815
-30.2,300,1426.077796
-30.0,300,1426.129739
103.0,11,1426.131937
-53.3,300,1426.181154
-41.0,300,1426.231085
-52.8,300,1426.281983
-27.0,300,1426.331539
103.5,31,1426.337104
-27.5,300,1426.386226
-35.0,300,1426.437342
-33.5,300,1426.486474
-35.5,300,1426.535905
93.4,90,1426.551336
105.3,23,1426.557216
103.4,12,1426.559572
-28.6,300,1426.608634
-25.0,300,1426.658256
-35.2,300,1426.709161
-48.2,300,1426.758727
-72.8,300,1426.807916
55.2,294,1426.856536
-69.9,300,1426.908373
101.9,7,1426.909525
-32.8,300,1426.958335
-41.2,300,1427.008098
-54.7,300,1427.059054
-29.5,300,1427.10897
-27.6,300,1427.157948
94.6,86,1427.172246
-33.2,300,1427.222992
-28.8,300,1427.271887
-77.0,300,1427.322463
-29.5,300,1427.371469
-58.5,300,1427.423637
-54.8,300,1427.473045
-33.4,300,1427.523048
101.6,5,1427.524079
-29.7,300,1427.574413
-25.5,300,1427.624284
-28.2,300,1427.673306
-38.2,300,1427.723319
-61.4,300,1427.774462
-53.9,300,1427.824731
-28.3,300,1427.873983
101.4,7,1427.875456
78.3,161,1427.903362
-41.1,300,1427.953598
96.7,34,1427.959678
-45.0,300,1428.009092
-46.7,300,1428.060498
-26.3,300,1428.109918
-30.4,300,1428.160897
100.5,6,1428.162018
-27.2,300,1428.214487
102.6,10,1428.216629
-50.1,300,1428.266643
104.9,17,1428.269594
-32.0,300,1428.319922
85.1,169,1428.348526
-61.8,300,1428.397409
-74.2,300,1428.448014
-26.8,300,1428.499268
-70.4,300,1428.549772
53.7,217,1428.5857
105.2,19,1428.58926
-30.0,300,1428.639798
-29.5,300,1428.689299
93.5,59,1428.699178
92.6,65,1428.709967
-29.8,300,1428.76121
-55.1,300,1428.810459
-64.4,300,1428.859931
-64.9,300,1428.909619
-76.5,300,1428.961427
-29.0,300,1429.011159
102.8,8,1429.012752
-75.7,300,1429.062261
-30.9,300,1429.113525
-26.3,300,1429.162539
-28.2,300,1429.212114
-35.5,300,1429.273464
100.5,6,1429.282712
103.5,11,1429.289607
-76.8,300,1429.49948
74.3,141,1429.558801
-25.5,300,1429.689041
-27.5,300,1429.781583
-28.6,300,1429.831129
-28.4,300,1429.88021
-25.8,300,1429.931594
-61.8,300,1429.982862
102.9,16,1429.985939
-27.2,300,1430.041823
-33.4,300,1430.093097
-33.6,300,1430.174908
-38.1,300,1430.225736
-60.6,300,1430.277385
104.2,14,1430.281374
101.8,8,1430.283004
-27.0,300,1430.332345
-29.1,300,1430.382225
-50.9,300,1430.432977
-31.4,300,1430.482601
-28.8,300,1430.531573
100.8,28,1430.536486
72.9,298,1430.587795
-30.1,300,1430.636917
-26.6,300,1430.69209
-30.4,300,1430.744467
102.8,17,1430.748906
-33.8,300,1430.801475
-26.0,300,1430.851164
104.2,14,1430.853589
-27.3,300,1430.906002
-28.8,300,1430.955
-31.4,300,1431.005287
-70.8,300,1431.055033
-66.7,300,1431.106985
-28.1,300,1431.156022
103.7,14,1431.158787
78.2,264,1431.202569
103.7,14,1431.206707
-38.4,300,1431.255841
-30.3,300,1431.305489
-25.9,300,1431.354328
-27.5,300,1431.405207
-31.6,300,1431.454441
90.8,157,1431.48053
-62.5,300,1431.530612
-26.3,300,1431.583276
102.7,9,1431.585015
103.3,36,1431.591459
93.1,109,1431.611419
101.9,26,1431.618424
-27.5,300,1431.669368
90.2,157,1431.695899
-29.1,300,1431.74734
-28.6,300,1431.799249
-28.9,300,1431.849365
101.7,9,1431.851053
-62.2,300,1431.900838
-28.5,300,1431.952674
-33.8,300,1432.001782
89.6,164,1432.028499
-66.4,300,1432.078678
-72.8,300,1432.129702
-33.7,300,1432.17908
-50.4,300,1432.228295
-34.0,300,1432.278677
-29.1,300,1432.328511
-40.1,300,1432.377944
103.1,10,1432.380065
-27.5,300,1432.428789
-53.8,300,1432.480036
-25.0,300,1432.528092
104.6,20,1432.531554
-53.4,300,1432.580494
-34.5,300,1432.630775
101.9,27,1432.635169
-27.7,300,1432.684504
-29.9,300,1432.733107
104.7,19,1432.738091
-28.6,300,1432.787677
-47.3,300,1432.836633
-29.8,300,1432.885635
-34.4,300,1432.935912
-28.5,300,1432.985355
-30.0,300,1433.034465
-27.9,300,1433.083106
103.9,17,1433.088044
93.1,85,1433.102624
-32.4,300,1433.151292
-25.5,300,1433.202125
-38.1,300,1433.253309
-40.6,300,1433.303235
-27.7,300,1433.35227
-31.8,300,1433.401113
-32.4,300,1433.452558
103.0,20,1433.456081
-47.1,300,1433.505464
-53.8,300,1433.555262
-29.7,300,1433.606063
-26.2,300,1433.655951
98.2,32,1433.661322
76.5,95,1433.677013
-34.1,300,1433.728345
-44.5,300,1433.77764
-28.0,300,1433.827246
-73.9,300,1433.876912
-25.0,300,1433.927495
-29.4,300,1433.976735
-27.8,300,1434.025689
-48.3,300,1434.075929
-29.0,300,1434.126665
-27.7,300,1434.176376
102.8,18,1434.179679
-25.1,300,1434.228644
-29.5,300,1434.279793
102.9,20,1434.283327
-27.3,300,1434.332317
-29.6,300,1434.382052
-28.0,300,1434.432543
-41.3,300,1434.482212
103.0,11,1434.484405
-26.7,300,1434.533315
-25.0,300,1434.584432
102.9,32,1434.58994
100.0,35,1434.595661
-32.2,300,1434.644372
-75.8,300,1434.696158
-61.6,300,1434.744914
-39.3,300,1434.794725
-74.4,300,1434.844297
-31.2,300,1434.895364
79.7,229,1434.933284
-71.8,300,1434.982556
-44.6,300,1435.032452
-28.5,300,1435.085163
-80.4,300,1435.13745
-28.0,300,1435.186516
-30.6,300,1435.236153
-39.2,300,1435.287036
-32.1,300,1435.336323
102.3,8,1435.337946
-42.4,300,1435.386743
-37.5,300,1435.437637
-29.7,300,1435.485987
103.0,19,1435.489119
102.9,16,1435.492048
-30.1,300,1435.543901
-27.3,300,1435.593197
-27.9,300,1435.644751
103.3,13,1435.647455
-29.5,300,1435.699197
-28.0,300,1435.751705
-30.1,300,1435.80289
-34.7,300,1435.854983
-28.0,300,1435.90705
101.1,5,1435.908105
-34.0,300,1435.958225
-29.2,300,1436.007482
-26.7,300,1436.05944
-31.5,300,1436.108295
-27.4,300,1436.15734
-57.5,300,1436.206564
-28.8,300,1436.257822
104.5,16,1436.26078
-27.8,300,1436.309791
-31.4,300,1436.359323
91.2,73,1436.373123
-27.9,300,1436.421465
103.1,23,1436.42559
-32.1,300,1436.475083
-26.5,300,1436.525503
-31.4,300,1436.575261
-34.9,300,1436.624182
-30.8,300,1436.673684
-45.1,300,1436.72369
-49.5,300,1436.772491
-29.4,300,1436.822051
-26.1,300,1436.870523
103.2,27,1436.877004
-35.4,300,1436.926428
-26.7,300,1436.975068
-25.5,300,1437.024826
-38.4,300,1437.074809
-29.9,300,1437.124227
-40.7,300,1437.173152
-26.0,300,1437.222522
-59.2,300,1437.273597
-31.8,300,1437.323145
-26.9,300,1437.372013
-30.7,300,1437.421737
103.8,18,1437.426398
101.7,9,1437.428116
-31.9,300,1437.477019
-26.1,300,1437.528389
92.8,115,1437.55357
100.8,28,1437.558657
-75.2,300,1437.609387
-31.3,300,1437.660277
105.1,20,1437.665664
-30.7,300,1437.714998
-67.0,300,1437.764967
-38.0,300,1437.814059
-27.9,300,1437.865521
102.1,10,1437.86772
-29.3,300,1437.921403
102.6,23,1437.92526
103.9,12,1437.929002
-48.9,300,1437.981334
-29.5,300,1438.031241
-51.6,300,1438.082905
-69.1,300,1438.137113
104.5,26,1438.141987
-45.6,300,1438.194224
43.1,230,1438.235505
74.2,257,1438.280592
-50.3,300,1438.330264
101.7,9,1438.331988
-31.6,300,1438.384146
103.0,19,1438.389583
-29.7,300,1438.439299
-42.7,300,1438.489542
-76.8,300,1438.539575
-37.3,300,1438.628358
-35.4,300,1438.680303
-39.1,300,1438.730501
-27.5,300,1438.779803
100.5,24,1438.786123
103.6,20,1438.789711
-48.6,300,1438.839283
-28.1,300,1438.889159
-59.3,300,1438.940322
-26.2,300,1438.989576
-61.3,300,1439.03914
-40.5,300,1439.087818
-28.5,300,1439.138873
-26.2,300,1439.187923
-25.1,300,1439.237655
102.9,12,1439.23996
100.7,4,1439.24238
102.0,6,1439.243492
-31.9,300,1439.292669
64.7,246,1439.334155
98.8,31,1439.34057
-37.7,300,1439.389783
-74.2,300,1439.439926
-36.2,300,1439.488674
-46.1,300,1439.540643
-28.8,300,1439.589115
-27.0,300,1439.638686
-29.0,300,1439.687325
102.5,19,1439.692545
-31.2,300,1439.74228
-31.0,300,1439.791073
-28.3,300,1439.840318
103.5,16,1439.844678
-31.2,300,1439.893586
-30.1,300,1439.942264
-42.8,300,1439.992054
-32.2,300,1440.042212
-28.5,300,1440.091663
-27.1,300,1440.140099
-40.7,300,1440.189845
102.9,20,1440.194711
103.2,14,1440.197444
-51.4,300,1440.246403
-27.7,300,1440.2956
-31.1,300,1440.345592
-39.3,300,1440.395114
-72.0,300,1440.444522
-44.4,300,1440.493629
-32.1,300,1440.544287
-45.6,300,1440.593994
-30.4,300,1440.642512
-63.0,300,1440.692188
-75.2,300,1440.742562
-53.5,300,1440.792294
101.4,7,1440.79346
-67.6,300,1440.842709
-61.0,300,1440.893819
-73.7,300,1440.944083
101.5,6,1440.945488
-62.8,300,1440.994534
-51.5,300,1441.045574
-33.0,300,1441.094005
-45.6,300,1441.143521
-31.7,300,1441.192468
-30.1,300,1441.254916
-42.9,300,1441.313083
-43.4,300,1441.364446
-32.7,300,1441.415367
-26.9,300,1441.466707
-73.7,300,1441.51622
-62.4,300,1441.566078
-32.7,300,1441.62103
-29.5,300,1441.67905
-29.6,300,1441.732165
-49.2,300,1441.784393
-61.1,300,1441.833712
-26.6,300,1441.885621
-67.4,300,1441.934552
-27.0,300,1441.98474
-31.0,300,1442.035108
102.6,18,1442.039629
-74.9,300,1442.092874
-27.4,300,1442.143251
104.7,14,1442.14603
-57.2,300,1442.197388
-28.8,300,1442.246497
-33.0,300,1442.298964
-74.5,300,1442.348115
-30.7,300,1442.400779
-39.4,300,1442.449993
-29.4,300,1442.499462
102.8,13,1442.501742
74.3,263,1442.546497
-36.3,300,1442.596367
-73.0,300,1442.64572
-69.2,300,1442.695903
103.5,11,1442.699631
-28.2,300,1442.749078
-30.5,300,1442.798474
-28.3,300,1442.84732
104.1,15,1442.851203
-43.2,300,1442.900896
-49.7,300,1442.949865
-41.7,300,1442.99901
-47.6,300,1443.049323
-27.7,300,1443.0985
-29.5,300,1443.148238
105.0,16,1443.151147
-28.4,300,1443.202395
-31.4,300,1443.253079
-28.6,300,1443.302146
-61.2,300,1443.35158
104.4,17,1443.356378
-31.1,300,1443.405899
-58.7,300,1443.456366
-27.2,300,1443.505558
-33.8,300,1443.55891
102.5,19,1443.562654
-30.8,300,1443.612689
-49.2,300,1443.6633
-64.7,300,1443.714151
-27.3,300,1443.763827
-29.2,300,1443.813815
-25.5,300,1443.867104
101.2,22,1443.872691
100.7,48,1443.881067
-80.2,300,1443.932052
102.4,12,1443.934435
-29.6,300,1443.987176
-75.6,300,1444.036721
-28.7,300,1444.086641
-54.2,300,1444.135792
-54.2,300,1444.187655
102.1,18,1444.190742
-34.7,300,1444.239659
-46.0,300,1444.290348
-31.3,300,1444.341248
-65.2,300,1444.391437
-27.4,300,1444.440301
-69.1,300,1444.490347
-73.6,300,1444.541058
-28.3,300,1444.590653
103.3,13,1444.593328
-40.2,300,1444.642302
-75.2,300,1444.69425
-53.9,300,1444.743658
103.1,15,1444.746073
-52.8,300,1444.79609
-43.3,300,1444.847012
-50.8,300,1444.924055
-29.2,300,1444.973848
-30.9,300,1445.023786
-27.8,300,1445.074396
-73.0,300,1445.123804
-30.7,300,1445.172858
-41.2,300,1445.222595
-31.2,300,1445.273381
-25.5,300,1445.322909
104.0,16,1445.325787
-31.2,300,1445.374131
104.5,16,1445.378253
-36.6,300,1445.429011
-26.3,300,1445.478677
-30.9,300,1445.528962
102.4,7,1445.532
-27.0,300,1445.581096
-32.2,300,1445.630794
-28.4,300,1445.679956
-78.1,300,1445.732441
103.4,12,1445.734694
103.6,15,1445.73755
-25.3,300,1445.787041
-61.3,300,1445.838119
-46.6,300,1445.888526
-38.5,300,1445.93969
-26.9,300,1445.989472
-38.3,300,1446.041092
-28.7,300,1446.090441
-34.9,300,1446.139164
70.7,215,1446.175575
-57.9,300,1446.226502
-36.5,300,1446.27643
-53.0,300,1446.325578
101.3,8,1446.327186
61.0,172,1446.357254
-25.0,300,1446.406892
-27.5,300,1446.455913
-75.9,300,1446.506085
-29.6,300,1446.556656
-29.3,300,1446.606071
-32.2,300,1446.658299
96.9,46,1446.666408
-27.6,300,1446.718573
-80.5,300,1446.768397
-45.3,300,1446.818425
-31.6,300,1446.867218
103.0,11,1446.871205
-34.0,300,1446.921376
-34.9,300,1446.970376
-67.3,300,1447.020413
-30.7,300,1447.071061
-45.4,300,1447.121382
104.9,22,1447.125034
-75.7,300,1447.174272
-72.8,300,1447.226751
-57.2,300,1447.276225
-27.2,300,1447.325751
-74.9,300,1447.37521
-55.3,300,1447.427344
55.2,223,1447.464257
102.8,13,1447.46655
102.8,8,1447.468124
-44.6,300,1447.518448
-25.0,300,1447.567837
-29.1,300,1447.61703
99.0,35,1447.623301
-29.6,300,1447.67461
102.8,13,1447.676944
-32.4,300,1447.725685
-29.2,300,1447.775367
102.7,17,1447.780166
-35.8,300,1447.829528
-31.0,300,1447.879069
-28.9,300,1447.928011
-27.6,300,1447.979203
-56.6,300,1448.028647
-27.5,300,1448.078454
-29.2,300,1448.127351
-28.3,300,1448.17912
-30.8,300,1448.22947
-26.4,300,1448.279568
-39.4,300,1448.32856
-31.0,300,1448.380055
-28.3,300,1448.428808
-27.0,300,1448.478584
-29.0,300,1448.527315
-27.0,300,1448.578684
-28.1,300,1448.628127
-30.8,300,1448.679211
-30.3,300,1448.734129
-62.4,300,1448.785878
105.1,20,1448.789441
-29.0,300,1448.838161
-25.6,300,1448.887078
-25.6,300,1448.938138
102.4,7,1448.939305
100.5,6,1448.940774
-30.9,300,1448.989627
101.1,5,1448.992291
-26.5,300,1449.041831
73.0,296,1449.089855
-29.3,300,1449.13946
-31.6,300,1449.189634
-28.1,300,1449.239609
-26.5,300,1449.288633
-26.1,300,1449.33795
-27.3,300,1449.388683
101.9,7,1449.390207
101.2,4,1449.39109
-26.1,300,1449.44047
-27.6,300,1449.490908
-28.4,300,1449.540136
-31.2,300,1449.589063
-26.2,300,1449.638666
-30.6,300,1449.691927
-62.8,300,1449.744972
104.7,24,1449.749435
-43.1,300,1449.800445
-37.8,300,1449.853823
-31.5,300,1449.903131
-28.7,300,1449.952988
-27.6,300,1450.001996
101.1,5,1450.004462
-52.3,300,1450.054367
-78.2,300,1450.103515
102.6,18,1450.106954
-32.5,300,1450.158607
-26.7,300,1450.207665
-28.6,300,1450.25648
-26.5,300,1450.305978
-28.3,300,1450.35778
-27.0,300,1450.408542
103.9,17,1450.41146
-72.3,300,1450.461058
-28.0,300,1450.512506
-32.7,300,1450.561499
-64.3,300,1450.611775
-42.6,300,1450.661236
-43.2,300,1450.713474
-32.5,300,1450.762219
-30.2,300,1450.812068
-26.7,300,1450.860711
78.0,149,1450.886525
-27.5,300,1450.936629
-26.1,300,1450.98591
75.7,185,1451.017135
-50.9,300,1451.068425
104.8,18,1451.071984
-28.1,300,1451.122288
-28.8,300,1451.170845
-25.8,300,1451.221782
103.6,15,1451.224543
100.8,35,1451.230204
-54.8,300,1451.279126
-28.3,300,1451.329863
101.8,8,1451.331446
-26.5,300,1451.379837
-55.3,300,1451.429413
100.7,17,1451.434103
-29.7,300,1451.483226
-32.9,300,1451.536052
43.0,249,1451.579873
-28.2,300,1451.632493
-30.7,300,1451.682607
101.5,6,1451.683718
-28.5,300,1451.732763
-26.4,300,1451.784017
102.9,12,1451.786251
-28.3,300,1451.835626
104.7,22,1451.839653
90.8,113,1451.860977
102.1,32,1451.866748
-27.5,300,1451.918272
-34.8,300,1451.968833
-53.0,300,1452.020103
103.1,10,1452.022241
-80.9,300,1452.072955
104.2,19,1452.076103
103.5,19,1452.081337
94.2,94,1452.097227
51.5,246,1452.137439
-27.0,300,1452.187057
100.4,43,1452.19583
-26.4,300,1452.24498
-27.6,300,1452.294596
-25.0,300,1452.344112
90.4,125,1452.36843
103.0,11,1452.371443
79.1,193,1452.404353
-40.2,300,1452.454201
-30.8,300,1452.506648
102.5,19,1452.510131
101.0,6,1452.511161
93.9,38,1452.517896
-73.8,300,1452.569687
105.3,18,1452.572908
-35.3,300,1452.626503
-51.7,300,1452.67963
-26.5,300,1452.735652
-30.1,300,1452.785436
-27.0,300,1452.863761
-32.1,300,1452.938658
-26.0,300,1452.991796
-28.5,300,1453.049173
-27.2,300,1453.102362
-71.0,300,1453.154058
-28.5,300,1453.20869
-37.6,300,1453.260485
-30.6,300,1453.311677
-29.5,300,1453.36219
85.8,196,1453.39611
-25.5,300,1453.450254
101.2,4,1453.451263
-26.5,300,1453.503409
105.0,26,1453.510314
-40.0,300,1453.563022
104.8,18,1453.566209
101.0,6,1453.567675
103.9,22,1453.573413
-28.4,300,1453.623871
-58.5,300,1453.674438
-30.6,300,1453.723551
-25.0,300,1453.775114
104.4,17,1453.778475
-42.1,300,1453.827508
102.6,10,1453.829202
47.3,292,1453.879912
-34.8,300,1453.929004
100.9,36,1453.93502
-32.6,300,1453.984851
-29.1,300,1454.035554
-25.0,300,1454.085555
-29.9,300,1454.134585
-29.1,300,1454.184351
-27.1,300,1454.234985
-28.1,300,1454.285007
-32.5,300,1454.334245
-26.2,300,1454.384331
-25.4,300,1454.435145
103.8,13,1454.437491
-28.1,300,1454.487274
-36.5,300,1454.536446
103.2,18,1454.541182
-26.9,300,1454.590951
104.6,20,1454.594568
-49.9,300,1454.643666
-26.1,300,1454.695178
-25.2,300,1454.743956
-25.3,300,1454.793496
69.5,132,1454.815587
-69.3,300,1454.866162
-29.5,300,1454.916114
-28.0,300,1454.965239
104.5,16,1454.968116
102.4,7,1454.97094
-25.7,300,1455.020688
-26.9,300,1455.069546
-71.8,300,1455.119901
-26.6,300,1455.170764
71.6,297,1455.219485
103.7,14,1455.221891
-29.4,300,1455.270984
-27.3,300,1455.322318
105.0,21,1455.326338
-26.5,300,1455.375702
103.9,21,1455.37935
105.2,19,1455.384437
-60.0,300,1455.434859
-27.8,300,1455.484048
-28.7,300,1455.533792
-28.1,300,1455.584619
-31.2,300,1455.634553
104.3,18,1455.637628
-29.0,300,1455.686682
-67.3,300,1455.738088
-29.8,300,1455.787722
-26.6,300,1455.836634
-26.6,300,1455.889432
-50.4,300,1455.942571
-28.8,300,1455.992723
-38.1,300,1456.041869
-27.7,300,1456.091585
103.7,19,1456.096523
79.9,123,1456.117088
101.8,8,1456.118681
101.6,5,1456.119696
100.3,36,1456.127238
96.4,37,1456.133593
-26.6,300,1456.183629
-51.8,300,1456.233226
-28.2,300,1456.28456
-38.6,300,1456.334009
-36.0,300,1456.383728
-26.4,300,1456.432534
-26.0,300,1456.484044
-25.0,300,1456.533421
-34.1,300,1456.583182
-27.2,300,1456.63219
-32.1,300,1456.683062
-28.0,300,1456.732769
100.7,34,1456.738628
-27.8,300,1456.787634
-34.9,300,1456.838894
101.6,27,1456.84333
102.8,13,1456.845931
-43.9,300,1456.895837
-73.4,300,1456.947553
-37.3,300,1456.996826
-30.4,300,1457.046569
-29.6,300,1457.095273
-28.4,300,1457.146745
-32.1,300,1457.195772
102.9,12,1457.19802
-34.1,300,1457.247824
-28.3,300,1457.297868
-28.4,300,1457.349747
-31.1,300,1457.401291
-49.8,300,1457.453325
-30.0,300,1457.504731
-39.2,300,1457.555131
-46.3,300,1457.604662
-29.0,300,1457.65459
-30.5,300,1457.705107
103.8,13,1457.707451
-28.2,300,1457.756874
-32.0,300,1457.805928
103.4,12,1457.80999
100.4,40,1457.816857
-42.6,300,1457.866859
-49.9,300,1457.916102
-26.5,300,1457.967522
-44.7,300,1458.016365
-29.5,300,1458.066252
-55.4,300,1458.115394
103.1,18,1458.119849
104.1,20,1458.123375
-28.9,300,1458.173003
104.1,19,1458.17651
-26.6,300,1458.228875
-77.2,300,1458.279544
-30.9,300,1458.328499
-36.5,300,1458.378193
-37.2,300,1458.42929
103.6,19,1458.432847
-30.7,300,1458.482601
-28.3,300,1458.531921
-32.2,300,1458.583237
103.3,17,1458.586285
-28.5,300,1458.635384
-71.6,300,1458.685456
-37.2,300,1458.736208
-27.5,300,1458.785188
-28.0,300,1458.83507
-33.3,300,1458.884206
-28.5,300,1458.935363
-45.6,300,1458.984094
-70.8,300,1459.033792
104.5,21,1459.037425
104.2,14,1459.041753
-77.7,300,1459.091593
-29.1,300,1459.140863
-26.9,300,1459.189713
103.3,17,1459.194106
-29.4,300,1459.246562
-39.5,300,1459.299224
-45.5,300,1459.351923
-36.9,300,1459.403587
-44.2,300,1459.453912
103.2,27,1459.458662
-52.9,300,1459.508324
-27.0,300,1459.560166
-35.2,300,1459.609371
104.2,14,1459.61178
-28.2,300,1459.661608
-34.1,300,1459.712268
-26.2,300,1459.761824
-34.4,300,1459.810604
-28.5,300,1459.860287
104.8,18,1459.865353
80.9,222,1459.901596
-28.5,300,1459.9515
-27.1,300,1460.000389
-29.2,300,1460.051125
-27.0,300,1460.100849
-46.3,300,1460.149559
104.2,14,1460.152383
102.7,17,1460.157124
91.4,102,1460.175307
-42.8,300,1460.225018
-25.5,300,1460.274736
104.0,16,1460.279022
103.0,11,1460.280844
-27.5,300,1460.33031
103.8,13,1460.333039
-26.6,300,1460.384533
-28.9,300,1460.433632
105.0,21,1460.437292
-33.3,300,1460.488145
-29.0,300,1460.542103
100.8,32,1460.547701
-38.3,300,1460.598042
103.6,15,1460.60096
-28.3,300,1460.65158
-26.9,300,1460.701339
102.8,21,1460.705019
-38.1,300,1460.754074
-26.1,300,1460.80574
-29.8,300,1460.854744
-30.4,300,1460.904467
-30.1,300,1460.953631
-28.9,300,1461.004133
-63.0,300,1461.056079
105.3,18,1461.059732
103.2,14,1461.062791
99.1,35,1461.070568
-31.5,300,1461.123334
103.0,11,1461.125241
-29.1,300,1461.174467
101.4,7,1461.177848
-61.3,300,1461.22827
-28.9,300,1461.276917
-29.0,300,1461.326606
-29.0,300,1461.376894
104.9,17,1461.3799
-34.2,300,1461.42941
-39.1,300,1461.478638
97.7,42,1461.487695
-32.8,300,1461.537344
-29.2,300,1461.586248
105.4,22,1461.589957
-42.0,300,1461.641352
103.9,17,1461.644744
52.5,199,1461.677569
-28.7,300,1461.726427
101.3,8,1461.729114
-30.9,300,1461.779069
-79.7,300,1461.828156
-28.4,300,1461.878019
-49.2,300,1461.929526
-29.0,300,1461.979376
-79.4,300,1462.029441
103.4,17,1462.03274
-30.3,300,1462.084282
-35.3,300,1462.133829
-27.6,300,1462.183687
-34.0,300,1462.233097
-43.5,300,1462.284735
-28.1,300,1462.333887
-34.7,300,1462.383557
-28.7,300,1462.432297
-26.0,300,1462.483239
-44.4,300,1462.532307
102.0,6,1462.533407
-27.6,300,1462.582535
-28.9,300,1462.633674
-28.4,300,1462.682657
102.5,11,1462.684749
-52.4,300,1462.734274
-29.1,300,1462.785103
-69.5,300,1462.835622
-42.2,300,1462.884877
-28.7,300,1462.934583
-31.8,300,1462.985193
-26.6,300,1463.035011
87.7,162,1463.061515
103.5,20,1463.065009
102.8,13,1463.069263
102.4,7,1463.070437
-27.7,300,1463.120369
101.8,8,1463.121966
-27.5,300,1463.171958
75.6,274,1463.219196
101.8,13,1463.221765
-43.0,300,1463.271324
84.4,172,1463.301191
101.3,18,1463.304587
-42.0,300,1463.354401
-40.5,300,1463.403162
-25.0,300,1463.454834
-27.1,300,1463.503967
102.0,6,1463.50501
-29.8,300,1463.554629
-25.7,300,1463.604903
-32.8,300,1463.654755
102.3,17,1463.657736
-37.4,300,1463.706882
102.3,8,1463.710153
-27.1,300,1463.759887
104.6,15,1463.762771
-32.1,300,1463.811585
104.5,16,1463.815877
102.9,12,1463.818078
-38.1,300,1463.868049
104.3,18,1463.871412
103.8,17,1463.875922
-29.2,300,1463.940772
-27.8,300,1464.005991
-27.2,300,1464.055609
95.3,73,1464.070536
97.7,26,1464.075308
-27.0,300,1464.126686
-29.1,300,1464.177025
103.6,19,1464.181442
-27.0,300,1464.230707
102.2,13,1464.233407
-32.5,300,1464.282632
103.3,25,1464.288448
-25.8,300,1464.337833
-25.0,300,1464.387557
-28.8,300,1464.436247
-27.8,300,1464.487095
-74.0,300,1464.536551
-26.1,300,1464.585017
-27.5,300,1464.634318
104.4,17,1464.638564
-68.2,300,1464.687931
-34.3,300,1464.736722
-25.0,300,1464.785381
-26.5,300,1464.837185
-27.4,300,1464.886129
-39.2,300,1464.935694
99.3,38,1464.942313
-32.7,300,1464.992874
102.2,9,1464.994472
-72.4,300,1465.044776
101.7,9,1465.046425
102.8,13,1465.050141
-49.0,300,1465.099438
103.2,14,1465.102164
-27.3,300,1465.152033
-76.5,300,1465.203108
-28.3,300,1465.252863
-28.5,300,1465.301631
95.4,63,1465.31214
-82.8,300,1465.364144
96.1,80,1465.377325
105.3,18,1465.380409
-32.2,300,1465.429788
99.8,43,1465.438743
102.7,9,1465.440469
-57.7,300,1465.506566
-27.4,300,1465.55928
104.0,16,1465.563851
-29.0,300,1465.614518
-41.7,300,1465.664959
66.5,178,1465.694595
91.6,66,1465.707754
-40.9,300,1465.757713
-35.9,300,1465.808157
-69.2,300,1465.861831
-27.9,300,1465.912601
-29.2,300,1465.962287
-28.2,300,1466.011267
-25.0,300,1466.06087
-31.6,300,1466.111531
101.3,12,1466.113757
81.1,203,1466.147148
-42.7,300,1466.19668
89.9,67,1466.209815
-50.4,300,1466.259184
104.3,18,1466.262172
101.5,6,1466.263598
-29.4,300,1466.314895
101.6,5,1466.315918
88.9,85,1466.329869
-27.4,300,1466.379519
-27.3,300,1466.430308
-33.9,300,1466.479953
103.5,16,1466.482838
-27.0,300,1466.531825
-69.0,300,1466.583085
-27.1,300,1466.63445
-26.5,300,1466.686278
-76.1,300,1466.742991
-29.0,300,1466.793958
102.2,14,1466.797335
-29.8,300,1466.846419
104.0,16,1466.849339
-42.4,300,1466.900288
98.2,53,1466.909794
-32.6,300,1466.958183
-71.8,300,1467.007893
-30.2,300,1467.058432
105.0,21,1467.062065
-64.2,300,1467.11137
100.1,30,1467.117437
103.2,22,1467.122699
-30.9,300,1467.172111
-27.0,300,1467.221783
-27.2,300,1467.270865
103.3,13,1467.274575
-26.1,300,1467.323535
-57.8,300,1467.373555
92.6,110,1467.391929
-39.9,300,1467.443537
104.8,18,1467.446597
-65.3,300,1467.495565
-63.0,300,1467.545513
-35.6,300,1467.595957
-26.6,300,1467.646268
-26.5,300,1467.695198
-59.7,300,1467.744709
98.4,33,1467.752647
-27.0,300,1467.80222
-30.6,300,1467.850725
-34.4,300,1467.900168
103.3,17,1467.905045
-32.2,300,1467.95412
-28.6,300,1468.003539
104.5,16,1468.006481
-45.0,300,1468.056733
-28.3,300,1468.106107
101.4,7,1468.107686
-37.2,300,1468.159253
101.3,8,1468.162315
-26.6,300,1468.213313
-28.5,300,1468.263121
-27.4,300,1468.313035
103.6,15,1468.317282
104.0,16,1468.320176
-71.8,300,1468.369553
-25.5,300,1468.41934
102.3,21,1468.424758
-43.5,300,1468.473984
-45.8,300,1468.523969
-32.1,300,1468.57296
-58.7,300,1468.625071
66.1,237,1468.663458
-31.4,300,1468.713016
77.7,154,1468.738084
-50.3,300,1468.788859
-27.7,300,1468.838855
-60.2,300,1468.888009
102.1,10,1468.890241
105.1,15,1468.894898
-28.7,300,1468.949112
-29.3,300,1468.998624
-30.6,300,1469.049028
-31.6,300,1469.100242
-27.1,300,1469.149632
90.6,135,1469.171777
-27.4,300,1469.222009
105.2,19,1469.227765
-29.2,300,1469.277137
-29.1,300,1469.325944
-34.6,300,1469.375484
-38.6,300,1469.426521
104.2,14,1469.429303
100.8,3,1469.429809
-29.5,300,1469.479422
-30.4,300,1469.530219
-28.6,300,1469.579882
-28.3,300,1469.629086
102.1,18,1469.632497
97.5,25,1469.638174
-52.4,300,1469.688284
-28.3,300,1469.737777
-60.2,300,1469.79045
-28.8,300,1469.844227
102.0,15,1469.847226
-77.0,300,1469.899712
-31.0,300,1469.949766
-76.7,300,1470.001814
-27.2,300,1470.050291
-26.3,300,1470.099712
-42.6,300,1470.148594
104.5,16,1470.1531
77.7,247,1470.194802
-29.0,300,1470.243438
-32.5,300,1470.293531
-27.1,300,1470.345302
-32.2,300,1470.398108
-39.1,300,1470.450108
102.7,22,1470.45394
-33.5,300,1470.50724
-29.0,300,1470.556523
-29.6,300,1470.606823
104.8,18,1470.610248
-28.4,300,1470.661474
-27.5,300,1470.711086
-26.5,300,1470.760121
-26.9,300,1470.809653
-44.4,300,1470.860512
-29.8,300,1470.910306
-32.6,300,1470.959659
-36.1,300,1471.008722
-29.3,300,1471.060053
102.7,22,1471.063755
-76.3,300,1471.113905
-29.4,300,1471.163593
-25.5,300,1471.214104
-36.6,300,1471.264285
104.0,16,1471.267223
101.9,12,1471.269422
-27.5,300,1471.322584
-27.1,300,1471.37476
103.4,16,1471.378161
-30.5,300,1471.429727
103.8,13,1471.434754
-27.6,300,1471.485098
104.6,29,1471.490477
-35.0,300,1471.590465
-71.0,300,1471.643325
-32.0,300,1471.696702
-35.4,300,1471.747751
101.6,5,1471.74891
68.6,241,1471.792351
-29.2,300,1471.842069
-25.7,300,1471.893131
-28.8,300,1471.946101
102.3,13,1471.949971
-30.5,300,1472.003386
-49.4,300,1472.054456
-31.6,300,1472.10513
-27.2,300,1472.156079
-42.5,300,1472.206546
-34.0,300,1472.255666
-27.2,300,1472.305471
101.2,9,1472.309104
-28.4,300,1472.358563
-29.8,300,1472.408255
103.8,13,1472.410598
102.0,6,1472.413025
-35.0,300,1472.462062
-50.1,300,1472.512025
103.4,20,1472.515586
-30.2,300,1472.566243
-49.1,300,1472.616696
102.3,8,1472.618296
-35.8,300,1472.667529
-67.8,300,1472.718488
103.8,13,1472.721248
71.9,298,1472.769402
-30.0,300,1472.818873
-44.8,300,1472.86956
-34.9,300,1472.923149
-30.5,300,1472.973497
-27.0,300,1473.023281
-36.4,300,1473.074241
-31.6,300,1473.124024
-26.2,300,1473.172732
100.5,6,1473.174109
-57.8,300,1473.22631
82.5,216,1473.263094
-71.2,300,1473.312572
-39.7,300,1473.362324
103.8,22,1473.367621
101.1,5,1473.368685
-34.4,300,1473.418333
-25.9,300,1473.468585
102.2,9,1473.471968
-50.1,300,1473.521369
-27.8,300,1473.57125
-54.2,300,1473.620581
-30.0,300,1473.671776
-42.5,300,1473.721061
102.3,16,1473.724026
-28.0,300,1473.773861
-44.7,300,1473.824936
-31.6,300,1473.874742
-26.1,300,1473.923799
-27.4,300,1473.973416
101.1,5,1473.975743
103.8,13,1473.978066
-28.1,300,1474.026921
-29.7,300,1474.076594
102.3,21,1474.081863
-30.0,300,1474.130699
-43.3,300,1474.180217
-40.0,300,1474.229574
-46.0,300,1474.28037
104.8,18,1474.283835
92.5,116,1474.3037
-27.0,300,1474.352924
-40.6,300,1474.404251
103.4,16,1474.407182
-53.9,300,1474.456339
-27.2,300,1474.505925
-32.3,300,1474.556643
-30.0,300,1474.606363
-74.1,300,1474.655725
-26.0,300,1474.704394
-29.3,300,1474.755547
-59.7,300,1474.8046
-28.6,300,1474.85458
-30.6,300,1474.903398
-28.8,300,1474.954999
102.0,11,1474.95715
100.7,4,1474.958067
-28.5,300,1475.006807
-45.6,300,1475.05816
-27.8,300,1475.106968
-38.9,300,1475.156561
-37.0,300,1475.205652
-31.4,300,1475.256608
-36.3,300,1475.30525
-31.7,300,1475.354918
-36.9,300,1475.404202
-27.8,300,1475.455678
-27.1,300,1475.505397
-25.8,300,1475.554869
-29.5,300,1475.603814
97.4,57,1475.614632
-37.9,300,1475.664295
81.8,143,1475.687905
-31.8,300,1475.737139
-30.8,300,1475.78875
101.7,9,1475.790372
-29.2,300,1475.839378
-76.3,300,1475.889702
-34.1,300,1475.940265
-73.1,300,1475.990581
-26.1,300,1476.039698
-27.0,300,1476.089299
-28.3,300,1476.14008
-50.0,300,1476.190286
-81.4,300,1476.240177
-45.5,300,1476.293683
-27.7,300,1476.346499
-34.0,300,1476.396293
-44.0,300,1476.446001
-28.6,300,1476.495247
-43.5,300,1476.546991
-27.0,300,1476.59598
-27.3,300,1476.646142
93.4,81,1476.659506
-26.1,300,1476.710208
-63.6,300,1476.759997
-29.4,300,1476.809114
-26.4,300,1476.858705
-27.7,300,1476.909179
104.4,17,1476.912188
-47.5,300,1476.96215
-39.1,300,1477.010863
102.0,6,1477.013805
71.8,129,1477.03628
-37.3,300,1477.085875
-26.6,300,1477.135833
-27.5,300,1477.186961
-32.0,300,1477.235822
101.8,8,1477.237412
-75.4,300,1477.287903
55.6,212,1477.324239
91.6,58,1477.334226
-25.5,300,1477.383653
-26.7,300,1477.432587
-71.6,300,1477.484847
-63.2,300,1477.533876
-26.2,300,1477.586726
101.5,26,1477.591286
101.0,6,1477.594844
100.7,13,1477.597301
-28.8,300,1477.650227
63.4,184,1477.683554
78.8,209,1477.720542
-70.8,300,1477.771175
105.3,18,1477.774788
-27.4,300,1477.823749
102.6,23,1477.829364
105.2,19,1477.833085
-41.0,300,1477.883416
-50.1,300,1477.932751
-31.9,300,1477.984317
-39.1,300,1478.033573
68.7,133,1478.055853
-28.8,300,1478.105796
-26.2,300,1478.156537
-26.5,300,1478.206287
103.1,19,1478.209962
101.4,7,1478.21152
-27.8,300,1478.263567
-45.0,300,1478.314014
103.0,15,1478.316817
89.7,134,1478.338852
-28.6,300,1478.389723
-46.5,300,1478.439781
-59.4,300,1478.491525
-28.6,300,1478.541446
-72.0,300,1478.592878
101.9,7,1478.594407
-46.8,300,1478.644488
103.1,10,1478.646224
-29.7,300,1478.696964
-26.7,300,1478.746234
-27.6,300,1478.795067
104.5,21,1478.799059
-38.4,300,1478.850797
-73.7,300,1478.90049
102.9,12,1478.902685
103.4,12,1478.904892
-27.0,300,1478.955913
-39.1,300,1479.005219
101.6,5,1479.006169
-78.2,300,1479.05648
102.9,20,1479.061639
105.1,20,1479.065258
-29.2,300,1479.114421
-32.6,300,1479.164461
101.6,5,1479.16708
-69.8,300,1479.216723
103.0,16,1479.219567
105.7,19,1479.223064
-56.0,300,1479.275062
-71.8,300,1479.324604
104.4,17,1479.327533
80.0,242,1479.367955
105.6,20,1479.372899
-27.3,300,1479.421914
-36.3,300,1479.471869
-27.5,300,1479.520996
-26.8,300,1479.572549
81.5,201,1479.605395
102.1,35,1479.611521
-42.7,300,1479.660741
102.5,19,1479.665908
-31.4,300,1479.715478
-58.2,300,1479.765063
90.3,133,1479.787989
-28.7,300,1479.838749
93.7,94,1479.854221
-59.3,300,1479.904027
-29.5,300,1479.953091
-52.1,300,1480.004077
-26.6,300,1480.053065
-50.2,300,1480.103155
-27.6,300,1480.151699
-68.7,300,1480.202974
-28.5,300,1480.251644
-27.1,300,1480.301032
-69.1,300,1480.350634
-25.5,300,1480.401281
-50.3,300,1480.451224
-41.5,300,1480.500376
-26.3,300,1480.549969
104.7,19,1480.554914
102.6,18,1480.558051
-67.4,300,1480.607395
-46.6,300,1480.657322
-30.7,300,1480.7078
-28.0,300,1480.757631
-76.1,300,1480.806874
-40.6,300,1480.856759
-26.6,300,1480.907038
105.3,18,1480.910489
101.6,5,1480.911489
-30.7,300,1480.961339
103.7,18,1480.966449
-32.0,300,1481.015656
-29.4,300,1481.065234
-26.7,300,1481.114069
-28.2,300,1481.165333
-28.4,300,1481.214521
104.5,16,1481.217477
-31.9,300,1481.267355
92.2,109,1481.2868
-30.0,300,1481.335946
-32.9,300,1481.386047
-75.0,300,1481.435955
102.2,17,1481.440611
-41.8,300,1481.490533
-25.5,300,1481.53964
-28.8,300,1481.589185
-55.6,300,1481.639553
-27.0,300,1481.689418
-28.0,300,1481.738388
101.1,5,1481.739389
85.4,184,1481.771545
-34.5,300,1481.821495
103.1,28,1481.82639
-25.5,300,1481.875312
-78.7,300,1481.926743
-43.8,300,1481.975684
73.3,291,1482.024146
-26.1,300,1482.072947
-26.1,300,1482.124346
102.3,13,1482.126633
102.6,15,1482.129439
-36.4,300,1482.178282
104.2,14,1482.182644
103.9,22,1482.186326
-32.1,300,1482.236027
98.4,47,1482.244017
104.4,22,1482.249139
-75.3,300,1482.298357
-27.5,300,1482.348007
-25.8,300,1482.397117
-29.2,300,1482.4489
-26.3,300,1482.498172
-30.3,300,1482.547949
-51.6,300,1482.597301
-27.4,300,1482.647796
-25.5,300,1482.697054
-45.8,300,1482.746755
-25.6,300,1482.795814
-38.6,300,1482.847268
-32.5,300,1482.89702
102.6,15,1482.899872
-27.4,300,1482.949455
-27.7,300,1483.000306
-50.4,300,1483.050287
98.5,31,1483.055719
-31.0,300,1483.104508
-40.5,300,1483.155993
-51.7,300,1483.205527
93.6,80,1483.21956
-29.7,300,1483.270567
-32.2,300,1483.321209
-30.9,300,1483.371165
-44.5,300,1483.420439
-63.5,300,1483.47056
-60.8,300,1483.523918
101.5,6,1483.525028
-28.9,300,1483.576931
-27.1,300,1483.62789
102.0,6,1483.630724
-29.1,300,1483.681605
-31.3,300,1483.73122
-34.6,300,1483.783489
101.8,8,1483.786856
-31.0,300,1483.836645
-37.3,300,1483.886875
99.7,27,1483.891848
96.3,60,1483.90356
-28.2,300,1483.952957
-27.1,300,1484.002255
-30.1,300,1484.051192
82.3,208,1484.087036
-29.7,300,1484.136602
73.9,289,1484.183473
-27.5,300,1484.233113
104.2,14,1484.237001
-31.4,300,1484.286131
102.9,12,1484.288366
105.6,20,1484.291952
-44.7,300,1484.343635
-29.5,300,1484.392326
-68.2,300,1484.441854
-31.4,300,1484.490892
-25.6,300,1484.542337
-28.7,300,1484.59139
83.0,119,1484.611237
-63.3,300,1484.66335
-31.2,300,1484.720881
-30.5,300,1484.770926
105.2,19,1484.774404
-50.9,300,1484.823624
99.8,36,1484.832108
-53.2,300,1484.88158
-42.0,300,1484.930734
-64.1,300,1484.980583
100.4,32,1484.98753
-29.3,300,1485.036542
-32.9,300,1485.086088
104.1,15,1485.088916
-42.3,300,1485.13969
-55.8,300,1485.189525
-42.0,300,1485.238587
-32.2,300,1485.288245
-74.7,300,1485.339742
-39.7,300,1485.390973
-26.1,300,1485.439772
104.1,15,1485.442198
-30.6,300,1485.493409
104.8,18,1485.496809
-34.0,300,1485.546337
-39.9,300,1485.595986
-37.1,300,1485.647649
-59.2,300,1485.697747
-63.7,300,1485.746647
-32.1,300,1485.796803
-27.9,300,1485.848237
-29.3,300,1485.898378
61.8,179,1485.928298
-67.3,300,1485.978213
-25.0,300,1486.029033
102.7,9,1486.030707
-27.7,300,1486.079748
102.8,17,1486.082735
-57.3,300,1486.134233
-32.7,300,1486.183217
-52.4,300,1486.233032
-72.4,300,1486.282864
-27.6,300,1486.333893
-42.5,300,1486.382484
-26.2,300,1486.432184
-40.9,300,1486.481158
-25.0,300,1486.532454
-37.2,300,1486.581426
-29.1,300,1486.631165
93.5,108,1486.64882
-34.3,300,1486.699338
-43.2,300,1486.749029
-64.6,300,1486.798218
101.9,22,1486.802129
104.4,17,1486.806469
-25.0,300,1486.856539
102.9,12,1486.858839
-25.5,300,1486.907723
-33.1,300,1486.959231
-34.9,300,1487.008061
-36.6,300,1487.057809
-57.7,300,1487.106236
-55.8,300,1487.157257
102.8,17,1487.160232
-29.9,300,1487.209071
101.9,7,1487.21059
-27.2,300,1487.262019
-29.3,300,1487.310565
101.7,17,1487.31355
-69.4,300,1487.363685
101.6,5,1487.366078
-28.2,300,1487.414812
-67.3,300,1487.463876
-32.0,300,1487.513298
-32.3,300,1487.564133
-33.1,300,1487.613979
-31.7,300,1487.663156
-27.0,300,1487.713228
-28.5,300,1487.764086
-34.4,300,1487.814484
-35.6,300,1487.863813
-46.7,300,1487.913702
-33.5,300,1487.964507
85.6,109,1487.982803
-26.2,300,1488.032531
-66.0,300,1488.082202
-38.6,300,1488.133834
-55.8,300,1488.183061
-29.6,300,1488.234046
-27.5,300,1488.283228
99.5,30,1488.289684
-26.7,300,1488.339811
-28.3,300,1488.388736
-26.1,300,1488.438465
-38.4,300,1488.488982
-76.5,300,1488.539273
-28.0,300,1488.587944
-29.8,300,1488.637661
88.3,62,1488.650118
-40.0,300,1488.699015
97.5,32,1488.704459
-33.8,300,1488.754174
-25.7,300,1488.804265
101.6,5,1488.805283
103.9,17,1488.808171
-31.5,300,1488.857724
87.1,118,1488.87921
-26.0,300,1488.928311
-41.7,300,1488.977986
-60.9,300,1489.027237
-27.5,300,1489.078245
-64.9,300,1489.127616
-60.0,300,1489.177394
-27.2,300,1489.226148
-77.2,300,1489.278098
-56.8,300,1489.327207
-33.7,300,1489.376888
-30.3,300,1489.425588
101.8,16,1489.430043
-72.1,300,1489.480575
-38.3,300,1489.529336
86.5,166,1489.55656
61.9,176,1489.588276
-30.1,300,1489.637462
-35.5,300,1489.687051
-39.1,300,1489.736134
-27.1,300,1489.788056
-26.9,300,1489.861077
-34.9,300,1489.912065
-45.6,300,1489.961567
-70.4,300,1490.013578
-29.9,300,1490.062765
-31.9,300,1490.112338
-28.3,300,1490.161281
-42.6,300,1490.212493
-29.9,300,1490.261392
88.6,121,1490.281154
-34.2,300,1490.331607
-60.1,300,1490.383021
-29.1,300,1490.432359
-32.1,300,1490.481672
-40.4,300,1490.531497
-30.7,300,1490.582158
100.9,27,1490.586814
100.3,23,1490.590841
-50.8,300,1490.640792
-26.6,300,1490.691665
101.0,6,1490.692747
80.5,226,1490.729755
-28.4,300,1490.779595
-39.2,300,1490.829873
-27.0,300,1490.879933
-64.6,300,1490.929436
-28.9,300,1490.979041
-28.8,300,1491.029539
-74.6,300,1491.07971
-69.7,300,1491.128853
-30.0,300,1491.178735
-37.5,300,1491.229234
-27.2,300,1491.279156
-27.8,300,1491.327929
101.8,8,1491.329494
97.9,52,1491.339761
104.3,18,1491.342782
-25.5,300,1491.392543
-56.2,300,1491.441911
-28.4,300,1491.49346
103.8,17,1491.496757
-26.5,300,1491.545626
-41.2,300,1491.595818
-32.8,300,1491.646507
103.9,17,1491.649429
81.3,214,1491.685047
-26.6,300,1491.734007
78.9,111,1491.754107
102.0,6,1491.755573
-74.2,300,1491.805858
101.8,8,1491.807447
-29.4,300,1491.858148
-32.2,300,1491.90758
-29.0,300,1491.956676
-26.7,300,1492.006315
101.5,6,1492.008713
-28.8,300,1492.057929
83.2,204,1492.091393
104.5,16,1492.0943
102.2,9,1492.097579
101.5,11,1492.099701
-47.4,300,1492.150117
99.6,25,1492.154377
-26.6,300,1492.204833
-27.1,300,1492.254882
-27.5,300,1492.304019
-25.5,300,1492.353687
-27.5,300,1492.404282
-32.1,300,1492.454109
-50.4,300,1492.503238
-31.4,300,1492.553111
-25.9,300,1492.603833
103.6,15,1492.606598
-80.1,300,1492.657253
99.3,38,1492.663964
-32.4,300,1492.715264
-28.1,300,1492.766702
-31.0,300,1492.815566
-50.0,300,1492.865943
-25.0,300,1492.916772
102.7,9,1492.91845
104.4,17,1492.921464
-30.4,300,1492.971417
-48.0,300,1493.021786
-27.3,300,1493.071493
-32.5,300,1493.120853
-28.6,300,1493.170672
-28.1,300,1493.222201
-36.8,300,1493.27329
-27.0,300,1493.322321
-26.5,300,1493.371805
89.6,71,1493.385811
-28.4,300,1493.435028
-47.6,300,1493.485055
-27.1,300,1493.534121
-77.6,300,1493.585814
-33.2,300,1493.634841
-29.0,300,1493.684388
-26.0,300,1493.733353
-59.4,300,1493.78405
93.6,79,1493.797753
-51.1,300,1493.846768
-70.8,300,1493.897083
-30.2,300,1493.947609
-30.5,300,1493.996292
-39.5,300,1494.045897
-29.4,300,1494.094668
-35.0,300,1494.145922
102.3,8,1494.147508
-39.9,300,1494.196425
-28.4,300,1494.24622
82.3,226,1494.284641
-51.6,300,1494.334753
102.7,22,1494.338799
-28.4,300,1494.387761
-28.1,300,1494.43912
-29.3,300,1494.487978
-25.3,300,1494.537631
-33.0,300,1494.586587
-51.0,300,1494.638232
-29.9,300,1494.687372
-52.2,300,1494.737203
70.4,297,1494.785441
-26.4,300,1494.835563
-28.2,300,1494.884907
-39.6,300,1494.934019
-51.3,300,1494.983244
-37.1,300,1495.033838
-29.7,300,1495.085652
96.3,69,1495.097122
-30.2,300,1495.1468
-29.5,300,1495.199476
-46.5,300,1495.248984
103.9,17,1495.251931
-29.0,300,1495.302014
-29.5,300,1495.352587
-28.7,300,1495.402212
-28.0,300,1495.450881
-27.5,300,1495.500945
-26.1,300,1495.551668
100.6,40,1495.558475
-28.9,300,1495.608335
-65.2,300,1495.658102
-35.6,300,1495.709583
-31.0,300,1495.75852
-76.4,300,1495.809091
-29.5,300,1495.85774
-44.1,300,1495.909215
-27.7,300,1495.958418
-65.8,300,1496.009494
-40.2,300,1496.058584
102.5,15,1496.06313
-31.1,300,1496.113017
-30.2,300,1496.161967
84.4,115,1496.180805
-25.8,300,1496.231899
-28.6,300,1496.281137
-31.8,300,1496.331147
-29.9,300,1496.380185
-28.7,300,1496.431772
86.0,100,1496.448207
63.1,246,1496.488231
-43.0,300,1496.538113
-29.9,300,1496.588938
-33.9,300,1496.638433
-26.6,300,1496.686619
-58.9,300,1496.735742
102.9,20,1496.741382
78.2,177,1496.770793
-27.1,300,1496.819764
-30.0,300,1496.869616
-28.1,300,1496.920478
86.5,80,1496.934074
-29.3,300,1496.983853
-25.1,300,1497.032886
96.2,38,1497.040794
-31.2,300,1497.090453
104.8,23,1497.09456
92.0,101,1497.111137
-74.5,300,1497.163207
-26.7,300,1497.212269
-44.4,300,1497.261067
-69.3,300,1497.311357
-48.6,300,1497.362295
102.9,12,1497.364547
99.6,44,1497.371987
-34.4,300,1497.421951
63.3,292,1497.471767
102.3,8,1497.473389
-33.7,300,1497.523537
-28.2,300,1497.572819
-41.8,300,1497.624646
-28.7,300,1497.673493
102.2,18,1497.676778
-32.3,300,1497.726567
83.3,180,1497.757777
-35.1,300,1497.807337
-27.0,300,1497.856164
-26.6,300,1497.906073
103.6,20,1497.911318
-26.3,300,1497.960696
-40.5,300,1498.0107
-29.5,300,1498.05951
-45.7,300,1498.110375
-34.2,300,1498.160289
87.8,163,1498.187017
-30.0,300,1498.237696
-67.3,300,1498.289267
-29.7,300,1498.339379
100.8,23,1498.343545
-27.0,300,1498.392991
102.5,15,1498.397708
-28.4,300,1498.447793
-28.5,300,1498.496962
-52.9,300,1498.546663
-28.2,300,1498.597052
93.2,91,1498.612289
-65.8,300,1498.662496
-46.0,300,1498.711549
101.8,8,1498.714747
-30.2,300,1498.764763
103.5,11,1498.766589
-27.7,300,1498.814937
89.8,143,1498.840136
-28.6,300,1498.889647
102.3,8,1498.891248
-76.2,300,1498.940583
103.9,17,1498.944966
-29.9,300,1498.9951
-28.9,300,1499.044806
-41.1,300,1499.094926
-74.4,300,1499.146095
-28.7,300,1499.195612
-79.2,300,1499.244528
-30.1,300,1499.293788
-26.6,300,1499.34368
-29.0,300,1499.393199
103.2,18,1499.396592
102.6,19,1499.399993
-42.1,300,1499.451405
104.6,20,1499.48025
-27.7,300,1499.534211
-59.5,300,1499.585251
100.9,7,1499.58762
-56.8,300,1499.636792
-54.3,300,1499.686696
-36.0,300,1499.736984
103.3,13,1499.74108
-27.5,300,1499.790434
-30.3,300,1499.840216
-69.6,300,1499.889094
-30.8,300,1499.940908
-36.1,300,1499.990113
103.1,23,1499.993828
-73.3,300,1500.043405
-42.7,300,1500.093336
-44.8,300,1500.143108
103.7,14,1500.145914
-76.3,300,1500.194855
-78.3,300,1500.246419
-42.9,300,1500.295584
-26.3,300,1500.345372
103.8,13,1500.347747
102.7,9,1500.350745
-45.2,300,1500.399847
103.3,18,1500.403167
-28.4,300,1500.452149
-34.0,300,1500.502907
-65.7,300,1500.553681
-27.5,300,1500.602433
94.5,91,1500.617543
-26.5,300,1500.668875
102.3,26,1500.67315
-42.7,300,1500.722114
-52.5,300,1500.772272
-60.2,300,1500.822671
-26.9,300,1500.872761
-38.5,300,1500.921856
-36.6,300,1500.971473
104.1,15,1500.976075
-27.0,300,1501.025104
-61.9,300,1501.075319
-27.2,300,1501.124302
103.9,12,1501.128035
101.5,27,1501.132887
-27.8,300,1501.182704
-67.8,300,1501.232411
-28.1,300,1501.28385
-28.1,300,1501.333031
-28.1,300,1501.382795
-34.5,300,1501.431559
-28.6,300,1501.482992
-41.3,300,1501.532207
103.7,14,1501.534633
-40.5,300,1501.583642
80.9,104,1501.602899
87.6,143,1501.626585
102.2,9,1501.628269
103.2,22,1501.632325
-27.6,300,1501.683146
-33.4,300,1501.733018
-52.0,300,1501.782329
-28.0,300,1501.832036
-29.2,300,1501.88272
-51.3,300,1501.932574
-30.6,300,1501.981452
-57.5,300,1502.031323
-34.1,300,1502.081997
-27.5,300,1502.131825
-26.2,300,1502.180567
104.7,14,1502.183044
-30.9,300,1502.236732
-28.0,300,1502.28831
-29.7,300,1502.34122
-27.8,300,1502.392128
-80.5,300,1502.444213
103.1,10,1502.446375
104.6,20,1502.449944
103.3,13,1502.452307
-28.0,300,1502.503499
103.6,19,1502.507012
-28.6,300,1502.557137
-36.9,300,1502.606366
-29.3,300,1502.657664
-65.4,300,1502.707238
85.6,93,1502.722486
101.2,4,1502.723399
-31.1,300,1502.775177
-30.7,300,1502.824445
103.5,19,1502.827989
-54.4,300,1502.877931
91.1,65,1502.890485
-25.7,300,1502.939336
-29.6,300,1502.989029
-28.9,300,1503.038499
102.7,13,1503.042148
-44.5,300,1503.092176
102.7,22,1503.096241
-29.4,300,1503.144842
-41.2,300,1503.196504
-45.4,300,1503.246693
-27.6,300,1503.296985
-25.7,300,1503.346036
-26.2,300,1503.397304
-28.4,300,1503.446699
-67.1,300,1503.509472
-32.8,300,1503.584934
-32.0,300,1503.640349
-36.0,300,1503.696074
-34.9,300,1503.757251
-29.2,300,1503.809801
102.3,16,1503.814726
-26.7,300,1503.866601
103.6,20,1503.871281
-49.8,300,1503.925164
-30.4,300,1503.978231
-43.0,300,1504.028893
-25.5,300,1504.078284
-27.2,300,1504.127847
-37.9,300,1504.184792
94.5,56,1504.195543
-30.9,300,1504.248287
-36.6,300,1504.299457
102.4,12,1504.303363
-28.0,300,1504.356202
-30.2,300,1504.406594
-62.5,300,1504.456878
-28.5,300,1504.507363
-53.3,300,1504.557581
-28.5,300,1504.606247
-45.9,300,1504.65632
-62.9,300,1504.707174
-38.9,300,1504.756941
105.0,21,1504.760652
-52.7,300,1504.809818
-33.4,300,1504.861338
91.1,60,1504.87146
104.8,18,1504.874461
-28.7,300,1504.922924
-36.0,300,1504.974781
103.8,13,1504.977496
-36.1,300,1505.026484
-28.3,300,1505.07611
97.5,64,1505.0883
-46.5,300,1505.137603
-25.6,300,1505.187582
105.1,20,1505.191163
-36.8,300,1505.241415
-28.1,300,1505.290893
-27.0,300,1505.340049
-49.1,300,1505.389629
103.9,12,1505.393577
-49.5,300,1505.443283
-28.5,300,1505.492657
-26.9,300,1505.541696
100.2,44,1505.55071
-29.0,300,1505.600946
100.8,3,1505.601453
-27.8,300,1505.650685
-41.9,300,1505.702377
-26.9,300,1505.751269
-45.6,300,1505.800423
-29.0,300,1505.850009
-32.7,300,1505.90332
-29.6,300,1505.953271
-28.6,300,1506.002325
-41.8,300,1506.052053
-27.6,300,1506.102189
-29.3,300,1506.151505
-56.0,300,1506.200378
89.7,127,1506.221255
-26.2,300,1506.272572
103.4,17,1506.275568
102.3,22,1506.279596
102.2,17,1506.282547
-38.1,300,1506.333653
101.5,6,1506.335089
-29.3,300,1506.384447
-27.7,300,1506.433471
105.1,20,1506.439251
-28.5,300,1506.48842
-28.1,300,1506.537111
101.6,5,1506.538112
-30.5,300,1506.589311
-31.6,300,1506.638387
-29.1,300,1506.687902
102.3,8,1506.689518
-33.0,300,1506.74024
-31.5,300,1506.789904
-31.0,300,1506.839073
-31.1,300,1506.888656
-70.4,300,1506.939661
-33.5,300,1506.989328
-27.8,300,1507.038303
104.3,18,1507.04135
-42.6,300,1507.09283
-27.8,300,1507.141813
-30.4,300,1507.19112
-26.5,300,1507.240192
-28.2,300,1507.291736
-25.9,300,1507.340435
-37.3,300,1507.389876
-26.8,300,1507.438486
-37.1,300,1507.489515
-27.9,300,1507.538411
-43.7,300,1507.587228
72.4,141,1507.611857
-33.6,300,1507.662598
-44.6,300,1507.712572
-25.6,300,1507.761285
95.6,65,1507.772017
-29.3,300,1507.823634
104.8,18,1507.826719
-26.2,300,1507.875505
-31.6,300,1507.92482
103.4,12,1507.928482
-27.5,300,1507.977462
-29.7,300,1508.027046
102.2,22,1508.031092
98.7,47,1508.040713
-25.6,300,1508.089913
-31.5,300,1508.139637
-28.4,300,1508.188578
-28.2,300,1508.23997
-38.8,300,1508.290282
-27.1,300,1508.340255
-27.5,300,1508.389033
-28.7,300,1508.44016
-47.9,300,1508.489744
103.6,19,1508.492855
-46.7,300,1508.542612
-39.8,300,1508.593385
-43.6,300,1508.643016
85.6,175,1508.672471
94.9,82,1508.686268
103.3,17,1508.690648
-28.3,300,1508.7395
-26.2,300,1508.789119
-28.2,300,1508.838042
-41.4,300,1508.889856
102.0,11,1508.891964
89.7,149,1508.916342
100.3,35,1508.922432
103.7,14,1508.926108
-44.5,300,1508.976235
-67.8,300,1509.025963
-66.7,300,1509.07561
-50.5,300,1509.12663
-58.1,300,1509.176574
-26.0,300,1509.226074
-46.2,300,1509.275296
-37.0,300,1509.32668
-29.0,300,1509.375593
-28.6,300,1509.425493
-28.3,300,1509.474764
104.4,17,1509.479122
-26.9,300,1509.528685
-32.6,300,1509.577695
-27.6,300,1509.627428
104.2,19,1509.632646
-28.0,300,1509.681766
-28.1,300,1509.731679
-25.1,300,1509.780779
83.7,182,1509.812941
-26.5,300,1509.861998
-30.4,300,1509.911887
-27.7,300,1509.960869
-62.3,300,1510.012597
-29.8,300,1510.061843
91.7,116,1510.081034
-26.1,300,1510.13109
-61.2,300,1510.18226
101.6,5,1510.183264
-28.2,300,1510.232576
-27.0,300,1510.281887
-30.4,300,1510.332834
-55.6,300,1510.382221
103.1,19,1510.385658
104.1,19,1510.388737
-59.1,300,1510.440873
-48.9,300,1510.489878
101.9,30,1510.495176
95.0,86,1510.509178
-27.0,300,1510.560664
-25.8,300,1510.60981
94.1,119,1510.629742
-39.0,300,1510.679834
-32.1,300,1510.730339
-25.5,300,1510.780275
-27.6,300,1510.829368
-25.0,300,1510.879047
-38.1,300,1510.930254
97.1,79,1510.943658
-26.4,300,1510.993094
102.7,24,1510.99727
-27.1,300,1511.047322
104.1,15,1511.050176
-39.6,300,1511.100258
-29.0,300,1511.149444
-26.2,300,1511.200826
101.1,5,1511.201836
-27.0,300,1511.250702
92.6,57,1511.26024
88.2,130,1511.283935
-56.6,300,1511.333618
-30.7,300,1511.383336
-28.2,300,1511.432826
103.3,17,1511.43724
-46.1,300,1511.487132
-26.0,300,1511.536028
-34.6,300,1511.585362
-28.5,300,1511.636659
-28.7,300,1511.685433
-29.3,300,1511.735275
-79.3,300,1511.784924
-33.2,300,1511.836276
-26.0,300,1511.885414
-42.5,300,1511.93529
-27.0,300,1511.984461
94.4,75,1511.99875
-37.5,300,1512.048247
-42.5,300,1512.097575
-38.4,300,1512.147424
-27.0,300,1512.19797
91.4,95,1512.21335
100.4,62,1512.224761
-27.0,300,1512.273529
102.2,18,1512.277873
102.1,10,1512.280002
-47.2,300,1512.330171
-30.7,300,1512.37891
101.7,9,1512.382194
-29.2,300,1512.432077
101.7,9,1512.43371
-58.7,300,1512.48311
-26.5,300,1512.534421
105.3,18,1512.53787
103.5,11,1512.540083
-28.2,300,1512.589194
-45.5,300,1512.640453
-55.4,300,1512.689853
-28.4,300,1512.738756
-30.9,300,1512.788545
103.1,15,1512.792366
104.8,18,1512.795814
-29.5,300,1512.844921
-39.5,300,1512.894882
-70.7,300,1512.945721
-28.2,300,1512.99536
-50.5,300,1513.044306
-26.0,300,1513.094452
-39.9,300,1513.145097
101.2,4,1513.146035
-32.2,300,1513.195731
-27.4,300,1513.246015
-56.8,300,1513.298516
-28.2,300,1513.347582
-47.8,300,1513.397661
-28.7,300,1513.446643
89.6,83,1513.46238
-28.0,300,1513.511873
-30.5,300,1513.560535
-30.8,300,1513.60998
85.0,178,1513.640709
-65.7,300,1513.690217
-28.5,300,1513.739936
-33.4,300,1513.789026
-27.5,300,1513.839915
-29.1,300,1513.889158
-30.0,300,1513.9389
89.4,69,1513.950419
-27.8,300,1514.001271
-28.7,300,1514.051002
-25.5,300,1514.100075
-27.4,300,1514.149604
-26.3,300,1514.199586
-41.1,300,1514.249274
-40.3,300,1514.298232
-29.0,300,1514.347938
-28.1,300,1514.398687
-29.1,300,1514.448339
-28.5,300,1514.497235
76.8,111,1514.515751
-33.0,300,1514.566922
-27.0,300,1514.615327
-61.3,300,1514.664756
-26.0,300,1514.713513
-29.6,300,1514.764404
84.6,104,1514.781528
-56.0,300,1514.830283
-30.8,300,1514.879822
-36.5,300,1514.930457
-73.3,300,1514.987823
-42.0,300,1515.03683
-32.3,300,1515.086316
-70.8,300,1515.137716
-29.5,300,1515.187522
-30.1,300,1515.236357
-28.4,300,1515.28584
-32.0,300,1515.3364
101.9,7,1515.337931
-36.9,300,1515.387799
-49.5,300,1515.437361
-30.5,300,1515.488173
-26.6,300,1515.537166
-36.5,300,1515.58606
101.1,5,1515.587094
-31.0,300,1515.638181
-76.8,300,1515.689616
-48.0,300,1515.740108
-40.7,300,1515.789439
90.8,136,1515.814758
-77.8,300,1515.864598
94.5,57,1515.874068
-28.2,300,1515.923696
-29.0,300,1515.974285
103.8,22,1515.978282
-27.0,300,1516.027786
-40.1,300,1516.076851
-29.5,300,1516.128426
73.1,144,1516.152318
-77.6,300,1516.201791
102.9,20,1516.205286
-28.5,300,1516.256762
103.5,16,1516.259687
103.3,17,1516.262673
-77.3,300,1516.312402
104.4,17,1516.3167
99.4,41,1516.324004
-52.0,300,1516.374271
-30.1,300,1516.423138
-37.2,300,1516.475046
103.3,13,1516.477401
-28.7,300,1516.526301
-32.2,300,1516.576071
104.4,17,1516.58042
-57.4,300,1516.629769
103.2,23,1516.633932
77.3,199,1516.667568
70.8,219,1516.704997
-38.9,300,1516.754747
-26.7,300,1516.803532
-30.1,300,1516.853258
-51.1,300,1516.904247
102.6,15,1516.907072
101.5,21,1516.910657
-30.9,300,1516.960236
103.3,21,1516.965664
-37.3,300,1517.01486
-49.4,300,1517.064761
103.4,21,1517.068363
79.4,252,1517.111485
-29.9,300,1517.160527
-30.4,300,1517.210115
-25.4,300,1517.259139
-32.4,300,1517.310504
101.7,19,1517.313962
100.8,18,1517.316909
-26.5,300,1517.365715
-28.7,300,1517.417216
-45.5,300,1517.465898
101.4,7,1517.467378
-35.1,300,1517.517108
-29.7,300,1517.567599
-26.7,300,1517.617138
-42.4,300,1517.666414
104.8,18,1517.66947
-27.7,300,1517.72047
-29.5,300,1517.769482
-47.2,300,1517.818217
102.8,22,1517.822243
104.7,24,1517.827671
-28.7,300,1517.877096
-30.6,300,1517.926603
-30.4,300,1517.975288
-35.2,300,1518.026002
-27.8,300,1518.074686
-30.6,300,1518.12461
-32.2,300,1518.173788
-25.9,300,1518.224567
-32.0,300,1518.275822
-40.2,300,1518.324917
-26.5,300,1518.374964
102.4,7,1518.377974
103.4,12,1518.380242
-28.4,300,1518.429364
-29.9,300,1518.479656
-29.4,300,1518.530523
-38.7,300,1518.580567
-38.0,300,1518.629696
-32.2,300,1518.679373
-30.0,300,1518.730123
104.1,15,1518.732638
-66.1,300,1518.783014
-27.4,300,1518.832082
-29.8,300,1518.883262
-26.9,300,1518.932267
-32.4,300,1518.982138
-31.3,300,1519.031066
-53.4,300,1519.082633
-28.9,300,1519.131601
89.8,116,1519.150601
-46.4,300,1519.200766
103.4,21,1519.206055
-36.5,300,1519.255219
-29.2,300,1519.305168
-25.0,300,1519.354502
-45.1,300,1519.405922
-48.2,300,1519.454956
-28.3,300,1519.505061
102.8,13,1519.50742
-52.6,300,1519.558471
104.3,23,1519.562576
-30.1,300,1519.612329
-74.7,300,1519.661895
-33.8,300,1519.713382
-26.5,300,1519.762214
105.1,25,1519.766462
105.4,22,1519.770248
-28.5,300,1519.822145
-30.3,300,1519.871011
-27.1,300,1519.920666
-37.1,300,1519.970144
-35.1,300,1520.020965
103.4,12,1520.023916
79.6,225,1520.061413
-30.7,300,1520.110361
102.8,13,1520.114079
-29.0,300,1520.16404
-30.2,300,1520.213058
-29.8,300,1520.262836
-37.5,300,1520.314034
-27.7,300,1520.363795
-73.5,300,1520.413443
95.2,69,1520.424919
-28.0,300,1520.476191
-33.6,300,1520.525482
93.7,89,1520.540279
-29.4,300,1520.5903
-27.7,300,1520.641265
104.6,15,1520.644138
-28.2,300,1520.693959
-46.7,300,1520.743544
-27.1,300,1520.795098
-28.9,300,1520.844372
96.8,66,1520.855449
-79.5,300,1520.906181
-29.8,300,1520.95695
-28.6,300,1521.006695
-35.0,300,1521.05555
-29.3,300,1521.105067
-30.8,300,1521.15588
74.3,130,1521.177381
-29.4,300,1521.226969
102.7,14,1521.229744
105.3,23,1521.23491
-28.1,300,1521.28399
75.6,124,1521.30546
-26.2,300,1521.354491
-27.0,300,1521.405877
-74.0,300,1521.455354
103.2,14,1521.458035
-30.1,300,1521.507214
86.0,181,1521.538259
-26.0,300,1521.587085
-27.2,300,1521.637014
89.0,131,1521.659144
-36.8,300,1521.71099
71.7,230,1521.754258
-28.0,300,1521.803298
-31.6,300,1521.853042
-34.9,300,1521.903645
101.2,4,1521.904574
-33.8,300,1521.954284
-26.0,300,1522.002716
-30.4,300,1522.054063
100.9,26,1522.058715
103.0,16,1522.061531
-29.0,300,1522.110334
-42.8,300,1522.1616
-56.6,300,1522.210209
-31.5,300,1522.259771
-30.3,300,1522.308619
-35.7,300,1522.359757
-30.1,300,1522.408323
-28.1,300,1522.45817
64.1,147,1522.482821
-32.3,300,1522.532812
104.4,17,1522.53578
-68.9,300,1522.585048
102.9,12,1522.587253
102.1,10,1522.590593
103.8,18,1522.594039
-30.4,300,1522.642992
-28.8,300,1522.692608
104.0,16,1522.69686
-43.7,300,1522.745936
-34.2,300,1522.795273
-26.1,300,1522.844196
38.5,279,1522.89299
102.3,8,1522.894578
-28.0,300,1522.943534
90.5,65,1522.954371
-62.4,300,1523.005894
-67.2,300,1523.05514
-37.5,300,1523.104961
98.0,56,1523.114332
-26.1,300,1523.164836
-75.2,300,1523.215638
101.2,4,1523.216597
-51.9,300,1523.26704
-40.6,300,1523.319221
84.5,194,1523.350978
-29.1,300,1523.399812
-29.3,300,1523.449483
-28.1,300,1523.50005
97.4,47,1523.508753
-51.1,300,1523.55803
103.4,12,1523.560242
-29.6,300,1523.61139
-41.8,300,1523.660568
-41.6,300,1523.709008
100.6,25,1523.713239
-29.2,300,1523.764525
105.1,20,1523.76811
-26.6,300,1523.817302
-36.4,300,1523.867086
101.7,13,1523.871089
104.6,29,1523.876088
-34.7,300,1523.925239
-42.0,300,1523.974715
-29.0,300,1524.025546
-32.7,300,1524.075124
-29.1,300,1524.124106
87.2,154,1524.149848
-30.3,300,1524.200201
-27.7,300,1524.249758
-29.1,300,1524.298926
-38.1,300,1524.348185
-25.0,300,1524.39974
-34.4,300,1524.448585
100.9,27,1524.453404
-28.3,300,1524.502758
-31.0,300,1524.553205
-40.5,300,1524.603182
-38.6,300,1524.652139
-27.9,300,1524.70151
90.5,117,1524.722167
-37.7,300,1524.771388
-29.7,300,1524.8211
-29.8,300,1524.870417
78.5,233,1524.911596
-60.2,300,1524.961064
-57.1,300,1525.011369
102.8,8,1525.012941
-30.1,300,1525.063106
-27.1,300,1525.112481
-28.5,300,1525.161288
-26.6,300,1525.210836
-27.3,300,1525.26206
-34.4,300,1525.311888
59.1,186,1525.342605
-34.0,300,1525.391644
-28.2,300,1525.442536
-39.6,300,1525.491762
101.5,15,1525.494556
95.2,55,1525.503889
99.0,41,1525.512712
-35.8,300,1525.561709
-47.9,300,1525.611285
-27.2,300,1525.660273
99.9,40,1525.668611
64.9,205,1525.7026
102.7,9,1525.704219
-27.4,300,1525.753558
-29.4,300,1525.804005
-31.3,300,1525.853807
-36.2,300,1525.902642
104.5,21,1525.906506
-29.0,300,1525.957909
103.8,18,1525.960928
-26.7,300,1526.009742
-25.8,300,1526.059158
-33.6,300,1526.109322
-69.4,300,1526.159504
-62.4,300,1526.209147
103.9,12,1526.211408
-41.1,300,1526.26235
-26.0,300,1526.310859
-28.1,300,1526.360209
104.2,14,1526.362965
-30.3,300,1526.413547
-26.6,300,1526.46327
-69.3,300,1526.512684
99.6,35,1526.518432
-33.2,300,1526.569565
104.3,18,1526.572927
104.6,15,1526.575772
103.0,16,1526.578601
-28.2,300,1526.629374
-29.7,300,1526.678914
99.6,25,1526.683139
-29.1,300,1526.7317
-46.3,300,1526.782433
-28.7,300,1526.831084
-35.1,300,1526.88074
-24.7,300,1526.929963
-26.8,300,1526.980356
103.1,19,1526.984478
-26.1,300,1527.033628
102.6,10,1527.035326
-44.3,300,1527.086326
66.3,252,1527.128528
94.1,85,1527.142526
-28.8,300,1527.191546
-29.0,300,1527.242589
-39.2,300,1527.291267
-53.9,300,1527.341117
-26.6,300,1527.390171
-29.3,300,1527.441498
104.8,18,1527.444894
102.5,11,1527.447026
-29.2,300,1527.495396
-43.4,300,1527.546541
103.5,11,1527.548372
-63.6,300,1527.597435
-28.3,300,1527.646898
-33.2,300,1527.69757
-30.3,300,1527.74729
-27.1,300,1527.796367
-30.9,300,1527.845725
-26.5,300,1527.896169
-43.4,300,1527.945934
-26.6,300,1527.994851
-31.4,300,1528.044209
-26.1,300,1528.094792
86.8,158,1528.121123
-26.7,300,1528.170449
-42.4,300,1528.219535
-31.1,300,1528.272417
91.6,55,1528.282004
-45.4,300,1528.331121
-39.2,300,1528.381214
-38.8,300,1528.431844
100.8,3,1528.432339
-27.0,300,1528.482351
102.9,16,1528.485274
101.3,36,1528.492645
104.5,16,1528.49561
102.9,16,1528.498512
-31.2,300,1528.547957
104.0,21,1528.553559
88.0,161,1528.58084
-75.2,300,1528.630486
-27.7,300,1528.680044
104.1,15,1528.684291
-27.1,300,1528.733326
103.3,13,1528.735672
-58.7,300,1528.785619
104.2,14,1528.789643
-66.2,300,1528.839193
-27.3,300,1528.889027
83.4,211,1528.923714
-25.6,300,1528.974214
-32.6,300,1529.024205
-29.0,300,1529.072443
-53.2,300,1529.121615
-27.5,300,1529.171525
-30.0,300,1529.221029
-30.3,300,1529.269941
-28.2,300,1529.333928
-27.5,300,1529.384919
93.2,89,1529.399579
-26.5,300,1529.449302
-28.9,300,1529.49872
-33.3,300,1529.549607
-34.5,300,1529.598577
-33.2,300,1529.64831
-74.0,300,1529.697148
102.3,8,1529.700429
95.2,47,1529.708591
-36.9,300,1529.758302
-39.2,300,1529.80763
-28.9,300,1529.858655
-31.3,300,1529.907673
-66.4,300,1529.957968
-26.1,300,1530.006687
103.8,13,1530.010177
-30.1,300,1530.059541
102.0,23,1530.063698
102.4,17,1530.066631
-30.3,300,1530.116709
-35.3,300,1530.166508
85.4,167,1530.193981
-32.3,300,1530.243068
-26.0,300,1530.294143
-65.0,300,1530.34323
-29.8,300,1530.392894
102.7,18,1530.3963
76.3,266,1530.441167
-26.1,300,1530.490917
-61.7,300,1530.54044
-73.8,300,1530.59077
96.7,60,1530.6022
-28.6,300,1530.651345
-36.3,300,1530.701236
-28.2,300,1530.750229
100.8,52,1530.760179
-52.8,300,1530.810174
-29.7,300,1530.859164
-29.2,300,1530.909031
-40.9,300,1530.959818
-29.0,300,1531.009474
-54.0,300,1531.05849
-32.9,300,1531.107922
-30.2,300,1531.158612
98.2,54,1531.167762
-29.0,300,1531.217552
-31.2,300,1531.266497
-61.1,300,1531.317985
102.6,10,1531.319728
82.8,197,1531.352048
-40.5,300,1531.401039
102.0,19,1531.405834
-27.6,300,1531.455675
91.7,109,1531.473842
-25.0,300,1531.523408
102.7,14,1531.52747
81.7,124,1531.547974
104.9,22,1531.551652
-70.5,300,1531.600926
-30.8,300,1531.652581
-59.9,300,1531.701864
-34.1,300,1531.751936
-29.6,300,1531.800979
-27.7,300,1531.852187
-37.1,300,1531.901223
-28.9,300,1531.951709
104.4,17,1531.955125
105.7,19,1531.960055
-30.7,300,1532.009379
-34.2,300,1532.05876
-26.0,300,1532.107536
104.8,23,1532.113049
-30.0,300,1532.163146
-56.4,300,1532.212168
-40.9,300,1532.261966
-29.3,300,1532.312548
78.7,96,1532.328787
-30.5,300,1532.378526
-31.0,300,1532.427635
-67.8,300,1532.479652
-34.7,300,1532.528785
-26.6,300,1532.578717
-28.7,300,1532.627493
-31.2,300,1532.678814
104.8,18,1532.682278
-33.7,300,1532.731464
104.8,18,1532.734533
86.8,149,1532.760659
-36.4,300,1532.81074
-46.3,300,1532.860135
-29.2,300,1532.909686
-67.5,300,1532.960868
-55.3,300,1533.010619
-26.1,300,1533.059681
-28.5,300,1533.109349
-39.3,300,1533.160412
102.5,11,1533.162632
99.1,30,1533.168099
102.0,11,1533.169871
-31.6,300,1533.221446
-60.0,300,1533.272171
-28.5,300,1533.322324
-26.6,300,1533.371144
-26.3,300,1533.422145
105.3,18,1533.425712
-31.4,300,1533.47507
-26.4,300,1533.525397
-28.7,300,1533.576456
-39.0,300,1533.62656
-27.0,300,1533.675971
-56.2,300,1533.725418
104.2,14,1533.729987
-28.9,300,1533.779321
79.5,222,1533.815684
94.0,51,1533.824412
-75.6,300,1533.876552
102.6,10,1533.878328
-34.8,300,1533.926862
-52.3,300,1533.977063
-26.7,300,1534.027612
-48.4,300,1534.077661
102.4,12,1534.07995
-28.5,300,1534.129153
-31.2,300,1534.180609
-44.4,300,1534.22997
-27.3,300,1534.279742
46.9,219,1534.316128
-34.9,300,1534.367775
97.4,57,1534.377216
103.1,20,1534.380771
-28.2,300,1534.429806
-30.2,300,1534.481245
-44.2,300,1534.530289
-27.5,300,1534.580006
-28.5,300,1534.628943
-44.9,300,1534.680072
-48.3,300,1534.729329
-70.2,300,1534.778719
102.2,9,1534.780388
-28.7,300,1534.831955
-25.2,300,1534.880374
-46.7,300,1534.930562
-39.3,300,1534.979387
88.1,81,1534.995352
-28.4,300,1535.044612
103.6,15,1535.047102
-32.5,300,1535.095972
102.1,23,1535.102269
104.8,18,1535.105744
-38.1,300,1535.154928
104.8,18,1535.15798
-66.6,300,1535.209001
-31.0,300,1535.257941
-34.8,300,1535.30681
-28.0,300,1535.356544
94.5,86,1535.372455
104.0,16,1535.375327
-30.1,300,1535.42514
103.7,14,1535.427546
-58.6,300,1535.478106
101.1,5,1535.47912
-77.0,300,1535.52928
-42.5,300,1535.578659
-73.1,300,1535.630662
101.6,10,1535.632821
-42.4,300,1535.682053
-30.4,300,1535.731506
-43.7,300,1535.782844
99.5,30,1535.787752
-34.0,300,1535.837166
-39.1,300,1535.886545
-27.1,300,1535.936807
102.2,9,1535.939458
-43.6,300,1535.988375
-30.8,300,1536.037744
102.7,18,1536.042088
-77.6,300,1536.092117
102.5,11,1536.094307
-29.9,300,1536.143533
-28.2,300,1536.194942
-43.8,300,1536.24419
-28.3,300,1536.29374
-30.0,300,1536.342782
-59.3,300,1536.394626
-27.1,300,1536.443927
-36.8,300,1536.494216
103.1,23,1536.498401
-75.8,300,1536.549907
-27.4,300,1536.59971
-70.1,300,1536.649298
-28.2,300,1536.698981
96.4,32,1536.706043
-38.9,300,1536.755248
100.8,3,1536.755731
102.9,12,1536.757942
-31.4,300,1536.80884
-33.6,300,1536.858185
-28.2,300,1536.907898
-49.8,300,1536.957005
-34.4,300,1537.008694
104.8,18,1537.012175
-25.0,300,1537.061097
-37.5,300,1537.111308
-26.4,300,1537.161731
-42.7,300,1537.21158
-73.6,300,1537.261471
-27.5,300,1537.31129
-32.9,300,1537.362655
103.8,13,1537.364995
-50.2,300,1537.41452
-40.0,300,1537.463677
-64.0,300,1537.514609
-83.0,300,1537.565211
62.8,180,1537.595097
98.8,31,1537.60053
-34.1,300,1537.651853
-26.6,300,1537.700671
-56.0,300,1537.750584
57.5,210,1537.785183
-28.0,300,1537.836323
-26.6,300,1537.885415
-50.6,300,1537.934586
103.7,14,1537.93738
-42.5,300,1537.988788
-40.8,300,1538.037378
87.6,75,1538.050666
103.6,19,1538.053797
-42.1,300,1538.104763
-62.2,300,1538.154485
-31.6,300,1538.203263
-38.2,300,1538.252882
68.6,173,1538.285084
-40.5,300,1538.334159
104.6,15,1538.336652
-37.7,300,1538.386437
-32.1,300,1538.436994
103.6,19,1538.440514
-57.0,300,1538.489891
-29.8,300,1538.538782
-32.8,300,1538.590429
-27.4,300,1538.639732
95.9,62,1538.650131
-26.2,300,1538.700285
-28.2,300,1538.750808
104.5,16,1538.75371
-27.8,300,1538.803091
101.6,20,1538.806523
85.0,189,1538.839433
88.8,63,1538.850172
-26.5,300,1538.900018
89.1,127,1538.920669
101.4,37,1538.928712
-28.4,300,1538.977682
-76.4,300,1539.028181
105.2,19,1539.031388
103.2,14,1539.035431
-38.1,300,1539.085258
-27.2,300,1539.135202
-28.3,300,1539.184384
-35.2,300,1539.236083
-29.7,300,1539.285215
-60.6,300,1539.335547
-53.1,300,1539.385131
-37.0,300,1539.436303
-33.0,300,1539.48513
-30.1,300,1539.535203
-28.8,300,1539.584146
104.9,22,1539.589604
94.2,72,1539.601799
-38.5,300,1539.651983
101.8,8,1539.65359
-43.2,300,1539.704151
102.2,17,1539.707474
-27.3,300,1539.757071
53.2,207,1539.791122
103.4,16,1539.795218
-35.4,300,1539.845614
-61.3,300,1539.894922
-25.0,300,1539.944237
104.0,16,1539.948781
45.9,241,1539.989088
73.4,294,1540.036785
-26.1,300,1540.086626
91.5,125,1540.108683
-27.1,300,1540.15834
-38.7,300,1540.207381
-37.2,300,1540.256197
-31.1,300,1540.307984
-72.8,300,1540.357348
-45.3,300,1540.407294
-32.6,300,1540.456304
102.8,8,1540.459241
103.2,18,1540.462684
101.9,7,1540.464229
-40.3,300,1540.513836
-25.2,300,1540.564362
103.4,16,1540.567304
104.3,18,1540.570373
-29.8,300,1540.620462
-29.2,300,1540.672367
-60.4,300,1540.728905
101.8,8,1540.730562
91.9,100,1540.747114
-28.4,300,1540.798637
-29.1,300,1540.847555
-36.2,300,1540.897344
-36.2,300,1540.946069
-35.7,300,1540.997734
-27.9,300,1541.046374
101.9,7,1541.047899
65.1,297,1541.096674
-29.0,300,1541.14712
-50.1,300,1541.196029
-29.8,300,1541.245401
84.1,93,1541.260765
-48.8,300,1541.31199
101.2,4,1541.31292
-30.1,300,1541.361739
-30.3,300,1541.411579
-55.9,300,1541.462778
102.6,18,1541.466269
102.0,11,1541.468363
-41.4,300,1541.518315
101.2,14,1541.521843
-71.1,300,1541.571748
-30.1,300,1541.621079
-73.0,300,1541.670654
-28.0,300,1541.721371
101.5,11,1541.723541
-26.5,300,1541.772742
-39.9,300,1541.821784
-29.5,300,1541.872986
-44.3,300,1541.922097
92.9,104,1541.93988
-28.2,300,1541.988912
-26.1,300,1542.038946
-51.1,300,1542.088594
-26.5,300,1542.137344
-30.1,300,1542.186886
-63.2,300,1542.237837
-46.9,300,1542.287428
-36.1,300,1542.336408
103.4,12,1542.338675
-28.0,300,1542.390151
-34.2,300,1542.439159
-56.5,300,1542.488981
103.6,19,1542.492493
-27.3,300,1542.54306
-35.0,300,1542.592936
88.2,101,1542.609485
102.3,8,1542.611071
-26.0,300,1542.661234
103.0,11,1542.663349
-26.5,300,1542.713088
-26.2,300,1542.761815
-52.5,300,1542.813
104.6,15,1542.815504
-28.5,300,1542.86436
90.9,64,1542.87511
-27.2,300,1542.926336
-29.0,300,1542.974923
102.4,7,1542.976442
-43.8,300,1543.026318
-40.4,300,1543.077002
-25.0,300,1543.126788
-29.9,300,1543.175791
101.0,6,1543.177219
-27.5,300,1543.228944
-28.6,300,1543.278838
-27.0,300,1543.329196
103.7,14,1543.331639
-29.5,300,1543.382179
102.2,17,1543.385171
102.8,8,1543.386757
82.4,196,1543.419644
-28.1,300,1543.470138
-27.1,300,1543.520078
-30.9,300,1543.569476
-59.7,300,1543.618644
102.6,10,1543.623112
105.1,15,1543.626054
-31.1,300,1543.675099
-28.1,300,1543.724205
-42.0,300,1543.775551
-57.2,300,1543.824886
-29.6,300,1543.874793
-26.0,300,1543.923686
102.7,14,1543.92767
103.8,17,1543.930661
-30.8,300,1543.980255
-47.5,300,1544.029299
-25.2,300,1544.080635
-40.2,300,1544.129607
-41.4,300,1544.179922
-35.8,300,1544.229243
-28.5,300,1544.280493
-29.6,300,1544.329437
-28.1,300,1544.379315
-26.7,300,1544.428034
-29.0,300,1544.479485
-36.2,300,1544.528694
-30.6,300,1544.578447
-26.1,300,1544.627756
93.2,94,1544.644812
-26.2,300,1544.694681
-36.0,300,1544.743866
-26.5,300,1544.793653
-29.7,300,1544.844543
-31.7,300,1544.893981
-52.1,300,1544.94365
101.4,37,1544.949968
-26.0,300,1545.00134
-27.5,300,1545.050337
102.1,10,1545.052423
101.4,7,1545.053588
101.1,5,1545.056275
-62.2,300,1545.106206
100.5,6,1545.107281
104.4,17,1545.110212
-25.2,300,1545.160874
103.3,21,1545.164841
-35.4,300,1545.214429
-31.9,300,1545.263098
-26.1,300,1545.32324
85.0,182,1545.353114
-27.6,300,1545.402067
-27.3,300,1545.451674
-30.6,300,1545.502533
103.3,13,1545.504854
-27.8,300,1545.554822
-30.3,300,1545.603908
-36.8,300,1545.655441
-55.2,300,1545.704517
-27.2,300,1545.75395
-33.7,300,1545.803155
-40.9,300,1545.854854
104.9,17,1545.858212
-30.2,300,1545.907276
-27.6,300,1545.957081
-27.1,300,1546.007878
-29.0,300,1546.057835
-36.8,300,1546.106817
-26.0,300,1546.156329
-44.2,300,1546.20649
-27.3,300,1546.255368
104.1,19,1546.258539
102.1,10,1546.261253
-29.0,300,1546.31179
99.7,38,1546.318119
-26.4,300,1546.367687
-51.6,300,1546.417199
101.8,8,1546.420067
-45.4,300,1546.468992
73.1,141,1546.493401
-30.7,300,1546.542898
-27.6,300,1546.594154
-26.1,300,1546.642925
-31.4,300,1546.692601
104.0,20,1546.69617
-49.0,300,1546.747074
-28.9,300,1546.797068
-56.0,300,1546.846493
-26.3,300,1546.896405
-29.2,300,1546.947056
-30.3,300,1546.996492
-34.9,300,1547.045806
96.6,87,1547.059905
-48.7,300,1547.112154
-29.0,300,1547.161315
-28.1,300,1547.210701
-48.6,300,1547.260204
-75.3,300,1547.31177
103.4,20,1547.315979
-27.8,300,1547.365144
-33.1,300,1547.41383
-25.7,300,1547.465087
-48.8,300,1547.514302
101.7,22,1547.518372
101.5,6,1547.519457
97.5,53,1547.530875
-27.1,300,1547.57998
-30.2,300,1547.629034
-26.5,300,1547.678686
-76.4,300,1547.729857
-26.6,300,1547.779434
-35.2,300,1547.828363
-32.7,300,1547.87828
103.1,10,1547.881803
-30.5,300,1547.9308
-30.8,300,1547.980444
105.1,25,1547.984641
-37.2,300,1548.035203
102.9,20,1548.038744
-39.1,300,1548.088723
96.5,71,1548.100439
-30.4,300,1548.151193
-50.8,300,1548.201452
-40.1,300,1548.250552
-52.3,300,1548.301729
-30.3,300,1548.352937
-32.6,300,1548.402787
-44.0,300,1548.452209
-76.3,300,1548.502008
-55.8,300,1548.553113
-26.6,300,1548.602987
-28.4,300,1548.651772
-25.0,300,1548.701527
102.9,20,1548.706819
-27.1,300,1548.755835
-40.5,300,1548.805535
-28.4,300,1548.85461
-29.1,300,1548.905729
-64.7,300,1548.955028
-32.7,300,1549.00431
102.5,11,1549.006517
102.3,8,1549.00941
91.8,126,1549.030074
100.7,4,1549.03103
-40.7,300,1549.080363
104.7,14,1549.084795
-28.8,300,1549.134429
-33.1,300,1549.183254
-30.2,300,1549.233111
-28.2,300,1549.283489
90.9,112,1549.302114
103.4,12,1549.304364
-27.9,300,1549.354223
-38.6,300,1549.404986
-26.8,300,1549.454655
-29.3,300,1549.503664
-28.7,300,1549.553455
-25.1,300,1549.604003
86.5,81,1549.617602
-27.3,300,1549.667412
-31.3,300,1549.71685
-30.6,300,1549.768211
-26.9,300,1549.817377
-26.1,300,1549.867298
-33.5,300,1549.916173
-29.7,300,1549.967767
-27.1,300,1550.017054
-28.5,300,1550.066938
-60.9,300,1550.116817
-29.7,300,1550.168061
90.7,94,1550.183785
-27.6,300,1550.232986
76.7,163,1550.259843
97.0,62,1550.272776
-30.6,300,1550.321964
-29.4,300,1550.371711
104.3,18,1550.3748
-29.5,300,1550.426586
-29.1,300,1550.475896
-49.4,300,1550.526144
-26.5,300,1550.57544
-29.0,300,1550.626838
99.8,33,1550.632732
-73.4,300,1550.68275
79.4,184,1550.713597
-25.7,300,1550.764528
-31.2,300,1550.814154
-38.3,300,1550.863167
105.2,19,1550.866326
-41.2,300,1550.91724
104.0,16,1550.920165
-26.4,300,1550.969208
-31.4,300,1551.019098
-27.1,300,1551.069717
102.2,30,1551.07505
-28.2,300,1551.124961
-42.5,300,1551.174152
-27.6,300,1551.224937
-26.0,300,1551.274027
104.4,17,1551.276987
101.5,6,1551.278431
-30.0,300,1551.329481
-31.8,300,1551.378428
-26.7,300,1551.427212
104.3,18,1551.430871
-28.3,300,1551.481689
-37.9,300,1551.531188
85.5,171,1551.560329
-27.3,300,1551.609713
-26.5,300,1551.660812
102.4,12,1551.663072
97.3,63,1551.673748
-30.0,300,1551.722451
-29.3,300,1551.77425
-26.7,300,1551.823099
-76.3,300,1551.873725
-27.1,300,1551.922625
-36.3,300,1551.974013
-79.2,300,1552.02531
-26.7,300,1552.080283
-54.2,300,1552.129858
-28.4,300,1552.183983
-30.3,300,1552.233545
-26.6,300,1552.284578
102.9,12,1552.286863
-29.5,300,1552.337961
104.7,14,1552.340365
-45.1,300,1552.391144
68.3,180,1552.421786
95.2,41,1552.430368
-29.5,300,1552.483247
-28.7,300,1552.537835
-27.1,300,1552.589258
-26.6,300,1552.640391
50.9,220,1552.677285
-31.1,300,1552.727481
-27.1,300,1552.778011
-31.1,300,1552.829628
-32.7,300,1552.878725
-27.9,300,1552.928472
-34.0,300,1552.977712
-27.1,300,1553.028745
-26.6,300,1553.077247
-54.6,300,1553.127406
-35.4,300,1553.17632
-28.1,300,1553.228484
-41.7,300,1553.278747
-26.0,300,1553.329185
100.8,28,1553.334123
-26.6,300,1553.384512
-37.6,300,1553.433955
-27.4,300,1553.483117
-33.0,300,1553.531566
-59.0,300,1553.583547
-41.1,300,1553.632769
83.3,186,1553.664095
-37.7,300,1553.71307
-28.1,300,1553.764545
104.8,18,1553.767626
99.5,45,1553.775618
-31.1,300,1553.82737
82.8,213,1553.865729
-30.7,300,1553.914794
-29.4,300,1553.964441
-36.2,300,1554.013059
-60.7,300,1554.064078
-35.0,300,1554.115686
105.0,21,1554.119338
-50.2,300,1554.170082
-45.9,300,1554.223201
-31.1,300,1554.273875
-29.2,300,1554.325571
-34.6,300,1554.376304
-27.0,300,1554.429862
-26.7,300,1554.48032
-28.4,300,1554.531574
-31.6,300,1554.581787
-26.5,300,1554.63426
104.0,20,1554.638186
-26.9,300,1554.68819
-35.6,300,1554.739458
-29.1,300,1554.791499
-28.6,300,1554.842697
-29.4,300,1554.892144
-30.9,300,1554.943836
-38.8,300,1554.996209
-27.1,300,1555.04841
104.5,16,1555.051258
-69.3,300,1555.101513
-33.3,300,1555.153875
-27.5,300,1555.20448
100.6,5,1555.205661
-86.4,300,1555.258215
-28.6,300,1555.309822
100.5,11,1555.311942
101.1,17,1555.315007
-28.0,300,1555.366928
-27.7,300,1555.419237
-27.0,300,1555.470774
-29.9,300,1555.52114
-77.0,300,1555.57273
-29.2,300,1555.624607
-27.9,300,1555.67575
-45.9,300,1555.724693
-39.7,300,1555.774577
103.1,10,1555.778349
-28.5,300,1555.827461
-33.0,300,1555.877761
-26.1,300,1555.926644
104.2,18,1555.931098
-69.1,300,1555.981178
-25.7,300,1556.030032
-28.7,300,1556.07997
83.5,94,1556.097672
98.0,39,1556.104386
-27.6,300,1556.153561
-28.9,300,1556.20347
-32.2,300,1556.254182
-27.4,300,1556.304135
94.1,95,1556.319618
-33.2,300,1556.368692
91.9,122,1556.391321
81.7,105,1556.408699
-27.3,300,1556.457584
-53.3,300,1556.507514
-27.4,300,1556.558537
-39.8,300,1556.608983
-28.3,300,1556.658018
-27.2,300,1556.707676
104.8,18,1556.712451
-68.8,300,1556.761708
91.7,93,1556.77701
101.5,6,1556.7781
-58.3,300,1556.8297
-63.1,300,1556.87919
-27.1,300,1556.928715
99.1,32,1556.934285
-51.0,300,1556.984509
92.7,87,1556.999268
-27.6,300,1557.049204
-27.6,300,1557.098362
-28.9,300,1557.150798
103.5,11,1557.153221
-44.8,300,1557.204649
-29.8,300,1557.255579
-27.5,300,1557.307937
-27.2,300,1557.359569
-31.6,300,1557.410404
-30.5,300,1557.461839
-32.6,300,1557.514029
-27.0,300,1557.56564
-27.7,300,1557.616326
102.0,6,1557.617416
-26.6,300,1557.670533
58.1,273,1557.71717
-28.6,300,1557.768544
101.1,5,1557.769543
-26.7,300,1557.821859
-42.7,300,1557.872837
103.0,15,1557.875689
101.9,7,1557.876859
101.2,4,1557.8792
-75.6,300,1557.930954
94.9,87,1557.945892
-49.3,300,1557.997684
-26.3,300,1558.050946
-29.4,300,1558.102709
103.3,17,1558.10591
101.1,13,1558.108562
103.8,17,1558.11313
104.6,20,1558.116782
100.7,4,1558.117735
-28.0,300,1558.168807
-26.7,300,1558.221815
102.2,9,1558.223532
102.3,8,1558.225284
-47.2,300,1558.277764
-57.1,300,1558.329342
-33.2,300,1558.378391
90.6,108,1558.397134
-26.0,300,1558.446233
100.8,8,1558.449189
-31.9,300,1558.49914
104.2,14,1558.501935
-26.7,300,1558.550961
-28.2,300,1558.602604
-27.9,300,1558.651609
-28.0,300,1558.701203
-25.0,300,1558.75052
103.8,18,1558.754911
-26.9,300,1558.804063
-27.0,300,1558.855203
-74.8,300,1558.905179
-27.8,300,1558.962058
-28.4,300,1559.011304
105.1,20,1559.015666
-35.9,300,1559.065118
-26.0,300,1559.115767
85.6,180,1559.14602
-37.9,300,1559.194997
104.2,14,1559.197807
-31.6,300,1559.249251
-35.3,300,1559.298019
-25.9,300,1559.348004
-26.6,300,1559.396559
-26.4,300,1559.447881
104.1,19,1559.451045
-25.0,300,1559.500291
95.7,81,1559.514102
-26.2,300,1559.565312
-36.0,300,1559.614578
-42.4,300,1559.66482
102.9,12,1559.667044
-43.9,300,1559.718258
-29.1,300,1559.768197
-33.3,300,1559.817264
102.4,16,1559.820204
-59.9,300,1559.871358
104.8,18,1559.874439
-35.0,300,1559.92329
103.3,13,1559.925603
99.2,36,1559.93312
102.2,22,1559.937212
75.8,234,1559.976194
-32.9,300,1560.025455
-52.9,300,1560.07682
-27.2,300,1560.125815
-26.8,300,1560.174796
-26.7,300,1560.224553
-34.9,300,1560.275131
88.2,134,1560.297914
-26.3,300,1560.346733
59.5,274,1560.392106
101.5,6,1560.395133
102.6,18,1560.398253
104.1,19,1560.40183
84.6,91,1560.41722
-74.1,300,1560.468594
-37.8,300,1560.518759
-28.9,300,1560.567769
-30.9,300,1560.617228
57.8,218,1560.65456
102.4,12,1560.656801
101.5,6,1560.65824
-36.9,300,1560.708194
-29.9,300,1560.759264
102.3,16,1560.762216
-27.6,300,1560.811773
97.7,36,1560.818068
-25.9,300,1560.868328
-28.5,300,1560.918029
-33.0,300,1560.967314
-34.4,300,1561.016098
-27.3,300,1561.067489
90.5,131,1561.089209
-28.7,300,1561.138752
-30.7,300,1561.187654
-27.1,300,1561.238931
-55.8,300,1561.288267
-28.8,300,1561.338246
-59.2,300,1561.387941
-27.8,300,1561.438526
-26.6,300,1561.48835
-27.4,300,1561.538224
103.4,21,1561.541783
100.7,4,1561.544142
-27.2,300,1561.594202
-32.4,300,1561.643254
-26.1,300,1561.693228
-50.1,300,1561.745066
-38.1,300,1561.795075
-35.4,300,1561.844085
-26.8,300,1561.893874
102.4,16,1561.898634
-29.1,300,1561.947568
-45.8,300,1561.997381
-73.5,300,1562.046272
-27.2,300,1562.097621
-54.2,300,1562.146736
-35.3,300,1562.196198
-43.0,300,1562.245246
96.0,36,1562.252919
-28.3,300,1562.302761
102.7,14,1562.305143
91.3,117,1562.324658
93.7,51,1562.334611
104.5,16,1562.337542
-40.3,300,1562.387539
-43.6,300,1562.43691
103.1,15,1562.441116
-28.8,300,1562.490361
102.5,19,1562.494498
103.1,18,1562.497586
-73.6,300,1562.548417
-30.5,300,1562.597714
-35.5,300,1562.646856
-26.5,300,1562.695423
103.0,19,1562.700275
-50.1,300,1562.749907
-30.6,300,1562.798324
-29.0,300,1562.848469
-34.3,300,1562.899211
-79.4,300,1562.94985
-29.3,300,1562.998745
-36.2,300,1563.048883
-26.0,300,1563.099831
-28.8,300,1563.149709
-26.0,300,1563.198322
-30.2,300,1563.247243
47.5,226,1563.286592
99.2,23,1563.290612
-30.7,300,1563.34096
-28.9,300,1563.390005
-39.9,300,1563.441037
-37.9,300,1563.491087
-64.8,300,1563.54025
105.3,18,1563.543695
102.7,9,1563.547242
-41.3,300,1563.596622
99.4,45,1563.604052
87.0,88,1563.618547
101.1,5,1563.621211
104.6,20,1563.624791
103.5,16,1563.627805
-72.2,300,1563.677628
-50.5,300,1563.7286
101.4,12,1563.73077
-76.3,300,1563.781187
-59.4,300,1563.830607
59.2,166,1563.859259
103.3,13,1563.861548
101.8,8,1563.863845
-54.3,300,1563.913377
86.1,78,1563.928444
103.7,18,1563.93148
-27.3,300,1563.981044
-39.0,300,1564.030094
-28.3,300,1564.081262
-32.6,300,1564.130033
102.3,16,1564.132977
101.9,7,1564.134482
-28.8,300,1564.185601
-47.8,300,1564.234511
-26.1,300,1564.283372
-37.0,300,1564.333389
-30.7,300,1564.384358
-27.5,300,1564.434024
-37.7,300,1564.482866
-32.0,300,1564.532524
-49.4,300,1564.583621
104.8,18,1564.587071
103.7,18,1564.59015
-63.4,300,1564.640241
-27.0,300,1564.691309
101.4,27,1564.696151
-71.2,300,1564.746378
-28.1,300,1564.795121
100.6,5,1564.797499
-27.1,300,1564.847669
-49.7,300,1564.897365
-32.2,300,1564.947168
-51.6,300,1564.998141
-28.8,300,1565.048147
103.6,15,1565.050968
-31.9,300,1565.100115
-28.3,300,1565.151863
-45.9,300,1565.200832
-45.1,300,1565.250787
-30.6,300,1565.299978
-30.7,300,1565.351265
-31.2,300,1565.400298
85.4,78,1565.413324
-28.4,300,1565.463089
-32.3,300,1565.514127
103.3,13,1565.516849
101.5,6,1565.51793
104.6,20,1565.521544
104.6,20,1565.526179
-27.4,300,1565.576235
-26.7,300,1565.625349
74.5,127,1565.646778
-26.9,300,1565.69842
102.2,9,1565.700115
-26.7,300,1565.749113
-26.7,300,1565.79901
105.0,21,1565.804369
-27.7,300,1565.853639
102.9,12,1565.855836
102.5,11,1565.85798
-29.1,300,1565.909312
-26.2,300,1565.958563
93.0,84,1565.973288
92.3,62,1565.983955
-34.3,300,1566.034999
-25.0,300,1566.085062
-28.2,300,1566.133763
-30.1,300,1566.183438
-30.1,300,1566.233824
104.0,21,1566.237434
-29.5,300,1566.287207
-27.3,300,1566.336351
102.8,13,1566.339852
72.1,130,1566.361996
-31.0,300,1566.411956
-72.7,300,1566.461633
-26.1,300,1566.513411
-37.7,300,1566.562649
-27.3,300,1566.612599
94.9,91,1566.627364
94.0,91,1566.643925
102.8,8,1566.645519
97.9,32,1566.651122
-26.5,300,1566.70054
-30.0,300,1566.752406
-41.1,300,1566.801458
-33.5,300,1566.851128
-48.2,300,1566.900287
-49.6,300,1566.951651
-36.0,300,1567.000805
-28.3,300,1567.050887
105.6,20,1567.054507
-46.8,300,1567.105804
80.5,236,1567.145403
-26.5,300,1567.194368
-50.4,300,1567.244775
102.3,8,1567.248107
-68.8,300,1567.298072
-34.4,300,1567.348165
103.0,11,1567.350377
-30.7,300,1567.40112
-31.2,300,1567.450899
-27.2,300,1567.499749
-32.0,300,1567.549682
72.9,283,1567.597676
-31.3,300,1567.646879
-42.8,300,1567.696979
-34.0,300,1567.746124
-62.2,300,1567.797937
-30.6,300,1567.846694
100.7,9,1567.848336
-45.9,300,1567.898076
93.9,59,1567.909599
100.7,4,1567.910527
101.6,5,1567.911509
-26.9,300,1567.960302
103.6,15,1567.964759
70.3,277,1568.010808
-28.5,300,1568.059792
101.9,7,1568.061291
89.8,113,1568.082046
-27.7,300,1568.131216
-27.6,300,1568.180998
93.1,95,1568.196927
-31.9,300,1568.247546
95.7,36,1568.253739
-27.1,300,1568.305293
-44.0,300,1568.354434
94.8,73,1568.368267
-32.0,300,1568.417881
-31.6,300,1568.466835
-69.5,300,1568.516972
-28.6,300,1568.567547
104.4,17,1568.570482
-27.3,300,1568.620179
-31.7,300,1568.66954
-44.7,300,1568.720976
-36.6,300,1568.770129
103.8,18,1568.773576
60.0,191,1568.80429
-27.9,300,1568.855529
104.1,20,1568.858955
-27.4,300,1568.907647
103.0,20,1568.911148
103.3,21,1568.917385
-34.7,300,1568.966271
-28.9,300,1569.015314
-29.2,300,1569.064912
-69.2,300,1569.115388
-42.1,300,1569.164858
-28.5,300,1569.213507
95.1,35,1569.219162
-30.4,300,1569.271513
94.0,53,1569.280905
-35.0,300,1569.329551
102.1,10,1569.331304
-37.4,300,1569.383447
-26.4,300,1569.43251
102.2,17,1569.435484
-25.0,300,1569.48481
-29.2,300,1569.535686
-27.3,300,1569.585123
-31.2,300,1569.633824
-25.1,300,1569.682543
104.5,16,1569.687022
90.7,123,1569.707834
102.1,10,1569.709946
-35.2,300,1569.760608
81.2,214,1569.797233
104.5,16,1569.800239
-29.0,300,1569.850091
-35.3,300,1569.899094
-27.2,300,1569.949926
102.9,12,1569.952164
-30.6,300,1570.001605
-61.2,300,1570.050594
-31.3,300,1570.102397
101.7,9,1570.104076
66.7,146,1570.128623
102.8,13,1570.130893
-56.6,300,1570.182531
-27.3,300,1570.230993
-35.4,300,1570.279606
-33.5,300,1570.328949
-27.5,300,1570.379777
-28.5,300,1570.428552
101.0,6,1570.430019
-30.9,300,1570.478278
-30.7,300,1570.528834
-51.7,300,1570.577533
-27.0,300,1570.626818
-60.7,300,1570.675473
-29.5,300,1570.726485
90.6,119,1570.745761
99.7,37,1570.752272
101.9,7,1570.753425
-27.0,300,1570.803755
104.8,18,1570.807182
103.3,13,1570.809475
-26.1,300,1570.85874
-66.2,300,1570.908896
-70.6,300,1570.958738
-26.2,300,1571.007017
-28.6,300,1571.055831
101.8,8,1571.059058
105.1,15,1571.061864
-30.7,300,1571.110562
102.6,14,1571.112933
103.7,18,1571.117331
101.3,13,1571.119679
103.0,11,1571.121876
-28.2,300,1571.17117
-42.3,300,1571.22098
-36.6,300,1571.269916
102.6,10,1571.271695
-45.2,300,1571.32073
99.7,27,1571.326964
-31.0,300,1571.376993
-40.0,300,1571.426232
-44.7,300,1571.475306
-28.3,300,1571.525832
-29.0,300,1571.575426
-27.8,300,1571.624086
-28.7,300,1571.673259
-80.6,300,1571.724839
103.9,12,1571.727088
102.7,22,1571.731074
-27.1,300,1571.781182
-30.2,300,1571.83263
102.0,20,1571.836299
-39.9,300,1571.886098
-25.0,300,1571.935891
-39.8,300,1571.990619
102.7,14,1571.993014
-28.6,300,1572.041523
-31.1,300,1572.090802
103.1,10,1572.094302
-35.4,300,1572.143931
104.5,16,1572.146851
-29.5,300,1572.196471
102.7,14,1572.199963
-38.1,300,1572.248884
-30.7,300,1572.29828
-40.0,300,1572.34703
99.6,28,1572.353172
105.0,21,1572.35685
104.6,20,1572.360405
-44.4,300,1572.409953
-29.5,300,1572.45959
103.3,17,1572.462919
-29.1,300,1572.512035
-40.8,300,1572.56049
-26.6,300,1572.611119
-29.4,300,1572.659641
-29.4,300,1572.708072
-25.0,300,1572.757362
-33.7,300,1572.807828
100.8,38,1572.814084
-37.5,300,1572.863459
-30.2,300,1572.91192
-29.4,300,1572.962361
103.8,13,1572.964658
-28.3,300,1573.012972
103.7,18,1573.016377
99.7,79,1573.032027
-28.6,300,1573.08074
-33.4,300,1573.12922
104.6,20,1573.133529
91.0,107,1573.152127
-30.4,300,1573.201295
-28.2,300,1573.250835
-29.2,300,1573.300841
-38.2,300,1573.352407
-66.3,300,1573.402176
105.2,19,1573.405696
-28.5,300,1573.455632
102.3,8,1573.458941
104.4,17,1573.461999
-26.5,300,1573.511355
-28.7,300,1573.561174
-44.2,300,1573.611728
80.8,196,1573.643963
-37.1,300,1573.693546
-27.7,300,1573.742601
-27.2,300,1573.793501
-40.7,300,1573.842935
-27.6,300,1573.892971
-45.9,300,1573.942291
104.9,17,1573.94702
103.2,14,1573.949408
-46.8,300,1573.999705
-39.7,300,1574.048637
-30.1,300,1574.100299
-33.6,300,1574.149335
-26.6,300,1574.199353
-61.8,300,1574.249232
-35.6,300,1574.301148
92.7,114,1574.320172
101.2,4,1574.321103
-26.1,300,1574.370312
104.1,20,1574.375128
-50.2,300,1574.425061
-28.5,300,1574.47354
-28.7,300,1574.522689
-26.1,300,1574.572617
-26.0,300,1574.622235
-30.8,300,1574.67124
-59.3,300,1574.721561
-28.9,300,1574.771976
-39.2,300,1574.821576
-49.5,300,1574.870617
-28.1,300,1574.919816
-58.0,300,1574.971967
89.8,123,1574.99207
-30.1,300,1575.041867
104.0,16,1575.044766
85.5,166,1575.074054
-46.5,300,1575.123048
-26.6,300,1575.172819
-34.0,300,1575.221742
-30.0,300,1575.272323
83.8,171,1575.300689
-28.6,300,1575.350409
-34.2,300,1575.399486
-27.3,300,1575.450975
100.7,4,1575.451922
-29.8,300,1575.501357
-27.4,300,1575.550836
-40.6,300,1575.602261
-36.3,300,1575.651467
-28.5,300,1575.701399
-28.8,300,1575.750261
-28.9,300,1575.801551
103.4,12,1575.803827
-64.2,300,1575.852593
-78.3,300,1575.901784
60.2,300,1575.952792
-73.8,300,1576.00327
-31.3,300,1576.052197
-30.1,300,1576.101794
-45.5,300,1576.152584
90.6,168,1576.180235
94.2,64,1576.191718
104.6,20,1576.195246
101.6,10,1576.19858
-26.0,300,1576.247374
-25.7,300,1576.297096
-70.3,300,1576.346353
-34.4,300,1576.397548
-39.1,300,1576.446835
-30.7,300,1576.495447
102.6,10,1576.498174
-28.4,300,1576.548185
-29.8,300,1576.596333
82.5,158,1576.622818
-27.9,300,1576.67114
95.4,72,1576.684918
-31.2,300,1576.734242
-26.9,300,1576.782392
-27.4,300,1576.831563
92.4,95,1576.848413
-26.7,300,1576.897141
90.2,117,1576.916335
103.3,17,1576.919349
-25.5,300,1576.971019
-30.5,300,1577.019931
-36.1,300,1577.069889
90.9,114,1577.088872
-35.2,300,1577.140003
-36.2,300,1577.188883
-42.1,300,1577.238404
104.4,17,1577.241442
103.1,20,1577.246324
-27.7,300,1577.294949
-48.1,300,1577.344799
-27.1,300,1577.393781
99.4,32,1577.401158
98.2,54,1577.410596
-27.4,300,1577.460182
-33.1,300,1577.508627
-39.6,300,1577.559914
-36.2,300,1577.609835
-30.0,300,1577.66595
-48.1,300,1577.715048
103.2,14,1577.719168
-49.0,300,1577.76925
-27.7,300,1577.817921
-26.5,300,1577.86643
-28.6,300,1577.916932
-30.1,300,1577.965379
-26.8,300,1578.014625
-34.7,300,1578.063236
-26.2,300,1578.113963
-28.2,300,1578.162946
-29.0,300,1578.212328
-26.5,300,1578.260951
-30.7,300,1578.313619
-45.7,300,1578.362941
74.8,278,1578.40922
-30.1,300,1578.458447
-69.7,300,1578.510283
105.2,19,1578.513458
-26.8,300,1578.561988
103.8,18,1578.565389
-41.5,300,1578.617047
103.5,11,1578.619151
102.4,20,1578.622665
102.5,11,1578.624471
-32.0,300,1578.674309
104.7,23,1578.678479
-28.2,300,1578.728119
102.5,15,1578.730966
-37.1,300,1578.781082
-26.1,300,1578.830624
-45.2,300,1578.879778
103.0,11,1578.881994
86.6,164,1578.910704
-30.0,300,1578.960603
-80.4,300,1579.010215
102.1,10,1579.011971
-30.3,300,1579.06312
-26.5,300,1579.111656
-68.5,300,1579.162035
-28.0,300,1579.210775
-42.5,300,1579.261668
-28.5,300,1579.310352
-34.6,300,1579.359689
-38.8,300,1579.408855
-39.3,300,1579.459687
-43.0,300,1579.509073
102.8,13,1579.51136
-30.2,300,1579.560933
102.3,16,1579.565112
-30.1,300,1579.614242
-32.9,300,1579.66429
98.4,45,1579.672252
-36.2,300,1579.723009
-28.3,300,1579.772991
72.7,152,1579.797885
-28.3,300,1579.847215
-53.6,300,1579.899099
-30.2,300,1579.948206
-44.8,300,1579.998349
-44.4,300,1580.047669
-27.5,300,1580.099341
-34.3,300,1580.148459
-28.8,300,1580.19853
103.8,18,1580.201584
-42.4,300,1580.252103
-32.9,300,1580.30145
-38.0,300,1580.35036
-31.0,300,1580.399092
98.6,33,1580.406649
103.9,21,1580.41067
-75.4,300,1580.460533
-44.0,300,1580.510193
104.9,17,1580.514827
89.2,125,1580.535471
-40.7,300,1580.584542
-35.0,300,1580.634136
102.2,9,1580.636957
-36.1,300,1580.686126
-79.1,300,1580.736426
-29.6,300,1580.785345
104.2,14,1580.78984
-27.7,300,1580.83979
102.7,14,1580.842155
-25.6,300,1580.890832
-46.8,300,1580.942206
-59.0,300,1580.991993
-29.7,300,1581.041686
-26.5,300,1581.090688
102.7,9,1581.093834
-59.4,300,1581.144069
-25.1,300,1581.19291
-28.1,300,1581.241952
-44.2,300,1581.293786
-38.2,300,1581.343276
-71.3,300,1581.393572
-30.0,300,1581.44229
-31.6,300,1581.49362
104.9,17,1581.496643
-29.9,300,1581.545649
-31.5,300,1581.595596
-28.3,300,1581.646095
75.7,273,1581.691287
-51.5,300,1581.740183
-26.3,300,1581.789869
-27.4,300,1581.840476
101.6,18,1581.84388
100.6,54,1581.852699
103.7,14,1581.855486
-33.2,300,1581.906808
-61.2,300,1581.956127
-78.3,300,1582.006694
-34.0,300,1582.055813
101.9,20,1582.0609
103.4,16,1582.06384
-49.0,300,1582.114124
-49.4,300,1582.163155
-26.1,300,1582.214725
-47.5,300,1582.26393
-37.3,300,1582.313966
-47.0,300,1582.363247
102.0,15,1582.367269
-52.2,300,1582.417647
-32.9,300,1582.466812
-28.7,300,1582.516483
-28.2,300,1582.567025
-28.6,300,1582.616688
-28.0,300,1582.665555
-48.4,300,1582.714849
103.7,18,1582.71976
100.7,4,1582.721338
103.5,21,1582.725043
-29.1,300,1582.774439
-45.8,300,1582.824863
-28.1,300,1582.874569
105.0,16,1582.87752
-31.3,300,1582.926234
-26.7,300,1582.977096
-29.5,300,1583.025831
-42.8,300,1583.075504
-51.9,300,1583.124234
104.2,19,1583.129217
-50.4,300,1583.179191
-28.6,300,1583.228293
-54.8,300,1583.278525
-28.4,300,1583.330073
54.7,299,1583.380372
-31.2,300,1583.429508
-37.1,300,1583.479644
-50.8,300,1583.52958
-27.2,300,1583.579207
-28.7,300,1583.628122
-70.7,300,1583.678522
-35.9,300,1583.729341
-44.7,300,1583.779154
103.0,11,1583.781009
97.0,46,1583.789016
-27.6,300,1583.839254
-32.4,300,1583.888623
-36.9,300,1583.937333
-28.0,300,1583.986777
-55.2,300,1584.038037
-31.0,300,1584.087737
-30.4,300,1584.13657
101.9,7,1584.138087
-69.5,300,1584.188809
-27.3,300,1584.238374
43.1,275,1584.282925
-33.4,300,1584.332414
97.1,70,1584.345786
-26.8,300,1584.394894
-39.5,300,1584.444587
-69.7,300,1584.494083
102.7,9,1584.497372
-63.8,300,1584.547536
-59.4,300,1584.597044
103.9,21,1584.6006
102.6,19,1584.605437
102.9,12,1584.607622
-28.1,300,1584.657521
-31.6,300,1584.70686
-27.1,300,1584.75859
84.2,177,1584.787591
-42.7,300,1584.837182
-26.5,300,1584.886143
101.5,14,1584.890175
-44.8,300,1584.939884
-45.7,300,1584.988991
50.3,222,1585.025772
102.1,10,1585.029226
-38.7,300,1585.079202
99.9,32,1585.084759
-53.2,300,1585.13397
-41.8,300,1585.185712
-47.4,300,1585.234885
-29.4,300,1585.284668
105.4,22,1585.288408
-25.7,300,1585.338872
-26.6,300,1585.38849
104.0,16,1585.391407
-42.1,300,1585.44052
-31.7,300,1585.492213
104.9,17,1585.495582
-27.7,300,1585.544374
-26.8,300,1585.593739
93.2,98,1585.611183
-30.4,300,1585.659584
-25.8,300,1585.709288
-26.1,300,1585.758138
-28.2,300,1585.809272
102.1,14,1585.812064
-34.3,300,1585.860923
-73.7,300,1585.910791
-30.4,300,1585.961227
-34.5,300,1586.01118
-27.1,300,1586.059977
101.3,21,1586.0636
-40.0,300,1586.114952
-32.8,300,1586.163893
-28.4,300,1586.21357
-34.1,300,1586.262466
-57.3,300,1586.314802
-30.7,300,1586.363924
-34.9,300,1586.414125
-34.0,300,1586.462986
-41.4,300,1586.514585
101.8,13,1586.516922
104.3,18,1586.520385
-55.3,300,1586.569416
-29.3,300,1586.620344
-26.1,300,1586.674646
-53.6,300,1586.725142
103.5,21,1586.728752
-33.8,300,1586.779154
102.7,17,1586.782168
-25.5,300,1586.831841
-25.7,300,1586.880408
101.5,6,1586.883015
-47.1,300,1586.933307
-26.0,300,1586.982174
-28.2,300,1587.031188
-33.8,300,1587.083081
-32.3,300,1587.13206
-28.5,300,1587.181726
-28.9,300,1587.230467
104.1,20,1587.235342
105.0,16,1587.238263
101.8,8,1587.239835
-27.5,300,1587.289423
-33.0,300,1587.339993
-30.8,300,1587.389889
-80.4,300,1587.439723
-25.0,300,1587.489256
-26.6,300,1587.540067
-43.2,300,1587.589893
-29.7,300,1587.638764
-28.1,300,1587.688844
-27.1,300,1587.739288
-39.6,300,1587.788994
-40.0,300,1587.838119
-30.0,300,1587.88768
-78.6,300,1587.939172
-57.8,300,1587.988939
-28.0,300,1588.03794
-77.1,300,1588.087233
102.3,28,1588.094158
-29.8,300,1588.143152
101.6,5,1588.144156
-37.1,300,1588.192962
-28.8,300,1588.244252
-48.2,300,1588.294171
103.0,11,1588.296454
-28.7,300,1588.347232
-28.0,300,1588.398724
91.8,106,1588.416888
-41.8,300,1588.466386
-29.3,300,1588.516389
-31.8,300,1588.567003
-26.5,300,1588.616285
-27.0,300,1588.665139
103.0,34,1588.671249
-28.6,300,1588.722726
-27.0,300,1588.771558
-27.5,300,1588.820906
-35.2,300,1588.869883
-37.0,300,1588.920479
-41.6,300,1588.970355
100.8,13,1588.972624
-40.2,300,1589.021676
-29.7,300,1589.072895
-26.7,300,1589.121854
74.9,130,1589.143945
-36.5,300,1589.192928
-31.8,300,1589.244407
-30.5,300,1589.293363
-27.4,300,1589.342961
95.2,79,1589.356137
-39.4,300,1589.406484
102.5,11,1589.408644
100.8,3,1589.409504
-31.1,300,1589.45898
-58.7,300,1589.510009
-28.3,300,1589.559714
-27.5,300,1589.60863
49.3,295,1589.656539
-28.3,300,1589.707428
-58.3,300,1589.756438
-29.0,300,1589.805891
-26.8,300,1589.854722
-48.3,300,1589.906562
-30.6,300,1589.955178
-30.0,300,1590.004487
-44.9,300,1590.053299
102.2,9,1590.056802
-37.2,300,1590.106853
-28.1,300,1590.155865
102.9,12,1590.158126
-25.5,300,1590.209163
101.1,5,1590.210146
-41.2,300,1590.259034
-36.8,300,1590.308943
104.7,19,1590.314179
95.9,53,1590.323084
-35.9,300,1590.372262
-28.8,300,1590.422099
-61.6,300,1590.473331
-40.0,300,1590.523431
-27.9,300,1590.572294
-25.0,300,1590.62209
-76.2,300,1590.673645
-29.9,300,1590.723247
-66.5,300,1590.772816
-29.0,300,1590.822744
-27.6,300,1590.873169
75.8,235,1590.91139
-27.8,300,1590.960956
-28.3,300,1591.009802
-26.2,300,1591.060683
-55.1,300,1591.11027
98.0,29,1591.1152
102.9,21,1591.118727
-40.0,300,1591.170702
87.6,134,1591.19318
-30.1,300,1591.242799
-26.0,300,1591.291884
-29.9,300,1591.343317
-65.9,300,1591.393104
-36.0,300,1591.44165
-28.8,300,1591.491083
103.4,12,1591.494724
-29.2,300,1591.544106
98.3,58,1591.554324
78.3,169,1591.582182
78.0,187,1591.614655
101.1,5,1591.615654
104.4,22,1591.619654
-27.3,300,1591.669335
101.2,4,1591.671626
-35.8,300,1591.721174
-55.5,300,1591.770814
93.3,41,1591.777717
-29.4,300,1591.828372
102.9,12,1591.830637
102.5,11,1591.83276
-32.8,300,1591.882413
-36.9,300,1591.93275
50.8,209,1591.967409
-32.7,300,1592.017304
-33.2,300,1592.06611
-27.0,300,1592.11751
-28.2,300,1592.166318
-30.0,300,1592.215933
68.4,139,1592.239249
103.9,17,1592.243943
101.8,20,1592.247495
-47.9,300,1592.297517
-31.4,300,1592.346598
-33.0,300,1592.397809
-30.0,300,1592.44714
-26.3,300,1592.49653
102.6,10,1592.498649
-27.0,300,1592.549646
105.2,19,1592.552763
83.6,235,1592.591447
-29.9,300,1592.641235
77.4,105,1592.660518
87.8,66,1592.67177
101.2,4,1592.672703
-28.5,300,1592.722269
-33.5,300,1592.772898
-64.1,300,1592.823391
-28.3,300,1592.87251
102.5,11,1592.874663
-29.0,300,1592.925894
-31.1,300,1592.975104
104.7,19,1592.978172
96.2,37,1592.984827
104.8,18,1592.989
-27.8,300,1593.039058
79.8,81,1593.052651
102.7,9,1593.054682
-28.6,300,1593.105583
-69.7,300,1593.155883
-28.2,300,1593.205029
-36.6,300,1593.254798
103.0,11,1593.257962
-30.4,300,1593.307972
-31.8,300,1593.358194
-29.6,300,1593.408399
-44.6,300,1593.460092
-28.9,300,1593.509126
-32.4,300,1593.558949
-29.0,300,1593.607838
-26.4,300,1593.659126
-35.9,300,1593.708171
-27.5,300,1593.757107
-27.6,300,1593.806892
-25.2,300,1593.857426
-29.6,300,1593.906871
-38.4,300,1593.955888
-46.2,300,1594.005299
-70.5,300,1594.056229
100.3,24,1594.060376
-29.2,300,1594.110068
-40.2,300,1594.159273
-29.5,300,1594.210911
-27.1,300,1594.259896
-35.3,300,1594.309685
100.7,4,1594.310629
-28.1,300,1594.361374
-28.9,300,1594.411016
-28.7,300,1594.460121
-34.1,300,1594.510329
100.7,4,1594.512937
-42.2,300,1594.561998
-36.7,300,1594.612
-32.1,300,1594.660764
100.9,7,1594.663659
-30.0,300,1594.713774
-28.7,300,1594.762702
-62.1,300,1594.811916
-28.9,300,1594.863166
-32.2,300,1594.912246
83.3,92,1594.928441
104.2,19,1594.931902
-47.3,300,1594.982989
-27.2,300,1595.032668
-31.8,300,1595.082078
-31.8,300,1595.131299
102.2,9,1595.134387
-31.8,300,1595.183535
-30.2,300,1595.232579
105.2,24,1595.237423
100.5,6,1595.240431
-28.4,300,1595.289303
-29.7,300,1595.338448
-45.7,300,1595.388291
-76.6,300,1595.438612
102.0,19,1595.441692
103.1,18,1595.445117
101.0,23,1595.449791
102.9,16,1595.454323
102.7,9,1595.456019
-26.4,300,1595.505027
-28.0,300,1595.554435
-26.2,300,1595.604642
101.2,4,1595.605558
100.3,24,1595.609765
101.8,16,1595.612779
103.7,19,1595.617701
79.9,111,1595.636328
103.0,11,1595.638642
100.6,5,1595.63967
-38.5,300,1595.692159
88.9,147,1595.72161
-35.2,300,1595.771407
102.8,21,1595.775051
102.5,11,1595.778604
-29.5,300,1595.828065
85.8,189,1595.858726
103.5,20,1595.862273
94.5,40,1595.871739
-48.5,300,1595.920818
105.2,19,1595.924416
-29.8,300,1595.973532
99.7,44,1595.9831
-39.7,300,1596.032363
98.2,67,1596.043644
-40.0,300,1596.093095
103.1,19,1596.09794
-34.4,300,1596.147461
104.1,23,1596.151227
-46.6,300,1596.201236
-27.3,300,1596.251736
-67.4,300,1596.301761
102.7,14,1596.304502
-77.2,300,1596.353978
-46.0,300,1596.404962
-59.3,300,1596.4541
104.7,19,1596.457614
-26.5,300,1596.507163
-25.9,300,1596.55804
102.2,9,1596.559664
-27.3,300,1596.608526
-30.1,300,1596.658572
-36.7,300,1596.708958
-29.8,300,1596.75873
100.6,5,1596.759747
102.4,17,1596.76263
59.8,167,1596.791986
-26.5,300,1596.842109
-32.4,300,1596.891084
-49.7,300,1596.940895
-30.9,300,1596.991444
-36.7,300,1597.040987
-51.7,300,1597.09034
103.2,18,1597.093823
-31.8,300,1597.144648
99.8,26,1597.149045
-30.6,300,1597.198077
83.0,201,1597.231054
104.0,16,1597.235722
-26.7,300,1597.285416
-27.6,300,1597.334407
-30.2,300,1597.383965
103.4,12,1597.387611
-27.6,300,1597.436668
-29.3,300,1597.486655
103.0,11,1597.488842
102.7,9,1597.491851
-36.7,300,1597.54113
-30.0,300,1597.590918
-28.8,300,1597.63972
-28.4,300,1597.691515
-26.0,300,1597.740647
-40.5,300,1597.790139
100.5,6,1597.791511
-41.2,300,1597.841893
101.6,5,1597.842907
-38.5,300,1597.892493
103.0,11,1597.894652
-38.7,300,1597.945023
72.9,297,1597.994181
-29.3,300,1598.043149
-46.5,300,1598.092901
-31.6,300,1598.143287
102.2,14,1598.145961
-29.2,300,1598.195415
-63.0,300,1598.24453
-29.2,300,1598.295015
-31.0,300,1598.345967
-64.9,300,1598.396175
-29.7,300,1598.446178
-28.5,300,1598.49699
-40.2,300,1598.546676
-51.5,300,1598.596274
-25.3,300,1598.646234
-28.6,300,1598.696727
95.2,84,1598.710695
89.1,130,1598.732846
-43.7,300,1598.782188
-28.1,300,1598.834122
96.2,57,1598.843575
90.5,137,1598.86624
-29.2,300,1598.915123
-28.6,300,1598.966392
96.4,45,1598.97404
-27.8,300,1599.023055
102.7,9,1599.024702
-38.2,300,1599.075944
-26.7,300,1599.12481
-40.0,300,1599.174697
-27.4,300,1599.223532
-32.5,300,1599.275196
-28.8,300,1599.324222
103.7,19,1599.327683
-29.3,300,1599.377453
-34.7,300,1599.428075
-46.7,300,1599.478077
103.5,11,1599.480278
-57.6,300,1599.529741
102.7,17,1599.534394
-26.0,300,1599.584033
-72.4,300,1599.633663
-41.4,300,1599.683603
97.6,34,1599.690842
101.5,6,1599.6923
-67.7,300,1599.742059
-27.6,300,1599.792121
-44.9,300,1599.842666
-41.0,300,1599.892329
-29.9,300,1599.941253
-30.0,300,1599.991035
104.3,18,1599.995716
-26.2,300,1600.044774
100.7,4,1600.045687
104.3,18,1600.049007
-36.0,300,1600.100482
103.2,18,1600.103522
-77.4,300,1600.153385
-36.4,300,1600.20299
87.0,165,1600.231944
104.2,14,1600.234366
102.7,17,1600.237368
-31.2,300,1600.2865
-27.7,300,1600.337805
-28.8,300,1600.386931
-28.8,300,1600.436644
103.8,13,1600.439337
103.6,19,1600.443854
-35.9,300,1600.493174
-58.8,300,1600.543614
-28.2,300,1600.592906
-64.3,300,1600.645236
-41.3,300,1600.694294
-26.7,300,1600.743939
-27.6,300,1600.793007
103.0,11,1600.796625
-76.1,300,1600.847414
-23.5,300,1600.896766
-57.9,300,1600.947188
100.8,12,1600.950954
101.7,9,1600.952626
104.0,16,1600.955548
-26.8,300,1601.004801
-30.6,300,1601.05633
-27.5,300,1601.105347
-67.0,300,1601.155701
104.5,16,1601.158589
-29.7,300,1601.208914
-23.7,300,1601.258662
-26.7,300,1601.307431
103.0,32,1601.312984
-27.5,300,1601.364672
-28.5,300,1601.413211
-29.9,300,1601.462661
-27.0,300,1601.511636
-28.1,300,1601.561971
-29.2,300,1601.611961
-28.0,300,1601.661084
-42.7,300,1601.710845
-29.8,300,1601.762232
-38.0,300,1601.811897
-29.6,300,1601.860739
104.2,19,1601.864198
102.6,18,1601.869016
-27.1,300,1601.918841
102.4,7,1601.919985
-28.9,300,1601.968777
-27.3,300,1602.020162
-35.7,300,1602.069575
-46.0,300,1602.119716
-42.9,300,1602.168821
-39.6,300,1602.220503
-27.0,300,1602.26919
-26.0,300,1602.31915
-26.8,300,1602.367637
-25.9,300,1602.419417
-31.7,300,1602.468544
-50.0,300,1602.518238
96.0,51,1602.527163
-28.9,300,1602.577828
-28.1,300,1602.627625
104.4,17,1602.630654
-28.7,300,1602.679622
105.5,21,1602.684869
-28.4,300,1602.734588
-36.0,300,1602.783375
103.6,19,1602.786511
-29.8,300,1602.837675
-75.7,300,1602.887144
-76.5,300,1602.937561
-26.5,300,1602.986745
104.0,16,1602.991447
-54.2,300,1603.041552
-34.4,300,1603.090635
102.7,9,1603.092643
-26.4,300,1603.142839
-28.4,300,1603.192185
100.6,5,1603.193187
-26.6,300,1603.242189
-44.4,300,1603.294077
-31.9,300,1603.344723
-38.7,300,1603.395055
103.1,15,1603.397919
-32.1,300,1603.4488
103.3,13,1603.451181
-36.9,300,1603.50136
101.0,6,1603.502431
-28.5,300,1603.552605
-35.9,300,1603.602244
101.9,15,1603.605059
104.0,16,1603.607908
-30.6,300,1603.658501
-32.9,300,1603.708575
-32.2,300,1603.757166
102.4,20,1603.760748
103.3,17,1603.765204
77.8,121,1603.786483
-29.5,300,1603.835894
-40.6,300,1603.886303
-40.5,300,1603.943097
101.6,5,1603.944144
100.5,6,1603.945222
-28.5,300,1603.995056
-27.5,300,1604.045566
91.9,93,1604.061081
104.7,14,1604.063527
-28.5,300,1604.112819
-28.2,300,1604.163204
101.7,17,1604.166165
-28.5,300,1604.215544
101.4,17,1604.218887
-26.5,300,1604.269124
83.0,85,1604.283285
101.2,4,1604.284221
102.5,11,1604.286334
-79.8,300,1604.337423
-22.7,300,1604.38633
-63.4,300,1604.435967
-30.9,300,1604.484426
-34.9,300,1604.536577
102.7,17,1604.539682
-30.3,300,1604.590009
-28.2,300,1604.645996
-47.8,300,1604.696968
103.0,11,1604.699177
100.3,31,1604.704147
-32.3,300,1604.753853
103.3,13,1604.757667
100.7,4,1604.758581
76.4,133,1604.780373
76.0,110,1604.798535
104.1,15,1604.802697
-30.5,300,1604.85239
-29.0,300,1604.901062
-30.5,300,1604.95072
105.3,18,1604.955505
-28.8,300,1605.004359
-27.1,300,1605.053932
-27.0,300,1605.102903
-25.7,300,1605.153968
103.9,17,1605.156943
102.2,9,1605.158623
101.5,11,1605.160761
-33.1,300,1605.211207
100.7,4,1605.212126
-27.5,300,1605.261855
-30.2,300,1605.310987
-28.4,300,1605.361253
-27.5,300,1605.410547
-28.4,300,1605.45925
-33.2,300,1605.509245
102.8,18,1605.513896
-73.6,300,1605.563528
93.1,95,1605.580069
102.7,9,1605.581703
102.9,17,1605.586346
102.2,26,1605.590782
104.4,17,1605.593762
-28.1,300,1605.642885
-26.9,300,1605.694506
102.1,18,1605.697978
101.2,19,1605.701373
-84.0,300,1605.750431
-26.1,300,1605.801145
-38.4,300,1605.850184
-29.4,300,1605.899755
-36.8,300,1605.948836
-35.6,300,1606.000129
-34.4,300,1606.049092
104.4,17,1606.052086
-27.1,300,1606.101022
102.7,9,1606.104985
-34.6,300,1606.154527
-28.5,300,1606.203319
-29.8,300,1606.252815
102.6,10,1606.256298
103.1,10,1606.258055
-28.0,300,1606.306824
104.3,13,1606.309152
103.1,20,1606.31462
-28.1,300,1606.363729
-59.8,300,1606.41333
103.3,13,1606.415956
-27.1,300,1606.467273
74.8,123,1606.487344
-45.6,300,1606.537225
102.5,16,1606.540165
-29.4,300,1606.590796
103.3,13,1606.593406
-28.1,300,1606.643097
-28.7,300,1606.692112
-32.6,300,1606.743627
-37.3,300,1606.792933
101.7,17,1606.795783
103.7,18,1606.798822
-50.7,300,1606.85027
-63.4,300,1606.89966
-38.8,300,1606.949374
-55.9,300,1606.998711
-26.0,300,1607.049508
102.7,9,1607.05218
-77.2,300,1607.101745
-25.0,300,1607.150576
-45.1,300,1607.202037
103.7,19,1607.205172
-30.7,300,1607.254395
-28.9,300,1607.304279
99.6,30,1607.311105
-50.6,300,1607.360587
-31.0,300,1607.41031
-27.6,300,1607.459193
90.1,114,1607.480424
81.4,211,1607.515227
-28.8,300,1607.563959
-64.7,300,1607.614533
102.1,10,1607.618036
-27.5,300,1607.667092
100.7,4,1607.668016
-29.5,300,1607.717797
101.0,21,1607.723096
-33.5,300,1607.772231
-40.3,300,1607.822107
103.6,15,1607.824909
102.8,13,1607.828438
-30.3,300,1607.877884
-26.1,300,1607.927547
101.5,6,1607.92864
102.0,6,1607.931381
-38.9,300,1607.980936
-58.8,300,1608.031185
-28.6,300,1608.080101
42.9,272,1608.127747
102.7,14,1608.130072
100.3,27,1608.134763
-26.5,300,1608.184152
101.7,19,1608.188939
-26.1,300,1608.238911
-54.8,300,1608.287998
-58.2,300,1608.339417
-34.1,300,1608.390816
103.0,11,1608.393029
102.6,10,1608.394802
-26.2,300,1608.445343
102.4,12,1608.448967
-26.1,300,1608.500287
-48.0,300,1608.582535
104.6,20,1608.58725
-57.5,300,1608.647359
-54.5,300,1608.700077
-29.7,300,1608.752665
102.0,11,1608.755002
-29.2,300,1608.808744
99.7,14,1608.811289
-27.6,300,1608.861692
-27.0,300,1608.910985
-30.0,300,1608.962467
93.2,76,1608.975088
104.4,22,1608.979137
103.7,18,1608.982235
-43.5,300,1609.032991
96.8,53,1609.042291
-30.0,300,1609.092386
-46.2,300,1609.141447
97.6,50,1609.151229
-35.0,300,1609.200509
103.8,13,1609.20281
-30.9,300,1609.251365
96.8,48,1609.261044
103.9,12,1609.263301
104.2,14,1609.266747
100.8,3,1609.267594
-34.3,300,1609.318076
-56.8,300,1609.367385
-50.2,300,1609.417037
81.5,136,1609.439311
-27.0,300,1609.490852
-37.6,300,1609.539881
96.4,61,1609.54989
-47.6,300,1609.599498
-30.7,300,1609.650255
-27.0,300,1609.700128
97.7,34,1609.705823
-51.5,300,1609.755049
-61.2,300,1609.806567
101.5,11,1609.808708
100.5,23,1609.812732
102.5,21,1609.816342
-47.8,300,1609.867147
-37.5,300,1609.916726
-43.8,300,1609.965972
-29.4,300,1610.015575
103.0,16,1610.020093
104.5,16,1610.023067
102.1,10,1610.02514
-32.6,300,1610.073805
-32.2,300,1610.124894
-47.6,300,1610.174776
-34.3,300,1610.224981
-36.0,300,1610.273788
101.1,5,1610.276504
-58.6,300,1610.327042
-27.1,300,1610.375899
-29.7,300,1610.42545
-43.3,300,1610.476233
103.0,11,1610.478361
-32.4,300,1610.527149
-40.6,300,1610.576939
-26.3,300,1610.62713
-26.6,300,1610.676533
-30.7,300,1610.725275
-26.0,300,1610.774961
80.2,272,1610.821489
-57.1,300,1610.87146
102.1,10,1610.873184
-45.1,300,1610.922541
103.8,13,1610.926214
-30.2,300,1610.976196
-37.5,300,1611.024968
-28.1,300,1611.074552
103.7,14,1611.07904
99.6,38,1611.085435
101.1,5,1611.086785
102.9,21,1611.090382
-27.0,300,1611.140441
97.5,59,1611.150376
-26.4,300,1611.199905
102.0,6,1611.200978
-42.0,300,1611.251152
-44.7,300,1611.301054
-58.6,300,1611.350523
-27.6,300,1611.400367
101.5,6,1611.40349
103.9,17,1611.406472
101.1,5,1611.407461
-25.0,300,1611.45649
102.6,10,1611.459663
-51.5,300,1611.509438
-27.5,300,1611.55825
103.0,11,1611.560043
-26.6,300,1611.611571
-28.9,300,1611.659924
102.1,10,1611.66204
-26.5,300,1611.711502
-27.5,300,1611.761749
-47.4,300,1611.811726
101.3,26,1611.816035
105.1,20,1611.819597
102.8,13,1611.823567
-30.1,300,1611.872851
-34.9,300,1611.92226
-39.0,300,1611.970992
101.8,16,1611.975621
-74.8,300,1612.02583
-53.5,300,1612.074543
-31.5,300,1612.124127
-25.7,300,1612.174281
62.7,185,1612.204804
103.5,11,1612.206993
-43.4,300,1612.256486
104.0,16,1612.26104
-26.0,300,1612.310424
104.4,17,1612.313417
-26.5,300,1612.362898
-27.7,300,1612.41326
102.8,17,1612.416226
103.0,11,1612.418404
-38.4,300,1612.468365
101.7,17,1612.472657
-27.0,300,1612.522051
102.7,17,1612.525094
-27.9,300,1612.574633
-29.5,300,1612.624901
94.9,72,1612.636712
-27.5,300,1612.686333
-28.4,300,1612.734895
-52.6,300,1612.786052
67.4,146,1612.810567
-33.9,300,1612.86031
-28.0,300,1612.910757
102.9,12,1612.914802
-28.6,300,1612.972328
105.4,22,1612.976222
102.3,8,1612.977873
-34.6,300,1613.036597
-29.4,300,1613.093377
-28.5,300,1613.14637
-28.2,300,1613.198752
-39.8,300,1613.255435
-32.4,300,1613.312487
-26.7,300,1613.363839
104.6,15,1613.366783
-27.8,300,1613.425955
82.5,105,1613.443866
-29.9,300,1613.500732
-29.9,300,1613.552137
-27.5,300,1613.613627
-28.1,300,1613.663809
-26.4,300,1613.713972
-31.8,300,1613.763358
83.8,196,1613.797494
103.0,11,1613.800413
-57.2,300,1613.850209
-43.8,300,1613.899366
102.1,10,1613.903524
-32.3,300,1613.952923
92.3,110,1613.970937
-31.5,300,1614.020691
-29.7,300,1614.07164
-46.9,300,1614.121727
101.7,9,1614.123453
-55.3,300,1614.17281
-40.2,300,1614.224599
-58.3,300,1614.274311
-26.5,300,1614.323993
-26.0,300,1614.372609
-40.5,300,1614.423126
-64.9,300,1614.473422
100.9,19,1614.47689
95.4,87,1614.491277
-33.8,300,1614.542607
-44.2,300,1614.591755
-27.6,300,1614.640884
-34.0,300,1614.68986
104.8,18,1614.69438
-26.3,300,1614.743348
-51.8,300,1614.793079
-26.8,300,1614.8417
-25.0,300,1614.892918
-32.9,300,1614.941661
104.0,20,1614.945386
87.5,140,1614.970382
-28.5,300,1615.023132
-32.5,300,1615.084046
103.3,21,1615.088267
-28.2,300,1615.13895
-36.9,300,1615.190728
-27.5,300,1615.239842
-26.7,300,1615.289796
-28.9,300,1615.338201
104.0,16,1615.342876
-26.9,300,1615.392648
-51.2,300,1615.441521
-35.9,300,1615.491245
-28.2,300,1615.541585
-60.4,300,1615.590883
-27.0,300,1615.639689
-31.5,300,1615.688526
105.0,16,1615.692899
99.1,53,1615.702219
-56.4,300,1615.751138
-28.3,300,1615.800772
103.6,15,1615.805026
-27.8,300,1615.853673
102.7,18,1615.856739
-29.2,300,1615.906131
81.6,86,1615.922347
-29.1,300,1615.971188
101.7,9,1615.972869
102.9,16,1615.975798
-46.9,300,1616.027338
29.7,274,1616.072771
87.8,182,1616.102829
-28.0,300,1616.152418
101.5,6,1616.154893
101.6,10,1616.156962
-27.0,300,1616.205843
-29.1,300,1616.255482
102.2,9,1616.258437
-29.0,300,1616.307492
-32.2,300,1616.35714
-49.8,300,1616.405668
-27.7,300,1616.45697
-30.7,300,1616.505781
-27.0,300,1616.555295
85.2,159,1616.581631
-26.5,300,1616.631948
-32.0,300,1616.681969
-27.6,300,1616.730748
-25.7,300,1616.780189
-69.9,300,1616.831541
-29.7,300,1616.88136
-27.6,300,1616.930288
-45.6,300,1616.980438
-63.8,300,1617.031699
102.8,17,1617.034665
-53.5,300,1617.084494
102.9,16,1617.087405
-28.6,300,1617.137792
-27.6,300,1617.187832
-33.6,300,1617.236868
-35.2,300,1617.286782
102.3,8,1617.289977
-33.5,300,1617.339335
-49.2,300,1617.388826
-32.9,300,1617.437883
103.1,18,1617.44273
105.3,18,1617.44593
-45.3,300,1617.495857
-38.7,300,1617.545012
102.6,10,1617.548735
101.6,5,1617.549756
-36.3,300,1617.599592
-49.1,300,1617.648953
102.3,8,1617.651858
-39.0,300,1617.701875
-47.3,300,1617.750878
-60.7,300,1617.801204
-26.7,300,1617.851434
-26.7,300,1617.900506
102.1,10,1617.90227
-66.0,300,1617.952366
-29.4,300,1618.003045
-28.1,300,1618.052914
-29.8,300,1618.101853
103.3,13,1618.104562
-26.2,300,1618.155632
-26.0,300,1618.204644
-70.2,300,1618.254207
-31.8,300,1618.303241
-40.9,300,1618.356375
-27.0,300,1618.405321
-37.1,300,1618.45523
-41.7,300,1618.504225
-26.8,300,1618.555663
-33.0,300,1618.605384
-68.2,300,1618.656082
-26.2,300,1618.704977
-36.2,300,1618.756598
-29.3,300,1618.805426
-27.7,300,1618.854953
101.1,5,1618.855967
101.0,39,1618.864337
-28.8,300,1618.913466
88.5,175,1618.941781
-31.8,300,1618.991356
-25.8,300,1619.041725
-30.6,300,1619.0918
-26.5,300,1619.140923
102.4,12,1619.143164
101.7,9,1619.146904
-45.7,300,1619.197058
102.1,18,1619.200027
101.6,5,1619.20102
-28.6,300,1619.251749
-27.1,300,1619.301422
102.5,11,1619.303634
-31.4,300,1619.352689
-29.5,300,1619.403919
-26.8,300,1619.452482
-40.8,300,1619.502668
101.9,12,1619.504917
84.4,186,1619.537238
-39.3,300,1619.587222
102.4,26,1619.591576
-26.2,300,1619.640647
75.1,269,1619.685924
-27.7,300,1619.735979
-41.4,300,1619.785078
-28.2,300,1619.834569
103.5,20,1619.839808
-30.9,300,1619.888667
102.1,10,1619.89072
101.5,6,1619.891811
-47.9,300,1619.943152
95.3,57,1619.953028
-29.9,300,1620.001995
-69.0,300,1620.052239
-27.3,300,1620.102178
-26.6,300,1620.153198
-29.3,300,1620.201967
103.6,19,1620.204968
-57.7,300,1620.256445
-27.9,300,1620.305763
102.2,9,1620.30777
-26.0,300,1620.357469
101.0,6,1620.359933
95.5,59,1620.369957
101.1,5,1620.37097
102.7,9,1620.372643
102.2,9,1620.376021
-54.0,300,1620.42604
-27.7,300,1620.475097
-33.1,300,1620.524133
-26.8,300,1620.575475
101.1,5,1620.576462
-27.2,300,1620.625717
-27.7,300,1620.675781
-37.8,300,1620.726457
-72.9,300,1620.776398
-29.5,300,1620.825539
-34.3,300,1620.875505
-25.3,300,1620.926577
-40.7,300,1620.97651
-45.9,300,1621.025546
-26.5,300,1621.075225
-41.6,300,1621.125995
-28.2,300,1621.175431
-28.4,300,1621.224437
101.7,9,1621.226088
102.8,8,1621.229379
-43.0,300,1621.279113
-26.0,300,1621.327984
-27.7,300,1621.377211
-36.3,300,1621.427987
-27.9,300,1621.477447
102.9,12,1621.479744
-27.7,300,1621.528682
102.3,8,1621.531547
103.1,15,1621.534361
-29.5,300,1621.583968
-30.8,300,1621.633202
-41.7,300,1621.684072
-27.6,300,1621.733542
102.8,8,1621.735135
102.2,9,1621.736798
102.9,17,1621.74112
-62.9,300,1621.791356
-33.2,300,1621.840385
102.1,10,1621.842477
102.5,15,1621.846958
100.1,35,1621.852794
-27.7,300,1621.902489
-25.0,300,1621.951822
-26.5,300,1622.002737
-34.2,300,1622.051526
101.9,27,1622.056255
-41.1,300,1622.105076
103.4,20,1622.110562
101.9,7,1622.112107
-29.3,300,1622.160928
-27.3,300,1622.209686
103.0,21,1622.215426
-29.7,300,1622.264534
-28.0,300,1622.313532
-31.3,300,1622.363355
91.8,118,1622.3845
-27.0,300,1622.434328
-39.6,300,1622.483351
-30.9,300,1622.532726
-32.6,300,1622.585053
-38.2,300,1622.640949
-40.8,300,1622.690835
-48.1,300,1622.739929
105.3,18,1622.74525
-60.2,300,1622.794662
-40.2,300,1622.843373
-48.2,300,1622.893578
101.8,8,1622.896584
-28.7,300,1622.945743
91.9,57,1622.955975
101.9,7,1622.957491
-34.3,300,1623.008312
102.5,20,1623.011856
-29.2,300,1623.0612
-29.5,300,1623.110239
-49.4,300,1623.160934
100.5,21,1623.165164
-38.3,300,1623.213861
94.1,108,1623.231688
-63.0,300,1623.28387
103.4,12,1623.286123
-28.5,300,1623.336472
-29.2,300,1623.386352
-37.4,300,1623.437124
102.1,10,1623.439253
-28.9,300,1623.489051
-32.5,300,1623.538394
103.7,14,1623.54199
104.5,16,1623.544924
-28.1,300,1623.594822
-34.2,300,1623.644351
-28.6,300,1623.695778
103.0,11,1623.697919
101.3,33,1623.703515
104.0,16,1623.706435
104.4,17,1623.710931
-27.6,300,1623.76039
101.9,7,1623.761517
-27.1,300,1623.811254
-52.5,300,1623.862472
-30.0,300,1623.912363
-26.5,300,1623.96147
-29.1,300,1624.010676
90.2,58,1624.022137
-29.0,300,1624.070913
104.5,16,1624.073826
54.0,210,1624.108569
-30.7,300,1624.159835
-80.4,300,1624.209791
100.5,22,1624.213842
-25.0,300,1624.263345
-30.9,300,1624.314219
-29.5,300,1624.363566
-28.6,300,1624.412826
-31.5,300,1624.462433
-33.6,300,1624.512925
104.1,20,1624.51633
-29.2,300,1624.565758
-60.0,300,1624.615196
-49.1,300,1624.667084
103.2,22,1624.670756
-29.2,300,1624.719666
-27.9,300,1624.769529
-26.7,300,1624.819752
-29.5,300,1624.86969
104.3,13,1624.872404
-62.3,300,1624.921766
86.8,67,1624.934384
-76.2,300,1624.984945
-27.8,300,1625.033887
-76.6,300,1625.083859
-59.8,300,1625.135062
-27.5,300,1625.184705
104.9,17,1625.188076
104.9,17,1625.1911
-33.9,300,1625.241776
-25.0,300,1625.291576
103.2,14,1625.293936
-26.8,300,1625.34259
-37.7,300,1625.393861
-26.6,300,1625.442745
-27.1,300,1625.492278
-81.5,300,1625.541878
-28.1,300,1625.593079
-53.1,300,1625.642673
-28.6,300,1625.691796
-37.7,300,1625.741628
-56.8,300,1625.792798
-30.0,300,1625.842595
-34.5,300,1625.89138
-31.0,300,1625.941115
-63.5,300,1625.992552
-26.2,300,1626.042047
-51.1,300,1626.091492
-44.8,300,1626.141563
-34.1,300,1626.192333
102.2,9,1626.194321
-28.5,300,1626.244032
-47.3,300,1626.292478
-33.7,300,1626.344209
101.1,5,1626.345236
102.4,16,1626.3481
-26.6,300,1626.397143
-40.9,300,1626.448799
102.0,6,1626.449877
-30.5,300,1626.498884
101.7,17,1626.502217
-28.1,300,1626.553605
-33.3,300,1626.602723
-28.9,300,1626.652515
101.3,23,1626.656175
-28.6,300,1626.706733
-36.5,300,1626.756708
-45.0,300,1626.806021
-37.9,300,1626.855786
-40.5,300,1626.906177
-28.8,300,1626.955194
57.3,197,1626.989289
-30.2,300,1627.038098
-28.1,300,1627.089484
93.7,45,1627.097001
102.5,11,1627.099204
77.4,256,1627.141394
-29.2,300,1627.192685
102.0,6,1627.193775
85.4,133,1627.215613
-26.6,300,1627.264736
-29.9,300,1627.315972
-45.8,300,1627.365572
-42.9,300,1627.415971
-28.9,300,1627.4651
102.4,12,1627.469021
-46.3,300,1627.519384
-26.8,300,1627.568344
102.7,18,1627.571752
-79.0,300,1627.623847
-60.2,300,1627.67374
-30.4,300,1627.723584
-29.0,300,1627.772695
-26.1,300,1627.824376
-44.3,300,1627.873713
-30.3,300,1627.923692
-32.1,300,1627.972876
102.7,9,1627.97569
-29.9,300,1628.025584
101.8,8,1628.02719
-32.5,300,1628.075966
102.0,28,1628.082282
-27.6,300,1628.13218
-28.9,300,1628.181139
103.2,32,1628.186716
-27.2,300,1628.237858
85.9,152,1628.262802
-33.4,300,1628.311649
-30.7,300,1628.363312
37.5,268,1628.409852
-28.2,300,1628.459734
85.1,165,1628.48681
-27.0,300,1628.53565
103.7,14,1628.540814
-38.3,300,1628.589888
-26.7,300,1628.639122
-28.6,300,1628.689109
102.3,17,1628.693493
-30.4,300,1628.742772
96.6,75,1628.756012
104.9,22,1628.75973
103.6,15,1628.763917
-30.1,300,1628.813398
102.9,20,1628.816939
-79.0,300,1628.867553
-30.9,300,1628.918372
-40.9,300,1628.96803
-27.7,300,1629.017273
103.1,23,1629.021424
100.7,34,1629.028476
-31.9,300,1629.078363
102.1,10,1629.080477
92.9,97,1629.096415
89.2,144,1629.121588
101.2,4,1629.122512
-26.5,300,1629.172289
64.6,277,1629.217562
-42.1,300,1629.268205
-34.5,300,1629.317761
-31.7,300,1629.366613
101.0,6,1629.36805
-28.8,300,1629.419232
102.7,9,1629.42093
102.3,8,1629.422562
-42.2,300,1629.471263
-29.4,300,1629.522817
-26.3,300,1629.571755
-27.8,300,1629.621591
-30.2,300,1629.670632
101.7,9,1629.673661
-27.5,300,1629.723425
102.2,9,1629.725448
101.1,5,1629.726451
-64.5,300,1629.777832
-30.9,300,1629.827931
-28.7,300,1629.877256
-38.7,300,1629.927095
-26.0,300,1629.97735
-27.6,300,1630.02654
-25.2,300,1630.075236
-27.7,300,1630.125086
-43.4,300,1630.175717
-70.5,300,1630.224671
100.6,5,1630.225706
102.9,16,1630.229289
104.2,14,1630.233657
-29.5,300,1630.283041
102.9,17,1630.285939
-46.1,300,1630.336165
-67.4,300,1630.387928
-27.1,300,1630.436918
-47.5,300,1630.487171
-25.0,300,1630.535906
102.9,12,1630.539845
97.2,33,1630.546159
103.7,14,1630.548967
101.6,10,1630.550704
-42.4,300,1630.601075
-25.7,300,1630.650219
104.5,16,1630.653826
-43.3,300,1630.702954
-25.0,300,1630.753639
-71.9,300,1630.803343
102.9,12,1630.805607
-70.6,300,1630.855307
99.8,43,1630.865252
-27.3,300,1630.914677
-32.2,300,1630.963193
102.2,17,1630.966157
104.7,14,1630.970838
-42.8,300,1631.020283
-26.0,300,1631.069298
101.9,7,1631.070468
-26.0,300,1631.122069
-28.2,300,1631.171241
102.7,9,1631.173293
100.9,7,1631.174447
-29.0,300,1631.225846
-29.1,300,1631.274937
-29.9,300,1631.324494
101.9,7,1631.326034
102.3,13,1631.329682
103.6,19,1631.333191
99.1,41,1631.340021
-40.0,300,1631.390076
104.8,18,1631.395128
-27.3,300,1631.444397
-28.5,300,1631.493597
-30.3,300,1631.543272
-29.2,300,1631.593989
-32.7,300,1631.644119
104.3,18,1631.647216
-37.0,300,1631.696648
102.8,17,1631.701697
-28.1,300,1631.75195
100.1,21,1631.755505
76.0,204,1631.789165
-42.8,300,1631.840268
-31.3,300,1631.889018
101.6,5,1631.89004
-26.0,300,1631.94002
-27.8,300,1631.991098
-55.3,300,1632.040904
-26.7,300,1632.09
101.7,17,1632.092948
-25.0,300,1632.144571
-31.1,300,1632.193794
-32.2,300,1632.243447
-57.9,300,1632.293213
102.8,13,1632.297274
-39.9,300,1632.347274
-26.8,300,1632.396592
-67.0,300,1632.44668
-77.6,300,1632.498485
103.1,19,1632.501608
-37.1,300,1632.551615
-28.2,300,1632.600897
-25.8,300,1632.651295
-32.1,300,1632.701527
-28.8,300,1632.75044
-42.0,300,1632.800799
102.3,8,1632.803831
-37.1,300,1632.853106
96.3,39,1632.859876
102.3,8,1632.861479
49.1,206,1632.898465
102.9,16,1632.901388
-25.9,300,1632.950604
-29.8,300,1633.000711
-28.3,300,1633.051021
103.8,18,1633.054041
-26.7,300,1633.103905
-39.0,300,1633.153272
93.8,82,1633.168707
104.2,18,1633.171776
-48.2,300,1633.221984
-68.1,300,1633.271816
-29.7,300,1633.32388
68.4,292,1633.372163
-73.1,300,1633.422855
-43.1,300,1633.472158
104.8,23,1633.477852
-54.1,300,1633.527491
102.2,13,1633.529859
101.8,8,1633.531388
95.8,39,1633.539771
-29.8,300,1633.588843
-27.2,300,1633.638658
105.5,21,1633.642299
-44.1,300,1633.693001
-29.7,300,1633.742924
101.7,22,1633.74692
-31.5,300,1633.796224
-30.0,300,1633.848115
102.0,6,1633.849209
-27.1,300,1633.898307
-29.8,300,1633.948148
-48.5,300,1633.998434
-27.7,300,1634.048256
101.8,21,1634.051855
-29.1,300,1634.101148
-31.1,300,1634.152807
102.1,10,1634.154935
-32.6,300,1634.204103
-28.4,300,1634.253898
-26.8,300,1634.305179
-27.7,300,1634.355037
-26.2,300,1634.404083
102.1,10,1634.405843
-26.5,300,1634.456745
-26.5,300,1634.505694
-36.4,300,1634.55556
-62.3,300,1634.605338
-32.0,300,1634.656344
100.7,4,1634.657915
101.9,7,1634.659438
-40.8,300,1634.708839
98.2,39,1634.71685
-31.5,300,1634.766724
83.9,168,1634.794185
-25.0,300,1634.843143
-75.8,300,1634.895386
45.3,223,1634.932779
102.3,8,1634.934397
-78.4,300,1634.984994
103.1,15,1634.989136
101.5,11,1634.991232
102.5,23,1634.995511
-26.5,300,1635.044707
-26.9,300,1635.095936
-28.4,300,1635.145219
103.7,23,1635.149336
-35.1,300,1635.199139
-36.6,300,1635.249978
-32.7,300,1635.299626
-27.9,300,1635.348604
86.8,65,1635.359428
-52.1,300,1635.410655
-37.7,300,1635.459821
-34.8,300,1635.509974
-59.6,300,1635.559338
-51.5,300,1635.610653
-33.8,300,1635.659859
97.2,51,1635.668606
-30.0,300,1635.718609
102.8,13,1635.722448
101.2,4,1635.723394
102.2,14,1635.725774
-28.7,300,1635.775063
-74.0,300,1635.826757
104.8,18,1635.830195
103.1,10,1635.831959
102.8,17,1635.835222
-30.4,300,1635.886427
92.9,82,1635.899822
103.4,21,1635.903474
-37.1,300,1635.953721
102.2,9,1635.957081
-30.9,300,1636.006484
-27.8,300,1636.056292
101.2,13,1636.05865
103.0,20,1636.063509
-28.5,300,1636.112977
103.1,10,1636.114768
-28.6,300,1636.164675
-29.5,300,1636.215858
-28.0,300,1636.266037
-30.4,300,1636.314708
-32.1,300,1636.364429
-29.0,300,1636.414999
-70.0,300,1636.46525
-38.2,300,1636.514344
102.6,10,1636.516476
-28.7,300,1636.567855
-55.5,300,1636.617316
-27.6,300,1636.666429
-28.5,300,1636.715918
-47.7,300,1636.767231
-58.8,300,1636.817512
-28.6,300,1636.866124
-32.8,300,1636.915451
-28.7,300,1636.965671
-66.3,300,1637.016365
-42.1,300,1637.065538
-61.3,300,1637.115746
103.0,11,1637.119407
-32.6,300,1637.168602
-39.0,300,1637.218377
102.7,9,1637.220042
-25.2,300,1637.270505
102.3,26,1637.274773
-46.4,300,1637.324677
-40.7,300,1637.37383
101.4,7,1637.37704
-30.3,300,1637.426809
-35.8,300,1637.476078
-31.6,300,1637.525997
-35.0,300,1637.576179
-41.3,300,1637.626452
-61.9,300,1637.675678
-37.0,300,1637.725756
-28.1,300,1637.776045
-72.7,300,1637.825546
102.5,11,1637.828315
-63.6,300,1637.877973
-63.4,300,1637.92919
-48.8,300,1637.979133
-37.4,300,1638.027768
102.9,12,1638.030019
-53.5,300,1638.081322
102.6,14,1638.083741
102.2,9,1638.085781
-30.6,300,1638.134989
-26.7,300,1638.186416
102.6,10,1638.188144
-46.3,300,1638.236896
-37.2,300,1638.286494
-26.0,300,1638.338109
102.0,26,1638.342868
101.2,4,1638.343803
-50.9,300,1638.393662
102.3,8,1638.396717
-26.0,300,1638.445727
100.7,4,1638.446668
101.3,8,1638.448215
-36.0,300,1638.49993
-51.6,300,1638.549173
-58.2,300,1638.598736
103.4,20,1638.602353
-31.8,300,1638.652889
103.1,10,1638.654624
-28.8,300,1638.704591
-28.9,300,1638.753348
104.8,18,1638.758668
-52.4,300,1638.808848
-29.2,300,1638.857649
-28.1,300,1638.90755
-64.4,300,1638.958298
-54.9,300,1639.007876
-28.5,300,1639.056781
-27.5,300,1639.106485
-29.5,300,1639.157091
100.6,5,1639.158116
-39.1,300,1639.208142
86.0,77,1639.220978
-36.4,300,1639.271752
104.8,18,1639.27521
-29.5,300,1639.324681
-33.9,300,1639.373609
91.2,77,1639.388067
99.4,20,1639.391533
105.2,24,1639.395796
86.2,154,1639.421642
-76.1,300,1639.472785
-33.4,300,1639.522557
-34.1,300,1639.571505
96.7,47,1639.579536
104.3,18,1639.584382
-59.9,300,1639.634717
101.7,9,1639.636323
-30.2,300,1639.685094
-29.9,300,1639.736524
104.4,17,1639.739453
101.6,13,1639.741828
-26.5,300,1639.790991
102.9,16,1639.79563
75.6,241,1639.836184
97.8,47,1639.843824
-41.7,300,1639.893242
-33.6,300,1639.944478
-33.2,300,1639.993496
-27.5,300,1640.043475
101.2,4,1640.044387
-30.2,300,1640.09505
59.1,266,1640.138873
101.8,8,1640.140471
-31.7,300,1640.19045
-28.0,300,1640.241255
102.9,16,1640.244145
84.1,95,1640.26085
-26.4,300,1640.309545
-31.1,300,1640.361037
-30.0,300,1640.410264
-37.1,300,1640.459987
-26.6,300,1640.508886
104.8,18,1640.513682
-53.7,300,1640.563131
-28.7,300,1640.612913
102.8,17,1640.615853
99.8,22,1640.621216
-28.5,300,1640.670751
-26.2,300,1640.719939
87.5,84,1640.734065
102.3,25,1640.740031
-27.8,300,1640.789876
-42.5,300,1640.838977
-40.7,300,1640.888879
-30.3,300,1640.940397
-29.2,300,1640.996218
50.4,227,1641.034131
-33.3,300,1641.083052
103.3,21,1641.088174
-44.3,300,1641.138031
-30.7,300,1641.18701
-34.2,300,1641.236613
-30.7,300,1641.287484
-27.3,300,1641.337147
-27.1,300,1641.385793
-26.8,300,1641.435384
103.7,14,1641.439533
-29.7,300,1641.48881
103.0,19,1641.491949
96.9,52,1641.500551
-29.8,300,1641.551714
102.7,9,1641.553759
-28.9,300,1641.602903
103.1,10,1641.604646
-28.3,300,1641.655762
-44.1,300,1641.704891
104.7,14,1641.707646
-41.1,300,1641.757347
-27.2,300,1641.807433
92.1,76,1641.820243
-47.9,300,1641.870033
-29.1,300,1641.918985
-40.1,300,1641.970511
75.3,202,1642.003465
-28.1,300,1642.053262
103.8,18,1642.056665
-28.7,300,1642.106983
104.0,16,1642.109873
86.2,145,1642.133738
-74.8,300,1642.184093
103.9,21,1642.189128
-52.4,300,1642.238649
-28.0,300,1642.28817
-65.7,300,1642.337221
103.2,14,1642.341395
-29.0,300,1642.391162
-29.1,300,1642.440099
102.6,14,1642.442496
-49.9,300,1642.493742
-41.1,300,1642.542691
-32.1,300,1642.592144
101.8,21,1642.595729
-36.3,300,1642.646501
-26.6,300,1642.696471
-29.3,300,1642.745299
79.2,91,1642.760375
97.5,39,1642.769216
-49.3,300,1642.818168
-28.0,300,1642.867252
-32.3,300,1642.916844
101.9,20,1642.921769
-26.7,300,1642.970743
102.6,10,1642.972486
-29.3,300,1643.022155
-55.8,300,1643.073249
-38.8,300,1643.122752
-42.1,300,1643.171166
-28.4,300,1643.220937
-31.7,300,1643.271576
-31.4,300,1643.32168
-37.2,300,1643.372509
102.7,9,1643.374586
-28.9,300,1643.426463
101.9,15,1643.428976
94.0,81,1643.442628
70.2,233,1643.480922
-30.1,300,1643.53213
-63.9,300,1643.581783
105.3,18,1643.584868
-26.6,300,1643.634629
-28.8,300,1643.685476
-29.9,300,1643.735132
-28.8,300,1643.783807
84.5,168,1643.811107
-43.7,300,1643.862302
-28.6,300,1643.910421
-30.0,300,1643.960348
-44.3,300,1644.009689
-43.2,300,1644.061068
-33.1,300,1644.109872
-49.0,300,1644.159485
-26.8,300,1644.208177
-29.6,300,1644.259694
-28.5,300,1644.308377
-31.0,300,1644.357945
-29.0,300,1644.40683
102.0,6,1644.409656
-29.0,300,1644.459363
86.2,164,1644.486187
-27.0,300,1644.534957
102.6,10,1644.538272
-26.8,300,1644.588206
-69.0,300,1644.638118
87.2,85,1644.652606
-28.2,300,1644.703868
-27.6,300,1644.753058
-30.3,300,1644.802589
102.6,10,1644.804359
101.4,7,1644.807215
102.3,25,1644.811418
84.0,102,1644.828735
102.7,18,1644.83173
104.1,15,1644.835976
-36.5,300,1644.885915
102.7,22,1644.889614
99.1,34,1644.895583
101.9,7,1644.89839
105.1,20,1644.901982
-66.1,300,1644.952201
-28.7,300,1645.003535
-39.3,300,1645.054564
-30.3,300,1645.103904
100.8,3,1645.104404
102.2,9,1645.106412
-33.6,300,1645.157187
-68.5,300,1645.207556
92.7,104,1645.224653
-73.5,300,1645.274487
103.0,11,1645.277684
-53.8,300,1645.327309
103.1,19,1645.330764
-29.1,300,1645.37993
-30.4,300,1645.431593
100.9,7,1645.433122
102.2,9,1645.434701
103.3,22,1645.438727
-29.3,300,1645.489138
-29.7,300,1645.539036
-25.5,300,1645.587976
97.5,47,1645.595633
-36.2,300,1645.647306
-25.8,300,1645.69617
-35.7,300,1645.745632
-27.7,300,1645.794551
-52.5,300,1645.846334
103.4,12,1645.848498
-29.7,300,1645.897145
103.4,16,1645.900086
-43.7,300,1645.950999
-27.0,300,1645.999883
-31.3,300,1646.049543
103.0,16,1646.052371
-37.1,300,1646.103219
103.4,12,1646.105486
99.5,41,1646.112676
80.1,137,1646.136041
-38.2,300,1646.186819
-39.6,300,1646.236776
-27.8,300,1646.285637
-33.8,300,1646.334572
-55.4,300,1646.386316
-28.3,300,1646.43463
-26.0,300,1646.484591
-27.1,300,1646.533215
-32.0,300,1646.584478
-30.5,300,1646.633322
-30.6,300,1646.682665
-25.8,300,1646.731509
-30.3,300,1646.782657
-26.7,300,1646.831234
-31.1,300,1646.880368
-43.3,300,1646.929194
94.4,92,1646.946232
-30.3,300,1646.996403
86.2,154,1647.021407
-49.6,300,1647.070463
77.4,240,1647.111932
101.8,16,1647.114842
103.9,12,1647.117102
-27.4,300,1647.165759
-41.1,300,1647.217112
-46.2,300,1647.266259
-70.9,300,1647.316516
95.9,51,1647.325335
-46.5,300,1647.376125
-34.4,300,1647.425973
-26.9,300,1647.474726
90.6,124,1647.495124
-67.8,300,1647.547111
79.4,235,1647.585659
-27.7,300,1647.635415
-29.8,300,1647.683938
-29.6,300,1647.73557
101.9,7,1647.737084
-27.0,300,1647.785951
-26.2,300,1647.83516
102.7,17,1647.839525
104.1,20,1647.843088
-34.8,300,1647.892088
-31.1,300,1647.941422
-27.7,300,1647.99229
-31.7,300,1648.041913
-36.0,300,1648.091386
-30.1,300,1648.140778
-29.4,300,1648.191101
-27.5,300,1648.240773
101.9,7,1648.242283
-26.1,300,1648.291305
-28.6,300,1648.342693
102.4,7,1648.343964
-29.1,300,1648.394022
-34.1,300,1648.44302
104.4,17,1648.448212
-63.0,300,1648.498595
83.6,219,1648.534114
-27.6,300,1648.584022
-33.4,300,1648.634408
-29.8,300,1648.684193
-28.9,300,1648.733325
-31.5,300,1648.783288
-29.0,300,1648.834483
-27.2,300,1648.884145
101.1,5,1648.885521
-74.6,300,1648.935084
-28.6,300,1648.986383
82.3,203,1649.019169
-26.7,300,1649.067802
-58.2,300,1649.117236
-52.5,300,1649.167891
103.5,11,1649.17006
102.2,9,1649.171747
-30.2,300,1649.221657
-61.3,300,1649.272981
-60.7,300,1649.323132
-55.6,300,1649.372846
62.8,273,1649.418439
-26.6,300,1649.469065
-31.3,300,1649.518702
-26.5,300,1649.567784
-28.0,300,1649.61757
-31.1,300,1649.668484
104.8,18,1649.671587
-26.0,300,1649.721088
102.0,15,1649.723937
100.8,3,1649.726108
76.4,161,1649.752518
-42.8,300,1649.801609
-49.3,300,1649.85136
-55.1,300,1649.902405
-26.2,300,1649.952412
-27.1,300,1650.001206
-27.7,300,1650.050393
102.6,10,1650.053563
90.0,144,1650.07713
-28.3,300,1650.126587
-27.6,300,1650.176863
-76.2,300,1650.227239
102.8,22,1650.231176
-31.2,300,1650.281106
101.9,7,1650.282641
-27.7,300,1650.333512
-28.6,300,1650.383753
105.3,18,1650.386839
102.3,8,1650.38844
-48.5,300,1650.439402
-40.7,300,1650.489149
103.2,14,1650.491852
102.9,20,1650.495403
102.2,17,1650.499758
-31.9,300,1650.548841
-36.9,300,1650.598559
102.1,19,1650.602013
-26.8,300,1650.652759
-44.0,300,1650.702856
-26.5,300,1650.751992
-26.3,300,1650.801502
45.6,228,1650.840829
103.0,36,1650.846891
-38.6,300,1650.896845
-31.8,300,1650.945943
101.6,5,1650.948589
104.1,15,1650.951457
-66.7,300,1651.00142
-32.0,300,1651.050116
-27.1,300,1651.101136
98.7,44,1651.108646
-27.7,300,1651.157778
-35.0,300,1651.208023
-26.1,300,1651.258643
-63.1,300,1651.309147
101.8,8,1651.310771
-28.5,300,1651.359729
-52.4,300,1651.411333
-34.4,300,1651.460675
102.6,10,1651.462437
-30.0,300,1651.512384
-28.8,300,1651.562844
-25.6,300,1651.612644
-26.5,300,1651.661721
102.5,15,1651.664595
104.1,15,1651.669094
103.7,23,1651.67295
-27.1,300,1651.722668
103.3,17,1651.726015
-33.2,300,1651.776181
-58.7,300,1651.826079
101.1,17,1651.829176
-31.3,300,1651.878283
-71.7,300,1651.929836
101.9,12,1651.932098
-27.1,300,1651.981142
-31.5,300,1652.029984
104.6,15,1652.035087
