#{"t_start": 1767754266.6361432, "env_id": "None"}
r,l,t
-53.6,500,0.139314
-57.8,500,0.264728
-27.4,500,0.39
-55.8,500,0.517038
-29.8,500,0.642061
-27.4,500,0.767247
-54.6,500,0.891943
-28.8,500,1.017067
-54.8,500,1.142529
-53.6,500,1.26718
-48.1,500,1.392161
-29.4,500,1.518168
-27.9,500,1.672898
-49.5,500,1.799679
-29.1,500,1.931226
-26.1,500,2.059546
-48.7,500,2.183968
-49.1,500,2.308909
-47.9,500,2.442706
-49.2,500,2.567361
-29.2,500,2.691679
-26.8,500,2.815557
-27.0,500,2.939256
-28.4,500,3.0627
-27.6,500,3.187153
-26.7,500,3.310953
-26.2,500,3.4395
-27.8,500,3.564249
-25.9,500,3.688393
-28.0,500,3.812814
-9.7,500,3.937527
-27.7,500,4.061707
-26.4,500,4.18605
-27.5,500,4.315944
-24.1,500,4.44143
-25.2,500,4.565388
-46.7,500,4.689246
-27.5,500,4.812421
-23.7,500,4.935726
-24.0,500,5.059698
-48.2,500,5.184681
-26.1,500,5.307947
-24.6,500,5.431665
-46.4,500,5.55526
-48.3,500,5.678689
-24.5,500,5.802209
-25.2,500,5.926055
-26.7,500,6.049668
-46.7,500,6.173035
-22.8,500,6.296583
-23.6,500,6.420745
-26.5,500,6.54479
-27.0,500,6.672095
-28.3,500,6.796962
-1.9,500,6.921509
-24.6,500,7.046879
-25.2,500,7.172457
-24.2,500,7.29764
-5.4,500,7.422053
-48.1,500,7.546149
-23.0,500,7.670651
-6.7,500,7.794823
-24.2,500,7.919358
-24.7,500,8.043746
-25.5,500,8.168016
-24.5,500,8.291956
-4.7,500,8.416496
-25.7,500,8.541496
-24.7,500,8.666561
-3.4,500,8.791031
-24.3,500,8.915796
-3.7,500,9.04046
-22.8,500,9.1649
-2.0,500,9.290104
-25.1,500,9.414661
-24.0,500,9.53898
-7.4,500,9.663247
-28.1,500,9.787446
-24.1,500,9.912806
-24.2,500,10.037631
-5.5,500,10.162207
-23.7,500,10.286179
-24.9,500,10.410861
-24.0,500,10.535144
-25.2,500,10.660423
-5.2,500,10.784959
-23.2,500,10.909596
-24.4,500,11.03361
-24.7,500,11.157921
-23.8,500,11.282979
18.5,500,11.407831
-26.1,500,11.532523
-24.7,500,11.658865
-24.1,500,11.790159
-23.2,500,11.91529
19.1,500,12.040245
-5.1,500,12.165747
-23.9,500,12.289716
-23.6,500,12.413856
-23.4,500,12.537893
-23.9,500,12.66321
-24.1,500,12.78711
-23.3,500,12.911287
-4.1,500,13.035712
-23.7,500,13.16003
-22.8,500,13.284762
-7.8,500,13.409186
16.7,500,13.534053
-23.5,500,13.658062
-24.0,500,13.782157
-24.0,500,13.906661
-24.3,500,14.031535
-23.3,500,14.155538
-27.2,500,14.279479
-22.7,500,14.421852
-23.3,500,14.546694
-25.5,500,14.671511
-7.0,500,14.795065
-23.9,500,14.91953
-23.8,500,15.043706
-25.5,500,15.168241
-6.6,500,15.292947
-24.6,500,15.422178
-3.6,500,15.552206
-23.5,500,15.677218
-5.0,500,15.801812
-26.0,500,15.927265
-3.1,500,16.062519
-26.3,500,16.193243
-3.1,500,16.31832
-25.6,500,16.444271
-24.9,500,16.569033
-23.4,500,16.693581
-23.5,500,16.818014
18.7,500,16.942425
-3.8,500,17.069316
-5.6,500,17.194185
-23.2,500,17.318554
-23.7,500,17.442704
19.5,500,17.567107
-5.0,500,17.691999
-23.2,500,17.817093
-4.3,500,17.941308
-24.4,500,18.065727
-26.1,500,18.19009
-23.7,500,18.316052
-24.5,500,18.442283
-24.3,500,18.567794
-3.5,500,18.692607
-27.9,500,18.817029
-24.0,500,18.941049
-27.0,500,19.065555
-22.8,500,19.189125
-27.2,500,19.313228
-24.3,500,19.43701
-1.3,500,19.561652
-24.6,500,19.685502
-24.5,500,19.81049
-23.1,500,19.934523
-25.9,500,20.05863
-22.4,500,20.182552
-26.2,500,20.306627
-4.4,500,20.430781
-26.5,500,20.58122
38.6,500,20.707609
-25.1,500,20.831959
-24.3,500,20.956205
-4.1,500,21.08146
-24.2,500,21.205701
-47.5,500,21.330224
-0.4,500,21.455539
-23.7,500,21.580325
-23.1,500,21.70531
-12.9,500,21.833131
-49.2,500,21.959994
-23.5,500,22.085791
-3.3,500,22.211152
-2.9,500,22.336694
-3.7,500,22.46139
-24.1,500,22.586168
-24.0,500,22.71076
-25.0,500,22.83498
-4.2,500,22.959272
-23.3,500,23.084044
-6.4,500,23.208454
-25.9,500,23.332562
-24.3,500,23.45878
14.7,500,23.602844
-3.9,500,23.744876
-25.1,500,23.884624
-23.0,500,24.029224
-24.4,500,24.16601
-0.8,500,24.304463
-24.0,500,24.431864
-3.7,500,24.557716
-24.0,500,24.682635
-6.3,500,24.807701
-24.0,500,24.932884
-24.1,500,25.05794
-24.4,500,25.18296
-28.8,500,25.307417
-22.6,500,25.431475
-6.1,500,25.559012
-23.2,500,25.702468
-3.2,500,25.830384
-24.1,500,25.956209
-23.6,500,26.08085
-5.5,500,26.205379
-5.3,500,26.330792
-3.6,500,26.455552
-24.2,500,26.580533
-2.8,500,26.704959
-23.5,500,26.830186
-23.5,500,26.954848
19.4,500,27.081794
20.1,500,27.207219
-26.4,500,27.33178
-23.4,500,27.456447
-23.0,500,27.581116
-3.6,500,27.706338
-4.1,500,27.831364
-23.7,500,27.956542
-5.5,500,28.081012
-23.8,500,28.205328
-24.4,500,28.330461
-22.7,500,28.454447
-3.8,500,28.579045
-23.8,500,28.703659
-22.7,500,28.828142
-4.1,500,28.953084
-22.9,500,29.077896
18.9,500,29.202327
-4.4,500,29.326747
-24.1,500,29.451046
-22.8,500,29.575336
-23.4,500,29.699852
-2.9,500,29.824307
17.2,500,29.948713
-1.3,500,30.076576
-1.0,500,30.227676
-4.9,500,30.353664
-23.9,500,30.478407
-23.7,500,30.612503
-23.0,500,30.738496
-23.7,500,30.862953
-3.5,500,30.987808
-23.5,500,31.112103
-23.2,500,31.23632
-22.7,500,31.360198
16.4,500,31.485053
-23.9,500,31.61127
18.4,500,31.735709
-24.1,500,31.859865
-23.1,500,31.983666
-22.7,500,32.110442
-23.3,500,32.235325
17.0,500,32.366156
-24.7,500,32.491342
-3.6,500,32.616253
-23.2,500,32.741401
-23.5,500,32.866409
-23.2,500,32.990473
19.0,500,33.11473
-50.9,500,33.238848
-22.7,500,33.363065
-23.6,500,33.487691
-5.1,500,33.6119
-23.1,500,33.736413
-23.2,500,33.860455
-4.2,500,33.984699
-3.4,500,34.109286
-26.4,500,34.234125
-23.6,500,34.358205
-23.3,500,34.482071
-24.7,500,34.606263
-4.2,500,34.730719
-3.7,500,34.855582
-23.4,500,34.979663
-23.6,500,35.104578
-23.6,500,35.229807
-3.7,500,35.369888
-23.5,500,35.500192
-2.1,500,35.625179
-3.4,500,35.772611
-46.9,500,35.89855
-24.5,500,36.022996
-25.0,500,36.147521
-23.9,500,36.272092
-23.7,500,36.396347
-22.7,500,36.520797
-3.0,500,36.646522
-5.8,500,36.771207
-4.2,500,36.896012
-47.5,500,37.020355
-23.9,500,37.146659
-3.5,500,37.271993
-23.8,500,37.396435
-23.7,500,37.521329
-22.8,500,37.645773
-24.8,500,37.770292
-25.0,500,37.89592
-23.5,500,38.020768
-22.7,500,38.145485
-24.1,500,38.270017
-23.4,500,38.39504
-22.9,500,38.51926
-23.0,500,38.644313
-5.7,500,38.76922
-23.7,500,38.893491
-23.1,500,39.026808
-24.6,500,39.152459
-22.7,500,39.27817
-23.6,500,39.402981
-3.5,500,39.528035
-46.9,500,39.652808
-24.1,500,39.777089
-23.3,500,39.902475
-24.0,500,40.026612
-23.2,500,40.150682
-3.5,500,40.274737
-24.1,500,40.401384
-23.5,500,40.528073
-4.8,500,40.653356
-24.9,500,40.77771
-25.2,500,40.901501
-23.2,500,41.025314
-22.8,500,41.149485
-23.1,500,41.274488
-4.6,500,41.398731
-23.9,500,41.523134
-2.7,500,41.648199
-3.5,500,41.780724
-25.0,500,41.932043
-23.0,500,42.057952
20.3,500,42.184972
-25.7,500,42.309698
-23.5,500,42.434788
-23.2,500,42.559304
-23.4,500,42.683507
-3.8,500,42.807792
-2.5,500,42.932748
-23.9,500,43.057747
-23.1,500,43.183916
-24.0,500,43.309279
-24.9,500,43.43365
-25.5,500,43.558444
-26.3,500,43.682863
-23.9,500,43.808076
-22.7,500,43.932417
20.6,500,44.057315
-24.3,500,44.181908
-24.1,500,44.306052
-23.2,500,44.431033
-3.0,500,44.555458
-24.9,500,44.679649
-22.8,500,44.80375
-23.3,500,44.928299
-2.2,500,45.053175
-23.7,500,45.178724
-5.7,500,45.303528
-2.8,500,45.42859
-46.4,500,45.553307
-46.2,500,45.676819
-24.9,500,45.800274
-23.2,500,45.924447
-22.8,500,46.048588
-23.3,500,46.173046
-24.4,500,46.297196
-23.1,500,46.421042
-3.7,500,46.566302
-24.1,500,46.696248
-23.1,500,46.822195
-23.3,500,46.948884
-23.6,500,47.075775
-2.9,500,47.20288
-23.6,500,47.330664
-23.5,500,47.472746
-23.4,500,47.605882
-6.0,500,47.734817
-3.8,500,47.860593
-22.5,500,47.986267
-23.4,500,48.111268
-3.8,500,48.237617
-23.2,500,48.36243
-23.0,500,48.487558
-7.1,500,48.612283
-22.9,500,48.739069
-22.9,500,48.871503
-22.9,500,48.996845
-24.1,500,49.121218
-24.0,500,49.248101
-24.1,500,49.373878
-24.2,500,49.501875
-22.5,500,49.627673
-25.4,500,49.75267
-25.1,500,49.878535
-23.2,500,50.003701
-23.9,500,50.129618
-22.9,500,50.254607
-25.2,500,50.379833
-23.7,500,50.504706
-23.4,500,50.663838
-7.3,500,50.788796
-22.9,500,50.914903
-5.3,500,51.03967
-24.4,500,51.16462
-4.6,500,51.289082
-24.6,500,51.413748
-23.6,500,51.538293
-3.8,500,51.662867
-23.6,500,51.787848
-23.2,500,51.912788
-23.7,500,52.037419
-23.7,500,52.163198
-23.5,500,52.287932
-23.9,500,52.411871
-28.3,500,52.537242
-22.7,500,52.661278
-23.9,500,52.785209
-26.5,500,52.909297
-23.1,500,53.033661
-24.6,500,53.157631
-2.3,500,53.284331
-26.1,500,53.408813
-23.1,500,53.532924
-24.0,500,53.656905
-11.0,500,53.780528
-26.7,500,53.905603
-22.7,500,54.032752
-24.5,500,54.157252
-23.4,500,54.282291
-3.9,500,54.407294
-23.0,500,54.531794
-48.4,500,54.667149
-2.6,500,54.793751
-22.9,500,54.918507
-23.1,500,55.043949
-3.0,500,55.169019
-23.2,500,55.293173
-24.3,500,55.416869
-23.3,500,55.556238
-24.1,500,55.694223
-4.5,500,55.822232
-26.1,500,55.947307
-22.8,500,56.072158
-23.7,500,56.19634
-24.4,500,56.321206
-23.4,500,56.459741
-24.9,500,56.592813
-22.6,500,56.718528
34.9,500,56.844495
-52.8,500,56.968829
-26.4,500,57.094916
-25.7,500,57.219783
-23.2,500,57.37228
-23.5,500,57.506133
-23.7,500,57.632196
-23.3,500,57.757114
-23.7,500,57.881211
-3.7,500,58.006272
-22.9,500,58.130982
-23.6,500,58.255099
-23.0,500,58.379642
-22.8,500,58.50367
-23.5,500,58.628787
-25.3,500,58.752901
-22.9,500,58.883083
-23.9,500,59.010203
-23.7,500,59.134979
-24.1,500,59.26012
-3.1,500,59.385334
-23.6,500,59.50983
-23.6,500,59.634431
-23.3,500,59.759283
19.6,500,59.884731
-27.1,500,60.009084
-3.7,500,60.133454
-24.4,500,60.25789
-23.3,500,60.38222
-22.8,500,60.507004
-23.1,500,60.632425
-2.5,500,60.756949
-23.0,500,60.881596
-23.3,500,61.005987
-23.3,500,61.130297
-22.8,500,61.255509
-24.3,500,61.379904
-21.7,500,61.504415
-21.9,500,61.628617
-22.7,500,61.752833
-22.7,500,61.877169
-24.8,500,62.002183
-22.9,500,62.127736
-22.6,500,62.252654
-23.4,500,62.377166
-23.1,500,62.50158
-23.0,500,62.626878
-22.8,500,62.751612
-23.3,500,62.876269
-22.9,500,63.000095
-22.2,500,63.124462
-23.3,500,63.248476
-24.5,500,63.373096
-23.9,500,63.497573
-23.9,500,63.621941
-4.2,500,63.746265
-24.5,500,63.870609
-22.8,500,63.995851
-3.6,500,64.12009
-23.8,500,64.244324
-23.0,500,64.36898
-22.9,500,64.493238
-23.0,500,64.617584
-24.2,500,64.743398
-22.9,500,64.868617
-24.9,500,64.998661
-24.9,500,65.125436
-23.0,500,65.252187
-23.4,500,65.378422
-22.8,500,65.511863
-22.8,500,65.638394
-4.8,500,65.763882
-23.6,500,65.888882
-23.0,500,66.013936
-23.9,500,66.138667
-23.9,500,66.263795
-23.0,500,66.389943
-22.7,500,66.517054
-23.0,500,66.645283
-24.7,500,66.770486
-2.2,500,66.896183
-22.9,500,67.020902
-24.0,500,67.149714
-2.8,500,67.284182
-23.9,500,67.410365
-22.9,500,67.535941
-22.9,500,67.661152
-3.0,500,67.828551
-25.1,500,67.961963
-24.5,500,68.09003
-23.4,500,68.21659
-22.6,500,68.352267
-3.2,500,68.508202
-28.8,500,68.668295
-23.4,500,68.800707
-23.1,500,68.935573
-23.9,500,69.063741
-23.8,500,69.191336
-23.1,500,69.344561
-24.4,500,69.477992
-22.6,500,69.630845
-4.9,500,69.769006
-23.5,500,69.901539
-4.4,500,70.028461
-23.3,500,70.177536
-22.9,500,70.339085
-25.0,500,70.519709
-3.5,500,70.669445
-26.5,500,70.798988
-4.9,500,70.92514
-25.0,500,71.050853
-24.1,500,71.176993
-23.1,500,71.302147
-22.9,500,71.428737
-24.0,500,71.553768
-6.3,500,71.678386
-23.8,500,71.803585
-23.0,500,71.928105
-23.7,500,72.052701
-23.8,500,72.178549
-23.3,500,72.302942
-22.9,500,72.428138
-24.4,500,72.552941
-4.1,500,72.677922
-23.0,500,72.81506
-22.7,500,72.942495
-23.5,500,73.068315
-22.8,500,73.193294
-22.6,500,73.317686
-23.3,500,73.442112
-3.9,500,73.567371
-24.3,500,73.692507
-23.5,500,73.817556
-23.6,500,73.942485
-1.7,500,74.066913
-24.4,500,74.191266
-23.2,500,74.315883
-22.8,500,74.440482
-23.4,500,74.564978
-22.6,500,74.689047
10.9,500,74.814019
-24.8,500,74.938349
-23.0,500,75.063286
-24.5,500,75.187638
-24.0,500,75.312567
-23.2,500,75.437369
-5.1,500,75.562264
-23.9,500,75.690096
-23.4,500,75.815979
-22.8,500,75.941182
-4.8,500,76.066336
-24.7,500,76.191303
-24.5,500,76.316062
-23.9,500,76.44114
-23.8,500,76.565709
-23.6,500,76.690379
-4.5,500,76.815051
-22.9,500,76.939579
-24.2,500,77.064907
-3.6,500,77.191686
-25.0,500,77.316752
-23.1,500,77.441421
-23.4,500,77.565838
-24.6,500,77.690437
-24.3,500,77.815165
-22.6,500,77.939252
-3.8,500,78.063617
-23.8,500,78.187935
-24.5,500,78.312142
-23.6,500,78.436941
-2.9,500,78.561736
-23.9,500,78.686335
-23.7,500,78.810831
-24.5,500,78.93507
-2.7,500,79.059371
-23.3,500,79.184454
-22.9,500,79.308916
-22.9,500,79.433219
-24.1,500,79.557594
-23.1,500,79.682138
-22.5,500,79.807557
-23.6,500,79.93181
-23.8,500,80.0561
-23.4,500,80.180501
-23.5,500,80.304858
-23.2,500,80.429136
-4.8,500,80.554475
-23.3,500,80.678627
-46.4,500,80.803028
-23.9,500,80.927144
-4.5,500,81.051966
-47.0,500,81.177429
-22.9,500,81.301702
-48.7,500,81.426532
-26.5,500,81.550376
-23.6,500,81.674593
-23.1,500,81.799768
-5.7,500,81.924121
-24.2,500,82.048118
-3.9,500,82.174152
-23.8,500,82.299144
-22.8,500,82.423634
-23.5,500,82.548685
-23.0,500,82.67323
-22.6,500,82.797619
-22.7,500,82.922291
-22.5,500,83.046814
-23.7,500,83.17186
-22.9,500,83.296528
-24.4,500,83.423623
-3.1,500,83.548541
-25.4,500,83.673116
-23.2,500,83.798338
-23.8,500,83.922657
-23.5,500,84.046866
-23.7,500,84.172771
-23.7,500,84.297433
-22.7,500,84.422483
-23.1,500,84.547037
-24.8,500,84.671659
-22.7,500,84.79642
-23.8,500,84.921313
-23.3,500,85.045576
-23.5,500,85.170547
-23.4,500,85.295166
-4.1,500,85.419795
-2.5,500,85.544037
-6.9,500,85.668714
-2.9,500,85.794269
-1.8,500,85.919677
-3.6,500,86.045102
-22.9,500,86.169933
-23.1,500,86.29445
-22.8,500,86.432264
-23.2,500,86.557038
-23.8,500,86.681571
-23.2,500,86.80873
-23.6,500,86.94046
-22.7,500,87.065645
-22.7,500,87.191307
-23.9,500,87.316669
-23.0,500,87.441407
-23.4,500,87.565875
-33.5,500,87.691018
-22.8,500,87.815748
-23.3,500,87.94028
-22.9,500,88.064938
-22.6,500,88.189042
-23.5,500,88.313505
-23.3,500,88.438605
-23.6,500,88.563488
-25.9,500,88.688088
-22.2,500,88.8125
-23.3,500,88.936737
-22.6,500,89.061351
-22.7,500,89.185495
-23.5,500,89.30961
-22.8,500,89.433707
-23.6,500,89.558211
-23.0,500,89.682967
-22.6,500,89.808058
-23.0,500,89.932906
-22.6,500,90.057384
-5.4,500,90.181679
-24.0,500,90.305656
-27.6,500,90.43564
-24.0,500,90.561092
-23.0,500,90.686618
-22.7,500,90.811443
-22.8,500,90.937209
-23.2,500,91.06319
-24.0,500,91.188094
-23.3,500,91.312618
-24.3,500,91.437425
-22.7,500,91.562983
-25.2,500,91.687876
-22.6,500,91.81344
-24.9,500,91.938467
-3.6,500,92.062814
-22.8,500,92.189494
-2.7,500,92.314232
-24.6,500,92.439162
-23.7,500,92.564332
-24.4,500,92.689517
-22.6,500,92.814813
-23.0,500,92.940052
-24.3,500,93.065971
-23.3,500,93.190452
-23.3,500,93.314795
-24.8,500,93.439633
-6.2,500,93.564764
-22.5,500,93.688799
-23.8,500,93.813366
-24.6,500,93.938485
-26.6,500,94.062889
-22.8,500,94.18759
-23.7,500,94.312345
-22.5,500,94.437382
-24.0,500,94.562179
-3.8,500,94.686779
-23.5,500,94.811244
-23.2,500,94.935832
-22.7,500,95.060969
-2.6,500,95.186018
-23.2,500,95.311421
-22.5,500,95.436278
-4.2,500,95.561653
-23.8,500,95.686322
-23.6,500,95.8115
-23.2,500,95.936233
-23.5,500,96.061607
-23.1,500,96.186542
-22.9,500,96.311265
-22.9,500,96.436438
-23.0,500,96.560964
-23.6,500,96.685094
-23.1,500,96.809068
-22.5,500,96.933245
-22.4,500,97.05751
-29.5,500,97.184053
-22.0,500,97.308899
-22.2,500,97.433293
-22.5,500,97.55783
-23.8,500,97.682648
-23.3,500,97.807899
-2.6,500,97.944773
-24.4,500,98.069616
-23.6,500,98.193829
-23.3,500,98.318504
-22.7,500,98.443957
-22.5,500,98.577949
-22.7,500,98.703374
-23.5,500,98.828239
-22.8,500,98.953168
-22.8,500,99.07855
-23.5,500,99.203149
-27.3,500,99.327716
-22.7,500,99.452073
-23.0,500,99.576406
-24.4,500,99.701433
-23.3,500,99.826346
-22.7,500,99.950837
-3.6,500,100.075267
-23.9,500,100.199355
-23.6,500,100.324535
-24.1,500,100.449116
-4.1,500,100.574073
-25.2,500,100.698045
-23.3,500,100.821724
-24.8,500,100.945719
-23.1,500,101.071202
-2.1,500,101.195656
-23.0,500,101.319747
-22.9,500,101.444167
-22.9,500,101.568359
-23.6,500,101.693283
-24.1,500,101.817478
-24.7,500,101.941484
-22.9,500,102.065714
-2.0,500,102.191853
-23.0,500,102.316617
-22.5,500,102.441859
-23.2,500,102.565935
-23.1,500,102.690463
-23.1,500,102.815082
-23.4,500,102.939387
-23.3,500,103.064203
-22.7,500,103.188644
-23.9,500,103.312765
-23.6,500,103.436841
-22.9,500,103.56163
-22.9,500,103.685964
-24.5,500,103.811433
-26.4,500,103.935824
-22.2,500,104.060456
-23.6,500,104.184948
-25.8,500,104.30902
-23.3,500,104.434101
-3.8,500,104.558647
-24.2,500,104.68308
-23.4,500,104.808105
-23.2,500,104.93253
-23.7,500,105.058032
-23.1,500,105.182417
-22.8,500,105.306957
-23.6,500,105.432235
-22.8,500,105.557232
-23.3,500,105.681602
-22.7,500,105.806779
-25.3,500,105.931611
-23.0,500,106.056731
-23.6,500,106.181484
-23.7,500,106.306184
-23.4,500,106.4312
-22.7,500,106.558152
-23.0,500,106.689963
-24.0,500,106.81458
-23.3,500,106.938913
-22.8,500,107.063841
-23.0,500,107.190023
-23.0,500,107.31486
-23.8,500,107.439364
-24.7,500,107.563265
-22.8,500,107.687476
-22.4,500,107.811929
-25.8,500,107.936152
-23.0,500,108.060387
-23.1,500,108.184169
-22.9,500,108.308087
-23.4,500,108.432711
-25.1,500,108.557421
-22.8,500,108.681322
-23.3,500,108.805384
-23.1,500,108.929615
-22.8,500,109.053788
-22.6,500,109.178611
-22.8,500,109.302583
-22.8,500,109.426612
-37.1,500,109.550253
-54.3,500,109.674541
-31.8,500,109.799886
-23.6,500,109.924699
-23.1,500,110.049157
-22.7,500,110.173459
-23.2,500,110.297201
-23.3,500,110.421512
-23.4,500,110.548796
-24.2,500,110.673485
-23.0,500,110.797811
-40.8,500,110.922436
-22.5,500,111.047304
-22.8,500,111.172957
-23.9,500,111.297472
-26.0,500,111.421828
-3.1,500,111.546893
-48.7,500,111.671974
-47.1,500,111.797043
-23.2,500,111.921871
-22.8,500,112.046768
-25.2,500,112.173072
-22.5,500,112.298218
-24.0,500,112.423079
-22.8,500,112.548435
-23.6,500,112.67337
-23.6,500,112.797643
-22.5,500,112.921763
-22.6,500,113.046101
-23.0,500,113.170949
-22.5,500,113.295563
-23.9,500,113.419498
-23.8,500,113.543857
-23.0,500,113.68073
-23.4,500,113.806295
-9.5,500,113.930819
-28.4,500,114.055019
-24.2,500,114.179496
-22.7,500,114.304132
-24.4,500,114.42904
-22.6,500,114.553443
-23.6,500,114.67754
-23.7,500,114.801985
-24.3,500,114.926148
-23.1,500,115.05055
-23.0,500,115.175656
-23.1,500,115.30005
-24.8,500,115.424236
-23.6,500,115.549734
-22.9,500,115.674428
-22.7,500,115.799339
-6.4,500,115.924083
-28.1,500,116.048892
-23.0,500,116.173447
-22.9,500,116.29807
-23.3,500,116.42227
-22.7,500,116.546932
-22.9,500,116.671241
-23.1,500,116.795354
-22.7,500,116.919399
-23.2,500,117.043618
-23.7,500,117.170565
-22.9,500,117.295603
-7.5,500,117.419867
-24.4,500,117.544368
-22.8,500,117.66856
-24.4,500,117.793213
-29.4,500,117.918496
-27.6,500,118.043014
-23.2,500,118.167463
-23.7,500,118.291999
-23.0,500,118.416548
-23.6,500,118.541832
-24.1,500,118.666291
-23.9,500,118.7906
-22.8,500,118.914796
-23.0,500,119.038809
-22.7,500,119.163085
-23.2,500,119.28762
-24.0,500,119.411961
-23.0,500,119.536949
-23.0,500,119.661192
-27.4,500,119.785352
-22.8,500,119.910472
-23.8,500,120.034742
-22.9,500,120.158703
-23.5,500,120.28254
-23.4,500,120.406496
-22.7,500,120.531462
-24.9,500,120.656971
-23.2,500,120.781482
-4.0,500,120.906263
-29.8,500,121.033284
-22.9,500,121.165195
-22.5,500,121.290269
-22.9,500,121.414342
-22.8,500,121.538521
-22.8,500,121.662686
-22.8,500,121.786868
-23.1,500,121.911608
-23.1,500,122.035764
-23.6,500,122.161558
-23.6,500,122.286871
-25.6,500,122.411303
-24.5,500,122.535459
-23.0,500,122.660653
-23.2,500,122.784817
-23.9,500,122.909158
-23.2,500,123.033189
-22.9,500,123.157119
-25.1,500,123.281877
-1.6,500,123.406526
-25.9,500,123.531603
-23.1,500,123.655916
-23.5,500,123.780482
-22.7,500,123.904776
-23.1,500,124.029568
-23.1,500,124.154158
-22.9,500,124.278367
-23.3,500,124.402837
-23.2,500,124.527327
-26.7,500,124.652697
-22.8,500,124.777568
-22.5,500,124.90177
-23.3,500,125.026271
-22.8,500,125.150697
-22.9,500,125.275666
-22.7,500,125.400148
-23.3,500,125.524628
-23.0,500,125.648943
-23.3,500,125.773375
-29.6,500,125.897655
-22.9,500,126.022868
-24.4,500,126.147141
-23.1,500,126.271272
-23.0,500,126.395547
-23.6,500,126.519949
-23.2,500,126.645325
-22.6,500,126.770075
-8.6,500,126.894724
-24.3,500,127.019524
-23.8,500,127.145669
-24.2,500,127.271043
-23.5,500,127.395395
-23.5,500,127.520565
-23.0,500,127.645543
-24.0,500,127.770025
-24.0,500,127.894118
-22.8,500,128.019896
-25.2,500,128.144428
-22.7,500,128.269068
-23.0,500,128.393493
-23.5,500,128.518328
-23.0,500,128.643458
-25.0,500,128.767967
-22.6,500,128.892172
-22.9,500,129.016264
-23.3,500,129.140432
-22.7,500,129.264726
-22.7,500,129.389417
-26.1,500,129.513889
-22.7,500,129.638402
-22.5,500,129.762698
-22.5,500,129.887168
-23.1,500,130.012476
-24.2,500,130.136927
-22.7,500,130.261402
-22.7,500,130.385848
-22.9,500,130.510201
-22.8,500,130.637216
-22.5,500,130.761544
-23.7,500,130.88503
-23.2,500,131.008774
-22.6,500,131.133204
-23.9,500,131.257835
-4.2,500,131.383129
-25.1,500,131.507675
-22.6,500,131.631561
18.0,500,131.755856
-24.9,500,131.879774
-22.8,500,132.004613
-24.8,500,132.130264
-22.7,500,132.255691
-23.3,500,132.37992
-23.4,500,132.504363
-23.9,500,132.62875
-3.7,500,132.754354
-30.2,500,132.878771
-23.8,500,133.003304
-22.7,500,133.127811
-22.8,500,133.252293
-26.4,500,133.377457
-23.2,500,133.502536
-22.7,500,133.626866
-22.5,500,133.760466
-52.0,500,133.885232
-27.7,500,134.009802
-23.3,500,134.133788
-24.4,500,134.257721
-23.9,500,134.382129
-22.7,500,134.506078
-22.8,500,134.630016
-22.8,500,134.755099
-2.3,500,134.87942
-23.7,500,135.003669
-23.3,500,135.128126
-23.6,500,135.252307
-22.5,500,135.376424
-23.0,500,135.501616
-23.2,500,135.626586
-22.5,500,135.750935
-27.0,500,135.875347
-22.7,500,135.999701
-22.8,500,136.124996
-23.0,500,136.249066
-23.7,500,136.373316
-23.5,500,136.498172
-23.6,500,136.623007
-23.5,500,136.747675
-22.6,500,136.871303
-22.8,500,136.995486
-23.1,500,137.120804
-28.0,500,137.246266
-22.5,500,137.370463
-23.0,500,137.495058
-22.9,500,137.618891
-23.2,500,137.742974
-22.7,500,137.867128
-22.8,500,137.990925
-23.1,500,138.115539
-22.7,500,138.239422
-22.5,500,138.363655
-26.1,500,138.48809
-23.4,500,138.612067
-7.7,500,138.736838
-26.0,500,138.860854
-23.8,500,138.985019
-23.1,500,139.10901
-22.7,500,139.233417
-24.1,500,139.359679
-23.1,500,139.492834
-22.9,500,139.617661
-22.6,500,139.742143
-27.0,500,139.86643
-27.3,500,139.990708
-23.4,500,140.115476
-23.9,500,140.239589
-23.8,500,140.363678
-22.6,500,140.488192
-23.4,500,140.612605
-24.5,500,140.737392
-23.8,500,140.861447
-22.9,500,140.986217
-24.2,500,141.110874
-23.2,500,141.23478
-24.2,500,141.358655
-23.8,500,141.483847
-22.6,500,141.607856
-23.1,500,141.732197
-22.7,500,141.856357
-22.9,500,141.980542
-23.2,500,142.105768
-24.1,500,142.231986
-22.9,500,142.356737
-24.9,500,142.481086
-22.5,500,142.605176
-25.0,500,142.729847
-22.6,500,142.854868
-23.5,500,142.979537
-23.2,500,143.103812
-22.6,500,143.228246
-29.9,500,143.35269
-4.8,500,143.480015
-24.9,500,143.612885
-7.2,500,143.750114
-26.4,500,143.877013
-22.8,500,144.002789
-3.6,500,144.127813
-23.3,500,144.252451
-23.1,500,144.376894
-22.7,500,144.501076
-23.5,500,144.626118
-23.3,500,144.750731
-22.5,500,144.875192
-22.9,500,144.99987
-23.1,500,145.124608
-23.0,500,145.249492
-22.7,500,145.374472
-22.6,500,145.498951
-24.0,500,145.623303
-23.6,500,145.747962
-22.7,500,145.872481
-25.1,500,145.997976
-23.3,500,146.122737
-23.3,500,146.247481
-23.5,500,146.372244
-22.7,500,146.49707
-23.3,500,146.621802
-22.7,500,146.746907
-22.9,500,146.87125
-23.4,500,146.995339
-23.0,500,147.120943
-23.5,500,147.246636
-23.4,500,147.371456
-22.9,500,147.495388
-22.5,500,147.619366
-23.1,500,147.743376
-22.6,500,147.867289
-22.7,500,147.991499
-22.7,500,148.116556
-23.6,500,148.240399
-24.0,500,148.364367
-34.0,500,148.488844
-22.6,500,148.612675
-23.9,500,148.736535
-23.3,500,148.86096
-22.6,500,148.98515
-23.7,500,149.109359
-25.4,500,149.233166
-22.7,500,149.356984
-23.2,500,149.481506
-27.4,500,149.605847
-22.5,500,149.730497
-23.6,500,149.854655
-24.1,500,149.978375
-23.5,500,150.102723
-23.3,500,150.227251
-23.1,500,150.351309
-25.0,500,150.475319
-24.3,500,150.599435
-22.9,500,150.740363
-22.6,500,150.866115
-23.0,500,150.990808
-22.8,500,151.114694
-23.2,500,151.239026
-23.4,500,151.363154
-23.0,500,151.487992
-22.8,500,151.612219
-22.8,500,151.736217
-22.9,500,151.86036
-23.5,500,151.984681
-23.2,500,152.108834
-27.9,500,152.23568
-23.9,500,152.360275
-22.5,500,152.484829
-23.1,500,152.609533
-25.8,500,152.733808
-22.7,500,152.858459
-23.5,500,152.982944
-22.8,500,153.10711
-23.8,500,153.231478
-23.1,500,153.355561
-23.0,500,153.48047
-23.3,500,153.605016
-22.8,500,153.729054
-22.9,500,153.853606
-23.4,500,153.977668
-24.0,500,154.102036
-29.9,500,154.226837
-23.1,500,154.351248
-23.6,500,154.475881
-23.1,500,154.599991
-23.0,500,154.724916
-23.0,500,154.849981
-22.8,500,154.974402
6.5,500,155.099135
-34.6,500,155.224177
-22.8,500,155.348819
-22.7,500,155.474188
-23.0,500,155.598531
-32.0,500,155.72326
-22.8,500,155.847843
-23.4,500,155.97293
-23.0,500,156.097292
-26.0,500,156.222125
-24.2,500,156.347004
-23.3,500,156.471331
-23.3,500,156.596382
-24.7,500,156.720407
-23.3,500,156.845238
-22.9,500,156.969632
-23.2,500,157.09377
-22.9,500,157.219904
-24.6,500,157.344503
-30.7,500,157.469776
-23.9,500,157.613249
-22.7,500,157.752338
-23.3,500,157.903487
-23.6,500,158.040238
-22.9,500,158.185128
-22.9,500,158.313654
-25.4,500,158.439637
-23.2,500,158.565321
-22.7,500,158.690578
-22.5,500,158.815316
-22.9,500,158.9404
-22.9,500,159.064548
-25.3,500,159.189071
-22.7,500,159.312672
-22.8,500,159.436261
-23.1,500,159.56577
-22.8,500,159.70771
-15.8,500,159.835131
-23.5,500,159.960441
-3.3,500,160.085693
-23.1,500,160.210609
-23.4,500,160.335238
-22.7,500,160.459906
-4.9,500,160.584828
-23.0,500,160.71009
-22.6,500,160.834669
-22.7,500,160.959224
-23.0,500,161.084363
-26.3,500,161.209006
-23.3,500,161.333512
-24.0,500,161.458493
-23.7,500,161.583424
-23.8,500,161.708065
-22.7,500,161.832816
-22.7,500,161.956976
-23.2,500,162.082025
-23.6,500,162.2085
-23.2,500,162.333551
-22.8,500,162.457993
-23.0,500,162.582688
-22.9,500,162.707458
-22.7,500,162.831498
-23.1,500,162.955478
-22.7,500,163.079643
-22.6,500,163.203693
-23.1,500,163.327762
-22.5,500,163.452852
-23.9,500,163.57767
-25.7,500,163.70197
-24.9,500,163.826496
-33.2,500,163.950576
-22.8,500,164.075694
-23.6,500,164.200317
-24.7,500,164.324661
-23.6,500,164.44889
-23.2,500,164.573343
-22.9,500,164.698147
-24.5,500,164.822931
-23.2,500,164.94714
-22.9,500,165.071384
-23.1,500,165.195535
-23.7,500,165.319993
-22.9,500,165.44439
-23.0,500,165.568176
-23.2,500,165.692228
-27.0,500,165.816441
-24.9,500,165.940672
-24.7,500,166.065689
-23.8,500,166.19094
-23.3,500,166.315557
-22.8,500,166.43962
-23.1,500,166.564029
-22.5,500,166.687939
-23.0,500,166.812746
-22.8,500,166.937028
-23.3,500,167.061243
-22.7,500,167.186841
-24.2,500,167.311565
-23.8,500,167.435723
-23.4,500,167.561
-29.3,500,167.685722
-25.5,500,167.809922
-22.8,500,167.934144
-22.8,500,168.057908
-22.9,500,168.181897
-22.6,500,168.306648
-23.2,500,168.430792
-22.8,500,168.555365
-22.7,500,168.679854
-23.4,500,168.803999
-38.2,500,168.928947
-25.1,500,169.053169
-23.4,500,169.177371
-23.3,500,169.301604
-22.7,500,169.425801
-23.7,500,169.550453
-22.9,500,169.675447
-22.6,500,169.808432
-23.1,500,169.933559
-26.7,500,170.058009
-30.5,500,170.182273
-22.6,500,170.307065
-22.9,500,170.43104
-23.0,500,170.555611
-26.9,500,170.679876
-23.4,500,170.804195
-28.4,500,170.929385
-23.0,500,171.053889
-23.3,500,171.178378
-23.0,500,171.30311
-32.4,500,171.427669
-22.8,500,171.55207
-23.5,500,171.677073
-22.5,500,171.801348
-23.7,500,171.925975
-23.0,500,172.049798
-22.9,500,172.175547
-23.1,500,172.300741
-23.1,500,172.425312
-5.5,500,172.550004
-24.4,500,172.674464
-23.6,500,172.798857
-22.9,500,172.923257
-27.8,500,173.04824
-22.8,500,173.172568
-22.5,500,173.296652
-22.7,500,173.421092
-22.6,500,173.545925
-22.8,500,173.670857
-23.2,500,173.795089
-22.9,500,173.919292
-22.6,500,174.043869
-26.1,500,174.168265
-22.6,500,174.29354
-23.0,500,174.419001
-23.0,500,174.544217
-27.0,500,174.668902
-23.1,500,174.793806
-23.2,500,174.918196
-22.5,500,175.043225
-22.5,500,175.167895
15.0,500,175.292787
-28.6,500,175.417545
-3.8,500,175.542206
-46.6,500,175.667578
-24.4,500,175.792077
-23.6,500,175.916715
-2.4,500,176.041779
-27.5,500,176.166355
-23.4,500,176.291212
-23.0,500,176.416339
-23.2,500,176.5417
-25.0,500,176.675323
-25.9,500,176.799757
-22.9,500,176.923711
-23.1,500,177.048263
-23.7,500,177.173686
-22.6,500,177.298214
-23.5,500,177.422334
-23.2,500,177.546333
-22.8,500,177.673281
-23.7,500,177.801514
-22.6,500,177.926605
-24.1,500,178.051263
-22.7,500,178.175809
-29.1,500,178.300201
-23.3,500,178.425008
-23.0,500,178.549727
-22.8,500,178.674253
-23.0,500,178.798307
-23.3,500,178.922376
-22.7,500,179.0468
-23.7,500,179.170813
-22.9,500,179.294987
-23.6,500,179.419324
-22.7,500,179.543538
-22.6,500,179.667574
-23.1,500,179.793008
-23.1,500,179.917214
-26.9,500,180.04222
-22.8,500,180.1664
-22.9,500,180.291305
-23.5,500,180.416029
-28.2,500,180.540287
-33.3,500,180.664674
-23.1,500,180.789317
-23.1,500,180.913333
-23.5,500,181.038449
-23.5,500,181.162951
-24.0,500,181.287179
-23.9,500,181.428162
-22.7,500,181.663414
-23.3,500,181.795039
-22.8,500,181.922806
-32.1,500,182.04816
-22.8,500,182.174376
-23.7,500,182.300189
-25.7,500,182.425614
-23.4,500,182.556246
-23.7,500,182.682195
-28.8,500,182.807354
-24.0,500,182.9421
-22.7,500,183.071981
-7.5,500,183.197334
-23.0,500,183.322508
-22.9,500,183.447416
-23.2,500,183.617496
-23.8,500,183.795031
-22.8,500,183.96121
-22.9,500,184.151221
-22.7,500,184.43728
-23.1,500,184.701323
-23.5,500,184.958358
-23.6,500,185.166345
-23.8,500,185.500179
-24.0,500,185.638942
-34.1,500,185.784501
-22.7,500,185.921028
-22.9,500,186.046871
-22.9,500,186.244409
-22.8,500,186.422539
-22.5,500,186.632617
-22.8,500,186.841523
-24.9,500,187.016835
-33.5,500,187.212935
-22.9,500,187.362587
-22.9,500,187.531375
-22.5,500,187.703535
-22.7,500,187.989327
-22.7,500,188.15831
-24.1,500,188.357223
-5.9,500,188.602987
-24.9,500,188.79168
-23.1,500,188.958476
-23.4,500,189.152311
-22.7,500,189.393059
-23.8,500,189.561171
-23.6,500,189.731115
-23.7,500,189.885842
-23.5,500,190.020468
-22.8,500,190.167218
-2.7,500,190.300155
-24.6,500,190.429958
-24.9,500,190.605471
-23.8,500,190.749314
-22.9,500,190.901946
-23.8,500,191.044162
-22.7,500,191.179865
-22.5,500,191.309587
-22.8,500,191.439986
-23.6,500,191.578202
-22.8,500,191.71428
-22.7,500,191.872743
-23.2,500,192.033382
-24.8,500,192.170486
-4.2,500,192.298405
-26.1,500,192.431378
-22.9,500,192.567254
-24.0,500,192.702659
-22.9,500,192.829198
-23.1,500,192.954971
-23.9,500,193.080085
-22.8,500,193.214319
-24.3,500,193.348565
-23.0,500,193.482612
-22.9,500,193.629469
-24.3,500,193.767776
-22.5,500,193.897438
-23.0,500,194.025866
-23.8,500,194.15859
-23.0,500,194.289436
-23.5,500,194.414753
-23.9,500,194.542716
-23.1,500,194.668616
-22.5,500,194.79485
-4.4,500,194.922621
-23.4,500,195.051082
-25.8,500,195.18117
-23.0,500,195.308497
-22.9,500,195.435116
-25.7,500,195.560879
-23.4,500,195.685996
-23.2,500,195.811401
-22.6,500,195.936698
-24.0,500,196.062611
-23.1,500,196.187608
-23.7,500,196.313926
-22.8,500,196.444427
-23.2,500,196.572306
-22.7,500,196.698737
-11.8,500,196.82454
-23.9,500,196.950943
-23.2,500,197.076249
-23.0,500,197.203015
-22.5,500,197.334057
-22.5,500,197.47329
-23.2,500,197.604749
-23.3,500,197.738992
-23.5,500,197.865007
-23.5,500,197.99014
-26.2,500,198.114639
-23.0,500,198.239183
-22.7,500,198.36363
-23.5,500,198.488862
-25.0,500,198.613577
-22.6,500,198.738141
-22.5,500,198.862504
-25.9,500,198.987453
-23.0,500,199.112694
-23.4,500,199.237398
-23.3,500,199.361976
-24.2,500,199.486876
-22.9,500,199.611585
-22.9,500,199.736134
-26.1,500,199.861658
-22.9,500,199.986146
-23.0,500,200.110667
-22.7,500,200.235484
-22.8,500,200.360167
-24.4,500,200.485251
-12.8,500,200.622909
-25.8,500,200.749529
-22.7,500,200.874799
-23.6,500,201.000614
-22.9,500,201.125696
-23.4,500,201.250526
-26.7,500,201.375415
-23.4,500,201.499928
-22.8,500,201.625047
-22.9,500,201.750502
-22.8,500,201.875585
-22.8,500,202.000102
-24.9,500,202.124443
-23.0,500,202.250583
-23.3,500,202.376111
-4.0,500,202.50071
-22.7,500,202.625394
-23.6,500,202.75053
-23.7,500,202.875495
-22.7,500,203.000481
-25.1,500,203.125644
-22.9,500,203.250326
-22.7,500,203.566238
-22.5,500,203.747119
-23.1,500,203.951816
-3.3,500,204.204764
-22.7,500,204.352792
-23.3,500,204.593632
-23.2,500,204.729527
-25.6,500,204.885088
-23.2,500,205.060201
-23.1,500,205.200423
-22.6,500,205.336875
-23.1,500,205.471235
-24.3,500,205.61891
-22.6,500,205.757004
-23.0,500,205.89061
-22.8,500,206.028368
-28.2,500,206.179684
-24.6,500,206.311386
-23.1,500,206.45131
-23.3,500,206.585194
-23.1,500,206.71452
-22.5,500,206.863703
-23.4,500,207.028425
-23.9,500,207.172276
-6.5,500,207.315243
-28.0,500,207.489527
-22.6,500,207.650584
-22.9,500,207.821763
-22.9,500,208.043025
-8.3,500,208.182769
-24.7,500,208.347798
-22.8,500,208.60003
-22.9,500,208.748994
-22.6,500,208.90015
-23.5,500,209.037042
-26.0,500,209.167139
-23.7,500,209.293286
-22.9,500,209.500479
-24.5,500,209.717489
-22.8,500,209.854959
-25.2,500,210.002495
-23.4,500,210.143228
-22.6,500,210.273247
-23.3,500,210.399096
-29.7,500,210.525649
-23.3,500,210.672286
-23.2,500,210.827187
-24.0,500,210.971566
-22.6,500,211.114204
-23.5,500,211.263187
-23.1,500,211.390375
-4.0,500,211.521043
-21.6,500,211.649197
-25.0,500,211.777949
-4.0,500,211.959466
-26.7,500,212.204254
-22.7,500,212.344263
-23.6,500,212.49602
-6.4,500,212.646509
-23.2,500,212.777972
-25.2,500,212.905007
-22.9,500,213.087253
-22.5,500,213.236953
-22.6,500,213.387544
-23.1,500,213.529287
-22.6,500,213.664601
-9.6,500,213.79187
-23.8,500,213.918723
-23.1,500,214.044533
-25.9,500,214.169828
-22.6,500,214.298527
-22.6,500,214.429882
-23.3,500,214.564812
-24.6,500,214.715099
-22.9,500,215.077479
-23.2,500,215.213164
-23.0,500,215.362225
-23.2,500,215.497308
-23.3,500,215.640548
-22.8,500,215.772181
-22.9,500,215.945933
-23.3,500,216.213318
-23.1,500,216.359711
-23.6,500,216.532415
-23.0,500,216.808771
-25.6,500,217.059175
-26.3,500,217.204036
-46.7,500,217.336198
-23.0,500,217.484757
-26.7,500,217.658063
-25.5,500,217.797556
-24.4,500,217.936743
-22.7,500,218.07276
-23.0,500,218.206207
-23.1,500,218.335879
-22.7,500,218.478212
-22.7,500,218.663172
-22.6,500,218.842423
-22.6,500,219.000635
-22.7,500,219.141656
-23.4,500,219.279066
-22.5,500,219.422112
-22.8,500,219.55957
-27.7,500,219.740552
-22.5,500,219.957434
-22.7,500,220.19682
-22.6,500,220.362333
-23.0,500,220.556102
-22.6,500,220.790831
-22.6,500,220.989873
-26.8,500,221.143463
-23.5,500,221.287245
-28.0,500,221.428012
-23.0,500,221.607452
-3.1,500,221.902488
-25.1,500,222.047982
-23.6,500,222.237444
-22.8,500,222.501617
-23.4,500,222.64003
-22.6,500,222.794575
-22.9,500,222.928567
-23.4,500,223.080379
-22.9,500,223.235704
-3.4,500,223.385697
-28.1,500,223.524265
-24.0,500,223.658746
-3.0,500,223.793124
-23.5,500,223.92339
-3.5,500,224.053425
-24.3,500,224.181228
17.6,500,224.31816
-24.1,500,224.458768
-2.0,500,224.595551
-22.6,500,224.731078
-22.5,500,224.865087
-22.8,500,225.014441
-22.7,500,225.153359
-22.6,500,225.289681
-22.7,500,225.427211
-26.1,500,225.554397
-23.3,500,225.680568
-25.4,500,225.805543
-22.9,500,225.95524
-23.5,500,226.108957
-23.8,500,226.252113
-3.9,500,226.471406
-23.4,500,226.655981
-23.0,500,226.795725
-3.3,500,227.010596
-23.3,500,227.217097
-22.9,500,227.388449
-2.6,500,227.537631
-23.7,500,227.670963
-22.9,500,227.800861
-23.3,500,227.936748
-23.0,500,228.065215
-22.9,500,228.213814
-23.2,500,228.359249
-23.1,500,228.517817
-22.7,500,228.650629
-23.2,500,228.776953
-22.8,500,228.902108
-23.0,500,229.027225
-22.7,500,229.154431
-23.1,500,229.295266
-11.1,500,229.422946
-24.6,500,229.5497
-22.7,500,229.680433
-2.0,500,229.806264
-24.0,500,229.931466
-23.6,500,230.080811
-24.1,500,230.207096
-23.3,500,230.332084
-22.9,500,230.457195
-22.7,500,230.619255
-22.9,500,230.753295
-3.9,500,230.884392
-26.3,500,231.037637
-23.3,500,231.169866
-23.1,500,231.297405
-23.1,500,231.422309
-23.7,500,231.547041
-23.2,500,231.687048
-23.8,500,231.821611
-23.7,500,231.948733
-23.3,500,232.074629
-3.0,500,232.201678
-23.5,500,232.326959
-23.0,500,232.451817
-23.0,500,232.577256
-24.3,500,232.709487
-23.9,500,232.835981
-28.3,500,232.961543
-22.8,500,233.087008
-23.0,500,233.212204
-22.8,500,233.337305
-23.1,500,233.462637
-23.2,500,233.587221
-22.6,500,233.712028
-23.4,500,233.836863
-22.9,500,233.964393
-22.8,500,234.090194
-22.8,500,234.21775
-22.9,500,234.344518
-24.6,500,234.469841
-27.3,500,234.594989
-23.4,500,234.720344
-23.2,500,234.844786
-26.9,500,234.969251
-31.6,500,235.093186
-23.9,500,235.224779
-23.5,500,235.36116
-22.7,500,235.487998
-25.3,500,235.613472
-23.3,500,235.738549
-22.7,500,235.864736
-22.8,500,235.989798
-22.6,500,236.115274
-22.8,500,236.239941
-22.2,500,236.364572
-26.0,500,236.489605
-23.1,500,236.615383
-23.0,500,236.740407
-23.4,500,236.865224
-22.6,500,236.98942
-23.9,500,237.116627
-22.9,500,237.243965
-22.6,500,237.368902
-23.2,500,237.494085
-22.9,500,237.618619
-22.5,500,237.74328
-23.1,500,237.868472
-23.0,500,237.993129
-25.3,500,238.117718
-22.8,500,238.242117
-22.8,500,238.367054
-23.0,500,238.492592
-24.0,500,238.628624
-22.6,500,238.810531
-22.7,500,238.951016
-7.6,500,239.07802
-23.8,500,239.203393
-22.9,500,239.332045
-23.2,500,239.458212
-23.8,500,239.58294
-24.9,500,239.708191
-22.8,500,239.833057
-28.4,500,239.95819
-4.2,500,240.104191
-23.9,500,240.23343
-23.0,500,240.359042
-23.2,500,240.484244
-22.8,500,240.609989
-23.5,500,240.735021
-22.6,500,240.85965
-22.6,500,240.984314
-22.9,500,241.108817
-23.2,500,241.233946
-22.7,500,241.358191
-23.1,500,241.482781
-3.0,500,241.607824
-24.2,500,241.732539
-23.2,500,241.85701
-22.8,500,241.982224
-22.8,500,242.106733
-22.8,500,242.233258
-23.2,500,242.358906
-22.6,500,242.484464
-15.0,500,242.610202
-23.4,500,242.735634
-22.5,500,242.860611
-22.7,500,242.985813
-22.8,500,243.110909
-22.9,500,243.236819
-23.2,500,243.362441
-24.7,500,243.488441
-23.3,500,243.613605
-23.5,500,243.738564
-22.9,500,243.863608
-23.0,500,243.989209
-23.4,500,244.11385
-23.2,500,244.245091
-22.6,500,244.369558
-22.7,500,244.494131
-22.7,500,244.619828
-22.7,500,244.744652
-22.7,500,244.869851
-23.0,500,244.994753
-23.0,500,245.119382
-34.8,500,245.245502
-24.5,500,245.370374
-23.7,500,245.495247
-23.1,500,245.619789
-24.6,500,245.745097
-23.0,500,245.870551
-23.5,500,245.995949
-23.1,500,246.121447
-22.9,500,246.246908
-22.7,500,246.372154
-22.5,500,246.497442
-22.8,500,246.62341
-22.7,500,246.748621
-22.8,500,246.873602
-22.8,500,246.998361
-22.9,500,247.132871
-22.9,500,247.260369
-5.6,500,247.385992
-26.5,500,247.512353
-22.9,500,247.637608
-22.9,500,247.763186
-23.1,500,247.888895
-24.0,500,248.01344
-23.8,500,248.13772
-22.8,500,248.262455
-22.7,500,248.387116
-22.9,500,248.512609
-23.1,500,248.637107
-23.0,500,248.762898
-22.8,500,248.887351
-22.7,500,249.012496
-22.7,500,249.137205
-23.1,500,249.263103
-22.7,500,249.388275
-23.1,500,249.512655
-22.6,500,249.637597
-32.0,500,249.763129
-23.0,500,249.887992
-22.8,500,250.012429
-23.6,500,250.137848
-22.7,500,250.262815
-23.3,500,250.387931
-22.5,500,250.513475
-23.6,500,250.638171
-23.2,500,250.762866
-23.5,500,250.887532
-24.2,500,251.027538
-22.9,500,251.332022
-26.3,500,251.473835
-8.7,500,251.602275
-26.6,500,251.728373
-22.9,500,251.853608
-22.9,500,251.979587
-23.5,500,252.109199
-22.6,500,252.235426
-22.7,500,252.361069
-23.0,500,252.488867
-23.7,500,252.624914
-26.5,500,252.753545
-22.6,500,252.87911
-22.9,500,253.065345
-23.2,500,253.234841
-22.7,500,253.41464
-23.6,500,253.786998
-23.3,500,253.917902
-22.9,500,254.146754
-23.0,500,254.309074
-23.2,500,254.470555
-25.0,500,254.605901
-5.8,500,254.738289
-23.0,500,254.864819
-23.8,500,255.159361
-23.8,500,255.309608
-22.8,500,255.616567
-23.5,500,255.772158
-23.0,500,255.925585
-23.6,500,256.06272
-22.6,500,256.192294
-25.2,500,256.318269
-22.8,500,256.448777
-23.0,500,256.582253
-4.3,500,256.708308
-29.0,500,256.834824
-24.1,500,257.010419
-22.8,500,257.172079
-22.8,500,257.321886
-22.6,500,257.464662
-23.4,500,257.606949
-28.2,500,257.771021
-22.9,500,257.919851
-22.5,500,258.064882
-23.3,500,258.243847
-4.4,500,258.379923
-29.4,500,258.517237
-23.0,500,258.682797
-22.6,500,258.837242
-22.8,500,258.993625
-1.5,500,259.139036
-47.7,500,259.273478
-23.3,500,259.420945
-23.3,500,259.562426
-23.5,500,259.698688
-21.7,500,259.868608
-22.5,500,260.040795
-23.5,500,260.17745
-23.2,500,260.335113
-22.7,500,260.486487
-22.7,500,260.637526
-24.0,500,260.777053
-22.9,500,260.913107
-22.8,500,261.045686
-23.6,500,261.180741
-23.1,500,261.312208
-26.7,500,261.444725
-24.3,500,261.593814
-23.0,500,261.736711
-23.0,500,261.863592
-22.7,500,261.989824
-22.8,500,262.114732
-22.5,500,262.255756
-22.6,500,262.385472
-22.9,500,262.513448
-4.3,500,262.641792
-27.8,500,262.774494
-22.5,500,262.913995
-22.6,500,263.049523
-22.6,500,263.187156
-23.5,500,263.316283
-23.6,500,263.457126
-22.7,500,263.642052
-23.0,500,263.777238
-22.6,500,263.906395
-23.2,500,264.03777
-23.2,500,264.173074
-22.6,500,264.311179
-3.8,500,264.449055
-30.4,500,264.584142
-23.6,500,264.718843
-22.8,500,264.861996
-22.8,500,265.027314
-22.7,500,265.196195
-22.8,500,265.337813
-24.1,500,265.470822
-3.7,500,265.602338
-23.8,500,265.733029
-22.9,500,265.869237
-22.9,500,265.999952
-23.5,500,266.147136
-22.5,500,266.342021
-22.7,500,266.512278
-23.3,500,266.654828
-23.1,500,266.787868
-22.7,500,266.920245
-22.7,500,267.046501
-23.2,500,267.173235
-22.7,500,267.30014
-33.0,500,267.432001
-23.4,500,267.560836
-22.8,500,267.690646
-23.2,500,267.834315
-40.6,500,268.008821
-23.4,500,268.146123
-23.5,500,268.285179
-22.9,500,268.437705
-28.4,500,268.571992
-22.5,500,268.700994
-23.0,500,268.840789
-24.0,500,269.047204
-22.8,500,269.188184
-22.8,500,269.322597
-24.4,500,269.461584
-23.3,500,269.602123
-23.2,500,269.737471
-23.2,500,269.869588
-8.6,500,270.002061
-58.3,500,270.160353
-22.8,500,270.317965
-23.0,500,270.471346
-23.8,500,270.608065
-22.9,500,270.746704
-23.0,500,270.87859
-23.1,500,271.009308
-22.9,500,271.162628
-22.6,500,271.327183
-22.8,500,271.473468
-2.5,500,271.614553
-23.4,500,271.743176
-24.5,500,271.878084
-24.9,500,272.032753
-22.8,500,272.171181
-23.2,500,272.316861
-23.6,500,272.453438
-22.6,500,272.596756
-22.8,500,272.737136
-23.8,500,272.878639
-23.1,500,273.013486
-23.1,500,273.158265
-23.4,500,273.294319
-22.8,500,273.42752
-22.7,500,273.560312
-26.5,500,273.695095
-22.8,500,273.827516
-23.3,500,273.955419
-23.0,500,274.084693
-28.7,500,274.218857
-23.6,500,274.350971
-23.2,500,274.487995
-22.5,500,274.710187
-22.7,500,274.863564
-22.7,500,275.001228
-25.8,500,275.158455
-23.4,500,275.380147
-3.9,500,275.570987
-23.3,500,275.718636
-25.4,500,275.853607
-23.5,500,275.985245
-22.5,500,276.113052
-25.0,500,276.240509
-23.5,500,276.366438
-23.1,500,276.491933
-23.5,500,276.61716
-23.9,500,276.785309
-23.2,500,276.927467
-23.2,500,277.060518
-5.4,500,277.190296
-22.8,500,277.320372
-22.6,500,277.446262
-22.5,500,277.571433
-23.4,500,277.719787
-22.9,500,277.844739
-22.9,500,277.969838
-63.7,500,278.094441
-22.9,500,278.219751
-22.9,500,278.349146
-22.9,500,278.476743
-22.9,500,278.613313
-23.0,500,278.743216
-23.1,500,278.869397
-22.6,500,278.996223
-22.7,500,279.180299
-22.8,500,279.33675
-34.3,500,279.506817
-22.8,500,279.666828
-22.8,500,279.821556
-23.5,500,279.982414
-22.6,500,280.144991
-23.1,500,280.340344
-25.3,500,280.512596
-26.0,500,280.773428
-22.5,500,280.920676
-26.3,500,281.074971
-23.6,500,281.208315
-24.0,500,281.375847
-22.9,500,281.538148
-22.7,500,281.68827
-24.2,500,281.824918
-23.3,500,281.957461
-22.9,500,282.086246
-22.9,500,282.213147
-23.0,500,282.343899
-28.2,500,282.473185
-22.9,500,282.601434
-22.7,500,282.774604
-22.7,500,282.931231
-23.2,500,283.095319
-22.7,500,283.238813
-22.7,500,283.380644
-29.0,500,283.521505
-22.7,500,283.651127
-22.9,500,283.781226
-26.3,500,283.911336
-22.6,500,284.04614
-22.6,500,284.173336
-24.3,500,284.330942
-22.7,500,284.472133
-22.5,500,284.616859
-22.8,500,284.790883
-23.4,500,285.023182
-23.2,500,285.200852
-22.7,500,285.417128
-23.9,500,285.562551
-23.1,500,285.743411
-22.6,500,285.889778
-22.9,500,286.026254
-23.4,500,286.170414
-31.5,500,286.323005
-22.7,500,286.505188
-23.6,500,286.724706
-22.8,500,286.862952
-22.5,500,287.045356
-22.7,500,287.187206
-22.8,500,287.324354
-22.9,500,287.463397
-22.8,500,287.601021
-22.6,500,287.763131
-22.8,500,288.059248
-23.9,500,288.199204
-31.9,500,288.345531
-30.0,500,288.480406
-23.0,500,288.613782
-24.8,500,288.817029
-23.4,500,289.095418
-23.1,500,289.331876
-24.4,500,289.466717
-26.8,500,289.647858
-22.7,500,289.908147
-22.6,500,290.046261
-23.2,500,290.227098
-22.6,500,290.447584
-23.7,500,290.595731
-25.1,500,290.771247
-23.1,500,291.027004
-23.1,500,291.296984
-22.8,500,291.482041
-22.7,500,291.67267
-22.7,500,291.842228
-22.7,500,292.0297
-23.2,500,292.207225
-23.4,500,292.412853
-29.3,500,292.676797
-22.7,500,292.983852
-22.8,500,293.346031
-32.6,500,293.489875
-23.1,500,293.63899
-23.2,500,293.784543
-23.3,500,293.939196
-22.6,500,294.080948
-23.2,500,294.21907
-2.9,500,294.351691
-26.7,500,294.481145
-21.7,500,294.608969
-22.6,500,294.737881
-22.9,500,294.865593
-6.6,500,294.994849
-26.2,500,295.126295
-13.2,500,295.257264
-25.6,500,295.385278
-23.0,500,295.527905
-24.0,500,295.660926
-22.5,500,295.787602
-24.9,500,295.913951
-23.0,500,296.039872
-23.3,500,296.200769
-39.8,500,296.395733
-24.0,500,296.538654
-22.8,500,296.676625
-23.1,500,296.809641
-22.7,500,296.937
-22.7,500,297.065172
-22.8,500,297.195498
-23.2,500,297.322434
-22.7,500,297.472909
-22.9,500,297.618165
-23.6,500,297.752901
-22.5,500,297.880943
-22.8,500,298.00748
-23.3,500,298.137009
-23.8,500,298.265942
-22.9,500,298.419257
-76.1,500,298.652437
-3.2,500,298.792768
-22.8,500,298.925406
-22.7,500,299.079761
-22.8,500,299.240173
-22.5,500,299.422186
-23.2,500,299.588574
-22.9,500,299.731756
-22.8,500,299.873882
-22.5,500,300.012188
-22.9,500,300.15155
-24.0,500,300.28335
-22.9,500,300.410604
-23.8,500,300.543937
-80.1,500,300.679854
-25.2,500,300.810679
-22.5,500,300.960765
-23.3,500,301.115522
-22.6,500,301.248226
-23.3,500,301.382037
-22.6,500,301.515913
-23.3,500,301.653605
-2.5,500,301.798286
-27.7,500,301.991505
-23.5,500,302.158811
-22.5,500,302.343999
-23.8,500,302.560027
-2.5,500,302.696645
-46.8,500,302.874241
-25.1,500,303.02295
-23.1,500,303.160188
-23.5,500,303.293249
-22.7,500,303.42974
-22.5,500,303.557953
-22.8,500,303.683696
-23.1,500,303.833937
-22.8,500,303.999932
-14.8,500,304.138966
-22.5,500,304.267197
-23.5,500,304.393147
-23.0,500,304.518154
-22.6,500,304.644088
-23.2,500,304.768878
-2.3,500,304.893864
-28.2,500,305.018819
-22.6,500,305.143521
-23.1,500,305.267993
-22.5,500,305.400166
-22.6,500,305.528447
-22.6,500,305.658017
-22.6,500,305.782779
-23.3,500,305.908116
-23.1,500,306.033416
-22.6,500,306.163793
-26.6,500,306.292427
-25.6,500,306.420512
-23.1,500,306.557842
-22.6,500,306.686046
-23.0,500,306.81128
-23.5,500,306.936332
-22.9,500,307.062022
-23.1,500,307.197887
-22.5,500,307.332812
-23.5,500,307.458909
-23.3,500,307.584891
-22.5,500,307.710097
-25.7,500,307.835075
-23.1,500,307.960005
-22.6,500,308.084583
-23.5,500,308.238611
-22.5,500,308.363806
-22.5,500,308.488979
-23.1,500,308.619943
-22.9,500,308.745757
-26.3,500,308.870125
-23.9,500,308.994439
-24.9,500,309.119101
-22.8,500,309.243981
-22.9,500,309.367702
-23.1,500,309.493474
-23.1,500,309.629415
-28.6,500,309.792625
-32.0,500,309.919047
-23.4,500,310.045151
-23.0,500,310.170018
-23.1,500,310.29409
-22.6,500,310.417835
-23.0,500,310.543343
-22.8,500,310.66747
-23.0,500,310.791565
-22.9,500,310.915379
-23.0,500,311.039821
-22.7,500,311.164737
-24.4,500,311.303192
-23.5,500,311.427987
-23.7,500,311.55226
-22.7,500,311.675614
-26.7,500,311.800804
-22.9,500,311.924852
-23.1,500,312.048621
-23.1,500,312.172518
-39.7,500,312.302133
-23.1,500,312.427233
-22.5,500,312.551378
-4.4,500,312.678297
-31.5,500,312.805676
-22.5,500,312.92994
-23.5,500,313.054693
-23.0,500,313.179087
-5.1,500,313.303014
-23.0,500,313.426991
-23.5,500,313.551543
-23.2,500,313.675833
-22.9,500,313.799943
-6.5,500,313.924769
-23.1,500,314.048743
-22.6,500,314.172808
-23.7,500,314.296988
-23.4,500,314.421457
-22.7,500,314.546539
-22.8,500,314.671534
-22.5,500,314.796111
-22.8,500,314.921532
-22.5,500,315.047376
-23.4,500,315.174579
-23.1,500,315.299714
-23.4,500,315.426102
-22.6,500,315.550595
-23.0,500,315.675042
-22.8,500,315.806227
-24.3,500,315.937114
-23.1,500,316.063691
-22.6,500,316.188411
-23.2,500,316.345749
-27.6,500,316.474216
-22.5,500,316.59973
-22.7,500,316.724747
-22.7,500,316.851132
-23.1,500,316.99871
-23.6,500,317.123868
-22.5,500,317.249696
-22.9,500,317.374734
-23.0,500,317.499937
-38.7,500,317.623882
-22.8,500,317.748438
-22.7,500,317.873349
-22.7,500,318.00215
-49.8,500,318.152601
-48.5,500,318.290728
-24.3,500,318.423027
-23.8,500,318.555925
-22.9,500,318.68756
-22.8,500,318.817629
-22.5,500,318.945785
-22.5,500,319.074794
-22.7,500,319.200493
-22.9,500,319.325296
-22.8,500,319.45058
-23.0,500,319.574792
-41.9,500,319.69994
-22.7,500,319.824594
-23.0,500,319.949424
-24.0,500,320.073913
-22.7,500,320.198551
-22.8,500,320.323743
-23.1,500,320.448149
-17.1,500,320.573134
-23.1,500,320.698269
-22.7,500,320.822866
-22.6,500,320.947194
-22.7,500,321.072526
-27.5,500,321.197459
-38.4,500,321.322194
-23.3,500,321.460564
-23.8,500,321.586987
-24.2,500,321.711945
18.7,500,321.837078
-3.0,500,321.962077
-23.7,500,322.087022
-23.5,500,322.211603
-27.6,500,322.338341
-3.0,500,322.46333
-28.6,500,322.588114
-22.6,500,322.716357
-23.3,500,322.849497
-22.5,500,322.973808
-31.7,500,323.098142
-23.7,500,323.222882
-23.0,500,323.347289
-23.0,500,323.473215
-22.5,500,323.609934
-22.5,500,323.735184
-22.5,500,323.859928
-22.8,500,323.984777
-22.8,500,324.109513
-22.8,500,324.234925
-25.0,500,324.359899
-23.0,500,324.484833
-22.9,500,324.609557
-23.6,500,324.734739
-22.9,500,324.860176
-24.3,500,324.984827
-24.0,500,325.109765
-25.6,500,325.234363
-5.6,500,325.359328
-22.5,500,325.484757
-22.5,500,325.609302
-22.5,500,325.734713
-22.6,500,325.859688
-25.4,500,325.984497
-23.0,500,326.108876
-23.4,500,326.234675
-23.8,500,326.359534
-22.7,500,326.484637
-22.7,500,326.609067
-22.7,500,326.7337
-22.7,500,326.859215
-22.9,500,326.983914
-22.8,500,327.108382
-23.2,500,327.234258
-23.6,500,327.359879
-22.8,500,327.48453
-22.9,500,327.610646
-27.5,500,327.735421
-22.7,500,327.860051
-23.2,500,327.984317
-26.0,500,328.10871
-22.5,500,328.234203
-22.8,500,328.358641
-22.8,500,328.483268
-24.1,500,328.607866
-27.2,500,328.732607
-23.1,500,328.857668
-22.5,500,328.982171
-22.5,500,329.106826
-23.1,500,329.2314
-25.9,500,329.356203
-23.5,500,329.481482
-24.3,500,329.606095
-23.0,500,329.730909
-22.8,500,329.855393
-22.6,500,329.980084
-26.2,500,330.10566
-28.2,500,330.230653
-22.5,500,330.355329
-23.9,500,330.479877
-22.5,500,330.60458
-22.7,500,330.72944
-23.0,500,330.854705
-7.6,500,330.979864
-24.4,500,331.104469
-22.8,500,331.228819
-23.0,500,331.35352
-23.1,500,331.478943
-23.9,500,331.60366
-23.9,500,331.728391
-22.5,500,331.85329
-23.0,500,331.978099
-10.6,500,332.103462
-26.7,500,332.228231
-25.3,500,332.354853
-22.8,500,332.479947
-22.7,500,332.605054
-23.7,500,332.730421
-22.5,500,332.855548
-23.1,500,332.980857
-22.7,500,333.105601
-23.2,500,333.230618
-40.5,500,333.355662
-22.6,500,333.481078
-22.5,500,333.605652
-22.9,500,333.73027
-23.4,500,333.854618
-22.6,500,333.978765
-23.7,500,334.103764
-22.5,500,334.228593
-23.6,500,334.353413
-22.6,500,334.47848
-22.8,500,334.603374
-22.6,500,334.72818
-22.7,500,334.853534
-23.5,500,334.978232
-26.3,500,335.102713
-22.9,500,335.227581
-28.3,500,335.352268
-23.1,500,335.47761
-22.6,500,335.602055
-22.6,500,335.727072
-22.7,500,335.851742
-22.5,500,335.976693
-22.5,500,336.101734
-23.5,500,336.226567
-23.7,500,336.350767
-22.6,500,336.47523
-43.5,500,336.599709
-22.6,500,336.724835
-23.1,500,336.850368
-23.9,500,336.975506
-22.8,500,337.100433
-22.5,500,337.225275
-22.5,500,337.351393
-22.6,500,337.47706
-22.8,500,337.601973
-22.7,500,337.73873
-22.5,500,337.863086
-23.2,500,337.988639
-26.1,500,338.114447
-23.2,500,338.23952
-36.1,500,338.364357
-23.3,500,338.488876
-24.0,500,338.613639
-23.0,500,338.738637
-23.0,500,338.863186
-22.5,500,338.987788
-23.0,500,339.11215
-22.5,500,339.236491
-23.0,500,339.361628
-22.8,500,339.486479
-22.6,500,339.61126
-66.2,500,339.736259
-24.6,500,339.860732
-22.8,500,339.985297
-23.4,500,340.111023
-23.3,500,340.235634
-3.9,500,340.360588
-25.2,500,340.485578
-22.9,500,340.610342
-51.6,500,340.736169
-30.8,500,340.861304
-22.4,500,340.98583
-21.7,500,341.110562
-24.6,500,341.235449
-22.9,500,341.363301
-22.1,500,341.495322
-21.6,500,341.620593
-5.4,500,341.745267
-26.4,500,341.870225
-22.5,500,341.996131
-22.0,500,342.120781
-22.0,500,342.245756
-23.6,500,342.371997
-15.5,500,342.497035
-25.1,500,342.622864
-23.1,500,342.747971
-23.6,500,342.873075
-23.6,500,342.998113
-23.0,500,343.123016
-22.8,500,343.248518
-23.7,500,343.373446
-22.8,500,343.498594
-22.8,500,343.623864
-23.3,500,343.748809
-22.5,500,343.873864
-24.4,500,343.998796
-22.6,500,344.123593
-23.0,500,344.248468
-22.9,500,344.373273
-23.1,500,344.498282
-23.3,500,344.623969
-23.3,500,344.74857
-23.2,500,344.873488
-23.2,500,344.998255
-23.0,500,345.122798
-6.2,500,345.248619
-53.9,500,345.373254
-23.9,500,345.498105
-22.7,500,345.622979
-1.4,500,345.748368
-24.1,500,345.873157
-23.4,500,345.998586
-22.6,500,346.123409
-23.7,500,346.248535
-24.0,500,346.373414
-22.9,500,346.49855
-3.1,500,346.624714
-2.4,500,346.749456
-23.9,500,346.87401
-26.2,500,346.999376
-24.1,500,347.123998
-35.9,500,347.249985
-26.0,500,347.377465
-23.6,500,347.50206
-23.6,500,347.626625
-22.8,500,347.751247
-25.9,500,347.875811
-22.3,500,348.000935
-23.3,500,348.125205
-23.7,500,348.249741
-23.1,500,348.374234
-23.7,500,348.498354
-22.7,500,348.623552
-24.9,500,348.748095
-23.3,500,348.872806
-23.4,500,348.997396
-23.8,500,349.122399
-23.5,500,349.247024
-22.9,500,349.372268
-23.1,500,349.496962
-27.4,500,349.62145
-23.7,500,349.745834
-21.8,500,349.870474
-22.5,500,349.995677
-23.6,500,350.120515
-24.1,500,350.245158
-9.3,500,350.37006
-26.1,500,350.494467
-23.5,500,350.619573
-24.5,500,350.744673
-22.7,500,350.869596
-22.6,500,350.994458
-28.4,500,351.119168
-22.7,500,351.243936
-23.3,500,351.369155
-22.8,500,351.493983
-22.7,500,351.618771
-23.4,500,351.743808
-22.8,500,351.868384
-23.1,500,351.994061
-23.1,500,352.118938
-22.7,500,352.243905
-23.0,500,352.370321
-23.5,500,352.49503
-6.2,500,352.620004
-23.1,500,352.745319
-22.8,500,352.869665
-22.8,500,352.993998
-23.5,500,353.118659
-23.5,500,353.243402
-22.5,500,353.368682
-22.6,500,353.493356
-23.1,500,353.617853
-22.8,500,353.742302
-22.6,500,353.866825
-23.5,500,353.9921
-22.7,500,354.11668
-23.3,500,354.241373
-22.8,500,354.365854
-26.2,500,354.490809
-23.3,500,354.615522
-26.6,500,354.741215
-23.0,500,354.865934
-22.5,500,354.990532
-23.7,500,355.115524
-23.3,500,355.240499
-22.6,500,355.365568
-23.6,500,355.489963
-22.7,500,355.843614
-8.2,500,356.150747
-39.2,500,356.275946
-23.1,500,356.401375
-23.0,500,356.526911
-22.6,500,356.651292
-3.5,500,356.77606
-23.2,500,356.90079
-25.2,500,357.025159
-23.1,500,357.166805
-24.1,500,357.294961
-22.6,500,357.420973
-23.1,500,357.54603
-23.0,500,357.671353
-23.1,500,357.797054
-2.7,500,357.922043
-25.4,500,358.047108
-22.8,500,358.185551
-22.7,500,358.311522
-23.5,500,358.437483
-26.9,500,358.562463
-22.6,500,358.70597
-22.9,500,358.910242
-22.8,500,359.129083
-22.5,500,359.300225
-23.2,500,359.485296
-22.8,500,359.668834
-22.6,500,359.838326
-23.1,500,359.968595
-23.2,500,360.116639
-22.9,500,360.263301
-25.7,500,360.438916
-23.0,500,360.602487
-24.3,500,360.778663
-42.2,500,360.92175
-22.9,500,361.060307
-23.0,500,361.193543
-23.1,500,361.321003
-23.9,500,361.445768
-22.8,500,361.585305
-26.8,500,361.72444
-22.9,500,361.854844
-22.5,500,361.983251
-22.9,500,362.120177
-22.8,500,362.266943
-23.3,500,362.40111
-22.6,500,362.529719
-22.7,500,362.655079
-22.5,500,362.780233
-23.3,500,362.907805
-24.6,500,363.038136
-22.9,500,363.170261
-23.0,500,363.302096
-22.6,500,363.43288
-101.2,500,363.561035
-24.2,500,363.687653
-22.8,500,363.815641
-22.7,500,363.943699
-23.4,500,364.069864
-23.5,500,364.195741
-23.5,500,364.322129
-27.7,500,364.450662
-23.2,500,364.576247
-3.3,500,364.701418
-70.5,500,364.826262
-23.8,500,364.95257
-23.9,500,365.079791
-22.2,500,365.205452
-23.1,500,365.330795
-22.9,500,365.458393
-22.6,500,365.584512
-1.8,500,365.70978
-23.8,500,365.834826
-23.2,500,365.965624
-23.0,500,366.099122
-23.1,500,366.242562
-22.6,500,366.37001
-22.5,500,366.496177
-23.3,500,366.622129
-22.7,500,366.748596
-23.9,500,366.874296
-24.2,500,366.999844
-22.7,500,367.125339
-22.7,500,367.250578
-23.1,500,367.386514
-23.5,500,367.513213
-22.7,500,367.642999
-22.9,500,367.773749
-23.3,500,367.904049
-23.1,500,368.03448
-22.7,500,368.163518
-24.2,500,368.290899
-23.5,500,368.419324
-22.9,500,368.545077
-22.7,500,368.670199
-23.0,500,368.795573
-26.7,500,368.923612
-22.6,500,369.049271
-23.8,500,369.174871
-22.6,500,369.300147
-22.5,500,369.42529
-14.4,500,369.551358
-22.7,500,369.676709
-24.3,500,369.802272
-22.8,500,369.927215
-22.8,500,370.053289
-22.8,500,370.178808
-25.2,500,370.30296
-23.0,500,370.428268
-23.9,500,370.553088
-22.9,500,370.682178
-22.9,500,370.807849
-23.3,500,370.962181
-23.0,500,371.174124
-23.2,500,371.310742
-23.4,500,371.593002
-27.0,500,371.757645
-22.6,500,371.894475
-22.7,500,372.036126
-23.5,500,372.165138
-23.4,500,372.292456
-27.9,500,372.419612
-23.7,500,372.544737
-23.8,500,372.669724
-23.2,500,372.79431
-3.1,500,372.91941
-27.2,500,373.043835
-22.8,500,373.169056
-22.9,500,373.312284
-7.6,500,373.585768
-23.0,500,373.724581
-22.7,500,373.900711
-23.2,500,374.036954
-22.5,500,374.167253
-4.3,500,374.299669
-29.6,500,374.426493
-22.9,500,374.55318
-23.5,500,374.678622
-22.5,500,374.803664
-22.7,500,374.928726
-22.8,500,375.05407
-22.9,500,375.18067
-29.7,500,375.305975
-22.6,500,375.431452
-23.1,500,375.556723
-23.4,500,375.698945
-24.4,500,375.845598
-30.5,500,375.980566
-23.5,500,376.111703
-22.5,500,376.240203
-1.4,500,376.366085
-23.4,500,376.492524
-23.5,500,376.634111
-23.3,500,376.782484
-22.5,500,376.918086
-23.6,500,377.052676
-23.1,500,377.197429
-24.6,500,377.338964
-23.6,500,377.469876
-22.7,500,377.59681
-22.7,500,377.722502
-24.1,500,377.848162
-23.4,500,377.973385
-22.7,500,378.098703
-23.4,500,378.224482
-23.4,500,378.350021
-22.7,500,378.476305
-22.7,500,378.601392
-23.4,500,378.726347
-22.7,500,378.851787
-23.5,500,378.977136
-26.5,500,379.102493
-23.1,500,379.227616
-22.6,500,379.352853
-22.9,500,379.478492
-22.5,500,379.603211
-22.8,500,379.727563
-23.4,500,379.851835
-23.8,500,379.976455
-23.4,500,380.106776
-22.9,500,380.325173
-22.5,500,380.512458
-23.5,500,380.6585
-23.1,500,380.795924
-22.8,500,380.942914
-22.8,500,381.078209
-22.5,500,381.206881
-9.4,500,381.33248
-23.2,500,381.460147
-22.7,500,381.59355
-24.2,500,381.71871
-23.1,500,381.843952
-23.7,500,381.968573
-23.2,500,382.093247
-25.3,500,382.21837
-22.9,500,382.358542
-23.4,500,382.498765
-23.1,500,382.635739
-22.5,500,382.772172
-22.8,500,382.922778
-23.1,500,383.080002
-23.4,500,383.22382
-25.1,500,383.363551
-24.2,500,383.513206
-22.6,500,383.64935
-23.2,500,383.78788
-23.5,500,383.920992
-22.7,500,384.054199
-22.9,500,384.186997
-23.1,500,384.317288
-22.7,500,384.44793
-24.3,500,384.574657
-22.7,500,384.745438
-22.8,500,384.905714
-23.1,500,385.058721
-26.8,500,385.224262
-82.2,500,385.366811
-22.7,500,385.502894
-22.7,500,385.636635
-23.5,500,385.774783
-23.7,500,385.921149
-23.1,500,386.05851
-24.4,500,386.198121
-23.5,500,386.361017
-22.8,500,386.497772
-22.6,500,386.631738
-23.0,500,386.764443
-6.8,500,386.897088
-26.2,500,387.025378
-23.5,500,387.154028
-23.0,500,387.291219
-22.6,500,387.427495
-28.4,500,387.576362
-23.9,500,387.705341
-4.4,500,387.831252
-28.2,500,387.957331
-22.6,500,388.082248
-23.3,500,388.26732
-23.0,500,388.401109
-2.4,500,388.531684
-23.6,500,388.663251
-22.7,500,388.795791
-22.6,500,388.922925
-22.9,500,389.05017
-22.8,500,389.176962
-23.5,500,389.303233
-25.9,500,389.436975
-2.4,500,389.570031
-46.7,500,389.721544
-24.1,500,389.933
-22.9,500,390.138012
-22.9,500,390.279902
-22.9,500,390.415773
-23.4,500,390.545854
-22.7,500,390.672574
-24.0,500,390.798391
-55.7,500,390.923668
-22.6,500,391.048118
-22.8,500,391.172762
-22.8,500,391.30122
-25.0,500,391.425716
-22.9,500,391.550499
-23.2,500,391.674938
-25.6,500,391.799815
-22.8,500,391.928752
-23.3,500,392.067806
-23.5,500,392.397215
-22.7,500,392.661365
-22.7,500,392.874666
-23.2,500,393.092048
-23.3,500,393.229502
-30.0,500,393.365696
-23.5,500,393.497294
-22.7,500,393.629093
-26.3,500,393.759067
-22.7,500,393.888454
-4.8,500,394.018719
-23.7,500,394.223266
-22.5,500,394.376015
-22.5,500,394.513491
-2.0,500,394.644878
-2.7,500,394.771254
-23.6,500,394.898429
-22.6,500,395.028188
-23.1,500,395.153826
-22.8,500,395.281165
-24.8,500,395.421161
-23.3,500,395.554058
-23.3,500,395.680499
-22.9,500,395.805951
-22.7,500,395.943358
-23.1,500,396.076047
-22.0,500,396.208204
-24.0,500,396.335368
-22.7,500,396.461204
-22.7,500,396.586117
-22.9,500,396.710881
-23.3,500,396.835984
-22.6,500,396.989653
-3.3,500,397.126465
-26.6,500,397.256384
-22.7,500,397.386639
-22.5,500,397.513819
-2.3,500,397.639338
-23.2,500,397.764092
-23.6,500,397.898545
-23.4,500,398.043237
-26.4,500,398.173581
-22.9,500,398.299821
-22.9,500,398.425256
-23.0,500,398.550495
-22.8,500,398.677161
-22.6,500,398.801837
-23.0,500,398.926366
-22.9,500,399.058552
-22.8,500,399.185234
-22.9,500,399.310845
-22.6,500,399.436086
-22.5,500,399.561296
-22.9,500,399.686533
-22.9,500,399.811953
-22.6,500,399.939207
-22.7,500,400.064158
-22.8,500,400.188951
-22.8,500,400.314274
-22.9,500,400.439397
-14.6,500,400.565335
-13.0,500,400.690513
-23.1,500,400.815711
-24.9,500,400.940954
-23.9,500,401.065756
-23.0,500,401.199759
-23.2,500,401.329518
-26.2,500,401.454864
-20.2,500,401.580281
-49.7,500,401.705815
-24.2,500,401.839837
-26.6,500,401.982585
-22.9,500,402.113745
-23.1,500,402.269914
-22.7,500,402.408383
-23.1,500,402.534604
-13.8,500,402.663226
-25.7,500,402.795251
-24.4,500,402.961071
-5.0,500,403.09425
-23.1,500,403.220998
-22.7,500,403.34709
-23.0,500,403.47288
-24.0,500,403.607725
-23.4,500,403.748211
-2.3,500,403.874429
-23.3,500,404.005971
-23.8,500,404.138942
-23.5,500,404.264853
-23.6,500,404.400388
-22.9,500,404.529951
-22.7,500,404.656575
-22.7,500,404.781953
-23.2,500,404.907302
-23.0,500,405.032349
-22.7,500,405.157531
-23.5,500,405.283106
-22.8,500,405.408603
-22.7,500,405.533786
-23.3,500,405.65838
-22.6,500,405.783242
-22.5,500,405.909454
-23.1,500,406.049653
-23.6,500,406.179948
-23.3,500,406.307325
-22.5,500,406.446668
-22.7,500,406.589007
-23.0,500,406.730284
-23.2,500,406.869564
-23.2,500,406.997592
-22.9,500,407.136833
-22.7,500,407.267044
-23.5,500,407.395191
-22.7,500,407.521959
-23.0,500,407.674581
-23.2,500,407.80613
-22.7,500,407.931335
-22.6,500,408.059376
-22.7,500,408.201191
-22.9,500,408.345841
-23.3,500,408.476834
-29.2,500,408.602424
-22.6,500,408.727566
-22.9,500,408.856728
-22.7,500,408.985249
-22.9,500,409.111231
-22.7,500,409.236303
-22.8,500,409.362854
-23.0,500,409.501542
-41.2,500,409.640649
-22.7,500,409.769963
-22.6,500,409.896303
-22.8,500,410.021216
-23.3,500,410.146176
-23.2,500,410.273653
-23.2,500,410.400755
-22.5,500,410.526205
-22.7,500,410.65241
-22.5,500,410.780845
-22.6,500,410.927361
-23.2,500,411.10523
-23.3,500,411.256538
-27.2,500,411.397828
-22.7,500,411.535515
-40.5,500,411.666367
-23.5,500,411.799532
-23.6,500,411.934247
-6.2,500,412.063795
-26.2,500,412.193723
-23.4,500,412.349397
-4.1,500,412.486697
-23.0,500,412.626696
-22.6,500,412.759958
-22.6,500,412.889449
-22.8,500,413.014705
-22.7,500,413.139672
-22.7,500,413.265346
-23.9,500,413.390165
-22.9,500,413.515088
-24.6,500,413.64008
-23.3,500,413.764634
-22.8,500,413.914258
-22.5,500,414.052466
-22.6,500,414.178152
-23.8,500,414.303533
-22.8,500,414.429394
-22.8,500,414.555038
-22.6,500,414.680402
-22.7,500,414.805803
-23.1,500,414.930838
-23.0,500,415.056813
-23.0,500,415.181952
-22.7,500,415.307378
-48.9,500,415.432678
-22.7,500,415.5582
-22.7,500,415.684039
-22.5,500,415.817745
-23.3,500,415.945119
-22.9,500,416.070486
-22.8,500,416.194809
-22.7,500,416.320159
-22.8,500,416.444608
-23.0,500,416.569577
-23.1,500,416.694677
-23.0,500,416.819669
-22.9,500,416.945426
-23.5,500,417.070749
-23.0,500,417.196162
-11.4,500,417.322592
-23.4,500,417.447428
-23.4,500,417.572681
-27.3,500,417.697355
-22.6,500,417.82202
-22.5,500,417.946784
-23.1,500,418.07167
-22.9,500,418.196529
-23.0,500,418.321693
-24.5,500,418.446355
-23.3,500,418.570901
-22.5,500,418.695458
-22.5,500,418.820071
-22.5,500,418.945826
-23.1,500,419.070775
-22.7,500,419.195735
-22.8,500,419.320749
-22.8,500,419.445802
-22.9,500,419.57096
-11.1,500,419.696066
-23.7,500,419.820654
-23.0,500,419.945675
-24.3,500,420.071077
-22.8,500,420.196666
-22.9,500,420.321351
-25.8,500,420.446049
-22.8,500,420.57094
-23.2,500,420.69612
-22.6,500,420.821091
-22.9,500,420.946469
-22.7,500,421.070737
-22.5,500,421.195605
-6.2,500,421.320514
-42.7,500,421.444783
-23.3,500,421.569911
-22.8,500,421.694901
-23.2,500,421.819772
-22.7,500,421.944875
-23.4,500,422.070197
-23.0,500,422.196066
-22.9,500,422.322428
-22.9,500,422.457152
-23.2,500,422.583581
-22.7,500,422.708893
-23.5,500,422.8344
-22.5,500,422.959298
-23.3,500,423.14317
-22.9,500,423.30731
-36.3,500,423.469764
-22.5,500,423.606597
-22.5,500,423.902929
-22.5,500,424.10963
-22.8,500,424.397315
-23.1,500,424.615148
-22.9,500,424.752529
-22.7,500,424.929536
-22.9,500,425.756938
-22.7,500,425.981118
-23.7,500,426.156724
-22.8,500,426.315385
-22.5,500,426.473158
-22.5,500,426.641224
-22.8,500,426.809581
-22.7,500,426.975561
-23.4,500,427.107805
-23.0,500,427.233764
-23.3,500,427.361807
-26.8,500,427.548477
-23.0,500,427.699002
-27.0,500,427.837329
-22.6,500,427.983967
-23.1,500,428.116042
-22.7,500,428.247871
-23.4,500,428.404165
-24.5,500,428.555743
-30.5,500,428.699808
-47.5,500,428.834552
-24.6,500,428.971739
-27.0,500,429.101831
-24.3,500,429.23616
-23.8,500,429.368547
-23.5,500,429.522764
-22.7,500,429.669486
-22.8,500,429.804639
-23.5,500,429.935416
-23.9,500,430.077063
-23.1,500,430.217929
-22.7,500,430.348626
-22.8,500,430.47378
-22.7,500,430.599632
-22.6,500,430.724526
-22.6,500,430.86471
-22.9,500,431.000642
-42.4,500,431.139911
-22.7,500,431.276639
-23.1,500,431.406513
-22.8,500,431.53311
-22.6,500,431.660715
-22.9,500,431.786249
-32.6,500,431.911851
-23.2,500,432.037767
-24.1,500,432.164138
-8.8,500,432.290442
-22.9,500,432.443376
-25.0,500,432.597517
-23.1,500,432.740249
-22.8,500,432.873289
-23.2,500,433.010063
-23.4,500,433.14234
-23.2,500,433.289173
-22.6,500,433.425218
-24.3,500,433.565274
-22.3,500,433.701586
-24.3,500,433.836536
-22.8,500,433.965417
-22.2,500,434.096774
-1.7,500,434.312309
-23.6,500,434.559772
-30.0,500,434.7096
-22.6,500,434.846569
-23.5,500,434.980288
-23.5,500,435.106648
-22.5,500,435.232656
-22.6,500,435.357629
-29.6,500,435.482753
-23.3,500,435.608523
-6.0,500,435.733718
-5.7,500,435.859263
-22.9,500,435.990616
-24.1,500,436.154386
-22.5,500,436.291968
-22.7,500,436.422308
-23.5,500,436.569214
-23.4,500,436.723145
-23.0,500,436.928957
-23.8,500,437.087507
-38.5,500,437.340013
-22.7,500,437.557713
-22.7,500,437.705391
-4.6,500,437.839497
-24.4,500,437.967362
-22.6,500,438.092962
-26.9,500,438.21789
-26.5,500,438.37931
-23.5,500,438.62641
-23.0,500,438.76913
-31.1,500,439.028372
-23.7,500,439.181771
-22.6,500,439.336353
-22.9,500,439.468395
-22.6,500,439.597246
-23.1,500,439.723068
-23.4,500,439.848636
-25.2,500,439.974256
-23.1,500,440.099262
-15.1,500,440.225062
-24.7,500,440.350026
-22.8,500,440.475425
-22.8,500,440.600645
-23.2,500,440.725842
-23.6,500,440.851254
-23.4,500,440.975945
-25.5,500,441.101042
-34.8,500,441.225968
-22.9,500,441.351821
-23.7,500,441.478359
-23.8,500,441.603616
-22.7,500,441.730537
-23.0,500,441.958574
-23.0,500,442.111804
-22.9,500,442.342603
-24.1,500,442.508125
-23.4,500,442.680603
-22.7,500,442.882166
-22.8,500,443.01964
-22.9,500,443.173399
-22.8,500,443.310031
-23.0,500,443.528261
-23.1,500,443.710055
-23.2,500,443.856007
-23.5,500,443.99994
-23.5,500,444.184295
-22.8,500,444.349472
-22.9,500,444.549454
-22.6,500,444.699143
-22.7,500,444.835905
-23.5,500,444.965625
-23.2,500,445.091424
-6.2,500,445.217133
-23.2,500,445.342028
-23.2,500,445.467646
-22.6,500,445.594742
-23.0,500,445.759585
-22.9,500,445.893389
-23.0,500,446.026784
-22.6,500,446.159508
-22.6,500,446.302491
-22.5,500,446.434501
-23.2,500,446.560423
-23.3,500,446.685626
-29.1,500,446.810475
-22.5,500,446.935225
-7.4,500,447.072624
-26.9,500,447.202844
-23.2,500,447.342649
-22.9,500,447.511781
-22.6,500,447.730032
-23.1,500,447.873205
-23.6,500,448.00491
-22.7,500,448.130847
-23.9,500,448.256181
-23.0,500,448.380533
-22.9,500,448.508281
-22.6,500,448.637508
-22.7,500,448.763052
-22.8,500,448.888168
-29.6,500,449.013178
-22.6,500,449.138915
-22.6,500,449.274794
-22.5,500,449.420773
-22.8,500,449.574981
-23.2,500,449.708815
-22.8,500,449.841593
-22.9,500,449.967781
-23.0,500,450.093439
-48.5,500,450.218731
-25.7,500,450.3442
-22.9,500,450.469354
-23.1,500,450.594955
-23.2,500,450.720112
-23.4,500,450.864379
-22.7,500,450.990392
-22.8,500,451.115743
-22.5,500,451.241591
-64.5,500,451.367163
-22.7,500,451.492724
-23.0,500,451.61768
-23.1,500,451.742705
-22.8,500,451.868351
-22.5,500,451.993446
-24.1,500,452.11929
-18.6,500,452.244489
-25.6,500,452.371878
-22.8,500,452.500667
-23.0,500,452.628349
-22.9,500,452.754003
-23.4,500,452.878961
-22.7,500,453.004458
-23.1,500,453.12985
-23.3,500,453.254679
-23.5,500,453.379123
-23.1,500,453.504213
-27.4,500,453.629829
-22.9,500,453.755027
-23.5,500,453.879649
-23.0,500,454.004341
-23.1,500,454.129409
-22.7,500,454.254454
-22.5,500,454.379854
-22.8,500,454.504955
-25.0,500,454.630105
-23.0,500,454.755374
-22.9,500,454.894245
-22.9,500,455.022581
-23.3,500,455.160668
-22.7,500,455.339579
-22.6,500,455.470664
-4.2,500,455.600135
-94.7,500,455.725665
-24.3,500,455.872372
-22.7,500,456.002524
-2.3,500,456.131454
-23.6,500,456.257692
-23.0,500,456.383435
-22.7,500,456.515122
-24.3,500,456.642827
-23.3,500,456.768546
-23.7,500,456.894966
-23.1,500,457.020296
-23.5,500,457.145895
-22.6,500,457.270897
-22.9,500,457.400039
-22.9,500,457.526884
-27.8,500,457.652479
-23.1,500,457.777655
-35.7,500,457.90186
-22.5,500,458.026786
-23.2,500,458.151931
-22.8,500,458.290468
-22.6,500,458.422116
-23.0,500,458.553377
-22.6,500,458.679829
-22.7,500,458.80606
-22.6,500,458.930778
-14.2,500,459.055851
-26.1,500,459.180812
-24.2,500,459.306196
-23.4,500,459.43237
-22.8,500,459.561859
-23.7,500,459.687029
-23.0,500,459.811982
-22.8,500,459.937132
-20.5,500,460.062607
-23.9,500,460.187515
-22.7,500,460.312473
-22.6,500,460.437664
-22.5,500,460.562476
-22.8,500,460.688546
-22.7,500,460.812983
-22.8,500,460.937767
-22.6,500,461.062459
-22.9,500,461.187704
-22.9,500,461.314017
-26.9,500,461.443037
-23.3,500,461.568883
-22.7,500,461.694451
-22.5,500,461.819712
-21.6,500,461.946438
-24.4,500,462.071521
-23.2,500,462.220672
-23.5,500,462.347723
-2.4,500,462.473897
-23.1,500,462.599565
-3.7,500,462.724638
-24.0,500,462.849851
-24.0,500,462.974821
-24.1,500,463.1006
-23.6,500,463.225797
-23.5,500,463.350119
-21.9,500,463.474267
-22.2,500,463.598969
-22.1,500,463.723972
-21.8,500,463.850181
-22.1,500,463.976406
-21.7,500,464.134268
-6.9,500,464.269454
-4.3,500,464.400012
-24.4,500,464.534286
-23.1,500,464.663863
-24.6,500,464.795768
-24.7,500,464.921365
-21.7,500,465.046219
-22.0,500,465.171343
-3.8,500,465.297597
-24.3,500,465.426279
-23.2,500,465.55213
-22.6,500,465.677514
-22.5,500,465.807256
-24.8,500,465.933716
-23.1,500,466.060411
-22.3,500,466.190149
-25.1,500,466.323496
-22.5,500,466.456008
-22.7,500,466.605681
-22.9,500,466.739013
-22.8,500,466.867981
-50.1,500,466.994351
-22.0,500,467.120392
-22.2,500,467.24758
-21.9,500,467.377126
-4.1,500,467.503789
-33.0,500,467.638439
-22.8,500,467.769675
-22.5,500,467.895662
-21.8,500,468.020792
-21.8,500,468.148193
-22.7,500,468.273976
-22.1,500,468.399259
-21.9,500,468.524163
-21.7,500,468.648937
-21.9,500,468.774843
-21.9,500,468.899996
-21.8,500,469.025194
-22.7,500,469.150693
-6.4,500,469.275676
-26.0,500,469.400497
-23.0,500,469.526307
-22.6,500,469.651576
-22.7,500,469.77661
-2.7,500,469.902003
-23.1,500,470.026794
-23.4,500,470.152265
-23.5,500,470.277361
-23.1,500,470.402206
-23.6,500,470.527318
-22.7,500,470.652082
-24.5,500,470.777377
-13.9,500,470.903641
-27.3,500,471.028828
-23.3,500,471.154268
-23.5,500,471.279062
-23.9,500,471.40344
-22.6,500,471.540584
-23.8,500,471.67122
-24.4,500,471.7994
-21.7,500,471.925144
-22.8,500,472.051592
-23.1,500,472.177658
-22.8,500,472.302641
-22.7,500,472.428891
-23.8,500,472.554243
-25.0,500,472.68053
-22.6,500,472.804979
-22.9,500,472.929949
-22.8,500,473.055246
-23.4,500,473.180084
-22.6,500,473.305804
-60.7,500,473.430776
-49.4,500,473.555482
-26.4,500,473.680938
-26.9,500,473.805975
-24.0,500,473.933096
-26.6,500,474.058615
-21.9,500,474.183338
-23.8,500,474.307856
-24.5,500,474.431956
-22.6,500,474.556606
-22.9,500,474.682181
-6.8,500,474.806911
-23.3,500,474.931285
-23.0,500,475.055799
-23.0,500,475.18022
-22.6,500,475.304733
-23.2,500,475.430169
-22.9,500,475.55471
-22.6,500,475.679447
-22.7,500,475.803703
-22.7,500,475.928622
-24.3,500,476.053979
-23.0,500,476.178746
-22.7,500,476.303278
-24.1,500,476.427872
-22.7,500,476.552954
-22.8,500,476.679216
-23.3,500,476.804768
-22.8,500,476.930059
-23.1,500,477.055351
-22.9,500,477.180626
-24.8,500,477.306397
-22.6,500,477.432652
-63.7,500,477.557316
-23.3,500,477.681958
-22.6,500,477.806665
-24.4,500,477.932068
-24.0,500,478.077916
-24.2,500,478.204161
-23.6,500,478.329703
-23.1,500,478.455527
-22.8,500,478.581381
-23.0,500,478.706631
-22.8,500,478.83176
-23.5,500,478.956678
-23.0,500,479.081668
-22.6,500,479.207243
-23.0,500,479.332433
-23.6,500,479.457138
-23.6,500,479.582509
-22.8,500,479.708308
-22.9,500,479.83434
-33.9,500,479.95962
-54.3,500,480.084921
-24.0,500,480.209797
-22.5,500,480.33424
-23.4,500,480.459054
-8.0,500,480.584238
-29.5,500,480.708096
-23.0,500,480.832298
-22.6,500,480.956381
-3.9,500,481.080849
-23.3,500,481.20631
-25.8,500,481.330833
-23.3,500,481.455366
-22.6,500,481.5799
-22.9,500,481.704565
-23.1,500,481.830029
-23.1,500,481.954502
-22.6,500,482.078866
-22.8,500,482.20399
-31.5,500,482.329493
-25.6,500,482.456743
-22.7,500,482.581826
-3.7,500,482.70671
-23.3,500,482.83187
-23.4,500,482.956455
-22.6,500,483.081217
-23.0,500,483.206179
-22.8,500,483.331017
-22.6,500,483.455653
-23.3,500,483.580065
-23.3,500,483.704624
-22.6,500,483.829772
-22.9,500,483.954193
-22.6,500,484.078601
-22.8,500,484.203055
-38.8,500,484.327451
-24.6,500,484.452578
-22.6,500,484.579521
-25.5,500,484.712191
-23.1,500,484.836961
-22.7,500,484.961397
-63.9,500,485.086725
-23.8,500,485.211672
-26.0,500,485.339316
-22.6,500,485.465504
-22.9,500,485.590515
-22.5,500,485.715372
-23.1,500,485.840501
-23.8,500,485.965608
-22.8,500,486.090523
-22.5,500,486.215418
-22.7,500,486.340362
-22.7,500,486.465854
-22.7,500,486.590476
-23.1,500,486.715326
-26.0,500,486.840277
-22.6,500,486.965125
-2.6,500,487.090499
-23.4,500,487.215456
-30.3,500,487.340746
-23.4,500,487.466574
-22.6,500,487.591521
-25.3,500,487.71661
-22.5,500,487.842425
-22.9,500,487.967605
-22.5,500,488.092547
-15.6,500,488.218093
-3.2,500,488.343072
-23.7,500,488.468896
-22.9,500,488.594212
-23.2,500,488.719123
-22.8,500,488.844139
-22.7,500,488.969141
-24.0,500,489.095378
-4.6,500,489.221
-24.1,500,489.346119
-3.4,500,489.471347
-46.8,500,489.596037
-23.2,500,489.721124
-22.5,500,489.846288
-23.2,500,489.971152
-23.1,500,490.095867
-23.2,500,490.220614
-22.5,500,490.344904
-22.8,500,490.469876
-2.5,500,490.594788
-22.9,500,490.719358
-28.2,500,490.844011
-22.5,500,490.968578
-22.7,500,491.093887
-23.0,500,491.218263
-22.7,500,491.342229
-23.2,500,491.466796
-9.6,500,491.59177
-22.5,500,491.716319
-22.7,500,491.841542
-23.2,500,491.966091
-23.4,500,492.090445
-22.8,500,492.215669
-22.7,500,492.340779
-22.9,500,492.467829
-22.9,500,492.592479
-22.9,500,492.717135
-22.7,500,492.841681
-36.4,500,492.967182
-23.7,500,493.092608
-51.8,500,493.216988
-22.7,500,493.341124
-23.6,500,493.465814
-23.0,500,493.590264
-22.9,500,493.714653
-22.5,500,493.839956
-22.7,500,493.964327
-23.2,500,494.08884
-23.2,500,494.213326
-22.7,500,494.337835
-23.6,500,494.462978
-4.5,500,494.587991
-28.4,500,494.712807
-23.4,500,494.837228
-23.2,500,494.961847
-22.8,500,495.086938
-2.8,500,495.211738
-23.6,500,495.336217
-23.7,500,495.460513
-22.7,500,495.584954
-24.0,500,495.709787
-23.4,500,495.835061
-29.0,500,495.960142
-22.8,500,496.08476
-22.9,500,496.209321
-22.7,500,496.333741
-22.7,500,496.458893
-22.5,500,496.583652
-22.7,500,496.708224
-22.8,500,496.832827
-22.6,500,496.957447
-22.8,500,497.08178
-22.9,500,497.207215
-24.4,500,497.331388
-23.0,500,497.45716
-23.0,500,497.581898
-23.9,500,497.706688
-22.9,500,497.831806
-22.6,500,497.956652
-22.8,500,498.081385
-25.3,500,498.205837
-29.9,500,498.330057
-25.4,500,498.454617
-26.7,500,498.579932
-23.1,500,498.704027
-18.6,500,498.828582
-23.0,500,498.953063
-23.2,500,499.077617
-22.7,500,499.202812
-22.7,500,499.327574
-22.5,500,499.452189
-23.6,500,499.576346
-35.7,500,499.700991
-22.7,500,499.82604
-22.9,500,499.950621
-22.5,500,500.07508
-22.5,500,500.199253
-29.8,500,500.32385
-23.5,500,500.448227
-22.9,500,500.572941
-23.3,500,500.697231
-22.8,500,500.821301
-23.2,500,500.945605
-22.6,500,501.069797
-22.6,500,501.194579
-23.1,500,501.318837
-22.9,500,501.442766
-22.9,500,501.566703
-22.6,500,501.690996
-22.7,500,501.815406
-23.0,500,501.940234
-10.9,500,502.064955
-24.2,500,502.189946
-23.0,500,502.327082
-22.8,500,502.456925
-23.3,500,502.58205
-23.4,500,502.706639
-22.9,500,502.831524
-22.8,500,502.956438
-22.7,500,503.080939
-51.6,500,503.206156
-23.2,500,503.330748
-23.0,500,503.459015
-22.7,500,503.58395
-23.0,500,503.707751
-27.5,500,503.832615
-22.8,500,503.957342
-23.0,500,504.082773
-22.5,500,504.215447
-23.0,500,504.340426
-22.9,500,504.465553
-23.1,500,504.590037
-22.9,500,504.715285
-23.0,500,504.840179
-18.5,500,504.965247
-35.5,500,505.090848
-23.3,500,505.2158
-22.5,500,505.3405
-23.2,500,505.465332
-22.9,500,505.590322
-22.9,500,505.714934
-33.4,500,505.840101
-23.2,500,505.964941
-24.0,500,506.089348
-23.1,500,506.21363
-22.6,500,506.337686
-22.6,500,506.463008
-23.0,500,506.58746
-22.7,500,506.711932
-22.9,500,506.836357
-23.4,500,506.960518
-22.7,500,507.084696
-23.9,500,507.210092
-5.9,500,507.334367
-22.7,500,507.460997
-24.2,500,507.585595
-24.0,500,507.710172
-23.3,500,507.835353
-22.5,500,507.960106
-22.6,500,508.084571
-22.5,500,508.209154
-22.6,500,508.333696
-22.9,500,508.458683
-23.0,500,508.583645
-22.9,500,508.708
-23.1,500,508.83252
-22.7,500,508.957189
-41.1,500,509.082028
-25.1,500,509.207332
-22.7,500,509.331889
-23.1,500,509.456508
-22.7,500,509.581249
-22.6,500,509.706329
-22.8,500,509.831324
-23.1,500,509.956113
-22.6,500,510.080533
-22.6,500,510.204928
-22.6,500,510.329501
-30.8,500,510.45408
-23.6,500,510.579337
-22.9,500,510.703527
-22.8,500,510.827935
-23.1,500,510.952875
-22.9,500,511.077539
-22.9,500,511.202636
-29.5,500,511.32708
-22.6,500,511.451629
-22.5,500,511.576079
-22.6,500,511.700608
-23.8,500,511.825178
-22.8,500,511.952125
-22.6,500,512.077043
-34.5,500,512.202079
-22.5,500,512.327036
-24.4,500,512.453279
-24.0,500,512.579148
-24.3,500,512.704256
-22.7,500,512.828948
-22.5,500,512.953567
-22.9,500,513.078386
-41.1,500,513.203722
-23.9,500,513.328622
-23.0,500,513.45374
-22.8,500,513.578575
-22.9,500,513.703243
-22.7,500,513.827757
-22.8,500,513.95282
-22.8,500,514.076945
-35.7,500,514.20189
-23.4,500,514.326498
-22.7,500,514.451535
-2.8,500,514.576828
-36.6,500,514.70163
-22.9,500,514.826409
-22.9,500,514.951042
-22.5,500,515.075388
-23.8,500,515.200499
-22.8,500,515.324758
-22.8,500,515.448896
-23.6,500,515.573447
-24.3,500,515.698129
-23.1,500,515.822819
-23.2,500,515.948233
-3.1,500,516.072882
-9.6,500,516.197837
-24.6,500,516.32243
-23.3,500,516.447077
-22.5,500,516.572466
-23.5,500,516.696993
-22.7,500,516.821319
-22.9,500,516.946089
-22.9,500,517.070303
-22.7,500,517.196161
-22.8,500,517.320959
-29.8,500,517.448033
-22.9,500,517.573808
-23.2,500,517.69897
-25.9,500,517.824597
-23.2,500,517.94961
-31.2,500,518.074526
-23.5,500,518.1995
-23.5,500,518.323969
-23.5,500,518.448298
-23.5,500,518.573262
-22.5,500,518.69759
-23.1,500,518.822013
-22.6,500,518.946456
-22.9,500,519.070835
-33.8,500,519.196098
-22.9,500,519.320747
-22.7,500,519.4451
-22.8,500,519.569456
-24.7,500,519.694495
-22.8,500,519.818951
-24.5,500,519.944716
-23.2,500,520.069355
-23.4,500,520.193489
-24.2,500,520.317587
-26.9,500,520.441847
-23.3,500,520.56689
-22.7,500,520.69111
-35.8,500,520.815724
-22.7,500,520.940203
-23.2,500,521.064662
-22.8,500,521.18884
-23.3,500,521.313836
-22.5,500,521.438391
-22.7,500,521.562137
-23.1,500,521.685785
-31.0,500,521.810173
-23.4,500,521.934754
-22.8,500,522.059115
-23.1,500,522.183873
-50.9,500,522.308049
-23.3,500,522.445213
-23.5,500,522.572314
-25.1,500,522.697001
-22.5,500,522.821531
-26.7,500,522.945987
-22.9,500,523.070172
-22.7,500,523.195305
-22.8,500,523.319688
-25.8,500,523.444576
-22.8,500,523.569115
-22.6,500,523.693512
-22.6,500,523.820181
-23.6,500,523.953597
-25.9,500,524.078286
-40.7,500,524.202725
-24.8,500,524.327415
-23.2,500,524.451986
-22.5,500,524.577082
-22.7,500,524.701962
-23.1,500,524.825951
-22.5,500,524.950267
-22.9,500,525.07442
-23.6,500,525.199659
-22.6,500,525.323791
-22.6,500,525.448324
-22.7,500,525.572705
-23.4,500,525.697141
-23.0,500,525.821605
-31.5,500,525.946768
-22.7,500,526.071123
-22.9,500,526.195377
-23.2,500,526.319532
-22.6,500,526.44414
-22.7,500,526.569181
-22.5,500,526.693328
-22.7,500,526.817797
-22.9,500,526.941707
-11.1,500,527.06628
-24.2,500,527.19124
-23.5,500,527.316
-22.9,500,527.442128
-23.0,500,527.567134
-26.0,500,527.69195
-23.4,500,527.81661
-23.0,500,527.941376
-23.4,500,528.066014
-22.8,500,528.190802
-23.7,500,528.315086
-23.9,500,528.440035
-23.7,500,528.564578
-23.1,500,528.689601
-23.2,500,528.814062
-23.0,500,528.938089
-22.8,500,529.062567
-22.7,500,529.187165
-23.0,500,529.31252
-23.2,500,529.43728
-22.7,500,529.561617
-23.9,500,529.690695
-22.8,500,529.815236
-22.9,500,529.940312
-22.9,500,530.064492
-23.3,500,530.188818
-22.7,500,530.313404
-22.8,500,530.438032
-3.8,500,530.564174
-22.8,500,530.689491
-31.4,500,530.81415
-22.7,500,530.938864
-24.4,500,531.063205
-23.3,500,531.187388
-23.2,500,531.311945
-22.9,500,531.435726
-22.8,500,531.560118
-23.0,500,531.684466
-22.8,500,531.808704
-23.0,500,531.932609
-23.8,500,532.057914
-23.1,500,532.182628
-22.9,500,532.306793
-23.6,500,532.432935
-22.7,500,532.557663
-23.0,500,532.682713
-23.7,500,532.807312
-23.2,500,532.931882
-22.6,500,533.056399
-23.8,500,533.180612
-23.0,500,533.30514
-22.8,500,533.430396
-22.6,500,533.554611
-23.1,500,533.679176
-22.6,500,533.803656
-24.3,500,533.927946
-22.5,500,534.053008
-23.1,500,534.177618
-23.3,500,534.302402
-23.1,500,534.426926
-23.1,500,534.55126
-23.0,500,534.675991
-27.8,500,534.801039
-24.3,500,534.925204
-22.5,500,535.049376
-23.0,500,535.173622
-23.1,500,535.298059
-22.6,500,535.422528
-22.6,500,535.548047
-22.8,500,535.672882
-23.3,500,535.797143
-22.9,500,535.921952
-22.6,500,536.046447
-26.2,500,536.171393
-25.8,500,536.296024
-23.5,500,536.42025
-23.1,500,536.54435
-23.0,500,536.668651
-22.6,500,536.794104
-22.9,500,536.918292
-37.6,500,537.042403
-22.7,500,537.168046
-22.6,500,537.292183
-23.4,500,537.417469
-22.7,500,537.542785
-22.8,500,537.667362
-22.6,500,537.792131
-22.5,500,537.916602
-23.8,500,538.041006
-7.6,500,538.166451
-22.7,500,538.290959
-22.7,500,538.415809
-23.2,500,538.540273
-23.4,500,538.721479
-22.7,500,538.846943
-22.8,500,538.971626
-23.3,500,539.09635
-22.9,500,539.221339
-22.8,500,539.345882
-22.7,500,539.470019
-23.3,500,539.594594
-24.1,500,539.719539
-23.3,500,539.84411
-23.5,500,539.969512
-22.7,500,540.093765
-23.1,500,540.218228
-23.1,500,540.342918
-22.9,500,540.467413
-22.8,500,540.592527
-23.4,500,540.717227
-45.7,500,540.841811
-22.5,500,540.967959
-24.0,500,541.10132
-23.6,500,541.227093
-23.1,500,541.352035
-23.2,500,541.476537
-22.5,500,541.601036
-22.6,500,541.72517
-22.8,500,541.849134
-22.7,500,541.974328
-23.0,500,542.098534
-22.7,500,542.2231
-23.6,500,542.347288
-23.2,500,542.472884
-22.7,500,542.611841
-23.2,500,542.736826
-22.6,500,542.861511
-25.1,500,542.985765
-22.7,500,543.110215
-39.0,500,543.23529
-22.7,500,543.359538
-23.1,500,543.484259
-22.9,500,543.60819
-23.5,500,543.732787
-23.6,500,543.857642
-22.8,500,543.981766
-23.7,500,544.105838
-22.8,500,544.230338
-22.6,500,544.354521
-22.8,500,544.478929
-22.5,500,544.604179
-23.1,500,544.728637
-23.1,500,544.852781
-22.8,500,544.977139
-22.8,500,545.101311
-22.5,500,545.226332
-22.8,500,545.350753
-23.1,500,545.475024
-22.5,500,545.599708
-142.9,500,545.724572
-58.9,500,545.848597
-23.5,500,545.974073
-23.3,500,546.099018
-22.6,500,546.22385
-22.7,500,546.348451
-23.1,500,546.473492
-23.4,500,546.598463
-23.0,500,546.722697
-5.0,500,546.847373
-23.1,500,546.973518
-23.2,500,547.098567
-22.7,500,547.224166
-22.9,500,547.349
-22.8,500,547.475361
-23.1,500,547.600695
-23.0,500,547.725404
-23.1,500,547.850762
-28.7,500,547.975363
-8.8,500,548.100069
-23.1,500,548.22489
-22.7,500,548.34903
-22.9,500,548.474092
-23.2,500,548.599602
-23.5,500,548.724824
-22.8,500,548.849845
-23.4,500,548.974254
-23.3,500,549.09872
-22.7,500,549.223783
-22.6,500,549.348218
-23.3,500,549.472156
-23.4,500,549.596551
-22.5,500,549.720998
-23.1,500,549.845143
-22.6,500,549.969781
-23.6,500,550.094346
-22.9,500,550.218687
-23.5,500,550.343104
-22.6,500,550.467347
-22.6,500,550.592234
-24.2,500,550.71627
-22.9,500,550.840724
-22.9,500,550.965008
-24.5,500,551.089305
-23.2,500,551.213301
-23.6,500,551.337832
-6.9,500,551.462369
-27.8,500,551.586923
-23.3,500,551.711262
-22.8,500,551.835736
-23.7,500,551.960761
-23.1,500,552.085105
-23.0,500,552.210027
-22.8,500,552.334365
-23.1,500,552.46038
-23.4,500,552.586066
-33.4,500,552.710414
-23.7,500,552.835295
-13.7,500,552.960391
-49.8,500,553.085213
-46.8,500,553.209908
-24.2,500,553.33559
-23.0,500,553.460622
-22.9,500,553.585214
-24.4,500,553.709954
-22.6,500,553.834358
-23.6,500,553.959028
-22.6,500,554.082945
-23.2,500,554.207817
-22.7,500,554.332325
-23.5,500,554.457154
-22.8,500,554.581454
-23.2,500,554.706808
-22.6,500,554.831065
-51.4,500,554.956272
-10.4,500,555.080725
-23.4,500,555.205296
-27.0,500,555.330667
-22.6,500,555.455547
-23.3,500,555.579694
-22.7,500,555.704263
-22.7,500,555.828888
-22.8,500,555.954382
-22.9,500,556.079275
-22.9,500,556.203942
-32.7,500,556.328666
-23.3,500,556.453187
-22.6,500,556.577811
-22.7,500,556.703004
-22.9,500,556.827563
-29.7,500,556.951772
-22.7,500,557.076317
-23.0,500,557.201
-23.3,500,557.326606
-22.8,500,557.452472
-22.6,500,557.577395
-22.6,500,557.702687
-23.0,500,557.827662
-22.7,500,557.95281
-22.7,500,558.077007
-23.3,500,558.201529
-32.5,500,558.32583
-23.0,500,558.451114
-22.9,500,558.575867
-22.7,500,558.701133
-22.7,500,558.825785
-23.5,500,558.950012
-22.8,500,559.074571
-22.8,500,559.198605
-22.6,500,559.323857
-23.5,500,559.448393
-22.8,500,559.572931
-23.1,500,559.697443
-22.7,500,559.822033
-22.7,500,559.946482
-24.1,500,560.071722
-24.5,500,560.19634
-22.6,500,560.320675
-22.8,500,560.444808
-23.0,500,560.571681
-22.7,500,560.704377
-22.7,500,560.828862
-23.2,500,560.954028
-30.6,500,561.078605
-23.0,500,561.202926
-24.9,500,561.327826
-23.8,500,561.45295
-21.9,500,561.577306
-22.4,500,561.701672
-23.0,500,561.826554
-22.2,500,561.950804
-22.1,500,562.075749
-22.2,500,562.200527
-22.1,500,562.325431
-22.6,500,562.451396
-23.4,500,562.576231
-22.3,500,562.701304
-2.4,500,562.825943
-24.6,500,562.950223
-23.0,500,563.074462
-22.6,500,563.198808
-23.2,500,563.322783
-28.3,500,563.450673
-23.1,500,563.574898
-25.7,500,563.699098
-22.8,500,563.823231
-22.7,500,563.947609
-22.8,500,564.07264
-23.3,500,564.197
-23.0,500,564.321746
-22.6,500,564.445946
-22.7,500,564.570154
-23.4,500,564.69543
-23.1,500,564.819819
-23.3,500,564.944669
-23.0,500,565.068905
-25.5,500,565.192906
-28.8,500,565.316866
-22.9,500,565.442347
-22.8,500,565.56707
-22.6,500,565.691333
-23.2,500,565.81567
-22.5,500,565.940603
-23.1,500,566.064822
-23.3,500,566.190091
-24.3,500,566.314285
-23.5,500,566.438785
-23.5,500,566.57376
-22.8,500,566.720498
-22.8,500,566.859664
-25.5,500,567.006946
-16.8,500,567.157719
-22.9,500,567.297089
-22.6,500,567.425898
-22.5,500,567.552736
-22.8,500,567.677609
-22.7,500,567.802829
-22.5,500,567.928427
-22.5,500,568.053396
-22.6,500,568.178862
-22.6,500,568.322903
-23.0,500,568.477946
-78.3,500,568.634603
-50.6,500,568.763185
-24.1,500,568.889226
-22.8,500,569.014798
-23.1,500,569.140047
-23.4,500,569.264645
-22.5,500,569.389306
-23.4,500,569.514379
-22.6,500,569.639641
-22.5,500,569.765136
-24.9,500,569.890029
-22.5,500,570.014809
-22.8,500,570.13945
-23.1,500,570.264011
-22.9,500,570.389379
-23.1,500,570.514417
-12.9,500,570.639304
-6.9,500,570.764039
-23.0,500,570.888688
-23.1,500,571.013871
-23.3,500,571.139583
-23.8,500,571.264273
-23.0,500,571.388738
-22.9,500,571.512941
-24.8,500,571.636694
-22.6,500,571.761058
-22.8,500,571.88467
-22.6,500,572.00863
-22.6,500,572.132994
-22.9,500,572.25771
-23.5,500,572.382708
-23.0,500,572.509669
-22.5,500,572.634659
-23.5,500,572.759496
-23.0,500,572.88444
-23.0,500,573.008844
-22.6,500,573.134139
-22.5,500,573.258608
-22.7,500,573.382992
-9.7,500,573.508206
-30.0,500,573.633292
-23.0,500,573.758519
-22.9,500,573.883132
-24.0,500,574.007774
-25.3,500,574.132459
-23.7,500,574.25713
-22.8,500,574.381945
-22.5,500,574.506494
-22.9,500,574.631249
-23.0,500,574.755693
-22.5,500,574.880758
-24.1,500,575.005353
-22.6,500,575.130638
-23.0,500,575.255395
-23.0,500,575.380093
-22.6,500,575.504906
-33.2,500,575.629736
-22.9,500,575.754733
-22.5,500,575.879339
-22.5,500,576.004009
-22.5,500,576.129066
-22.7,500,576.254078
-23.7,500,576.378826
-23.4,500,576.504218
-22.7,500,576.629235
-23.4,500,576.753895
-33.5,500,576.878701
-22.5,500,577.003264
-22.9,500,577.128633
-22.6,500,577.253573
-4.5,500,577.378963
-22.6,500,577.505507
-23.4,500,577.630674
-24.4,500,577.755854
-23.3,500,577.880362
-28.3,500,578.004405
-23.1,500,578.128688
-22.5,500,578.253002
-23.4,500,578.377708
-22.5,500,578.502906
-22.8,500,578.627952
-23.1,500,578.752589
-23.6,500,578.877274
-23.7,500,579.001615
-22.5,500,579.126725
-23.2,500,579.251425
-23.0,500,579.376329
-23.5,500,579.500936
-24.3,500,579.625377
-23.0,500,579.751241
-22.5,500,579.885162
-22.6,500,580.009524
-22.6,500,580.134239
-22.6,500,580.2587
-24.1,500,580.383255
-8.6,500,580.508438
-47.0,500,580.633133
-23.4,500,580.757088
-22.9,500,580.881552
-23.7,500,581.005403
-2.3,500,581.130545
-24.0,500,581.254469
-23.0,500,581.378875
-22.6,500,581.503176
-22.9,500,581.627644
-23.8,500,581.751719
-23.1,500,581.876906
-23.4,500,582.001053
-22.7,500,582.125556
-22.6,500,582.250353
-22.8,500,582.374915
-6.1,500,582.50168
-27.5,500,582.62658
-22.9,500,582.751027
-23.8,500,582.87517
-23.0,500,582.999463
-22.9,500,583.123768
-23.5,500,583.24875
-23.2,500,583.372952
-23.1,500,583.497398
-24.0,500,583.621972
-22.8,500,583.746011
-23.4,500,583.870895
-25.0,500,583.99484
-22.8,500,584.118788
-28.5,500,584.242985
-23.1,500,584.366914
-22.8,500,584.491188
-22.8,500,584.615946
-22.7,500,584.73998
-22.7,500,584.864497
-22.8,500,584.988692
-22.9,500,585.112699
-22.8,500,585.237391
-22.7,500,585.361781
-30.2,500,585.486166
-23.9,500,585.610499
-22.6,500,585.734961
-23.2,500,585.85919
-23.0,500,585.984003
-22.9,500,586.10854
-23.1,500,586.232676
-33.8,500,586.356618
-23.5,500,586.480638
-22.6,500,586.605822
-24.2,500,586.730423
-26.5,500,586.854667
-23.0,500,586.978804
-22.6,500,587.10307
-23.0,500,587.227157
-4.6,500,587.35257
-25.1,500,587.478631
-22.6,500,587.603194
-23.1,500,587.727312
-22.9,500,587.851378
-22.7,500,587.976377
-22.6,500,588.100391
-22.9,500,588.224594
-22.8,500,588.349128
-23.8,500,588.473259
-23.5,500,588.598243
-24.4,500,588.723179
-22.7,500,588.847233
-22.7,500,588.971276
-2.2,500,589.104256
-23.5,500,589.229096
-22.9,500,589.354375
-22.8,500,589.478815
-23.5,500,589.603407
-23.1,500,589.727911
-23.2,500,589.852656
-22.9,500,589.977294
-22.5,500,590.101687
-23.6,500,590.225798
-23.9,500,590.349836
-23.2,500,590.474261
-23.6,500,590.599127
-23.5,500,590.724061
-23.0,500,590.848578
-22.8,500,590.972857
-6.7,500,591.097895
-23.0,500,591.222266
-22.9,500,591.3473
-23.6,500,591.472067
-23.0,500,591.596171
-22.7,500,591.720698
-22.6,500,591.845184
-23.1,500,591.969901
-23.5,500,592.094095
-23.5,500,592.218114
-22.7,500,592.34267
-23.8,500,592.468659
-22.7,500,592.593285
-4.7,500,592.718777
-23.3,500,592.844071
-22.6,500,592.96929
-23.0,500,593.094076
-2.1,500,593.218738
-32.9,500,593.343849
-22.7,500,593.468236
-23.0,500,593.593043
-22.6,500,593.717809
-22.8,500,593.842373
-23.1,500,593.967704
-23.2,500,594.091994
-25.2,500,594.216522
-23.2,500,594.341184
-22.7,500,594.465717
-24.0,500,594.590505
-23.4,500,594.716051
-22.9,500,594.840789
-23.1,500,594.965108
-22.7,500,595.089839
-22.5,500,595.214026
-23.2,500,595.339227
-22.8,500,595.463621
-23.5,500,595.588054
-22.7,500,595.71253
-23.3,500,595.837391
-22.6,500,595.962465
-41.1,500,596.087467
-5.0,500,596.212073
-25.3,500,596.336683
-2.3,500,596.46167
-22.9,500,596.586381
-23.1,500,596.71522
-23.1,500,596.841319
-23.0,500,596.965274
-22.6,500,597.08958
-23.4,500,597.214166
-23.7,500,597.342692
-35.1,500,597.470852
-22.7,500,597.596114
-23.3,500,597.720786
-23.5,500,597.845415
-22.9,500,597.970558
-22.7,500,598.095078
-22.9,500,598.219129
-22.6,500,598.343332
-22.7,500,598.467773
-22.6,500,598.592923
-22.7,500,598.717103
-23.5,500,598.841563
-2.2,500,598.966322
-22.5,500,599.090633
-23.1,500,599.214681
-22.9,500,599.339722
-22.9,500,599.463998
-30.3,500,599.588311
-25.3,500,599.715238
-24.0,500,599.848069
-22.6,500,599.973766
-23.3,500,600.098012
-22.5,500,600.222229
-22.9,500,600.346206
-23.0,500,600.470604
-23.1,500,600.594857
-22.6,500,600.719946
-23.5,500,600.844189
-22.9,500,600.968671
-24.0,500,601.093665
-22.7,500,601.217987
-22.7,500,601.343307
-26.4,500,601.467884
-22.5,500,601.592497
-22.7,500,601.716711
-23.2,500,601.840919
-22.9,500,601.965453
-22.8,500,602.089737
-23.1,500,602.214152
-31.0,500,602.339036
-22.7,500,602.464955
-22.7,500,602.589572
-22.9,500,602.714778
-22.6,500,602.83904
-24.3,500,602.963638
-33.9,500,603.088072
-23.2,500,603.212309
-22.9,500,603.337032
-24.7,500,603.461188
-22.5,500,603.585928
-23.0,500,603.710612
-22.7,500,603.834616
-22.8,500,603.958824
-22.6,500,604.083891
-24.0,500,604.208117
-22.7,500,604.33251
-22.7,500,604.456933
-22.8,500,604.581468
-26.6,500,604.706616
-24.2,500,604.831321
-22.7,500,604.955604
-25.4,500,605.080123
-22.7,500,605.20421
-3.3,500,605.328737
-23.1,500,605.453501
-23.3,500,605.577661
-23.0,500,605.702344
-22.6,500,605.826853
-22.5,500,605.95109
-22.5,500,606.076371
-23.2,500,606.20048
-22.5,500,606.324981
-22.5,500,606.449626
-22.6,500,606.574056
-22.8,500,606.698507
-22.9,500,606.823589
-22.6,500,606.947979
-24.4,500,607.072201
-23.0,500,607.196467
-22.7,500,607.321213
-24.4,500,607.447979
-23.5,500,607.572734
-23.1,500,607.697429
-22.7,500,607.821999
-22.8,500,607.946829
-22.8,500,608.079533
-23.5,500,608.205034
-22.7,500,608.329728
-9.9,500,608.454283
-46.7,500,608.579074
-22.7,500,608.703649
-22.5,500,608.828951
-22.5,500,608.953393
-22.7,500,609.077944
-4.8,500,609.202496
-30.3,500,609.326682
-22.8,500,609.451614
-23.5,500,609.575594
-22.6,500,609.700177
-22.7,500,609.82443
-22.8,500,609.948864
-23.6,500,610.073019
-22.9,500,610.197954
-23.1,500,610.322103
-5.5,500,610.446264
-25.5,500,610.57082
-22.9,500,610.695045
-22.8,500,610.819857
-22.5,500,610.944052
-22.8,500,611.068799
-22.5,500,611.193001
-22.7,500,611.317288
-22.7,500,611.441458
-23.3,500,611.566426
-23.0,500,611.690849
-23.7,500,611.815426
-20.9,500,611.940058
-28.3,500,612.064601
-22.6,500,612.18953
-23.1,500,612.313815
-4.5,500,612.44004
-3.1,500,612.565662
-22.7,500,612.690462
-24.3,500,612.815089
-24.6,500,612.940459
-3.1,500,613.065434
-23.2,500,613.190564
-23.2,500,613.31578
-25.8,500,613.440704
-1.9,500,613.566235
-22.5,500,613.690856
-24.2,500,613.815429
-23.1,500,613.939698
-23.5,500,614.064133
-23.1,500,614.189158
-25.8,500,614.31318
-42.8,500,614.437374
-23.5,500,614.561997
-23.6,500,614.686514
-2.4,500,614.812063
-22.8,500,614.936513
-22.7,500,615.060771
-22.6,500,615.185009
-22.8,500,615.309099
-22.9,500,615.4337
-23.2,500,615.558991
-22.9,500,615.683022
-4.3,500,615.807372
-3.9,500,615.931678
-24.3,500,616.056212
-49.9,500,616.180904
-46.4,500,616.305445
-23.8,500,616.429888
-4.5,500,616.554532
-24.5,500,616.678919
-22.9,500,616.803758
-28.1,500,616.930675
-24.1,500,617.055673
-22.6,500,617.180631
-22.7,500,617.30521
-23.3,500,617.430697
-23.8,500,617.556841
-24.0,500,617.681881
-22.5,500,617.806308
-22.9,500,617.93124
-23.5,500,618.055803
-22.7,500,618.180718
-22.9,500,618.305906
-22.7,500,618.430565
-26.2,500,618.555374
-22.5,500,618.679688
-25.5,500,618.804076
-22.5,500,618.929294
-23.1,500,619.053541
-22.5,500,619.178156
-22.5,500,619.302668
-23.0,500,619.426734
-25.1,500,619.553348
-22.7,500,619.685987
-22.5,500,619.811327
-22.5,500,619.936713
-22.7,500,620.061987
-22.6,500,620.187904
-22.7,500,620.312837
-22.5,500,620.437364
-22.5,500,620.562419
-23.7,500,620.687104
-26.5,500,620.811519
-6.8,500,620.936764
-23.6,500,621.061519
-22.9,500,621.185804
-26.2,500,621.310484
-23.0,500,621.435381
-22.7,500,621.570567
-22.8,500,621.715669
-22.7,500,621.85404
-24.1,500,621.995878
-23.7,500,622.132043
-22.9,500,622.270668
-22.7,500,622.398945
-22.9,500,622.526321
-5.6,500,622.651889
-40.1,500,622.776723
-22.9,500,622.900918
-22.7,500,623.025666
-22.7,500,623.150385
-23.2,500,623.274424
-23.8,500,623.398335
-23.0,500,623.527615
-23.1,500,623.671317
-22.7,500,623.797332
-23.0,500,623.922904
-23.1,500,624.04742
-23.9,500,624.172789
-22.6,500,624.298496
-22.5,500,624.423302
-22.9,500,624.548188
-22.9,500,624.672987
-22.7,500,624.797812
-9.7,500,624.925119
-47.1,500,625.049967
-23.3,500,625.175224
-5.5,500,625.300271
-23.4,500,625.424592
-23.1,500,625.549103
-48.7,500,625.674138
-46.1,500,625.798418
-22.7,500,625.922641
-22.9,500,626.047249
-22.9,500,626.171696
-5.4,500,626.297167
-4.7,500,626.421792
-23.1,500,626.546517
-23.4,500,626.671287
-24.3,500,626.7958
-22.5,500,626.920368
-21.6,500,627.045229
-21.8,500,627.169153
-23.9,500,627.293565
-22.7,500,627.418886
-23.2,500,627.544459
-22.8,500,627.669674
-22.5,500,627.793925
-24.2,500,627.918294
-23.3,500,628.055542
-22.6,500,628.182075
-22.6,500,628.30731
-24.0,500,628.43167
-22.8,500,628.555815
-23.4,500,628.680134
-22.5,500,628.804411
-22.5,500,628.928935
-23.1,500,629.053175
-23.7,500,629.177118
-22.6,500,629.301246
-22.8,500,629.425558
-22.7,500,629.549512
-23.5,500,629.674215
-22.8,500,629.798375
-22.8,500,629.922649
-24.1,500,630.046916
-22.5,500,630.171479
-22.7,500,630.296334
-22.6,500,630.420939
-22.5,500,630.544942
-25.3,500,630.669054
-22.5,500,630.793597
-49.8,500,630.917905
-22.3,500,631.042843
-23.3,500,631.167738
-22.5,500,631.291983
-22.9,500,631.416246
-22.2,500,631.540695
-22.8,500,631.66578
-23.3,500,631.789719
-23.1,500,631.913713
-25.4,500,632.038126
-23.2,500,632.162879
-22.6,500,632.287213
-23.0,500,632.413124
-23.2,500,632.539206
-22.9,500,632.664399
-22.8,500,632.788925
-23.7,500,632.913515
-2.5,500,633.038845
-23.7,500,633.16406
-22.5,500,633.288986
-22.5,500,633.413691
-22.7,500,633.538509
-22.8,500,633.664155
-22.6,500,633.788529
-23.0,500,633.913271
-23.3,500,634.037677
-22.6,500,634.162175
-23.3,500,634.287255
-23.0,500,634.412213
-22.8,500,634.537399
-25.1,500,634.66226
-37.6,500,634.78686
-22.7,500,634.911393
-22.6,500,635.036706
-24.3,500,635.161744
-22.9,500,635.28653
-22.9,500,635.411052
-23.2,500,635.53567
-23.4,500,635.661114
-23.2,500,635.78563
-22.9,500,635.910244
-23.7,500,636.034949
-23.3,500,636.160079
-22.8,500,636.284523
-23.6,500,636.40988
-22.6,500,636.534681
-31.4,500,636.659648
-23.2,500,636.784009
-22.8,500,636.908477
-23.0,500,637.03358
-23.5,500,637.157857
-23.0,500,637.282366
-23.1,500,637.407375
-23.0,500,637.533821
-23.4,500,637.658858
-23.0,500,637.783091
-22.6,500,637.906992
-22.9,500,638.031318
-24.5,500,638.155322
-29.4,500,638.279534
-23.1,500,638.404278
-23.6,500,638.528388
-6.4,500,638.653022
-55.6,500,638.776993
-23.4,500,638.901021
-22.6,500,639.025597
-23.5,500,639.150498
-23.4,500,639.275103
-3.6,500,639.409035
-24.9,500,639.534149
-23.0,500,639.658024
-22.8,500,639.782914
-23.3,500,639.907338
-22.8,500,640.031443
-4.3,500,640.156
-1.7,500,640.280084
-23.2,500,640.404988
-23.1,500,640.529386
-37.7,500,640.653921
-23.0,500,640.778316
-3.8,500,640.903184
-22.5,500,641.026946
-22.8,500,641.152019
-22.9,500,641.276436
-22.7,500,641.400789
-23.8,500,641.525337
-22.7,500,641.649653
-22.8,500,641.774899
-24.0,500,641.899397
-22.6,500,642.023734
-22.8,500,642.148065
-22.6,500,642.272562
-22.6,500,642.397194
-22.7,500,642.523667
-22.9,500,642.648392
-23.2,500,642.77295
-23.0,500,642.897333
-23.1,500,643.021919
-24.2,500,643.147109
-22.9,500,643.271289
-5.9,500,643.39572
-74.4,500,643.520498
-22.5,500,643.645396
-22.7,500,643.770273
-22.7,500,643.894234
-24.2,500,644.018495
-24.1,500,644.142604
-24.1,500,644.26696
-23.0,500,644.39117
-22.8,500,644.51615
-22.7,500,644.640623
-22.5,500,644.764691
-23.2,500,644.88916
-23.0,500,645.013608
-22.5,500,645.13858
-23.3,500,645.262882
-22.7,500,645.38717
-22.9,500,645.511909
-23.1,500,645.636677
-23.2,500,645.760855
-22.9,500,645.885615
-22.8,500,646.009699
-23.7,500,646.134245
-23.0,500,646.258854
-23.2,500,646.383002
-23.1,500,646.508134
-22.7,500,646.632322
-22.6,500,646.756241
-26.8,500,646.880259
-22.8,500,647.004614
-22.9,500,647.128653
-22.9,500,647.253363
-22.8,500,647.378096
-23.0,500,647.504424
-38.9,500,647.629535
-22.7,500,647.754167
-23.1,500,647.879383
-23.1,500,648.004124
-24.2,500,648.128758
-23.2,500,648.253097
-64.6,500,648.377625
-23.5,500,648.503276
-22.5,500,648.628155
-25.8,500,648.752679
-22.9,500,648.877006
-23.9,500,649.001742
-22.9,500,649.127297
-23.3,500,649.251889
-23.4,500,649.376296
-27.6,500,649.501101
-23.4,500,649.625294
-22.9,500,649.74978
-22.9,500,649.875635
-24.2,500,650.000207
-23.5,500,650.12453
-22.8,500,650.249411
-22.5,500,650.374259
-22.9,500,650.499603
-24.3,500,650.624287
-23.0,500,650.748742
-23.2,500,650.873158
-29.8,500,650.997589
-23.5,500,651.122034
-22.6,500,651.246779
-23.1,500,651.371026
-23.3,500,651.495528
-22.8,500,651.61968
-23.0,500,651.748207
-22.7,500,651.873995
-23.2,500,651.998511
-22.8,500,652.122644
-22.7,500,652.246791
-22.8,500,652.390724
-22.4,500,652.518613
-33.1,500,652.643964
-23.4,500,652.768715
-23.1,500,652.893116
-23.2,500,653.017387
-22.7,500,653.142699
-22.7,500,653.266866
-23.5,500,653.390994
-22.8,500,653.514969
-22.9,500,653.639108
-22.8,500,653.763128
-25.6,500,653.888096
-23.0,500,654.011687
-22.9,500,654.135601
-23.2,500,654.259572
-23.2,500,654.383808
-22.8,500,654.508557
-22.9,500,654.632277
-22.5,500,654.755945
-23.6,500,654.880268
-22.7,500,655.003978
-22.8,500,655.12788
-24.1,500,655.252714
-23.9,500,655.376733
-21.8,500,655.500973
-23.8,500,655.624953
-23.6,500,655.749007
-22.7,500,655.872976
-26.8,500,655.997546
-21.8,500,656.122253
-22.9,500,656.24676
-4.4,500,656.371001
-23.2,500,656.495601
-23.3,500,656.620593
-24.1,500,656.745121
-23.7,500,656.869643
-23.2,500,656.993069
-23.4,500,657.11736
-23.3,500,657.241697
-27.0,500,657.367268
-23.2,500,657.493401
-22.9,500,657.618173
-22.5,500,657.74285
-22.7,500,657.867445
-22.6,500,657.992609
-23.1,500,658.116804
-22.6,500,658.242046
-22.9,500,658.367355
-23.2,500,658.491987
-22.7,500,658.617438
-22.6,500,658.748066
-22.8,500,658.875914
-31.7,500,659.00065
-24.4,500,659.125287
-35.1,500,659.249975
-22.7,500,659.374506
-22.5,500,659.498847
-23.1,500,659.623414
-22.8,500,659.747696
-22.8,500,659.87222
-23.4,500,659.997128
-59.5,500,660.122179
-48.7,500,660.246614
-47.8,500,660.371386
-47.8,500,660.495897
-47.8,500,660.62172
-22.7,500,660.746392
-27.9,500,660.871385
-22.8,500,660.996216
-22.9,500,661.121322
-23.2,500,661.246435
-23.3,500,661.371487
-5.7,500,661.496455
-23.6,500,661.620927
-22.7,500,661.745654
-22.8,500,661.870009
-22.5,500,661.995404
-23.3,500,662.119969
-23.0,500,662.24435
-22.8,500,662.368823
-23.4,500,662.49461
-23.7,500,662.620029
-23.3,500,662.7446
-22.5,500,662.869021
-22.5,500,662.993213
-23.2,500,663.117493
-22.7,500,663.241572
-23.2,500,663.366049
-22.8,500,663.489925
-22.7,500,663.61452
-22.8,500,663.738584
-23.8,500,663.862991
-24.4,500,663.988019
-23.1,500,664.112293
-22.6,500,664.236847
-22.9,500,664.361275
-25.0,500,664.485525
-22.9,500,664.610015
-22.7,500,664.734865
-22.7,500,664.859321
-23.8,500,664.983462
-23.0,500,665.107715
-22.7,500,665.231383
-22.7,500,665.356199
-23.3,500,665.480373
-24.0,500,665.604865
-6.8,500,665.72894
-2.2,500,665.852942
-22.8,500,665.977262
-23.6,500,666.101985
-22.6,500,666.225904
-23.0,500,666.349571
-22.5,500,666.473858
-23.0,500,666.598167
-22.7,500,666.722572
-22.9,500,666.847113
-23.2,500,666.971193
-22.9,500,667.09532
-23.0,500,667.219524
-22.5,500,667.343931
-23.1,500,667.470582
-22.7,500,667.595566
-23.1,500,667.72028
-23.1,500,667.84503
-22.6,500,667.96944
-22.7,500,668.093752
-42.5,500,668.219096
-23.7,500,668.343569
-22.7,500,668.467933
-2.1,500,668.592778
-23.7,500,668.717284
-23.5,500,668.842644
-22.7,500,668.967273
-22.7,500,669.092067
-23.0,500,669.216878
-25.9,500,669.341794
-5.2,500,669.467198
-23.0,500,669.591426
-22.8,500,669.718581
-2.6,500,669.843927
-23.0,500,669.968474
-23.5,500,670.092517
-24.2,500,670.217069
-22.7,500,670.341544
-22.9,500,670.465995
-22.6,500,670.590398
-24.2,500,670.71464
-23.1,500,670.839648
-10.8,500,670.964584
-28.3,500,671.089476
-23.3,500,671.213865
-22.5,500,671.337725
-24.7,500,671.461943
-3.2,500,671.588256
-23.9,500,671.712802
-23.4,500,671.837138
-23.7,500,671.961617
-4.8,500,672.085906
-23.0,500,672.210603
-23.3,500,672.335219
-1.7,500,672.460932
-23.4,500,672.586435
-23.0,500,672.711246
-4.1,500,672.836494
-23.6,500,672.960523
-22.6,500,673.084554
-23.8,500,673.209258
-22.7,500,673.340808
-23.2,500,673.473178
-4.2,500,673.597911
-23.2,500,673.722365
-22.3,500,673.846553
-24.1,500,673.970772
-22.8,500,674.094635
-23.2,500,674.219652
-23.3,500,674.344008
-22.8,500,674.468216
-23.8,500,674.593053
-23.1,500,674.717552
-23.7,500,674.843184
-23.5,500,674.967421
-23.2,500,675.091877
-22.6,500,675.216057
-22.8,500,675.339981
-22.6,500,675.464247
-22.9,500,675.589446
-23.6,500,675.713722
-22.8,500,675.837747
-22.9,500,675.961782
-22.8,500,676.086058
-22.6,500,676.210204
-23.5,500,676.335154
-22.7,500,676.459589
-3.9,500,676.584431
-24.1,500,676.709035
-24.3,500,676.833192
-29.5,500,676.958101
-22.7,500,677.082523
-22.9,500,677.206852
-23.1,500,677.331633
-22.5,500,677.45723
-22.6,500,677.582719
-25.6,500,677.707934
-23.4,500,677.832355
-22.6,500,677.956813
-95.9,500,678.082062
-40.9,500,678.206898
-22.7,500,678.332113
-34.0,500,678.457015
-4.8,500,678.581665
-22.8,500,678.708288
-22.9,500,678.840267
-23.3,500,678.965807
-23.0,500,679.090102
-22.8,500,679.214431
-22.8,500,679.338721
-23.1,500,679.462959
-22.8,500,679.587778
-22.8,500,679.711676
-22.9,500,679.836298
-22.7,500,679.96057
-23.3,500,680.084825
-23.2,500,680.20914
-22.5,500,680.334286
-23.5,500,680.458547
-23.2,500,680.58268
-23.6,500,680.707534
-26.3,500,680.831807
-22.6,500,680.95603
-23.7,500,681.081297
-23.2,500,681.20559
-23.3,500,681.329777
-22.7,500,681.453974
-42.2,500,681.578625
-28.4,500,681.704223
-22.8,500,681.829171
-22.6,500,681.953228
-22.7,500,682.077861
-22.5,500,682.202311
-23.4,500,682.328148
-47.8,500,682.453308
-24.0,500,682.579073
-23.2,500,682.70383
-22.7,500,682.828392
-22.7,500,682.952725
-22.7,500,683.077642
-23.3,500,683.202284
-24.7,500,683.326426
-27.6,500,683.45296
-22.7,500,683.589947
-23.3,500,683.735327
-23.5,500,683.870534
-23.0,500,684.013313
-23.0,500,684.15107
-23.0,500,684.287728
-22.9,500,684.414054
-32.1,500,684.539418
-25.2,500,684.665232
-22.6,500,684.790051
-22.7,500,684.91517
-22.5,500,685.039832
-23.4,500,685.164486
-23.1,500,685.288752
-27.1,500,685.4128
-24.4,500,685.541407
-22.8,500,685.682438
-24.4,500,685.809577
-23.2,500,685.934362
-23.2,500,686.059219
-22.9,500,686.184092
-24.9,500,686.308554
-23.2,500,686.433945
-22.8,500,686.558451
-23.3,500,686.682943
-22.5,500,686.807601
-22.9,500,686.931771
-22.9,500,687.057117
-23.4,500,687.181185
-25.7,500,687.305577
-22.7,500,687.430211
-23.5,500,687.556489
-23.1,500,687.681171
-27.1,500,687.806041
-23.2,500,687.930554
-23.1,500,688.054799
-22.7,500,688.179075
-19.6,500,688.303279
-23.0,500,688.427816
-22.8,500,688.553267
-5.8,500,688.678454
-25.7,500,688.803205
-22.9,500,688.92761
-22.8,500,689.051802
-24.0,500,689.176909
-23.0,500,689.301226
-22.7,500,689.425269
-22.6,500,689.549926
-31.1,500,689.674107
-23.8,500,689.798673
-22.8,500,689.923773
-23.0,500,690.047931
-22.9,500,690.172369
-22.7,500,690.296543
-22.8,500,690.420911
-23.1,500,690.545734
-22.7,500,690.670324
-26.5,500,690.794876
-24.6,500,690.919262
-24.4,500,691.043711
-22.7,500,691.168349
-23.7,500,691.293367
-25.8,500,691.417835
-23.4,500,691.542218
-22.7,500,691.66647
-22.6,500,691.791016
-22.8,500,691.915924
-22.6,500,692.040504
-23.7,500,692.164627
-23.6,500,692.28913
-23.2,500,692.413747
-25.3,500,692.540165
-23.5,500,692.66487
-30.5,500,692.789517
-22.8,500,692.913968
-22.6,500,693.038501
-22.6,500,693.16304
-10.6,500,693.288412
-25.7,500,693.41343
-25.2,500,693.53881
-22.6,500,693.66435
-22.8,500,693.797032
-23.9,500,693.922987
-23.2,500,694.047393
-24.1,500,694.171538
-23.1,500,694.295494
-22.9,500,694.419877
-23.2,500,694.544661
-22.9,500,694.668816
-43.2,500,694.792996
-22.9,500,694.917813
-23.2,500,695.042052
-22.8,500,695.166068
-22.5,500,695.290769
-22.8,500,695.41506
-22.7,500,695.539279
-22.7,500,695.663677
-50.9,500,695.787707
-48.4,500,695.912702
-48.2,500,696.037169
-23.4,500,696.162247
-23.1,500,696.28668
-22.8,500,696.41083
-22.5,500,696.535204
-23.0,500,696.660489
-22.6,500,696.784977
-23.2,500,696.9093
-22.7,500,697.033675
-23.4,500,697.158043
-23.0,500,697.282877
-22.9,500,697.407311
-29.9,500,697.532872
-23.4,500,697.657069
-22.7,500,697.781526
-22.8,500,697.906331
-22.7,500,698.030475
-23.4,500,698.154578
-23.1,500,698.278891
-23.3,500,698.402924
-22.8,500,698.528176
-23.1,500,698.653536
-22.6,500,698.777784
-23.0,500,698.901995
-23.3,500,699.026006
-142.0,500,699.152809
-23.2,500,699.286156
-26.7,500,699.411357
-22.9,500,699.536465
-22.7,500,699.660914
-22.6,500,699.785332
-22.8,500,699.909893
-23.4,500,700.035068
-23.9,500,700.159612
-24.3,500,700.284301
-22.9,500,700.40858
-22.6,500,700.532647
-23.3,500,700.657251
-23.8,500,700.781214
-22.8,500,700.905509
-22.9,500,701.029717
-23.4,500,701.154614
-22.9,500,701.279639
-22.6,500,701.404763
-23.4,500,701.529215
-22.8,500,701.653528
-23.3,500,701.778064
-23.1,500,701.90211
-22.6,500,702.026862
-23.0,500,702.151259
-23.3,500,702.27539
-22.5,500,702.399903
-23.0,500,702.52518
-27.8,500,702.649717
-26.0,500,702.774862
-23.0,500,702.899095
-5.3,500,703.023604
-34.4,500,703.147731
-23.5,500,703.271963
-22.7,500,703.397026
-22.5,500,703.521827
-22.6,500,703.646686
-23.5,500,703.770826
-22.6,500,703.895326
-22.7,500,704.019758
-23.3,500,704.144809
-23.9,500,704.268887
-22.5,500,704.393198
-23.5,500,704.517401
-22.8,500,704.642156
-22.9,500,704.766792
-23.6,500,704.891509
-24.0,500,705.015617
-26.6,500,705.139736
-23.3,500,705.263906
-22.5,500,705.392688
-22.7,500,705.519668
-22.6,500,705.645949
-22.5,500,705.771623
-23.3,500,705.89716
-22.6,500,706.021941
-23.7,500,706.147977
-23.3,500,706.27258
-22.5,500,706.397266
-22.8,500,706.522049
-22.7,500,706.646809
-23.1,500,706.772401
-20.3,500,706.89732
-25.2,500,707.022484
-22.8,500,707.147216
-22.8,500,707.271921
-23.5,500,707.397751
-23.2,500,707.525187
-23.6,500,707.650743
-26.4,500,707.776069
-22.8,500,707.900689
-23.2,500,708.025497
-22.9,500,708.150715
-22.9,500,708.275355
-25.2,500,708.399715
-22.5,500,708.524213
-2.9,500,708.649693
-59.0,500,708.774719
-24.1,500,708.899302
-22.5,500,709.023827
-22.8,500,709.148265
-23.2,500,709.273039
-23.6,500,709.399342
-5.0,500,709.525421
-59.8,500,709.65128
-23.0,500,709.776815
-30.2,500,709.902404
-23.3,500,710.027811
-23.5,500,710.153409
-22.5,500,710.278347
-22.7,500,710.402907
-22.7,500,710.527614
-8.6,500,710.652772
-22.7,500,710.778324
-22.7,500,710.90322
-23.1,500,711.028138
-22.9,500,711.153502
-22.6,500,711.278201
-23.5,500,711.403677
-23.5,500,711.527642
-23.2,500,711.651665
-26.9,500,711.775923
-22.7,500,711.900635
-23.0,500,712.025351
-23.1,500,712.150514
-10.8,500,712.27493
-23.1,500,712.400306
-23.0,500,712.527838
-4.4,500,712.654326
-23.2,500,712.78044
-3.2,500,712.905888
-24.1,500,713.031503
-22.9,500,713.156565
-22.5,500,713.281548
-23.6,500,713.40823
-23.3,500,713.534034
-25.3,500,713.659545
-22.7,500,713.78406
-23.4,500,713.908968
-22.8,500,714.042856
-22.6,500,714.189042
-23.4,500,714.321894
-23.4,500,714.447855
-23.1,500,714.575889
-22.8,500,714.701734
-22.5,500,714.828175
-2.9,500,714.99792
-25.5,500,715.128935
-23.0,500,715.258505
-22.9,500,715.384267
-22.6,500,715.510286
-23.2,500,715.637135
-23.1,500,715.764705
-25.6,500,715.889721
-23.4,500,716.015134
-22.5,500,716.139643
-22.6,500,716.267142
-23.6,500,716.3927
-22.8,500,716.518925
-22.6,500,716.644565
-23.1,500,716.770294
-22.9,500,716.896101
-22.7,500,717.020574
-23.5,500,717.145789
-23.7,500,717.270666
-24.7,500,717.395453
-22.8,500,717.525101
-23.4,500,717.651391
-42.7,500,717.778791
-4.2,500,717.90489
-29.1,500,718.031054
-23.8,500,718.157056
-22.6,500,718.282255
-22.5,500,718.407272
-22.5,500,718.532621
-23.4,500,718.657542
-23.1,500,718.793008
-22.7,500,718.91895
-22.7,500,719.043905
-23.1,500,719.170531
-22.6,500,719.29535
-24.5,500,719.420994
-24.0,500,719.546004
-22.6,500,719.670662
-22.6,500,719.795026
-22.6,500,719.919674
-23.0,500,720.045427
-23.0,500,720.170284
-23.0,500,720.29477
-23.8,500,720.419546
-22.5,500,720.565482
-23.0,500,720.69127
-22.6,500,720.816432
-22.7,500,720.940754
-22.8,500,721.065575
-31.2,500,721.190191
-23.3,500,721.315662
-23.0,500,721.440069
-23.5,500,721.564771
-26.4,500,721.689964
-22.9,500,721.816194
-22.5,500,721.941971
-22.9,500,722.066443
-23.7,500,722.191279
-22.7,500,722.315696
-23.4,500,722.44058
-23.1,500,722.567897
-23.8,500,722.692605
-23.2,500,722.816902
-22.9,500,722.941427
-23.2,500,723.066086
-22.7,500,723.190448
-26.5,500,723.315597
-23.3,500,723.43991
-22.5,500,723.564216
-22.8,500,723.688949
-22.5,500,723.813564
-22.8,500,723.938271
-23.6,500,724.063023
-24.4,500,724.188174
-23.5,500,724.312569
-22.8,500,724.436947
-23.2,500,724.561591
-22.9,500,724.686814
-22.8,500,724.811068
-22.7,500,724.93512
-22.8,500,725.059804
-22.7,500,725.184232
-22.6,500,725.309139
-22.8,500,725.43328
-23.8,500,725.557229
-22.9,500,725.681519
-23.6,500,725.805668
-22.8,500,725.930007
-23.0,500,726.054995
-22.5,500,726.179388
-22.9,500,726.304248
-25.6,500,726.428247
-22.9,500,726.552677
-23.0,500,726.677017
-22.7,500,726.800886
-23.0,500,726.924893
-23.0,500,727.04921
-23.7,500,727.17345
-22.7,500,727.298164
-22.8,500,727.422354
-23.2,500,727.548453
-29.6,500,727.672991
-22.9,500,727.797633
-23.1,500,727.922239
-22.9,500,728.047153
-23.3,500,728.171953
-23.4,500,728.296393
-24.3,500,728.420244
-23.7,500,728.544498
-23.4,500,728.669503
-22.9,500,728.794577
-23.0,500,728.919339
-22.5,500,729.043742
-22.5,500,729.168176
-23.0,500,729.292693
-22.8,500,729.417514
-22.8,500,729.542088
-22.7,500,729.666226
-22.8,500,729.790306
-23.1,500,729.914602
-22.9,500,730.039766
-23.1,500,730.164312
-22.7,500,730.288721
-22.5,500,730.412867
-23.7,500,730.537019
-23.8,500,730.661477
-22.6,500,730.786364
-22.7,500,730.910964
-23.5,500,731.035497
-23.2,500,731.15996
-25.2,500,731.284432
-24.3,500,731.409418
-23.2,500,731.533687
-22.8,500,731.658261
-22.7,500,731.782523
-23.2,500,731.907052
-22.9,500,732.032384
-23.2,500,732.156729
-22.8,500,732.281456
-22.6,500,732.405704
-23.1,500,732.533598
-23.5,500,732.659524
-22.7,500,732.78569
-22.9,500,732.91117
-22.6,500,733.036381
-23.0,500,733.16152
-22.9,500,733.286509
-22.8,500,733.412184
-23.5,500,733.537252
-23.4,500,733.662334
-23.7,500,733.787384
-23.1,500,733.912007
-22.9,500,734.037156
-22.8,500,734.1619
-23.3,500,734.319538
-22.9,500,734.444604
-23.7,500,734.569621
-22.8,500,734.693911
-22.7,500,734.817962
-24.0,500,734.941892
-27.1,500,735.066524
-22.6,500,735.190762
-22.6,500,735.315638
-23.0,500,735.439563
-22.9,500,735.564021
-22.8,500,735.688128
-22.9,500,735.812204
-22.8,500,735.936247
-27.0,500,736.061223
-23.2,500,736.186
-22.7,500,736.31085
-23.1,500,736.435367
-23.4,500,736.560453
-22.8,500,736.686454
-22.7,500,736.811663
-22.6,500,736.93652
-22.6,500,737.061083
-23.2,500,737.18566
-29.5,500,737.311543
-23.0,500,737.436138
-24.1,500,737.564318
-22.6,500,737.689959
-21.9,500,737.815162
-22.8,500,737.940584
-22.8,500,738.065668
-24.1,500,738.190543
-22.7,500,738.315518
-84.8,500,738.440185
-23.0,500,738.565082
-22.8,500,738.690668
-23.1,500,738.815776
-22.8,500,738.940295
-22.9,500,739.065064
-22.5,500,739.200722
-22.9,500,739.326558
-22.9,500,739.451163
-22.9,500,739.575791
-60.6,500,739.70017
-51.1,500,739.825334
-49.5,500,739.950471
-51.8,500,740.075861
-21.9,500,740.200248
-25.2,500,740.324974
-25.4,500,740.449504
-22.5,500,740.57455
-26.2,500,740.699167
-22.5,500,740.823552
-22.9,500,740.947984
-22.5,500,741.07269
-2.9,500,741.196678
-6.4,500,741.322032
-22.9,500,741.446306
-23.9,500,741.571162
-22.5,500,741.695518
-23.2,500,741.821806
-22.6,500,741.948206
-23.2,500,742.073726
-24.2,500,742.199066
-22.9,500,742.323587
-23.4,500,742.447952
-22.8,500,742.590649
-22.9,500,742.742663
-22.7,500,742.884079
-22.6,500,743.031769
-22.7,500,743.176596
-22.7,500,743.318921
-29.3,500,743.454933
-22.5,500,743.592309
-22.6,500,743.720742
-22.7,500,743.863429
-22.7,500,743.997534
-22.8,500,744.125915
-23.1,500,744.294359
-29.7,500,744.430916
-3.7,500,744.580879
-22.9,500,744.711657
-23.7,500,744.843587
-23.1,500,744.97371
-23.3,500,745.109654
-22.7,500,745.243912
-23.4,500,745.375131
-22.8,500,745.502646
-23.1,500,745.629163
-22.5,500,745.754927
-22.7,500,745.880036
-22.6,500,746.004844
-23.4,500,746.129898
-22.7,500,746.254503
-22.9,500,746.380147
-23.2,500,746.50626
-22.8,500,746.631289
-30.8,500,746.755999
-22.7,500,746.880855
-22.7,500,747.005516
-23.2,500,747.130581
-23.3,500,747.255728
-22.9,500,747.380809
-22.8,500,747.50741
-24.8,500,747.644154
-32.6,500,747.775284
-23.7,500,747.910419
-22.7,500,748.045842
-22.7,500,748.177937
-23.6,500,748.308036
-67.7,500,748.433977
-22.6,500,748.561661
-22.8,500,748.688309
-6.3,500,748.813367
-23.2,500,748.938616
-2.8,500,749.063331
-23.5,500,749.190097
-23.2,500,749.315894
-22.8,500,749.440288
-22.6,500,749.565156
-22.7,500,749.689714
-24.5,500,749.814548
-22.8,500,749.939814
-22.8,500,750.065162
-22.6,500,750.189465
-22.5,500,750.314236
-22.5,500,750.439143
-22.6,500,750.564221
-84.2,500,750.689861
-25.5,500,750.814792
-22.5,500,750.940007
-22.7,500,751.065496
-23.0,500,751.190437
-23.2,500,751.315644
-23.0,500,751.441215
-22.5,500,751.566253
-22.8,500,751.691928
-23.1,500,751.822035
-24.4,500,751.97771
-22.9,500,752.109026
-22.8,500,752.235517
-23.3,500,752.361655
-22.6,500,752.487928
-23.0,500,752.614424
-23.5,500,752.749997
-23.3,500,752.881815
-23.4,500,753.008275
-41.9,500,753.133244
-23.9,500,753.258655
-22.9,500,753.383902
-23.4,500,753.509165
-22.7,500,753.634606
-22.7,500,753.758759
-22.5,500,753.88266
-22.6,500,754.006916
-22.7,500,754.131066
-23.0,500,754.256113
-23.0,500,754.380197
-23.4,500,754.504106
-22.8,500,754.628041
-23.0,500,754.752209
-22.6,500,754.876467
-23.5,500,755.00136
-25.0,500,755.125707
-22.5,500,755.250191
-22.7,500,755.374489
-22.6,500,755.499473
-22.9,500,755.624532
-4.2,500,755.749197
-25.6,500,755.873329
-22.5,500,755.997225
-23.6,500,756.12117
-22.9,500,756.245678
-22.5,500,756.370423
-22.7,500,756.494861
-14.7,500,756.618981
-22.6,500,756.743952
-6.6,500,756.868524
-25.3,500,756.993671
-23.6,500,757.118037
-22.5,500,757.242771
-23.0,500,757.367011
-22.8,500,757.491722
-24.2,500,757.618689
-23.5,500,757.743933
-8.0,500,757.868803
-22.9,500,757.993573
-22.7,500,758.118152
-23.5,500,758.24245
-22.7,500,758.367374
-22.7,500,758.491764
-23.3,500,758.616264
-23.5,500,758.740695
-22.7,500,758.865115
-23.1,500,758.990249
-22.8,500,759.114496
-23.7,500,759.239051
-22.5,500,759.363557
-23.5,500,759.487842
-23.3,500,759.61208
-23.2,500,759.737127
-23.3,500,759.863203
-38.2,500,759.995021
-26.0,500,760.119414
-27.0,500,760.243772
-23.5,500,760.36881
-23.1,500,760.493396
-23.1,500,760.617658
-23.0,500,760.742197
-22.7,500,760.866173
-23.0,500,760.990865
-22.9,500,761.115092
-23.2,500,761.239197
-23.1,500,761.363439
-25.3,500,761.487869
-28.6,500,761.612264
-23.3,500,761.740833
-23.4,500,761.866013
-4.8,500,761.990506
-27.8,500,762.1147
-22.7,500,762.239346
-22.9,500,762.364852
-22.5,500,762.489555
-22.5,500,762.615893
-22.7,500,762.740731
-22.8,500,762.865109
-22.6,500,762.991605
-22.9,500,763.116403
-22.9,500,763.241043
-23.6,500,763.365258
-22.7,500,763.489465
-24.4,500,763.616352
-22.8,500,763.783032
-23.2,500,763.909057
-30.2,500,764.034322
-22.8,500,764.1594
-25.3,500,764.284062
-22.6,500,764.409532
-23.0,500,764.534867
-23.6,500,764.660454
-22.6,500,764.78593
-26.8,500,764.910712
-22.6,500,765.036122
-7.9,500,765.162068
-22.8,500,765.286759
-23.0,500,765.413709
-22.8,500,765.539177
-23.2,500,765.665211
-23.3,500,765.790832
-22.9,500,765.915751
-22.7,500,766.040821
-23.0,500,766.166893
-23.4,500,766.296834
-23.0,500,766.455398
-22.6,500,766.629046
-23.6,500,766.760446
-23.2,500,766.899824
-41.6,500,767.039047
-23.4,500,767.165228
-23.8,500,767.29071
-25.9,500,767.417393
-22.9,500,767.544913
-24.3,500,767.670956
-22.9,500,767.796523
-23.1,500,767.921794
-22.6,500,768.047508
-22.8,500,768.172878
-22.9,500,768.297935
-28.1,500,768.422735
-22.7,500,768.547561
-23.2,500,768.672806
-22.9,500,768.797394
-23.0,500,768.921815
-24.1,500,769.046221
-22.7,500,769.170768
-29.2,500,769.295924
-25.9,500,769.420804
-23.8,500,769.54923
-23.4,500,769.67481
-42.1,500,769.799853
-23.1,500,769.924842
-23.1,500,770.050095
-23.5,500,770.175149
-24.8,500,770.300142
-22.9,500,770.424667
-23.3,500,770.549303
-3.6,500,770.675079
-23.2,500,770.799812
-22.8,500,770.924424
-22.6,500,771.048686
-22.6,500,771.172831
-22.9,500,771.297392
-23.0,500,771.421591
-22.6,500,771.545974
-22.9,500,771.670503
-22.7,500,771.794669
-23.4,500,771.919316
-22.6,500,772.044346
-23.3,500,772.168444
-27.1,500,772.292802
-23.8,500,772.41676
-22.9,500,772.542278
-22.7,500,772.666931
-22.6,500,772.79728
-23.2,500,772.922335
-32.6,500,773.047253
-22.5,500,773.171894
-22.6,500,773.296569
-23.4,500,773.427304
-23.0,500,773.552026
-22.8,500,773.67688
-22.5,500,773.801488
-22.8,500,773.926026
-22.8,500,774.052723
-23.6,500,774.177579
-4.4,500,774.302252
-23.7,500,774.42692
-23.3,500,774.553945
-22.5,500,774.67954
-22.7,500,774.836931
-22.7,500,774.96594
-22.6,500,775.091974
-22.7,500,775.216074
-23.1,500,775.340596
-23.0,500,775.464992
-22.8,500,775.590116
-22.8,500,775.714934
-22.8,500,775.840254
-23.0,500,775.965174
-23.4,500,776.089819
-22.6,500,776.214148
-22.9,500,776.338696
-22.5,500,776.464106
-22.8,500,776.588484
-23.1,500,776.71295
-24.1,500,776.837388
-22.8,500,776.962322
-22.8,500,777.088005
-23.0,500,777.212868
-22.6,500,777.337544
-23.1,500,777.462168
-22.7,500,777.588874
-26.5,500,777.714568
-22.7,500,777.839932
-22.5,500,777.964948
-23.7,500,778.089608
-22.9,500,778.21437
-23.1,500,778.338747
-22.6,500,778.463571
-23.3,500,778.588032
-22.9,500,778.712014
-23.4,500,778.836102
-22.8,500,778.959975
-22.8,500,779.084099
-23.2,500,779.208477
-28.2,500,779.332948
-22.9,500,779.457586
-13.7,500,779.582277
-34.0,500,779.706481
-23.0,500,779.831473
-22.7,500,779.955776
-22.9,500,780.080295
-23.0,500,780.204475
-22.8,500,780.33747
-28.8,500,780.463854
-22.7,500,780.588344
-22.6,500,780.713719
-6.6,500,780.839192
-22.8,500,780.964377
-22.7,500,781.089393
-23.0,500,781.213884
-23.3,500,781.338384
-23.0,500,781.462519
-22.6,500,781.587058
-23.5,500,781.712237
-23.3,500,781.836651
-22.5,500,781.961258
-22.6,500,782.085541
-22.6,500,782.209784
-23.7,500,782.333969
-24.0,500,782.458365
-30.5,500,782.585004
-23.4,500,782.71032
-22.8,500,782.834959
-22.6,500,782.987845
-22.6,500,783.115961
-22.7,500,783.240788
-34.1,500,783.365349
-23.2,500,783.489476
-22.6,500,783.638767
-22.8,500,783.766655
-22.7,500,783.891748
-23.7,500,784.016224
-22.5,500,784.141576
-7.8,500,784.266551
-25.8,500,784.390947
-22.6,500,784.516032
-22.7,500,784.640454
-22.7,500,784.765105
-22.5,500,784.890267
-22.7,500,785.014511
-23.5,500,785.139233
-24.8,500,785.264047
-22.8,500,785.388567
-22.8,500,785.513888
-22.5,500,785.638275
-22.8,500,785.763259
-22.7,500,785.888132
-22.7,500,786.012445
-23.3,500,786.13692
-23.3,500,786.262088
-23.0,500,786.386681
-31.9,500,786.511637
-22.6,500,786.636273
-22.5,500,786.760986
-22.6,500,786.886169
-12.8,500,787.011929
-31.6,500,787.136397
-22.5,500,787.260658
-23.2,500,787.38509
-23.5,500,787.510258
-22.9,500,787.638695
-22.9,500,787.764082
-23.7,500,787.888972
-23.6,500,788.013745
-23.8,500,788.138464
-23.9,500,788.264293
-22.9,500,788.388702
-23.1,500,788.512958
-23.2,500,788.637708
-23.4,500,788.76186
-22.6,500,788.886719
-24.1,500,789.011039
-22.8,500,789.135027
-22.5,500,789.259103
-22.6,500,789.383216
-23.1,500,789.508122
-21.8,500,789.63335
-22.6,500,789.75754
-22.8,500,789.882136
-22.5,500,790.006411
-23.0,500,790.130637
-22.7,500,790.255867
-23.5,500,790.379964
-23.3,500,790.504301
-23.2,500,790.62832
-23.2,500,790.752352
-22.7,500,790.876426
-22.8,500,791.001223
-23.3,500,791.125959
-23.0,500,791.250146
-22.9,500,791.37437
-22.7,500,791.498586
-22.6,500,791.623795
-22.8,500,791.748026
-22.7,500,791.872357
-23.7,500,791.996931
-23.9,500,792.121418
-22.6,500,792.246131
-22.9,500,792.370399
-23.7,500,792.495183
-5.5,500,792.621915
-22.9,500,792.747641
-22.5,500,792.872329
-31.9,500,792.997683
-23.0,500,793.122456
-22.9,500,793.247597
-25.7,500,793.372343
-11.3,500,793.496861
-22.7,500,793.622158
-4.0,500,793.746401
-6.7,500,793.87099
-2.8,500,793.995724
-24.8,500,794.120036
-23.3,500,794.244601
-23.4,500,794.36979
-5.5,500,794.494881
-23.1,500,794.62024
-4.6,500,794.745316
-24.4,500,794.870122
-4.3,500,794.995559
-23.5,500,795.120375
-23.0,500,795.245139
-23.1,500,795.369957
-5.2,500,795.495118
-50.1,500,795.620608
-48.9,500,795.745696
-25.1,500,795.870333
-3.0,500,795.995408
-23.4,500,796.12043
-23.5,500,796.245705
-2.8,500,796.370869
-1.8,500,796.49565
-23.3,500,796.620081
22.0,500,796.7449
-24.2,500,796.869491
-22.8,500,796.995273
-24.4,500,797.119595
-23.2,500,797.243953
-23.9,500,797.368346
-22.6,500,797.493107
-22.8,500,797.619903
-22.6,500,797.744685
-9.0,500,797.869645
-4.1,500,797.994682
-22.7,500,798.119382
-23.0,500,798.244387
-24.3,500,798.369411
-24.2,500,798.49391
-23.8,500,798.618594
-22.6,500,798.74318
-3.7,500,798.86752
-24.2,500,798.992136
-22.5,500,799.116738
-23.5,500,799.240969
-23.6,500,799.365672
-22.6,500,799.490819
-22.9,500,799.616073
-23.3,500,799.740462
-22.8,500,799.865194
-23.1,500,799.989747
-23.2,500,800.123057
-22.6,500,800.249338
-22.7,500,800.374053
-23.1,500,800.498632
-23.0,500,800.623199
-23.5,500,800.747459
-9.5,500,800.871957
-23.2,500,800.996773
-22.9,500,801.121076
-24.1,500,801.245689
-22.9,500,801.370017
-23.3,500,801.494397
-22.7,500,801.619281
-23.4,500,801.743821
-22.6,500,801.868287
-22.9,500,801.992856
-22.9,500,802.117241
-5.4,500,802.241887
-23.2,500,802.366445
-22.5,500,802.490424
-23.0,500,802.616853
-23.7,500,802.742575
-30.7,500,802.868252
-49.3,500,802.994753
-49.0,500,803.12078
-48.1,500,803.246607
-10.3,500,803.372289
-47.0,500,803.498435
-6.8,500,803.623754
-23.5,500,803.748545
-2.6,500,803.873219
-24.1,500,803.997641
-23.7,500,804.122104
-23.7,500,804.247171
-23.4,500,804.371344
-24.1,500,804.496272
-23.7,500,804.620702
-22.9,500,804.745186
-24.0,500,804.869553
-23.2,500,804.994435
-23.4,500,805.119093
-23.3,500,805.244306
-23.0,500,805.369074
-24.0,500,805.494109
-22.7,500,805.619481
-4.2,500,805.744574
-48.8,500,805.869726
-22.8,500,805.995079
-23.0,500,806.119946
-23.4,500,806.244876
-22.5,500,806.36984
-23.1,500,806.494701
-22.7,500,806.619163
-23.2,500,806.74369
-22.9,500,806.868145
-5.0,500,806.993145
-23.7,500,807.121321
-23.2,500,807.245903
-23.4,500,807.3702
-23.0,500,807.494872
-23.3,500,807.645909
-24.0,500,807.783924
-8.6,500,807.924822
-24.0,500,808.066959
-22.7,500,808.207548
-23.6,500,808.33518
-23.2,500,808.461424
-2.7,500,808.58704
-23.0,500,808.712013
-23.4,500,808.83717
-5.4,500,808.962195
-22.7,500,809.087122
-22.5,500,809.211984
-22.5,500,809.33603
-23.1,500,809.46009
-23.8,500,809.590903
-2.8,500,809.73062
-23.4,500,809.857065
-23.4,500,809.982096
-23.4,500,810.106943
-10.3,500,810.232389
-22.8,500,810.357406
-23.7,500,810.482979
-23.0,500,810.607721
-1.7,500,810.732503
-25.6,500,810.857511
-27.9,500,810.982216
-23.7,500,811.107307
-23.2,500,811.231621
-23.4,500,811.355988
-23.4,500,811.480315
-2.0,500,811.604962
-23.0,500,811.729789
-22.8,500,811.854086
-23.9,500,811.978929
-22.7,500,812.103837
-23.3,500,812.22806
-2.1,500,812.352579
-24.8,500,812.477297
-23.2,500,812.603295
-23.3,500,812.727845
-22.9,500,812.852341
-23.9,500,812.976517
-2.0,500,813.101596
-23.1,500,813.225817
-1.8,500,813.350573
-22.8,500,813.474658
-22.7,500,813.598893
-22.7,500,813.723035
-23.1,500,813.847819
-22.6,500,813.972199
-46.1,500,814.096382
-46.1,500,814.220491
-1.6,500,814.345136
-45.6,500,814.468991
-22.5,500,814.594473
-22.9,500,814.719152
-45.4,500,814.843521
-23.0,500,814.968242
-23.3,500,815.092435
-23.0,500,815.217276
-22.8,500,815.341647
-2.5,500,815.466241
-45.2,500,815.590781
-53.7,500,815.715262
-23.0,500,815.840947
-1.8,500,815.965384
-23.7,500,816.089674
-45.9,500,816.21424
-23.4,500,816.338373
-3.8,500,816.462827
-23.7,500,816.587648
-2.0,500,816.712258
-23.2,500,816.836363
-22.6,500,816.960479
-45.8,500,817.084979
-22.8,500,817.210028
-1.3,500,817.334482
-45.9,500,817.45863
-23.0,500,817.584393
-23.2,500,817.709172
-22.8,500,817.834679
-23.1,500,817.959385
-23.4,500,818.084084
-25.3,500,818.208698
-22.7,500,818.333244
-22.5,500,818.458067
-22.8,500,818.583237
-4.2,500,818.70804
-22.9,500,818.833145
-23.2,500,818.957985
-23.5,500,819.082959
-33.6,500,819.238801
-22.9,500,819.365483
-23.3,500,819.490874
-22.7,500,819.616021
-23.5,500,819.741372
-23.6,500,819.865616
-26.7,500,819.989783
-1.9,500,820.114531
-3.5,500,820.239252
-23.2,500,820.36456
-25.5,500,820.515226
-22.8,500,820.640948
-22.8,500,820.765288
-2.4,500,820.89354
-22.6,500,821.025935
-23.6,500,821.150605
-30.0,500,821.275138
-23.1,500,821.399437
-22.6,500,821.524474
-22.5,500,821.649289
-23.1,500,821.773484
-23.3,500,821.897415
-3.7,500,822.022112
-23.3,500,822.147014
-22.8,500,822.271277
-2.8,500,822.395801
-28.6,500,822.520217
-23.5,500,822.646921
-23.5,500,822.771603
-22.9,500,822.896997
-22.8,500,823.021328
-24.7,500,823.145776
-22.9,500,823.270665
-22.6,500,823.39515
-22.9,500,823.519918
-24.2,500,823.643791
-2.3,500,823.767921
-4.1,500,823.892077
-24.1,500,824.016189
-24.6,500,824.140968
-22.9,500,824.265194
-23.2,500,824.389742
-23.1,500,824.514485
-23.5,500,824.63893
-22.8,500,824.762678
-22.8,500,824.887882
-5.1,500,825.012801
-27.9,500,825.137047
-23.1,500,825.261356
-24.3,500,825.38548
-22.9,500,825.510099
-24.5,500,825.634273
-4.6,500,825.758562
-24.4,500,825.882908
-2.7,500,826.007044
-23.0,500,826.131381
-2.7,500,826.25592
-23.0,500,826.380264
-22.6,500,826.504316
-22.5,500,826.628887
-23.0,500,826.752864
-2.9,500,826.876987
-22.6,500,827.001757
-22.5,500,827.126621
-23.0,500,827.250805
-1.7,500,827.375411
-2.9,500,827.499798
-23.9,500,827.6262
21.4,500,827.751126
-2.1,500,827.875895
-2.0,500,828.000353
-23.6,500,828.124558
-23.0,500,828.248993
-22.7,500,828.373341
-22.7,500,828.497421
-22.7,500,828.621676
-23.1,500,828.745631
-23.3,500,828.869341
-2.5,500,828.994246
-23.8,500,829.11789
-22.6,500,829.241884
-2.5,500,829.365922
-25.4,500,829.490182
-23.3,500,829.614747
-23.1,500,829.739165
-23.2,500,829.863179
-23.4,500,829.9879
-23.2,500,830.112391
-22.7,500,830.236455
-22.8,500,830.361104
-23.1,500,830.485062
-22.5,500,830.609257
-23.3,500,830.733293
-23.1,500,830.857458
-23.3,500,830.981411
-22.7,500,831.105934
-22.7,500,831.229809
-22.7,500,831.353567
-22.7,500,831.477365
-24.2,500,831.601391
-22.8,500,831.72583
-23.2,500,831.850003
-23.0,500,831.973839
-22.6,500,832.098519
-23.5,500,832.222848
-25.7,500,832.346453
-25.2,500,832.471391
-3.3,500,832.597629
-23.2,500,832.722567
-23.1,500,832.847111
-23.1,500,832.971406
-23.2,500,833.09594
-24.2,500,833.220108
-25.7,500,833.344967
-6.4,500,833.469234
-23.3,500,833.593712
-22.5,500,833.718461
-23.3,500,833.843486
-22.8,500,833.96804
-3.3,500,834.092767
-22.8,500,834.217066
-23.6,500,834.341341
-23.6,500,834.466195
-5.2,500,834.59126
-24.0,500,834.715419
-22.8,500,834.839808
-22.7,500,834.964084
-2.5,500,835.089448
-24.9,500,835.214045
-23.2,500,835.338474
-22.6,500,835.462901
-22.7,500,835.587347
-23.0,500,835.711865
-23.1,500,835.837396
-24.2,500,835.961607
-26.0,500,836.085917
-23.6,500,836.210402
-22.7,500,836.334914
-23.0,500,836.459466
-22.7,500,836.584733
-23.0,500,836.709248
-23.2,500,836.833437
-22.9,500,836.957631
-23.9,500,837.082177
-23.4,500,837.207158
-22.9,500,837.331824
-23.0,500,837.456592
-10.1,500,837.582765
-23.1,500,837.707567
-23.0,500,837.831621
-23.0,500,837.956919
-23.4,500,838.081372
-23.6,500,838.205966
-22.8,500,838.33092
-22.9,500,838.454732
-23.0,500,838.579623
-22.5,500,838.703844
-2.8,500,838.828535
-22.5,500,838.952816
-22.5,500,839.07721
-23.0,500,839.201565
-24.6,500,839.326648
-23.0,500,839.45104
-39.2,500,839.57626
-22.8,500,839.701761
-22.7,500,839.859315
-22.8,500,839.984655
-24.4,500,840.108767
-23.7,500,840.232601
-24.0,500,840.356454
-22.9,500,840.481426
-37.3,500,840.605242
-22.8,500,840.729277
-23.1,500,840.856181
-22.8,500,840.988495
-22.7,500,841.113374
-23.3,500,841.237582
-22.8,500,841.36196
-23.5,500,841.486428
-144.4,500,841.611005
-56.9,500,841.736083
-24.3,500,841.859632
-2.2,500,841.98399
-22.5,500,842.1081
-23.7,500,842.23243
-2.0,500,842.357027
-25.5,500,842.482174
-22.7,500,842.608072
-23.1,500,842.732804
-23.5,500,842.857003
-23.3,500,842.981095
-22.8,500,843.105918
-22.6,500,843.229939
-23.0,500,843.35432
-23.0,500,843.478206
-22.7,500,843.602621
-22.9,500,843.726586
-23.3,500,843.851345
-22.6,500,843.975297
-23.2,500,844.099479
-22.9,500,844.223942
-23.7,500,844.348134
-4.5,500,844.472705
-4.1,500,844.598349
-2.8,500,844.72278
-23.3,500,844.846724
-22.7,500,844.970777
-2.2,500,845.095151
-23.1,500,845.220004
-22.7,500,845.344646
-23.2,500,845.468779
-23.1,500,845.592829
-23.8,500,845.717137
-23.2,500,845.841711
-22.5,500,845.967011
-22.8,500,846.091405
-22.7,500,846.215607
-23.1,500,846.339423
-22.8,500,846.463443
-23.0,500,846.588902
-22.8,500,846.713421
-14.0,500,846.837883
-29.8,500,846.962475
-23.9,500,847.087343
-23.1,500,847.212318
-22.8,500,847.336468
-22.7,500,847.460721
-22.9,500,847.586376
-22.8,500,847.711121
-22.7,500,847.83569
-22.7,500,847.960627
-26.9,500,848.085188
-23.3,500,848.209537
-22.6,500,848.334342
-23.6,500,848.459236
-23.4,500,848.584535
-23.0,500,848.709015
-23.0,500,848.833186
-22.5,500,848.957813
-22.6,500,849.082065
-27.5,500,849.206192
-23.9,500,849.331146
-24.1,500,849.455205
-23.1,500,849.580572
-24.2,500,849.705003
-22.5,500,849.829695
-22.8,500,849.954371
-23.2,500,850.078208
-23.8,500,850.202127
-8.1,500,850.326484
-22.7,500,850.450678
-22.8,500,850.574389
-22.8,500,850.69939
-23.1,500,850.823409
-22.9,500,850.947405
-23.9,500,851.070742
-23.6,500,851.194396
-24.8,500,851.318
-2.1,500,851.441962
-22.9,500,851.564903
-22.9,500,851.688853
-23.1,500,851.811965
-22.6,500,851.93522
-22.8,500,852.059453
-25.1,500,852.183032
-23.3,500,852.30655
-22.6,500,852.430087
-23.5,500,852.554398
-23.0,500,852.679003
-23.2,500,852.803528
-23.6,500,852.927103
-22.8,500,853.050685
-22.5,500,853.173974
-22.5,500,853.297847
-23.1,500,853.421606
-22.9,500,853.547051
-23.1,500,853.672716
-22.6,500,853.796336
-23.5,500,853.920197
-22.9,500,854.04445
-37.6,500,854.169451
-22.8,500,854.293959
-23.1,500,854.418449
-22.7,500,854.543278
-22.6,500,854.666932
-23.1,500,854.79077
-64.3,500,854.915157
-25.7,500,855.03866
-22.8,500,855.162291
-22.9,500,855.286218
-22.6,500,855.410527
-23.6,500,855.534177
-22.8,500,855.659044
-22.6,500,855.7837
-23.2,500,855.907889
-23.3,500,856.031816
-63.2,500,856.156083
-23.7,500,856.281291
-24.7,500,856.405641
-23.8,500,856.530346
-22.8,500,856.654819
-22.5,500,856.779438
-22.7,500,856.903883
-23.4,500,857.029399
-23.0,500,857.154087
-22.5,500,857.27859
-23.7,500,857.403276
-23.7,500,857.527895
-22.7,500,857.65498
-23.0,500,857.779806
-23.0,500,857.904338
-22.8,500,858.028388
-22.5,500,858.152359
-23.1,500,858.276702
-22.7,500,858.40152
-4.9,500,858.525473
-23.9,500,858.649686
-23.3,500,858.773929
-23.3,500,858.897921
-23.2,500,859.02289
-22.9,500,859.147152
-22.9,500,859.271406
-23.4,500,859.396102
-37.7,500,859.520844
-22.8,500,859.645802
-23.9,500,859.769596
-22.6,500,859.893694
-23.4,500,860.017733
-24.2,500,860.144669
-23.6,500,860.276483
-23.7,500,860.401506
-9.5,500,860.525801
-22.9,500,860.650429
-22.6,500,860.774879
-23.7,500,860.898961
-22.9,500,861.023841
-8.5,500,861.147879
-46.6,500,861.27216
-22.7,500,861.396579
-22.8,500,861.52084
-22.6,500,861.645123
-23.1,500,861.770196
-22.7,500,861.921633
-22.5,500,862.047517
-22.6,500,862.171461
-23.7,500,862.296255
-22.5,500,862.420223
-22.5,500,862.544745
-23.7,500,862.670183
-22.5,500,862.794556
-22.9,500,862.919262
-22.7,500,863.043905
-22.6,500,863.168479
-22.5,500,863.292487
-22.7,500,863.417566
-22.7,500,863.548328
-23.1,500,863.695459
-23.3,500,863.835663
-23.2,500,863.979397
-23.6,500,864.116312
-23.0,500,864.255813
-31.5,500,864.383082
-23.9,500,864.509324
-23.1,500,864.634657
-23.2,500,864.759897
-22.7,500,864.884982
-22.9,500,865.010233
-23.2,500,865.135246
-23.2,500,865.259519
-22.9,500,865.383751
-22.5,500,865.510398
-24.1,500,865.654539
-11.3,500,865.782778
-34.8,500,865.909378
-23.9,500,866.034464
-23.0,500,866.159355
-23.5,500,866.283471
-25.0,500,866.408633
-38.8,500,866.532847
-22.7,500,866.657787
-23.0,500,866.782413
-22.9,500,866.906972
-22.8,500,867.031087
-22.6,500,867.156502
-24.8,500,867.281091
-23.2,500,867.405982
-23.0,500,867.530232
-22.9,500,867.657284
-23.7,500,867.782567
-2.9,500,867.907412
-24.5,500,868.03215
-23.1,500,868.156648
-2.1,500,868.281491
-3.7,500,868.40736
-1.5,500,868.532235
-1.2,500,868.657201
-5.1,500,868.781764
-22.8,500,868.906458
-23.2,500,869.03158
-22.7,500,869.156145
-22.5,500,869.280486
-23.5,500,869.405149
-32.0,500,869.529528
-23.8,500,869.654167
-23.0,500,869.779352
-23.0,500,869.903937
18.6,500,870.028704
-56.6,500,870.152846
-23.0,500,870.277268
-23.1,500,870.402539
-24.7,500,870.527157
-23.7,500,870.651744
-23.2,500,870.776449
-23.2,500,870.901003
-23.6,500,871.025931
-23.9,500,871.150373
-23.2,500,871.274554
-23.3,500,871.398876
-25.0,500,871.522936
-25.0,500,871.646872
-24.3,500,871.77203
-22.5,500,871.896443
-23.6,500,872.021007
-22.9,500,872.145812
-22.5,500,872.270014
-22.9,500,872.394987
-22.5,500,872.519484
-22.9,500,872.645138
-23.0,500,872.770124
-22.8,500,872.89428
-5.3,500,873.018751
-23.1,500,873.14366
-23.4,500,873.267908
-23.2,500,873.392601
-23.0,500,873.516752
-23.5,500,873.641122
-24.1,500,873.766019
-23.0,500,873.889883
-22.5,500,874.013929
-26.3,500,874.13786
-23.4,500,874.262054
-22.7,500,874.386167
-23.2,500,874.511451
-23.3,500,874.636087
-23.1,500,874.760403
-22.6,500,874.884367
-23.2,500,875.008623
-22.5,500,875.133647
-23.3,500,875.257922
-22.8,500,875.382055
-23.2,500,875.506618
-34.9,500,875.631148
-22.6,500,875.755139
-23.1,500,875.880177
-22.5,500,876.003953
-23.1,500,876.128033
-22.5,500,876.252202
-23.1,500,876.376219
-23.0,500,876.501499
-23.0,500,876.625734
-23.1,500,876.749978
-22.6,500,876.874313
-23.0,500,876.998631
-23.2,500,877.12309
-22.5,500,877.248032
-23.4,500,877.372285
-22.9,500,877.496205
-23.6,500,877.621726
-22.9,500,877.746431
-23.4,500,877.871885
-23.1,500,877.996364
-23.5,500,878.12091
-22.7,500,878.245418
-22.8,500,878.370297
-22.9,500,878.495811
-22.7,500,878.620517
-22.5,500,878.744971
-22.8,500,878.869524
-36.7,500,878.993906
-24.6,500,879.118692
-22.7,500,879.24396
-22.5,500,879.368519
-22.9,500,879.492943
-23.7,500,879.618216
-22.6,500,879.742679
-23.3,500,879.867643
-23.2,500,879.992203
-22.6,500,880.116584
-23.0,500,880.241127
-22.6,500,880.36595
-6.7,500,880.491074
-23.1,500,880.625282
-25.8,500,880.750312
-25.7,500,880.875006
-23.2,500,880.999124
-8.5,500,881.123506
-29.3,500,881.248551
-23.0,500,881.373043
-24.2,500,881.497409
-23.6,500,881.621407
-23.1,500,881.745513
-22.8,500,881.869918
-5.7,500,881.994317
-26.8,500,882.119237
-22.9,500,882.243113
-22.8,500,882.367204
-22.8,500,882.492108
-3.2,500,882.618196
-23.5,500,882.742738
-22.5,500,882.866923
-22.7,500,882.99158
-23.6,500,883.116418
-23.8,500,883.24048
-23.1,500,883.365113
-23.4,500,883.489627
-22.7,500,883.613853
-22.9,500,883.738415
-22.9,500,883.863191
-23.0,500,883.987669
-24.7,500,884.111884
-22.8,500,884.2361
-3.8,500,884.360813
-31.0,500,884.485709
-23.8,500,884.610298
-22.8,500,884.734596
-22.9,500,884.858964
-26.6,500,885.016554
-23.1,500,885.144103
-22.8,500,885.26927
-23.2,500,885.393485
-5.0,500,885.517401
-22.8,500,885.641765
-4.6,500,885.767316
-8.3,500,885.89208
-22.5,500,886.016097
-30.9,500,886.140515
-23.0,500,886.264675
-23.2,500,886.389433
-22.8,500,886.513648
-22.7,500,886.637787
-22.8,500,886.76176
-22.7,500,886.885474
-23.2,500,887.009092
-4.8,500,887.134114
-23.2,500,887.258508
-23.9,500,887.382459
-22.5,500,887.506838
-22.8,500,887.632348
-22.9,500,887.757717
-22.9,500,887.882092
-23.0,500,888.006269
-22.5,500,888.130654
-23.1,500,888.25481
-22.8,500,888.379997
-23.0,500,888.504361
-23.0,500,888.628437
-3.9,500,888.752838
-23.1,500,888.876756
-23.7,500,889.000865
-22.8,500,889.126415
-22.8,500,889.250777
-22.8,500,889.37507
-24.0,500,889.49891
-23.4,500,889.624166
-22.8,500,889.748368
-22.9,500,889.873138
-23.6,500,889.997173
-22.6,500,890.121287
-23.2,500,890.245545
-23.1,500,890.37003
-22.5,500,890.495067
-23.3,500,890.619358
-23.1,500,890.744026
-22.7,500,890.868434
-23.4,500,890.992545
-23.3,500,891.116626
-24.2,500,891.241616
-23.1,500,891.36587
-23.1,500,891.490541
-22.8,500,891.614902
-23.0,500,891.739087
-24.2,500,891.864222
-23.7,500,891.988835
-22.7,500,892.113592
-24.9,500,892.237675
-22.7,500,892.361439
-23.1,500,892.486417
-22.7,500,892.612047
-23.1,500,892.736667
-2.8,500,892.862773
-29.8,500,892.992528
-23.0,500,893.122787
-2.6,500,893.249081
-22.5,500,893.374792
-23.6,500,893.500282
-22.8,500,893.626896
-22.9,500,893.75691
-23.3,500,893.882357
-24.8,500,894.0081
-25.2,500,894.132571
-23.3,500,894.256789
-23.1,500,894.386316
-22.9,500,894.511779
-22.5,500,894.63679
-23.2,500,894.761349
-22.6,500,894.886455
-25.4,500,895.010709
-23.1,500,895.135533
-22.8,500,895.259772
-22.6,500,895.383762
-22.6,500,895.50805
-23.4,500,895.632075
-22.6,500,895.756897
-23.1,500,895.881211
-22.7,500,896.00562
-3.9,500,896.130179
-23.7,500,896.254441
-22.9,500,896.379832
-4.8,500,896.504355
-32.8,500,896.62856
-23.6,500,896.752922
-23.1,500,896.87689
-22.5,500,897.000648
-4.4,500,897.125913
-1.6,500,897.250182
-45.5,500,897.374566
-23.2,500,897.498946
-24.1,500,897.625712
-34.1,500,897.752022
-1.7,500,897.877695
-23.0,500,898.002433
-22.8,500,898.12721
-22.8,500,898.251606
-2.2,500,898.376914
-1.2,500,898.502069
-23.4,500,898.626386
-23.3,500,898.750855
-1.6,500,898.875425
-1.8,500,898.999754
-1.3,500,899.124865
19.8,500,899.249224
-50.8,500,899.373539
-46.8,500,899.497752
-22.6,500,899.622284
-23.4,500,899.746317
-22.9,500,899.871069
-22.8,500,899.995394
-22.7,500,900.119913
-23.8,500,900.244617
-22.9,500,900.369006
-22.8,500,900.493981
-23.6,500,900.618268
-22.9,500,900.742316
-24.8,500,900.86707
-23.5,500,900.994058
-23.2,500,901.126832
-22.6,500,901.251645
-22.8,500,901.375949
-22.8,500,901.500393
-22.7,500,901.624698
-22.8,500,901.748953
-23.0,500,901.874169
-23.8,500,901.998415
-7.1,500,902.12334
-29.9,500,902.247602
-22.9,500,902.372005
-23.1,500,902.497
-23.0,500,902.623621
-22.7,500,902.748445
-24.6,500,902.87266
-22.9,500,902.99655
-22.9,500,903.121549
-23.0,500,903.246142
-23.1,500,903.37052
-50.2,500,903.494663
-22.5,500,903.618771
-22.6,500,903.74319
-23.4,500,903.868182
-22.8,500,903.992461
-22.5,500,904.116866
-22.9,500,904.241087
-22.7,500,904.365206
-22.6,500,904.490154
-22.7,500,904.615276
-2.9,500,904.739863
-26.9,500,904.864482
-23.1,500,904.988481
-23.0,500,905.112305
-22.8,500,905.237626
-23.6,500,905.362103
-22.5,500,905.486401
-22.7,500,905.610302
-23.1,500,905.734733
-22.8,500,905.85964
-22.7,500,905.984094
-22.7,500,906.108456
-22.7,500,906.232511
-22.9,500,906.380018
-23.2,500,906.510657
-22.5,500,906.635576
-23.5,500,906.760088
-25.3,500,906.884735
-33.7,500,907.009441
-22.5,500,907.134687
-23.8,500,907.259061
-31.4,500,907.383136
-9.4,500,907.507469
-8.8,500,907.633753
-22.8,500,907.759575
-23.6,500,907.884309
-2.2,500,908.009
-23.0,500,908.133431
-2.3,500,908.258083
-22.5,500,908.38354
-22.8,500,908.507882
-22.9,500,908.632664
-23.4,500,908.757123
-22.6,500,908.88179
-22.8,500,909.006006
-22.8,500,909.131079
-22.9,500,909.255407
-22.7,500,909.379767
-24.2,500,909.504234
-23.1,500,909.628862
-22.7,500,909.753787
-8.8,500,909.878123
-9.5,500,910.002456
-23.8,500,910.126805
-24.5,500,910.251492
-22.5,500,910.375696
-22.9,500,910.500977
-22.6,500,910.625319
-23.0,500,910.750272
-49.9,500,910.875649
-23.1,500,911.0005
-24.2,500,911.126065
-23.5,500,911.250754
-23.0,500,911.375521
-22.9,500,911.500285
-22.8,500,911.624882
-23.5,500,911.749422
-23.4,500,911.874588
-22.5,500,911.999755
-22.7,500,912.124801
-23.0,500,912.249291
-22.7,500,912.374023
-22.7,500,912.499274
-23.0,500,912.625492
-22.6,500,912.750291
-22.9,500,912.875111
-22.6,500,912.999232
-22.8,500,913.123462
-23.2,500,913.24849
-23.2,500,913.373115
-23.0,500,913.497342
-22.7,500,913.621466
-22.7,500,913.745525
-22.5,500,913.87015
-68.6,500,913.994422
-46.9,500,914.118812
-23.7,500,914.243298
-24.6,500,914.367672
-23.5,500,914.491919
-22.6,500,914.617079
-22.9,500,914.74126
-23.0,500,914.865699
-22.7,500,914.990191
-22.6,500,915.114652
-22.7,500,915.239457
-22.9,500,915.363959
-23.0,500,915.487779
-26.8,500,915.612009
-23.5,500,915.735981
-22.6,500,915.860839
-22.9,500,915.986084
-22.9,500,916.110629
-23.1,500,916.23482
-22.5,500,916.359164
-22.6,500,916.483484
-24.6,500,916.609128
-23.6,500,916.733749
-23.0,500,916.858267
-22.8,500,916.98279
-22.7,500,917.107399
-47.8,500,917.232501
-23.8,500,917.357251
-22.7,500,917.481729
-6.1,500,917.607639
-51.0,500,917.732792
-5.3,500,917.857146
-1.8,500,917.982273
-24.5,500,918.107049
-4.5,500,918.232178
-1.6,500,918.357195
-3.5,500,918.482073
-22.7,500,918.607043
-23.7,500,918.731049
-22.8,500,918.855425
-22.9,500,918.979847
-22.6,500,919.104437
-23.1,500,919.229646
-22.9,500,919.354259
-22.9,500,919.478686
-23.2,500,919.603643
-36.7,500,919.728314
-22.9,500,919.853135
-22.8,500,919.978357
-23.2,500,920.102434
-22.9,500,920.22675
-22.5,500,920.351471
-23.6,500,920.476012
-22.7,500,920.600487
-23.0,500,920.725534
-23.0,500,920.850235
-32.0,500,920.974661
-23.2,500,921.099052
-22.7,500,921.223609
-22.7,500,921.34875
-23.4,500,921.482532
-36.2,500,921.608163
-23.7,500,921.732604
-23.7,500,921.856837
-23.2,500,921.981803
-4.3,500,922.106835
-30.3,500,922.231288
-23.4,500,922.355711
-22.8,500,922.480181
-23.6,500,922.606477
-22.7,500,922.731193
-23.0,500,922.856159
-2.7,500,922.9814
-23.7,500,923.105878
-24.2,500,923.23033
-22.8,500,923.355981
-23.0,500,923.482438
-23.4,500,923.606936
-23.4,500,923.731141
-23.5,500,923.855416
-22.8,500,923.980232
-22.9,500,924.104188
-22.7,500,924.228462
-23.1,500,924.352694
-22.5,500,924.47697
-23.2,500,924.602651
-23.7,500,924.726896
-22.6,500,924.851586
-22.8,500,924.976015
-23.2,500,925.100061
-142.2,500,925.225213
-23.6,500,925.350199
-27.4,500,925.47467
-23.0,500,925.599048
-3.9,500,925.72348
-6.8,500,925.848323
-2.0,500,925.973289
-22.8,500,926.097409
-22.7,500,926.221221
-22.8,500,926.345076
-22.7,500,926.469587
-22.8,500,926.593712
-25.9,500,926.718525
-23.0,500,926.842701
-22.9,500,926.966523
-23.6,500,927.091305
-22.7,500,927.216692
-22.9,500,927.341891
-23.1,500,927.466253
-22.8,500,927.591011
-23.0,500,927.71709
-23.7,500,927.841799
-29.3,500,927.966015
-4.8,500,928.091334
-24.2,500,928.214871
-24.5,500,928.339196
-24.0,500,928.463221
-22.6,500,928.587398
-23.1,500,928.712299
-23.1,500,928.83641
-22.6,500,928.96074
-23.0,500,929.084894
-11.3,500,929.209259
-24.0,500,929.333597
-23.8,500,929.458509
-23.0,500,929.597374
-22.9,500,929.739575
-23.9,500,929.875507
-23.4,500,930.016657
-4.5,500,930.155141
-23.0,500,930.29251
-22.6,500,930.418873
-23.1,500,930.544492
-23.2,500,930.670174
-22.9,500,930.7952
-23.0,500,930.92011
-31.9,500,931.045433
-23.1,500,931.169536
-22.9,500,931.292883
-25.7,500,931.41656
-23.0,500,931.543521
-22.7,500,931.68527
-23.3,500,931.838762
-23.6,500,931.965141
-22.8,500,932.090844
-22.7,500,932.2154
-23.5,500,932.339626
-22.5,500,932.464034
-22.7,500,932.588738
-22.6,500,932.714916
-22.6,500,932.839645
-22.8,500,932.96404
-22.5,500,933.088385
-22.5,500,933.212462
-60.2,500,933.336533
-23.0,500,933.461726
-23.5,500,933.586152
-22.8,500,933.710438
-23.1,500,933.83476
-23.2,500,933.95898
-23.0,500,934.083506
-23.5,500,934.207969
-22.8,500,934.33221
-23.8,500,934.456914
-23.2,500,934.58134
-23.0,500,934.705961
-27.3,500,934.830809
-24.7,500,934.955154
-22.7,500,935.079525
-23.9,500,935.203836
-23.3,500,935.328612
-22.9,500,935.453456
-8.3,500,935.577838
-1.6,500,935.702212
-1.8,500,935.826722
-45.9,500,935.951327
-22.7,500,936.075707
-23.5,500,936.200712
-22.7,500,936.324615
-23.3,500,936.448967
-1.7,500,936.573585
-59.6,500,936.697734
-47.4,500,936.823241
-47.8,500,936.947923
-23.3,500,937.072053
-22.9,500,937.196534
-22.9,500,937.321009
-23.9,500,937.445516
-23.5,500,937.570157
-23.9,500,937.696482
-25.9,500,937.821226
-4.9,500,937.946091
-3.2,500,938.07043
-22.9,500,938.195403
-22.8,500,938.319721
-3.6,500,938.444467
-24.0,500,938.568743
-22.6,500,938.692698
-23.8,500,938.816921
-22.5,500,938.941559
-23.3,500,939.065834
-23.0,500,939.18964
-22.6,500,939.313741
-22.7,500,939.438146
-23.3,500,939.563457
-3.9,500,939.68866
-23.1,500,939.813217
-22.5,500,939.937939
-23.7,500,940.062679
-22.9,500,940.188345
-23.1,500,940.312831
-22.5,500,940.437187
-23.2,500,940.56182
-4.2,500,940.686544
-22.5,500,940.81116
-22.8,500,940.936565
-22.8,500,941.060798
-22.6,500,941.185107
-1.7,500,941.309629
-45.6,500,941.434169
-23.4,500,941.559285
-23.5,500,941.683938
-22.6,500,941.81088
-22.7,500,941.942815
-22.9,500,942.067543
-23.7,500,942.193042
-23.1,500,942.317475
-23.4,500,942.441588
-22.5,500,942.566035
-23.0,500,942.691881
-10.1,500,942.816756
-2.4,500,942.941476
-16.9,500,943.066249
-1.6,500,943.191221
-1.9,500,943.316019
-1.8,500,943.441238
-45.8,500,943.566418
-0.9,500,943.690882
-1.3,500,943.815369
-1.9,500,943.939938
-0.9,500,944.064277
-2.0,500,944.189518
-23.7,500,944.314805
-23.6,500,944.439509
-23.0,500,944.56401
-23.6,500,944.688835
-26.4,500,944.813105
-23.2,500,944.938411
-7.1,500,945.063462
-22.8,500,945.188278
-5.8,500,945.313369
-1.4,500,945.43816
-24.0,500,945.563645
-2.2,500,945.688448
-23.2,500,945.815356
-23.2,500,945.943549
-23.3,500,946.06914
-23.3,500,946.194643
-2.6,500,946.319515
-23.3,500,946.444293
-22.9,500,946.568893
-22.9,500,946.693326
-23.2,500,946.817773
-22.8,500,946.943295
-23.1,500,947.067893
-22.9,500,947.20662
-22.8,500,947.383148
-22.8,500,947.515303
-22.7,500,947.644617
-22.9,500,947.796766
-23.3,500,947.929124
-22.5,500,948.055479
-23.1,500,948.181131
-22.7,500,948.307856
-22.5,500,948.433237
-22.9,500,948.558696
-22.8,500,948.683342
-29.6,500,948.80824
-69.0,500,948.933597
-23.6,500,949.058617
-25.0,500,949.18342
-22.5,500,949.308365
-23.3,500,949.433064
-25.6,500,949.558258
-22.6,500,949.68269
-2.6,500,949.844699
-5.5,500,949.972974
-46.1,500,950.099896
-23.2,500,950.225748
-22.9,500,950.351029
-23.2,500,950.476015
-22.9,500,950.601497
-23.2,500,950.727327
-22.6,500,950.852019
-23.7,500,950.977081
-23.5,500,951.102303
-22.5,500,951.227098
-23.4,500,951.352471
-22.6,500,951.477146
-22.9,500,951.602112
-22.7,500,951.726842
-23.2,500,951.851573
-22.6,500,951.998412
-23.3,500,952.125987
-22.7,500,952.251694
-23.1,500,952.377421
-23.3,500,952.526868
-22.8,500,952.657893
-36.1,500,952.786808
-23.1,500,952.923571
-22.6,500,953.053028
-22.8,500,953.182787
-22.9,500,953.338901
-23.0,500,953.465693
-22.9,500,953.591938
-23.0,500,953.718434
-22.9,500,953.84477
-22.7,500,953.971352
-22.8,500,954.098614
-22.7,500,954.224691
-37.2,500,954.350937
-4.6,500,954.476837
-23.5,500,954.603219
-22.8,500,954.7296
-22.8,500,954.855911
-2.2,500,954.981594
-22.7,500,955.107531
-22.8,500,955.234976
-25.4,500,955.361269
-23.4,500,955.487112
-23.9,500,955.81305
-22.7,500,956.131472
-23.1,500,956.261601
-23.3,500,956.390584
-22.8,500,956.5173
-23.0,500,956.644631
-23.1,500,956.770964
-25.3,500,956.89707
-24.4,500,957.023065
-23.6,500,957.149223
-24.2,500,957.275224
-22.7,500,957.400932
-23.0,500,957.526985
-23.8,500,957.657391
-9.8,500,957.783834
-24.1,500,957.912144
-22.9,500,958.039032
-22.6,500,958.166389
-22.8,500,958.293619
-23.1,500,958.420135
-23.4,500,958.546284
-23.3,500,958.671969
-23.6,500,958.798421
-25.2,500,958.924547
-23.0,500,959.050764
-23.0,500,959.177204
-23.0,500,959.303173
-23.0,500,959.429645
-23.0,500,959.556091
-22.8,500,959.681853
-22.7,500,959.807302
-22.7,500,959.93346
-23.4,500,960.0606
-23.0,500,960.187097
-22.7,500,960.31309
-22.5,500,960.439244
-23.1,500,960.565108
-22.6,500,960.69171
-22.6,500,960.817847
-23.7,500,960.942922
-22.9,500,961.068348
-22.5,500,961.194185
-27.0,500,961.320354
-22.9,500,961.446272
-23.2,500,961.572489
-22.7,500,961.698939
-33.7,500,961.82534
-22.9,500,961.951805
-23.2,500,962.078192
-22.9,500,962.204252
-22.5,500,962.330398
-22.5,500,962.457379
-23.3,500,962.584864
-22.6,500,962.71282
-22.9,500,962.83886
-23.1,500,962.965228
-23.3,500,963.092087
-22.9,500,963.218092
-22.8,500,963.344017
-23.1,500,963.498182
-23.2,500,963.625308
-23.1,500,963.751288
-22.6,500,963.877126
-22.6,500,964.003501
-22.7,500,964.12959
-22.7,500,964.256252
-23.1,500,964.382196
-8.9,500,964.507977
-22.9,500,964.634212
-22.7,500,964.759907
-22.7,500,964.886773
-22.5,500,965.012423
-25.5,500,965.138741
-22.8,500,965.264701
-22.8,500,965.390801
-22.5,500,965.517629
-23.5,500,965.643483
-23.2,500,965.769324
-22.6,500,965.895184
-22.5,500,966.021147
-22.8,500,966.147594
-23.0,500,966.27365
-23.7,500,966.399812
-22.8,500,966.52532
-23.4,500,966.651272
-23.1,500,966.778386
-27.1,500,966.90407
-22.6,500,967.029509
-22.5,500,967.155034
-23.0,500,967.280827
-22.6,500,967.407304
-22.7,500,967.53668
-22.6,500,967.664219
-22.6,500,967.790697
-24.5,500,967.916574
-26.9,500,968.043926
-22.9,500,968.170373
-22.6,500,968.295794
-22.7,500,968.42264
-23.1,500,968.548105
-23.7,500,968.674578
-23.0,500,968.800445
-3.5,500,968.926368
-23.0,500,969.052216
-22.7,500,969.17809
-22.7,500,969.304758
-23.2,500,969.430641
-22.9,500,969.556283
-22.7,500,969.682203
-5.8,500,969.808098
-37.0,500,969.934997
-22.9,500,970.061226
-23.1,500,970.186912
-22.8,500,970.312831
-32.2,500,970.439074
-22.8,500,970.566308
-23.1,500,970.692624
-22.5,500,970.818581
-23.5,500,970.944445
-22.7,500,971.070591
-23.0,500,971.197331
-22.6,500,971.323432
-24.1,500,971.449269
-24.1,500,971.575139
-22.9,500,971.70104
-22.8,500,971.827908
-22.9,500,971.954039
-22.9,500,972.080028
-22.5,500,972.205634
-22.7,500,972.331096
-25.5,500,972.457554
-22.5,500,972.585334
-22.5,500,972.713297
-22.8,500,972.839511
-23.2,500,972.965368
-23.8,500,973.092046
-22.7,500,973.218858
-22.8,500,973.345122
-23.0,500,973.471691
-22.7,500,973.597353
-24.3,500,973.723931
-22.5,500,973.877966
-22.9,500,974.004088
-74.9,500,974.130611
-23.4,500,974.257439
-23.3,500,974.384522
-3.2,500,974.510584
-24.0,500,974.636883
-23.3,500,974.762831
-22.8,500,974.889685
-22.8,500,975.016561
-23.1,500,975.143443
-23.1,500,975.269454
-23.0,500,975.395047
-23.1,500,975.520969
-28.1,500,975.647018
-22.6,500,975.772405
-22.5,500,975.897981
-22.9,500,976.023684
-22.5,500,976.150093
-23.1,500,976.275727
-23.4,500,976.401448
-22.9,500,976.526832
-22.9,500,976.652668
-23.4,500,976.778974
-22.6,500,976.90487
-22.9,500,977.030255
-22.9,500,977.155956
-33.0,500,977.281798
-22.7,500,977.408337
-23.2,500,977.535942
-22.8,500,977.663654
-22.9,500,977.79031
-23.6,500,977.916014
-25.7,500,978.042454
-25.5,500,978.168889
-22.8,500,978.294213
-22.8,500,978.420271
-22.9,500,978.54544
-23.7,500,978.671793
-22.7,500,978.796927
-22.7,500,978.922718
-62.6,500,979.04843
-26.2,500,979.174695
-22.9,500,979.301167
-22.5,500,979.427401
-23.5,500,979.55309
-22.7,500,979.678436
-5.0,500,979.804327
-25.6,500,979.931093
-23.2,500,980.056817
-23.6,500,980.18277
-23.1,500,980.308675
-24.1,500,980.434243
-23.1,500,980.5608
-22.5,500,980.687313
-24.0,500,980.812895
-23.1,500,980.9384
-22.7,500,981.064012
-22.8,500,981.190784
-23.4,500,981.316963
-22.8,500,981.442703
-22.9,500,981.5687
-23.1,500,981.694471
-3.6,500,981.821408
-24.2,500,981.949823
-24.6,500,982.075928
-22.6,500,982.201781
-22.9,500,982.327427
-23.0,500,982.454331
-22.9,500,982.58028
-22.8,500,982.707212
-22.5,500,982.833058
-23.3,500,982.958904
-22.7,500,983.085716
-22.8,500,983.211641
-23.2,500,983.3372
-24.2,500,983.464827
-24.3,500,983.606263
-22.9,500,983.78021
-23.2,500,983.920405
-23.1,500,984.058706
-22.9,500,984.205162
-22.7,500,984.333879
-22.5,500,984.462049
-23.1,500,984.58892
-23.0,500,984.71578
-24.1,500,984.842395
-23.9,500,984.968524
-22.6,500,985.095358
-23.0,500,985.220724
-23.3,500,985.345977
-23.1,500,985.471405
-23.9,500,985.610669
-22.9,500,985.740088
-23.5,500,985.866683
-36.6,500,985.992712
-22.8,500,986.118809
-23.1,500,986.244744
-23.0,500,986.371616
-22.8,500,986.497983
-23.5,500,986.623609
-28.3,500,986.749531
-22.5,500,986.875612
-22.5,500,987.000852
-22.8,500,987.12751
-22.8,500,987.253548
-23.2,500,987.379544
-24.3,500,987.506124
-22.8,500,987.633335
-23.7,500,987.760253
-22.8,500,987.885975
-22.9,500,988.011783
-22.7,500,988.137957
-22.6,500,988.263526
-42.1,500,988.389832
-23.3,500,988.515552
-22.8,500,988.641114
-23.4,500,988.7675
-22.8,500,988.893212
-22.6,500,989.019701
-23.6,500,989.145588
-22.7,500,989.271552
-22.7,500,989.397002
-23.4,500,989.523142
-23.5,500,989.649337
-22.6,500,989.774944
-23.1,500,989.900691
-23.5,500,990.026818
-22.7,500,990.153047
-49.9,500,990.278888
-47.5,500,990.404334
-47.2,500,990.530225
-22.6,500,990.655927
-23.0,500,990.782685
-12.5,500,990.909293
-23.0,500,991.035543
-23.3,500,991.161266
-4.0,500,991.287705
-22.5,500,991.413829
-22.7,500,991.539579
-22.6,500,991.665517
-22.5,500,991.791427
-22.7,500,991.917614
-22.6,500,992.043448
-23.2,500,992.169626
-26.4,500,992.29547
-22.9,500,992.421152
-23.2,500,992.546634
-22.7,500,992.674764
-24.6,500,992.800691
-7.7,500,992.92667
-23.0,500,993.052722
-22.8,500,993.178453
-23.5,500,993.30504
-22.7,500,993.431282
-26.4,500,993.557133
-22.8,500,993.682902
-22.5,500,993.808669
-22.7,500,993.934752
-23.1,500,994.060393
-24.0,500,994.186219
-22.9,500,994.311175
-23.3,500,994.465908
-22.6,500,994.591639
-23.5,500,994.717535
-23.4,500,994.842748
-22.5,500,994.968024
-24.1,500,995.094068
-23.7,500,995.219635
-23.2,500,995.345325
-22.7,500,995.471328
-23.5,500,995.597149
-22.6,500,995.723762
-23.0,500,995.849364
-22.7,500,995.974974
-21.9,500,996.100487
-22.6,500,996.225468
-23.1,500,996.351493
-22.9,500,996.47704
-23.9,500,996.602576
-23.2,500,996.728667
-22.8,500,996.85452
-22.5,500,996.980934
-22.6,500,997.106531
-22.8,500,997.232364
-23.0,500,997.357989
-66.4,500,997.483595
-22.8,500,997.610292
-23.3,500,997.73881
-22.7,500,997.864588
-22.6,500,997.990459
-22.8,500,998.116252
-23.5,500,998.242677
-22.5,500,998.368908
-23.4,500,998.495159
-22.9,500,998.620394
-23.5,500,998.745987
-25.1,500,998.873007
-22.9,500,998.998143
-22.5,500,999.12359
-22.7,500,999.249222
-23.2,500,999.374975
-22.5,500,999.501178
-22.9,500,999.626813
-24.0,500,999.753122
-22.5,500,999.878732
-23.1,500,1000.004221
-22.8,500,1000.129512
-23.1,500,1000.255516
-22.5,500,1000.381316
-55.1,500,1000.507841
-23.5,500,1000.633437
-22.9,500,1000.759163
-22.9,500,1000.885429
-22.5,500,1001.011453
-22.9,500,1001.13708
-23.3,500,1001.262998
-22.9,500,1001.389845
-22.5,500,1001.515373
-22.7,500,1001.641036
-22.7,500,1001.766593
-22.7,500,1001.892326
-7.8,500,1002.018705
-28.9,500,1002.144984
-2.4,500,1002.27121
-23.7,500,1002.397439
-22.7,500,1002.522987
-22.7,500,1002.649873
-22.7,500,1002.776504
-23.0,500,1002.902592
-22.7,500,1003.028455
-22.9,500,1003.153806
-23.6,500,1003.280003
-22.8,500,1003.404735
-23.7,500,1003.530639
-23.3,500,1003.656689
-23.3,500,1003.782619
-23.1,500,1003.908136
-22.8,500,1004.034893
-22.5,500,1004.160448
-22.7,500,1004.285611
-22.9,500,1004.411185
-22.9,500,1004.538158
-23.1,500,1004.66387
-22.8,500,1004.821209
-22.9,500,1004.947165
-22.7,500,1005.072619
-22.9,500,1005.198864
-22.9,500,1005.32457
-23.8,500,1005.452792
-37.1,500,1005.579162
-23.1,500,1005.705759
-22.2,500,1005.832436
-22.1,500,1005.958217
-25.5,500,1006.08409
-22.6,500,1006.209941
-23.0,500,1006.335816
-21.7,500,1006.461528
-22.4,500,1006.587268
-21.8,500,1006.713164
-21.7,500,1006.839202
-22.5,500,1006.965018
-25.3,500,1007.091605
-22.5,500,1007.217634
-22.5,500,1007.343817
-22.7,500,1007.46935
-21.8,500,1007.594316
-28.7,500,1007.722312
-22.5,500,1007.848082
-23.0,500,1007.973685
-23.6,500,1008.099405
-22.6,500,1008.22501
-22.9,500,1008.35162
-22.9,500,1008.476944
-22.7,500,1008.602982
-22.6,500,1008.728804
-22.9,500,1008.854933
-22.5,500,1008.981733
-23.3,500,1009.107609
-23.5,500,1009.233624
-22.9,500,1009.359619
-22.9,500,1009.485444
-22.5,500,1009.612045
-22.6,500,1009.738367
-30.1,500,1009.865397
-23.0,500,1009.991167
-22.5,500,1010.116511
-22.6,500,1010.242499
-22.6,500,1010.36844
-22.5,500,1010.493937
-22.7,500,1010.618978
-22.5,500,1010.744205
-23.0,500,1010.870526
-23.3,500,1010.995835
-23.2,500,1011.121936
-22.5,500,1011.247677
-22.9,500,1011.373308
-23.2,500,1011.499398
-22.7,500,1011.625147
-25.4,500,1011.750787
-38.2,500,1011.876728
-22.8,500,1012.002228
-22.5,500,1012.127981
-22.9,500,1012.254904
-22.6,500,1012.380867
-22.5,500,1012.506925
-23.1,500,1012.633904
-22.9,500,1012.761348
-23.3,500,1012.888334
-23.4,500,1013.014324
-23.2,500,1013.140282
-23.0,500,1013.265728
-29.8,500,1013.391706
-23.9,500,1013.518242
-22.6,500,1013.64423
-23.0,500,1013.77285
-22.9,500,1013.898285
-22.8,500,1014.023784
-23.3,500,1014.149922
-22.8,500,1014.275586
-23.0,500,1014.403492
-22.7,500,1014.530512
-22.9,500,1014.65608
-22.7,500,1014.782557
-22.6,500,1014.908702
-22.6,500,1015.034233
-22.7,500,1015.159313
-23.2,500,1015.284743
-22.7,500,1015.439658
-22.5,500,1015.565427
-23.1,500,1015.690785
-26.5,500,1015.815944
-22.7,500,1015.94189
-22.7,500,1016.067692
-22.9,500,1016.193224
-22.5,500,1016.318321
-24.3,500,1016.443754
-60.6,500,1016.570251
-30.1,500,1016.695808
-22.9,500,1016.821238
-22.7,500,1016.94668
-22.8,500,1017.072238
-23.3,500,1017.198415
-23.4,500,1017.323986
-23.0,500,1017.449705
-23.7,500,1017.575415
-22.6,500,1017.703423
-23.2,500,1017.830089
-22.2,500,1017.957648
-22.5,500,1018.083728
-23.3,500,1018.209146
-22.8,500,1018.334139
-22.8,500,1018.460006
-22.9,500,1018.585338
-22.7,500,1018.710713
-22.8,500,1018.83645
-23.3,500,1018.961613
-22.6,500,1019.087445
-22.8,500,1019.21225
-23.5,500,1019.337701
-5.8,500,1019.463089
-26.0,500,1019.588303
-23.4,500,1019.714054
-22.6,500,1019.839792
-22.8,500,1019.965699
-23.9,500,1020.091063
-24.3,500,1020.217095
-22.8,500,1020.342983
-22.6,500,1020.468795
-22.5,500,1020.594639
-22.8,500,1020.720524
-27.9,500,1020.846368
-22.8,500,1020.972112
-23.4,500,1021.098664
-22.7,500,1021.224489
-23.0,500,1021.349785
-23.9,500,1021.47559
-23.0,500,1021.601198
-25.3,500,1021.727709
-23.1,500,1021.853837
-22.8,500,1021.978812
-22.7,500,1022.104764
-22.7,500,1022.230428
-22.6,500,1022.3565
-22.5,500,1022.482936
-22.7,500,1022.608556
-23.3,500,1022.736897
-25.4,500,1022.862823
-70.5,500,1022.988978
-23.1,500,1023.114693
-22.7,500,1023.240345
-23.9,500,1023.366308
-22.8,500,1023.491583
-22.9,500,1023.617463
-22.6,500,1023.743414
-22.8,500,1023.868774
-23.0,500,1023.99444
-22.7,500,1024.120249
-24.2,500,1024.246758
-22.5,500,1024.37207
-23.4,500,1024.497404
-22.5,500,1024.62263
-22.6,500,1024.748072
-22.5,500,1024.874654
-23.6,500,1025.00037
-22.5,500,1025.12568
-22.7,500,1025.251182
-23.2,500,1025.376206
-22.9,500,1025.502269
-25.5,500,1025.636975
-22.8,500,1025.76605
-31.8,500,1025.892819
-22.5,500,1026.049811
-23.3,500,1026.176862
-23.6,500,1026.303521
-23.3,500,1026.429328
-25.2,500,1026.557158
-23.4,500,1026.683556
-55.0,500,1026.809568
-23.0,500,1026.93612
-23.1,500,1027.062103
-23.6,500,1027.188228
-22.5,500,1027.313877
-23.0,500,1027.439014
-22.6,500,1027.565035
-23.0,500,1027.693743
-22.9,500,1027.820554
-22.7,500,1027.946569
-22.5,500,1028.072932
-25.2,500,1028.198541
-23.7,500,1028.324995
-23.0,500,1028.452765
-22.5,500,1028.578749
-22.8,500,1028.704782
-22.7,500,1028.830718
-22.8,500,1028.957266
-31.0,500,1029.083262
-23.5,500,1029.208152
-22.9,500,1029.333454
-22.7,500,1029.458738
-22.7,500,1029.58549
-22.9,500,1029.712051
-22.7,500,1029.838026
-22.8,500,1029.963893
-25.1,500,1030.090234
-23.0,500,1030.216975
-35.0,500,1030.342587
-22.7,500,1030.468723
-22.6,500,1030.594398
-22.7,500,1030.720054
-23.0,500,1030.846308
-23.1,500,1030.972234
-38.4,500,1031.097686
-22.7,500,1031.222993
-23.1,500,1031.349202
-22.9,500,1031.475638
-23.4,500,1031.602841
-23.8,500,1031.728634
-23.0,500,1031.853981
-22.5,500,1031.979567
-22.5,500,1032.106167
-22.5,500,1032.232041
-22.8,500,1032.357874
-22.9,500,1032.483707
-6.7,500,1032.612321
-27.6,500,1032.741043
-22.9,500,1032.868497
-23.4,500,1032.999226
-23.8,500,1033.126228
-23.0,500,1033.252526
-22.7,500,1033.379038
-22.8,500,1033.504875
-23.0,500,1033.631048
-23.0,500,1033.757058
-23.2,500,1033.882558
-22.5,500,1034.009157
-22.6,500,1034.134589
-22.7,500,1034.260009
-23.4,500,1034.385546
-22.9,500,1034.511807
-22.8,500,1034.638784
-22.8,500,1034.76433
-22.7,500,1034.890225
-23.2,500,1035.016435
-22.7,500,1035.142688
-24.0,500,1035.268936
-22.8,500,1035.395059
-23.0,500,1035.520688
-23.5,500,1035.646093
-22.6,500,1035.771532
-23.5,500,1035.898495
-23.0,500,1036.024294
-23.1,500,1036.150349
-33.0,500,1036.304163
-23.3,500,1036.430607
-23.1,500,1036.556215
-22.7,500,1036.681548
-52.6,500,1036.807615
-23.1,500,1036.93342
-22.8,500,1037.059934
-23.2,500,1037.186071
-23.2,500,1037.311965
-23.4,500,1037.43773
-23.3,500,1037.563441
-22.5,500,1037.693445
-22.7,500,1037.82031
-23.7,500,1037.945886
-22.6,500,1038.071921
-23.3,500,1038.197638
-23.2,500,1038.323627
-22.6,500,1038.449473
-62.5,500,1038.575326
-22.9,500,1038.701145
-22.7,500,1038.837092
-23.0,500,1038.975525
-23.7,500,1039.105034
-23.4,500,1039.231778
-22.7,500,1039.358217
-22.5,500,1039.485115
-22.7,500,1039.610914
-33.0,500,1039.737022
-22.7,500,1039.862875
-4.5,500,1039.988933
-22.9,500,1040.115174
-22.9,500,1040.241822
-22.9,500,1040.36719
-23.1,500,1040.493099
-22.7,500,1040.618535
-22.5,500,1040.744482
-23.1,500,1040.870139
-22.9,500,1040.995313
-22.6,500,1041.119709
-22.8,500,1041.244913
-21.7,500,1041.371124
-23.4,500,1041.49701
-22.5,500,1041.622921
-23.0,500,1041.748818
-22.7,500,1041.874676
-8.3,500,1042.001098
-50.9,500,1042.126857
-22.6,500,1042.252252
-23.4,500,1042.377796
-23.0,500,1042.503799
-22.8,500,1042.630187
-22.8,500,1042.759672
-23.3,500,1042.886344
-22.7,500,1043.012384
-22.5,500,1043.138258
-23.2,500,1043.264836
-22.5,500,1043.391968
-22.6,500,1043.519243
-23.3,500,1043.667264
-22.7,500,1043.809498
-23.8,500,1043.945037
-26.4,500,1044.087715
-24.9,500,1044.22924
-27.6,500,1044.356831
-22.8,500,1044.48328
-22.9,500,1044.609502
-22.6,500,1044.736927
-23.0,500,1044.863187
-22.8,500,1044.989733
-22.5,500,1045.115499
-22.5,500,1045.240889
-22.8,500,1045.366865
-33.6,500,1045.492004
-24.7,500,1045.634611
-27.3,500,1045.763172
-22.9,500,1045.890224
-23.0,500,1046.016322
-22.6,500,1046.14253
-23.1,500,1046.268284
-22.9,500,1046.394228
-23.3,500,1046.519715
-23.1,500,1046.64606
-23.4,500,1046.772277
-23.2,500,1046.898086
-23.8,500,1047.053694
-25.3,500,1047.179067
-25.1,500,1047.305073
-23.0,500,1047.4314
-24.4,500,1047.55753
-23.2,500,1047.685412
-22.9,500,1047.811556
-22.7,500,1047.938129
-22.6,500,1048.063614
-22.9,500,1048.18928
-22.7,500,1048.315683
-22.8,500,1048.441238
-22.5,500,1048.566673
-23.2,500,1048.692411
-22.6,500,1048.81806
-24.4,500,1048.943701
-22.7,500,1049.069818
-36.8,500,1049.19577
-22.7,500,1049.321505
-22.7,500,1049.447185
-22.9,500,1049.573463
-22.9,500,1049.698518
-22.5,500,1049.824193
-4.4,500,1049.949449
-32.7,500,1050.07531
-22.9,500,1050.200659
-22.6,500,1050.32699
-22.5,500,1050.452966
-1.5,500,1050.578164
-22.8,500,1050.703414
-23.2,500,1050.829007
-22.7,500,1050.955469
-22.5,500,1051.081096
-22.9,500,1051.20668
-23.0,500,1051.332929
-48.6,500,1051.458799
-23.3,500,1051.585765
-22.9,500,1051.711529
-22.8,500,1051.837194
-22.9,500,1051.962912
-23.3,500,1052.0892
-23.8,500,1052.215975
-23.6,500,1052.341648
-22.8,500,1052.46783
-22.9,500,1052.594219
-22.7,500,1052.72158
-23.3,500,1052.849075
-23.2,500,1052.975882
-22.6,500,1053.101654
-23.2,500,1053.22765
-22.9,500,1053.353133
-23.3,500,1053.480153
-23.3,500,1053.607218
-22.6,500,1053.732964
-22.8,500,1053.859028
-52.7,500,1053.984997
-24.8,500,1054.111991
-22.8,500,1054.238028
-22.7,500,1054.363481
-22.8,500,1054.489277
-22.6,500,1054.615101
-23.4,500,1054.740943
-23.7,500,1054.866761
-58.8,500,1054.992299
-23.5,500,1055.117901
-23.0,500,1055.243745
-23.3,500,1055.37035
-22.7,500,1055.496663
-23.1,500,1055.622099
-22.7,500,1055.748134
-23.9,500,1055.87383
-23.1,500,1055.999954
-22.6,500,1056.125666
-22.8,500,1056.251661
-24.8,500,1056.377575
-22.7,500,1056.503537
-22.8,500,1056.629914
-45.9,500,1056.756349
-23.0,500,1056.882445
-22.6,500,1057.008316
-22.7,500,1057.134182
-23.1,500,1057.260512
-25.7,500,1057.38697
-22.7,500,1057.51285
-22.6,500,1057.639305
-23.3,500,1057.766389
-22.6,500,1057.892756
-23.0,500,1058.019487
-22.6,500,1058.145258
-22.6,500,1058.298971
-22.8,500,1058.42588
-22.8,500,1058.551778
-22.7,500,1058.677236
-38.9,500,1058.802987
-23.9,500,1058.928269
-24.7,500,1059.055227
-23.0,500,1059.180999
-23.3,500,1059.306874
-23.2,500,1059.432429
-22.9,500,1059.558034
-22.9,500,1059.684105
-22.8,500,1059.80979
-22.5,500,1059.935198
-22.5,500,1060.060595
-22.7,500,1060.185949
-22.6,500,1060.312062
-23.0,500,1060.437171
-22.8,500,1060.563056
-47.7,500,1060.688689
-23.5,500,1060.814752
-23.4,500,1060.940688
-22.8,500,1061.066117
-22.8,500,1061.191687
-23.0,500,1061.317534
-23.1,500,1061.44317
-22.8,500,1061.569722
-22.8,500,1061.69577
-22.5,500,1061.822238
-22.7,500,1061.94771
-22.5,500,1062.072937
-23.0,500,1062.198895
-23.3,500,1062.324611
-25.1,500,1062.450181
-22.7,500,1062.575573
-22.7,500,1062.70251
-22.5,500,1062.828726
-23.7,500,1062.954637
-22.6,500,1063.080911
-30.6,500,1063.20684
-23.2,500,1063.332858
-22.9,500,1063.459393
-22.5,500,1063.585485
-24.0,500,1063.711051
-22.5,500,1063.836576
-22.5,500,1063.962273
-22.8,500,1064.088394
-23.1,500,1064.214525
-23.0,500,1064.340853
-23.8,500,1064.467207
-22.9,500,1064.592692
-22.5,500,1064.718818
-22.5,500,1064.844466
-23.5,500,1064.970083
-23.1,500,1065.095978
-22.8,500,1065.221511
-22.8,500,1065.347676
-23.1,500,1065.473491
-23.5,500,1065.599406
-22.7,500,1065.725171
-22.5,500,1065.850632
-25.6,500,1065.976393
-23.7,500,1066.102018
-22.5,500,1066.227463
-22.7,500,1066.353256
-23.4,500,1066.478894
-23.5,500,1066.605288
-23.0,500,1066.731026
-23.1,500,1066.857155
-22.9,500,1066.982795
-23.2,500,1067.108113
-22.6,500,1067.23414
-23.0,500,1067.360071
-22.7,500,1067.485584
-22.9,500,1067.61125
-22.6,500,1067.739099
-22.5,500,1067.865266
-23.0,500,1067.991154
-22.8,500,1068.117314
-23.5,500,1068.243284
-23.1,500,1068.369486
-22.7,500,1068.49539
-62.8,500,1068.621782
-23.0,500,1068.747844
-23.7,500,1068.873729
-22.9,500,1068.999372
-22.5,500,1069.126062
-22.6,500,1069.251915
-22.5,500,1069.378346
-22.5,500,1069.532365
-22.9,500,1069.658725
-22.6,500,1069.784538
-22.5,500,1069.910017
-22.5,500,1070.03575
-23.5,500,1070.161217
-24.3,500,1070.287185
-22.6,500,1070.412884
-22.8,500,1070.538274
-24.1,500,1070.663902
-22.6,500,1070.791001
-24.8,500,1070.917227
-23.2,500,1071.042575
-24.7,500,1071.168038
-25.2,500,1071.293437
-22.7,500,1071.418781
-22.7,500,1071.544953
-22.5,500,1071.671321
-22.8,500,1071.797171
-22.9,500,1071.923028
-21.6,500,1072.048482
-23.1,500,1072.174813
-22.5,500,1072.300515
-22.8,500,1072.426001
-23.2,500,1072.551672
-36.5,500,1072.678585
-7.7,500,1072.806136
-22.5,500,1072.932205
-22.9,500,1073.058018
-22.8,500,1073.183669
-22.9,500,1073.309202
-23.6,500,1073.435595
-22.6,500,1073.560993
-22.5,500,1073.685892
-22.5,500,1073.810949
-23.3,500,1073.936392
-22.9,500,1074.062895
-23.1,500,1074.188707
-22.7,500,1074.314528
-23.5,500,1074.44043
-33.7,500,1074.565735
-23.3,500,1074.69221
-22.8,500,1074.81941
-23.1,500,1074.944918
-22.5,500,1075.070799
-22.7,500,1075.196737
-23.8,500,1075.322951
-22.9,500,1075.448541
-22.6,500,1075.573793
-22.5,500,1075.699519
-22.5,500,1075.825383
-22.6,500,1075.951185
-22.9,500,1076.077698
-26.4,500,1076.203411
-23.1,500,1076.329053
-23.0,500,1076.454888
-22.8,500,1076.580658
-22.5,500,1076.706661
-22.5,500,1076.832605
-22.7,500,1076.958763
-22.9,500,1077.084676
-23.2,500,1077.210253
-28.0,500,1077.336823
-27.0,500,1077.462446
-22.7,500,1077.587889
-23.6,500,1077.715919
-22.7,500,1077.841903
-23.5,500,1077.968862
-22.8,500,1078.094597
-22.6,500,1078.220658
-23.7,500,1078.345928
-23.2,500,1078.471178
-23.0,500,1078.597158
-22.8,500,1078.722731
-23.4,500,1078.848416
-23.1,500,1078.97422
-23.3,500,1079.100218
-33.9,500,1079.226497
-22.8,500,1079.352351
-23.0,500,1079.477878
-23.6,500,1079.603274
-22.9,500,1079.728983
-23.4,500,1079.855365
-23.6,500,1079.980863
-23.0,500,1080.105849
-23.1,500,1080.231125
-22.8,500,1080.357156
-23.6,500,1080.482972
-30.7,500,1080.608481
-23.2,500,1080.734323
-23.2,500,1080.888324
-22.7,500,1081.015111
-23.5,500,1081.140392
-22.6,500,1081.265708
-26.7,500,1081.3914
-30.0,500,1081.516661
-22.2,500,1081.643222
-28.2,500,1081.76852
-24.1,500,1081.89377
-23.9,500,1082.019976
-22.6,500,1082.145392
-23.8,500,1082.271004
-22.5,500,1082.396632
-24.4,500,1082.522235
-23.0,500,1082.647515
-22.9,500,1082.775507
-24.7,500,1082.900534
-22.7,500,1083.025574
-22.9,500,1083.150728
-22.5,500,1083.276264
-23.3,500,1083.401404
-22.7,500,1083.527062
-22.7,500,1083.652697
-23.0,500,1083.777678
-23.4,500,1083.902858
-22.6,500,1084.028006
-31.3,500,1084.154804
-23.4,500,1084.280471
-23.0,500,1084.405989
-23.1,500,1084.53164
-23.0,500,1084.65785
-22.5,500,1084.784018
-25.5,500,1084.909197
-22.6,500,1085.034895
-6.8,500,1085.160243
-28.2,500,1085.285764
-23.1,500,1085.4119
-23.5,500,1085.537748
-21.6,500,1085.663126
-23.8,500,1085.788952
-23.1,500,1085.914234
-22.7,500,1086.04041
-22.9,500,1086.165814
-22.6,500,1086.290867
-23.6,500,1086.416111
-22.5,500,1086.541346
-22.7,500,1086.667321
-22.9,500,1086.792376
-22.6,500,1086.917309
-88.7,500,1087.043554
-27.8,500,1087.168866
-23.4,500,1087.295003
-22.6,500,1087.421559
-22.5,500,1087.547233
-22.5,500,1087.67361
-22.7,500,1087.800532
-23.6,500,1087.926685
-23.5,500,1088.054361
-3.8,500,1088.180043
-23.3,500,1088.306149
-22.9,500,1088.431365
-22.6,500,1088.55739
-82.8,500,1088.683248
-46.9,500,1088.808694
-23.5,500,1088.934228
-22.7,500,1089.06022
-24.0,500,1089.185704
-22.7,500,1089.311548
-25.4,500,1089.437432
-23.2,500,1089.563583
-23.1,500,1089.689506
-23.1,500,1089.815122
-22.5,500,1089.94076
-22.8,500,1090.066519
-26.0,500,1090.19218
-23.2,500,1090.317771
-22.6,500,1090.443336
-23.0,500,1090.569881
-24.5,500,1090.695994
-26.5,500,1090.822054
-23.0,500,1090.947947
-23.1,500,1091.073332
-23.3,500,1091.199009
-22.7,500,1091.324949
-23.1,500,1091.451011
-22.7,500,1091.60529
-8.1,500,1091.732522
-23.8,500,1091.858484
-22.7,500,1091.98441
-22.6,500,1092.110976
-22.5,500,1092.237462
-23.1,500,1092.3629
-22.5,500,1092.488298
-23.1,500,1092.61349
-23.8,500,1092.741045
-22.9,500,1092.867525
-22.9,500,1092.992828
-73.7,500,1093.118383
-49.9,500,1093.243478
-51.0,500,1093.369611
-50.8,500,1093.495867
-49.7,500,1093.621789
-22.7,500,1093.747263
-22.7,500,1093.873046
-6.8,500,1093.998615
-23.5,500,1094.124446
-23.0,500,1094.250406
-23.7,500,1094.375947
-22.8,500,1094.501179
-22.8,500,1094.626833
-26.4,500,1094.752205
-22.5,500,1094.878248
-23.0,500,1095.00394
-22.5,500,1095.129806
-23.0,500,1095.255489
-24.3,500,1095.38104
-22.5,500,1095.506863
-22.5,500,1095.632989
-23.3,500,1095.758295
-23.4,500,1095.884553
-25.7,500,1096.010052
-8.0,500,1096.136797
-22.6,500,1096.262513
-23.2,500,1096.388548
-22.7,500,1096.514385
-22.6,500,1096.640521
-22.8,500,1096.766081
-22.8,500,1096.891957
-23.8,500,1097.017593
-23.6,500,1097.143443
-22.9,500,1097.268841
-23.2,500,1097.394621
-22.8,500,1097.520614
-22.5,500,1097.646285
-23.1,500,1097.773883
-22.6,500,1097.900452
-22.5,500,1098.026056
-43.1,500,1098.152423
-23.3,500,1098.27811
-24.3,500,1098.404235
-22.9,500,1098.529752
-22.8,500,1098.655619
-22.6,500,1098.781601
-27.6,500,1098.907408
-22.9,500,1099.033294
-23.4,500,1099.158681
-22.6,500,1099.28486
-22.6,500,1099.410591
-18.4,500,1099.53602
-36.3,500,1099.661924
-22.5,500,1099.788023
-22.6,500,1099.914148
-22.5,500,1100.040189
-26.2,500,1100.165613
-22.7,500,1100.291022
-23.0,500,1100.417108
-22.7,500,1100.54274
-22.7,500,1100.668585
-22.5,500,1100.794257
-22.5,500,1100.91988
-22.9,500,1101.045489
-24.3,500,1101.171364
-23.4,500,1101.296925
-23.2,500,1101.422667
-25.8,500,1101.548015
-23.5,500,1101.673393
-23.4,500,1101.799854
-22.9,500,1101.925447
-23.3,500,1102.050987
-22.6,500,1102.176697
-25.1,500,1102.302474
-22.7,500,1102.428732
-23.1,500,1102.55418
-22.9,500,1102.679919
-22.5,500,1102.8068
-22.8,500,1102.932614
-73.9,500,1103.087757
-47.4,500,1103.213838
-23.0,500,1103.339621
-23.1,500,1103.468646
-22.8,500,1103.609942
-22.6,500,1103.751794
-22.9,500,1103.890507
-45.4,500,1104.031124
-24.6,500,1104.170393
-23.7,500,1104.305814
-22.6,500,1104.433038
-23.2,500,1104.559379
-23.1,500,1104.685683
-5.6,500,1104.812829
-23.9,500,1104.939827
-23.3,500,1105.065781
-22.6,500,1105.190765
-22.8,500,1105.31546
-22.9,500,1105.440775
-22.7,500,1105.574966
-23.8,500,1105.715444
-22.7,500,1105.842172
-22.9,500,1105.969115
-23.1,500,1106.097262
-22.7,500,1106.22426
-22.5,500,1106.350472
-22.7,500,1106.477347
-22.7,500,1106.603027
-23.2,500,1106.72956
-22.6,500,1106.856019
-22.7,500,1106.981239
-22.5,500,1107.106304
-22.5,500,1107.231441
-23.3,500,1107.357804
-23.0,500,1107.483483
-22.7,500,1107.608628
-22.7,500,1107.736299
-22.8,500,1107.862815
-25.6,500,1107.990084
-23.2,500,1108.116381
-22.6,500,1108.242395
-22.6,500,1108.368473
-22.6,500,1108.494496
-22.9,500,1108.621275
-22.5,500,1108.747423
-28.0,500,1108.873559
-22.7,500,1108.999351
-22.5,500,1109.125713
-22.9,500,1109.251114
-23.2,500,1109.376561
-23.1,500,1109.501969
-22.8,500,1109.627611
-22.7,500,1109.754737
-22.7,500,1109.880533
-22.8,500,1110.006284
-18.4,500,1110.132038
-24.4,500,1110.257541
-23.1,500,1110.383853
-23.2,500,1110.509103
-6.4,500,1110.635239
-22.7,500,1110.761102
-23.3,500,1110.887005
-6.4,500,1111.012856
-22.9,500,1111.139273
-22.7,500,1111.265263
-22.5,500,1111.390636
-25.2,500,1111.515943
-22.7,500,1111.641219
-23.3,500,1111.767169
-23.6,500,1111.893034
-22.6,500,1112.018794
-22.9,500,1112.144234
-22.8,500,1112.270039
-23.3,500,1112.396436
-22.7,500,1112.522153
-22.7,500,1112.647682
-22.9,500,1112.775844
-53.4,500,1112.902294
-23.8,500,1113.02926
-23.4,500,1113.155241
-23.1,500,1113.281355
-22.9,500,1113.406977
-22.5,500,1113.532456
-23.0,500,1113.65884
-22.7,500,1113.7847
-22.7,500,1113.91041
-22.9,500,1114.036777
-22.8,500,1114.162896
-23.5,500,1114.287962
-22.8,500,1114.442078
-22.6,500,1114.567554
-23.3,500,1114.69349
-22.5,500,1114.819267
-22.9,500,1114.945057
-22.7,500,1115.070377
-31.9,500,1115.195837
-49.8,500,1115.322238
-23.2,500,1115.447198
-22.5,500,1115.572628
-22.9,500,1115.698054
-22.8,500,1115.823696
-22.8,500,1115.950164
-23.1,500,1116.075796
-23.1,500,1116.202021
-24.0,500,1116.327474
-22.9,500,1116.45293
-22.5,500,1116.578108
-23.2,500,1116.704365
-22.5,500,1116.829957
-22.5,500,1116.955636
-22.5,500,1117.081123
-23.0,500,1117.207256
-22.7,500,1117.333235
-5.2,500,1117.458898
-22.6,500,1117.584509
-23.2,500,1117.711287
-22.7,500,1117.837429
-23.5,500,1117.963257
-4.7,500,1118.089192
-56.3,500,1118.214725
-22.6,500,1118.34044
-22.6,500,1118.466339
-22.9,500,1118.592694
-23.0,500,1118.719056
-2.7,500,1118.844884
-1.5,500,1118.970617
-22.8,500,1119.096844
-22.9,500,1119.222313
-23.4,500,1119.348605
-23.0,500,1119.47455
-22.7,500,1119.600361
-23.1,500,1119.726529
-22.5,500,1119.85274
-23.4,500,1119.979037
-24.5,500,1120.104505
-23.1,500,1120.23032
-5.1,500,1120.356353
-23.3,500,1120.483081
-2.3,500,1120.609375
-31.6,500,1120.73579
-22.8,500,1120.861893
-23.3,500,1120.989193
-22.9,500,1121.114329
-22.5,500,1121.24019
-22.5,500,1121.365771
-22.7,500,1121.490982
-5.0,500,1121.616643
-23.5,500,1121.742574
-22.6,500,1121.868136
-22.9,500,1121.993719
-22.9,500,1122.119179
-4.4,500,1122.244512
-22.7,500,1122.370417
-23.3,500,1122.495926
-22.6,500,1122.621894
-22.7,500,1122.749107
-22.7,500,1122.875063
-2.8,500,1123.001625
-23.3,500,1123.12739
-22.5,500,1123.253404
-2.2,500,1123.379822
-23.1,500,1123.506227
-22.7,500,1123.631769
-2.4,500,1123.757943
-46.0,500,1123.883483
-23.3,500,1124.008986
-22.7,500,1124.134126
-22.8,500,1124.260149
-22.8,500,1124.385581
-24.1,500,1124.511056
-23.0,500,1124.636888
-23.6,500,1124.762348
-22.9,500,1124.889277
-22.6,500,1125.015982
-23.9,500,1125.141374
-22.5,500,1125.267195
-22.5,500,1125.393011
-22.8,500,1125.549241
-22.5,500,1125.674963
-22.6,500,1125.800135
-22.5,500,1125.925458
-2.4,500,1126.051381
-22.9,500,1126.176598
-22.7,500,1126.30218
-22.5,500,1126.427804
-23.0,500,1126.553261
-22.9,500,1126.67923
-22.5,500,1126.804843
-22.7,500,1126.930383
-24.3,500,1127.056118
-34.2,500,1127.181519
-22.7,500,1127.307762
-22.7,500,1127.433076
-22.6,500,1127.558491
-22.6,500,1127.683829
-23.5,500,1127.811466
-24.1,500,1127.937689
-22.9,500,1128.063717
-23.0,500,1128.189371
-23.5,500,1128.31462
-22.8,500,1128.439658
-22.7,500,1128.565966
-24.8,500,1128.691513
-23.1,500,1128.817209
-23.6,500,1128.94259
-23.9,500,1129.067856
-22.7,500,1129.193852
-23.0,500,1129.319764
-31.7,500,1129.44524
-5.2,500,1129.571159
-22.9,500,1129.697042
-24.4,500,1129.823032
-23.2,500,1129.948088
-22.6,500,1130.073784
-23.3,500,1130.199455
-23.0,500,1130.325147
-23.0,500,1130.450854
-23.3,500,1130.577081
-24.7,500,1130.702827
-23.5,500,1130.828064
-22.7,500,1130.953407
-22.7,500,1131.078799
-33.9,500,1131.204992
-22.8,500,1131.331191
-23.4,500,1131.457164
-22.7,500,1131.582479
-23.2,500,1131.708078
-22.8,500,1131.834489
-22.6,500,1131.960299
-22.6,500,1132.08652
-30.1,500,1132.212561
-22.7,500,1132.337821
-23.2,500,1132.463567
-22.8,500,1132.589737
-22.5,500,1132.716352
-22.8,500,1132.842055
-22.6,500,1132.967606
-31.7,500,1133.093928
-22.9,500,1133.220311
-24.2,500,1133.346168
-23.5,500,1133.471537
-22.8,500,1133.59695
-23.0,500,1133.723042
-23.0,500,1133.847919
-22.9,500,1133.973581
-22.7,500,1134.099321
-22.8,500,1134.224794
-22.6,500,1134.350901
-22.5,500,1134.475758
-23.6,500,1134.601266
-22.7,500,1134.726165
-35.3,500,1134.851858
-23.1,500,1134.976929
-23.5,500,1135.10368
-23.2,500,1135.229072
-23.1,500,1135.355149
-22.7,500,1135.480595
-23.8,500,1135.605803
-23.7,500,1135.731358
-29.8,500,1135.857003
-22.5,500,1135.982665
-22.5,500,1136.108589
-5.2,500,1136.234496
-23.4,500,1136.361482
-23.7,500,1136.487042
-23.1,500,1136.612489
-22.8,500,1136.737916
-23.4,500,1136.863795
-23.0,500,1137.021539
-23.2,500,1137.146789
-33.9,500,1137.272195
-23.5,500,1137.398032
-22.8,500,1137.523289
-23.5,500,1137.649022
-22.9,500,1137.776475
-23.0,500,1137.902348
-22.9,500,1138.027681
-22.5,500,1138.153336
-22.6,500,1138.27893
-22.5,500,1138.404031
-25.5,500,1138.529551
-23.1,500,1138.655188
-22.5,500,1138.781291
-23.1,500,1138.906947
-22.9,500,1139.032665
-22.7,500,1139.15818
-33.1,500,1139.283912
-22.7,500,1139.410108
-24.3,500,1139.536021
-23.1,500,1139.661366
-24.7,500,1139.787263
-22.8,500,1139.913342
-22.9,500,1140.039111
-22.8,500,1140.165212
-22.7,500,1140.291407
-22.9,500,1140.417419
-23.2,500,1140.543933
-26.1,500,1140.671557
-22.7,500,1140.797408
-23.5,500,1140.922893
-22.9,500,1141.048481
-23.1,500,1141.174534
-22.9,500,1141.299756
-23.2,500,1141.425474
-22.6,500,1141.55074
-22.5,500,1141.676464
-22.8,500,1141.802879
-22.5,500,1141.928776
-22.7,500,1142.054509
-22.9,500,1142.179841
-23.2,500,1142.305072
-22.8,500,1142.430132
-23.6,500,1142.556121
-23.0,500,1142.681855
-62.8,500,1142.808906
-48.3,500,1142.934843
-22.6,500,1143.06048
-23.5,500,1143.187167
-23.1,500,1143.313147
-22.6,500,1143.439256
-22.7,500,1143.565137
-23.1,500,1143.691353
-22.5,500,1143.818242
-22.6,500,1143.944148
-6.9,500,1144.070297
-23.6,500,1144.195741
-23.6,500,1144.321939
-23.2,500,1144.446953
-22.8,500,1144.589457
-23.5,500,1144.715633
-23.8,500,1144.841216
-24.5,500,1144.967249
-1.6,500,1145.092775
-22.8,500,1145.218703
-22.5,500,1145.34406
-23.2,500,1145.469643
-23.1,500,1145.595723
-23.0,500,1145.721553
-22.9,500,1145.847131
-22.9,500,1145.973219
-22.6,500,1146.098623
-22.9,500,1146.224531
-22.5,500,1146.349852
-22.8,500,1146.476065
-23.2,500,1146.601716
-24.3,500,1146.727335
-22.9,500,1146.853665
-22.9,500,1146.979198
-23.5,500,1147.104452
-22.5,500,1147.229667
-23.1,500,1147.355071
-22.9,500,1147.48126
-22.7,500,1147.607103
-22.9,500,1147.734711
-23.7,500,1147.860796
-22.7,500,1147.986442
-23.4,500,1148.11281
-28.4,500,1148.238102
-23.6,500,1148.391727
-23.0,500,1148.517503
-22.5,500,1148.642691
-24.4,500,1148.768152
-23.0,500,1148.893388
-22.6,500,1149.01904
-23.2,500,1149.145438
-22.7,500,1149.270728
-23.0,500,1149.395847
-22.6,500,1149.521234
-23.2,500,1149.646772
-22.5,500,1149.772716
-32.1,500,1149.898341
-23.8,500,1150.024651
-22.8,500,1150.150767
-22.8,500,1150.276467
-22.9,500,1150.402907
-23.0,500,1150.528477
-23.0,500,1150.65388
-22.8,500,1150.779245
-22.8,500,1150.90441
-22.9,500,1151.030842
-22.7,500,1151.156429
-23.1,500,1151.281409
-22.7,500,1151.406557
-23.3,500,1151.532464
-22.6,500,1151.659209
-22.9,500,1151.784806
-22.7,500,1151.910065
-23.1,500,1152.03576
-80.3,500,1152.160734
-24.1,500,1152.285949
-29.7,500,1152.411896
-23.1,500,1152.537703
-23.0,500,1152.663559
-22.6,500,1152.791522
-22.7,500,1152.918005
-22.6,500,1153.043503
-23.1,500,1153.169256
-22.7,500,1153.294855
-22.7,500,1153.420459
-33.4,500,1153.545526
-23.5,500,1153.671357
-22.9,500,1153.796507
-22.8,500,1153.921837
-22.6,500,1154.047582
-27.4,500,1154.173143
-22.9,500,1154.2995
-23.1,500,1154.425626
-22.7,500,1154.551057
-22.6,500,1154.676912
-23.7,500,1154.80264
-22.9,500,1154.928776
-24.3,500,1155.054597
-22.7,500,1155.180148
-26.3,500,1155.306013
-22.9,500,1155.432486
-112.0,500,1155.557826
-22.9,500,1155.683206
-23.2,500,1155.808239
-22.5,500,1155.933736
-23.7,500,1156.059103
-23.4,500,1156.185181
-22.5,500,1156.310659
-23.6,500,1156.436208
-22.8,500,1156.56237
-22.8,500,1156.688134
-23.2,500,1156.813907
-22.7,500,1156.939709
-22.8,500,1157.065279
-23.1,500,1157.190718
-23.2,500,1157.317073
-23.5,500,1157.442275
-33.0,500,1157.567965
-23.1,500,1157.693314
-23.0,500,1157.821097
-22.5,500,1157.947739
-22.7,500,1158.073191
-22.7,500,1158.19899
-23.5,500,1158.324596
-22.7,500,1158.449998
-22.5,500,1158.575274
-22.7,500,1158.701142
-23.5,500,1158.826406
-23.5,500,1158.951421
-22.7,500,1159.077178
-22.6,500,1159.202342
-25.8,500,1159.328438
-24.3,500,1159.453668
-23.0,500,1159.579377
-23.6,500,1159.733148
-23.3,500,1159.858935
-22.5,500,1159.984002
-21.3,500,1160.10908
-39.4,500,1160.234385
-22.7,500,1160.359565
-23.1,500,1160.485888
-22.7,500,1160.611415
-22.6,500,1160.736817
-23.4,500,1160.861871
-22.5,500,1160.987243
-23.8,500,1161.113367
-23.8,500,1161.238692
-26.1,500,1161.364262
-23.5,500,1161.489564
-22.9,500,1161.615626
-22.9,500,1161.74221
-22.8,500,1161.869135
-23.0,500,1161.994993
-87.2,500,1162.120554
-23.6,500,1162.246076
-23.6,500,1162.372175
-26.2,500,1162.497281
-22.5,500,1162.623188
-23.0,500,1162.750603
-23.7,500,1162.876946
-22.6,500,1163.003853
-22.7,500,1163.129122
-22.9,500,1163.254705
-23.2,500,1163.381212
-22.9,500,1163.507443
-22.9,500,1163.633658
-23.1,500,1163.759077
-22.6,500,1163.884435
-22.7,500,1164.010073
-22.8,500,1164.135738
-30.2,500,1164.260954
-22.6,500,1164.386343
-23.9,500,1164.511651
-23.3,500,1164.637202
-22.5,500,1164.762517
-22.6,500,1164.888012
-23.5,500,1165.013525
-23.0,500,1165.139066
-22.8,500,1165.264379
-22.6,500,1165.390616
-76.3,500,1165.517009
-23.3,500,1165.643515
-23.0,500,1165.769867
-22.9,500,1165.895596
-22.8,500,1166.021366
-28.7,500,1166.147034
-22.7,500,1166.273334
-22.9,500,1166.398878
-23.1,500,1166.524162
-23.5,500,1166.65003
-23.9,500,1166.775507
-23.2,500,1166.901582
-22.9,500,1167.02628
-26.8,500,1167.15192
-22.9,500,1167.27741
-8.6,500,1167.403028
-49.3,500,1167.52911
-23.4,500,1167.655411
-22.7,500,1167.783107
-23.0,500,1167.909567
-22.7,500,1168.035196
-22.6,500,1168.161353
-22.7,500,1168.286722
-22.6,500,1168.4125
-22.6,500,1168.537736
-22.7,500,1168.663315
-23.2,500,1168.789859
-22.7,500,1168.915354
-22.9,500,1169.040407
-22.8,500,1169.166275
-22.6,500,1169.291895
-22.5,500,1169.417889
-22.8,500,1169.545032
-23.0,500,1169.670893
-22.5,500,1169.796784
-23.3,500,1169.922901
-22.7,500,1170.049967
-23.0,500,1170.175497
-21.5,500,1170.330338
-23.5,500,1170.456634
-25.1,500,1170.582914
-23.0,500,1170.708879
-22.6,500,1170.834972
-22.5,500,1170.960562
-23.2,500,1171.08609
-36.3,500,1171.212042
-23.5,500,1171.337459
-2.7,500,1171.463256
-22.7,500,1171.604064
-23.9,500,1171.749203
-22.8,500,1171.885277
-22.8,500,1172.026134
-22.5,500,1172.166687
-22.7,500,1172.30183
-22.7,500,1172.4293
-22.7,500,1172.556412
-22.6,500,1172.683486
-22.6,500,1172.81144
-22.6,500,1172.937125
-48.1,500,1173.063469
-23.2,500,1173.189535
-22.7,500,1173.314563
-26.1,500,1173.439322
-22.5,500,1173.570637
-23.3,500,1173.711965
-22.6,500,1173.838365
-22.9,500,1173.96422
-26.1,500,1174.090119
-22.7,500,1174.215773
-22.5,500,1174.342795
-22.5,500,1174.468731
-60.6,500,1174.594201
-47.4,500,1174.71983
-48.3,500,1174.845042
-23.8,500,1174.970839
-22.8,500,1175.097491
-22.8,500,1175.223423
-22.7,500,1175.3495
-23.3,500,1175.474658
-23.1,500,1175.601462
-23.5,500,1175.727451
-22.5,500,1175.853357
-23.4,500,1175.978981
-22.9,500,1176.104692
-22.6,500,1176.231356
-22.5,500,1176.356971
-43.6,500,1176.482592
-23.6,500,1176.608237
-22.5,500,1176.733731
-23.2,500,1176.860614
-23.5,500,1176.987784
-22.7,500,1177.113953
-22.9,500,1177.239408
-22.8,500,1177.365048
-23.7,500,1177.491511
-22.8,500,1177.61694
-22.7,500,1177.744403
-22.7,500,1177.870998
-22.7,500,1177.996845
-22.6,500,1178.123202
-2.5,500,1178.249093
-2.2,500,1178.374825
-23.3,500,1178.50051
-22.5,500,1178.626793
-22.9,500,1178.7528
-86.3,500,1178.879646
-2.2,500,1179.005785
-22.8,500,1179.131382
-25.0,500,1179.25692
-25.4,500,1179.383611
-23.5,500,1179.508985
-22.6,500,1179.633998
-22.5,500,1179.759558
-23.1,500,1179.885072
-24.2,500,1180.011529
-23.4,500,1180.137306
-23.3,500,1180.263072
-23.8,500,1180.388938
-22.7,500,1180.514662
-22.8,500,1180.641462
-23.0,500,1180.767645
-22.7,500,1180.893277
-62.5,500,1181.019425
-23.5,500,1181.144478
-23.9,500,1181.271154
-24.5,500,1181.396914
-23.6,500,1181.522937
-22.8,500,1181.648721
-23.0,500,1181.80422
-24.3,500,1181.930362
-22.8,500,1182.056091
-22.9,500,1182.181774
-23.3,500,1182.30769
-50.1,500,1182.433836
-24.7,500,1182.559334
-24.1,500,1182.684904
-23.8,500,1182.812518
-23.8,500,1182.93873
-22.7,500,1183.06506
-23.1,500,1183.191235
-24.7,500,1183.316827
-24.1,500,1183.442727
-23.0,500,1183.568777
-23.8,500,1183.694678
-22.9,500,1183.819779
-7.7,500,1183.94575
-23.4,500,1184.071213
-22.8,500,1184.197454
-23.0,500,1184.323149
-3.2,500,1184.449503
-23.2,500,1184.574869
-23.3,500,1184.700577
-3.3,500,1184.826849
-22.8,500,1184.953234
-2.6,500,1185.079233
-23.6,500,1185.204952
-23.4,500,1185.330142
-25.6,500,1185.456247
-2.5,500,1185.581961
-23.4,500,1185.707665
-23.4,500,1185.833226
-23.3,500,1185.958475
-7.1,500,1186.083791
-23.2,500,1186.209539
-22.7,500,1186.335322
-22.8,500,1186.460513
-22.8,500,1186.585882
-47.1,500,1186.711624
-22.6,500,1186.838056
-22.7,500,1186.964268
-22.8,500,1187.089897
-23.2,500,1187.215349
-22.5,500,1187.341265
-23.0,500,1187.467526
-22.7,500,1187.592912
-34.5,500,1187.718766
-36.0,500,1187.846421
-22.9,500,1187.973042
-23.0,500,1188.098656
-22.9,500,1188.224581
-23.4,500,1188.350848
-22.9,500,1188.476533
-4.9,500,1188.602849
-47.8,500,1188.728584
-22.8,500,1188.854007
-23.1,500,1188.97966
-22.7,500,1189.105171
-23.5,500,1189.231684
-22.6,500,1189.357349
-22.6,500,1189.483109
-23.0,500,1189.608646
-23.2,500,1189.734073
-29.6,500,1189.860825
-22.5,500,1189.986766
-47.3,500,1190.112792
-24.0,500,1190.238602
-23.1,500,1190.364156
-23.2,500,1190.490747
-24.2,500,1190.615871
-22.9,500,1190.742087
-23.1,500,1190.867642
-22.6,500,1190.993046
-25.8,500,1191.118809
-22.7,500,1191.245786
-22.6,500,1191.371597
-10.9,500,1191.497305
-23.1,500,1191.653839
-22.8,500,1191.779338
-22.8,500,1191.904793
-22.6,500,1192.030824
-2.5,500,1192.156463
-22.6,500,1192.281978
-22.8,500,1192.40686
-22.5,500,1192.532196
-23.1,500,1192.657413
-22.6,500,1192.784284
-23.1,500,1192.910587
-23.2,500,1193.036022
-15.1,500,1193.161627
-22.5,500,1193.288021
-22.8,500,1193.413051
-23.0,500,1193.538744
-22.7,500,1193.664109
-23.0,500,1193.789579
-24.3,500,1193.915091
-23.4,500,1194.040203
-23.9,500,1194.16634
-23.5,500,1194.29231
-23.3,500,1194.417404
-22.9,500,1194.543558
-22.5,500,1194.668852
-22.8,500,1194.795388
-22.5,500,1194.921556
-23.4,500,1195.046855
-23.3,500,1195.17229
-23.0,500,1195.298162
-22.7,500,1195.424072
-23.0,500,1195.550035
-23.2,500,1195.6754
-23.6,500,1195.800771
-22.9,500,1195.9258
-22.8,500,1196.05185
-23.6,500,1196.177089
-22.7,500,1196.302233
-23.0,500,1196.426986
-2.8,500,1196.55241
-23.1,500,1196.677394
-22.8,500,1196.802889
-48.6,500,1196.928154
-51.3,500,1197.05393
-50.7,500,1197.17952
-24.6,500,1197.305048
-24.2,500,1197.43081
-23.2,500,1197.55616
-22.8,500,1197.681843
-22.5,500,1197.809576
-22.7,500,1197.935955
-23.1,500,1198.06196
-22.5,500,1198.187922
-22.9,500,1198.313944
-22.9,500,1198.439598
-27.7,500,1198.564979
-23.3,500,1198.691059
-23.2,500,1198.817046
-23.3,500,1198.9425
-22.5,500,1199.067788
-47.1,500,1199.193059
-27.4,500,1199.318572
-23.6,500,1199.444057
-24.4,500,1199.570128
-24.2,500,1199.695631
-22.5,500,1199.821042
-23.1,500,1199.946295
-22.5,500,1200.071588
-24.7,500,1200.196872
-23.1,500,1200.322362
-23.8,500,1200.44772
-23.0,500,1200.573874
-23.8,500,1200.699388
-23.0,500,1200.825607
-23.1,500,1200.950961
-23.2,500,1201.076045
-22.7,500,1201.202406
-23.6,500,1201.327935
-22.5,500,1201.45403
-61.3,500,1201.579381
-22.1,500,1201.704437
-23.0,500,1201.830253
-23.0,500,1201.956219
-24.0,500,1202.082249
-22.2,500,1202.20809
-22.5,500,1202.333354
-23.3,500,1202.458945
-23.0,500,1202.617694
-22.9,500,1202.744338
-22.9,500,1202.871174
-23.1,500,1202.996597
-23.1,500,1203.122275
-31.7,500,1203.247219
-23.0,500,1203.373068
-22.7,500,1203.498648
-22.6,500,1203.624677
-22.7,500,1203.750321
-22.4,500,1203.875586
-29.0,500,1204.001547
-56.2,500,1204.126961
-23.2,500,1204.253241
-23.2,500,1204.378994
-31.5,500,1204.504725
-22.8,500,1204.630095
-23.5,500,1204.755893
-27.7,500,1204.882324
-22.1,500,1205.008187
-23.4,500,1205.133982
-22.9,500,1205.259566
-21.9,500,1205.385107
-23.3,500,1205.511191
-23.4,500,1205.639003
-22.1,500,1205.765154
-23.6,500,1205.891105
-22.2,500,1206.01696
-30.2,500,1206.143439
-22.2,500,1206.268939
-21.8,500,1206.394761
-22.0,500,1206.52061
-22.7,500,1206.645784
-23.3,500,1206.772184
-22.6,500,1206.897527
-23.1,500,1207.023278
-22.9,500,1207.149585
-22.8,500,1207.274944
-23.1,500,1207.400837
-22.5,500,1207.527109
-23.4,500,1207.652564
-37.7,500,1207.779642
-26.0,500,1207.905437
-22.9,500,1208.030453
-22.9,500,1208.156904
-5.9,500,1208.282682
-24.7,500,1208.408594
-22.7,500,1208.533716
-22.8,500,1208.659488
-21.9,500,1208.786044
-22.7,500,1208.911403
-23.1,500,1209.03644
-21.6,500,1209.162253
-22.5,500,1209.287951
-24.3,500,1209.414431
-2.7,500,1209.540588
-53.2,500,1209.666631
-22.2,500,1209.792327
-22.5,500,1209.918572
-3.1,500,1210.044831
-24.8,500,1210.170591
-23.2,500,1210.29625
-22.5,500,1210.422295
-22.5,500,1210.548041
-22.5,500,1210.674431
-22.5,500,1210.800461
-23.0,500,1210.926092
-22.8,500,1211.051743
-7.7,500,1211.177443
-22.6,500,1211.30345
-23.0,500,1211.430297
-22.9,500,1211.556186
-23.6,500,1211.682231
-22.9,500,1211.808161
-113.8,500,1211.935099
-23.3,500,1212.060618
-23.2,500,1212.187093
-22.5,500,1212.312573
-22.9,500,1212.438443
-22.7,500,1212.564246
-22.9,500,1212.690786
-22.7,500,1212.818464
-22.7,500,1212.944453
-22.6,500,1213.069797
-22.5,500,1213.195979
-22.9,500,1213.321701
-22.8,500,1213.447546
-24.2,500,1213.573296
-25.3,500,1213.698929
-22.9,500,1213.824533
-22.8,500,1213.950352
-22.7,500,1214.103914
-22.9,500,1214.230032
-23.1,500,1214.356273
-25.4,500,1214.481566
-22.8,500,1214.607132
-22.5,500,1214.732992
-22.5,500,1214.858731
-23.1,500,1214.984978
-22.5,500,1215.110107
-23.7,500,1215.235463
-23.0,500,1215.361255
-43.0,500,1215.486777
-22.7,500,1215.613251
-14.0,500,1215.738691
-22.7,500,1215.864034
-23.1,500,1215.990135
-22.7,500,1216.115687
-23.2,500,1216.242035
-23.1,500,1216.367331
-22.9,500,1216.493164
-22.5,500,1216.618743
-23.0,500,1216.744195
-49.5,500,1216.869844
-23.3,500,1216.99547
-22.9,500,1217.121183
-22.7,500,1217.247181
-22.5,500,1217.372967
-22.5,500,1217.498764
-51.0,500,1217.624601
-47.7,500,1217.750961
-47.5,500,1217.877972
-47.0,500,1218.003686
-22.9,500,1218.129349
-31.1,500,1218.25614
-22.9,500,1218.381754
-24.8,500,1218.507912
-66.6,500,1218.633381
-48.1,500,1218.758544
-24.0,500,1218.884746
-22.8,500,1219.010491
-22.5,500,1219.135943
-22.7,500,1219.261911
-22.9,500,1219.387573
-22.7,500,1219.514191
-23.3,500,1219.640253
-2.2,500,1219.766407
-23.4,500,1219.891926
-23.0,500,1220.017504
-22.6,500,1220.143325
-22.9,500,1220.26892
-23.0,500,1220.394312
-23.1,500,1220.520032
-22.5,500,1220.645866
-23.0,500,1220.772012
-23.1,500,1220.897722
-23.0,500,1221.023851
-23.0,500,1221.149597
-23.5,500,1221.275011
-22.9,500,1221.400833
-24.4,500,1221.526818
-22.7,500,1221.652354
-22.9,500,1221.778187
-22.9,500,1221.903661
-22.6,500,1222.029612
-24.0,500,1222.154839
-22.8,500,1222.280338
-23.0,500,1222.405617
-23.0,500,1222.530891
-23.1,500,1222.656478
-23.0,500,1222.783659
-22.8,500,1222.909651
-23.2,500,1223.03547
-23.3,500,1223.160204
-22.7,500,1223.285889
-23.1,500,1223.413293
-22.5,500,1223.539408
-4.5,500,1223.66495
-22.9,500,1223.790623
-22.9,500,1223.917431
-2.3,500,1224.043228
-23.7,500,1224.168857
-24.2,500,1224.294435
-22.5,500,1224.419959
-23.1,500,1224.546628
-41.3,500,1224.671859
-23.1,500,1224.797917
-23.1,500,1224.923812
-49.8,500,1225.04952
-23.9,500,1225.175644
-23.2,500,1225.330771
-23.3,500,1225.456448
-22.8,500,1225.581475
-22.7,500,1225.707309
-22.9,500,1225.832611
-22.9,500,1225.957895
-22.5,500,1226.083667
-31.7,500,1226.208774
-23.1,500,1226.33425
-22.9,500,1226.459296
-15.0,500,1226.595743
-24.3,500,1226.743852
-22.5,500,1226.879239
-22.7,500,1227.020944
-23.3,500,1227.158357
-23.4,500,1227.296752
-23.2,500,1227.4242
-23.6,500,1227.550578
-23.3,500,1227.677571
-22.9,500,1227.805284
-23.3,500,1227.932249
-23.3,500,1228.0577
-22.7,500,1228.18415
-36.8,500,1228.310451
-22.9,500,1228.435895
-22.7,500,1228.567843
-22.8,500,1228.708711
-22.8,500,1228.836113
-23.0,500,1228.963579
-22.7,500,1229.089511
-22.6,500,1229.215349
-22.8,500,1229.341051
-22.8,500,1229.467932
-24.7,500,1229.593927
-22.8,500,1229.719836
-23.8,500,1229.845426
-22.9,500,1229.971291
-22.9,500,1230.096832
-22.8,500,1230.222468
-22.6,500,1230.347738
-23.0,500,1230.473702
-22.6,500,1230.599104
-45.8,500,1230.725014
-23.9,500,1230.851378
-22.7,500,1230.977115
-22.7,500,1231.102717
-23.5,500,1231.228653
-22.7,500,1231.354283
-22.6,500,1231.480383
-24.0,500,1231.606245
-23.4,500,1231.731696
-7.4,500,1231.857466
-51.2,500,1231.984148
-23.4,500,1232.109832
-28.0,500,1232.235796
-24.0,500,1232.360856
-5.7,500,1232.486919
-23.7,500,1232.612272
-23.1,500,1232.738187
-23.9,500,1232.866232
-111.9,500,1232.993253
-47.8,500,1233.119458
-47.4,500,1233.246475
-22.5,500,1233.372618
-23.2,500,1233.498648
-23.3,500,1233.624331
-22.8,500,1233.750583
-23.9,500,1233.877224
-22.5,500,1234.002914
-23.0,500,1234.12864
-23.4,500,1234.254543
-23.9,500,1234.379681
-23.9,500,1234.506139
-22.5,500,1234.631686
-35.0,500,1234.757711
-3.6,500,1234.883179
-51.8,500,1235.009161
-47.2,500,1235.136475
-22.7,500,1235.262625
-22.8,500,1235.388451
-22.6,500,1235.514581
-23.2,500,1235.640221
-22.7,500,1235.767151
-22.8,500,1235.892819
-23.5,500,1236.018663
-23.1,500,1236.14433
-22.7,500,1236.300491
-23.1,500,1236.426109
-26.0,500,1236.551627
-22.6,500,1236.677371
-22.7,500,1236.803697
-22.7,500,1236.930456
-23.1,500,1237.056649
-23.2,500,1237.182734
-23.4,500,1237.308286
-22.8,500,1237.434605
-23.0,500,1237.561158
-23.2,500,1237.687156
-22.7,500,1237.814598
-27.8,500,1237.940392
-23.2,500,1238.06682
-5.7,500,1238.193318
-46.5,500,1238.319427
-46.0,500,1238.44554
-23.1,500,1238.571356
-23.3,500,1238.698182
-23.8,500,1238.825282
-22.7,500,1238.950867
-23.1,500,1239.076511
-22.8,500,1239.202199
-23.4,500,1239.328696
-23.3,500,1239.455085
-23.0,500,1239.581049
-25.0,500,1239.706742
-22.5,500,1239.832033
-23.5,500,1239.95812
-23.3,500,1240.084453
-23.3,500,1240.209821
-23.0,500,1240.335354
-23.9,500,1240.461043
-23.7,500,1240.587276
-22.8,500,1240.712946
-23.0,500,1240.838727
-23.1,500,1240.964309
-23.2,500,1241.089825
-22.8,500,1241.216243
-23.0,500,1241.342187
-22.7,500,1241.467744
-22.6,500,1241.593388
-22.8,500,1241.719019
-40.0,500,1241.844971
-23.0,500,1241.970866
-22.6,500,1242.096101
-22.7,500,1242.221704
-22.5,500,1242.346931
-22.9,500,1242.473276
-24.4,500,1242.599055
-23.1,500,1242.724967
-22.7,500,1242.853083
-22.7,500,1242.978922
-23.0,500,1243.105333
-23.0,500,1243.231423
-23.0,500,1243.357469
-22.8,500,1243.483217
-24.3,500,1243.608864
-22.6,500,1243.735324
-46.0,500,1243.861106
-22.9,500,1243.986569
-23.0,500,1244.111927
-23.3,500,1244.237559
-22.9,500,1244.36331
-24.2,500,1244.489244
-23.0,500,1244.614454
-22.9,500,1244.740438
-22.8,500,1244.866426
-23.8,500,1244.992277
-22.7,500,1245.119056
-22.9,500,1245.245058
-23.2,500,1245.370629
-24.2,500,1245.495976
-49.7,500,1245.621357
-11.4,500,1245.747479
-47.8,500,1245.873343
-22.8,500,1245.998659
-22.9,500,1246.124678
-23.3,500,1246.250049
-24.2,500,1246.376257
-22.5,500,1246.501677
-22.6,500,1246.627535
-23.2,500,1246.753298
-27.0,500,1246.878884
-22.1,500,1247.005649
-23.0,500,1247.160312
-25.1,500,1247.286279
-3.9,500,1247.412629
-48.8,500,1247.538057
-24.4,500,1247.663985
-23.2,500,1247.79315
-22.6,500,1247.919647
-23.9,500,1248.045944
-23.0,500,1248.171367
-22.8,500,1248.297157
-26.6,500,1248.422603
-23.1,500,1248.547949
-22.7,500,1248.674184
-22.6,500,1248.79977
-22.5,500,1248.925594
-11.9,500,1249.051831
-23.0,500,1249.17742
-22.9,500,1249.303846
-23.6,500,1249.430036
-22.9,500,1249.555889
-22.8,500,1249.681862
-1.4,500,1249.807501
-22.9,500,1249.949788
-22.6,500,1250.07584
-22.9,500,1250.202002
-23.8,500,1250.327634
-22.8,500,1250.454137
-23.7,500,1250.579373
-23.0,500,1250.704783
-25.0,500,1250.830363
-22.7,500,1250.955553
-22.8,500,1251.081564
-22.7,500,1251.207533
-22.6,500,1251.33275
-23.5,500,1251.458507
-23.7,500,1251.583667
-25.3,500,1251.710142
-22.8,500,1251.835413
-22.8,500,1251.960765
-22.6,500,1252.085843
-23.0,500,1252.211512
-22.7,500,1252.337754
-23.0,500,1252.463798
-22.7,500,1252.589192
-22.7,500,1252.714962
-22.5,500,1252.84259
-22.8,500,1252.968985
-23.1,500,1253.094941
-24.7,500,1253.220634
-24.8,500,1253.346191
-22.8,500,1253.47167
-22.8,500,1253.597572
-22.6,500,1253.72314
-23.0,500,1253.848433
-22.7,500,1253.974207
-23.2,500,1254.099522
-23.1,500,1254.224922
-24.1,500,1254.350348
-23.5,500,1254.475917
-23.2,500,1254.601499
-22.5,500,1254.726769
-23.5,500,1254.852322
-25.9,500,1254.977421
-22.7,500,1255.102705
-23.0,500,1255.229542
-24.2,500,1255.355052
-31.1,500,1255.480324
-23.0,500,1255.60519
-23.0,500,1255.730293
-22.6,500,1255.855568
-23.1,500,1255.981976
-22.5,500,1256.107477
-23.1,500,1256.233412
-23.1,500,1256.359154
-22.5,500,1256.484984
-28.3,500,1256.610679
-22.7,500,1256.736046
-24.0,500,1256.862683
-23.2,500,1256.988218
-22.8,500,1257.114834
-22.8,500,1257.240937
-23.1,500,1257.36685
-22.7,500,1257.492166
-22.9,500,1257.618414
-23.3,500,1257.744347
-22.6,500,1257.901226
-22.5,500,1258.028129
-22.6,500,1258.153853
-22.9,500,1258.27955
-14.8,500,1258.404815
-23.2,500,1258.530654
-26.8,500,1258.656061
-22.5,500,1258.782066
-22.7,500,1258.908231
-23.3,500,1259.03459
-24.1,500,1259.160711
-22.9,500,1259.286624
-22.8,500,1259.412635
-23.4,500,1259.537762
-22.8,500,1259.663256
-22.9,500,1259.788838
-23.2,500,1259.914564
-23.1,500,1260.03991
-22.6,500,1260.165314
-22.9,500,1260.29147
-23.7,500,1260.417203
-115.2,500,1260.543143
-51.1,500,1260.668625
-47.7,500,1260.794358
-47.9,500,1260.919969
-47.9,500,1261.046532
-48.3,500,1261.172829
-47.5,500,1261.29835
-23.0,500,1261.426663
-23.5,500,1261.553561
-22.7,500,1261.679351
-23.1,500,1261.805666
-23.3,500,1261.932689
-22.7,500,1262.058422
-23.1,500,1262.183804
-22.7,500,1262.309748
-23.2,500,1262.435268
-22.5,500,1262.561417
-22.5,500,1262.687225
-22.7,500,1262.814448
-124.8,500,1262.94095
-53.6,500,1263.066772
-47.5,500,1263.192987
-48.0,500,1263.319413
-47.8,500,1263.445192
-48.3,500,1263.571064
-23.4,500,1263.696434
-26.8,500,1263.821939
-22.9,500,1263.94728
-23.1,500,1264.073073
-22.7,500,1264.199566
-22.8,500,1264.325048
-22.8,500,1264.450597
-23.1,500,1264.575453
-22.8,500,1264.700772
-22.9,500,1264.82578
-23.7,500,1264.952001
-23.2,500,1265.077654
-23.0,500,1265.202811
-23.0,500,1265.328325
-23.0,500,1265.453585
-25.4,500,1265.578915
-23.5,500,1265.705135
-22.7,500,1265.831863
-23.0,500,1265.95775
-33.7,500,1266.083247
-22.7,500,1266.20898
-23.6,500,1266.334416
-23.0,500,1266.459629
-6.7,500,1266.586441
-33.2,500,1266.713654
-23.9,500,1266.840603
-22.6,500,1266.967041
-22.6,500,1267.092716
-22.6,500,1267.219086
-22.5,500,1267.344484
-23.0,500,1267.470325
-23.3,500,1267.595997
-22.9,500,1267.722007
-23.3,500,1267.849473
-23.1,500,1267.975285
-31.0,500,1268.101168
-22.9,500,1268.227056
-23.0,500,1268.352972
-22.8,500,1268.481472
-22.5,500,1268.607956
-22.8,500,1268.734157
-23.4,500,1268.860358
-23.9,500,1268.985943
-26.0,500,1269.111805
-24.0,500,1269.237517
-23.2,500,1269.363102
-23.1,500,1269.489456
-23.5,500,1269.645762
-21.8,500,1269.772047
-21.9,500,1269.897711
-24.0,500,1270.024017
-23.1,500,1270.149311
-23.2,500,1270.276156
-23.7,500,1270.402338
-22.9,500,1270.528017
-27.2,500,1270.653753
-22.9,500,1270.780291
-23.1,500,1270.905929
-23.4,500,1271.03177
-22.9,500,1271.157626
-24.5,500,1271.282923
-22.7,500,1271.408127
-23.0,500,1271.534311
-22.7,500,1271.659775
-23.9,500,1271.78527
-22.8,500,1271.910524
-22.6,500,1272.035995
-22.9,500,1272.161728
-22.8,500,1272.28764
-22.8,500,1272.413211
-23.6,500,1272.538918
-37.5,500,1272.664313
-23.0,500,1272.789959
-23.2,500,1272.921529
-22.8,500,1273.048254
-23.6,500,1273.174087
-22.8,500,1273.300523
-22.9,500,1273.426384
-23.8,500,1273.55172
-23.2,500,1273.676874
-23.1,500,1273.802215
-22.9,500,1273.928593
-23.4,500,1274.054268
-22.5,500,1274.179903
-23.1,500,1274.305299
-22.5,500,1274.430784
-35.4,500,1274.556339
-22.5,500,1274.682567
-23.5,500,1274.808711
-23.5,500,1274.934446
-22.7,500,1275.060029
-23.2,500,1275.185888
-23.3,500,1275.311352
-22.8,500,1275.438131
-22.6,500,1275.564045
-22.6,500,1275.689899
-22.6,500,1275.816221
-23.2,500,1275.941996
-23.3,500,1276.068057
-24.5,500,1276.195319
-22.8,500,1276.321364
-23.9,500,1276.447499
-22.9,500,1276.573255
-22.9,500,1276.699558
-23.7,500,1276.825058
-22.5,500,1276.951517
-22.7,500,1277.076728
-32.0,500,1277.20298
-23.0,500,1277.32852
-22.7,500,1277.45462
-22.8,500,1277.580117
-22.8,500,1277.705766
-22.6,500,1277.833835
-23.1,500,1277.96054
-24.1,500,1278.086209
-23.2,500,1278.211835
-24.1,500,1278.337128
-23.6,500,1278.46228
-23.0,500,1278.587987
-23.6,500,1278.713262
-22.5,500,1278.839005
-23.0,500,1278.964269
-7.1,500,1279.089876
-23.5,500,1279.215532
-23.3,500,1279.341075
-23.0,500,1279.466998
-23.3,500,1279.592728
-22.9,500,1279.718343
-22.6,500,1279.843967
-23.3,500,1279.969851
-22.6,500,1280.098389
-23.5,500,1280.228287
-23.1,500,1280.35482
-23.2,500,1280.481449
-22.6,500,1280.637089
-27.8,500,1280.762673
-28.8,500,1280.887845
-22.7,500,1281.013169
-22.7,500,1281.138114
-22.7,500,1281.263103
-23.1,500,1281.388004
-23.4,500,1281.514182
-22.6,500,1281.639806
-23.0,500,1281.76592
-22.6,500,1281.891415
-23.1,500,1282.016935
-22.0,500,1282.14185
-23.2,500,1282.268031
-22.9,500,1282.393686
-23.2,500,1282.518659
-6.4,500,1282.643695
-22.9,500,1282.769027
-22.7,500,1282.896577
-22.6,500,1283.023985
-23.2,500,1283.149754
-22.8,500,1283.275623
-23.2,500,1283.404341
-22.7,500,1283.531477
-4.8,500,1283.657847
-27.3,500,1283.78305
-22.7,500,1283.908564
-24.5,500,1284.033454
-22.5,500,1284.158667
-22.5,500,1284.28498
-22.8,500,1284.409944
-22.9,500,1284.535435
-22.8,500,1284.66083
-22.8,500,1284.786197
-23.6,500,1284.911778
-23.2,500,1285.037497
-26.0,500,1285.162945
-22.7,500,1285.288631
-23.4,500,1285.41363
-22.8,500,1285.539261
-22.7,500,1285.664153
-22.6,500,1285.789645
-23.2,500,1285.915177
-23.0,500,1286.040354
-23.1,500,1286.165993
-23.3,500,1286.291287
-22.7,500,1286.416829
-22.6,500,1286.542055
-23.2,500,1286.667921
-24.1,500,1286.793571
-22.8,500,1286.918875
-22.5,500,1287.044065
-22.8,500,1287.170058
-23.5,500,1287.295164
-23.7,500,1287.420107
-22.8,500,1287.545219
-23.6,500,1287.670713
-23.0,500,1287.796293
-25.6,500,1287.923798
-23.3,500,1288.049963
-23.5,500,1288.175449
-22.7,500,1288.300219
-23.8,500,1288.425906
-22.8,500,1288.551792
-25.1,500,1288.677162
-50.7,500,1288.802103
-48.3,500,1288.927725
-47.5,500,1289.053534
-47.9,500,1289.178551
-47.3,500,1289.304708
-22.5,500,1289.431256
-22.5,500,1289.55667
-22.8,500,1289.681974
-22.8,500,1289.807477
-23.0,500,1289.932933
-23.3,500,1290.058009
-22.5,500,1290.18388
-23.5,500,1290.309154
-23.3,500,1290.435312
-22.8,500,1290.561468
-22.8,500,1290.68731
-23.4,500,1290.812855
-23.5,500,1290.938533
-6.6,500,1291.064297
-23.9,500,1291.189841
-22.9,500,1291.315369
-23.1,500,1291.44102
-22.6,500,1291.56659
-22.9,500,1291.72148
-23.4,500,1291.847297
-23.6,500,1291.973082
-6.5,500,1292.099049
-23.9,500,1292.224348
-23.3,500,1292.35031
-22.9,500,1292.475871
-22.9,500,1292.617993
-22.5,500,1292.758179
-22.5,500,1292.899915
-22.5,500,1293.036538
-22.9,500,1293.176572
-23.1,500,1293.309815
-22.8,500,1293.436127
-22.9,500,1293.562556
-30.3,500,1293.688558
-26.2,500,1293.814532
-23.2,500,1293.940455
-25.6,500,1294.06626
-22.7,500,1294.191682
-23.1,500,1294.317054
-22.7,500,1294.444064
-23.4,500,1294.575249
-22.8,500,1294.715196
-22.5,500,1294.841949
-23.3,500,1294.968763
-23.2,500,1295.095449
-22.6,500,1295.221433
-22.8,500,1295.347256
-22.6,500,1295.472977
-23.1,500,1295.598641
-22.9,500,1295.725095
-22.5,500,1295.850235
-22.6,500,1295.975916
-22.7,500,1296.101045
-23.7,500,1296.226486
-22.8,500,1296.351926
-24.0,500,1296.47746
-24.4,500,1296.604571
-23.4,500,1296.730208
-23.0,500,1296.855898
-78.8,500,1296.982134
-49.1,500,1297.108321
-24.0,500,1297.234464
-23.7,500,1297.36009
-23.3,500,1297.486061
-23.7,500,1297.61146
-24.0,500,1297.736927
-22.9,500,1297.863946
-22.9,500,1297.990498
-23.5,500,1298.116186
-22.8,500,1298.242455
-22.8,500,1298.368224
-14.0,500,1298.493827
-25.9,500,1298.619633
-23.6,500,1298.744976
-23.3,500,1298.871125
-23.3,500,1298.997826
-24.4,500,1299.123358
-23.8,500,1299.248971
-23.1,500,1299.375025
-23.5,500,1299.501072
-40.3,500,1299.627784
-22.7,500,1299.753301
-23.0,500,1299.879036
-23.6,500,1300.004787
-27.9,500,1300.130322
-9.6,500,1300.25657
-23.0,500,1300.382865
-23.1,500,1300.508328
-22.5,500,1300.634052
-23.0,500,1300.760107
-23.3,500,1300.885858
-22.5,500,1301.011437
-23.0,500,1301.137316
-28.4,500,1301.263206
-23.1,500,1301.388239
-22.8,500,1301.51393
-23.0,500,1301.63987
-22.9,500,1301.765978
-23.1,500,1301.891503
-23.1,500,1302.017617
-25.7,500,1302.143004
-54.0,500,1302.268669
-23.0,500,1302.394045
-23.1,500,1302.520484
-24.1,500,1302.64591
-24.2,500,1302.771284
-23.1,500,1302.899
-22.8,500,1303.025505
-24.4,500,1303.151266
-22.8,500,1303.30796
-22.9,500,1303.433712
-22.6,500,1303.559058
-22.9,500,1303.684049
-27.0,500,1303.809411
-23.2,500,1303.935084
-22.9,500,1304.060694
-23.4,500,1304.186142
-23.0,500,1304.311328
-22.6,500,1304.436832
-4.5,500,1304.563124
-32.4,500,1304.688323
-23.2,500,1304.813464
-23.3,500,1304.93895
-23.7,500,1305.064969
-22.6,500,1305.190415
-23.2,500,1305.315359
-22.5,500,1305.441521
-23.1,500,1305.56729
-8.1,500,1305.692927
-24.5,500,1305.818781
-24.4,500,1305.94419
-23.0,500,1306.069747
-23.2,500,1306.195144
-22.7,500,1306.321151
-23.4,500,1306.446951
-23.3,500,1306.57234
-24.9,500,1306.697439
-23.1,500,1306.823159
-37.5,500,1306.948594
-22.8,500,1307.075077
-23.0,500,1307.201192
-23.1,500,1307.326601
-23.4,500,1307.452413
-23.0,500,1307.578015
-23.0,500,1307.703442
-23.3,500,1307.829544
-23.5,500,1307.956861
-1.7,500,1308.082873
-22.6,500,1308.208827
-23.0,500,1308.334679
-22.6,500,1308.460041
-22.7,500,1308.586356
-22.8,500,1308.712243
-25.4,500,1308.837886
-23.8,500,1308.963226
-24.4,500,1309.088852
-22.8,500,1309.214458
-23.1,500,1309.340454
-23.0,500,1309.466522
-25.2,500,1309.592964
-23.1,500,1309.718836
-31.3,500,1309.84552
-23.9,500,1309.970652
-23.5,500,1310.096278
-23.1,500,1310.222166
-22.6,500,1310.347581
-22.7,500,1310.473467
-23.7,500,1310.598911
-26.9,500,1310.724406
-22.8,500,1310.850873
-23.3,500,1310.976513
-22.8,500,1311.10196
-23.4,500,1311.22703
-23.2,500,1311.352245
-22.6,500,1311.477846
-22.7,500,1311.603373
-22.5,500,1311.728988
-23.0,500,1311.854587
-33.7,500,1311.979979
-25.0,500,1312.105807
-23.3,500,1312.231284
-22.8,500,1312.357046
-22.7,500,1312.48245
-22.9,500,1312.608149
-23.6,500,1312.733632
-24.6,500,1312.860353
-23.0,500,1312.986909
-22.8,500,1313.113517
-23.3,500,1313.239116
-23.0,500,1313.365223
-23.1,500,1313.491035
-22.6,500,1313.616566
-22.5,500,1313.742137
-30.3,500,1313.868094
-31.7,500,1313.994564
-23.2,500,1314.122103
-23.6,500,1314.247988
-22.7,500,1314.373637
-22.8,500,1314.499135
-22.9,500,1314.624874
-23.0,500,1314.751066
-22.7,500,1314.876362
-23.7,500,1315.002035
-22.7,500,1315.127289
-22.8,500,1315.252841
-66.1,500,1315.377925
-22.8,500,1315.503317
-22.8,500,1315.660449
-22.6,500,1315.785722
-23.0,500,1315.911032
-23.2,500,1316.036297
-23.1,500,1316.162126
-22.6,500,1316.287872
-22.6,500,1316.413496
-23.2,500,1316.539236
-22.9,500,1316.664713
-22.9,500,1316.789922
-23.6,500,1316.915402
-22.5,500,1317.040846
-23.1,500,1317.166454
-22.9,500,1317.292123
-22.9,500,1317.417736
-67.4,500,1317.543527
-48.4,500,1317.669804
-47.8,500,1317.795384
-22.6,500,1317.923139
-22.9,500,1318.049225
-22.7,500,1318.175033
-22.8,500,1318.300535
-32.0,500,1318.426681
-23.0,500,1318.55262
-3.9,500,1318.680942
-23.5,500,1318.807015
-23.3,500,1318.932899
-22.8,500,1319.058414
-31.9,500,1319.183808
-22.7,500,1319.310039
-23.1,500,1319.435546
-22.8,500,1319.560815
-22.6,500,1319.687043
-23.0,500,1319.812591
-23.0,500,1319.93828
-22.7,500,1320.063945
-22.6,500,1320.190058
-21.6,500,1320.316026
-24.0,500,1320.441986
-23.5,500,1320.567664
-4.4,500,1320.693634
-23.6,500,1320.819203
-22.6,500,1320.945832
-23.1,500,1321.07351
-22.9,500,1321.200071
-24.6,500,1321.32679
-22.8,500,1321.452659
-22.5,500,1321.578534
-24.4,500,1321.705061
-22.8,500,1321.830405
-23.4,500,1321.955732
-25.9,500,1322.08127
-22.8,500,1322.207482
-23.5,500,1322.333271
-22.5,500,1322.465255
-23.0,500,1322.593724
-22.8,500,1322.719217
-3.0,500,1322.85169
-78.4,500,1322.980423
-22.9,500,1323.109204
-5.0,500,1323.236705
-3.4,500,1323.363603
-23.1,500,1323.490572
-2.1,500,1323.616705
-1.7,500,1323.743127
-23.1,500,1323.869412
-2.6,500,1323.994736
-23.6,500,1324.120332
-23.4,500,1324.246013
-23.7,500,1324.371968
-23.2,500,1324.497719
-23.3,500,1324.624229
-22.8,500,1324.750154
-22.5,500,1324.876506
-23.6,500,1325.002173
-22.9,500,1325.128026
-23.0,500,1325.253504
-5.2,500,1325.379651
-22.6,500,1325.505743
-23.1,500,1325.631287
-22.8,500,1325.757118
-24.5,500,1325.883312
-22.7,500,1326.011411
-23.6,500,1326.137199
-22.9,500,1326.262933
-22.7,500,1326.388507
-23.2,500,1326.51431
-22.8,500,1326.668523
-22.9,500,1326.794367
-23.6,500,1326.920264
-22.5,500,1327.045555
-3.6,500,1327.171207
-23.4,500,1327.296782
-22.7,500,1327.42243
-22.5,500,1327.548862
-23.5,500,1327.674545
-24.0,500,1327.800408
-22.7,500,1327.928253
-25.0,500,1328.054076
-23.4,500,1328.180224
-22.5,500,1328.306857
-22.6,500,1328.432755
-22.6,500,1328.559166
-22.6,500,1328.684752
-22.5,500,1328.810354
-22.6,500,1328.936366
-22.8,500,1329.062295
-22.5,500,1329.187985
-23.0,500,1329.313654
-22.7,500,1329.439443
-22.7,500,1329.564711
-23.1,500,1329.690667
-2.2,500,1329.816782
-25.5,500,1329.94244
-23.8,500,1330.068323
-23.0,500,1330.193877
-22.5,500,1330.319388
-22.7,500,1330.444825
-22.7,500,1330.570494
-29.7,500,1330.696343
-22.7,500,1330.82173
-24.0,500,1330.947194
-22.7,500,1331.072826
-22.6,500,1331.198029
-46.9,500,1331.323428
-23.0,500,1331.44994
-22.7,500,1331.575629
-22.8,500,1331.701427
-22.5,500,1331.82732
-31.6,500,1331.953253
-22.7,500,1332.079839
-22.8,500,1332.205595
-22.5,500,1332.331998
-22.5,500,1332.457762
-23.5,500,1332.583292
-22.7,500,1332.708875
-22.9,500,1332.835264
-22.5,500,1332.962892
-22.9,500,1333.089403
-22.9,500,1333.215949
-28.8,500,1333.341475
-24.3,500,1333.466696
-22.5,500,1333.593145
-22.6,500,1333.718706
-23.1,500,1333.844265
-22.7,500,1333.970026
-23.1,500,1334.095694
-23.4,500,1334.22114
-22.7,500,1334.346461
-22.6,500,1334.472533
-23.2,500,1334.597634
-23.6,500,1334.723303
-23.4,500,1334.849539
-23.5,500,1334.97525
-22.8,500,1335.10075
-22.8,500,1335.226348
-22.5,500,1335.352802
-22.9,500,1335.478514
-22.7,500,1335.604633
-25.8,500,1335.730026
-22.5,500,1335.856028
-22.9,500,1335.98164
-22.6,500,1336.108371
-23.0,500,1336.233474
-22.8,500,1336.359539
-24.3,500,1336.48561
-9.2,500,1336.611649
-59.0,500,1336.737528
-23.2,500,1336.863215
-23.3,500,1336.989192
-23.0,500,1337.11556
-23.1,500,1337.244145
-23.0,500,1337.373422
-23.0,500,1337.502499
-23.2,500,1337.629345
-22.5,500,1337.758683
-22.6,500,1337.918132
-22.6,500,1338.043873
-23.0,500,1338.169464
-22.8,500,1338.295991
-77.9,500,1338.421606
-24.1,500,1338.547022
-22.5,500,1338.673194
-22.0,500,1338.799151
-23.1,500,1338.925106
-23.1,500,1339.050204
-21.8,500,1339.175665
-21.8,500,1339.301212
-22.3,500,1339.426475
-21.7,500,1339.552127
-23.5,500,1339.677386
-22.7,500,1339.802503
-25.7,500,1339.927998
-22.8,500,1340.053299
-23.9,500,1340.17825
-22.8,500,1340.303928
-23.3,500,1340.429251
-22.0,500,1340.554489
-25.4,500,1340.679834
-23.6,500,1340.80509
-22.8,500,1340.930472
-22.8,500,1341.056446
-22.6,500,1341.183969
-24.1,500,1341.309992
-23.3,500,1341.435737
-22.5,500,1341.56131
-22.6,500,1341.686929
-22.6,500,1341.812832
-22.8,500,1341.937929
-27.9,500,1342.063235
-23.3,500,1342.188793
-22.9,500,1342.314547
-22.9,500,1342.440663
-22.5,500,1342.566863
-22.8,500,1342.693469
-22.6,500,1342.81922
-23.1,500,1342.946473
-23.2,500,1343.072378
-31.4,500,1343.198161
-31.6,500,1343.32337
-23.6,500,1343.452236
-49.1,500,1343.586868
-48.2,500,1343.731917
-48.6,500,1343.871202
-48.0,500,1344.0139
-23.6,500,1344.151319
-23.3,500,1344.289853
-23.4,500,1344.418143
-22.7,500,1344.544955
-22.9,500,1344.671282
-23.0,500,1344.797747
-22.5,500,1344.923462
-6.1,500,1345.049731
-91.0,500,1345.17575
-22.6,500,1345.301435
-22.7,500,1345.426581
-22.8,500,1345.555323
-23.1,500,1345.697705
-23.8,500,1345.830586
-23.7,500,1345.959928
-23.1,500,1346.086937
-23.0,500,1346.213932
-22.7,500,1346.341182
-23.2,500,1346.467965
-22.9,500,1346.59587
-22.6,500,1346.721754
-22.6,500,1346.847633
-24.6,500,1346.973657
-23.1,500,1347.099813
-23.1,500,1347.226711
-22.9,500,1347.35284
-21.4,500,1347.479177
-22.7,500,1347.605045
-22.7,500,1347.730779
-23.0,500,1347.85753
-23.2,500,1347.985044
-23.6,500,1348.111381
-23.5,500,1348.237037
-23.7,500,1348.362659
-23.7,500,1348.488284
-23.8,500,1348.61405
-23.6,500,1348.740484
-22.9,500,1348.867072
-24.6,500,1348.992812
-24.3,500,1349.147451
-22.9,500,1349.273967
-23.0,500,1349.40007
-21.9,500,1349.525803
-22.7,500,1349.651424
-22.9,500,1349.777421
-22.6,500,1349.903114
-23.1,500,1350.028752
-22.9,500,1350.155404
-23.1,500,1350.280973
-26.3,500,1350.406424
-23.2,500,1350.532059
-22.8,500,1350.657659
-23.1,500,1350.784052
-22.9,500,1350.910119
-22.8,500,1351.035868
-23.0,500,1351.161134
-22.6,500,1351.286886
-23.5,500,1351.412963
-22.6,500,1351.538894
-22.7,500,1351.66415
-22.6,500,1351.789894
-23.2,500,1351.915389
-4.8,500,1352.041071
-25.9,500,1352.167127
-22.9,500,1352.292384
-22.8,500,1352.418233
-22.8,500,1352.545409
-23.3,500,1352.671659
-22.8,500,1352.797338
-23.0,500,1352.925129
-22.5,500,1353.051325
-23.0,500,1353.177935
-22.6,500,1353.303979
-23.0,500,1353.431768
-23.0,500,1353.558529
-23.1,500,1353.68424
-22.8,500,1353.80949
-22.6,500,1353.935856
-22.5,500,1354.062178
-23.4,500,1354.188096
-69.9,500,1354.313912
-29.5,500,1354.439778
-22.9,500,1354.565911
-23.4,500,1354.692365
-22.9,500,1354.818823
-22.6,500,1354.944671
-23.9,500,1355.070872
-23.4,500,1355.197149
-24.3,500,1355.323092
-22.7,500,1355.449161
-22.7,500,1355.575135
-22.6,500,1355.701614
-22.6,500,1355.838763
-22.9,500,1355.969844
-23.7,500,1356.096567
-22.9,500,1356.222307
-23.0,500,1356.34764
-25.2,500,1356.473741
-52.5,500,1356.599369
-24.0,500,1356.725107
-22.9,500,1356.851367
-49.8,500,1356.97681
-22.7,500,1357.10237
-22.5,500,1357.227533
-22.5,500,1357.353306
-22.9,500,1357.478932
-22.9,500,1357.604112
-22.8,500,1357.730737
-23.0,500,1357.856915
-23.2,500,1357.984114
-22.8,500,1358.109544
-22.5,500,1358.234844
-22.7,500,1358.360057
-34.7,500,1358.486248
-22.6,500,1358.611015
-22.8,500,1358.736784
-22.6,500,1358.862271
-23.0,500,1358.988398
-22.7,500,1359.113712
-22.6,500,1359.238899
-23.0,500,1359.364644
-22.9,500,1359.490192
-23.5,500,1359.615524
-22.7,500,1359.740535
-22.8,500,1359.865807
-22.7,500,1359.990884
-24.8,500,1360.146617
-23.2,500,1360.272271
-23.0,500,1360.397712
-22.7,500,1360.523443
-23.6,500,1360.649054
-22.7,500,1360.774576
-22.7,500,1360.900095
-32.6,500,1361.025807
-23.4,500,1361.151333
-22.6,500,1361.277047
-22.7,500,1361.402501
-22.7,500,1361.528988
-23.1,500,1361.656669
-21.7,500,1361.782482
-26.4,500,1361.907968
-22.7,500,1362.033725
-22.7,500,1362.159865
-23.1,500,1362.286463
-22.6,500,1362.41181
-23.2,500,1362.537895
-23.6,500,1362.663597
-24.7,500,1362.789793
-22.3,500,1362.916728
-22.1,500,1363.043629
-22.9,500,1363.169298
-24.5,500,1363.294791
-22.5,500,1363.420392
-22.5,500,1363.545984
-22.0,500,1363.671384
-21.8,500,1363.79748
-22.8,500,1363.923057
-23.9,500,1364.049009
-22.9,500,1364.174496
-22.6,500,1364.299987
-22.1,500,1364.42654
-22.7,500,1364.552333
-22.6,500,1364.678068
-21.8,500,1364.803904
-21.7,500,1364.92953
-22.0,500,1365.055486
-21.7,500,1365.181003
-22.1,500,1365.30753
-21.8,500,1365.433333
-22.0,500,1365.558533
-22.3,500,1365.684179
-21.6,500,1365.809519
-21.8,500,1365.935924
-23.8,500,1366.061001
-25.2,500,1366.186569
-22.4,500,1366.312125
-22.5,500,1366.437678
-5.0,500,1366.563628
-22.8,500,1366.689694
-22.9,500,1366.815172
-23.6,500,1366.941209
-25.3,500,1367.066812
-23.0,500,1367.192457
-23.0,500,1367.318194
-22.9,500,1367.443784
-23.5,500,1367.56968
-5.7,500,1367.696062
-25.0,500,1367.822366
-23.9,500,1367.950325
-2.7,500,1368.076313
-22.7,500,1368.201939
-22.9,500,1368.327726
-22.9,500,1368.453467
-22.9,500,1368.580426
-22.6,500,1368.706437
-22.6,500,1368.831748
-22.8,500,1368.957129
-23.2,500,1369.082522
-22.7,500,1369.208195
-23.5,500,1369.333983
-28.3,500,1369.459618
-4.3,500,1369.585646
-23.3,500,1369.711434
-1.9,500,1369.837176
-33.1,500,1369.963758
-22.7,500,1370.089258
-22.9,500,1370.21523
-23.2,500,1370.341519
-23.0,500,1370.467189
-23.7,500,1370.59231
-22.8,500,1370.718266
-23.1,500,1370.843976
-23.2,500,1370.969746
-22.5,500,1371.094738
-23.1,500,1371.249411
-22.6,500,1371.374949
-24.0,500,1371.501665
-23.4,500,1371.627426
-22.8,500,1371.753051
-23.1,500,1371.878672
-23.0,500,1372.003961
-22.5,500,1372.129168
-23.4,500,1372.255178
-23.0,500,1372.381403
-22.8,500,1372.507116
-22.5,500,1372.632745
-22.9,500,1372.758448
-22.8,500,1372.884227
-46.5,500,1373.012768
-24.5,500,1373.138725
-22.8,500,1373.264136
-23.0,500,1373.38975
-11.0,500,1373.515501
-23.0,500,1373.640758
-24.1,500,1373.769859
-23.4,500,1373.895806
-23.7,500,1374.021212
-23.3,500,1374.146932
-25.8,500,1374.2724
-23.8,500,1374.400379
-23.1,500,1374.526229
-23.2,500,1374.652163
-22.8,500,1374.777178
-23.0,500,1374.902773
-23.7,500,1375.02816
-22.7,500,1375.153299
-8.3,500,1375.279919
-22.9,500,1375.405553
-23.4,500,1375.53121
-23.2,500,1375.656744
-22.7,500,1375.782294
-22.7,500,1375.908009
-23.1,500,1376.033904
-22.9,500,1376.159892
-22.5,500,1376.286054
-23.1,500,1376.411246
-23.7,500,1376.53686
-23.5,500,1376.662799
-22.7,500,1376.788163
-22.6,500,1376.914889
-22.7,500,1377.040684
-23.7,500,1377.166083
-22.7,500,1377.292099
-22.9,500,1377.417932
-22.6,500,1377.544181
-23.6,500,1377.669727
-22.6,500,1377.795645
-23.2,500,1377.923212
-25.0,500,1378.050381
-23.6,500,1378.175796
-22.7,500,1378.301669
-23.0,500,1378.428382
-22.9,500,1378.553895
-28.8,500,1378.68057
-22.8,500,1378.806726
-22.5,500,1378.932485
-22.7,500,1379.058981
-23.4,500,1379.184549
-22.8,500,1379.310271
-23.8,500,1379.435787
-23.7,500,1379.561543
-22.8,500,1379.686707
-22.7,500,1379.815685
-23.1,500,1379.941353
-25.1,500,1380.067322
-41.2,500,1380.192979
-24.6,500,1380.31876
-22.7,500,1380.444644
-22.7,500,1380.570745
-23.1,500,1380.697555
-24.2,500,1380.823455
-22.9,500,1380.949076
-22.7,500,1381.074597
-22.9,500,1381.200327
-22.7,500,1381.325968
-22.8,500,1381.452073
-29.8,500,1381.578209
-23.2,500,1381.704407
-22.7,500,1381.830018
-22.9,500,1381.955429
-23.3,500,1382.080651
-22.8,500,1382.206571
-23.2,500,1382.331814
-27.7,500,1382.456889
-23.5,500,1382.582394
-22.8,500,1382.707765
-23.3,500,1382.833139
-23.1,500,1382.98941
-22.5,500,1383.114868
-22.5,500,1383.240655
-23.6,500,1383.366239
-22.7,500,1383.49178
-22.9,500,1383.618199
-23.1,500,1383.743661
-23.3,500,1383.869123
-23.5,500,1383.994189
-23.1,500,1384.119299
-22.7,500,1384.244557
-22.8,500,1384.370591
-22.7,500,1384.497698
-23.3,500,1384.623259
-22.7,500,1384.748923
-22.8,500,1384.874114
-23.3,500,1384.999541
-23.0,500,1385.125117
-27.1,500,1385.252177
-24.4,500,1385.378045
-22.7,500,1385.503888
-23.1,500,1385.629588
-22.7,500,1385.75463
-23.0,500,1385.880318
-22.9,500,1386.005375
-46.5,500,1386.131085
-23.5,500,1386.256763
-22.9,500,1386.382176
-22.6,500,1386.507582
-23.4,500,1386.633146
-22.9,500,1386.759853
-24.7,500,1386.885893
-22.5,500,1387.011069
-23.1,500,1387.136852
-22.9,500,1387.262352
-23.4,500,1387.388208
-22.5,500,1387.514631
-22.5,500,1387.640381
-29.2,500,1387.766208
-22.8,500,1387.892265
-22.5,500,1388.020931
-23.0,500,1388.147819
-22.9,500,1388.273453
-22.9,500,1388.399294
-25.7,500,1388.524883
-37.3,500,1388.65027
-23.3,500,1388.776092
-23.8,500,1388.901875
-22.7,500,1389.027623
-22.5,500,1389.152879
-22.7,500,1389.278504
-22.9,500,1389.404087
-22.5,500,1389.530196
-23.1,500,1389.655582
-22.8,500,1389.781247
-23.4,500,1389.907061
-32.7,500,1390.032822
-22.8,500,1390.158223
-22.5,500,1390.283857
-22.5,500,1390.409316
-58.5,500,1390.535162
-23.5,500,1390.660708
-22.9,500,1390.785956
-22.2,500,1390.911519
-23.5,500,1391.036816
-23.8,500,1391.163699
-23.0,500,1391.288891
-22.8,500,1391.41416
-23.2,500,1391.539612
-21.8,500,1391.665532
-23.1,500,1391.791703
-22.6,500,1391.917236
-22.9,500,1392.043196
-22.7,500,1392.168675
-22.9,500,1392.294058
-25.7,500,1392.419281
-24.5,500,1392.544962
-22.6,500,1392.67046
-22.7,500,1392.797117
-22.8,500,1392.923692
-22.5,500,1393.050098
-23.6,500,1393.175526
-23.2,500,1393.300878
-22.9,500,1393.426728
-22.7,500,1393.552839
-23.2,500,1393.677833
-22.1,500,1393.803324
-50.5,500,1393.928901
-24.0,500,1394.054925
-21.7,500,1394.180985
-22.5,500,1394.30684
-21.9,500,1394.432631
-22.2,500,1394.557926
-21.9,500,1394.683361
-21.9,500,1394.838537
-22.3,500,1394.964601
-21.8,500,1395.089187
-22.6,500,1395.214147
-22.8,500,1395.339258
-23.7,500,1395.464231
-22.5,500,1395.589793
-23.6,500,1395.715052
-22.6,500,1395.840601
-23.3,500,1395.965806
-23.8,500,1396.090938
-22.5,500,1396.216025
-22.9,500,1396.341115
-23.4,500,1396.466475
-29.4,500,1396.592343
-22.7,500,1396.717922
-23.0,500,1396.843944
-22.7,500,1396.96946
-22.9,500,1397.094767
-23.7,500,1397.220219
-22.5,500,1397.345557
-23.0,500,1397.471399
-22.6,500,1397.596688
-22.6,500,1397.721954
-22.8,500,1397.847433
-21.9,500,1397.974866
-26.8,500,1398.101973
-22.8,500,1398.227046
-22.6,500,1398.353028
-22.5,500,1398.478697
-22.7,500,1398.604598
-23.0,500,1398.730096
-23.2,500,1398.855815
-22.8,500,1398.98082
-23.1,500,1399.106022
-23.5,500,1399.231375
-22.5,500,1399.357282
-23.5,500,1399.482571
-52.9,500,1399.608091
-23.4,500,1399.733887
-23.8,500,1399.859804
-23.1,500,1399.985437
-22.9,500,1400.110667
-22.6,500,1400.235969
-22.9,500,1400.361971
-22.5,500,1400.488056
-22.8,500,1400.614484
-27.6,500,1400.740401
-23.5,500,1400.866104
-24.1,500,1400.991422
-22.7,500,1401.117054
-25.4,500,1401.242896
-22.6,500,1401.36866
-22.7,500,1401.494159
-22.9,500,1401.619743
-22.9,500,1401.744983
-23.3,500,1401.874195
-22.6,500,1402.000194
-23.8,500,1402.12536
-23.2,500,1402.249504
-22.5,500,1402.374064
-41.9,500,1402.500549
-22.5,500,1402.625635
-22.6,500,1402.750875
-22.7,500,1402.876711
-22.5,500,1403.004288
-22.9,500,1403.131382
-23.0,500,1403.257334
-23.1,500,1403.383644
-22.7,500,1403.510678
-22.6,500,1403.659144
-22.7,500,1403.797236
-22.7,500,1403.938607
-23.2,500,1404.082188
-22.0,500,1404.223062
-43.1,500,1404.351083
-23.0,500,1404.478224
-22.5,500,1404.604173
-22.5,500,1404.731913
-22.6,500,1404.857935
-22.9,500,1404.983703
-22.9,500,1405.109378
-23.1,500,1405.234848
-22.9,500,1405.359591
-23.9,500,1405.485143
-22.6,500,1405.625834
-23.0,500,1405.755437
-23.5,500,1405.881403
-23.4,500,1406.007573
-22.7,500,1406.134293
-24.6,500,1406.289544
-22.5,500,1406.415533
-22.8,500,1406.541535
-24.8,500,1406.667468
-23.1,500,1406.793671
-23.0,500,1406.919609
-22.5,500,1407.04524
-22.7,500,1407.170752
-23.7,500,1407.296116
-23.1,500,1407.421993
-23.2,500,1407.547899
-22.6,500,1407.673673
-23.0,500,1407.799637
-22.6,500,1407.925272
-23.1,500,1408.052797
-22.0,500,1408.178717
-22.7,500,1408.304979
-23.4,500,1408.430699
-24.8,500,1408.556164
-23.1,500,1408.681618
-22.5,500,1408.807338
-22.8,500,1408.932936
-23.2,500,1409.058217
-23.0,500,1409.183767
-22.8,500,1409.309196
-23.8,500,1409.434413
-23.2,500,1409.56052
-22.5,500,1409.68645
-23.2,500,1409.811788
-24.8,500,1409.937665
-21.6,500,1410.063272
-21.2,500,1410.188736
-21.8,500,1410.31429
-4.8,500,1410.440056
-33.6,500,1410.565547
-72.2,500,1410.691755
-4.5,500,1410.818459
-22.6,500,1410.94429
-23.6,500,1411.069877
-23.3,500,1411.195359
-2.5,500,1411.325301
-23.3,500,1411.452357
-24.3,500,1411.578399
-22.9,500,1411.704381
-3.9,500,1411.830812
-23.0,500,1411.956926
-22.6,500,1412.082869
-4.6,500,1412.209018
-23.3,500,1412.33673
-23.5,500,1412.462839
-23.0,500,1412.587999
-23.4,500,1412.713506
-22.8,500,1412.839192
-22.7,500,1412.966976
-23.8,500,1413.092933
-23.5,500,1413.218302
-6.1,500,1413.344372
-23.1,500,1413.469946
-22.5,500,1413.595706
-3.8,500,1413.722027
-23.9,500,1413.848479
-23.2,500,1413.974499
-23.1,500,1414.100212
-23.6,500,1414.225882
-26.3,500,1414.351437
-22.9,500,1414.47803
-3.1,500,1414.604034
-4.2,500,1414.730073
-24.1,500,1414.855704
-2.5,500,1414.981359
-4.5,500,1415.107256
-23.2,500,1415.233731
-22.5,500,1415.359385
-22.7,500,1415.484804
-3.5,500,1415.609996
-1.8,500,1415.736177
-22.8,500,1415.862329
-23.0,500,1415.988352
-22.9,500,1416.114502
-22.6,500,1416.23997
-22.8,500,1416.365508
-22.5,500,1416.491252
-23.0,500,1416.616806
-22.7,500,1416.742725
-22.7,500,1416.868766
-23.1,500,1416.994688
-23.0,500,1417.120592
-22.7,500,1417.245681
-59.7,500,1417.371836
-47.9,500,1417.527541
-47.6,500,1417.653023
-22.8,500,1417.778947
-22.6,500,1417.905383
-22.9,500,1418.03253
-22.5,500,1418.157463
-23.1,500,1418.282234
-22.9,500,1418.407383
-23.6,500,1418.531948
-23.2,500,1418.656188
-22.8,500,1418.781906
-23.5,500,1418.908215
-35.3,500,1419.034075
-22.7,500,1419.159595
-22.5,500,1419.285161
-23.5,500,1419.411069
-23.2,500,1419.537232
-24.7,500,1419.663209
-26.6,500,1419.788995
-23.6,500,1419.914367
-22.8,500,1420.040258
-22.9,500,1420.165268
-22.7,500,1420.29105
-22.7,500,1420.416975
-23.1,500,1420.542355
-22.7,500,1420.668059
-22.6,500,1420.793812
-26.9,500,1420.919939
-23.6,500,1421.04566
-22.8,500,1421.171278
-23.4,500,1421.297191
-22.9,500,1421.422948
-23.2,500,1421.548755
-23.0,500,1421.674826
-23.0,500,1421.804582
-25.7,500,1421.93353
-22.9,500,1422.059656
-22.7,500,1422.188015
-22.8,500,1422.314085
-28.9,500,1422.44075
-23.0,500,1422.566627
-22.6,500,1422.693092
-22.7,500,1422.818748
-23.0,500,1422.944277
-22.6,500,1423.071928
-23.9,500,1423.198066
-23.7,500,1423.324225
-22.8,500,1423.450264
-22.8,500,1423.576512
-23.2,500,1423.702549
-22.7,500,1423.828181
-23.0,500,1423.954429
-22.6,500,1424.080399
-22.8,500,1424.206082
-23.6,500,1424.331377
-23.7,500,1424.456695
-22.7,500,1424.58237
-23.8,500,1424.708872
-25.3,500,1424.837075
-22.6,500,1424.962953
-41.0,500,1425.088622
-22.7,500,1425.214329
-23.1,500,1425.339648
-23.2,500,1425.466574
-23.4,500,1425.59236
-22.5,500,1425.718016
-22.9,500,1425.843439
-22.5,500,1425.96986
-23.4,500,1426.095237
-6.3,500,1426.221135
-23.2,500,1426.346647
-22.7,500,1426.472709
-25.1,500,1426.597972
-23.4,500,1426.723462
-22.7,500,1426.849024
-22.7,500,1426.974423
-22.8,500,1427.10075
-24.0,500,1427.226603
-22.8,500,1427.352154
-58.9,500,1427.478005
-47.7,500,1427.603225
-47.1,500,1427.728413
-47.5,500,1427.854158
-47.6,500,1427.980764
-47.2,500,1428.106601
-47.5,500,1428.232198
-23.7,500,1428.358121
-23.6,500,1428.484368
-23.1,500,1428.609824
-23.0,500,1428.766153
-22.5,500,1428.892357
-22.7,500,1429.018334
-22.5,500,1429.144582
-24.3,500,1429.270142
-23.8,500,1429.395514
-22.6,500,1429.521328
-22.5,500,1429.646472
-23.6,500,1429.772284
-22.5,500,1429.897922
-10.3,500,1430.023577
-27.6,500,1430.149187
-22.7,500,1430.274606
-22.9,500,1430.400406
-22.5,500,1430.525608
-23.0,500,1430.651733
-22.9,500,1430.777598
-23.2,500,1430.903465
-23.2,500,1431.029536
-22.8,500,1431.154817
-22.5,500,1431.280034
-23.3,500,1431.405934
-22.7,500,1431.531487
-23.5,500,1431.656645
-23.3,500,1431.781893
-22.6,500,1431.907202
-5.1,500,1432.033547
-23.7,500,1432.160379
-23.6,500,1432.287041
-23.2,500,1432.412461
-22.6,500,1432.537921
-23.2,500,1432.664462
-22.9,500,1432.790414
-23.0,500,1432.916847
-23.5,500,1433.044657
-23.8,500,1433.170213
-22.7,500,1433.296213
-24.2,500,1433.42134
-23.3,500,1433.547645
-23.9,500,1433.67272
-23.5,500,1433.797439
-24.0,500,1433.923031
-22.7,500,1434.053779
-26.2,500,1434.180125
-23.7,500,1434.307288
-22.6,500,1434.434864
-22.5,500,1434.560242
-23.6,500,1434.684984
-23.9,500,1434.810384
-23.0,500,1434.935319
-23.5,500,1435.059753
-23.6,500,1435.184859
-23.1,500,1435.310136
-23.2,500,1435.435053
-22.9,500,1435.560692
-22.9,500,1435.686308
-22.8,500,1435.811725
-23.1,500,1435.937876
-22.8,500,1436.063669
-23.6,500,1436.189055
-22.7,500,1436.314768
-22.8,500,1436.440403
-22.6,500,1436.565857
-23.3,500,1436.691906
-33.8,500,1436.817855
-28.0,500,1436.943802
-22.6,500,1437.069126
-22.8,500,1437.19513
-23.3,500,1437.321729
-23.1,500,1437.448373
-22.5,500,1437.573992
-22.9,500,1437.699635
-23.2,500,1437.825069
-23.0,500,1437.95099
-23.4,500,1438.078867
-4.9,500,1438.205834
-49.0,500,1438.332022
-47.0,500,1438.458116
-23.4,500,1438.584799
-23.4,500,1438.710696
-23.5,500,1438.836564
-24.3,500,1438.962921
-3.3,500,1439.088691
-23.7,500,1439.21457
-22.7,500,1439.340618
-23.4,500,1439.465996
-23.6,500,1439.591701
-23.6,500,1439.718245
-23.0,500,1439.875506
-22.8,500,1440.001731
-23.3,500,1440.127485
-22.4,500,1440.253967
-21.8,500,1440.379252
-22.6,500,1440.505144
-22.5,500,1440.631021
-23.0,500,1440.756357
-22.8,500,1440.882415
-22.7,500,1441.009003
-22.8,500,1441.135123
-29.0,500,1441.261085
-23.8,500,1441.386498
-23.4,500,1441.512185
-22.8,500,1441.637792
-23.6,500,1441.764112
-23.2,500,1441.889381
-22.9,500,1442.015001
-23.7,500,1442.140584
-22.9,500,1442.266238
-23.4,500,1442.392424
-22.9,500,1442.517546
-23.6,500,1442.643902
-22.9,500,1442.770096
-23.0,500,1442.895531
-23.2,500,1443.022226
-29.8,500,1443.147625
-24.0,500,1443.272414
-22.0,500,1443.398667
-22.8,500,1443.524686
-22.3,500,1443.650043
-22.2,500,1443.774815
-22.5,500,1443.900012
-23.8,500,1444.025763
-22.4,500,1444.152541
-22.5,500,1444.277593
-22.5,500,1444.403406
-22.0,500,1444.528877
-4.3,500,1444.654603
-23.8,500,1444.780216
-22.9,500,1444.906778
-23.3,500,1445.032574
-23.1,500,1445.158501
-23.1,500,1445.284246
-22.8,500,1445.409636
-4.4,500,1445.535509
-23.1,500,1445.661132
-23.3,500,1445.787354
-23.4,500,1445.912639
-24.7,500,1446.038255
-24.5,500,1446.16402
-24.0,500,1446.289374
-23.1,500,1446.414795
-7.6,500,1446.540985
-23.5,500,1446.665776
-23.4,500,1446.791593
-23.0,500,1446.917134
-22.8,500,1447.043072
-22.8,500,1447.168792
-22.8,500,1447.295435
-23.3,500,1447.422173
-23.2,500,1447.547628
-23.4,500,1447.673142
-23.0,500,1447.799191
-23.6,500,1447.924737
-23.1,500,1448.052606
-23.0,500,1448.179111
-23.2,500,1448.304945
-23.3,500,1448.430626
-22.8,500,1448.555779
-22.6,500,1448.681064
-22.8,500,1448.807085
-22.6,500,1448.933275
-23.4,500,1449.059545
-22.6,500,1449.185138
-22.5,500,1449.310587
-23.4,500,1449.43609
-22.6,500,1449.561969
-23.1,500,1449.687359
-22.3,500,1449.812973
-22.3,500,1449.938211
-22.0,500,1450.063778
-23.2,500,1450.190023
-23.3,500,1450.316077
-11.3,500,1450.442154
-28.5,500,1450.568036
-23.6,500,1450.693837
-24.1,500,1450.819852
-23.4,500,1450.944939
-23.0,500,1451.0704
-22.8,500,1451.197423
-23.4,500,1451.322251
-23.5,500,1451.480938
-23.2,500,1451.605883
-22.9,500,1451.731181
-23.5,500,1451.855773
-23.3,500,1451.980453
-22.7,500,1452.105206
-22.9,500,1452.229889
-23.1,500,1452.354293
-23.7,500,1452.480277
-23.1,500,1452.605267
-25.4,500,1452.730111
-4.9,500,1452.854943
-22.9,500,1452.979506
-22.9,500,1453.105669
-23.6,500,1453.230588
-4.7,500,1453.356149
-22.6,500,1453.481622
-22.7,500,1453.606733
-23.1,500,1453.732283
-22.7,500,1453.857172
-26.0,500,1453.981967
-3.7,500,1454.107736
-23.9,500,1454.233905
-25.0,500,1454.359028
-22.5,500,1454.483888
-23.9,500,1454.608632
-22.9,500,1454.73379
-30.5,500,1454.860559
-22.6,500,1454.986218
-23.1,500,1455.111264
-23.0,500,1455.23624
-22.8,500,1455.361291
-11.5,500,1455.486772
-24.0,500,1455.612665
-24.3,500,1455.73787
-23.4,500,1455.865321
-22.6,500,1455.991055
-23.0,500,1456.11664
-23.6,500,1456.241591
-23.0,500,1456.36716
-24.3,500,1456.492083
-23.2,500,1456.617097
-23.1,500,1456.742204
-23.1,500,1456.867556
-22.6,500,1456.992818
-23.2,500,1457.117861
-24.0,500,1457.242831
-23.2,500,1457.367898
-22.9,500,1457.493384
-23.0,500,1457.618479
-8.3,500,1457.74355
-23.5,500,1457.867999
-23.5,500,1457.994458
-23.3,500,1458.122002
-22.6,500,1458.247257
-23.5,500,1458.372706
-23.5,500,1458.497463
-27.2,500,1458.622679
-22.5,500,1458.748472
-22.9,500,1458.873555
-23.1,500,1458.998098
-23.1,500,1459.122537
-23.1,500,1459.24647
-23.7,500,1459.370736
-23.2,500,1459.49608
-22.5,500,1459.620849
-22.8,500,1459.745773
-23.0,500,1459.870272
-23.0,500,1459.995353
-23.4,500,1460.120279
-23.2,500,1460.245017
-22.9,500,1460.370398
-22.6,500,1460.495579
-22.8,500,1460.620721
-23.8,500,1460.745486
-24.2,500,1460.870553
-23.4,500,1460.995683
-23.1,500,1461.121106
-25.3,500,1461.250889
-23.7,500,1461.375764
-23.0,500,1461.500341
-23.3,500,1461.625363
-23.6,500,1461.750281
-24.3,500,1461.875347
-22.9,500,1462.000503
-24.0,500,1462.12564
-22.7,500,1462.25048
-24.5,500,1462.375989
-22.6,500,1462.501513
-22.6,500,1462.626821
-23.0,500,1462.752368
-23.2,500,1462.916026
-23.7,500,1463.042951
-23.1,500,1463.16858
-22.6,500,1463.294454
-23.4,500,1463.419984
-23.1,500,1463.545165
-22.8,500,1463.670437
-23.0,500,1463.795587
-23.5,500,1463.919783
-22.6,500,1464.044808
-24.8,500,1464.169939
-5.1,500,1464.29471
-37.4,500,1464.420208
-8.4,500,1464.545493
-24.1,500,1464.670116
-26.4,500,1464.795607
-22.6,500,1464.923635
-3.0,500,1465.050386
-23.4,500,1465.175947
-22.6,500,1465.301018
-22.9,500,1465.425636
-22.9,500,1465.551558
-22.9,500,1465.676486
-23.1,500,1465.801205
-34.9,500,1465.925855
-23.1,500,1466.051115
-23.0,500,1466.176135
-22.6,500,1466.301481
-23.4,500,1466.427152
-23.5,500,1466.553183
-23.1,500,1466.67866
-22.5,500,1466.803621
-22.9,500,1466.928585
-23.1,500,1467.053754
-22.8,500,1467.179644
-23.4,500,1467.304649
-23.0,500,1467.430104
-24.0,500,1467.555755
-23.0,500,1467.681019
-22.7,500,1467.806259
-23.8,500,1467.93178
-22.9,500,1468.058839
-23.0,500,1468.184494
-81.0,500,1468.309863
-23.1,500,1468.435642
-23.6,500,1468.560891
-23.5,500,1468.687307
-23.1,500,1468.812429
-22.7,500,1468.93741
-23.0,500,1469.062607
-22.8,500,1469.187809
-22.9,500,1469.313419
-23.7,500,1469.442261
-22.7,500,1469.568145
-22.5,500,1469.6928
-23.5,500,1469.818076
-22.5,500,1469.942962
-23.0,500,1470.068535
-23.3,500,1470.194065
-23.2,500,1470.319269
-24.4,500,1470.444356
-22.7,500,1470.569898
-22.5,500,1470.695116
-22.5,500,1470.820028
-22.9,500,1470.946271
-23.5,500,1471.072028
-22.6,500,1471.197505
-23.4,500,1471.323183
-22.6,500,1471.44828
-23.5,500,1471.573387
-22.5,500,1471.699391
-23.0,500,1471.826439
-23.4,500,1471.952037
-23.3,500,1472.077437
-23.8,500,1472.203232
-23.7,500,1472.32842
-22.9,500,1472.454032
-22.7,500,1472.579247
-22.6,500,1472.70475
-22.6,500,1472.830034
-23.1,500,1472.955305
-22.7,500,1473.082338
-22.9,500,1473.208175
-23.8,500,1473.336059
-24.2,500,1473.461888
-23.0,500,1473.587619
-23.0,500,1473.713197
-22.9,500,1473.838473
-22.8,500,1474.000968
-22.8,500,1474.126145
-23.6,500,1474.251387
-23.3,500,1474.376272
-23.4,500,1474.502096
-22.7,500,1474.626756
-24.1,500,1474.751577
-22.8,500,1474.87622
-23.1,500,1475.000975
-23.2,500,1475.126161
-22.8,500,1475.251942
-22.8,500,1475.376895
-23.4,500,1475.502556
-22.9,500,1475.627241
-23.1,500,1475.752256
-23.4,500,1475.87725
-23.3,500,1476.003161
-22.7,500,1476.128857
-22.6,500,1476.25413
-22.7,500,1476.379786
-22.8,500,1476.505205
-22.8,500,1476.630139
-22.9,500,1476.755814
-22.8,500,1476.882035
-23.0,500,1477.007651
-22.5,500,1477.132906
-23.3,500,1477.260195
-23.0,500,1477.385369
-24.0,500,1477.510767
-23.4,500,1477.636723
-25.1,500,1477.761646
-23.3,500,1477.886481
-22.9,500,1478.01153
-23.3,500,1478.139008
-23.3,500,1478.264291
-33.3,500,1478.38983
-22.5,500,1478.514808
-23.0,500,1478.640049
-22.9,500,1478.765154
-23.1,500,1478.890562
-22.6,500,1479.015917
-23.1,500,1479.141655
-23.2,500,1479.266511
-22.9,500,1479.39141
-23.1,500,1479.516436
-24.4,500,1479.641377
-23.2,500,1479.766162
-23.1,500,1479.89153
-22.9,500,1480.016015
-24.0,500,1480.141052
-22.7,500,1480.265746
-23.5,500,1480.390891
-22.7,500,1480.516381
-22.7,500,1480.641169
-24.2,500,1480.766515
-22.6,500,1480.891643
-23.4,500,1481.016744
-22.7,500,1481.141613
-23.9,500,1481.266406
-24.6,500,1481.391474
-22.6,500,1481.516605
-23.2,500,1481.642043
-22.9,500,1481.766182
-26.2,500,1481.891426
-23.4,500,1482.016285
-23.4,500,1482.141382
-23.0,500,1482.266445
-22.8,500,1482.39104
-23.1,500,1482.516138
-23.6,500,1482.642052
-22.8,500,1482.769009
-23.2,500,1482.893898
-22.8,500,1483.01884
-23.1,500,1483.145835
-22.6,500,1483.271641
-22.9,500,1483.396955
-22.9,500,1483.521991
-23.8,500,1483.646989
-15.5,500,1483.772429
-51.1,500,1483.898462
-22.6,500,1484.023351
-23.4,500,1484.148364
-26.4,500,1484.273633
-22.9,500,1484.398562
-23.4,500,1484.523787
-22.7,500,1484.648875
-22.7,500,1484.774568
-22.9,500,1484.899395
-22.7,500,1485.024784
-24.4,500,1485.150467
-23.1,500,1485.275582
-22.7,500,1485.400139
-23.3,500,1485.526172
-22.8,500,1485.684103
-23.6,500,1485.809702
-23.0,500,1485.934453
-23.1,500,1486.05965
-22.7,500,1486.184982
-22.9,500,1486.311204
-22.8,500,1486.436496
-23.2,500,1486.561998
-22.9,500,1486.686833
-24.0,500,1486.811463
-23.6,500,1486.937256
-29.1,500,1487.062193
-23.8,500,1487.187639
-22.7,500,1487.31251
-22.9,500,1487.436918
-22.7,500,1487.561548
-22.6,500,1487.686923
-22.9,500,1487.812677
-23.5,500,1487.937529
-22.9,500,1488.064606
-39.4,500,1488.190253
-22.9,500,1488.317752
-22.5,500,1488.44285
-22.7,500,1488.568771
-22.9,500,1488.693556
-22.6,500,1488.818549
-22.6,500,1488.944196
-23.6,500,1489.069309
-23.3,500,1489.194347
-22.8,500,1489.320112
-23.5,500,1489.446333
-22.7,500,1489.57167
-24.5,500,1489.696103
-23.0,500,1489.821304
-23.5,500,1489.946813
-22.7,500,1490.072855
-22.7,500,1490.199325
-5.8,500,1490.32452
-23.3,500,1490.450125
-23.0,500,1490.575188
-22.9,500,1490.700544
-23.0,500,1490.826163
-22.6,500,1490.951858
-23.3,500,1491.077473
-23.6,500,1491.202563
-23.5,500,1491.327916
-24.2,500,1491.453831
-22.7,500,1491.579262
-22.5,500,1491.704904
-22.6,500,1491.829879
-26.2,500,1491.954908
-23.2,500,1492.080483
-22.5,500,1492.206168
-22.5,500,1492.331511
-23.1,500,1492.457706
-23.1,500,1492.58381
-23.2,500,1492.709984
-23.9,500,1492.836072
-26.0,500,1492.961605
-23.0,500,1493.088577
-22.9,500,1493.215259
-22.7,500,1493.340179
-22.7,500,1493.465253
-23.4,500,1493.590549
-22.5,500,1493.716191
-22.9,500,1493.842443
-22.7,500,1493.9675
-23.0,500,1494.092876
-23.1,500,1494.217796
-23.1,500,1494.342778
-22.8,500,1494.468286
-24.5,500,1494.593505
-23.8,500,1494.718482
-23.6,500,1494.843583
-22.8,500,1494.96866
-23.4,500,1495.093786
-23.7,500,1495.21931
-22.9,500,1495.344248
-22.7,500,1495.470016
-23.1,500,1495.594679
-22.7,500,1495.72043
-23.2,500,1495.845471
-23.2,500,1495.970458
-36.7,500,1496.095398
-23.0,500,1496.220264
-22.8,500,1496.345307
-22.6,500,1496.471722
-24.5,500,1496.596927
-22.8,500,1496.721815
-23.0,500,1496.846514
-22.7,500,1496.971615
-22.6,500,1497.096908
-22.7,500,1497.221575
-22.7,500,1497.347342
-23.5,500,1497.472291
-32.3,500,1497.597809
-22.8,500,1497.72335
-25.6,500,1497.848948
-22.7,500,1498.006174
-23.0,500,1498.133684
-22.5,500,1498.258948
-24.1,500,1498.384352
-23.4,500,1498.50943
-22.8,500,1498.635021
-23.5,500,1498.760737
-23.4,500,1498.886116
-22.9,500,1499.011664
-23.3,500,1499.137061
-29.2,500,1499.261698
-22.9,500,1499.388539
-22.7,500,1499.514718
-22.7,500,1499.640296
-22.5,500,1499.765158
-23.1,500,1499.88977
-22.6,500,1500.014418
-22.7,500,1500.139535
-23.1,500,1500.266458
-23.0,500,1500.392002
-22.9,500,1500.517507
-22.7,500,1500.642772
-22.8,500,1500.768309
-2.4,500,1500.894119
-23.1,500,1501.0208
-22.7,500,1501.146447
-22.6,500,1501.27255
-23.6,500,1501.397685
-23.5,500,1501.523446
-23.7,500,1501.648937
-23.1,500,1501.77448
-22.6,500,1501.89957
-22.8,500,1502.024762
-22.9,500,1502.14996
-23.5,500,1502.275168
-23.2,500,1502.400773
-22.5,500,1502.526415
-23.1,500,1502.651847
-22.8,500,1502.777445
-23.7,500,1502.904997
-23.3,500,1503.030548
-24.7,500,1503.159243
-22.7,500,1503.28477
-22.9,500,1503.409718
-22.5,500,1503.534823
-22.9,500,1503.660192
-23.0,500,1503.785264
-22.7,500,1503.911232
-23.5,500,1504.036324
-22.8,500,1504.161584
-97.7,500,1504.286093
-25.8,500,1504.411346
-24.2,500,1504.537465
-22.5,500,1504.663645
-24.1,500,1504.788994
-23.4,500,1504.91416
-23.0,500,1505.039704
-22.6,500,1505.164902
-22.7,500,1505.290328
-23.6,500,1505.415674
-23.0,500,1505.540813
-22.8,500,1505.665642
-23.2,500,1505.791012
-22.9,500,1505.91668
-22.6,500,1506.042169
-22.9,500,1506.168113
-22.5,500,1506.294467
-35.3,500,1506.420029
-23.5,500,1506.545568
-22.9,500,1506.67109
-23.3,500,1506.797915
-22.7,500,1506.925113
-23.0,500,1507.05052
-22.8,500,1507.175924
-23.0,500,1507.300969
-22.8,500,1507.426422
-23.2,500,1507.552077
-22.9,500,1507.677355
-24.0,500,1507.803848
-23.2,500,1507.929195
-23.0,500,1508.056268
-22.7,500,1508.182435
-23.2,500,1508.307408
-22.6,500,1508.432761
-29.0,500,1508.558467
-22.6,500,1508.683797
-22.7,500,1508.809324
-22.9,500,1508.934154
-23.0,500,1509.059247
-23.0,500,1509.184011
-23.0,500,1509.310225
-22.8,500,1509.465675
-22.9,500,1509.590677
-23.2,500,1509.71525
-23.5,500,1509.84073
-23.2,500,1509.966764
-27.7,500,1510.09208
-25.4,500,1510.217531
-23.4,500,1510.343197
-23.0,500,1510.468608
-22.6,500,1510.593808
-22.8,500,1510.719652
-25.2,500,1510.848046
-24.0,500,1510.973753
-4.0,500,1511.098732
-22.9,500,1511.223545
-23.1,500,1511.348397
-22.7,500,1511.474017
-24.7,500,1511.598997
-23.0,500,1511.724551
-22.8,500,1511.849707
-22.7,500,1511.974948
-24.4,500,1512.0999
-22.8,500,1512.225323
-24.5,500,1512.351986
-23.4,500,1512.477418
-23.3,500,1512.602369
-44.7,500,1512.727232
-22.7,500,1512.852505
-23.0,500,1512.97753
-22.5,500,1513.104641
-23.2,500,1513.229849
-22.7,500,1513.355038
-22.7,500,1513.48015
-23.3,500,1513.605496
-23.0,500,1513.730585
-22.6,500,1513.855987
-22.5,500,1513.982543
-22.7,500,1514.108357
-22.9,500,1514.233402
-8.0,500,1514.358773
-23.7,500,1514.483814
-22.9,500,1514.608767
-22.7,500,1514.734897
-23.4,500,1514.86187
-22.8,500,1514.989123
-22.8,500,1515.114242
-24.3,500,1515.239843
-23.1,500,1515.365092
-24.2,500,1515.489827
-22.9,500,1515.61509
-22.9,500,1515.740305
-23.3,500,1515.865531
-22.7,500,1515.991222
-25.7,500,1516.116545
-22.6,500,1516.241987
-22.9,500,1516.367603
-26.4,500,1516.492576
-22.8,500,1516.618361
-23.4,500,1516.743583
-23.2,500,1516.868947
-22.6,500,1516.994447
-23.5,500,1517.119955
-27.6,500,1517.245819
-24.2,500,1517.372321
-22.8,500,1517.497805
-22.8,500,1517.623098
-22.9,500,1517.748449
-22.9,500,1517.873977
-23.0,500,1517.999372
-22.8,500,1518.12643
-23.9,500,1518.251973
-24.7,500,1518.378451
-23.4,500,1518.504767
-22.9,500,1518.630041
-23.2,500,1518.754812
-23.7,500,1518.880228
-22.9,500,1519.005388
-22.9,500,1519.130539
-23.3,500,1519.256149
-22.8,500,1519.381621
-22.9,500,1519.506613
-22.9,500,1519.631366
-23.2,500,1519.756097
-22.6,500,1519.881446
-22.8,500,1520.006686
-22.7,500,1520.13171
-23.6,500,1520.257196
-22.3,500,1520.384199
-23.4,500,1520.509961
-21.6,500,1520.635044
-23.0,500,1520.75975
-22.9,500,1520.884856
-22.6,500,1521.009988
-22.3,500,1521.135737
-23.1,500,1521.260586
-23.2,500,1521.385368
-22.6,500,1521.510178
-29.3,500,1521.635909
-22.6,500,1521.790534
-22.8,500,1521.915667
-22.8,500,1522.040489
-22.9,500,1522.165382
-23.4,500,1522.290563
-22.9,500,1522.41558
-23.2,500,1522.541318
-22.7,500,1522.666766
-22.6,500,1522.791788
-22.8,500,1522.917072
-22.5,500,1523.042347
-22.1,500,1523.170416
-22.2,500,1523.295562
-23.0,500,1523.421885
-24.0,500,1523.553215
-22.8,500,1523.69731
-23.8,500,1523.840435
-23.2,500,1523.981811
-23.4,500,1524.119235
-23.6,500,1524.265837
-23.3,500,1524.393288
-23.2,500,1524.518478
-23.0,500,1524.643235
-22.8,500,1524.768422
-23.8,500,1524.893538
-5.3,500,1525.019139
-28.1,500,1525.144942
-23.0,500,1525.270345
-22.9,500,1525.396071
-22.7,500,1525.539488
-23.2,500,1525.665039
-23.1,500,1525.790233
-23.4,500,1525.915546
-22.8,500,1526.040993
-22.8,500,1526.166185
-23.1,500,1526.291293
-22.6,500,1526.415973
-23.3,500,1526.541637
-22.9,500,1526.666195
-23.1,500,1526.791775
-23.5,500,1526.916908
-23.3,500,1527.042565
-23.1,500,1527.168015
-23.7,500,1527.293364
-22.8,500,1527.418269
-23.0,500,1527.543719
-22.8,500,1527.669148
-100.2,500,1527.794319
-22.9,500,1527.919551
-23.2,500,1528.045936
-22.8,500,1528.17379
-4.9,500,1528.299554
-23.1,500,1528.42556
-23.1,500,1528.550881
-22.7,500,1528.675962
-23.3,500,1528.801848
-22.8,500,1528.926895
-5.9,500,1529.052414
-24.7,500,1529.177478
-22.6,500,1529.302934
-22.8,500,1529.428326
-22.8,500,1529.553233
-22.8,500,1529.67925
-22.5,500,1529.804734
-6.3,500,1529.930191
-3.2,500,1530.057772
-1.3,500,1530.184152
-22.8,500,1530.309912
-4.1,500,1530.436042
-24.4,500,1530.563285
-22.6,500,1530.6887
-2.7,500,1530.814275
-23.3,500,1530.940125
-23.6,500,1531.06558
-24.1,500,1531.191284
-23.1,500,1531.317647
-23.1,500,1531.442868
-23.7,500,1531.568353
-22.7,500,1531.694158
-23.0,500,1531.819987
-22.6,500,1531.945126
-22.7,500,1532.070616
-23.7,500,1532.195753
-23.3,500,1532.320722
-23.6,500,1532.44576
-22.8,500,1532.570828
-22.5,500,1532.696039
-33.3,500,1532.822383
-23.1,500,1532.98178
-22.8,500,1533.109886
-22.6,500,1533.235844
-22.7,500,1533.361437
-22.6,500,1533.486942
-22.5,500,1533.611993
-23.2,500,1533.737106
-22.7,500,1533.862169
-23.2,500,1533.987172
-23.1,500,1534.111684
-23.0,500,1534.23696
-22.9,500,1534.362214
-22.6,500,1534.487645
-22.7,500,1534.612842
-23.4,500,1534.737698
-23.0,500,1534.862807
-23.3,500,1534.98882
-22.8,500,1535.114569
-23.2,500,1535.240063
-23.1,500,1535.365145
-24.0,500,1535.490442
-23.6,500,1535.615847
-22.8,500,1535.741703
-23.2,500,1535.868195
-22.7,500,1535.993309
-22.5,500,1536.118384
-22.6,500,1536.244316
-23.2,500,1536.369924
-22.6,500,1536.496097
-22.8,500,1536.622888
-22.5,500,1536.748672
-27.1,500,1536.874876
-22.9,500,1536.999943
-22.5,500,1537.125386
-22.9,500,1537.251217
-70.2,500,1537.377518
-23.1,500,1537.503037
-23.1,500,1537.628257
-23.5,500,1537.754084
-26.8,500,1537.879696
-23.0,500,1538.005651
-22.6,500,1538.134949
-25.7,500,1538.260278
-6.2,500,1538.38597
-45.9,500,1538.511227
-33.9,500,1538.636208
-22.7,500,1538.764894
-22.7,500,1538.890412
-22.8,500,1539.015337
-22.6,500,1539.140755
-22.8,500,1539.266008
-22.7,500,1539.391595
-2.8,500,1539.517148
-23.1,500,1539.642758
-22.6,500,1539.768474
-23.5,500,1539.894005
-29.9,500,1540.019333
-23.3,500,1540.144636
-23.6,500,1540.269835
-4.2,500,1540.395576
-7.5,500,1540.521025
-23.8,500,1540.646844
-2.7,500,1540.772461
-22.8,500,1540.897666
-22.7,500,1541.02304
-22.9,500,1541.14857
-22.7,500,1541.274048
-22.6,500,1541.399002
-23.7,500,1541.524329
-22.9,500,1541.651917
-6.8,500,1541.777532
-22.7,500,1541.903996
-24.2,500,1542.029987
-25.6,500,1542.154762
-23.3,500,1542.279597
-23.8,500,1542.405066
-22.8,500,1542.531089
-23.4,500,1542.655902
-2.7,500,1542.7809
-23.1,500,1542.905712
-22.9,500,1543.03059
-23.2,500,1543.157344
-23.5,500,1543.282721
-22.8,500,1543.408147
-22.9,500,1543.534985
-23.2,500,1543.66056
-31.2,500,1543.785806
-23.2,500,1543.911122
-23.8,500,1544.035917
-22.8,500,1544.161634
-2.8,500,1544.320984
-23.6,500,1544.446217
-22.9,500,1544.570764
-23.5,500,1544.696359
-23.3,500,1544.821396
-22.6,500,1544.946293
-23.0,500,1545.071227
-22.7,500,1545.196057
-32.1,500,1545.321133
-22.9,500,1545.445694
-23.0,500,1545.571369
-22.9,500,1545.696835
-22.7,500,1545.821511
-23.0,500,1545.946079
-22.6,500,1546.070771
-23.3,500,1546.195672
-32.7,500,1546.321005
-23.4,500,1546.446039
-22.8,500,1546.571187
-22.6,500,1546.69648
-22.9,500,1546.821689
-26.4,500,1546.947287
-23.2,500,1547.072355
-22.7,500,1547.197492
-22.7,500,1547.322885
-22.7,500,1547.450525
-23.0,500,1547.576859
-22.6,500,1547.702516
-23.5,500,1547.82746
-22.7,500,1547.953133
-23.4,500,1548.078698
-23.8,500,1548.206577
-23.3,500,1548.332036
-22.5,500,1548.457325
-23.0,500,1548.582844
-22.8,500,1548.708357
-26.3,500,1548.83417
-4.7,500,1548.959728
-23.7,500,1549.084608
-23.6,500,1549.209346
-24.1,500,1549.334389
-22.5,500,1549.460385
-29.3,500,1549.585803
-23.8,500,1549.711112
-22.8,500,1549.836684
-22.8,500,1549.962116
-22.9,500,1550.087365
-22.6,500,1550.213326
-22.6,500,1550.338406
-22.5,500,1550.46347
-23.2,500,1550.588662
-23.4,500,1550.71417
-23.5,500,1550.83945
-22.9,500,1550.965533
-22.8,500,1551.090899
-22.7,500,1551.216035
-22.7,500,1551.341342
-23.2,500,1551.46637
-23.7,500,1551.591666
-22.7,500,1551.71757
-23.5,500,1551.84368
-23.3,500,1551.969314
-22.6,500,1552.094618
-22.9,500,1552.219736
-22.9,500,1552.344802
-23.0,500,1552.470533
-99.4,500,1552.595924
-22.6,500,1552.721607
-22.5,500,1552.846861
-23.0,500,1552.971904
-22.7,500,1553.098584
-23.0,500,1553.22832
-23.1,500,1553.356105
-23.7,500,1553.481733
-22.7,500,1553.606927
-22.9,500,1553.735718
-23.2,500,1553.861077
-23.5,500,1553.986551
-22.9,500,1554.11226
-23.2,500,1554.238052
-142.2,500,1554.366974
-63.7,500,1554.492526
-48.2,500,1554.618091
-45.6,500,1554.744311
-23.0,500,1554.871359
-23.1,500,1554.997057
-22.8,500,1555.122777
-23.1,500,1555.248377
-22.7,500,1555.373392
-22.7,500,1555.498504
-22.9,500,1555.891749
-23.0,500,1556.216371
-22.7,500,1556.393843
-23.1,500,1556.551671
-23.4,500,1556.679125
-23.3,500,1556.804575
-23.7,500,1556.929852
-22.8,500,1557.056599
-22.6,500,1557.18343
-22.9,500,1557.309096
-22.7,500,1557.434023
-23.0,500,1557.559058
-24.6,500,1557.684664
-22.6,500,1557.809409
-24.5,500,1557.93436
-25.1,500,1558.059755
-25.3,500,1558.187086
-23.2,500,1558.3121
-22.7,500,1558.437758
-24.3,500,1558.562769
-22.6,500,1558.689709
-22.8,500,1558.815165
-23.3,500,1558.940168
-22.9,500,1559.065919
-22.8,500,1559.190628
-22.7,500,1559.31517
-22.6,500,1559.44019
-22.5,500,1559.56549
-22.6,500,1559.690289
-23.1,500,1559.815567
-24.4,500,1559.941449
-22.8,500,1560.071129
-22.9,500,1560.196508
-24.4,500,1560.32152
-22.7,500,1560.446996
-22.8,500,1560.571853
-23.3,500,1560.697717
-24.2,500,1560.82414
-22.9,500,1560.94932
-22.7,500,1561.074638
-23.1,500,1561.199704
-22.9,500,1561.324785
-22.7,500,1561.450021
-69.6,500,1561.575817
-22.8,500,1561.700915
-23.0,500,1561.826271
-23.1,500,1561.951926
-22.8,500,1562.077011
-22.8,500,1562.202108
-22.9,500,1562.327467
-22.9,500,1562.452908
-23.5,500,1562.578481
-22.6,500,1562.703738
-23.0,500,1562.829101
-22.7,500,1562.95413
-23.0,500,1563.08
-23.3,500,1563.209518
-22.7,500,1563.335756
-22.9,500,1563.46091
-22.7,500,1563.585875
-23.0,500,1563.711393
-22.8,500,1563.837615
-22.8,500,1563.963146
-22.8,500,1564.088524
-22.7,500,1564.213792
-22.7,500,1564.339445
-22.8,500,1564.464882
-22.9,500,1564.590804
-22.5,500,1564.716888
-22.9,500,1564.841885
-22.5,500,1564.967242
-22.9,500,1565.092597
-23.0,500,1565.217968
-24.4,500,1565.343587
-23.0,500,1565.46978
-22.6,500,1565.595144
-23.0,500,1565.719941
-22.6,500,1565.844914
-22.7,500,1565.970196
-23.0,500,1566.094569
-22.7,500,1566.220589
-23.7,500,1566.345196
-22.7,500,1566.470082
-28.9,500,1566.594921
-23.2,500,1566.720503
-23.6,500,1566.845435
-52.5,500,1566.971263
-23.7,500,1567.096004
-22.7,500,1567.221156
-22.6,500,1567.346174
-22.8,500,1567.471163
-5.4,500,1567.597211
-52.8,500,1567.722526
-48.9,500,1567.847658
-48.2,500,1568.009158
-48.1,500,1568.135326
-2.6,500,1568.261225
-22.8,500,1568.386729
-27.4,500,1568.512389
-26.5,500,1568.637307
-23.9,500,1568.762239
-22.9,500,1568.887682
-23.3,500,1569.012477
-22.6,500,1569.137924
-5.1,500,1569.262804
-24.0,500,1569.390486
-22.9,500,1569.515322
-24.6,500,1569.639903
-4.1,500,1569.764902
-23.8,500,1569.889948
-2.9,500,1570.01546
-22.9,500,1570.140492
-0.9,500,1570.265482
-23.1,500,1570.390426
-23.2,500,1570.515075
-22.9,500,1570.640263
-22.7,500,1570.766259
-23.2,500,1570.891402
-23.6,500,1571.016368
-22.6,500,1571.141294
-23.3,500,1571.266692
-23.2,500,1571.391489
-23.3,500,1571.517134
-22.6,500,1571.641899
-76.3,500,1571.766671
-22.8,500,1571.891615
-22.9,500,1572.016841
-23.8,500,1572.142337
-22.7,500,1572.267725
-25.4,500,1572.393501
-25.0,500,1572.518967
-23.7,500,1572.645213
-22.9,500,1572.770681
-22.8,500,1572.896085
-23.3,500,1573.021894
-25.1,500,1573.148375
-23.0,500,1573.273914
-22.5,500,1573.399175
-22.7,500,1573.524533
-22.7,500,1573.649901
-26.2,500,1573.776062
-23.6,500,1573.901236
-23.2,500,1574.026923
-23.0,500,1574.152244
-23.4,500,1574.277337
-23.4,500,1574.402161
-22.7,500,1574.528327
-23.2,500,1574.654301
-23.2,500,1574.781171
-23.0,500,1574.906228
-22.8,500,1575.031125
-22.7,500,1575.156543
-23.4,500,1575.282609
-23.6,500,1575.410081
-22.6,500,1575.534797
-22.6,500,1575.659958
-45.0,500,1575.78502
-22.8,500,1575.909816
-22.8,500,1576.03444
-22.5,500,1576.159769
-22.7,500,1576.284713
-22.8,500,1576.410393
-22.8,500,1576.538747
-23.5,500,1576.664363
-23.2,500,1576.789558
-23.5,500,1576.915155
-23.1,500,1577.040233
-22.8,500,1577.165326
-24.0,500,1577.290038
-22.8,500,1577.414982
-23.0,500,1577.539746
-23.0,500,1577.664913
-22.9,500,1577.790505
-23.1,500,1577.915347
-23.0,500,1578.040194
-22.7,500,1578.166792
-23.2,500,1578.292224
-23.2,500,1578.417107
-22.8,500,1578.542487
-23.4,500,1578.667474
-23.4,500,1578.792584
-23.2,500,1578.918107
-23.1,500,1579.043275
-23.5,500,1579.168611
-22.9,500,1579.293987
-22.9,500,1579.457385
-22.8,500,1579.582779
-23.3,500,1579.707712
-23.4,500,1579.83252
-23.6,500,1579.957622
-23.1,500,1580.082596
-22.9,500,1580.207591
-22.6,500,1580.333063
-23.0,500,1580.458408
-23.4,500,1580.58317
-23.3,500,1580.708843
-23.6,500,1580.835135
-23.0,500,1580.960372
-22.7,500,1581.085609
-23.0,500,1581.211061
-23.0,500,1581.338581
-22.5,500,1581.463661
-23.3,500,1581.589003
-22.6,500,1581.714144
-23.0,500,1581.839188
-23.0,500,1581.964111
-32.9,500,1582.08936
-23.5,500,1582.214526
-23.0,500,1582.340041
-23.2,500,1582.466466
-24.1,500,1582.592293
-22.6,500,1582.717723
-22.7,500,1582.843107
-22.7,500,1582.968111
-23.1,500,1583.094032
-22.7,500,1583.222358
-22.9,500,1583.347294
-51.1,500,1583.472386
-22.7,500,1583.597694
-22.9,500,1583.72253
-23.8,500,1583.84775
-23.8,500,1583.973926
-22.6,500,1584.098867
-22.6,500,1584.225029
-22.9,500,1584.350405
-23.4,500,1584.47551
-22.7,500,1584.600314
-22.6,500,1584.725615
-23.4,500,1584.851209
-23.7,500,1584.976942
-22.7,500,1585.102207
-23.0,500,1585.227175
-22.9,500,1585.352561
-23.8,500,1585.47755
-22.7,500,1585.602992
-22.8,500,1585.727999
-23.2,500,1585.853185
-23.6,500,1585.978642
-22.6,500,1586.103623
-26.0,500,1586.229193
-22.9,500,1586.354634
-22.8,500,1586.480482
-23.2,500,1586.605458
-22.6,500,1586.730247
-22.6,500,1586.855548
-22.7,500,1586.980446
-23.3,500,1587.105397
-22.5,500,1587.23155
-23.6,500,1587.35784
-23.1,500,1587.482977
-22.5,500,1587.608334
-143.7,500,1587.733679
-23.1,500,1587.859068
-68.2,500,1587.984786
-48.0,500,1588.111742
-48.4,500,1588.239525
-23.3,500,1588.365058
-23.4,500,1588.490205
-22.7,500,1588.615934
-22.5,500,1588.740924
-22.8,500,1588.865805
-22.7,500,1588.991257
-23.0,500,1589.11619
-23.1,500,1589.241084
-22.8,500,1589.36594
-48.8,500,1589.490977
-47.2,500,1589.634423
-48.0,500,1589.772493
-23.1,500,1589.911799
-23.5,500,1590.049773
-22.8,500,1590.200405
-23.0,500,1590.328192
-22.7,500,1590.453843
-23.1,500,1590.580178
-23.0,500,1590.738539
-23.6,500,1590.864182
-22.6,500,1590.989349
-22.8,500,1591.114485
-23.2,500,1591.240522
-46.1,500,1591.367262
-22.6,500,1591.506283
-23.2,500,1591.638049
-51.8,500,1591.76377
-22.6,500,1591.889422
-10.3,500,1592.014678
-24.9,500,1592.139945
-10.5,500,1592.265046
-23.9,500,1592.390226
-27.3,500,1592.515246
-22.7,500,1592.640208
-22.8,500,1592.765422
-22.5,500,1592.891519
-22.9,500,1593.016695
-4.5,500,1593.143635
-27.3,500,1593.269575
-22.5,500,1593.394281
-23.3,500,1593.51957
-4.7,500,1593.64443
-24.0,500,1593.76927
-2.2,500,1593.896554
-24.3,500,1594.021797
-22.7,500,1594.146833
-23.0,500,1594.27279
-22.8,500,1594.399473
-22.5,500,1594.525123
-23.3,500,1594.649958
-22.6,500,1594.77488
-22.7,500,1594.899938
-23.6,500,1595.02565
-22.6,500,1595.15007
-84.7,500,1595.275808
-48.2,500,1595.401522
-23.2,500,1595.527104
-22.7,500,1595.6524
-22.5,500,1595.777814
-22.8,500,1595.903781
-22.7,500,1596.029432
-22.6,500,1596.154418
-6.1,500,1596.279431
-23.4,500,1596.404956
-24.0,500,1596.529905
-25.1,500,1596.655825
-23.0,500,1596.781252
-23.4,500,1596.906677
-23.7,500,1597.031968
-23.4,500,1597.15712
-23.9,500,1597.282594
-23.0,500,1597.408638
-23.2,500,1597.535389
-23.1,500,1597.660954
-24.5,500,1597.78637
-28.8,500,1597.914921
-23.2,500,1598.041949
-22.9,500,1598.171595
-22.7,500,1598.297721
-22.9,500,1598.423295
-23.8,500,1598.548245
-23.0,500,1598.673351
-26.0,500,1598.798595
-23.0,500,1598.923787
-25.0,500,1599.04926
-15.2,500,1599.1749
-23.6,500,1599.300072
-24.5,500,1599.425446
-23.1,500,1599.550598
-23.2,500,1599.675586
-22.8,500,1599.801443
-22.7,500,1599.926877
-23.0,500,1600.05178
-22.6,500,1600.176193
-23.1,500,1600.301344
-22.9,500,1600.42666
-47.7,500,1600.55223
-47.2,500,1600.677829
-23.2,500,1600.803453
-22.9,500,1600.928793
-23.0,500,1601.053848
-23.6,500,1601.1785
-23.3,500,1601.302905
-22.8,500,1601.428676
-23.6,500,1601.5533
-22.7,500,1601.678465
-23.2,500,1601.803543
-22.8,500,1601.928586
-23.4,500,1602.053754
-22.8,500,1602.178423
-4.5,500,1602.303928
-23.4,500,1602.43836
-24.0,500,1602.590046
-23.2,500,1602.715501
-22.7,500,1602.84045
-23.3,500,1602.966467
-23.0,500,1603.091662
-22.8,500,1603.219117
-28.4,500,1603.344701
-22.9,500,1603.469829
-22.9,500,1603.594767
-22.7,500,1603.720325
-22.9,500,1603.845258
-22.7,500,1603.970473
-24.0,500,1604.095837
-27.8,500,1604.221106
-22.9,500,1604.346123
-22.9,500,1604.470746
-22.6,500,1604.596354
-23.0,500,1604.721684
-22.7,500,1604.846927
-22.9,500,1604.972039
-22.8,500,1605.097389
-22.5,500,1605.22203
-22.8,500,1605.3481
-22.5,500,1605.473635
-22.5,500,1605.599056
-22.6,500,1605.72379
-22.6,500,1605.848652
-22.8,500,1605.973631
-23.5,500,1606.099323
-23.2,500,1606.224532
-22.9,500,1606.349438
-22.8,500,1606.474293
-26.8,500,1606.599339
-22.9,500,1606.725065
-23.6,500,1606.849923
-22.7,500,1606.975652
-22.9,500,1607.100696
-23.0,500,1607.22571
-22.7,500,1607.350602
-23.7,500,1607.47577
-22.3,500,1607.601756
-25.6,500,1607.727559
-23.0,500,1607.852844
-22.0,500,1607.97843
-23.2,500,1608.103555
-22.0,500,1608.230495
-22.9,500,1608.356481
-21.8,500,1608.482021
-22.2,500,1608.60785
-22.2,500,1608.733045
-21.7,500,1608.858511
-21.8,500,1608.983709
-21.6,500,1609.109775
-21.9,500,1609.235816
-25.0,500,1609.361236
-22.0,500,1609.48632
-22.6,500,1609.611072
-21.7,500,1609.736016
-22.6,500,1609.861882
-22.0,500,1609.988646
-22.5,500,1610.113604
-21.6,500,1610.238751
-22.1,500,1610.363758
-22.4,500,1610.488753
-21.8,500,1610.61473
-22.2,500,1610.739752
-22.7,500,1610.864852
-21.6,500,1610.989723
-22.4,500,1611.114837
-21.8,500,1611.239391
-38.8,500,1611.365642
-22.4,500,1611.490738
-21.7,500,1611.616178
-21.6,500,1611.741513
-21.8,500,1611.866893
-21.6,500,1611.992087
-22.0,500,1612.118097
-21.6,500,1612.243426
-21.6,500,1612.369366
-22.2,500,1612.494494
-21.9,500,1612.619833
-93.8,500,1612.745432
-25.6,500,1612.871509
-54.4,500,1612.998785
-22.9,500,1613.124631
-24.5,500,1613.252272
-22.3,500,1613.378169
-21.9,500,1613.503772
-22.8,500,1613.629864
-22.4,500,1613.785488
-22.2,500,1613.910926
-21.6,500,1614.036844
-22.4,500,1614.162222
-21.6,500,1614.287748
-21.8,500,1614.413516
-22.3,500,1614.538425
-22.0,500,1614.66341
-21.8,500,1614.788674
-22.7,500,1614.914225
-21.8,500,1615.039913
-22.4,500,1615.165867
-21.9,500,1615.291193
-21.7,500,1615.416769
-24.4,500,1615.542543
-21.6,500,1615.66754
-21.8,500,1615.793483
-23.2,500,1615.91918
-22.1,500,1616.044239
-22.4,500,1616.169266
-22.0,500,1616.294481
-21.9,500,1616.419573
-22.6,500,1616.545729
-21.9,500,1616.671938
-19.5,500,1616.797576
-25.7,500,1616.92305
-22.3,500,1617.049299
-31.0,500,1617.174771
-22.7,500,1617.300318
-22.1,500,1617.426065
-21.9,500,1617.551518
-22.8,500,1617.677093
-25.8,500,1617.802489
-22.7,500,1617.927744
-5.6,500,1618.053737
-22.9,500,1618.181613
-23.3,500,1618.307187
-25.2,500,1618.432336
-24.1,500,1618.558015
-23.7,500,1618.683024
-23.1,500,1618.807825
-23.8,500,1618.933094
-25.7,500,1619.058137
-23.8,500,1619.183593
-23.2,500,1619.309149
-23.4,500,1619.434177
-24.6,500,1619.559774
-22.8,500,1619.685488
-22.9,500,1619.812238
-22.7,500,1619.937703
-23.4,500,1620.062931
-22.7,500,1620.188575
-23.3,500,1620.314039
-23.3,500,1620.439802
-23.0,500,1620.566266
-23.0,500,1620.691284
-22.7,500,1620.81656
-22.9,500,1620.942081
-23.2,500,1621.067277
-23.5,500,1621.193707
-23.8,500,1621.319952
-22.7,500,1621.445843
-22.9,500,1621.571832
-32.5,500,1621.697325
-51.0,500,1621.823574
-23.4,500,1621.949898
-24.4,500,1622.0764
-22.8,500,1622.202047
-22.7,500,1622.327058
-22.5,500,1622.452636
-23.2,500,1622.578134
-23.0,500,1622.703749
-25.5,500,1622.82944
-22.9,500,1622.954471
-23.6,500,1623.080408
-23.1,500,1623.207158
-23.0,500,1623.332944
-22.9,500,1623.458232
-22.5,500,1623.584479
-22.8,500,1623.71024
-23.0,500,1623.835674
-22.7,500,1623.96108
-22.9,500,1624.086632
-23.3,500,1624.21177
-22.7,500,1624.337906
-22.8,500,1624.462672
-27.7,500,1624.587928
-22.9,500,1624.713425
-22.8,500,1624.869098
-22.7,500,1624.994991
-23.1,500,1625.119676
-22.7,500,1625.244672
-22.7,500,1625.36975
-22.8,500,1625.49486
-25.6,500,1625.620431
-24.0,500,1625.745366
-22.8,500,1625.870692
-22.7,500,1625.995795
-23.1,500,1626.120636
-22.7,500,1626.245935
-23.3,500,1626.370761
-23.4,500,1626.495862
-23.0,500,1626.621328
-23.2,500,1626.745931
-22.7,500,1626.871548
-23.3,500,1626.996089
-23.0,500,1627.121234
-22.7,500,1627.246147
-22.7,500,1627.371825
-23.4,500,1627.496715
-24.0,500,1627.621828
-22.9,500,1627.746897
-29.0,500,1627.871962
-22.9,500,1627.996914
-22.5,500,1628.122667
-23.0,500,1628.249973
-23.3,500,1628.375265
-22.7,500,1628.501079
-22.9,500,1628.626143
-22.5,500,1628.751654
-83.1,500,1628.877236
-47.8,500,1629.002618
-22.7,500,1629.128657
-22.7,500,1629.253941
-22.9,500,1629.379933
-23.8,500,1629.505405
-23.0,500,1629.630355
-22.6,500,1629.755356
-22.5,500,1629.880715
-22.6,500,1630.005998
-23.2,500,1630.131017
-34.6,500,1630.256638
-23.0,500,1630.381794
-22.9,500,1630.506525
-22.6,500,1630.632372
-24.1,500,1630.75791
-22.8,500,1630.883124
-22.9,500,1631.008632
-23.3,500,1631.133823
-22.7,500,1631.259061
-23.0,500,1631.385539
-23.1,500,1631.512894
-23.5,500,1631.638666
-22.6,500,1631.763901
-22.5,500,1631.889406
-23.3,500,1632.014904
-24.6,500,1632.140676
-22.9,500,1632.266792
-22.6,500,1632.391715
-23.7,500,1632.51685
-22.9,500,1632.641914
-22.7,500,1632.766911
-23.3,500,1632.891567
-23.2,500,1633.017014
-22.5,500,1633.142835
-23.6,500,1633.26959
-23.2,500,1633.394967
-23.4,500,1633.520833
-22.5,500,1633.645995
-23.5,500,1633.771412
-46.3,500,1633.896342
-23.7,500,1634.021634
-23.5,500,1634.146829
-24.4,500,1634.2718
-22.9,500,1634.396602
-22.7,500,1634.522278
-23.4,500,1634.649049
-23.1,500,1634.774569
-22.7,500,1634.900069
-22.6,500,1635.025735
-21.9,500,1635.151072
-28.3,500,1635.276235
-29.1,500,1635.402379
-23.9,500,1635.527703
-22.9,500,1635.653208
-22.8,500,1635.778315
-22.7,500,1635.903833
-23.0,500,1636.029086
-22.5,500,1636.154353
-22.7,500,1636.279848
-22.8,500,1636.441178
-23.2,500,1636.5664
-22.6,500,1636.691368
-22.5,500,1636.817384
-22.7,500,1636.942513
-23.0,500,1637.067563
-22.5,500,1637.192467
-23.8,500,1637.31755
-26.5,500,1637.44256
-24.3,500,1637.567848
-22.9,500,1637.693801
-22.7,500,1637.819274
-22.7,500,1637.944276
-22.5,500,1638.069461
-30.1,500,1638.196471
-10.7,500,1638.322369
-23.6,500,1638.448787
-5.1,500,1638.574747
-23.7,500,1638.700058
-22.6,500,1638.825617
-22.9,500,1638.950971
-23.3,500,1639.076297
-22.7,500,1639.202223
-22.9,500,1639.327374
-7.9,500,1639.453139
-24.3,500,1639.578842
-22.6,500,1639.704308
-22.7,500,1639.828958
-22.9,500,1639.953874
-23.5,500,1640.079194
-22.7,500,1640.204304
-22.5,500,1640.329279
-24.0,500,1640.45399
-22.9,500,1640.579033
-24.0,500,1640.704393
-33.8,500,1640.829821
-22.6,500,1640.956737
-23.3,500,1641.082307
-22.9,500,1641.20747
-23.6,500,1641.332265
-22.6,500,1641.457148
-22.7,500,1641.582134
-23.1,500,1641.707074
-22.6,500,1641.83221
-22.6,500,1641.95737
-23.4,500,1642.082619
-26.3,500,1642.20794
-23.4,500,1642.332812
-22.7,500,1642.459169
-22.9,500,1642.584898
-22.7,500,1642.709618
-24.9,500,1642.834741
-22.5,500,1642.960567
-23.2,500,1643.08585
-22.9,500,1643.213563
-22.9,500,1643.339717
-22.7,500,1643.465396
-23.3,500,1643.590728
-24.6,500,1643.716227
-22.5,500,1643.84229
-23.3,500,1643.967683
-23.5,500,1644.092851
-22.6,500,1644.217987
-22.8,500,1644.343078
-22.9,500,1644.468909
-29.5,500,1644.593891
-23.8,500,1644.719272
-22.9,500,1644.844218
-23.7,500,1644.969175
-22.9,500,1645.094633
-23.0,500,1645.219544
-22.5,500,1645.344468
-23.0,500,1645.470495
-22.5,500,1645.596145
-23.9,500,1645.721964
-23.6,500,1645.846674
-23.0,500,1645.971906
-22.7,500,1646.09656
-22.9,500,1646.222144
-23.3,500,1646.348141
-22.7,500,1646.473996
-22.7,500,1646.599284
-26.7,500,1646.724712
-22.6,500,1646.84973
-23.2,500,1646.975649
-23.3,500,1647.104086
-22.6,500,1647.229038
-32.5,500,1647.354488
-23.7,500,1647.479805
-22.5,500,1647.604926
-23.5,500,1647.729926
-22.7,500,1647.85572
-23.2,500,1648.012372
-23.0,500,1648.138036
-22.6,500,1648.264934
-23.1,500,1648.390473
-22.5,500,1648.515335
-22.7,500,1648.640398
-23.3,500,1648.76511
-22.7,500,1648.889861
-42.5,500,1649.014758
-22.5,500,1649.140062
-24.8,500,1649.265144
-22.7,500,1649.390893
-22.5,500,1649.516776
-22.6,500,1649.642364
-22.5,500,1649.766943
-22.7,500,1649.892668
-22.7,500,1650.017276
-23.1,500,1650.141824
-23.2,500,1650.266714
-22.7,500,1650.391894
-22.5,500,1650.516715
-24.1,500,1650.641388
-23.5,500,1650.76732
-23.5,500,1650.892456
-23.0,500,1651.017654
-23.1,500,1651.14289
-29.2,500,1651.268701
-22.9,500,1651.393801
-24.8,500,1651.519379
-23.9,500,1651.64466
-22.9,500,1651.770444
-23.1,500,1651.895375
-23.3,500,1652.020929
-23.8,500,1652.14621
-22.8,500,1652.272003
-23.2,500,1652.398392
-24.1,500,1652.523862
-23.1,500,1652.649038
-23.2,500,1652.774316
-22.5,500,1652.899654
-23.1,500,1653.024764
-22.8,500,1653.15049
-23.1,500,1653.277785
-22.7,500,1653.403325
-23.3,500,1653.529554
-24.8,500,1653.654793
-25.4,500,1653.779984
-25.5,500,1653.90536
-22.5,500,1654.030789
-22.6,500,1654.156022
-23.5,500,1654.281656
-30.3,500,1654.406769
-22.7,500,1654.533663
-23.1,500,1654.66002
-23.0,500,1654.785089
-24.6,500,1654.910082
-23.1,500,1655.035329
-22.5,500,1655.160124
-23.7,500,1655.286671
-22.5,500,1655.411203
-22.6,500,1655.542622
-22.9,500,1655.686343
-22.5,500,1655.824092
-23.7,500,1655.959868
-23.0,500,1656.10071
-22.9,500,1656.240857
-22.7,500,1656.36737
-22.5,500,1656.494466
-24.0,500,1656.620955
-23.0,500,1656.746534
-30.6,500,1656.871799
-23.0,500,1656.99703
-44.4,500,1657.122911
-22.5,500,1657.249125
-23.3,500,1657.376605
-22.5,500,1657.519088
-22.9,500,1657.645426
-5.3,500,1657.771777
-24.5,500,1657.897636
-23.2,500,1658.022968
-23.0,500,1658.14835
-23.2,500,1658.275274
-23.3,500,1658.400808
-22.7,500,1658.525925
-23.0,500,1658.651797
-35.1,500,1658.776896
-24.4,500,1658.901914
-23.1,500,1659.02687
-24.1,500,1659.151819
-22.6,500,1659.276904
-22.6,500,1659.402511
-22.9,500,1659.565093
-22.8,500,1659.691254
-22.5,500,1659.817178
-23.4,500,1659.942631
-31.1,500,1660.068992
-22.7,500,1660.194622
-22.5,500,1660.319773
-22.8,500,1660.445106
-22.7,500,1660.570084
-19.4,500,1660.694541
-29.4,500,1660.820888
-22.0,500,1660.946539
-3.2,500,1661.071592
-23.6,500,1661.196353
-22.8,500,1661.323748
-21.8,500,1661.449472
-23.6,500,1661.575314
-75.7,500,1661.700953
-47.9,500,1661.825959
-22.1,500,1661.951173
-22.1,500,1662.076317
-22.9,500,1662.201952
-22.6,500,1662.328108
-22.9,500,1662.453612
-22.9,500,1662.578849
-22.6,500,1662.704297
-23.0,500,1662.830101
-22.5,500,1662.955482
-22.8,500,1663.080912
-22.7,500,1663.207823
-22.5,500,1663.333715
-22.7,500,1663.458934
-22.8,500,1663.584105
-22.7,500,1663.709398
-22.9,500,1663.835021
-22.9,500,1663.961257
-40.2,500,1664.086874
-23.0,500,1664.212236
-23.7,500,1664.336933
-23.1,500,1664.461972
-23.0,500,1664.587848
-22.6,500,1664.714506
-22.5,500,1664.84039
-23.3,500,1664.965651
-22.6,500,1665.0913
-23.0,500,1665.216547
-23.0,500,1665.341614
-22.7,500,1665.467046
-22.9,500,1665.592447
-23.0,500,1665.717661
-23.4,500,1665.843251
-23.3,500,1665.969546
-22.6,500,1666.1031
-62.1,500,1666.233188
-23.0,500,1666.360718
-24.2,500,1666.487846
-23.8,500,1666.615805
-22.7,500,1666.743179
-5.7,500,1666.871379
-22.9,500,1666.998519
-23.0,500,1667.124954
-28.6,500,1667.251238
-22.5,500,1667.377648
-22.9,500,1667.504774
-23.9,500,1667.632502
-22.7,500,1667.759265
-34.7,500,1667.885156
-23.0,500,1668.010215
-22.5,500,1668.135603
-22.6,500,1668.262739
-23.1,500,1668.389064
-22.6,500,1668.515628
-23.1,500,1668.64168
-23.6,500,1668.766956
-25.4,500,1668.892505
-22.6,500,1669.017943
-24.1,500,1669.143351
-22.6,500,1669.269235
-9.7,500,1669.395218
-22.8,500,1669.521372
-23.1,500,1669.646976
-22.7,500,1669.772165
-22.6,500,1669.898404
-22.5,500,1670.024425
-22.8,500,1670.149641
-23.2,500,1670.27495
-22.9,500,1670.400552
-23.9,500,1670.527293
-22.7,500,1670.653933
-23.0,500,1670.780711
-23.8,500,1670.937354
-23.2,500,1671.063225
-24.2,500,1671.189241
-23.3,500,1671.315247
-22.7,500,1671.440898
-22.9,500,1671.566462
-22.6,500,1671.692321
-22.8,500,1671.817819
-23.1,500,1671.944356
-5.7,500,1672.070139
-22.6,500,1672.1957
-23.5,500,1672.321886
-23.2,500,1672.448411
-22.6,500,1672.574653
-22.6,500,1672.701231
-22.8,500,1672.826854
-24.1,500,1672.952306
-23.0,500,1673.077598
-22.8,500,1673.202575
-23.0,500,1673.331715
-32.4,500,1673.46018
-22.9,500,1673.586502
-23.8,500,1673.711892
-22.7,500,1673.837515
-22.9,500,1673.963113
-22.7,500,1674.089183
-25.8,500,1674.21599
-23.0,500,1674.341469
-23.7,500,1674.466793
-22.6,500,1674.592143
-23.1,500,1674.71746
-22.8,500,1674.843244
-23.3,500,1674.969027
-22.7,500,1675.096255
-22.7,500,1675.222094
-22.6,500,1675.347537
-22.7,500,1675.472948
-46.9,500,1675.598279
-49.0,500,1675.724845
-45.8,500,1675.85092
-23.2,500,1675.976536
-22.7,500,1676.102654
-22.9,500,1676.228367
-23.5,500,1676.353637
-23.1,500,1676.479837
-22.7,500,1676.605356
-30.2,500,1676.731012
-24.2,500,1676.856635
-23.3,500,1676.982564
-4.4,500,1677.108676
-24.3,500,1677.234184
-22.9,500,1677.360686
-22.5,500,1677.4861
-22.6,500,1677.61174
-22.6,500,1677.737972
-22.8,500,1677.863945
-23.9,500,1677.9895
-22.9,500,1678.116082
-22.7,500,1678.244218
-23.7,500,1678.370558
-22.5,500,1678.495863
-23.9,500,1678.621484
-23.6,500,1678.747161
-22.8,500,1678.872989
-22.7,500,1678.997936
-23.4,500,1679.122625
-23.1,500,1679.247543
-22.5,500,1679.372524
-23.3,500,1679.497207
-22.5,500,1679.62288
-25.5,500,1679.74824
-23.6,500,1679.874068
-23.1,500,1679.999462
-22.9,500,1680.124548
-22.8,500,1680.249657
-23.3,500,1680.375466
-23.7,500,1680.500617
-24.0,500,1680.626385
-24.9,500,1680.752273
-23.2,500,1680.878066
-23.5,500,1681.003556
-22.7,500,1681.129768
-23.1,500,1681.254718
-24.1,500,1681.379969
-23.1,500,1681.505394
-22.8,500,1681.631019
-22.7,500,1681.756849
-23.0,500,1681.881371
-23.6,500,1682.007662
-23.4,500,1682.133466
-22.5,500,1682.258793
-5.4,500,1682.384557
-24.6,500,1682.50983
-22.5,500,1682.671114
-8.2,500,1682.795971
-23.6,500,1682.920556
-22.7,500,1683.045349
-22.7,500,1683.170177
-4.6,500,1683.298115
-2.0,500,1683.424384
-22.5,500,1683.550057
-1.7,500,1683.676105
-23.3,500,1683.801175
-45.3,500,1683.926236
-22.7,500,1684.051661
-23.1,500,1684.176991
-22.6,500,1684.302419
-23.0,500,1684.427615
-23.6,500,1684.553268
-22.6,500,1684.678235
-22.9,500,1684.804049
-23.9,500,1684.931369
-13.8,500,1685.057294
-48.6,500,1685.18274
-24.1,500,1685.308607
-23.3,500,1685.433861
-24.3,500,1685.559978
-23.3,500,1685.686814
-22.7,500,1685.814976
-23.5,500,1685.940815
-23.2,500,1686.066924
-22.9,500,1686.19265
-23.3,500,1686.318351
-5.3,500,1686.44514
-23.2,500,1686.570408
-22.8,500,1686.695741
-22.9,500,1686.820883
-24.9,500,1686.946198
-23.1,500,1687.072332
-22.5,500,1687.196883
-23.0,500,1687.322368
-22.9,500,1687.448181
-23.1,500,1687.573784
-22.7,500,1687.699049
-24.4,500,1687.824872
-23.2,500,1687.950718
-3.1,500,1688.076016
-23.7,500,1688.201608
-23.2,500,1688.329289
-23.1,500,1688.454589
-24.4,500,1688.580194
-29.1,500,1688.70648
-22.9,500,1688.831486
-23.7,500,1688.956523
-24.2,500,1689.081652
-27.0,500,1689.207188
-23.3,500,1689.331941
-22.7,500,1689.457868
-22.9,500,1689.583169
-23.0,500,1689.708041
-22.6,500,1689.8332
-23.1,500,1689.958864
-22.8,500,1690.083694
-23.1,500,1690.209443
-23.0,500,1690.33533
-22.8,500,1690.460818
-22.7,500,1690.586527
-23.3,500,1690.711883
-22.9,500,1690.836833
-23.1,500,1690.962419
-75.0,500,1691.088309
-50.3,500,1691.214112
-22.8,500,1691.339958
-23.0,500,1691.465478
-22.7,500,1691.590825
-23.2,500,1691.716867
-23.4,500,1691.842006
-24.2,500,1691.967229
-22.8,500,1692.092563
-22.8,500,1692.217891
-22.9,500,1692.343058
-23.7,500,1692.469982
-22.8,500,1692.595129
-23.3,500,1692.720441
-21.6,500,1692.845363
-22.7,500,1692.97088
-23.6,500,1693.096054
-22.6,500,1693.221649
-22.5,500,1693.350715
-22.7,500,1693.476738
-22.8,500,1693.602321
-22.5,500,1693.728337
-22.7,500,1693.853968
-23.9,500,1693.979908
-26.7,500,1694.105155
-23.4,500,1694.23132
-22.9,500,1694.357345
-22.7,500,1694.482489
-24.7,500,1694.607744
-24.0,500,1694.733563
-22.9,500,1694.896663
-22.6,500,1695.022073
-24.1,500,1695.147601
-23.2,500,1695.273747
-22.8,500,1695.399242
-23.8,500,1695.524612
-22.8,500,1695.65045
-29.9,500,1695.776174
-22.6,500,1695.901755
-22.8,500,1696.028094
-23.2,500,1696.153779
-22.6,500,1696.279651
-22.5,500,1696.405226
-22.3,500,1696.530829
-23.5,500,1696.656393
-24.0,500,1696.783139
-22.5,500,1696.909701
-23.2,500,1697.035196
-22.7,500,1697.160592
-22.6,500,1697.286844
-22.9,500,1697.412363
-22.8,500,1697.537706
-22.9,500,1697.662899
-23.4,500,1697.788087
-22.7,500,1697.913163
-22.8,500,1698.03847
-21.9,500,1698.163771
-22.5,500,1698.290641
-23.4,500,1698.416401
-22.7,500,1698.543179
-22.7,500,1698.668234
-22.8,500,1698.794062
-28.2,500,1698.919962
-22.5,500,1699.045249
-22.9,500,1699.17049
-22.6,500,1699.296753
-22.9,500,1699.422256
-22.7,500,1699.547632
-21.7,500,1699.672358
-22.1,500,1699.797753
-21.8,500,1699.922138
-23.3,500,1700.047813
-22.5,500,1700.172682
-22.6,500,1700.297512
-23.1,500,1700.422623
-23.4,500,1700.547522
-4.4,500,1700.672776
-23.9,500,1700.798818
-24.7,500,1700.924493
-23.8,500,1701.050109
-22.1,500,1701.175517
-22.7,500,1701.301087
-23.0,500,1701.426594
-23.5,500,1701.551966
-22.7,500,1701.677512
-23.4,500,1701.802505
-22.9,500,1701.927495
-23.1,500,1702.052627
-31.7,500,1702.177826
-22.5,500,1702.303039
-22.7,500,1702.428768
-23.1,500,1702.563818
-22.7,500,1702.708324
-23.6,500,1702.846443
-23.1,500,1702.988236
-23.6,500,1703.122941
-22.7,500,1703.262639
-37.5,500,1703.389261
-23.1,500,1703.51668
-22.8,500,1703.642239
-22.6,500,1703.767463
-22.9,500,1703.89309
-22.5,500,1704.018736
-23.5,500,1704.143918
-22.7,500,1704.269472
-22.7,500,1704.397901
-27.8,500,1704.540836
-23.4,500,1704.666384
-23.0,500,1704.792098
-22.9,500,1704.917969
-22.7,500,1705.043318
-22.5,500,1705.168641
-22.6,500,1705.293905
-22.5,500,1705.418863
-22.5,500,1705.54403
-22.8,500,1705.670545
-23.0,500,1705.797263
-22.9,500,1705.922515
-22.7,500,1706.047531
-23.1,500,1706.172826
-24.7,500,1706.298255
-23.0,500,1706.424424
-35.4,500,1706.581292
-5.2,500,1706.706813
-25.7,500,1706.832044
-23.4,500,1706.958296
-23.4,500,1707.085009
-22.7,500,1707.210441
-22.9,500,1707.335997
-23.2,500,1707.461662
-23.5,500,1707.586947
-23.6,500,1707.712495
-22.3,500,1707.837675
-23.2,500,1707.962612
-22.9,500,1708.087928
-23.8,500,1708.212801
-22.9,500,1708.340821
-23.0,500,1708.467088
-22.8,500,1708.592144
-23.0,500,1708.717798
-23.0,500,1708.843417
-23.6,500,1708.969586
-24.1,500,1709.095187
-23.8,500,1709.221197
-23.0,500,1709.347249
-22.7,500,1709.472962
-23.4,500,1709.598536
-22.9,500,1709.724011
-22.7,500,1709.848966
-22.8,500,1709.975282
-23.4,500,1710.100275
-67.8,500,1710.225814
-23.2,500,1710.351379
-22.7,500,1710.476437
-22.5,500,1710.602039
-23.0,500,1710.72703
-22.9,500,1710.852817
-23.4,500,1710.978558
-22.7,500,1711.104025
-22.8,500,1711.229375
-22.9,500,1711.355535
-22.9,500,1711.481872
-23.3,500,1711.608892
-23.0,500,1711.734726
-23.1,500,1711.860068
-23.4,500,1711.98535
-23.1,500,1712.110743
-23.6,500,1712.236505
-24.7,500,1712.362243
-22.6,500,1712.487461
-22.8,500,1712.612778
-23.0,500,1712.738058
-5.0,500,1712.863972
-24.0,500,1712.988817
-23.1,500,1713.114094
-22.6,500,1713.239801
-22.8,500,1713.366516
-24.6,500,1713.4919
-22.7,500,1713.616868
-22.7,500,1713.742343
-22.6,500,1713.867413
-23.0,500,1713.992736
-23.4,500,1714.117913
-22.8,500,1714.243107
-22.6,500,1714.367319
-23.8,500,1714.491959
-23.4,500,1714.617627
-23.0,500,1714.742696
-22.6,500,1714.867754
-23.3,500,1714.993048
-22.5,500,1715.118078
-23.0,500,1715.242956
-22.7,500,1715.368768
-22.9,500,1715.494209
-23.0,500,1715.619385
-23.2,500,1715.744433
-23.2,500,1715.869302
-4.9,500,1715.994568
-24.6,500,1716.120199
-22.9,500,1716.246716
-23.1,500,1716.371754
-22.6,500,1716.496816
-4.2,500,1716.622009
-22.9,500,1716.747042
-22.9,500,1716.872918
-22.7,500,1716.999139
-22.7,500,1717.124775
-22.5,500,1717.250069
-23.6,500,1717.375393
-23.6,500,1717.500359
-22.7,500,1717.626173
-22.0,500,1717.784773
-6.5,500,1717.910388
-23.4,500,1718.035875
-23.4,500,1718.162653
-23.2,500,1718.295443
-24.2,500,1718.422318
-23.1,500,1718.548491
-23.4,500,1718.67509
-23.1,500,1718.800574
-23.3,500,1718.926334
-22.5,500,1719.053026
-31.4,500,1719.178883
-23.6,500,1719.303948
-22.7,500,1719.429959
-23.0,500,1719.55755
-22.9,500,1719.684597
-23.0,500,1719.810972
-23.3,500,1719.936215
-22.8,500,1720.06127
-30.3,500,1720.186557
-23.1,500,1720.312298
-22.6,500,1720.43769
-22.5,500,1720.564041
-2.9,500,1720.689839
-24.7,500,1720.815444
-23.3,500,1720.941606
-23.3,500,1721.067239
-22.7,500,1721.192656
-22.6,500,1721.318566
-22.7,500,1721.443672
-22.7,500,1721.569371
-22.7,500,1721.694957
-22.9,500,1721.820509
-23.5,500,1721.946684
-22.9,500,1722.071923
-22.7,500,1722.197368
-23.3,500,1722.323041
-22.8,500,1722.44825
-23.0,500,1722.573376
-23.0,500,1722.698571
-23.1,500,1722.824869
-23.4,500,1722.950606
-23.5,500,1723.075829
-4.9,500,1723.20131
-32.9,500,1723.32867
-22.9,500,1723.453533
-22.8,500,1723.578899
-22.6,500,1723.70351
-22.9,500,1723.828902
-78.2,500,1723.953879
-55.7,500,1724.079872
-46.2,500,1724.205436
-24.0,500,1724.331838
-22.6,500,1724.456954
-22.8,500,1724.58222
-24.5,500,1724.70729
-23.0,500,1724.832835
-22.8,500,1724.957795
-22.6,500,1725.082807
-23.1,500,1725.209109
-22.5,500,1725.335095
-22.7,500,1725.460498
-24.2,500,1725.586074
-22.8,500,1725.711104
-24.8,500,1725.836422
-22.5,500,1725.962825
-32.7,500,1726.088348
-22.5,500,1726.213767
-23.0,500,1726.339633
-22.9,500,1726.465194
-4.7,500,1726.591064
-23.4,500,1726.717185
-22.6,500,1726.844677
-22.7,500,1726.970698
-23.1,500,1727.096338
-22.7,500,1727.221863
-23.2,500,1727.34726
-22.7,500,1727.473088
-22.8,500,1727.600279
-3.0,500,1727.725248
-47.0,500,1727.850762
-22.9,500,1727.975637
-22.6,500,1728.100686
-22.8,500,1728.226285
-22.7,500,1728.354575
-22.7,500,1728.479767
-22.5,500,1728.605339
-27.4,500,1728.731016
-23.2,500,1728.856826
-23.6,500,1728.983005
-23.6,500,1729.108408
-23.2,500,1729.233428
-22.8,500,1729.358237
-22.8,500,1729.483614
-23.3,500,1729.60875
-23.2,500,1729.734548
-22.9,500,1729.85981
-22.7,500,1729.985332
-23.4,500,1730.110288
-22.6,500,1730.268593
-22.7,500,1730.395323
-29.2,500,1730.520661
-25.8,500,1730.645695
-23.0,500,1730.770827
-22.6,500,1730.895861
-3.5,500,1731.020889
-22.9,500,1731.145707
-22.7,500,1731.27082
-23.0,500,1731.39584
-23.7,500,1731.521036
-22.7,500,1731.645732
-22.6,500,1731.771193
-22.8,500,1731.896082
-3.2,500,1732.022227
-22.6,500,1732.147274
-22.9,500,1732.272344
-22.5,500,1732.397402
-23.7,500,1732.528051
-23.1,500,1732.654268
-22.5,500,1732.783224
-23.5,500,1732.90902
-22.7,500,1733.034865
-23.0,500,1733.160236
-22.9,500,1733.287649
-24.7,500,1733.416837
-23.7,500,1733.542585
-22.8,500,1733.667781
-22.6,500,1733.792912
-22.9,500,1733.918347
-22.9,500,1734.044452
-22.8,500,1734.170374
-22.7,500,1734.295401
-24.4,500,1734.420535
-22.9,500,1734.545507
-23.2,500,1734.670378
-23.3,500,1734.795272
-22.9,500,1734.921085
-23.3,500,1735.046273
-22.8,500,1735.171245
-28.5,500,1735.295984
-23.1,500,1735.421576
-23.3,500,1735.546333
-23.5,500,1735.672051
-25.5,500,1735.796946
-23.5,500,1735.92243
-22.8,500,1736.048262
-23.1,500,1736.173187
-23.0,500,1736.29839
-22.9,500,1736.42325
-23.3,500,1736.548719
-22.7,500,1736.674059
-22.7,500,1736.799181
-23.2,500,1736.923878
-22.9,500,1737.049256
-22.7,500,1737.175431
-22.7,500,1737.300719
-23.5,500,1737.426437
-23.0,500,1737.55176
-22.8,500,1737.676875
-66.2,500,1737.802028
-23.0,500,1737.927437
-23.4,500,1738.05389
-23.0,500,1738.179227
-22.5,500,1738.306942
-22.8,500,1738.432263
-23.3,500,1738.557762
-22.8,500,1738.683087
-23.0,500,1738.808467
-23.3,500,1738.933882
-22.6,500,1739.059095
-22.9,500,1739.184161
-22.7,500,1739.309298
-22.8,500,1739.434309
-22.8,500,1739.560107
-22.8,500,1739.685263
-23.0,500,1739.810831
-22.7,500,1739.935954
-23.3,500,1740.061515
-22.9,500,1740.186581
-22.5,500,1740.311207
-22.9,500,1740.437162
-22.6,500,1740.561913
-23.2,500,1740.687226
-22.8,500,1740.812237
-34.9,500,1740.937424
-24.3,500,1741.063059
-22.5,500,1741.187755
-23.0,500,1741.313173
-23.4,500,1741.438378
-22.7,500,1741.563943
-23.1,500,1741.689605
-22.8,500,1741.81446
-22.9,500,1741.939535
-23.7,500,1742.065177
-22.6,500,1742.190207
-22.5,500,1742.315242
-24.5,500,1742.440349
-22.7,500,1742.603454
-23.0,500,1742.728176
-66.0,500,1742.853095
-23.1,500,1742.978451
-23.0,500,1743.102993
-23.8,500,1743.228481
-22.5,500,1743.358167
-22.5,500,1743.484141
-23.3,500,1743.609623
-23.1,500,1743.735016
-22.7,500,1743.859862
-30.1,500,1743.985907
-22.6,500,1744.110612
-22.9,500,1744.236427
-22.9,500,1744.361169
-22.9,500,1744.486469
-24.5,500,1744.611343
-22.8,500,1744.736448
-22.9,500,1744.861663
-22.5,500,1744.986817
-22.8,500,1745.111716
-22.8,500,1745.236786
-22.5,500,1745.361803
-22.7,500,1745.487245
-22.6,500,1745.612542
-23.4,500,1745.737651
-22.6,500,1745.862708
-22.8,500,1745.988049
-22.8,500,1746.112876
-7.5,500,1746.238245
-23.4,500,1746.363613
-22.7,500,1746.489631
-23.9,500,1746.614833
-22.9,500,1746.740335
-23.4,500,1746.865672
-23.0,500,1746.990759
-22.7,500,1747.116007
-24.6,500,1747.242273
-23.2,500,1747.367684
-23.5,500,1747.493212
-22.7,500,1747.618626
-23.4,500,1747.743999
-23.0,500,1747.869742
-22.7,500,1747.996471
-23.3,500,1748.121931
-23.3,500,1748.24714
-22.7,500,1748.375792
-22.8,500,1748.502176
-23.1,500,1748.627508
-23.2,500,1748.753844
-22.8,500,1748.87926
-23.6,500,1749.004655
-22.8,500,1749.130445
-37.8,500,1749.256289
-29.8,500,1749.382212
-23.5,500,1749.507491
-23.1,500,1749.633663
-22.7,500,1749.759173
-22.7,500,1749.884592
-23.9,500,1750.009865
-23.0,500,1750.134971
-23.1,500,1750.260689
-23.8,500,1750.386188
-23.3,500,1750.512655
-23.0,500,1750.639681
-23.0,500,1750.764681
-22.7,500,1750.890563
-23.3,500,1751.016925
-22.7,500,1751.142278
-23.2,500,1751.267564
-22.7,500,1751.39277
-22.8,500,1751.517491
-23.4,500,1751.642342
-23.0,500,1751.767972
-22.6,500,1751.892986
-23.5,500,1752.018178
-23.1,500,1752.143204
-22.9,500,1752.268444
-22.8,500,1752.393639
-29.9,500,1752.519641
-23.9,500,1752.648396
-23.1,500,1752.774273
-22.6,500,1752.900345
-23.0,500,1753.02623
-22.6,500,1753.151501
-23.5,500,1753.278336
-45.5,500,1753.405645
-22.8,500,1753.531305
-22.9,500,1753.656634
-22.7,500,1753.781717
-22.8,500,1753.906581
-23.2,500,1754.033033
-23.0,500,1754.158018
-22.7,500,1754.283909
-23.0,500,1754.408694
-3.8,500,1754.53409
-22.8,500,1754.659087
-23.1,500,1754.784662
-24.4,500,1754.932744
-23.4,500,1755.066608
-22.7,500,1755.191907
-1.7,500,1755.317256
-23.0,500,1755.443566
-22.6,500,1755.568851
-22.8,500,1755.694077
-23.3,500,1755.819599
-23.3,500,1755.944537
-22.8,500,1756.069617
-22.6,500,1756.195385
-22.7,500,1756.320498
-22.8,500,1756.445966
-29.5,500,1756.571273
-22.5,500,1756.69646
-22.5,500,1756.822193
-22.5,500,1756.947557
-24.1,500,1757.073254
-23.9,500,1757.198274
-22.9,500,1757.323332
-23.2,500,1757.44811
-23.0,500,1757.573513
-22.6,500,1757.698531
-28.6,500,1757.824666
-22.6,500,1757.951593
-22.5,500,1758.077551
-22.5,500,1758.20362
-23.3,500,1758.330303
-22.6,500,1758.456185
-22.7,500,1758.582279
-29.0,500,1758.70877
-23.5,500,1758.8342
-22.7,500,1758.959385
-22.8,500,1759.084559
-22.9,500,1759.209735
-23.0,500,1759.335744
-23.2,500,1759.461147
-22.8,500,1759.586735
-22.7,500,1759.712194
-22.7,500,1759.837592
-22.9,500,1759.963339
-23.5,500,1760.088541
-23.0,500,1760.213429
-22.5,500,1760.338761
-25.0,500,1760.464028
-22.8,500,1760.589415
-1.9,500,1760.714828
-23.0,500,1760.840189
-23.6,500,1760.965591
-23.6,500,1761.090465
-23.2,500,1761.215172
-23.8,500,1761.340496
-23.3,500,1761.466083
-24.0,500,1761.591488
-23.6,500,1761.716222
-23.8,500,1761.842664
-23.9,500,1761.968207
-23.8,500,1762.093077
-23.0,500,1762.218327
-23.1,500,1762.343635
-22.7,500,1762.469343
-22.9,500,1762.595623
-22.9,500,1762.720821
-23.0,500,1762.846442
-39.5,500,1762.97218
-22.9,500,1763.097913
-22.6,500,1763.223392
-22.7,500,1763.351183
-22.9,500,1763.477673
-23.2,500,1763.620509
-24.3,500,1763.760645
-22.6,500,1763.901475
-22.7,500,1764.037978
-22.8,500,1764.178395
-34.2,500,1764.312268
-23.4,500,1764.438844
-23.7,500,1764.565035
-23.3,500,1764.690807
-23.5,500,1764.816735
-22.9,500,1764.941843
-22.8,500,1765.067364
-22.8,500,1765.192855
-23.1,500,1765.320305
-22.7,500,1765.460542
-23.1,500,1765.589679
-23.0,500,1765.71592
-22.5,500,1765.841373
-22.8,500,1765.966837
-24.4,500,1766.092511
-55.1,500,1766.217573
-22.5,500,1766.342656
-23.2,500,1766.46812
-23.1,500,1766.593217
-23.3,500,1766.749382
-26.4,500,1766.874848
-22.7,500,1767.000543
-24.1,500,1767.126112
-24.2,500,1767.251358
-22.9,500,1767.376965
-27.4,500,1767.502784
-25.9,500,1767.628254
-22.5,500,1767.753702
-22.8,500,1767.879089
-22.9,500,1768.004667
-23.1,500,1768.130844
-22.7,500,1768.256791
-22.5,500,1768.383859
-3.3,500,1768.509358
-22.5,500,1768.634211
-4.7,500,1768.759591
-24.4,500,1768.88535
-22.9,500,1769.011801
-22.9,500,1769.137311
-22.8,500,1769.262981
-22.7,500,1769.388215
-22.6,500,1769.513779
-23.9,500,1769.639656
-22.8,500,1769.765865
-22.8,500,1769.891446
-22.8,500,1770.017074
-22.8,500,1770.14295
-23.2,500,1770.268354
-22.5,500,1770.394843
-23.5,500,1770.520355
-22.9,500,1770.645783
-23.3,500,1770.771637
-22.7,500,1770.897161
-23.2,500,1771.022417
-22.6,500,1771.149571
-22.5,500,1771.275107
-23.2,500,1771.400352
-23.1,500,1771.525514
-22.6,500,1771.650612
-23.1,500,1771.775544
-22.7,500,1771.901108
-23.1,500,1772.027649
-23.0,500,1772.152607
-27.0,500,1772.277918
-22.6,500,1772.40318
-22.7,500,1772.528442
-22.5,500,1772.654323
-22.9,500,1772.780768
-22.7,500,1772.906367
-22.8,500,1773.031806
-22.7,500,1773.157291
-22.9,500,1773.285955
-22.6,500,1773.41154
-23.0,500,1773.537068
-23.3,500,1773.662336
-23.1,500,1773.787218
-38.1,500,1773.91261
-23.1,500,1774.038448
-22.6,500,1774.164532
-26.4,500,1774.289895
-23.3,500,1774.415331
-22.6,500,1774.54103
-22.6,500,1774.666102
-22.8,500,1774.792097
-23.7,500,1774.918023
-23.2,500,1775.04326
-22.7,500,1775.16872
-22.7,500,1775.293818
-22.9,500,1775.418433
-22.7,500,1775.543752
-30.4,500,1775.66865
-23.1,500,1775.794292
-23.0,500,1775.919582
-22.5,500,1776.045076
-22.7,500,1776.170047
-22.7,500,1776.296494
-22.8,500,1776.422149
-24.2,500,1776.548048
-25.4,500,1776.673285
-22.6,500,1776.79819
-22.5,500,1776.923798
-22.8,500,1777.049784
-22.7,500,1777.175146
-22.8,500,1777.300332
-22.8,500,1777.425445
-22.8,500,1777.550419
-23.2,500,1777.675904
-23.0,500,1777.801606
-22.5,500,1777.927126
-22.5,500,1778.052531
-23.1,500,1778.177834
-23.6,500,1778.30511
-22.8,500,1778.431466
-22.7,500,1778.55656
-23.1,500,1778.681808
-22.7,500,1778.807104
-22.7,500,1778.932122
-23.4,500,1779.090084
-23.3,500,1779.215366
-22.7,500,1779.340928
-22.5,500,1779.466266
-22.8,500,1779.591486
-23.1,500,1779.716496
-26.3,500,1779.842055
-23.3,500,1779.967521
-22.5,500,1780.092923
-23.5,500,1780.218198
-22.5,500,1780.3434
-28.5,500,1780.469059
-22.6,500,1780.594275
-23.5,500,1780.719551
-22.8,500,1780.844988
-23.5,500,1780.97033
-22.6,500,1781.0956
-25.0,500,1781.220384
-23.5,500,1781.346107
-22.5,500,1781.470947
-23.0,500,1781.596056
-22.7,500,1781.720643
-22.9,500,1781.84582
-23.1,500,1781.970819
-22.7,500,1782.096761
-22.8,500,1782.222038
-32.9,500,1782.347021
-22.7,500,1782.471634
-22.8,500,1782.596442
-22.9,500,1782.721244
-23.1,500,1782.846362
-22.5,500,1782.971495
-22.8,500,1783.096502
-24.1,500,1783.221662
-23.1,500,1783.348699
-22.6,500,1783.474406
-22.5,500,1783.600005
-22.8,500,1783.72512
-22.7,500,1783.850298
-22.7,500,1783.975704
-24.1,500,1784.100664
-37.4,500,1784.2442
-22.5,500,1784.369359
-23.1,500,1784.494552
-22.8,500,1784.620148
-22.9,500,1784.745512
-22.9,500,1784.871132
-23.1,500,1784.997696
-22.9,500,1785.123261
-22.5,500,1785.247971
-22.8,500,1785.37307
-22.5,500,1785.498305
-22.5,500,1785.624144
-24.7,500,1785.749024
-22.5,500,1785.875197
-22.9,500,1786.000322
-22.8,500,1786.125215
-22.6,500,1786.250664
-23.1,500,1786.37595
-22.7,500,1786.501258
-22.5,500,1786.626932
-22.7,500,1786.751859
-22.7,500,1786.877302
-22.9,500,1787.002144
-28.4,500,1787.127874
-23.9,500,1787.252649
-23.2,500,1787.37782
-23.9,500,1787.503587
-22.8,500,1787.628597
-22.5,500,1787.753394
-22.8,500,1787.878403
-22.6,500,1788.003477
-22.8,500,1788.128594
-62.8,500,1788.254485
-27.4,500,1788.382965
-23.8,500,1788.509251
-23.3,500,1788.634748
-23.9,500,1788.760702
-22.8,500,1788.886088
-23.3,500,1789.012269
-23.0,500,1789.137628
-23.6,500,1789.263328
-22.9,500,1789.388428
-22.8,500,1789.5137
-5.7,500,1789.639896
-23.6,500,1789.765833
-22.7,500,1789.891291
-22.7,500,1790.016283
-23.5,500,1790.141162
-22.5,500,1790.266388
-23.1,500,1790.391786
-22.5,500,1790.517242
-23.1,500,1790.680084
-23.4,500,1790.805209
-23.0,500,1790.930811
-22.8,500,1791.056877
-23.0,500,1791.182113
-22.7,500,1791.307553
-23.2,500,1791.432545
-23.2,500,1791.558073
-23.6,500,1791.683148
-22.5,500,1791.807885
-23.2,500,1791.932926
-23.1,500,1792.05794
-22.7,500,1792.183411
-23.1,500,1792.308638
-23.0,500,1792.433781
-6.9,500,1792.559565
-36.3,500,1792.685557
-23.0,500,1792.811031
-22.5,500,1792.936452
-22.5,500,1793.062078
-22.6,500,1793.187158
-24.1,500,1793.314677
-22.7,500,1793.441492
-22.7,500,1793.566881
-22.6,500,1793.692445
-33.3,500,1793.820821
-22.7,500,1793.945608
-22.6,500,1794.071258
-22.8,500,1794.196096
-23.5,500,1794.321297
-23.3,500,1794.449796
-4.3,500,1794.57538
-23.1,500,1794.701042
-22.5,500,1794.825811
-3.4,500,1794.951505
-24.1,500,1795.076674
-23.4,500,1795.201665
-22.8,500,1795.326469
-22.7,500,1795.451742
-22.6,500,1795.576998
-23.7,500,1795.702776
-62.0,500,1795.828375
-2.9,500,1795.954309
-31.5,500,1796.079973
-22.9,500,1796.205661
-22.5,500,1796.331073
-22.8,500,1796.457279
-23.6,500,1796.582852
-23.3,500,1796.708188
-4.7,500,1796.833352
-22.9,500,1796.958402
-22.7,500,1797.08489
-22.9,500,1797.212398
-23.1,500,1797.337852
-23.2,500,1797.463616
-22.7,500,1797.58865
-23.1,500,1797.713693
-22.8,500,1797.839405
-22.8,500,1797.96417
-22.8,500,1798.089328
-23.0,500,1798.21419
-22.9,500,1798.341157
-22.8,500,1798.467637
-23.3,500,1798.593155
-23.0,500,1798.718422
-23.0,500,1798.843523
-22.9,500,1798.968925
-22.7,500,1799.094209
-22.7,500,1799.219672
-29.7,500,1799.344799
-22.7,500,1799.470583
-22.7,500,1799.596099
-23.2,500,1799.721878
-22.7,500,1799.847493
-23.0,500,1799.9729
-23.1,500,1800.098801
-22.6,500,1800.224417
-22.5,500,1800.349826
-23.5,500,1800.475811
-23.1,500,1800.601292
-22.7,500,1800.726578
-66.9,500,1800.852604
-26.1,500,1800.978344
-24.3,500,1801.10406
-22.6,500,1801.229769
-4.9,500,1801.355366
-22.8,500,1801.480752
-24.3,500,1801.606394
-23.1,500,1801.732291
-24.7,500,1801.897579
-4.4,500,1802.023284
-23.5,500,1802.148164
-22.9,500,1802.273616
-22.7,500,1802.399357
-22.6,500,1802.524938
-22.5,500,1802.649941
-23.1,500,1802.7753
-22.9,500,1802.900507
-23.0,500,1803.025737
-22.7,500,1803.150858
-22.5,500,1803.27585
-22.5,500,1803.402616
-22.7,500,1803.528362
-22.8,500,1803.653611
-22.5,500,1803.778563
-22.9,500,1803.904458
-34.3,500,1804.031313
-22.9,500,1804.156488
-22.8,500,1804.281753
-22.8,500,1804.406707
-23.0,500,1804.531692
-23.1,500,1804.657176
-22.5,500,1804.783324
-22.7,500,1804.908299
-22.9,500,1805.032823
-24.4,500,1805.158089
-36.9,500,1805.283307
-23.2,500,1805.409065
-23.6,500,1805.534133
-22.9,500,1805.659678
-23.4,500,1805.784617
-22.8,500,1805.909512
-22.5,500,1806.034962
-22.9,500,1806.160201
-22.7,500,1806.286003
-22.8,500,1806.411765
-22.7,500,1806.53691
-47.9,500,1806.662211
-22.8,500,1806.787689
-23.5,500,1806.912913
-23.0,500,1807.038742
-22.7,500,1807.1652
-23.1,500,1807.290892
-23.0,500,1807.41638
-22.8,500,1807.542224
-22.5,500,1807.667738
-23.1,500,1807.793738
-22.7,500,1807.919943
-23.1,500,1808.045593
-24.8,500,1808.17151
-22.7,500,1808.296781
-22.7,500,1808.425161
-22.7,500,1808.551414
-23.5,500,1808.677707
-22.6,500,1808.803168
-23.2,500,1808.928262
-23.1,500,1809.053589
-3.7,500,1809.178545
-23.1,500,1809.304548
-22.7,500,1809.429089
-22.5,500,1809.554663
-23.3,500,1809.679819
-23.0,500,1809.8053
-22.7,500,1809.930282
-23.0,500,1810.05575
-23.1,500,1810.181683
-22.6,500,1810.30741
-4.9,500,1810.432686
-24.5,500,1810.557801
-22.7,500,1810.682922
-23.0,500,1810.808359
-23.0,500,1810.933967
-23.9,500,1811.059717
-22.8,500,1811.185005
-23.1,500,1811.310443
-22.8,500,1811.435612
-83.8,500,1811.561999
-47.6,500,1811.687231
-22.7,500,1811.814265
-22.5,500,1811.943445
-22.6,500,1812.069308
-23.0,500,1812.194642
-23.1,500,1812.320028
-22.5,500,1812.445065
-22.8,500,1812.570469
-22.5,500,1812.695849
-22.8,500,1812.821265
-30.0,500,1812.946972
-22.9,500,1813.072736
-23.2,500,1813.198443
-22.7,500,1813.325319
-22.6,500,1813.451658
-23.1,500,1813.577823
-22.7,500,1813.703339
-31.9,500,1813.860938
-22.7,500,1813.986215
-23.0,500,1814.110993
-22.9,500,1814.235577
-22.8,500,1814.36069
-22.7,500,1814.486468
-23.0,500,1814.611396
-30.2,500,1814.736247
-22.5,500,1814.861275
-22.9,500,1814.986476
-22.8,500,1815.111825
-22.7,500,1815.23756
-22.7,500,1815.363085
-22.6,500,1815.510502
-22.7,500,1815.6476
-23.3,500,1815.791183
-25.8,500,1815.932755
-4.5,500,1816.073914
-23.7,500,1816.201719
-23.1,500,1816.32773
-23.5,500,1816.453135
-23.1,500,1816.57847
-23.0,500,1816.703855
-22.3,500,1816.828848
-22.8,500,1816.954212
-23.2,500,1817.080028
-21.9,500,1817.205931
-22.1,500,1817.3485
-22.2,500,1817.477227
-22.1,500,1817.603954
-21.8,500,1817.730689
-21.9,500,1817.855991
-23.7,500,1817.98112
-21.7,500,1818.106211
-27.9,500,1818.231834
-21.9,500,1818.358302
-5.0,500,1818.483734
-22.9,500,1818.609105
-24.6,500,1818.734506
-23.8,500,1818.85961
-23.1,500,1818.984155
-22.8,500,1819.109362
-23.7,500,1819.235096
-22.9,500,1819.361783
-21.9,500,1819.487187
-23.5,500,1819.612226
-22.7,500,1819.737246
-23.3,500,1819.862471
-22.2,500,1819.988573
-22.5,500,1820.114802
-22.0,500,1820.240373
-22.2,500,1820.365327
-23.3,500,1820.491233
-22.7,500,1820.616385
-23.6,500,1820.741533
-22.6,500,1820.866822
-22.7,500,1820.992256
-23.1,500,1821.117237
-23.0,500,1821.242463
-22.9,500,1821.367926
-22.6,500,1821.493295
-22.7,500,1821.619353
-21.6,500,1821.744347
-22.8,500,1821.869851
-22.6,500,1821.995199
-39.2,500,1822.120726
-22.6,500,1822.246247
-22.8,500,1822.371805
-22.7,500,1822.497772
-23.5,500,1822.623337
-22.8,500,1822.748666
-22.8,500,1822.87407
-23.1,500,1822.999184
-22.8,500,1823.124922
-22.9,500,1823.250796
-40.0,500,1823.378505
-22.7,500,1823.504353
-22.9,500,1823.629913
-22.9,500,1823.755671
-24.2,500,1823.880668
-22.7,500,1824.006639
-22.8,500,1824.133071
-28.9,500,1824.259112
-22.9,500,1824.38429
-23.5,500,1824.509501
-22.9,500,1824.634627
-22.9,500,1824.759663
-24.0,500,1824.885448
-22.6,500,1825.01078
-22.8,500,1825.135451
-22.7,500,1825.261276
-23.3,500,1825.386463
-23.5,500,1825.511825
-24.7,500,1825.637601
-22.5,500,1825.763021
-23.4,500,1825.888169
-23.0,500,1826.013106
-22.6,500,1826.137986
-23.1,500,1826.263208
-23.3,500,1826.389183
-22.9,500,1826.547015
-22.7,500,1826.672372
-22.6,500,1826.797504
-23.7,500,1826.923431
-22.7,500,1827.049452
-22.7,500,1827.174918
-32.7,500,1827.300133
-23.1,500,1827.425434
-22.8,500,1827.551069
-23.0,500,1827.67713
-24.2,500,1827.80265
-23.2,500,1827.927804
-22.5,500,1828.053052
-22.7,500,1828.178609
-22.7,500,1828.304193
-7.1,500,1828.432597
-22.7,500,1828.558807
-22.9,500,1828.684259
-23.5,500,1828.809744
-23.9,500,1828.935236
-22.6,500,1829.060203
-22.5,500,1829.186067
-22.9,500,1829.311176
-24.8,500,1829.436412
-22.6,500,1829.562083
-22.7,500,1829.687356
-23.4,500,1829.812583
-22.9,500,1829.938065
-23.6,500,1830.064728
-28.5,500,1830.190456
-23.2,500,1830.315784
-23.1,500,1830.441118
-5.0,500,1830.567035
-38.0,500,1830.692623
-23.0,500,1830.818669
-23.0,500,1830.943849
-22.6,500,1831.068907
-22.7,500,1831.194245
-5.0,500,1831.320522
-22.9,500,1831.445396
-3.8,500,1831.571367
-46.1,500,1831.696857
-23.8,500,1831.82212
-22.8,500,1831.947631
-22.7,500,1832.073114
-22.9,500,1832.198077
-22.5,500,1832.32415
-22.9,500,1832.450325
-22.7,500,1832.576234
-22.9,500,1832.701802
-22.9,500,1832.827125
-22.5,500,1832.952606
-22.8,500,1833.078424
-22.7,500,1833.204462
-22.8,500,1833.33267
-22.6,500,1833.458968
-22.5,500,1833.584191
-22.6,500,1833.709648
-22.8,500,1833.835161
-24.7,500,1833.960449
-22.5,500,1834.085702
-23.1,500,1834.211154
-22.8,500,1834.336433
-22.5,500,1834.461149
-22.7,500,1834.586645
-60.5,500,1834.711929
-48.2,500,1834.837713
-47.6,500,1834.962901
-23.6,500,1835.088784
-22.5,500,1835.214405
-22.7,500,1835.339341
-23.4,500,1835.46474
-22.9,500,1835.590111
-22.7,500,1835.716124
-22.7,500,1835.841687
-23.2,500,1835.966873
-22.6,500,1836.091881
-23.1,500,1836.217176
-23.4,500,1836.343308
-22.8,500,1836.469736
-22.7,500,1836.595192
-22.6,500,1836.726677
-22.9,500,1836.852274
-24.0,500,1836.977099
-22.6,500,1837.103054
-22.6,500,1837.22781
-22.5,500,1837.35305
-22.9,500,1837.47818
-50.4,500,1837.604144
-22.9,500,1837.728893
-22.8,500,1837.855255
-22.6,500,1838.013631
-22.5,500,1838.138741
-22.7,500,1838.263779
-22.7,500,1838.390151
-22.5,500,1838.515834
-22.7,500,1838.641679
-22.6,500,1838.766779
-22.5,500,1838.891603
-22.6,500,1839.016577
-23.1,500,1839.141305
-22.9,500,1839.266081
-23.0,500,1839.391123
-23.0,500,1839.516706
-22.6,500,1839.642185
-22.8,500,1839.76754
-23.9,500,1839.892743
-22.5,500,1840.018178
-22.8,500,1840.143128
-25.7,500,1840.268502
-22.7,500,1840.394167
-22.6,500,1840.518771
-23.5,500,1840.643755
-22.5,500,1840.768867
-23.0,500,1840.89375
-22.5,500,1841.019281
-22.7,500,1841.144814
-22.5,500,1841.270644
-22.9,500,1841.396055
-63.2,500,1841.521132
-23.5,500,1841.646403
-22.7,500,1841.772118
-22.5,500,1841.897601
-23.0,500,1842.023122
-23.0,500,1842.148385
-22.8,500,1842.273732
-23.3,500,1842.398608
-22.5,500,1842.523619
-23.4,500,1842.649454
-22.7,500,1842.774531
-22.5,500,1842.899711
-22.7,500,1843.025159
-22.8,500,1843.150123
-22.7,500,1843.275616
-22.7,500,1843.403093
-22.9,500,1843.529372
-22.7,500,1843.654459
-22.5,500,1843.779588
-22.7,500,1843.904691
-22.5,500,1844.030463
-43.4,500,1844.157284
-23.0,500,1844.282504
-23.5,500,1844.407593
-22.9,500,1844.533226
-22.8,500,1844.658511
-23.6,500,1844.783559
-2.3,500,1844.909182
-23.1,500,1845.034772
-23.1,500,1845.160156
-23.0,500,1845.285107
-22.9,500,1845.409877
-23.1,500,1845.535688
-22.8,500,1845.665012
-22.5,500,1845.790215
-23.4,500,1845.91556
-31.6,500,1846.041408
-22.7,500,1846.167111
-23.6,500,1846.295268
-24.1,500,1846.421466
-22.7,500,1846.546894
-22.8,500,1846.672156
-22.7,500,1846.797708
-22.7,500,1846.923205
-22.5,500,1847.04849
-23.3,500,1847.173916
-23.1,500,1847.300459
-39.1,500,1847.42584
-23.3,500,1847.551338
-22.7,500,1847.676702
-23.0,500,1847.802167
-22.8,500,1847.927459
-22.7,500,1848.053214
-22.5,500,1848.17811
-22.7,500,1848.303481
-22.6,500,1848.431289
-26.1,500,1848.557127
-22.7,500,1848.682475
-28.9,500,1848.808349
-22.0,500,1848.934243
-22.9,500,1849.059651
-23.1,500,1849.185447
-23.0,500,1849.310414
-22.7,500,1849.435539
-23.1,500,1849.561688
-22.7,500,1849.687239
-22.9,500,1849.845515
-24.0,500,1849.970653
-22.9,500,1850.095949
-22.8,500,1850.220993
-22.6,500,1850.346101
-23.5,500,1850.471092
-22.9,500,1850.596285
-23.2,500,1850.721313
-22.7,500,1850.846278
-22.8,500,1850.971663
-28.3,500,1851.09861
-23.4,500,1851.223827
-23.2,500,1851.348669
-23.0,500,1851.474297
-5.0,500,1851.599101
-24.0,500,1851.724596
-22.9,500,1851.849915
-22.8,500,1851.976159
-23.9,500,1852.101599
-23.0,500,1852.2269
-23.2,500,1852.352028
-22.8,500,1852.478477
-22.5,500,1852.604071
-22.8,500,1852.729251
-22.6,500,1852.854366
-23.0,500,1852.980029
-23.4,500,1853.110057
-37.6,500,1853.241971
-22.7,500,1853.370258
-23.2,500,1853.496344
-22.7,500,1853.622305
-23.0,500,1853.747396
-23.1,500,1853.873515
-22.8,500,1854.000125
-23.3,500,1854.126914
-23.1,500,1854.252964
-22.8,500,1854.378384
-22.6,500,1854.503428
-22.9,500,1854.6291
-23.2,500,1854.756385
-29.7,500,1854.882277
-23.1,500,1855.008217
-23.0,500,1855.133894
-22.8,500,1855.259837
-23.1,500,1855.386184
-23.9,500,1855.511492
-22.9,500,1855.637225
-22.6,500,1855.762421
-37.5,500,1855.887743
-23.3,500,1856.013407
-22.7,500,1856.139403
-23.2,500,1856.265518
-22.8,500,1856.391923
-23.0,500,1856.518992
-23.4,500,1856.64429
-22.8,500,1856.769793
-23.2,500,1856.89641
-22.9,500,1857.021869
-23.2,500,1857.147429
-23.0,500,1857.272433
-22.5,500,1857.397565
-22.8,500,1857.522711
-22.9,500,1857.648676
-22.8,500,1857.773748
-22.6,500,1857.89883
-8.5,500,1858.023914
-28.9,500,1858.149376
-23.4,500,1858.274427
-22.7,500,1858.401359
-22.9,500,1858.527322
-23.0,500,1858.653771
-22.8,500,1858.779032
-23.0,500,1858.903863
-23.4,500,1859.029179
-27.9,500,1859.154522
-22.8,500,1859.279523
-23.2,500,1859.405077
-23.0,500,1859.531811
-23.4,500,1859.657546
-22.8,500,1859.782903
-23.2,500,1859.908094
-22.8,500,1860.033269
-22.6,500,1860.158812
-23.6,500,1860.284872
-23.8,500,1860.41028
-23.2,500,1860.535727
-22.9,500,1860.660817
-23.1,500,1860.786151
-24.5,500,1860.912339
-22.7,500,1861.038523
-22.5,500,1861.164261
-23.9,500,1861.289901
-22.8,500,1861.455277
-30.8,500,1861.580661
-3.2,500,1861.706143
-2.5,500,1861.831251
-23.2,500,1861.956487
-22.7,500,1862.082041
-22.9,500,1862.207313
-22.7,500,1862.332744
-22.9,500,1862.458049
-22.9,500,1862.583436
-23.8,500,1862.70882
-3.8,500,1862.834458
-22.6,500,1862.960184
-22.7,500,1863.086048
-22.6,500,1863.21178
-22.9,500,1863.341193
-23.3,500,1863.468522
-22.9,500,1863.594166
-22.6,500,1863.720423
-22.6,500,1863.845311
-22.8,500,1863.970537
-23.1,500,1864.096789
-23.1,500,1864.222335
-22.6,500,1864.347219
-23.2,500,1864.472944
-22.9,500,1864.600159
-22.6,500,1864.725829
-22.6,500,1864.850846
-27.7,500,1864.975938
-34.4,500,1865.101044
-22.8,500,1865.226911
-22.8,500,1865.352161
-22.9,500,1865.477505
-22.6,500,1865.602778
-23.1,500,1865.727965
-22.7,500,1865.852991
-22.5,500,1865.978251
-22.6,500,1866.103744
-22.6,500,1866.23026
-22.6,500,1866.355856
-22.6,500,1866.481582
-22.6,500,1866.607296
-23.0,500,1866.732739
-22.8,500,1866.858678
-23.3,500,1866.98542
-22.5,500,1867.110657
-22.5,500,1867.23605
-23.0,500,1867.361353
-22.6,500,1867.486827
-85.5,500,1867.613076
-22.9,500,1867.73881
-22.8,500,1867.865061
-23.0,500,1867.991287
-23.7,500,1868.116831
-22.7,500,1868.242128
-23.6,500,1868.370431
-25.5,500,1868.496037
-22.6,500,1868.621379
-22.6,500,1868.746426
-23.0,500,1868.871564
-23.2,500,1868.996657
-23.2,500,1869.122387
-24.0,500,1869.248524
-32.6,500,1869.374018
-22.6,500,1869.49895
-24.7,500,1869.624388
-24.2,500,1869.749733
-22.9,500,1869.875146
-22.7,500,1870.001235
-22.5,500,1870.126137
-23.1,500,1870.252004
-22.8,500,1870.377233
-23.2,500,1870.502428
-22.7,500,1870.627974
-23.9,500,1870.754422
-22.6,500,1870.879864
-22.7,500,1871.005098
-32.2,500,1871.13029
-22.8,500,1871.256056
-23.2,500,1871.38135
-22.8,500,1871.507726
-23.0,500,1871.633935
-23.0,500,1871.759304
-22.7,500,1871.884328
-23.3,500,1872.009437
-24.0,500,1872.134643
-22.7,500,1872.259253
-22.6,500,1872.385085
-40.3,500,1872.510356
-25.5,500,1872.63586
-37.2,500,1872.761237
-23.0,500,1872.919468
-23.3,500,1873.045353
-23.0,500,1873.170594
-22.9,500,1873.295266
-23.3,500,1873.422648
-22.6,500,1873.54797
-22.6,500,1873.674298
-22.7,500,1873.800069
-23.4,500,1873.92497
-22.9,500,1874.0501
-22.9,500,1874.175605
-22.8,500,1874.300945
-23.1,500,1874.426129
-22.6,500,1874.551911
-22.7,500,1874.677381
-30.3,500,1874.8032
-23.2,500,1874.928906
-22.5,500,1875.05464
-23.2,500,1875.180356
-22.8,500,1875.305556
-22.7,500,1875.430987
-23.0,500,1875.556122
-22.5,500,1875.681717
-31.0,500,1875.807184
-22.6,500,1875.932152
-22.9,500,1876.058027
-22.6,500,1876.184401
-22.6,500,1876.310401
-22.5,500,1876.435875
-22.8,500,1876.560648
-23.8,500,1876.686211
-22.8,500,1876.811853
-24.2,500,1876.936946
-41.1,500,1877.062411
-5.0,500,1877.188019
-23.1,500,1877.313414
-22.5,500,1877.438931
-22.5,500,1877.563678
-23.6,500,1877.689074
-23.5,500,1877.813886
-22.7,500,1877.93896
-22.6,500,1878.064137
-23.4,500,1878.189395
-22.6,500,1878.314543
-60.2,500,1878.442627
-22.7,500,1878.568829
-22.6,500,1878.694679
-22.7,500,1878.820064
-22.9,500,1878.945858
-22.5,500,1879.071218
-25.3,500,1879.197596
-23.8,500,1879.322587
-26.5,500,1879.448517
-22.5,500,1879.573961
-23.5,500,1879.699247
-22.6,500,1879.824447
-22.6,500,1879.949841
-22.9,500,1880.07572
-22.9,500,1880.201283
-23.0,500,1880.326289
-22.7,500,1880.451738
-22.6,500,1880.577267
-22.7,500,1880.702336
-22.9,500,1880.828374
-22.8,500,1880.953684
-22.8,500,1881.078934
-22.5,500,1881.204149
-22.7,500,1881.329605
-31.4,500,1881.455145
-23.0,500,1881.581068
-22.9,500,1881.705992
-22.5,500,1881.831299
-23.0,500,1881.956238
-23.2,500,1882.0813
-22.8,500,1882.20662
-22.9,500,1882.331323
-22.5,500,1882.456797
-44.5,500,1882.582081
-22.6,500,1882.707802
-26.8,500,1882.833177
-23.0,500,1882.959112
-26.4,500,1883.084509
-22.8,500,1883.209686
-22.7,500,1883.335157
-22.9,500,1883.462081
-22.6,500,1883.594589
-23.0,500,1883.738582
-22.5,500,1883.876573
-22.5,500,1884.021263
-22.9,500,1884.15668
-22.9,500,1884.297495
-22.7,500,1884.424191
-28.3,500,1884.550484
-24.7,500,1884.675237
-23.0,500,1884.801488
-22.7,500,1884.926932
-47.3,500,1885.052311
-23.3,500,1885.217024
-22.9,500,1885.344027
-23.2,500,1885.473676
-22.6,500,1885.617143
-22.8,500,1885.743103
-22.7,500,1885.868473
-22.7,500,1885.994117
-22.5,500,1886.119413
-22.7,500,1886.245455
-50.2,500,1886.372345
-23.8,500,1886.498401
-23.4,500,1886.623968
-22.7,500,1886.749366
-23.3,500,1886.875236
-23.1,500,1887.001382
-22.5,500,1887.126965
-23.2,500,1887.252544
-22.9,500,1887.377553
-22.8,500,1887.503478
-23.0,500,1887.629423
-22.7,500,1887.755572
-23.1,500,1887.882432
-23.3,500,1888.00837
-22.7,500,1888.13428
-22.7,500,1888.259903
-22.8,500,1888.387427
-22.9,500,1888.514797
-23.3,500,1888.641138
-22.7,500,1888.766871
-23.4,500,1888.892218
-23.0,500,1889.017767
-23.2,500,1889.143648
-22.6,500,1889.270746
-23.0,500,1889.396474
-22.8,500,1889.522312
-28.9,500,1889.647756
-22.6,500,1889.773306
-22.7,500,1889.898992
-22.6,500,1890.024236
-23.2,500,1890.149618
-22.9,500,1890.275487
-23.1,500,1890.401164
-23.2,500,1890.526382
-22.8,500,1890.652573
-22.7,500,1890.779007
-22.7,500,1890.904379
-22.5,500,1891.029716
-23.6,500,1891.154714
-23.3,500,1891.27969
-22.7,500,1891.405633
-22.9,500,1891.532289
-49.2,500,1891.658002
-23.5,500,1891.784026
-22.8,500,1891.909683
-22.7,500,1892.035155
-22.5,500,1892.160198
-22.5,500,1892.285703
-22.8,500,1892.411359
-23.0,500,1892.536898
-22.7,500,1892.662515
-23.1,500,1892.788112
-33.1,500,1892.91407
-22.5,500,1893.040363
-22.5,500,1893.166011
-30.1,500,1893.292006
-5.0,500,1893.419221
-2.6,500,1893.544329
-22.8,500,1893.669457
-22.7,500,1893.794225
-22.7,500,1893.920259
-24.2,500,1894.045625
-22.7,500,1894.170621
-22.5,500,1894.295216
-24.4,500,1894.420442
-22.9,500,1894.545616
-22.5,500,1894.671396
-23.0,500,1894.797294
-23.5,500,1894.922874
-23.1,500,1895.048423
-0.7,500,1895.173794
-23.2,500,1895.299137
-24.4,500,1895.424082
-23.5,500,1895.550316
-23.1,500,1895.675868
-22.6,500,1895.801308
-22.8,500,1895.926497
-23.0,500,1896.05189
-23.1,500,1896.177566
-22.6,500,1896.303288
-22.5,500,1896.428871
-22.5,500,1896.553993
-23.0,500,1896.679218
-23.0,500,1896.804534
-23.3,500,1896.930783
-22.8,500,1897.055916
-23.4,500,1897.181638
-22.9,500,1897.306862
-22.5,500,1897.432007
-22.5,500,1897.557713
-23.0,500,1897.683649
-23.1,500,1897.846057
-30.1,500,1897.971768
-23.0,500,1898.096666
-23.1,500,1898.222793
-9.9,500,1898.348915
-22.6,500,1898.475951
-22.6,500,1898.601662
-23.1,500,1898.72699
-22.9,500,1898.852556
-22.5,500,1898.978265
-22.8,500,1899.103248
-22.6,500,1899.228219
-22.7,500,1899.353184
-22.9,500,1899.478476
-22.7,500,1899.60356
-23.9,500,1899.728727
-23.9,500,1899.854356
-23.1,500,1899.979564
-23.0,500,1900.104786
-63.9,500,1900.23036
-48.5,500,1900.355566
-22.8,500,1900.480951
-23.0,500,1900.607067
-22.7,500,1900.734077
-22.5,500,1900.860264
-23.4,500,1900.98618
-22.6,500,1901.111845
-22.8,500,1901.237583
-22.7,500,1901.364263
-22.5,500,1901.48949
-23.2,500,1901.614785
-40.1,500,1901.7402
-22.7,500,1901.865639
-23.4,500,1901.991212
-23.2,500,1902.116649
-23.3,500,1902.242362
-22.9,500,1902.367962
-23.3,500,1902.493647
-22.8,500,1902.619646
-22.9,500,1902.745065
-32.6,500,1902.871521
-23.1,500,1902.996967
-22.9,500,1903.122844
-22.6,500,1903.248307
-23.0,500,1903.374006
-22.9,500,1903.502394
-23.6,500,1903.627733
-22.8,500,1903.752658
-23.0,500,1903.878234
-22.8,500,1904.003306
-24.8,500,1904.128814
-23.8,500,1904.25392
-23.2,500,1904.379527
-23.4,500,1904.505247
-23.0,500,1904.630145
-22.7,500,1904.755276
-23.6,500,1904.880196
-23.7,500,1905.005165
-23.5,500,1905.130387
-22.8,500,1905.255827
-22.8,500,1905.381051
-23.2,500,1905.50665
-23.1,500,1905.631664
-23.3,500,1905.756854
-23.1,500,1905.883101
-22.7,500,1906.008197
-22.6,500,1906.133724
-22.5,500,1906.258893
-22.8,500,1906.384589
-22.8,500,1906.509986
-22.8,500,1906.635746
-22.9,500,1906.760813
-23.3,500,1906.886165
-22.8,500,1907.011978
-22.8,500,1907.137369
-23.2,500,1907.262522
-23.1,500,1907.388456
-22.6,500,1907.515962
-23.1,500,1907.641427
-23.0,500,1907.766575
-22.7,500,1907.891824
-23.6,500,1908.017171
-23.1,500,1908.142949
-23.6,500,1908.270036
-23.0,500,1908.396215
-23.3,500,1908.522725
-22.8,500,1908.648083
-22.7,500,1908.773679
-22.6,500,1908.899077
-23.7,500,1909.024369
-23.1,500,1909.149638
-22.7,500,1909.274757
-22.9,500,1909.400391
-24.0,500,1909.526516
-23.2,500,1909.652877
-24.8,500,1909.777632
-23.0,500,1909.902985
-22.7,500,1910.065954
-22.8,500,1910.191733
-23.0,500,1910.318141
-22.7,500,1910.443193
-23.4,500,1910.568201
-23.0,500,1910.693132
-23.3,500,1910.818503
-22.9,500,1910.944094
-24.5,500,1911.069956
-23.7,500,1911.195312
-22.9,500,1911.321107
-22.8,500,1911.44635
-23.6,500,1911.571784
-25.4,500,1911.697182
-23.0,500,1911.824074
-22.8,500,1911.949735
-7.6,500,1912.075576
-22.8,500,1912.2011
-22.9,500,1912.326756
-23.5,500,1912.452349
-22.7,500,1912.579153
-23.5,500,1912.70471
-23.2,500,1912.830437
-23.3,500,1912.956172
-23.0,500,1913.081836
-22.8,500,1913.208043
-22.8,500,1913.334658
-22.7,500,1913.462324
-23.4,500,1913.588204
-22.9,500,1913.713535
-23.4,500,1913.84183
-23.6,500,1913.967319
-23.1,500,1914.09244
-22.7,500,1914.217282
-23.7,500,1914.342598
-37.4,500,1914.470611
-23.6,500,1914.595804
-22.6,500,1914.721361
-22.5,500,1914.846574
-23.2,500,1914.971836
-23.7,500,1915.097066
-22.9,500,1915.222166
-22.6,500,1915.3474
-23.5,500,1915.473335
-23.9,500,1915.59875
-22.6,500,1915.723697
-22.8,500,1915.849064
-23.0,500,1915.974008
-22.6,500,1916.099615
-22.7,500,1916.225614
-24.3,500,1916.350875
-23.4,500,1916.476225
-23.1,500,1916.601763
-23.9,500,1916.727223
-22.8,500,1916.852052
-22.5,500,1916.978212
-11.0,500,1917.106012
-22.7,500,1917.231065
-23.2,500,1917.356501
-4.5,500,1917.482213
-23.2,500,1917.607553
-23.8,500,1917.732959
-24.5,500,1917.858632
-22.9,500,1917.984228
-22.9,500,1918.109889
-23.6,500,1918.235325
-22.7,500,1918.361184
-22.6,500,1918.488604
-22.6,500,1918.614376
-23.4,500,1918.739216
-22.8,500,1918.864554
-23.1,500,1918.989595
-22.8,500,1919.114437
-22.6,500,1919.239116
-24.5,500,1919.364152
-22.7,500,1919.489487
-23.7,500,1919.615129
-58.6,500,1919.740469
-24.3,500,1919.866184
-23.0,500,1919.99122
-22.7,500,1920.116287
-22.5,500,1920.241864
-23.0,500,1920.367299
-22.8,500,1920.492347
-23.1,500,1920.617857
-23.1,500,1920.742713
-22.9,500,1920.868548
-22.6,500,1920.99459
-23.4,500,1921.120217
-23.5,500,1921.245615
-22.7,500,1921.371015
-22.8,500,1921.527562
-23.2,500,1921.652318
-23.0,500,1921.777206
-22.8,500,1921.902204
-22.8,500,1922.027101
-23.6,500,1922.152684
-23.1,500,1922.277903
-23.0,500,1922.403085
-22.6,500,1922.528552
-23.3,500,1922.653979
-23.2,500,1922.779049
-23.1,500,1922.904183
-23.3,500,1923.030248
-22.7,500,1923.155473
-22.8,500,1923.28059
-22.9,500,1923.406126
-22.9,500,1923.532697
-33.7,500,1923.658009
-22.7,500,1923.782758
-22.8,500,1923.908288
-23.1,500,1924.033434
-22.6,500,1924.159288
-22.7,500,1924.284344
-23.2,500,1924.408941
-22.9,500,1924.534073
-22.7,500,1924.660438
-23.0,500,1924.785717
-22.8,500,1924.910466
-27.8,500,1925.035668
-22.7,500,1925.160446
-7.6,500,1925.285475
-27.4,500,1925.410451
-3.9,500,1925.53672
-24.2,500,1925.661792
-23.0,500,1925.786692
-23.0,500,1925.91216
-23.3,500,1926.037411
-23.0,500,1926.162193
-4.0,500,1926.288197
-25.7,500,1926.413948
-23.4,500,1926.538971
-5.9,500,1926.663996
-23.0,500,1926.788983
-22.5,500,1926.914874
-22.7,500,1927.039795
-23.8,500,1927.165519
-23.7,500,1927.291021
-23.0,500,1927.416159
-22.9,500,1927.541067
-23.0,500,1927.66651
-23.1,500,1927.792385
-22.9,500,1927.917719
-22.7,500,1928.043366
-22.7,500,1928.168179
-23.4,500,1928.293519
-23.1,500,1928.418705
-28.4,500,1928.546839
-23.7,500,1928.672134
-23.4,500,1928.797493
-23.7,500,1928.922573
-22.8,500,1929.047579
-22.5,500,1929.172608
-22.8,500,1929.298349
-22.7,500,1929.423153
-22.6,500,1929.548112
-22.8,500,1929.673781
-23.0,500,1929.798386
-23.4,500,1929.923296
-23.1,500,1930.048333
-23.8,500,1930.173981
-7.4,500,1930.299396
-23.1,500,1930.424662
-23.0,500,1930.549675
-22.8,500,1930.675334
-1.5,500,1930.802335
-23.7,500,1930.928291
-23.0,500,1931.053761
-22.5,500,1931.179039
-23.4,500,1931.304683
-27.4,500,1931.43048
-22.9,500,1931.555471
-22.6,500,1931.680751
-23.0,500,1931.805892
-22.9,500,1931.931193
-22.7,500,1932.056433
-22.9,500,1932.182747
-23.0,500,1932.307554
-22.6,500,1932.433163
-22.6,500,1932.558094
-22.8,500,1932.683376
-22.7,500,1932.809058
-22.9,500,1932.934308
-28.8,500,1933.060181
-23.1,500,1933.221153
-22.6,500,1933.346287
-40.4,500,1933.473698
-2.1,500,1933.600635
-46.5,500,1933.725672
-23.2,500,1933.850899
-23.0,500,1933.975643
-23.3,500,1934.100416
-22.9,500,1934.225424
-23.2,500,1934.3506
-23.3,500,1934.475873
-22.9,500,1934.600749
-22.8,500,1934.725962
-22.9,500,1934.850917
-23.0,500,1934.975658
-23.9,500,1935.100447
-23.6,500,1935.224821
-22.8,500,1935.350281
-22.7,500,1935.475618
-22.9,500,1935.60108
-22.9,500,1935.726738
-23.1,500,1935.851638
-24.2,500,1935.976908
-23.7,500,1936.102684
-22.8,500,1936.228013
-26.2,500,1936.353037
-23.2,500,1936.478251
-22.7,500,1936.60317
-22.8,500,1936.727927
-27.4,500,1936.85739
-24.7,500,1936.983402
-22.5,500,1937.109246
-22.9,500,1937.234409
-22.7,500,1937.360045
-4.3,500,1937.485248
-23.7,500,1937.610646
-23.2,500,1937.735523
-23.4,500,1937.860672
-25.9,500,1937.986106
-23.6,500,1938.111148
-22.7,500,1938.236395
-23.3,500,1938.362463
-23.0,500,1938.489895
-22.9,500,1938.615585
-22.6,500,1938.740844
-22.9,500,1938.867
-22.8,500,1938.992506
-22.9,500,1939.117723
-22.7,500,1939.245365
-3.0,500,1939.371039
-24.1,500,1939.496367
-22.9,500,1939.621979
-22.6,500,1939.748112
-23.2,500,1939.8743
-22.6,500,1940.000449
-23.2,500,1940.126338
-23.0,500,1940.252216
-23.7,500,1940.377752
-22.7,500,1940.503391
-22.6,500,1940.629154
-23.1,500,1940.754894
-22.9,500,1940.880545
-22.8,500,1941.006347
-22.8,500,1941.132035
-23.2,500,1941.258378
-22.8,500,1941.385249
-24.1,500,1941.511364
-23.0,500,1941.637095
-23.3,500,1941.763239
-36.2,500,1941.889085
-23.8,500,1942.014822
-22.8,500,1942.140318
-24.0,500,1942.266786
-22.9,500,1942.39261
-23.0,500,1942.518087
-22.6,500,1942.643619
-22.6,500,1942.769378
-23.5,500,1942.894922
-22.7,500,1943.021583
-23.0,500,1943.14853
-6.6,500,1943.273899
-23.2,500,1943.399065
-46.6,500,1943.526305
-23.0,500,1943.651879
-22.8,500,1943.777849
-25.2,500,1943.904347
-22.9,500,1944.029753
-23.1,500,1944.155548
-23.2,500,1944.280906
-23.9,500,1944.406105
-22.6,500,1944.532029
-23.1,500,1944.657247
-22.7,500,1944.782966
-24.3,500,1944.90824
-22.9,500,1945.033444
-22.6,500,1945.158443
-7.1,500,1945.284855
-2.3,500,1945.410538
-23.6,500,1945.536332
-22.6,500,1945.661484
-23.3,500,1945.81961
-26.3,500,1945.945288
-14.7,500,1946.071359
-2.0,500,1946.197402
-22.5,500,1946.322472
-22.8,500,1946.447372
-22.8,500,1946.572191
-22.8,500,1946.696659
-23.9,500,1946.822061
-23.1,500,1946.947163
-22.7,500,1947.072717
-1.8,500,1947.197877
-23.5,500,1947.323345
-22.8,500,1947.448723
-22.5,500,1947.574283
-22.8,500,1947.700694
-22.5,500,1947.826088
-24.7,500,1947.951311
-3.7,500,1948.076457
-1.2,500,1948.202144
-1.2,500,1948.328006
-22.9,500,1948.454558
-23.0,500,1948.580672
-22.8,500,1948.705571
-22.9,500,1948.830714
-22.6,500,1948.955963
-22.8,500,1949.081685
-23.4,500,1949.207383
-23.0,500,1949.332325
-3.5,500,1949.457508
-51.2,500,1949.582531
-46.1,500,1949.707787
-24.0,500,1949.833602
-22.8,500,1949.959732
-22.5,500,1950.085068
-22.7,500,1950.210296
-22.8,500,1950.335142
-23.7,500,1950.460171
-24.6,500,1950.585328
-22.8,500,1950.71051
-22.7,500,1950.83694
-11.1,500,1950.962889
-24.5,500,1951.088193
-22.8,500,1951.213441
-22.7,500,1951.339004
-22.8,500,1951.465131
-23.0,500,1951.590883
-22.8,500,1951.716663
-22.9,500,1951.842062
-22.5,500,1951.967098
-23.1,500,1952.092091
-22.9,500,1952.217208
-22.7,500,1952.343465
-24.3,500,1952.469326
-22.8,500,1952.608511
-23.6,500,1952.749905
-22.6,500,1952.888413
-22.7,500,1953.028907
-11.3,500,1953.169396
-24.6,500,1953.303241
-22.8,500,1953.429555
-23.0,500,1953.55698
-23.1,500,1953.683003
-22.8,500,1953.808616
-24.0,500,1953.933998
-23.1,500,1954.059375
-23.7,500,1954.185034
-22.9,500,1954.311534
-23.6,500,1954.451627
-22.9,500,1954.58143
-23.1,500,1954.706816
-22.6,500,1954.832138
-23.7,500,1954.957981
-23.4,500,1955.083029
-22.9,500,1955.208365
-22.5,500,1955.333654
-22.8,500,1955.458723
-23.8,500,1955.583915
-23.1,500,1955.71023
-24.1,500,1955.835619
-22.9,500,1955.960985
-143.7,500,1956.086368
-142.6,500,1956.2124
-23.5,500,1956.337318
-23.2,500,1956.462662
-23.0,500,1956.588275
-48.5,500,1956.713806
-23.1,500,1956.839668
-23.4,500,1956.965338
-22.7,500,1957.090683
-23.2,500,1957.2165
-23.8,500,1957.341561
-22.7,500,1957.467156
-24.2,500,1957.592559
-22.7,500,1957.718295
-23.0,500,1957.843396
-23.4,500,1957.968649
-23.1,500,1958.127303
-22.5,500,1958.252472
-23.5,500,1958.377489
-22.9,500,1958.505193
-22.5,500,1958.631687
-23.0,500,1958.758398
-22.9,500,1958.884977
-23.1,500,1959.010249
-22.9,500,1959.135361
-22.7,500,1959.260001
-77.4,500,1959.384771
-47.1,500,1959.510913
-46.6,500,1959.63623
-22.8,500,1959.761248
-22.7,500,1959.886605
-24.5,500,1960.012087
-24.4,500,1960.137595
-23.0,500,1960.263442
-23.3,500,1960.389842
-23.1,500,1960.515072
-28.2,500,1960.640466
-5.6,500,1960.766599
-25.2,500,1960.892262
-23.3,500,1961.018237
-23.3,500,1961.144122
-22.9,500,1961.269594
-22.7,500,1961.394961
-22.6,500,1961.519524
-22.5,500,1961.644877
-22.7,500,1961.770305
-23.1,500,1961.896461
-23.2,500,1962.0217
-22.5,500,1962.148148
-23.4,500,1962.274279
-22.6,500,1962.400094
-27.8,500,1962.526581
-22.6,500,1962.652331
-23.1,500,1962.777061
-23.0,500,1962.90197
-23.5,500,1963.027682
-22.9,500,1963.152905
-22.8,500,1963.278222
-22.9,500,1963.403965
-22.9,500,1963.531754
-23.2,500,1963.657986
-22.5,500,1963.783594
-22.7,500,1963.908991
-22.7,500,1964.033947
-23.8,500,1964.15967
-22.5,500,1964.286121
-46.9,500,1964.411324
-52.7,500,1964.536615
-58.5,500,1964.662537
-57.3,500,1964.788268
-24.6,500,1964.914194
-25.1,500,1965.04
-23.1,500,1965.165037
-23.1,500,1965.290468
-23.1,500,1965.415964
-22.8,500,1965.54149
-22.5,500,1965.66665
-23.4,500,1965.792141
-23.0,500,1965.917274
-7.4,500,1966.042917
-23.7,500,1966.168519
-34.1,500,1966.294576
-23.6,500,1966.41993
-23.9,500,1966.54632
-23.7,500,1966.671898
-22.8,500,1966.797346
-23.8,500,1966.922558
-22.6,500,1967.047969
-22.5,500,1967.172967
-23.5,500,1967.299182
-23.1,500,1967.424423
-22.8,500,1967.549994
-22.6,500,1967.675469
-22.8,500,1967.800947
-23.1,500,1967.92699
-27.1,500,1968.052709
-22.6,500,1968.178379
-31.1,500,1968.303882
-23.6,500,1968.428941
-22.5,500,1968.556543
-23.4,500,1968.681868
-23.2,500,1968.807582
-22.8,500,1968.932803
-22.7,500,1969.058045
-23.1,500,1969.18326
-23.2,500,1969.308141
-22.7,500,1969.433663
-22.6,500,1969.559285
-22.7,500,1969.68493
-23.1,500,1969.848302
-23.2,500,1969.974191
-24.6,500,1970.100481
-23.7,500,1970.226508
-22.5,500,1970.352404
-22.9,500,1970.477473
-22.7,500,1970.603612
-23.6,500,1970.728889
-23.4,500,1970.854104
-22.5,500,1970.979876
-26.3,500,1971.105019
-22.6,500,1971.23012
-22.9,500,1971.35548
-23.4,500,1971.480852
-22.5,500,1971.605913
-23.4,500,1971.730499
-22.6,500,1971.855963
-23.1,500,1971.98106
-25.8,500,1972.106511
-23.1,500,1972.231698
-23.0,500,1972.357308
-23.6,500,1972.482451
-22.5,500,1972.607652
-22.6,500,1972.734063
-24.0,500,1972.859171
-24.2,500,1972.983748
-22.7,500,1973.108526
-23.2,500,1973.2338
-22.9,500,1973.358794
-22.7,500,1973.484786
-23.1,500,1973.610862
-22.9,500,1973.735881
-28.7,500,1973.861489
-22.9,500,1973.98662
-22.5,500,1974.11207
-23.0,500,1974.237861
-22.6,500,1974.364641
-22.9,500,1974.489793
-22.7,500,1974.615089
-24.2,500,1974.740433
-23.1,500,1974.865603
-24.7,500,1974.991624
-23.2,500,1975.117369
-22.6,500,1975.242819
-22.7,500,1975.368453
-23.4,500,1975.494033
-23.6,500,1975.618979
-22.2,500,1975.744324
-23.3,500,1975.870507
-22.5,500,1975.995859
-22.6,500,1976.121175
-23.8,500,1976.248109
-22.6,500,1976.373722
-22.5,500,1976.498748
-22.5,500,1976.624187
-22.6,500,1976.749804
-53.3,500,1976.875068
-52.1,500,1977.000225
-27.3,500,1977.125804
-24.7,500,1977.251221
-22.6,500,1977.376109
-22.9,500,1977.501634
-22.7,500,1977.627709
-23.0,500,1977.752961
-22.6,500,1977.878332
-23.0,500,1978.003533
-22.8,500,1978.128664
-22.7,500,1978.254562
-33.0,500,1978.380785
-24.0,500,1978.507772
-22.9,500,1978.633167
-23.3,500,1978.758288
-23.3,500,1978.883583
-23.3,500,1979.00943
-22.7,500,1979.134418
-22.7,500,1979.259807
-23.3,500,1979.384859
-30.9,500,1979.51018
-22.7,500,1979.635589
-22.8,500,1979.761089
-23.1,500,1979.88669
-22.8,500,1980.012177
-24.1,500,1980.137676
-22.9,500,1980.262487
-22.7,500,1980.387535
-23.8,500,1980.512726
-23.1,500,1980.638407
-24.1,500,1980.764769
-22.6,500,1980.890025
-23.7,500,1981.015137
-22.8,500,1981.140008
-54.1,500,1981.265199
-23.0,500,1981.390317
-22.9,500,1981.51593
-22.9,500,1981.641865
-23.3,500,1981.767165
-22.5,500,1981.892306
-22.6,500,1982.017555
-23.0,500,1982.14336
-22.7,500,1982.300653
-23.4,500,1982.425575
-22.6,500,1982.550346
-22.8,500,1982.675884
-23.3,500,1982.805066
-23.2,500,1982.930183
-22.7,500,1983.055291
-23.6,500,1983.180263
-23.7,500,1983.305207
-27.3,500,1983.433935
-22.7,500,1983.561234
-24.7,500,1983.6868
-23.3,500,1983.812246
-22.5,500,1983.93775
-23.4,500,1984.062508
-23.2,500,1984.187284
-23.1,500,1984.313209
-22.8,500,1984.438588
-22.9,500,1984.563762
-22.6,500,1984.688765
-22.7,500,1984.813682
-23.4,500,1984.938733
-23.9,500,1985.06407
-22.6,500,1985.18901
-22.6,500,1985.314177
-24.3,500,1985.440025
-24.8,500,1985.565831
-23.3,500,1985.690814
-22.8,500,1985.816153
-23.2,500,1985.942075
-23.8,500,1986.067187
-22.5,500,1986.193686
-22.8,500,1986.324933
-53.8,500,1986.451928
-49.2,500,1986.578492
-47.9,500,1986.704716
-24.4,500,1986.831195
-69.0,500,1986.957644
-23.3,500,1987.08357
-22.7,500,1987.209781
-28.4,500,1987.335097
-22.8,500,1987.460853
-24.7,500,1987.589635
-48.1,500,1987.717423
-22.6,500,1987.844877
-46.9,500,1987.971723
-47.4,500,1988.098983
-23.7,500,1988.224589
-21.8,500,1988.350266
-21.8,500,1988.476068
-22.2,500,1988.60254
-22.7,500,1988.727899
-22.5,500,1988.853534
-22.3,500,1988.97967
-22.8,500,1989.104889
-21.7,500,1989.230267
-21.8,500,1989.355579
-22.3,500,1989.480988
-25.8,500,1989.605976
-22.0,500,1989.731321
-21.9,500,1989.858324
-22.2,500,1989.983782
-22.1,500,1990.110297
-22.7,500,1990.23691
-22.0,500,1990.363532
-24.2,500,1990.490345
-22.5,500,1990.61599
-22.2,500,1990.741753
-21.9,500,1990.867328
-21.7,500,1990.993364
-22.3,500,1991.118878
-22.3,500,1991.245403
-22.3,500,1991.372572
-22.3,500,1991.49965
-21.7,500,1991.625703
-24.7,500,1991.751512
-22.0,500,1991.878101
-21.8,500,1992.004102
-27.4,500,1992.130162
-22.4,500,1992.255587
-22.0,500,1992.380919
-23.0,500,1992.506381
-22.1,500,1992.631668
-21.9,500,1992.758272
-22.1,500,1992.884816
-22.1,500,1993.010433
-21.6,500,1993.13623
-24.2,500,1993.261429
-22.4,500,1993.38615
-21.7,500,1993.514709
-38.0,500,1993.641311
-20.8,500,1993.767386
-26.0,500,1993.906115
-22.0,500,1994.052269
-22.0,500,1994.177236
-4.6,500,1994.302903
-24.3,500,1994.427948
-23.8,500,1994.553427
-22.9,500,1994.678516
-23.0,500,1994.803705
-21.7,500,1994.929748
-23.3,500,1995.054329
-23.6,500,1995.179073
-21.8,500,1995.304328
-22.0,500,1995.428764
-21.8,500,1995.554015
-22.2,500,1995.679071
-23.0,500,1995.804396
-22.2,500,1995.929184
-22.0,500,1996.054183
-23.0,500,1996.179068
-23.2,500,1996.304141
-25.2,500,1996.429153
-24.7,500,1996.554694
-5.8,500,1996.680091
-23.4,500,1996.805274
-30.7,500,1996.93025
-22.6,500,1997.05542
-22.7,500,1997.181039
-22.1,500,1997.306084
-23.0,500,1997.432901
-25.5,500,1997.559094
-24.7,500,1997.684909
-23.5,500,1997.810471
-24.2,500,1997.935816
-23.0,500,1998.060869
-22.6,500,1998.186341
-22.7,500,1998.312078
-55.9,500,1998.437228
-22.7,500,1998.564936
-22.9,500,1998.691494
-22.7,500,1998.816557
-23.3,500,1998.941942
-23.9,500,1999.069153
-22.8,500,1999.19577
-23.5,500,1999.324163
-23.0,500,1999.449814
-22.9,500,1999.575254
-22.8,500,1999.70042
-4.6,500,1999.826325
-23.3,500,1999.95171
-22.6,500,2000.076929
-23.0,500,2000.202251
-23.2,500,2000.327847
-22.6,500,2000.453414
-22.9,500,2000.57906
-23.0,500,2000.704752
-22.5,500,2000.82995
-22.6,500,2000.955137
-23.5,500,2001.080793
-22.5,500,2001.207948
-22.9,500,2001.335169
-22.7,500,2001.461827
-22.7,500,2001.589102
-22.7,500,2001.715946
-22.8,500,2001.842604
-4.6,500,2001.970097
-27.1,500,2002.09561
-23.0,500,2002.220992
-23.2,500,2002.346788
-21.6,500,2002.473128
-23.6,500,2002.600191
-26.4,500,2002.727046
-21.8,500,2002.855621
-22.0,500,2002.98191
-21.9,500,2003.108036
-22.8,500,2003.2334
-23.8,500,2003.358721
-22.7,500,2003.484483
-24.9,500,2003.613079
-24.1,500,2003.739722
-21.9,500,2003.864972
-22.7,500,2003.990415
-4.0,500,2004.115943
-26.4,500,2004.241469
-22.7,500,2004.366803
-22.8,500,2004.492929
-23.0,500,2004.618773
-22.6,500,2004.745434
-9.1,500,2004.872023
-23.1,500,2005.000948
-22.8,500,2005.126628
-22.9,500,2005.252728
-22.5,500,2005.377915
-24.5,500,2005.50275
-22.8,500,2005.627935
-23.1,500,2005.75327
-23.3,500,2005.878873
-22.8,500,2006.005401
-22.7,500,2006.131987
-23.5,500,2006.265854
-22.9,500,2006.395134
-22.7,500,2006.522278
-23.2,500,2006.649172
-23.5,500,2006.774908
-22.7,500,2006.900157
-23.3,500,2007.06742
-23.2,500,2007.193149
-23.1,500,2007.318758
-23.2,500,2007.445756
-23.1,500,2007.571519
-78.4,500,2007.69674
-46.5,500,2007.822711
-23.3,500,2007.949764
-23.2,500,2008.078693
-23.2,500,2008.20444
-22.7,500,2008.329968
-23.2,500,2008.455691
-22.9,500,2008.583315
-22.7,500,2008.708891
-22.7,500,2008.834241
-22.9,500,2008.959179
-23.0,500,2009.084275
-35.4,500,2009.209924
-23.2,500,2009.335051
-23.3,500,2009.460721
-23.4,500,2009.586305
-23.3,500,2009.711817
-22.9,500,2009.837338
-23.2,500,2009.96283
-23.2,500,2010.088002
-23.3,500,2010.213148
-22.7,500,2010.338928
-22.8,500,2010.464157
-23.4,500,2010.58918
-22.9,500,2010.714837
-22.9,500,2010.839823
-23.4,500,2010.964825
-22.8,500,2011.090779
-46.6,500,2011.217253
-23.2,500,2011.343555
-23.2,500,2011.469115
-22.8,500,2011.607909
-23.0,500,2011.755632
-22.7,500,2011.890808
-23.0,500,2012.032049
-22.5,500,2012.173272
-22.9,500,2012.31031
-23.3,500,2012.436497
-22.7,500,2012.562606
-22.8,500,2012.689446
-23.2,500,2012.819
-23.1,500,2012.947111
-22.8,500,2013.076185
-27.0,500,2013.203492
-24.4,500,2013.329674
-23.0,500,2013.470495
-22.7,500,2013.602854
-23.2,500,2013.729081
-22.9,500,2013.854705
-23.2,500,2013.979947
-22.6,500,2014.105964
-23.3,500,2014.232429
-23.3,500,2014.415039
-22.7,500,2014.548567
-26.9,500,2014.675078
-27.3,500,2014.800083
-23.9,500,2014.925044
-24.4,500,2015.050342
-22.7,500,2015.176408
-22.8,500,2015.302205
-23.2,500,2015.427467
-23.1,500,2015.552721
-24.6,500,2015.678149
-23.1,500,2015.803687
-22.6,500,2015.929307
-24.0,500,2016.055619
-22.9,500,2016.180803
-22.6,500,2016.308472
-22.9,500,2016.442329
-22.6,500,2016.569119
-23.1,500,2016.696263
-25.0,500,2016.822635
-23.3,500,2016.948176
-24.0,500,2017.073861
-23.4,500,2017.199265
-23.0,500,2017.325215
-22.9,500,2017.450478
-22.5,500,2017.575639
-23.4,500,2017.700667
-22.7,500,2017.826285
-23.2,500,2017.951518
-23.1,500,2018.076372
-22.6,500,2018.202545
-22.6,500,2018.329336
-22.6,500,2018.454678
-22.9,500,2018.582294
-25.5,500,2018.707628
-23.8,500,2018.832582
-23.1,500,2018.958265
-22.6,500,2019.083813
-22.6,500,2019.209295
-22.9,500,2019.334377
-22.8,500,2019.459909
-32.0,500,2019.585296
-22.9,500,2019.710524
-22.7,500,2019.870965
-23.9,500,2019.996049
-22.5,500,2020.120953
-23.2,500,2020.246896
-22.9,500,2020.372226
-22.8,500,2020.497264
-24.6,500,2020.622634
-25.5,500,2020.748021
-23.2,500,2020.873354
-22.9,500,2020.998313
-22.9,500,2021.123459
-22.5,500,2021.248457
-22.7,500,2021.373554
-23.2,500,2021.498782
-22.9,500,2021.624022
-22.6,500,2021.748822
-22.9,500,2021.874329
-22.8,500,2021.999658
-22.6,500,2022.124897
-22.8,500,2022.249972
-27.5,500,2022.375226
-22.8,500,2022.500397
-23.9,500,2022.62657
-23.4,500,2022.751987
-22.7,500,2022.877124
-23.7,500,2023.00294
-23.3,500,2023.12966
-22.5,500,2023.260204
-23.4,500,2023.388372
-22.7,500,2023.517582
-23.2,500,2023.647628
-24.8,500,2023.775853
-23.0,500,2023.904282
-23.3,500,2024.032301
-23.3,500,2024.159702
-22.9,500,2024.287451
-23.3,500,2024.415034
-22.9,500,2024.544301
-22.9,500,2024.670005
-22.8,500,2024.795595
-22.7,500,2024.921044
-61.1,500,2025.04673
-24.9,500,2025.172257
-22.7,500,2025.298135
-22.5,500,2025.423716
-23.0,500,2025.549306
-22.8,500,2025.674486
-23.1,500,2025.800652
-23.0,500,2025.926408
-23.4,500,2026.052333
-23.1,500,2026.177974
-22.9,500,2026.303361
-24.4,500,2026.429118
-27.6,500,2026.554426
-23.4,500,2026.680732
-22.5,500,2026.805933
-23.0,500,2026.93163
-22.5,500,2027.057805
-23.7,500,2027.183249
-23.0,500,2027.308633
-22.9,500,2027.433538
-22.9,500,2027.559733
-23.2,500,2027.68657
-23.7,500,2027.812087
-34.1,500,2027.943002
-23.7,500,2028.068714
-23.3,500,2028.194198
-22.9,500,2028.320519
-22.5,500,2028.446343
-23.0,500,2028.573631
-22.9,500,2028.699257
-23.2,500,2028.824563
-22.6,500,2028.949701
-22.9,500,2029.07531
-22.6,500,2029.200435
-39.0,500,2029.325124
-22.8,500,2029.449904
-22.9,500,2029.575607
-23.1,500,2029.700934
-23.7,500,2029.826931
-23.1,500,2029.952176
-23.0,500,2030.077463
-22.6,500,2030.202812
-22.6,500,2030.327871
-23.0,500,2030.453797
-22.6,500,2030.578772
-22.9,500,2030.704521
-23.0,500,2030.829896
-23.9,500,2030.955149
-23.9,500,2031.08016
-22.9,500,2031.205556
-22.9,500,2031.331245
-22.5,500,2031.45676
-23.1,500,2031.619267
-23.5,500,2031.744513
-22.8,500,2031.869589
-22.7,500,2031.996299
-22.6,500,2032.121499
-23.6,500,2032.246568
-22.8,500,2032.371471
-23.5,500,2032.496654
-34.8,500,2032.622201
-22.9,500,2032.74796
-23.0,500,2032.87266
-22.7,500,2032.997278
-22.5,500,2033.122111
-22.9,500,2033.24739
-22.5,500,2033.372936
-23.3,500,2033.497812
-23.1,500,2033.625467
-23.4,500,2033.751233
-22.8,500,2033.876468
-22.8,500,2034.001938
-23.2,500,2034.126786
-22.5,500,2034.252006
-27.5,500,2034.377973
-23.0,500,2034.503137
-22.7,500,2034.628353
-22.8,500,2034.753376
-22.6,500,2034.878524
-22.8,500,2035.003641
-22.9,500,2035.1295
-22.9,500,2035.254732
-22.7,500,2035.380116
-23.2,500,2035.505096
-22.8,500,2035.629813
-23.5,500,2035.754778
-23.0,500,2035.879955
-25.2,500,2036.005188
-25.6,500,2036.130345
-23.4,500,2036.25593
-22.8,500,2036.381187
-23.3,500,2036.506242
-22.8,500,2036.631459
-22.6,500,2036.757106
-22.5,500,2036.884153
-22.8,500,2037.009614
-22.9,500,2037.135263
-22.5,500,2037.26043
-23.2,500,2037.385516
-28.2,500,2037.510961
-22.5,500,2037.63651
-23.3,500,2037.761595
-22.5,500,2037.887219
-23.5,500,2038.012633
-23.3,500,2038.137762
-22.6,500,2038.262912
-23.8,500,2038.388766
-25.7,500,2038.514352
-23.8,500,2038.642374
-22.6,500,2038.767696
-30.1,500,2038.892589
-22.7,500,2039.017474
-22.8,500,2039.142924
-22.5,500,2039.268158
-22.7,500,2039.393153
-24.3,500,2039.518388
-22.6,500,2039.643722
-22.8,500,2039.769652
-22.9,500,2039.894327
-22.8,500,2040.019653
-23.1,500,2040.14492
-22.5,500,2040.270124
-24.5,500,2040.395027
-22.8,500,2040.519954
-22.7,500,2040.645919
-23.0,500,2040.770803
-22.7,500,2040.896034
-22.8,500,2041.021301
-22.5,500,2041.146251
-23.0,500,2041.271544
-22.5,500,2041.397298
-22.5,500,2041.521902
-28.6,500,2041.646279
-22.5,500,2041.77407
-22.5,500,2041.899749
-22.5,500,2042.024649
-23.3,500,2042.150112
-23.3,500,2042.275598
-23.1,500,2042.40347
-23.5,500,2042.528322
-22.6,500,2042.653258
-22.5,500,2042.778003
-23.4,500,2042.903828
-23.5,500,2043.029695
-22.9,500,2043.155136
-24.4,500,2043.280342
-22.8,500,2043.439487
-22.9,500,2043.56689
-23.0,500,2043.694148
-23.4,500,2043.819629
-23.2,500,2043.947371
-22.9,500,2044.072803
-23.1,500,2044.198039
-22.6,500,2044.323908
-23.1,500,2044.449297
-22.9,500,2044.574076
-22.8,500,2044.699999
-22.7,500,2044.825347
-22.7,500,2044.950414
-23.0,500,2045.076061
-23.3,500,2045.201638
-22.5,500,2045.326923
-23.7,500,2045.452453
-24.7,500,2045.577613
-23.0,500,2045.702543
-23.8,500,2045.828259
-22.7,500,2045.955755
-23.0,500,2046.081459
-24.7,500,2046.206758
-22.5,500,2046.331879
-23.2,500,2046.457518
-23.0,500,2046.582901
-22.5,500,2046.708196
-23.8,500,2046.834006
-30.1,500,2046.959667
-71.6,500,2047.101011
-24.4,500,2047.228352
-23.1,500,2047.364152
-22.9,500,2047.493985
-24.6,500,2047.619737
-23.0,500,2047.74539
-22.0,500,2047.871201
-21.6,500,2047.997578
-21.9,500,2048.123029
-21.6,500,2048.248298
-22.6,500,2048.373471
-24.2,500,2048.49884
-22.9,500,2048.626597
-22.9,500,2048.752029
-22.9,500,2048.878902
-22.6,500,2049.00536
-22.6,500,2049.13085
-22.5,500,2049.256045
-22.5,500,2049.381409
-25.9,500,2049.507251
-23.2,500,2049.63251
-22.8,500,2049.758457
-23.1,500,2049.883493
-23.3,500,2050.008901
-24.1,500,2050.134054
-23.1,500,2050.25988
-22.7,500,2050.385179
-23.2,500,2050.510849
-23.4,500,2050.637071
-22.7,500,2050.762767
-23.6,500,2050.888887
-23.1,500,2051.014959
-23.0,500,2051.140697
-22.5,500,2051.265759
-23.7,500,2051.391316
-23.3,500,2051.51637
-22.6,500,2051.641373
-23.0,500,2051.766812
-22.7,500,2051.893575
-23.1,500,2052.019713
-22.8,500,2052.144861
-29.1,500,2052.270874
-24.1,500,2052.396959
-27.3,500,2052.522935
-22.5,500,2052.649003
-22.7,500,2052.774455
-22.8,500,2052.89966
-23.0,500,2053.025579
-22.7,500,2053.150748
-22.6,500,2053.276498
-22.5,500,2053.402418
-24.6,500,2053.527877
-23.4,500,2053.654977
-22.6,500,2053.78073
-22.8,500,2053.906354
-22.7,500,2054.031351
-23.3,500,2054.157009
-23.6,500,2054.28331
-23.2,500,2054.409021
-22.7,500,2054.534621
-22.6,500,2054.659815
-22.6,500,2054.785268
-23.1,500,2054.910693
-23.0,500,2055.076414
-22.8,500,2055.201405
-23.5,500,2055.326494
-23.1,500,2055.451889
-22.7,500,2055.577345
-23.3,500,2055.702571
-23.0,500,2055.827903
-22.8,500,2055.953086
-22.7,500,2056.078215
-23.2,500,2056.204112
-22.6,500,2056.329623
-22.9,500,2056.454599
-23.6,500,2056.579858
-23.2,500,2056.704904
-23.2,500,2056.829795
-22.9,500,2056.955782
-24.8,500,2057.081906
-23.0,500,2057.207453
-24.5,500,2057.332856
-22.7,500,2057.457855
-23.4,500,2057.583008
-25.3,500,2057.708141
-23.7,500,2057.833257
-22.8,500,2057.958552
-23.0,500,2058.083563
-23.1,500,2058.208759
-22.5,500,2058.334275
-23.6,500,2058.45913
-23.3,500,2058.587015
-23.2,500,2058.712967
-23.9,500,2058.838183
-23.2,500,2058.963605
-22.9,500,2059.089452
-23.0,500,2059.236791
-23.4,500,2059.374567
-23.5,500,2059.514778
-22.7,500,2059.658687
-22.7,500,2059.797928
-22.6,500,2059.925073
-23.4,500,2060.050321
-22.7,500,2060.175365
-25.6,500,2060.301089
-23.1,500,2060.427348
-22.9,500,2060.552712
-22.7,500,2060.677835
-22.9,500,2060.802716
-22.7,500,2060.927755
-22.8,500,2061.066745
-22.8,500,2061.196456
-23.4,500,2061.321653
-23.1,500,2061.446989
-23.1,500,2061.572175
-22.9,500,2061.697513
-23.4,500,2061.823171
-22.7,500,2061.947835
-23.9,500,2062.072736
-23.1,500,2062.197644
-61.5,500,2062.3226
-30.0,500,2062.448162
-22.7,500,2062.573702
-23.2,500,2062.699976
-22.7,500,2062.825597
-22.6,500,2062.951019
-22.7,500,2063.076899
-23.0,500,2063.201981
-22.9,500,2063.327904
-23.5,500,2063.453148
-22.5,500,2063.580283
-23.3,500,2063.706099
-23.9,500,2063.831657
-22.8,500,2063.956883
-23.4,500,2064.082683
-23.4,500,2064.20859
-22.7,500,2064.333696
-22.6,500,2064.457961
-22.8,500,2064.58314
-23.1,500,2064.707748
-25.3,500,2064.833452
-22.8,500,2064.960154
-22.6,500,2065.085984
-23.1,500,2065.21146
-22.7,500,2065.336819
-22.7,500,2065.461627
-23.5,500,2065.587889
-23.4,500,2065.712913
-22.5,500,2065.837721
-23.4,500,2065.962836
-23.2,500,2066.088096
-23.1,500,2066.2133
-22.7,500,2066.33869
-23.7,500,2066.464291
-22.9,500,2066.589722
-22.7,500,2066.715094
-23.8,500,2066.840288
-26.4,500,2066.965844
-23.8,500,2067.090782
-22.7,500,2067.216322
-22.8,500,2067.38295
-23.8,500,2067.508878
-22.9,500,2067.63388
-22.9,500,2067.759549
-37.0,500,2067.885811
-23.5,500,2068.010999
-22.5,500,2068.136373
-22.5,500,2068.261598
-22.6,500,2068.386793
-22.7,500,2068.512328
-24.1,500,2068.640609
-22.6,500,2068.766703
-23.0,500,2068.891863
-22.8,500,2069.017061
-22.7,500,2069.142308
-22.6,500,2069.268099
-22.8,500,2069.394033
-22.7,500,2069.519353
-26.5,500,2069.644435
-22.9,500,2069.769667
-22.8,500,2069.895174
-23.2,500,2070.021374
-22.9,500,2070.14723
-23.0,500,2070.272357
-22.5,500,2070.397388
-22.5,500,2070.522453
-22.5,500,2070.647658
-24.0,500,2070.772869
-23.0,500,2070.89782
-32.0,500,2071.023015
-23.1,500,2071.148004
-23.7,500,2071.273098
-22.5,500,2071.397999
-23.0,500,2071.522834
-24.0,500,2071.648828
-22.9,500,2071.773769
-58.1,500,2071.898945
-64.3,500,2072.024064
-56.8,500,2072.148874
-23.8,500,2072.274149
-46.7,500,2072.399585
-22.2,500,2072.525802
-22.7,500,2072.651051
-22.9,500,2072.776341
-22.9,500,2072.902074
-22.8,500,2073.026938
-46.4,500,2073.151532
-23.3,500,2073.277534
-22.8,500,2073.402961
-23.1,500,2073.528223
-22.5,500,2073.655917
-23.0,500,2073.781823
-23.1,500,2073.90762
-23.1,500,2074.033813
-22.7,500,2074.158723
-22.6,500,2074.28411
-22.9,500,2074.409437
-23.8,500,2074.534661
-48.9,500,2074.659626
-33.4,500,2074.785266
-23.0,500,2074.911639
-23.2,500,2075.03666
-24.7,500,2075.162017
-22.7,500,2075.287018
-22.6,500,2075.412145
-22.9,500,2075.537316
-22.6,500,2075.662957
-22.7,500,2075.788449
-22.9,500,2075.913433
-22.9,500,2076.039009
-23.3,500,2076.16441
-22.9,500,2076.289692
-23.7,500,2076.41534
-23.3,500,2076.541354
-23.2,500,2076.666452
-23.0,500,2076.791593
-23.1,500,2076.916543
-22.7,500,2077.041998
-22.9,500,2077.169115
-24.8,500,2077.294377
-22.7,500,2077.4195
-23.1,500,2077.54533
-22.8,500,2077.681419
-33.0,500,2077.812301
-23.2,500,2077.938904
-22.7,500,2078.064484
-22.9,500,2078.189962
-23.0,500,2078.315425
-23.8,500,2078.440997
-22.7,500,2078.567678
-22.7,500,2078.695304
-22.9,500,2078.820761
-33.6,500,2078.946298
-22.5,500,2079.071488
-24.1,500,2079.197691
-23.1,500,2079.322488
-23.2,500,2079.48098
-22.8,500,2079.606138
-23.9,500,2079.731579
-22.8,500,2079.857764
-23.6,500,2079.984219
-23.1,500,2080.11003
-22.5,500,2080.235365
-51.6,500,2080.360963
-22.9,500,2080.486902
-22.7,500,2080.613381
-22.8,500,2080.739485
-22.6,500,2080.864926
-26.2,500,2080.991127
-22.9,500,2081.117132
-23.6,500,2081.242868
-22.7,500,2081.369073
-22.7,500,2081.494332
-22.8,500,2081.620318
-22.5,500,2081.745879
-22.6,500,2081.871591
-23.3,500,2081.996896
-23.8,500,2082.123143
-21.9,500,2082.249168
-72.5,500,2082.375029
-22.0,500,2082.500449
-23.6,500,2082.626612
-22.4,500,2082.752318
-22.4,500,2082.877966
-22.1,500,2083.003227
-22.0,500,2083.128216
-22.2,500,2083.253264
-22.0,500,2083.378757
-6.3,500,2083.503904
-46.3,500,2083.631155
-25.3,500,2083.757412
-22.6,500,2083.884337
-23.8,500,2084.00983
-23.2,500,2084.134643
-22.5,500,2084.259672
-1.9,500,2084.384768
-23.1,500,2084.510805
-21.9,500,2084.636122
-23.5,500,2084.761401
-24.2,500,2084.886536
-5.4,500,2085.012103
-22.7,500,2085.13772
-23.2,500,2085.263261
-23.5,500,2085.388035
-22.5,500,2085.513586
-22.7,500,2085.639012
-22.9,500,2085.764449
-22.6,500,2085.890341
-23.2,500,2086.016652
-22.5,500,2086.142231
-22.8,500,2086.26748
-22.6,500,2086.393494
-22.7,500,2086.519091
-22.5,500,2086.644274
-23.1,500,2086.770314
-23.1,500,2086.895914
-23.6,500,2087.021319
-23.3,500,2087.147224
-22.9,500,2087.273095
-22.6,500,2087.398746
-23.7,500,2087.523703
-23.8,500,2087.64906
-24.4,500,2087.773879
-22.9,500,2087.899234
-22.9,500,2088.024117
-23.0,500,2088.1493
-22.6,500,2088.275185
-22.9,500,2088.401369
-6.5,500,2088.527284
-22.9,500,2088.654476
-23.6,500,2088.779988
-22.7,500,2088.905228
-22.9,500,2089.031718
-22.5,500,2089.157117
-23.3,500,2089.285634
-23.1,500,2089.410541
-22.9,500,2089.535698
-23.1,500,2089.661052
-22.8,500,2089.786339
-60.8,500,2089.915476
-22.8,500,2090.041462
-22.8,500,2090.166576
-23.1,500,2090.291552
-22.8,500,2090.416728
-22.9,500,2090.541917
-22.8,500,2090.66724
-23.0,500,2090.792982
-22.7,500,2090.918147
-22.6,500,2091.043364
-23.1,500,2091.201041
-23.1,500,2091.326286
-22.9,500,2091.451693
-23.6,500,2091.576872
-23.3,500,2091.701843
-22.8,500,2091.827067
-23.6,500,2091.952014
-24.4,500,2092.077071
-23.5,500,2092.20322
-22.8,500,2092.330362
-22.9,500,2092.455831
-23.5,500,2092.580914
-22.6,500,2092.706417
-22.6,500,2092.831567
-23.0,500,2092.956503
-23.5,500,2093.082158
-23.2,500,2093.207658
-23.0,500,2093.332476
-22.8,500,2093.457496
-22.9,500,2093.582994
-23.3,500,2093.709139
-23.0,500,2093.83493
-22.9,500,2093.960489
-23.5,500,2094.085514
-30.5,500,2094.210771
-22.7,500,2094.335819
-23.0,500,2094.461624
-23.5,500,2094.586924
-22.7,500,2094.712321
-22.7,500,2094.837685
-23.0,500,2094.962889
-22.4,500,2095.088378
-23.0,500,2095.213958
-23.0,500,2095.338924
-23.1,500,2095.464971
-23.1,500,2095.590001
-23.3,500,2095.714951
-22.7,500,2095.840462
-23.1,500,2095.965703
-22.8,500,2096.090748
-23.5,500,2096.215924
-23.2,500,2096.341623
-24.2,500,2096.467289
-22.9,500,2096.592512
-24.1,500,2096.717628
-22.7,500,2096.842892
-56.5,500,2096.968776
-22.7,500,2097.094711
-22.5,500,2097.220119
-46.8,500,2097.345321
-46.4,500,2097.471235
-22.6,500,2097.59703
-21.9,500,2097.722463
-21.7,500,2097.847778
-23.2,500,2097.972856
-23.7,500,2098.097694
-22.9,500,2098.223012
-22.9,500,2098.348095
-22.8,500,2098.474183
-23.2,500,2098.601094
-23.2,500,2098.726644
-28.7,500,2098.851916
-23.2,500,2098.97731
-32.7,500,2099.102842
-23.0,500,2099.22741
-23.1,500,2099.3529
-22.7,500,2099.478437
-22.9,500,2099.603614
-23.2,500,2099.728798
-22.8,500,2099.85397
-22.8,500,2099.979918
-23.2,500,2100.105278
-22.7,500,2100.23044
-23.1,500,2100.355667
-23.1,500,2100.481289
-23.6,500,2100.607148
-22.6,500,2100.732113
-23.4,500,2100.857456
-22.8,500,2100.982765
-23.3,500,2101.108085
-22.6,500,2101.233415
-23.3,500,2101.358782
-23.1,500,2101.484412
-4.2,500,2101.610138
-24.2,500,2101.735459
-23.2,500,2101.861491
-22.6,500,2101.98661
-23.0,500,2102.111803
-22.8,500,2102.238773
-22.9,500,2102.364763
-22.9,500,2102.490552
-23.1,500,2102.616052
-23.2,500,2102.741842
-23.4,500,2102.867131
-22.9,500,2102.993149
-22.6,500,2103.160719
-14.6,500,2103.285931
-22.9,500,2103.410747
-23.5,500,2103.536858
-26.2,500,2103.66392
-2.7,500,2103.788996
-32.5,500,2103.914345
-22.7,500,2104.040174
-22.9,500,2104.165467
-22.7,500,2104.291312
-2.4,500,2104.417353
-24.2,500,2104.54305
-23.3,500,2104.668465
-23.1,500,2104.793977
-23.4,500,2104.919418
-23.0,500,2105.044819
-23.3,500,2105.170318
-22.8,500,2105.295651
-3.5,500,2105.421216
-26.5,500,2105.546184
-3.1,500,2105.671573
-22.9,500,2105.79677
-22.6,500,2105.92259
-22.8,500,2106.048022
-3.4,500,2106.173931
-23.4,500,2106.299654
-23.3,500,2106.425024
-23.2,500,2106.551253
-22.8,500,2106.677942
-23.3,500,2106.803089
-22.7,500,2106.927542
-22.9,500,2107.0524
-22.6,500,2107.176993
-23.2,500,2107.302567
-22.7,500,2107.427384
-23.3,500,2107.552597
-22.7,500,2107.677197
-23.0,500,2107.80242
-23.9,500,2107.927275
-36.3,500,2108.06876
-24.3,500,2108.195764
-23.0,500,2108.321577
-23.2,500,2108.447057
-23.1,500,2108.572884
-22.7,500,2108.699929
-22.8,500,2108.825045
-22.9,500,2108.95083
-23.0,500,2109.076149
-22.9,500,2109.201116
-22.6,500,2109.326563
-24.2,500,2109.451786
-23.0,500,2109.576895
-23.3,500,2109.702926
-23.0,500,2109.827649
-23.7,500,2109.953045
-22.5,500,2110.078174
-22.6,500,2110.203473
-24.3,500,2110.328674
-60.7,500,2110.454321
-25.7,500,2110.580492
-22.7,500,2110.70598
-23.6,500,2110.831384
-24.0,500,2110.956941
-22.7,500,2111.08203
-23.7,500,2111.207521
-22.9,500,2111.333053
-22.6,500,2111.459985
-22.8,500,2111.585973
-22.9,500,2111.711452
-22.9,500,2111.836675
-23.2,500,2111.961634
-23.6,500,2112.086602
-22.5,500,2112.211591
-22.9,500,2112.337001
-22.9,500,2112.462315
-24.2,500,2112.587502
-22.8,500,2112.71218
-22.5,500,2112.837204
-23.0,500,2112.963236
-22.7,500,2113.088407
-23.0,500,2113.213568
-23.1,500,2113.338667
-22.9,500,2113.463928
-22.7,500,2113.589728
-22.7,500,2113.716867
-23.2,500,2113.841965
-22.5,500,2113.96697
-22.9,500,2114.092722
-23.1,500,2114.217815
-22.7,500,2114.342956
-23.4,500,2114.468814
-23.0,500,2114.594849
-22.6,500,2114.719928
-23.2,500,2114.845027
-23.4,500,2114.969809
-22.6,500,2115.094767
-23.3,500,2115.22067
-7.6,500,2115.346238
-24.3,500,2115.471598
-23.0,500,2115.597175
-23.5,500,2115.754386
-22.9,500,2115.880223
-142.6,500,2116.005681
-27.9,500,2116.13097
-23.5,500,2116.256184
-23.3,500,2116.381269
-22.5,500,2116.506893
-26.4,500,2116.633462
-4.6,500,2116.758899
-24.5,500,2116.88379
-5.8,500,2117.008968
-21.3,500,2117.133907
-23.9,500,2117.258872
-22.8,500,2117.384423
-23.2,500,2117.509977
-23.8,500,2117.636623
-22.7,500,2117.761862
-23.8,500,2117.887106
-23.7,500,2118.012099
-5.5,500,2118.137939
-25.0,500,2118.263087
-23.2,500,2118.388388
-23.4,500,2118.513148
-7.8,500,2118.639673
-22.7,500,2118.764453
-22.7,500,2118.889129
-22.7,500,2119.01571
-23.6,500,2119.14149
-22.9,500,2119.266356
-7.1,500,2119.391384
-3.5,500,2119.516424
-22.5,500,2119.641147
-22.9,500,2119.767002
-22.9,500,2119.891637
-23.4,500,2120.016724
-22.9,500,2120.141196
-22.8,500,2120.266267
-22.5,500,2120.391691
-22.6,500,2120.516403
-22.7,500,2120.641788
-22.5,500,2120.766524
-22.5,500,2120.891575
-22.9,500,2121.016569
-22.9,500,2121.141336
-22.8,500,2121.266433
-23.3,500,2121.39229
-26.0,500,2121.517053
-22.7,500,2121.642817
-22.8,500,2121.767658
-22.6,500,2121.892841
-22.7,500,2122.017553
-22.8,500,2122.142733
-22.6,500,2122.26891
-22.8,500,2122.395324
-22.7,500,2122.520515
-24.6,500,2122.645583
-24.0,500,2122.770419
-23.1,500,2122.895696
-98.3,500,2123.021449
-22.6,500,2123.147605
-22.8,500,2123.273308
-22.5,500,2123.398895
-23.0,500,2123.524297
-23.8,500,2123.65281
-3.3,500,2123.779303
-22.5,500,2123.904631
-23.1,500,2124.029779
-22.9,500,2124.155111
-6.9,500,2124.280322
-22.7,500,2124.405643
-23.1,500,2124.531818
-22.8,500,2124.657231
-23.1,500,2124.782356
-22.6,500,2124.907719
-23.8,500,2125.032774
-23.0,500,2125.158645
-22.9,500,2125.284594
-23.6,500,2125.410577
-24.3,500,2125.536571
-21.8,500,2125.661965
-27.0,500,2125.787568
-22.7,500,2125.912712
-22.9,500,2126.038294
-22.6,500,2126.163767
-22.6,500,2126.288832
-23.1,500,2126.414072
-22.9,500,2126.53939
-22.8,500,2126.665213
-22.6,500,2126.789618
-23.6,500,2126.914805
-23.1,500,2127.039997
-23.2,500,2127.164605
-23.5,500,2127.289581
-22.6,500,2127.414727
-22.9,500,2127.540009
-23.0,500,2127.66472
-23.3,500,2127.825857
-22.9,500,2127.951348
-23.2,500,2128.077812
-22.7,500,2128.203149
-37.5,500,2128.328241
-25.8,500,2128.453644
-23.3,500,2128.578935
-22.9,500,2128.706846
-22.7,500,2128.831996
-23.4,500,2128.957543
-22.7,500,2129.082669
-22.7,500,2129.207701
-22.5,500,2129.332447
-22.7,500,2129.457756
-22.8,500,2129.583124
-22.7,500,2129.708826
-24.9,500,2129.833808
-23.4,500,2129.958711
-22.7,500,2130.084019
-22.8,500,2130.209187
-22.9,500,2130.335386
-22.7,500,2130.461775
-27.8,500,2130.586895
-52.8,500,2130.71225
-27.6,500,2130.837413
-23.0,500,2130.962833
-22.6,500,2131.088075
-23.4,500,2131.213618
-23.2,500,2131.339355
-24.8,500,2131.464616
-25.1,500,2131.589291
-23.0,500,2131.714612
-23.0,500,2131.839372
-23.3,500,2131.964303
-22.7,500,2132.089186
-23.2,500,2132.21415
-23.5,500,2132.33969
-23.4,500,2132.464707
-22.9,500,2132.589471
-23.3,500,2132.715025
-22.6,500,2132.839337
-22.9,500,2132.964322
-23.1,500,2133.089495
-22.7,500,2133.214621
-22.6,500,2133.339743
-23.0,500,2133.46474
-22.7,500,2133.590631
-23.7,500,2133.718031
-23.3,500,2133.843442
-23.8,500,2133.968797
-24.8,500,2134.094323
-23.1,500,2134.220822
-23.0,500,2134.345797
-23.0,500,2134.470882
-23.2,500,2134.596447
-22.9,500,2134.721956
-22.9,500,2134.847279
-23.9,500,2134.972682
-22.7,500,2135.098586
-34.7,500,2135.223713
-22.5,500,2135.348548
-22.5,500,2135.473743
-22.7,500,2135.598613
-22.7,500,2135.723878
-22.7,500,2135.849258
-22.9,500,2135.974866
-22.6,500,2136.101186
-23.1,500,2136.226656
-22.5,500,2136.352098
-33.5,500,2136.477485
-23.2,500,2136.602612
-22.8,500,2136.727881
-22.5,500,2136.853737
-23.2,500,2136.97914
-23.1,500,2137.105038
-24.2,500,2137.230403
-23.0,500,2137.356195
-34.9,500,2137.482447
-23.7,500,2137.608442
-23.3,500,2137.734119
-23.3,500,2137.859449
-23.0,500,2137.985248
-22.5,500,2138.11096
-22.9,500,2138.23712
-22.6,500,2138.363985
-23.2,500,2138.490218
-22.7,500,2138.616612
-22.9,500,2138.743775
-24.5,500,2138.869038
-26.2,500,2138.994934
-22.9,500,2139.121397
-24.5,500,2139.247245
-23.2,500,2139.372824
-22.6,500,2139.497752
-22.9,500,2139.622968
-22.7,500,2139.748825
-28.9,500,2139.874351
-23.5,500,2139.999518
-22.5,500,2140.159406
-22.6,500,2140.284998
-23.0,500,2140.410458
-22.6,500,2140.535822
-22.7,500,2140.661024
-23.4,500,2140.785807
-22.7,500,2140.910559
-22.6,500,2141.036146
-22.5,500,2141.162168
-22.5,500,2141.287211
-28.2,500,2141.411967
-22.8,500,2141.536687
-22.7,500,2141.661245
-22.9,500,2141.787394
-22.8,500,2141.911856
-23.2,500,2142.038296
-22.6,500,2142.163381
-31.4,500,2142.288607
-22.7,500,2142.413739
-23.6,500,2142.53865
-22.1,500,2142.6648
-23.8,500,2142.790159
-23.3,500,2142.915427
-22.6,500,2143.040943
-22.5,500,2143.16636
-22.8,500,2143.291349
-24.0,500,2143.416819
-22.7,500,2143.542792
-23.1,500,2143.669608
-22.9,500,2143.795108
-23.2,500,2143.920525
-39.9,500,2144.046048
-22.8,500,2144.171676
-23.0,500,2144.297639
-22.6,500,2144.423507
-22.7,500,2144.548813
-23.0,500,2144.674203
-22.9,500,2144.799309
-23.3,500,2144.924048
-24.6,500,2145.049798
-23.1,500,2145.17466
-22.7,500,2145.299808
-22.5,500,2145.425446
-23.6,500,2145.550795
-23.0,500,2145.676013
-24.5,500,2145.801784
-23.4,500,2145.928347
-22.7,500,2146.054093
-23.3,500,2146.179205
-22.7,500,2146.304509
-23.1,500,2146.429738
-22.6,500,2146.555491
-23.5,500,2146.680349
-22.6,500,2146.806065
-22.8,500,2146.931135
-23.2,500,2147.055909
-22.9,500,2147.18111
-22.7,500,2147.306236
-22.9,500,2147.431826
-22.7,500,2147.55739
-23.1,500,2147.68216
-22.8,500,2147.807387
-26.8,500,2147.932393
-22.5,500,2148.058005
-22.9,500,2148.183052
-23.0,500,2148.308764
-22.7,500,2148.433638
-22.8,500,2148.558968
-22.2,500,2148.686449
-23.4,500,2148.81197
-23.1,500,2148.938084
-23.4,500,2149.063232
-22.1,500,2149.188549
-22.4,500,2149.313904
-25.6,500,2149.438809
-27.3,500,2149.563637
-23.0,500,2149.689496
-23.1,500,2149.81568
-23.3,500,2149.941408
-22.5,500,2150.066257
-22.8,500,2150.191827
-23.3,500,2150.317015
-23.6,500,2150.442042
-22.7,500,2150.567988
-22.5,500,2150.692938
-22.5,500,2150.8186
-22.8,500,2150.943939
-22.5,500,2151.069272
-22.6,500,2151.19476
-23.4,500,2151.320575
-27.0,500,2151.445638
-23.6,500,2151.571052
-22.5,500,2151.696116
-23.1,500,2151.821162
-30.1,500,2151.94628
-22.7,500,2152.103229
-22.5,500,2152.228285
-23.1,500,2152.352838
-22.8,500,2152.477627
-23.4,500,2152.603186
-22.5,500,2152.72827
-22.6,500,2152.852737
-22.5,500,2152.977886
-23.2,500,2153.103126
-22.6,500,2153.228235
-25.6,500,2153.353334
-26.3,500,2153.47804
-22.8,500,2153.603165
-23.1,500,2153.730335
-22.7,500,2153.855776
-22.9,500,2153.981085
-22.5,500,2154.106099
-22.3,500,2154.232052
-24.9,500,2154.357501
-22.6,500,2154.482268
-23.3,500,2154.607798
-22.7,500,2154.73318
-22.5,500,2154.858017
-23.3,500,2154.983539
-22.7,500,2155.110132
-22.8,500,2155.234903
-32.5,500,2155.360311
-23.6,500,2155.485908
-23.0,500,2155.82302
-22.7,500,2156.172643
-23.1,500,2156.302079
-23.3,500,2156.428017
-23.5,500,2156.553191
-29.3,500,2156.678456
-24.6,500,2156.803678
-23.6,500,2156.928977
-23.4,500,2157.054536
-22.7,500,2157.18128
-22.6,500,2157.30687
-22.9,500,2157.431993
-22.9,500,2157.557129
-22.9,500,2157.682114
-23.3,500,2157.807728
-22.9,500,2157.932613
-24.7,500,2158.058044
-23.0,500,2158.18286
-22.7,500,2158.307785
-22.6,500,2158.432498
-22.6,500,2158.558298
-23.1,500,2158.684754
-22.9,500,2158.810238
-22.6,500,2158.935324
-23.2,500,2159.061066
-22.8,500,2159.186306
-23.0,500,2159.311108
-22.5,500,2159.436724
-27.3,500,2159.561595
-95.8,500,2159.686346
-23.6,500,2159.812038
-22.8,500,2159.93715
-29.7,500,2160.062472
-22.6,500,2160.18813
-23.3,500,2160.313378
-23.1,500,2160.438726
-22.8,500,2160.564368
-23.1,500,2160.69007
-22.8,500,2160.815144
-37.6,500,2160.940114
-23.4,500,2161.065993
-22.7,500,2161.191502
-22.7,500,2161.317368
-22.6,500,2161.44239
-22.7,500,2161.567248
-22.9,500,2161.692565
-22.8,500,2161.818384
-23.2,500,2161.945279
-23.1,500,2162.070518
-26.1,500,2162.195658
-22.6,500,2162.321314
-22.5,500,2162.446091
-22.7,500,2162.57071
-23.6,500,2162.696416
-24.1,500,2162.822516
-23.1,500,2162.947398
-22.8,500,2163.072242
-24.4,500,2163.197483
-23.5,500,2163.322502
-29.3,500,2163.448213
-22.7,500,2163.573339
-22.6,500,2163.700049
-23.2,500,2163.825161
-22.5,500,2163.950743
-23.0,500,2164.075971
-22.8,500,2164.200976
-22.9,500,2164.326615
-23.0,500,2164.452262
-23.6,500,2164.577113
-25.8,500,2164.701913
-22.1,500,2164.827521
-21.8,500,2164.952133
-22.0,500,2165.077209
-22.8,500,2165.202406
-22.7,500,2165.359563
-36.9,500,2165.484838
-25.0,500,2165.610135
-22.4,500,2165.73526
-21.8,500,2165.861738
-21.7,500,2165.986928
-21.9,500,2166.112099
-22.7,500,2166.237567
-22.8,500,2166.362681
-21.8,500,2166.488224
-22.8,500,2166.612948
-23.4,500,2166.738198
-22.5,500,2166.863121
-23.0,500,2166.988113
-22.9,500,2167.113159
-23.8,500,2167.239654
-23.3,500,2167.365827
-23.1,500,2167.49139
-22.7,500,2167.616569
-23.0,500,2167.741904
-22.8,500,2167.866971
-22.3,500,2167.991947
-22.3,500,2168.117231
-22.7,500,2168.242707
-22.7,500,2168.367421
-24.9,500,2168.49252
-22.3,500,2168.618465
-23.1,500,2168.746343
-22.9,500,2168.872205
-23.2,500,2168.997746
-22.5,500,2169.123118
-22.9,500,2169.247729
-23.2,500,2169.372345
-22.7,500,2169.496898
-2.9,500,2169.621664
-24.3,500,2169.747438
-22.6,500,2169.873795
-22.7,500,2169.998697
-8.4,500,2170.12451
-23.5,500,2170.249298
-23.1,500,2170.374616
-22.9,500,2170.500363
-22.8,500,2170.625417
-25.8,500,2170.750462
-23.3,500,2170.875324
-34.2,500,2171.000834
-23.1,500,2171.126152
-23.3,500,2171.251043
-22.9,500,2171.376084
-23.2,500,2171.501948
-23.1,500,2171.627284
-22.8,500,2171.752359
-22.6,500,2171.877835
-22.8,500,2172.003441
-22.9,500,2172.128289
-22.9,500,2172.253873
-22.6,500,2172.379227
-22.6,500,2172.504606
-23.2,500,2172.62995
-23.5,500,2172.755467
-27.4,500,2172.881669
-25.4,500,2173.00659
-22.5,500,2173.13215
-22.5,500,2173.257439
-22.6,500,2173.382353
-23.3,500,2173.507621
-22.6,500,2173.633532
-22.6,500,2173.761271
-22.6,500,2173.886397
-24.1,500,2174.011512
-23.1,500,2174.136631
-22.6,500,2174.261732
-22.6,500,2174.387067
-24.6,500,2174.513203
-38.7,500,2174.638303
-23.1,500,2174.763597
-22.7,500,2174.889166
-23.5,500,2175.01433
-23.1,500,2175.139997
-23.0,500,2175.266327
-22.5,500,2175.391716
-22.7,500,2175.516973
-22.5,500,2175.642169
-22.9,500,2175.767201
-23.3,500,2175.892452
-23.0,500,2176.017809
-23.1,500,2176.143483
-22.8,500,2176.269276
-23.7,500,2176.394922
-23.1,500,2176.520223
-22.8,500,2176.645292
-22.7,500,2176.770977
-22.7,500,2176.897624
-27.3,500,2177.023215
-23.3,500,2177.148502
-22.9,500,2177.27362
-23.1,500,2177.399233
-24.0,500,2177.5246
-22.8,500,2177.649905
-22.9,500,2177.7754
-25.7,500,2177.900938
-23.4,500,2178.026154
-23.2,500,2178.151462
-22.7,500,2178.276313
-22.5,500,2178.440071
-23.6,500,2178.565187
-33.2,500,2178.693013
-23.9,500,2178.818415
-22.9,500,2178.944307
-23.8,500,2179.069562
-23.0,500,2179.194345
-22.9,500,2179.319146
-23.0,500,2179.444006
-22.8,500,2179.56895
-22.7,500,2179.694441
-23.0,500,2179.820962
-22.5,500,2179.946448
-23.1,500,2180.071998
-53.7,500,2180.197533
-22.5,500,2180.322976
-22.5,500,2180.448199
-22.9,500,2180.5737
-22.9,500,2180.698782
-23.0,500,2180.824037
-23.1,500,2180.949322
-23.9,500,2181.074447
-23.0,500,2181.19972
-22.6,500,2181.325108
-22.6,500,2181.450826
-22.5,500,2181.575859
-25.2,500,2181.701218
-22.8,500,2181.826821
-23.1,500,2181.951848
-23.2,500,2182.077679
-23.0,500,2182.203175
-22.7,500,2182.328283
-23.0,500,2182.453503
-22.8,500,2182.57907
-22.7,500,2182.704229
-23.4,500,2182.829268
-22.6,500,2182.955303
-23.1,500,2183.080777
-24.6,500,2183.206103
-23.0,500,2183.331671
-23.6,500,2183.457403
-22.0,500,2183.591812
-24.1,500,2183.739137
-23.0,500,2183.876231
-23.3,500,2184.018153
-22.3,500,2184.155825
-23.2,500,2184.294133
-22.7,500,2184.419771
-21.9,500,2184.545178
-22.5,500,2184.671665
-23.3,500,2184.797041
-23.9,500,2184.922647
-22.7,500,2185.048782
-22.9,500,2185.173664
-22.7,500,2185.300267
-22.5,500,2185.428677
-23.0,500,2185.570791
-22.5,500,2185.696028
-24.7,500,2185.821545
-23.3,500,2185.946555
-23.3,500,2186.071586
-22.5,500,2186.196662
-23.5,500,2186.322389
-22.5,500,2186.448004
-21.7,500,2186.573353
-24.1,500,2186.698306
-22.5,500,2186.823594
-22.5,500,2186.949145
-23.3,500,2187.074586
-22.5,500,2187.200158
-38.0,500,2187.32546
-22.7,500,2187.451056
-22.5,500,2187.57673
-22.7,500,2187.701086
-25.0,500,2187.826008
-22.9,500,2187.951736
-22.7,500,2188.077054
-22.6,500,2188.202048
-22.7,500,2188.327438
-23.3,500,2188.452248
-23.4,500,2188.576883
-22.8,500,2188.704414
-22.7,500,2188.831549
-23.2,500,2188.956433
-22.9,500,2189.08194
-22.7,500,2189.207021
-24.1,500,2189.332506
-27.7,500,2189.457651
-23.5,500,2189.583946
-22.5,500,2189.709185
-22.9,500,2189.834118
-23.0,500,2189.95908
-23.1,500,2190.084152
-23.0,500,2190.209461
-22.7,500,2190.370258
-23.8,500,2190.495288
-23.1,500,2190.620191
-23.1,500,2190.745226
-22.7,500,2190.870516
-23.4,500,2190.995621
-22.7,500,2191.120606
-22.5,500,2191.245781
-22.5,500,2191.370966
-22.6,500,2191.496128
-23.4,500,2191.621471
-21.9,500,2191.746425
-40.6,500,2191.871786
-22.7,500,2191.996951
-22.9,500,2192.122211
-22.8,500,2192.247217
-23.1,500,2192.372503
-22.9,500,2192.49758
-23.5,500,2192.622945
-23.1,500,2192.748315
-23.1,500,2192.873516
-23.8,500,2192.997982
-33.6,500,2193.12342
-23.5,500,2193.248424
-23.3,500,2193.373634
-22.9,500,2193.498618
-23.2,500,2193.624037
-23.1,500,2193.750986
-26.7,500,2193.87757
-24.6,500,2194.002617
-23.1,500,2194.127612
-24.2,500,2194.252937
-23.4,500,2194.378414
-23.2,500,2194.503315
-23.2,500,2194.629053
-23.4,500,2194.754324
-23.9,500,2194.879234
-26.4,500,2195.004522
-23.2,500,2195.129753
-23.4,500,2195.255294
-22.6,500,2195.380594
-23.2,500,2195.506413
-22.9,500,2195.631325
-22.6,500,2195.75675
-22.7,500,2195.882108
-22.9,500,2196.007778
-24.1,500,2196.132408
-23.5,500,2196.257895
-24.9,500,2196.383359
-22.6,500,2196.508911
-23.3,500,2196.63407
-22.9,500,2196.759666
-22.7,500,2196.884715
-22.7,500,2197.010977
-23.1,500,2197.136537
-22.9,500,2197.26165
-23.2,500,2197.38702
-22.6,500,2197.51258
-22.9,500,2197.638114
-22.5,500,2197.762584
-23.1,500,2197.888504
-22.9,500,2198.013788
-22.7,500,2198.1393
-22.9,500,2198.265219
-22.7,500,2198.390507
-23.3,500,2198.515532
-23.7,500,2198.641227
-22.7,500,2198.768619
-22.7,500,2198.8942
-22.8,500,2199.019188
-44.5,500,2199.144371
-23.1,500,2199.269376
-22.8,500,2199.394621
-22.8,500,2199.521269
-23.0,500,2199.646081
-22.9,500,2199.771706
-22.5,500,2199.897135
-22.6,500,2200.022277
-22.5,500,2200.148676
-22.9,500,2200.274197
-22.7,500,2200.399228
-23.3,500,2200.524355
-22.9,500,2200.649598
-22.9,500,2200.774634
-22.6,500,2200.900282
-22.8,500,2201.025282
-22.5,500,2201.150068
-22.7,500,2201.275052
-22.6,500,2201.400325
-22.7,500,2201.52548
-23.3,500,2201.650486
-32.6,500,2201.776017
-22.9,500,2201.918212
-23.3,500,2202.04389
-22.8,500,2202.169036
-22.9,500,2202.325575
-22.8,500,2202.450715
-29.8,500,2202.576503
-22.7,500,2202.701769
-23.1,500,2202.826582
-22.8,500,2202.95144
-23.5,500,2203.076384
-22.9,500,2203.201919
-22.5,500,2203.326858
-22.6,500,2203.45179
-22.6,500,2203.576682
-22.9,500,2203.703277
-23.5,500,2203.828716
-22.8,500,2203.954645
-22.8,500,2204.079591
-22.7,500,2204.204889
-22.9,500,2204.329897
-22.6,500,2204.455267
-23.6,500,2204.58032
-22.5,500,2204.70573
-22.9,500,2204.83232
-23.2,500,2204.957704
-23.1,500,2205.082671
-22.7,500,2205.208132
-22.7,500,2205.333254
-22.8,500,2205.458615
-22.9,500,2205.584779
-22.9,500,2205.710154
-22.8,500,2205.83555
-23.6,500,2205.960934
-22.8,500,2206.085798
-28.7,500,2206.211651
-22.6,500,2206.338465
-23.2,500,2206.464133
-23.3,500,2206.589354
-22.7,500,2206.714452
-23.3,500,2206.839288
-23.1,500,2206.96508
-22.7,500,2207.08979
-22.7,500,2207.214722
-22.9,500,2207.339998
-22.9,500,2207.465345
-24.5,500,2207.590184
-22.4,500,2207.715644
-22.9,500,2207.841542
-22.8,500,2207.967819
-22.5,500,2208.093255
-22.5,500,2208.218792
-23.0,500,2208.344169
-22.5,500,2208.469455
-22.7,500,2208.594962
-22.7,500,2208.723165
-23.2,500,2208.84897
-22.8,500,2208.97452
-45.8,500,2209.099856
-23.3,500,2209.225034
-24.0,500,2209.350112
-23.4,500,2209.475446
-23.3,500,2209.601118
-23.1,500,2209.726329
-23.1,500,2209.85187
-22.8,500,2209.976994
-23.1,500,2210.1019
-22.5,500,2210.227306
-22.6,500,2210.352641
-22.9,500,2210.477756
-22.5,500,2210.603119
-23.2,500,2210.728356
-22.6,500,2210.853294
-22.6,500,2210.978455
-21.6,500,2211.103458
-22.7,500,2211.229171
-25.5,500,2211.354155
-28.3,500,2211.479503
-23.3,500,2211.605198
-23.6,500,2211.730813
-23.6,500,2211.856288
-23.6,500,2211.982262
-24.0,500,2212.107247
-23.3,500,2212.23194
-22.7,500,2212.357155
-23.7,500,2212.482175
-22.8,500,2212.607049
-23.1,500,2212.733369
-22.6,500,2212.858385
-23.1,500,2212.983994
-22.9,500,2213.109347
-22.9,500,2213.234692
-22.9,500,2213.359802
-22.7,500,2213.485141
-23.0,500,2213.610181
-22.7,500,2213.740007
-23.2,500,2213.865921
-22.2,500,2213.991688
-24.9,500,2214.116509
-24.5,500,2214.241168
-23.4,500,2214.388163
-22.5,500,2214.524768
-23.5,500,2214.64923
-22.7,500,2214.774213
-27.5,500,2214.899791
-22.5,500,2215.024601
-22.6,500,2215.149413
-23.0,500,2215.274573
-22.8,500,2215.399355
-24.0,500,2215.524652
-22.8,500,2215.649877
-23.0,500,2215.774498
-22.6,500,2215.899441
-22.7,500,2216.024507
-22.7,500,2216.149882
-23.5,500,2216.274674
-23.3,500,2216.400055
-22.6,500,2216.525417
-22.9,500,2216.650517
-23.6,500,2216.77541
-22.6,500,2216.900569
-23.9,500,2217.025618
-28.4,500,2217.150689
-23.6,500,2217.27572
-23.3,500,2217.401185
-28.9,500,2217.525925
-22.6,500,2217.651681
-23.1,500,2217.777039
-23.5,500,2217.902406
-22.7,500,2218.028497
-22.5,500,2218.153675
-22.8,500,2218.278435
-22.9,500,2218.403623
-23.0,500,2218.528802
-22.7,500,2218.653957
-23.1,500,2218.782043
-22.7,500,2218.907748
-22.5,500,2219.03353
-23.0,500,2219.158789
-22.9,500,2219.284533
-23.0,500,2219.409471
-39.4,500,2219.534228
-22.6,500,2219.659716
-22.6,500,2219.784295
-22.5,500,2219.909408
-23.0,500,2220.034336
-22.6,500,2220.159014
-22.9,500,2220.28396
-22.9,500,2220.409458
-22.7,500,2220.534553
-22.9,500,2220.659684
-22.9,500,2220.784953
-22.7,500,2220.910282
-23.4,500,2221.034715
-23.2,500,2221.159916
-23.7,500,2221.284113
-23.0,500,2221.40975
-22.6,500,2221.535201
-33.3,500,2221.660129
-23.1,500,2221.785062
-22.9,500,2221.911018
-22.7,500,2222.035966
-22.6,500,2222.161046
-22.5,500,2222.285987
-22.9,500,2222.411352
-22.8,500,2222.536179
-22.8,500,2222.66108
-22.7,500,2222.78688
-23.3,500,2222.91357
-22.6,500,2223.038878
-22.7,500,2223.163843
-23.0,500,2223.289161
-23.3,500,2223.414154
-23.4,500,2223.54012
-22.6,500,2223.665629
-22.6,500,2223.792703
-26.8,500,2223.917988
-22.9,500,2224.043492
-23.1,500,2224.16883
-22.7,500,2224.293599
-23.1,500,2224.418787
-22.7,500,2224.543876
-23.2,500,2224.66903
-22.7,500,2224.794116
-22.5,500,2224.918637
-23.1,500,2225.042992
-22.7,500,2225.168184
-23.0,500,2225.293185
-23.3,500,2225.41816
-23.2,500,2225.543564
-22.5,500,2225.668292
-22.7,500,2225.793081
-29.0,500,2225.917491
-25.8,500,2226.042814
-23.0,500,2226.167588
-22.5,500,2226.292713
-23.0,500,2226.4177
-22.8,500,2226.543286
-23.0,500,2226.668388
-22.7,500,2226.793648
-23.2,500,2226.957655
-23.1,500,2227.082792
-22.7,500,2227.207333
-23.0,500,2227.332902
-22.9,500,2227.459375
-22.6,500,2227.58462
-22.7,500,2227.709888
-28.4,500,2227.835217
-24.1,500,2227.960259
-22.5,500,2228.085852
-22.5,500,2228.210936
-23.6,500,2228.336411
-23.3,500,2228.461633
-22.5,500,2228.586619
-22.7,500,2228.713187
-23.0,500,2228.838834
-23.5,500,2228.964727
-23.5,500,2229.090233
-23.4,500,2229.215262
-22.9,500,2229.340286
-22.5,500,2229.465198
-22.7,500,2229.590065
-22.6,500,2229.7153
-22.7,500,2229.84003
-25.2,500,2229.964452
-32.8,500,2230.089117
-23.5,500,2230.214083
-22.5,500,2230.339344
-22.8,500,2230.464902
-23.3,500,2230.591514
-22.9,500,2230.716921
-22.5,500,2230.842073
-23.5,500,2230.966919
-22.7,500,2231.09195
-23.3,500,2231.216815
-22.8,500,2231.342663
-22.7,500,2231.467645
-22.7,500,2231.593237
-22.9,500,2231.718474
-22.7,500,2231.843678
-23.2,500,2231.969019
-24.0,500,2232.094579
-23.2,500,2232.219316
-23.3,500,2232.344591
-22.7,500,2232.469279
-22.9,500,2232.594411
-22.7,500,2232.719528
-24.8,500,2232.84496
-22.9,500,2232.970745
-23.3,500,2233.09691
-23.6,500,2233.222716
-25.8,500,2233.348411
-23.2,500,2233.474074
-23.5,500,2233.599499
-22.7,500,2233.727439
-23.6,500,2233.85301
-23.2,500,2233.978359
-24.1,500,2234.103932
-24.1,500,2234.229273
-23.3,500,2234.355799
-22.6,500,2234.481197
-22.6,500,2234.606966
-23.7,500,2234.732387
-22.7,500,2234.857619
-22.6,500,2234.982578
-23.1,500,2235.107299
-22.5,500,2235.232715
-115.8,500,2235.35964
-24.8,500,2235.484577
-22.5,500,2235.609897
-23.1,500,2235.734975
-22.5,500,2235.86013
-22.5,500,2235.98494
-23.4,500,2236.110391
-22.8,500,2236.235446
-22.7,500,2236.360125
-23.5,500,2236.485142
-23.0,500,2236.611112
-23.5,500,2236.736456
-22.6,500,2236.861679
-23.0,500,2236.987299
-23.2,500,2237.112492
-23.6,500,2237.237769
-23.0,500,2237.36315
-22.9,500,2237.488133
-24.5,500,2237.613379
-22.7,500,2237.739621
-22.6,500,2237.864418
-25.0,500,2237.989459
-22.5,500,2238.114422
-22.6,500,2238.239621
-24.6,500,2238.364399
-23.1,500,2238.489704
-22.7,500,2238.615138
-22.6,500,2238.742058
-22.8,500,2238.867839
-23.1,500,2238.993245
-22.5,500,2239.118479
-22.8,500,2239.274594
-23.3,500,2239.408437
-22.6,500,2239.53349
-23.4,500,2239.658741
-23.3,500,2239.78402
-23.7,500,2239.909516
-23.5,500,2240.034412
-22.7,500,2240.159474
-28.9,500,2240.284866
-22.5,500,2240.410411
-22.5,500,2240.535929
-22.5,500,2240.661056
-23.2,500,2240.785806
-22.5,500,2240.910974
-22.9,500,2241.036084
-22.9,500,2241.161398
-22.7,500,2241.287755
-23.1,500,2241.412599
-23.1,500,2241.537847
-22.6,500,2241.663397
-23.3,500,2241.788428
-22.9,500,2241.913739
-22.6,500,2242.038421
-22.9,500,2242.163995
-22.9,500,2242.289129
-22.6,500,2242.41435
-22.5,500,2242.53942
-23.4,500,2242.664837
-22.5,500,2242.790584
-22.9,500,2242.917391
-22.7,500,2243.043451
-23.3,500,2243.169134
-37.6,500,2243.294602
-22.7,500,2243.419603
-22.9,500,2243.544801
-22.9,500,2243.670046
-22.7,500,2243.797857
-22.6,500,2243.923362
-22.5,500,2244.04862
-23.1,500,2244.174567
-22.8,500,2244.299602
-22.8,500,2244.425012
-22.5,500,2244.550751
-22.9,500,2244.675629
-22.6,500,2244.800771
-22.8,500,2244.925978
-22.5,500,2245.052051
-27.1,500,2245.17713
-23.0,500,2245.302135
-23.1,500,2245.427499
-22.7,500,2245.552654
-22.7,500,2245.677493
-22.7,500,2245.80281
-23.4,500,2245.929063
-22.9,500,2246.054075
-23.3,500,2246.179429
-22.8,500,2246.304747
-23.3,500,2246.429949
-24.4,500,2246.555268
-23.3,500,2246.680861
-23.0,500,2246.806135
-22.7,500,2246.931439
-22.8,500,2247.056982
-23.8,500,2247.182036
-23.6,500,2247.306875
-23.2,500,2247.432618
-22.8,500,2247.557569
-22.6,500,2247.682582
-22.8,500,2247.807802
-23.1,500,2247.93374
-24.3,500,2248.059054
-22.6,500,2248.184024
-23.2,500,2248.309899
-22.5,500,2248.435566
-22.5,500,2248.561136
-23.4,500,2248.686385
-22.6,500,2248.813977
-22.6,500,2248.939399
-24.1,500,2249.065743
-22.5,500,2249.191673
-22.9,500,2249.316855
-23.5,500,2249.441889
-23.0,500,2249.566725
-22.8,500,2249.691503
-22.9,500,2249.816031
-23.0,500,2249.941183
-22.5,500,2250.066203
-22.9,500,2250.190355
-23.0,500,2250.315333
-27.4,500,2250.440497
-23.6,500,2250.565578
-22.9,500,2250.690287
-22.6,500,2250.814986
-23.0,500,2250.939764
-23.6,500,2251.064957
-22.5,500,2251.190346
-22.8,500,2251.35603
-22.7,500,2251.480615
-23.6,500,2251.606128
-23.0,500,2251.731397
-22.5,500,2251.856781
-38.5,500,2251.982767
-30.3,500,2252.10844
-22.5,500,2252.233324
-22.5,500,2252.358744
-22.6,500,2252.483793
-23.6,500,2252.608939
-22.8,500,2252.734055
-23.3,500,2252.85916
-23.8,500,2252.984416
-22.5,500,2253.109145
-22.8,500,2253.233953
-22.8,500,2253.358976
-23.1,500,2253.484196
-23.4,500,2253.609917
-22.6,500,2253.737304
-25.1,500,2253.862723
-21.7,500,2253.987819
-22.8,500,2254.114134
-22.7,500,2254.239541
-22.5,500,2254.364758
-25.3,500,2254.489908
-22.5,500,2254.615556
-22.5,500,2254.741016
-22.7,500,2254.86596
-22.7,500,2254.991649
-25.5,500,2255.116679
-23.3,500,2255.241969
-22.9,500,2255.366975
-24.0,500,2255.492498
-37.0,500,2255.617907
-22.6,500,2255.744113
-23.6,500,2255.871277
-22.9,500,2255.996998
-24.0,500,2256.122464
-26.4,500,2256.248573
-23.4,500,2256.373909
-22.6,500,2256.499078
-23.0,500,2256.624447
-22.5,500,2256.75009
-22.9,500,2256.875885
-22.9,500,2257.001528
-22.9,500,2257.126984
-22.7,500,2257.252912
-23.0,500,2257.378118
-9.7,500,2257.503727
-39.2,500,2257.629519
-23.3,500,2257.754933
-22.6,500,2257.880299
-22.7,500,2258.006428
-22.9,500,2258.131967
-5.8,500,2258.257392
-24.3,500,2258.382675
-22.6,500,2258.508156
-22.5,500,2258.633317
-22.6,500,2258.760362
-22.7,500,2258.886738
-22.7,500,2259.012054
-22.7,500,2259.137282
-23.0,500,2259.2629
-23.3,500,2259.388026
-23.8,500,2259.512614
-24.4,500,2259.638531
-22.6,500,2259.763614
-22.8,500,2259.888488
-24.0,500,2260.013255
-22.9,500,2260.138593
-22.9,500,2260.264119
-22.5,500,2260.389473
-23.1,500,2260.514828
-23.7,500,2260.640325
-22.8,500,2260.765192
-23.6,500,2260.89083
-23.1,500,2261.015984
-23.5,500,2261.1415
-34.0,500,2261.267501
-22.8,500,2261.392503
-22.8,500,2261.517317
-23.5,500,2261.642827
-23.6,500,2261.767995
-23.2,500,2261.893159
-23.7,500,2262.018269
-22.7,500,2262.143891
-22.8,500,2262.26932
-22.6,500,2262.394923
-22.8,500,2262.520252
-23.1,500,2262.645546
-22.9,500,2262.77077
-23.3,500,2262.896231
-38.1,500,2263.022873
-23.3,500,2263.148321
-22.7,500,2263.27349
-22.8,500,2263.429696
-23.4,500,2263.555421
-22.8,500,2263.68037
-22.5,500,2263.807419
-22.8,500,2263.932586
-22.8,500,2264.05769
-28.4,500,2264.182409
-22.7,500,2264.307909
-22.7,500,2264.434094
-22.8,500,2264.559774
-23.2,500,2264.684922
-23.1,500,2264.809886
-23.3,500,2264.935072
-23.1,500,2265.060964
-23.1,500,2265.186622
-25.7,500,2265.312032
-23.1,500,2265.437178
-22.8,500,2265.562873
-22.8,500,2265.688113
-59.9,500,2265.814
-22.9,500,2265.940465
-26.9,500,2266.066242
-5.9,500,2266.191999
-27.6,500,2266.317994
-22.8,500,2266.443787
-22.5,500,2266.570032
-22.8,500,2266.696788
-22.8,500,2266.822742
-23.7,500,2266.948628
-36.0,500,2267.074046
-22.8,500,2267.199098
-22.7,500,2267.325138
-6.7,500,2267.450888
-23.2,500,2267.57599
-22.5,500,2267.700665
-22.9,500,2267.82559
-23.2,500,2267.950956
-22.8,500,2268.076524
-23.1,500,2268.20229
-22.7,500,2268.327379
-23.2,500,2268.452488
-22.7,500,2268.57777
-23.3,500,2268.703221
-23.1,500,2268.830218
-22.7,500,2268.955907
-24.7,500,2269.08093
-23.1,500,2269.206005
-22.7,500,2269.331736
-23.4,500,2269.457073
-22.6,500,2269.582276
-22.7,500,2269.707922
-23.9,500,2269.834338
-24.4,500,2269.960473
-23.5,500,2270.086056
-22.6,500,2270.210835
-23.5,500,2270.335687
-23.0,500,2270.461317
-22.9,500,2270.587269
-23.9,500,2270.712398
-23.9,500,2270.83749
-22.6,500,2270.962474
-23.5,500,2271.088228
-22.6,500,2271.213789
-23.5,500,2271.339169
-23.0,500,2271.464337
-23.6,500,2271.589766
-23.4,500,2271.714948
-23.1,500,2271.840417
-22.5,500,2271.965666
-23.8,500,2272.09135
-36.6,500,2272.216865
-22.5,500,2272.341512
-22.7,500,2272.466343
-23.3,500,2272.591636
-22.9,500,2272.717788
-23.0,500,2272.84368
-23.0,500,2272.969222
-23.1,500,2273.094616
-23.2,500,2273.220105
-22.9,500,2273.345139
-23.1,500,2273.47134
-22.9,500,2273.596716
-23.1,500,2273.722292
-27.1,500,2273.85025
-22.5,500,2273.975304
-23.4,500,2274.099952
-22.7,500,2274.225522
-22.7,500,2274.351998
-22.6,500,2274.477235
-22.6,500,2274.602371
-23.4,500,2274.727497
-22.7,500,2274.852586
-23.2,500,2274.977685
-24.6,500,2275.103377
-23.2,500,2275.228765
-22.5,500,2275.353804
-22.5,500,2275.478882
-23.2,500,2275.604155
-23.1,500,2275.729446
-23.0,500,2275.855071
-22.9,500,2276.015212
-24.3,500,2276.140221
-23.0,500,2276.265507
-22.6,500,2276.391016
-22.7,500,2276.5159
-23.5,500,2276.640645
-23.3,500,2276.765718
-23.0,500,2276.890961
-22.5,500,2277.016006
-22.9,500,2277.14172
-24.1,500,2277.266703
-23.5,500,2277.392253
-31.1,500,2277.517638
-22.5,500,2277.643147
-23.6,500,2277.767892
-22.7,500,2277.893493
-22.5,500,2278.019288
-22.7,500,2278.144712
-23.6,500,2278.270124
-23.0,500,2278.394822
-22.5,500,2278.519765
-22.6,500,2278.644486
-23.3,500,2278.771213
-22.6,500,2278.89639
-23.1,500,2279.021471
-23.7,500,2279.14664
-23.7,500,2279.272098
-45.6,500,2279.397247
-22.8,500,2279.522917
-26.5,500,2279.648148
-23.7,500,2279.77357
-22.8,500,2279.898482
-24.3,500,2280.023386
-22.5,500,2280.148554
-22.9,500,2280.274199
-23.2,500,2280.4009
-23.9,500,2280.526496
-23.1,500,2280.651935
-22.7,500,2280.777169
-23.3,500,2280.901791
-28.6,500,2281.02728
-22.6,500,2281.152765
-22.9,500,2281.277586
-23.5,500,2281.402717
-36.8,500,2281.527503
-22.9,500,2281.652531
-22.5,500,2281.777076
-22.9,500,2281.903057
-22.6,500,2282.028163
-22.8,500,2282.152877
-22.9,500,2282.277445
-22.7,500,2282.402924
-23.0,500,2282.52818
-23.3,500,2282.653473
-22.8,500,2282.78003
-24.6,500,2282.905155
-22.7,500,2283.030573
-23.2,500,2283.156459
-23.0,500,2283.281356
-22.7,500,2283.406042
-23.9,500,2283.531783
-27.0,500,2283.65673
-32.4,500,2283.784183
-24.0,500,2283.910016
-22.5,500,2284.035254
-22.8,500,2284.160604
-22.7,500,2284.286814
-22.7,500,2284.411753
-22.5,500,2284.536401
-22.5,500,2284.661664
-22.5,500,2284.786814
-23.2,500,2284.913067
-23.0,500,2285.038632
-23.2,500,2285.163595
-23.3,500,2285.28917
-22.7,500,2285.414695
-23.6,500,2285.53998
-23.0,500,2285.665955
-22.5,500,2285.791207
-22.5,500,2285.91699
-22.5,500,2286.042109
-22.9,500,2286.167235
-23.0,500,2286.292405
-24.6,500,2286.417683
-22.5,500,2286.543132
-22.7,500,2286.669009
-30.1,500,2286.794722
-23.0,500,2286.920373
-22.7,500,2287.045462
-22.8,500,2287.170646
-22.9,500,2287.296829
-22.6,500,2287.422316
-22.9,500,2287.547795
-22.9,500,2287.673569
-28.7,500,2287.799389
-22.7,500,2287.924702
-22.7,500,2288.052224
-22.5,500,2288.178165
-22.6,500,2288.303458
-22.5,500,2288.428664
-22.7,500,2288.553881
-22.5,500,2288.678776
-23.0,500,2288.808486
-22.6,500,2288.967146
-23.3,500,2289.092532
-22.7,500,2289.217638
-22.6,500,2289.342608
-23.0,500,2289.469274
-24.1,500,2289.594154
-22.8,500,2289.719149
-22.7,500,2289.844614
-22.7,500,2289.969617
-22.9,500,2290.094533
-23.2,500,2290.221461
-23.1,500,2290.347185
-22.5,500,2290.473031
-35.8,500,2290.598879
-23.5,500,2290.725461
-23.0,500,2290.850313
-22.8,500,2290.975497
-22.5,500,2291.101199
-22.8,500,2291.227524
-23.1,500,2291.352237
-22.5,500,2291.477599
-25.6,500,2291.603153
-22.9,500,2291.727861
-23.0,500,2291.85302
-23.7,500,2291.979101
-22.6,500,2292.104474
-22.9,500,2292.229502
-22.6,500,2292.35508
-22.7,500,2292.479842
-23.0,500,2292.605246
-24.1,500,2292.731085
-23.4,500,2292.857711
-22.7,500,2292.983026
-22.9,500,2293.108569
-22.9,500,2293.234264
-22.6,500,2293.359217
-22.7,500,2293.483999
-33.3,500,2293.610006
-23.5,500,2293.7359
-22.7,500,2293.862538
-22.7,500,2293.987881
-22.5,500,2294.113012
-22.7,500,2294.237799
-22.7,500,2294.363208
-22.9,500,2294.488402
-22.7,500,2294.613366
-22.9,500,2294.738579
-22.8,500,2294.863494
-22.5,500,2294.988746
-23.2,500,2295.113925
-24.5,500,2295.239387
-22.8,500,2295.365025
-23.3,500,2295.490595
-22.5,500,2295.615421
-23.3,500,2295.741041
-22.9,500,2295.86596
-22.7,500,2295.991318
-22.2,500,2296.116745
-22.8,500,2296.241986
-22.6,500,2296.367141
-22.5,500,2296.492209
-22.8,500,2296.617492
-22.8,500,2296.742971
-22.6,500,2296.868157
-22.6,500,2296.994043
-23.3,500,2297.119635
-25.9,500,2297.24497
-23.1,500,2297.371109
-22.8,500,2297.496637
-22.6,500,2297.622198
-22.5,500,2297.747591
-23.3,500,2297.873085
-23.3,500,2297.998138
-22.9,500,2298.123604
-23.5,500,2298.24925
-22.7,500,2298.374166
-23.0,500,2298.499809
-22.9,500,2298.625551
-23.3,500,2298.752025
-23.0,500,2298.87989
-73.3,500,2299.004989
-49.1,500,2299.130337
-23.7,500,2299.255295
-24.7,500,2299.380493
-22.8,500,2299.506063
-22.7,500,2299.631132
-22.7,500,2299.756872
-22.9,500,2299.882509
-23.2,500,2300.00792
-22.5,500,2300.133562
-23.3,500,2300.259062
-22.5,500,2300.384139
-30.2,500,2300.510462
-23.7,500,2300.635594
-22.5,500,2300.761251
-23.4,500,2300.886502
-22.6,500,2301.011405
-22.9,500,2301.136506
-26.4,500,2301.262508
-23.3,500,2301.387951
-22.9,500,2301.513581
-22.5,500,2301.639031
-22.9,500,2301.764248
-23.5,500,2301.923427
-23.6,500,2302.049365
-22.8,500,2302.174594
-22.6,500,2302.300288
-23.7,500,2302.425539
-23.3,500,2302.550361
-23.3,500,2302.675172
-23.1,500,2302.800668
-23.4,500,2302.946095
-22.7,500,2303.082122
-23.1,500,2303.223019
-25.1,500,2303.36373
-28.0,500,2303.505814
-23.7,500,2303.632771
-22.6,500,2303.759511
-23.8,500,2303.887016
-22.6,500,2304.012854
-22.8,500,2304.138573
-23.4,500,2304.263984
-22.7,500,2304.389268
-23.0,500,2304.515718
-22.7,500,2304.642115
-28.1,500,2304.783317
-23.8,500,2304.909388
-22.7,500,2305.03461
-22.6,500,2305.16031
-22.5,500,2305.287075
-22.7,500,2305.412518
-23.2,500,2305.537835
-22.9,500,2305.662828
-22.9,500,2305.788445
-22.7,500,2305.91372
-22.6,500,2306.038871
-22.9,500,2306.164746
-23.7,500,2306.29038
-22.5,500,2306.419822
-22.5,500,2306.54776
-23.6,500,2306.674003
-23.5,500,2306.800289
-46.9,500,2306.926852
-102.3,500,2307.054733
-24.7,500,2307.181292
-23.2,500,2307.306467
-23.2,500,2307.431698
-22.7,500,2307.557274
-22.5,500,2307.682558
-22.8,500,2307.807978
-22.6,500,2307.932882
-22.7,500,2308.058141
-22.9,500,2308.18354
-22.8,500,2308.30929
-22.8,500,2308.435292
-22.5,500,2308.561557
-22.9,500,2308.686889
-22.7,500,2308.813928
-23.4,500,2308.93915
-23.2,500,2309.064937
-22.6,500,2309.189979
-22.7,500,2309.31554
-35.5,500,2309.440911
-23.1,500,2309.566156
-24.2,500,2309.691856
-23.1,500,2309.817195
-22.5,500,2309.94348
-22.7,500,2310.069975
-23.4,500,2310.195935
-23.2,500,2310.321743
-23.1,500,2310.447558
-22.8,500,2310.572989
-23.1,500,2310.699621
-23.0,500,2310.825118
-22.6,500,2310.950768
-26.5,500,2311.07625
-23.5,500,2311.201032
-22.6,500,2311.326509
-22.9,500,2311.451815
-22.8,500,2311.577223
-22.9,500,2311.702659
-22.8,500,2311.828704
-22.6,500,2311.954107
-23.4,500,2312.079431
-22.6,500,2312.20526
-23.5,500,2312.330852
-23.8,500,2312.456104
-23.5,500,2312.58159
-22.7,500,2312.706802
-23.0,500,2312.832024
-23.0,500,2312.957417
-22.7,500,2313.082652
-23.3,500,2313.208562
-22.6,500,2313.334123
-22.7,500,2313.459831
-71.0,500,2313.585821
-22.9,500,2313.711294
-23.1,500,2313.838759
-22.9,500,2313.964907
-22.9,500,2314.090775
-23.0,500,2314.216176
-22.5,500,2314.341865
-22.5,500,2314.501131
-22.5,500,2314.626679
-22.5,500,2314.7526
-22.5,500,2314.877927
-22.5,500,2315.004374
-22.5,500,2315.129801
-22.7,500,2315.254806
-22.5,500,2315.380197
-22.8,500,2315.505708
-22.5,500,2315.630855
-23.1,500,2315.756798
-143.8,500,2315.882162
-75.9,500,2316.007438
-51.0,500,2316.131539
-24.3,500,2316.256552
-25.9,500,2316.381864
-23.9,500,2316.508091
-22.7,500,2316.633906
-22.7,500,2316.758663
-22.6,500,2316.884273
-30.2,500,2317.009567
-24.2,500,2317.13477
-22.8,500,2317.261173
-22.0,500,2317.388521
-28.9,500,2317.513767
-22.1,500,2317.639078
-47.5,500,2317.764262
-22.9,500,2317.889837
-22.6,500,2318.015459
-23.0,500,2318.140811
-68.4,500,2318.266375
-24.3,500,2318.391839
-23.5,500,2318.517869
-22.9,500,2318.643704
-23.1,500,2318.770104
-24.0,500,2318.897847
-22.1,500,2319.023205
-23.0,500,2319.148611
-23.3,500,2319.273645
-25.8,500,2319.39954
19.1,500,2319.524631
-27.1,500,2319.650014
-24.1,500,2319.775182
-23.7,500,2319.901181
-22.5,500,2320.026442
-23.1,500,2320.152443
-23.3,500,2320.278156
-23.1,500,2320.402922
-23.7,500,2320.528394
-23.8,500,2320.653779
-22.6,500,2320.778947
-23.4,500,2320.904424
-22.7,500,2321.030112
-22.5,500,2321.155203
-23.2,500,2321.280646
-22.7,500,2321.405837
-27.2,500,2321.530681
-21.5,500,2321.656547
-24.6,500,2321.781899
-21.6,500,2321.907699
-23.5,500,2322.03345
-22.5,500,2322.159035
-22.5,500,2322.284979
-23.8,500,2322.410688
-22.6,500,2322.536103
-22.0,500,2322.661552
-23.0,500,2322.786783
-22.5,500,2322.912161
-22.7,500,2323.038028
-22.6,500,2323.164583
-22.4,500,2323.290748
-22.3,500,2323.416587
-22.9,500,2323.542096
-27.1,500,2323.668293
-22.1,500,2323.794899
-22.5,500,2323.921438
-3.2,500,2324.046566
-25.2,500,2324.172333
-22.6,500,2324.298133
-22.7,500,2324.423432
-22.5,500,2324.549281
-23.3,500,2324.674862
-22.7,500,2324.80069
-22.7,500,2324.926625
-22.5,500,2325.052337
-24.5,500,2325.177195
-22.8,500,2325.302916
-23.0,500,2325.428284
-23.3,500,2325.553843
-22.7,500,2325.678946
-22.8,500,2325.803915
-23.2,500,2325.929305
-24.8,500,2326.056389
-50.4,500,2326.182299
-23.2,500,2326.308132
-23.2,500,2326.43366
-22.7,500,2326.558986
-22.0,500,2326.684551
-22.7,500,2326.844952
-22.5,500,2326.970799
-22.1,500,2327.096295
-22.8,500,2327.22177
-23.4,500,2327.347741
-22.9,500,2327.473735
-22.5,500,2327.600916
-23.3,500,2327.726229
-23.1,500,2327.851769
-22.5,500,2327.977172
-22.6,500,2328.10241
-23.4,500,2328.228725
-22.5,500,2328.354396
-23.1,500,2328.47947
-23.0,500,2328.605189
-28.8,500,2328.730943
-22.5,500,2328.857879
-23.0,500,2328.983835
-22.5,500,2329.109151
-23.7,500,2329.234144
-22.6,500,2329.359086
-23.5,500,2329.483867
-22.8,500,2329.608653
-23.2,500,2329.734287
-22.7,500,2329.859719
-22.8,500,2329.984588
-23.1,500,2330.109756
-42.1,500,2330.234695
-24.9,500,2330.359695
-22.5,500,2330.485277
-23.1,500,2330.610344
-24.6,500,2330.735288
-22.5,500,2330.860756
-24.2,500,2330.986052
-22.5,500,2331.111547
-23.6,500,2331.236794
-25.3,500,2331.362252
-23.2,500,2331.487266
-22.6,500,2331.612761
-22.9,500,2331.738091
-23.6,500,2331.86313
-22.5,500,2331.989091
-23.7,500,2332.114605
-22.7,500,2332.240184
-2.8,500,2332.366326
-22.6,500,2332.491778
-23.7,500,2332.616901
-5.1,500,2332.7426
-22.8,500,2332.867515
-22.9,500,2332.992804
-23.8,500,2333.117634
-22.8,500,2333.242473
-22.9,500,2333.368163
-22.8,500,2333.493973
-23.5,500,2333.621292
-23.2,500,2333.746732
-24.9,500,2333.874721
-23.0,500,2334.000396
-11.9,500,2334.126211
-23.2,500,2334.25151
-22.7,500,2334.376827
-23.7,500,2334.50213
-23.1,500,2334.626942
-22.7,500,2334.752377
-4.0,500,2334.878143
-26.1,500,2335.003436
-23.1,500,2335.129505
-22.7,500,2335.255979
-22.5,500,2335.381178
-23.0,500,2335.506586
-50.3,500,2335.632163
-24.8,500,2335.757484
-47.9,500,2335.8828
-24.2,500,2336.008569
-23.3,500,2336.134395
-3.1,500,2336.259723
-22.9,500,2336.385117
-22.5,500,2336.510388
-23.6,500,2336.636917
7.4,500,2336.761803
-23.6,500,2336.887398
-3.4,500,2337.013146
-23.0,500,2337.13884
-22.5,500,2337.264069
-22.9,500,2337.390034
-22.9,500,2337.516231
-23.0,500,2337.642195
-23.7,500,2337.768167
-3.5,500,2337.893798
-47.4,500,2338.019042
-6.3,500,2338.14441
-23.3,500,2338.270287
-22.6,500,2338.39538
-22.7,500,2338.520544
-23.1,500,2338.645563
-23.6,500,2338.770925
-8.4,500,2338.897962
-23.0,500,2339.059404
-23.1,500,2339.1849
-23.6,500,2339.310055
-25.0,500,2339.435715
-24.2,500,2339.561017
-23.2,500,2339.686793
-23.3,500,2339.813215
-22.8,500,2339.93838
-23.8,500,2340.063686
-23.6,500,2340.188976
-23.0,500,2340.313861
-22.6,500,2340.43968
-11.3,500,2340.565014
-24.4,500,2340.690185
-23.3,500,2340.81562
-24.8,500,2340.940832
-22.7,500,2341.066701
-22.6,500,2341.191796
-22.7,500,2341.316668
-23.8,500,2341.441829
-25.3,500,2341.567112
-23.4,500,2341.691938
-23.8,500,2341.816995
-23.9,500,2341.942933
-22.6,500,2342.069164
-22.7,500,2342.194906
-22.8,500,2342.320826
-23.0,500,2342.446637
-23.4,500,2342.572423
-22.8,500,2342.697191
-23.3,500,2342.822242
-4.7,500,2342.946863
-23.3,500,2343.072068
-22.8,500,2343.197721
-22.7,500,2343.323251
-23.2,500,2343.448738
-23.3,500,2343.574281
-22.9,500,2343.699566
-22.7,500,2343.826444
-23.7,500,2343.952427
-23.9,500,2344.077515
-26.0,500,2344.2035
-23.0,500,2344.328461
-22.9,500,2344.453129
-22.5,500,2344.578523
-22.8,500,2344.703497
-23.1,500,2344.828527
-5.4,500,2344.954936
-22.6,500,2345.079835
-22.5,500,2345.204868
-27.6,500,2345.329829
-22.8,500,2345.454711
-22.5,500,2345.579869
-22.5,500,2345.705793
-24.3,500,2345.831817
-6.0,500,2345.957515
-23.5,500,2346.082531
-22.8,500,2346.208792
-4.0,500,2346.334102
-23.0,500,2346.460375
-23.3,500,2346.586093
-23.5,500,2346.711116
-23.6,500,2346.836314
-23.4,500,2346.961606
-22.5,500,2347.087119
-23.2,500,2347.212128
-22.8,500,2347.337798
-22.9,500,2347.463825
-23.1,500,2347.589316
-22.7,500,2347.714616
-23.1,500,2347.840121
-23.1,500,2347.965188
-22.9,500,2348.091417
-8.9,500,2348.218728
-23.0,500,2348.344687
-22.6,500,2348.470767
-23.3,500,2348.595951
-23.2,500,2348.720865
-22.8,500,2348.848191
-22.5,500,2348.974309
-23.8,500,2349.099592
-23.0,500,2349.224718
-2.0,500,2349.350353
-29.5,500,2349.475926
-22.8,500,2349.602036
-23.0,500,2349.727005
-22.7,500,2349.8523
-22.8,500,2349.977743
-23.3,500,2350.103414
-22.6,500,2350.22881
-22.7,500,2350.354693
-23.7,500,2350.480181
-23.1,500,2350.605258
-5.6,500,2350.731176
-4.7,500,2350.856731
-46.2,500,2350.981685
-22.7,500,2351.145536
-24.0,500,2351.27195
-23.2,500,2351.397082
-22.7,500,2351.521837
-23.2,500,2351.64763
-23.1,500,2351.77259
-23.3,500,2351.897335
-22.9,500,2352.021841
-23.0,500,2352.14676
-22.6,500,2352.271619
-23.2,500,2352.397202
-22.5,500,2352.522894
-30.5,500,2352.648432
-23.0,500,2352.773742
-27.5,500,2352.898765
-22.8,500,2353.024132
-22.6,500,2353.14916
-22.6,500,2353.274411
-23.1,500,2353.399426
-5.3,500,2353.524661
-46.1,500,2353.649969
-23.8,500,2353.775454
-24.6,500,2353.902626
-23.1,500,2354.028452
-2.8,500,2354.154274
-23.7,500,2354.279826
-22.9,500,2354.405196
-22.6,500,2354.530559
-23.3,500,2354.655957
-48.2,500,2354.783127
-24.1,500,2354.90867
-23.5,500,2355.034005
-23.7,500,2355.158728
-24.3,500,2355.28341
-22.9,500,2355.408735
-22.5,500,2355.533827
-22.7,500,2355.658958
-23.0,500,2355.783928
-22.8,500,2355.908716
-22.9,500,2356.034198
-5.0,500,2356.159424
-23.0,500,2356.28467
-3.8,500,2356.409513
-23.4,500,2356.534902
-23.6,500,2356.659731
-23.2,500,2356.785501
-3.3,500,2356.910129
-22.7,500,2357.035087
-18.5,500,2357.160133
-23.9,500,2357.285441
-22.5,500,2357.410061
-22.5,500,2357.535558
-22.8,500,2357.661827
-22.9,500,2357.787564
-23.5,500,2357.912985
-23.0,500,2358.038533
-22.5,500,2358.164259
-22.5,500,2358.289677
-22.9,500,2358.415175
-23.3,500,2358.541873
-22.7,500,2358.667215
-23.3,500,2358.792442
-22.9,500,2358.919491
-23.0,500,2359.045278
-23.8,500,2359.170082
-23.4,500,2359.29601
-22.8,500,2359.422729
-22.7,500,2359.548019
-23.1,500,2359.673299
-24.1,500,2359.798565
-22.8,500,2359.923613
-22.7,500,2360.049793
-23.1,500,2360.174729
-22.8,500,2360.299976
-30.9,500,2360.425205
-22.9,500,2360.550574
-18.1,500,2360.676237
-10.0,500,2360.801546
-24.5,500,2360.927642
-23.5,500,2361.053064
-22.9,500,2361.178086
-23.5,500,2361.303463
-23.0,500,2361.428237
-22.7,500,2361.553434
-23.1,500,2361.679119
-23.2,500,2361.80575
-23.5,500,2361.931331
-22.6,500,2362.056514
-4.1,500,2362.181763
-23.4,500,2362.307057
-3.6,500,2362.433493
-22.7,500,2362.55942
-23.1,500,2362.684964
-23.9,500,2362.809829
-22.8,500,2362.934889
-22.7,500,2363.060109
22.4,500,2363.186261
-3.7,500,2363.348146
-24.7,500,2363.475699
-17.2,500,2363.602015
-23.1,500,2363.728366
-22.5,500,2363.85624
-22.5,500,2363.982568
-22.8,500,2364.107983
-23.4,500,2364.233531
-3.7,500,2364.359102
-23.8,500,2364.484329
-22.7,500,2364.609721
-22.5,500,2364.734654
-23.5,500,2364.860003
-22.9,500,2364.984745
-22.9,500,2365.109968
-23.1,500,2365.236038
-29.8,500,2365.361034
-4.3,500,2365.486385
-23.9,500,2365.611863
-24.3,500,2365.737036
-23.5,500,2365.862096
-22.5,500,2365.987818
-23.0,500,2366.112793
-23.3,500,2366.238287
-23.2,500,2366.36419
-6.0,500,2366.489897
-23.7,500,2366.615644
-23.0,500,2366.741116
-22.5,500,2366.866545
-22.9,500,2366.992331
-23.7,500,2367.117471
-23.4,500,2367.242612
-22.5,500,2367.367757
-23.3,500,2367.492786
-23.3,500,2367.618883
-23.3,500,2367.743709
-22.8,500,2367.869319
-22.8,500,2367.994781
-22.5,500,2368.120045
-23.2,500,2368.244942
-23.6,500,2368.370728
-22.6,500,2368.497249
-22.6,500,2368.622391
-22.8,500,2368.747725
-23.2,500,2368.875405
-22.5,500,2369.001034
-22.5,500,2369.12697
-14.7,500,2369.253939
-23.6,500,2369.379978
-22.8,500,2369.506227
-23.1,500,2369.631394
-25.4,500,2369.756678
-22.8,500,2369.883
-22.6,500,2370.00827
-23.0,500,2370.133928
-22.9,500,2370.25936
-23.3,500,2370.38429
-22.7,500,2370.509906
-28.0,500,2370.635034
-23.0,500,2370.760304
-22.6,500,2370.885555
-23.9,500,2371.011326
-22.9,500,2371.136781
-23.5,500,2371.262542
-23.3,500,2371.387627
-23.0,500,2371.513718
-22.9,500,2371.640331
-22.9,500,2371.765808
-3.5,500,2371.891693
-32.6,500,2372.016974
-23.9,500,2372.141633
-23.5,500,2372.267628
-22.8,500,2372.394244
-22.9,500,2372.519518
-22.5,500,2372.645196
-23.9,500,2372.770643
-23.1,500,2372.895664
-23.6,500,2373.020821
-22.7,500,2373.14693
-22.5,500,2373.272537
-22.7,500,2373.397763
-22.9,500,2373.523217
-22.5,500,2373.648752
-22.9,500,2373.774282
-36.4,500,2373.903206
-22.9,500,2374.029217
-22.9,500,2374.154518
-23.1,500,2374.279752
-22.6,500,2374.405481
-23.1,500,2374.530822
-22.7,500,2374.657044
-22.7,500,2374.7833
-23.2,500,2374.908598
-22.5,500,2375.033625
-25.8,500,2375.159143
-22.5,500,2375.28416
-22.5,500,2375.410071
-22.8,500,2375.535518
-23.0,500,2375.661232
-23.2,500,2375.817729
-28.1,500,2375.943656
-23.6,500,2376.069057
-23.1,500,2376.194555
-22.7,500,2376.319877
-22.8,500,2376.445345
-22.5,500,2376.571125
-22.9,500,2376.697087
-22.7,500,2376.822516
-22.6,500,2376.947274
-22.9,500,2377.072022
-24.5,500,2377.197135
-23.8,500,2377.322462
-22.6,500,2377.447316
-22.5,500,2377.573002
-23.1,500,2377.698554
-22.7,500,2377.824049
-23.2,500,2377.949338
-22.5,500,2378.074762
-23.0,500,2378.199786
-23.1,500,2378.325473
-23.7,500,2378.452459
-22.9,500,2378.577727
-23.1,500,2378.702649
-23.1,500,2378.827602
-22.9,500,2378.954401
-22.9,500,2379.079514
-22.7,500,2379.205144
-23.0,500,2379.330523
-26.3,500,2379.455792
-22.9,500,2379.581238
-22.6,500,2379.705927
-23.3,500,2379.830574
-23.3,500,2379.956779
-22.5,500,2380.083353
-22.7,500,2380.209171
-23.1,500,2380.334496
-23.0,500,2380.460755
-23.1,500,2380.585639
-23.3,500,2380.712576
-22.6,500,2380.837287
-22.5,500,2380.96269
-22.9,500,2381.088024
-22.6,500,2381.213238
-26.8,500,2381.338495
-24.1,500,2381.464143
-24.5,500,2381.590301
-22.9,500,2381.715284
-22.6,500,2381.840241
-23.4,500,2381.965644
-23.5,500,2382.091128
-22.9,500,2382.216133
-23.0,500,2382.342108
-23.5,500,2382.468217
-22.5,500,2382.593437
-22.8,500,2382.718777
-31.1,500,2382.844025
-27.4,500,2382.969013
-23.5,500,2383.093797
-26.9,500,2383.218985
-25.8,500,2383.344269
-24.1,500,2383.469665
-23.6,500,2383.595532
-23.2,500,2383.720886
-23.7,500,2383.846334
-23.7,500,2383.974942
-24.0,500,2384.100401
-23.8,500,2384.225846
-24.1,500,2384.351188
-23.8,500,2384.476354
-25.5,500,2384.601352
-22.8,500,2384.726065
-24.6,500,2384.851987
-23.5,500,2384.976997
-22.9,500,2385.101946
-23.2,500,2385.227294
-22.6,500,2385.352328
-22.7,500,2385.47738
-23.1,500,2385.603347
-22.5,500,2385.728018
-22.5,500,2385.85283
-22.8,500,2385.978408
-23.1,500,2386.103515
-23.1,500,2386.228576
-23.0,500,2386.354102
-22.7,500,2386.479564
-22.7,500,2386.604413
-23.3,500,2386.729263
-22.8,500,2386.854587
-22.6,500,2386.979378
-23.0,500,2387.10463
-22.7,500,2387.229324
-22.9,500,2387.354616
-23.2,500,2387.479906
-23.0,500,2387.60538
-23.0,500,2387.730954
-22.8,500,2387.856483
-25.5,500,2387.981617
-23.0,500,2388.148624
-23.0,500,2388.274295
-22.9,500,2388.399663
-22.9,500,2388.525674
-23.1,500,2388.651699
-23.0,500,2388.776935
-22.9,500,2388.904558
-28.4,500,2389.030252
-26.3,500,2389.155037
-23.8,500,2389.280317
-24.0,500,2389.405263
-22.8,500,2389.530705
-23.4,500,2389.655534
-23.8,500,2389.780298
-24.0,500,2389.905284
-23.2,500,2390.030246
-22.5,500,2390.155732
-24.5,500,2390.28097
-23.5,500,2390.40584
-23.4,500,2390.531469
-23.1,500,2390.656404
-22.8,500,2390.780947
-22.9,500,2390.90655
-22.8,500,2391.032375
-23.5,500,2391.157647
-23.2,500,2391.282799
-23.7,500,2391.408291
-25.4,500,2391.533697
-23.0,500,2391.659898
-22.9,500,2391.786986
-23.1,500,2391.912037
-23.1,500,2392.037258
-22.8,500,2392.162429
-23.5,500,2392.287136
-23.5,500,2392.413852
-23.3,500,2392.539941
-22.9,500,2392.665329
-22.8,500,2392.791062
-22.8,500,2392.916221
-22.5,500,2393.041281
-23.4,500,2393.16643
-23.3,500,2393.291931
-23.0,500,2393.416916
-23.4,500,2393.54225
-24.7,500,2393.667237
-22.5,500,2393.792511
-22.6,500,2393.919242
-23.6,500,2394.045811
-22.6,500,2394.171232
-22.5,500,2394.296292
-22.6,500,2394.421575
-23.3,500,2394.547067
-22.9,500,2394.672816
-23.4,500,2394.798867
-24.2,500,2394.925159
-22.7,500,2395.050309
-23.5,500,2395.17583
-22.5,500,2395.301171
-24.3,500,2395.426618
-22.8,500,2395.552677
-22.9,500,2395.678354
-22.5,500,2395.803491
-23.2,500,2395.928863
-23.1,500,2396.054401
-22.6,500,2396.179752
-23.3,500,2396.305538
-22.9,500,2396.431011
-23.5,500,2396.5569
-23.4,500,2396.682362
-22.5,500,2396.807876
-22.7,500,2396.933875
-22.9,500,2397.059201
-22.6,500,2397.18471
-22.7,500,2397.309689
-23.5,500,2397.435231
-23.3,500,2397.560274
-23.0,500,2397.685536
-22.6,500,2397.8122
-23.0,500,2397.938322
-27.3,500,2398.063577
-22.6,500,2398.189164
-23.3,500,2398.314582
-23.0,500,2398.439557
-23.0,500,2398.565228
-22.6,500,2398.69001
-23.5,500,2398.815008
-22.9,500,2398.942446
-22.8,500,2399.068311
-23.4,500,2399.193821
-23.0,500,2399.318583
-26.1,500,2399.444063
-23.7,500,2399.569476
-22.8,500,2399.695082
-22.7,500,2399.820807
-22.8,500,2399.94564
-22.6,500,2400.105341
-22.6,500,2400.230711
-23.2,500,2400.356087
-22.8,500,2400.480836
-22.7,500,2400.605637
-22.6,500,2400.731538
-23.1,500,2400.856436
-24.0,500,2400.981744
-23.0,500,2401.106916
-34.1,500,2401.23195
-23.2,500,2401.356864
-23.4,500,2401.48265
-6.2,500,2401.608272
-26.9,500,2401.733234
-21.6,500,2401.858201
-4.4,500,2401.983332
-23.9,500,2402.108202
-21.8,500,2402.232868
-21.8,500,2402.358416
-21.8,500,2402.483428
-23.2,500,2402.607962
-22.9,500,2402.732999
-22.6,500,2402.857968
-24.6,500,2402.982896
-22.2,500,2403.108301
-22.6,500,2403.234598
-22.6,500,2403.360183
-24.9,500,2403.485632
-22.9,500,2403.610872
-23.0,500,2403.735438
-22.7,500,2403.861542
-23.1,500,2403.989691
-22.7,500,2404.115168
-23.3,500,2404.240408
-22.6,500,2404.365992
-23.3,500,2404.490951
-22.6,500,2404.615491
-21.9,500,2404.741528
-22.2,500,2404.866757
-22.7,500,2404.991494
-22.6,500,2405.116809
-23.2,500,2405.241853
-22.7,500,2405.368131
-22.9,500,2405.49312
-22.5,500,2405.617955
-23.2,500,2405.742749
-22.3,500,2405.86802
-22.1,500,2405.993087
-22.6,500,2406.11885
-22.8,500,2406.244053
-21.9,500,2406.369556
-23.1,500,2406.494988
-22.6,500,2406.62126
-22.9,500,2406.746137
-23.1,500,2406.871874
-24.8,500,2406.998092
-26.4,500,2407.123555
-23.5,500,2407.248581
-22.5,500,2407.373769
-23.9,500,2407.499311
-23.4,500,2407.62461
-23.3,500,2407.749966
-23.1,500,2407.875416
-23.3,500,2408.001062
-23.4,500,2408.126513
-22.7,500,2408.251906
-22.9,500,2408.377349
-23.7,500,2408.502262
-22.9,500,2408.627863
-24.2,500,2408.753413
-22.8,500,2408.878631
-22.7,500,2409.00602
-23.1,500,2409.131864
-23.0,500,2409.256952
-23.0,500,2409.38224
-23.5,500,2409.507533
-22.9,500,2409.632673
-23.0,500,2409.757859
-22.6,500,2409.883541
-23.1,500,2410.008872
-23.0,500,2410.134582
-24.3,500,2410.261097
-22.5,500,2410.386733
-23.1,500,2410.512028
-23.0,500,2410.637536
-23.3,500,2410.762635
-22.8,500,2410.88847
-22.8,500,2411.018989
-23.3,500,2411.14461
-22.6,500,2411.269833
-43.6,500,2411.395052
-23.0,500,2411.52036
-22.7,500,2411.646651
-22.7,500,2411.772154
-22.5,500,2411.897757
-22.6,500,2412.023185
-22.7,500,2412.148912
-22.7,500,2412.274641
-22.5,500,2412.437622
-23.3,500,2412.562754
-22.7,500,2412.68784
-23.7,500,2412.812642
-22.6,500,2412.937274
-22.6,500,2413.062884
-22.7,500,2413.187866
-23.1,500,2413.313227
-26.5,500,2413.438372
-23.1,500,2413.563289
-23.1,500,2413.688144
-23.1,500,2413.812818
-25.3,500,2413.940312
-23.1,500,2414.06551
-22.7,500,2414.190832
-22.8,500,2414.315979
-22.8,500,2414.441789
-23.2,500,2414.566765
-22.9,500,2414.692603
-23.1,500,2414.81893
-22.7,500,2414.944397
-22.6,500,2415.069352
-22.8,500,2415.194617
-23.4,500,2415.319931
-23.0,500,2415.445284
-23.5,500,2415.572236
-22.6,500,2415.697697
-39.0,500,2415.82247
-22.8,500,2415.947897
-23.2,500,2416.072921
-23.1,500,2416.197966
-23.1,500,2416.323622
-23.5,500,2416.448633
-22.9,500,2416.573667
-22.7,500,2416.698886
-22.9,500,2416.823587
-23.6,500,2416.948238
-22.8,500,2417.073928
-23.1,500,2417.200486
-22.5,500,2417.326067
-25.0,500,2417.45102
-24.1,500,2417.576408
-23.5,500,2417.701371
-22.7,500,2417.827173
-22.5,500,2417.953742
-23.0,500,2418.079057
-23.1,500,2418.204797
-22.6,500,2418.330349
-8.2,500,2418.456062
-65.5,500,2418.582029
-22.6,500,2418.707477
-23.1,500,2418.833027
-22.7,500,2418.960799
-23.8,500,2419.086297
-22.6,500,2419.211999
-23.8,500,2419.338225
-22.6,500,2419.463823
-23.0,500,2419.589318
-22.6,500,2419.714331
-23.0,500,2419.839371
-23.0,500,2419.964729
-23.5,500,2420.090635
-22.9,500,2420.217059
-23.9,500,2420.342399
-23.4,500,2420.468028
-23.1,500,2420.593283
-22.7,500,2420.718422
-28.0,500,2420.844494
-23.4,500,2420.970368
-25.3,500,2421.095715
-23.2,500,2421.22089
-23.3,500,2421.346103
-23.2,500,2421.471432
-22.9,500,2421.597349
-22.8,500,2421.722708
-24.0,500,2421.847946
-22.9,500,2421.973399
-22.8,500,2422.098617
-22.9,500,2422.224219
-23.2,500,2422.349371
-22.7,500,2422.475316
-23.1,500,2422.600124
-23.3,500,2422.725718
-23.4,500,2422.851263
-22.5,500,2422.976805
-22.8,500,2423.10214
-23.0,500,2423.227932
-22.7,500,2423.353095
-23.0,500,2423.47885
-23.1,500,2423.619975
-23.0,500,2423.76232
-22.7,500,2423.897048
-22.5,500,2424.04061
-23.1,500,2424.177069
-23.1,500,2424.313261
-22.8,500,2424.439607
-22.7,500,2424.56539
-22.9,500,2424.690659
-23.1,500,2424.81602
-22.7,500,2424.941154
-22.7,500,2425.067112
-22.6,500,2425.192326
-22.7,500,2425.317435
-22.5,500,2425.44615
-22.6,500,2425.623805
-22.7,500,2425.749014
-23.4,500,2425.874569
-23.2,500,2425.999651
-23.1,500,2426.12496
-22.5,500,2426.250239
-22.5,500,2426.376434
-22.8,500,2426.502761
-23.5,500,2426.628372
-22.6,500,2426.753156
-46.2,500,2426.878277
-24.7,500,2427.003983
-23.0,500,2427.13039
-22.8,500,2427.255743
-22.9,500,2427.381061
-22.8,500,2427.506548
-23.2,500,2427.631694
-22.7,500,2427.756932
-22.5,500,2427.88254
-23.1,500,2428.007725
-22.7,500,2428.133474
-22.9,500,2428.258829
-68.0,500,2428.384313
-22.8,500,2428.509583
-24.3,500,2428.636102
-22.6,500,2428.761602
-23.3,500,2428.886864
-22.8,500,2429.014065
-22.7,500,2429.139369
-23.2,500,2429.264673
-22.9,500,2429.39082
-23.9,500,2429.517271
-22.7,500,2429.642805
-23.2,500,2429.768095
-23.4,500,2429.893626
-23.4,500,2430.018652
-23.2,500,2430.143691
-23.3,500,2430.268897
-22.5,500,2430.394525
-22.7,500,2430.520108
-23.3,500,2430.645784
-23.8,500,2430.770971
-23.1,500,2430.896671
-28.0,500,2431.02216
-23.2,500,2431.147693
-23.4,500,2431.272747
-22.8,500,2431.398293
-24.1,500,2431.524133
-22.9,500,2431.650632
-22.6,500,2431.776221
-22.7,500,2431.901561
-22.5,500,2432.026777
-22.8,500,2432.152621
-28.2,500,2432.277606
-22.8,500,2432.403206
-22.8,500,2432.529171
-23.3,500,2432.654735
-22.8,500,2432.780017
-22.7,500,2432.905221
-28.7,500,2433.03003
-23.6,500,2433.155773
-22.5,500,2433.281264
-22.5,500,2433.406805
-25.4,500,2433.532014
-22.7,500,2433.657387
-23.0,500,2433.782918
-22.9,500,2433.908011
-23.3,500,2434.035888
-23.7,500,2434.161431
-23.3,500,2434.286821
-23.3,500,2434.41259
-23.1,500,2434.537821
-22.6,500,2434.663052
-23.0,500,2434.788757
-24.0,500,2434.914261
-23.1,500,2435.039618
-23.1,500,2435.165292
-22.5,500,2435.29024
-24.0,500,2435.415905
-22.7,500,2435.541187
-22.9,500,2435.666985
-23.4,500,2435.791657
-23.0,500,2435.916049
-24.1,500,2436.041471
-23.1,500,2436.16614
-22.7,500,2436.291788
-22.7,500,2436.418031
-23.4,500,2436.543626
-22.7,500,2436.66876
-23.0,500,2436.793226
-22.8,500,2436.918649
-22.6,500,2437.044293
-23.8,500,2437.170123
-32.9,500,2437.29511
-22.7,500,2437.420595
-22.7,500,2437.545693
-22.5,500,2437.670596
-22.8,500,2437.795762
-22.7,500,2437.956972
-22.7,500,2438.081723
-23.6,500,2438.207347
-23.0,500,2438.333331
-24.5,500,2438.458917
-23.5,500,2438.584342
-23.3,500,2438.709358
-23.0,500,2438.834569
-22.8,500,2438.960959
-22.6,500,2439.086443
-23.2,500,2439.211464
-22.6,500,2439.33651
-22.8,500,2439.462058
-22.7,500,2439.58675
-22.7,500,2439.711764
-22.5,500,2439.837326
-22.7,500,2439.962222
-23.0,500,2440.087241
-22.8,500,2440.21238
-23.3,500,2440.337533
-58.4,500,2440.462778
-23.3,500,2440.588429
-23.2,500,2440.713715
-22.6,500,2440.838655
-22.7,500,2440.963501
-22.5,500,2441.088332
-23.0,500,2441.213148
-23.1,500,2441.339211
-22.7,500,2441.464566
-23.4,500,2441.590125
-23.0,500,2441.715386
-23.1,500,2441.840307
-22.9,500,2441.965875
-22.7,500,2442.091062
-22.7,500,2442.217142
-22.9,500,2442.342405
-24.4,500,2442.467494
-22.8,500,2442.592897
-22.8,500,2442.718334
-23.1,500,2442.844199
-22.7,500,2442.970492
-22.5,500,2443.095631
-23.3,500,2443.221291
-23.9,500,2443.346782
-23.4,500,2443.472317
-23.4,500,2443.598579
-22.5,500,2443.724728
-22.6,500,2443.850573
-22.8,500,2443.97855
-25.9,500,2444.104235
-23.4,500,2444.229338
-22.9,500,2444.355216
-24.7,500,2444.480904
-22.7,500,2444.606207
-23.5,500,2444.731196
-23.4,500,2444.856408
-22.9,500,2444.981599
-23.0,500,2445.10676
-22.8,500,2445.232138
-22.8,500,2445.357025
-22.6,500,2445.481761
-22.5,500,2445.606715
-23.1,500,2445.731909
-23.8,500,2445.857498
-22.7,500,2445.984005
-22.8,500,2446.10928
-22.9,500,2446.234307
-23.5,500,2446.359775
-22.9,500,2446.484272
-22.5,500,2446.609551
-23.7,500,2446.734753
-22.6,500,2446.860348
-22.9,500,2446.987102
-22.9,500,2447.11238
-22.9,500,2447.237984
-22.6,500,2447.363609
-23.0,500,2447.488527
-25.7,500,2447.614797
-23.5,500,2447.74002
-22.9,500,2447.86512
-22.8,500,2447.99024
-22.6,500,2448.115019
-23.1,500,2448.240192
-24.1,500,2448.365813
-23.0,500,2448.492612
-22.7,500,2448.618176
-22.8,500,2448.743284
-22.9,500,2448.86851
-22.7,500,2448.995416
-23.0,500,2449.12223
-25.0,500,2449.247474
-29.8,500,2449.372376
-23.2,500,2449.497783
-23.4,500,2449.623139
-22.8,500,2449.748037
-23.2,500,2449.872872
-23.5,500,2449.997761
-23.2,500,2450.122372
-23.8,500,2450.247521
-23.2,500,2450.372518
-24.6,500,2450.497352
-23.5,500,2450.62244
-23.1,500,2450.781664
-22.7,500,2450.907095
-22.9,500,2451.032262
-23.1,500,2451.157344
-22.6,500,2451.283312
-23.2,500,2451.408614
-22.9,500,2451.534206
-22.5,500,2451.659028
-22.7,500,2451.783876
-22.9,500,2451.909007
-22.7,500,2452.034268
-22.5,500,2452.160096
-22.7,500,2452.285162
-23.8,500,2452.41027
-23.0,500,2452.535579
-29.0,500,2452.660734
-46.1,500,2452.786005
-23.4,500,2452.911476
-23.0,500,2453.03726
-22.8,500,2453.162804
-23.5,500,2453.288359
-22.9,500,2453.41385
-23.6,500,2453.538781
-23.0,500,2453.663552
-22.9,500,2453.789245
-22.8,500,2453.914426
-22.8,500,2454.042115
-22.7,500,2454.167411
-22.7,500,2454.292591
-22.7,500,2454.417513
-22.7,500,2454.543754
-24.4,500,2454.668807
-23.0,500,2454.79435
-22.6,500,2454.919728
-22.8,500,2455.045153
-23.0,500,2455.170418
-23.0,500,2455.295571
-22.9,500,2455.420482
-23.1,500,2455.545407
-23.1,500,2455.670159
-23.2,500,2455.79537
-24.2,500,2455.920409
-22.8,500,2456.046157
-22.8,500,2456.171777
-22.5,500,2456.296814
-23.4,500,2456.422043
-22.7,500,2456.546953
-23.0,500,2456.671858
-23.0,500,2456.797668
-22.6,500,2456.922998
-22.9,500,2457.048937
-22.7,500,2457.174143
-22.6,500,2457.29982
-23.9,500,2457.424835
-22.7,500,2457.550905
-22.5,500,2457.676144
-22.6,500,2457.801414
-23.8,500,2457.926979
-22.8,500,2458.05222
-22.8,500,2458.177652
-22.9,500,2458.304277
-23.0,500,2458.431448
-22.7,500,2458.557014
-22.5,500,2458.682378
-26.1,500,2458.80762
-99.4,500,2458.932993
-23.1,500,2459.060483
-24.0,500,2459.186463
-23.1,500,2459.311618
-22.5,500,2459.436959
-23.2,500,2459.562592
-22.7,500,2459.687881
-22.5,500,2459.813836
-23.1,500,2459.940226
-23.0,500,2460.065697
-22.8,500,2460.190761
-22.6,500,2460.316662
-22.5,500,2460.441928
-22.7,500,2460.568105
-36.4,500,2460.693617
-23.0,500,2460.819439
-32.9,500,2460.94463
-22.8,500,2461.069952
-68.5,500,2461.195596
-49.5,500,2461.32126
-23.8,500,2461.448305
-23.8,500,2461.573824
-22.8,500,2461.699049
-22.8,500,2461.824383
-22.9,500,2461.949249
-22.7,500,2462.074777
-22.9,500,2462.199897
-22.5,500,2462.32598
-23.8,500,2462.452176
-23.3,500,2462.577694
-23.2,500,2462.703108
-22.7,500,2462.828258
-22.9,500,2462.953636
-23.0,500,2463.079483
-22.7,500,2463.239582
-22.7,500,2463.366024
-22.8,500,2463.490771
-22.7,500,2463.616409
-22.8,500,2463.742847
-23.2,500,2463.867967
-22.6,500,2463.994782
-23.3,500,2464.120785
-22.6,500,2464.245586
-31.9,500,2464.371617
-23.2,500,2464.497735
-23.4,500,2464.623994
-24.4,500,2464.749179
-23.2,500,2464.874613
-23.4,500,2464.99984
-23.3,500,2465.125686
-22.8,500,2465.251807
-22.5,500,2465.377474
-23.4,500,2465.503248
-22.9,500,2465.629172
-23.9,500,2465.754265
-24.2,500,2465.879825
-23.2,500,2466.006032
-23.8,500,2466.131398
-23.1,500,2466.256838
-23.1,500,2466.382286
-22.6,500,2466.508098
-22.8,500,2466.634579
-22.9,500,2466.760249
-23.5,500,2466.885991
-24.2,500,2467.011595
-23.5,500,2467.137518
-23.1,500,2467.26308
-23.0,500,2467.387922
-23.9,500,2467.513767
-23.3,500,2467.638859
-23.0,500,2467.764134
-22.9,500,2467.889098
-25.0,500,2468.014347
-23.7,500,2468.13985
-24.3,500,2468.265641
-22.9,500,2468.390901
-23.3,500,2468.515865
-23.0,500,2468.641011
-23.1,500,2468.766084
-24.3,500,2468.891064
-24.8,500,2469.017742
-22.8,500,2469.143545
-23.0,500,2469.268434
-22.7,500,2469.39347
-24.3,500,2469.518381
-23.2,500,2469.643979
-23.0,500,2469.769436
-22.8,500,2469.895563
-22.7,500,2470.020495
-22.9,500,2470.145399
-22.7,500,2470.270577
-22.7,500,2470.395502
-22.8,500,2470.520172
-36.0,500,2470.645949
-23.2,500,2470.771116
-22.8,500,2470.896496
-22.6,500,2471.021722
-22.8,500,2471.147131
-23.2,500,2471.272319
-22.7,500,2471.398004
-22.6,500,2471.523384
-23.1,500,2471.648541
-22.6,500,2471.773411
-25.2,500,2471.898159
-23.0,500,2472.023109
-23.2,500,2472.149247
-22.9,500,2472.274107
-22.5,500,2472.39969
-27.3,500,2472.525336
-26.4,500,2472.650734
-23.4,500,2472.775801
-23.2,500,2472.901284
-22.7,500,2473.026411
-23.5,500,2473.151476
-23.0,500,2473.276742
-22.5,500,2473.402275
-23.4,500,2473.527162
-22.7,500,2473.652354
-23.3,500,2473.778166
-23.0,500,2473.903091
-23.5,500,2474.030004
-23.0,500,2474.155187
-22.5,500,2474.280242
-23.0,500,2474.405228
-23.3,500,2474.530128
-23.6,500,2474.656209
-22.9,500,2474.781567
-22.8,500,2474.906628
-23.0,500,2475.031984
-22.6,500,2475.157404
-23.1,500,2475.282562
-23.3,500,2475.40861
-22.9,500,2475.534183
-22.5,500,2475.659384
-22.7,500,2475.824132
-23.0,500,2475.950845
-22.0,500,2476.075661
-22.8,500,2476.200966
-22.9,500,2476.325784
-22.8,500,2476.450286
-23.2,500,2476.574801
-23.4,500,2476.699668
-23.3,500,2476.824099
-23.0,500,2476.949253
-23.1,500,2477.074436
-22.7,500,2477.199409
-23.4,500,2477.324447
-23.0,500,2477.449372
-23.0,500,2477.574515
-23.0,500,2477.69939
-23.9,500,2477.824725
-23.1,500,2477.950205
-23.1,500,2478.075333
-22.6,500,2478.200093
-22.9,500,2478.324578
-22.5,500,2478.449858
-22.8,500,2478.574939
-23.4,500,2478.699774
-22.9,500,2478.824948
-22.5,500,2478.950041
-22.8,500,2479.077262
-22.5,500,2479.20266
-23.5,500,2479.328255
-23.1,500,2479.453464
-22.9,500,2479.578416
-22.9,500,2479.703962
-23.1,500,2479.829089
-22.6,500,2479.954357
-23.3,500,2480.079391
-22.5,500,2480.204779
-24.3,500,2480.329691
-24.0,500,2480.454899
-23.0,500,2480.580266
-22.9,500,2480.705276
-23.2,500,2480.83051
-23.4,500,2480.956424
-23.4,500,2481.083351
-23.0,500,2481.208587
-22.5,500,2481.333306
-23.9,500,2481.458698
-22.9,500,2481.583597
-22.9,500,2481.708955
-30.6,500,2481.834464
-49.9,500,2481.959416
-24.3,500,2482.084239
-23.3,500,2482.210145
-23.0,500,2482.335832
-22.6,500,2482.461168
-22.8,500,2482.586816
-22.5,500,2482.712204
-22.7,500,2482.837342
-23.0,500,2482.96302
-38.3,500,2483.088373
-22.5,500,2483.213589
-22.5,500,2483.338791
-23.1,500,2483.464464
-23.1,500,2483.589684
-24.2,500,2483.715235
-22.5,500,2483.840754
-22.9,500,2483.966747
-22.5,500,2484.093844
-23.5,500,2484.219826
-22.7,500,2484.344695
-22.7,500,2484.469865
-22.7,500,2484.594798
-22.7,500,2484.720382
-22.7,500,2484.846297
-23.0,500,2484.971466
-22.8,500,2485.096177
-22.6,500,2485.221398
-22.6,500,2485.346275
-23.3,500,2485.470981
-23.3,500,2485.597782
-22.9,500,2485.722862
-22.9,500,2485.847896
-23.1,500,2485.973501
-31.0,500,2486.098543
-23.7,500,2486.223518
-22.5,500,2486.349779
-22.8,500,2486.476452
-22.9,500,2486.601623
-22.5,500,2486.726479
-23.9,500,2486.851654
-23.1,500,2486.97671
-22.8,500,2487.102143
-23.3,500,2487.227896
-23.0,500,2487.353345
-22.5,500,2487.479083
-25.2,500,2487.604354
-23.8,500,2487.729867
-25.8,500,2487.854931
-23.3,500,2487.981444
-22.6,500,2488.141119
-22.6,500,2488.266026
-23.0,500,2488.390825
-22.9,500,2488.516678
-22.7,500,2488.641955
-22.6,500,2488.766898
-22.8,500,2488.891945
-23.5,500,2489.018871
-23.5,500,2489.144581
-23.2,500,2489.270068
-23.2,500,2489.396852
-23.2,500,2489.521899
-28.5,500,2489.646561
-22.5,500,2489.771862
-22.5,500,2489.896373
-22.9,500,2490.021979
-23.8,500,2490.146648
-23.5,500,2490.271641
-22.8,500,2490.396232
-23.4,500,2490.521051
-23.0,500,2490.645831
-23.2,500,2490.770997
-22.9,500,2490.896965
-23.3,500,2491.022458
-22.7,500,2491.14723
-23.8,500,2491.272088
-22.9,500,2491.397616
-23.0,500,2491.522659
-22.5,500,2491.648576
-22.8,500,2491.773856
-23.1,500,2491.898691
-22.5,500,2492.023966
-22.5,500,2492.149188
-22.9,500,2492.274602
-22.9,500,2492.400128
-22.8,500,2492.525586
-23.0,500,2492.651082
-23.0,500,2492.776094
-28.7,500,2492.901084
-76.2,500,2493.026167
-26.1,500,2493.152247
-24.1,500,2493.277494
-24.5,500,2493.40245
-22.0,500,2493.528098
-22.8,500,2493.653501
-22.9,500,2493.778389
-23.0,500,2493.903504
-23.7,500,2494.031513
-22.8,500,2494.156868
-22.8,500,2494.282019
-22.8,500,2494.4072
-22.6,500,2494.532573
-22.5,500,2494.658683
-22.6,500,2494.783919
-22.9,500,2494.908722
-22.5,500,2495.034112
-23.2,500,2495.159279
-23.8,500,2495.283944
-23.0,500,2495.40924
-22.7,500,2495.534597
-22.5,500,2495.659225
-22.6,500,2495.78429
-22.8,500,2495.909425
-22.6,500,2496.034726
-29.4,500,2496.160167
-23.2,500,2496.286427
-22.6,500,2496.411736
-23.0,500,2496.537225
-22.8,500,2496.662446
-22.7,500,2496.787672
-23.1,500,2496.914155
-23.1,500,2497.039389
-22.7,500,2497.164553
-23.0,500,2497.290056
-23.0,500,2497.415423
-23.3,500,2497.540817
-22.9,500,2497.667114
-23.1,500,2497.792318
-22.9,500,2497.917437
-22.6,500,2498.043248
-31.8,500,2498.168866
-23.0,500,2498.294202
-23.0,500,2498.419953
-23.4,500,2498.545903
-22.8,500,2498.671627
-23.4,500,2498.796984
-22.7,500,2498.92234
-22.7,500,2499.049271
-32.4,500,2499.175857
-24.5,500,2499.300879
-22.9,500,2499.425878
-22.9,500,2499.551332
-23.3,500,2499.676367
-23.1,500,2499.802082
-22.6,500,2499.927988
-23.8,500,2500.054071
-22.5,500,2500.179346
-22.8,500,2500.304633
-22.8,500,2500.430069
-23.6,500,2500.554933
-22.7,500,2500.680594
-22.8,500,2500.848202
-22.8,500,2500.973457
-32.3,500,2501.099041
-53.8,500,2501.22466
-25.3,500,2501.350968
-22.7,500,2501.476333
-22.0,500,2501.602147
-23.4,500,2501.727583
-25.3,500,2501.852968
-23.9,500,2501.978103
-22.8,500,2502.104074
-22.1,500,2502.228697
-23.4,500,2502.353891
-22.8,500,2502.478827
-23.2,500,2502.603839
-24.9,500,2502.728815
-23.0,500,2502.854028
-23.4,500,2502.9797
-22.7,500,2503.104818
-22.7,500,2503.229867
-22.5,500,2503.354631
-21.8,500,2503.480062
-22.8,500,2503.605289
-23.1,500,2503.730222
-23.2,500,2503.855771
-23.1,500,2503.98091
-23.1,500,2504.108426
-23.6,500,2504.233596
-23.4,500,2504.359047
-23.0,500,2504.484207
-23.8,500,2504.609251
-22.7,500,2504.73463
-25.8,500,2504.860303
-22.7,500,2504.98516
-26.0,500,2505.110202
-22.6,500,2505.235199
-22.8,500,2505.360468
-22.6,500,2505.486052
-24.3,500,2505.611339
-23.1,500,2505.736323
-22.8,500,2505.861401
-22.5,500,2505.986725
-22.7,500,2506.11235
-23.3,500,2506.238188
-23.0,500,2506.364549
-25.1,500,2506.490119
-27.7,500,2506.615372
-22.8,500,2506.74119
-23.0,500,2506.866481
-23.0,500,2506.99224
-22.5,500,2507.118501
-22.6,500,2507.244353
-23.8,500,2507.370741
-22.9,500,2507.496122
-26.1,500,2507.621272
-23.0,500,2507.746845
-22.6,500,2507.87286
-23.0,500,2507.998114
-23.3,500,2508.123634
-23.3,500,2508.248745
-23.1,500,2508.373594
-24.0,500,2508.498559
-40.5,500,2508.624262
-22.9,500,2508.749224
-23.4,500,2508.874967
-23.2,500,2509.000354
-22.5,500,2509.128235
-22.8,500,2509.254354
-23.2,500,2509.3791
-23.4,500,2509.504689
-22.8,500,2509.630395
-22.6,500,2509.755521
-23.7,500,2509.881368
-23.4,500,2510.006467
-23.0,500,2510.131377
-22.9,500,2510.256809
-23.1,500,2510.381853
-23.1,500,2510.506846
-22.5,500,2510.632273
-23.3,500,2510.757452
-24.7,500,2510.882157
-23.1,500,2511.007692
-22.9,500,2511.132937
-22.9,500,2511.257757
-22.8,500,2511.382766
-22.5,500,2511.507747
-23.3,500,2511.632991
-22.5,500,2511.759384
-23.1,500,2511.884452
-23.4,500,2512.009419
-22.7,500,2512.134463
-40.5,500,2512.259492
-23.0,500,2512.385165
-23.0,500,2512.510628
-22.6,500,2512.635948
-23.2,500,2512.761785
-22.9,500,2512.886867
-23.0,500,2513.011861
-23.4,500,2513.13694
-24.0,500,2513.296997
-24.1,500,2513.422152
-22.9,500,2513.547228
-35.4,500,2513.672506
-23.1,500,2513.797773
-22.8,500,2513.92273
-22.6,500,2514.049689
-23.2,500,2514.175094
-22.7,500,2514.299805
-23.4,500,2514.424632
-22.6,500,2514.549826
-23.9,500,2514.674642
-22.7,500,2514.799424
-25.5,500,2514.924846
-23.1,500,2515.050193
-25.3,500,2515.175358
-23.0,500,2515.300105
-23.2,500,2515.42496
-24.5,500,2515.550531
-23.2,500,2515.675438
-23.1,500,2515.800431
-34.8,500,2515.92595
-22.7,500,2516.051142
-22.9,500,2516.176282
-23.6,500,2516.301636
-22.7,500,2516.426211
-27.2,500,2516.551218
-22.9,500,2516.676217
-22.7,500,2516.801283
-23.4,500,2516.926846
-22.7,500,2517.052004
-22.8,500,2517.177773
-22.7,500,2517.303015
-22.7,500,2517.42806
-22.5,500,2517.552988
-22.5,500,2517.678109
-22.5,500,2517.804639
-22.9,500,2517.931107
-23.0,500,2518.058389
-26.8,500,2518.184453
-22.8,500,2518.310027
-22.7,500,2518.435133
-23.2,500,2518.560121
-22.9,500,2518.686349
-22.6,500,2518.811272
-23.0,500,2518.93638
-23.0,500,2519.063657
-23.3,500,2519.189458
-24.2,500,2519.315139
-22.9,500,2519.442319
-23.3,500,2519.568011
-22.4,500,2519.692981
-24.2,500,2519.818546
-23.3,500,2519.94398
-22.7,500,2520.069974
-24.6,500,2520.195874
-22.8,500,2520.32078
-32.5,500,2520.446572
-22.6,500,2520.571912
-22.6,500,2520.697082
-22.9,500,2520.82239
-23.4,500,2520.947943
-22.6,500,2521.073311
-23.0,500,2521.198495
-22.9,500,2521.323479
-22.6,500,2521.448825
-22.7,500,2521.573987
-22.9,500,2521.699788
-22.0,500,2521.825845
-35.7,500,2521.951191
-23.8,500,2522.076292
-23.0,500,2522.202254
-22.6,500,2522.327751
-22.8,500,2522.454488
-22.5,500,2522.58069
-22.8,500,2522.706405
-23.6,500,2522.83178
-23.3,500,2522.957186
-22.8,500,2523.082626
-22.9,500,2523.208246
-52.4,500,2523.334442
-22.5,500,2523.459804
-22.7,500,2523.585229
-23.3,500,2523.710841
-22.9,500,2523.83625
-23.1,500,2523.961676
-23.4,500,2524.08948
-23.0,500,2524.214804
-22.8,500,2524.339951
-22.7,500,2524.465104
-23.1,500,2524.5907
-23.2,500,2524.715635
-22.6,500,2524.840884
-104.5,500,2524.965977
-23.0,500,2525.090781
-25.2,500,2525.215301
-23.1,500,2525.340169
-23.2,500,2525.465244
-23.4,500,2525.590299
-22.5,500,2525.715698
-22.6,500,2525.841106
-22.7,500,2525.965862
-22.7,500,2526.128647
-22.7,500,2526.254765
-22.9,500,2526.380042
-22.6,500,2526.505041
-23.4,500,2526.629961
-23.8,500,2526.755211
-22.8,500,2526.880061
-22.9,500,2527.005803
-22.7,500,2527.130942
-22.7,500,2527.255878
-22.5,500,2527.381692
-23.0,500,2527.507321
-22.6,500,2527.633084
-22.6,500,2527.758801
-22.8,500,2527.883947
-22.9,500,2528.008737
-23.1,500,2528.133522
-24.4,500,2528.258777
-27.4,500,2528.383645
-22.7,500,2528.509494
-22.8,500,2528.636448
-23.0,500,2528.761845
-23.4,500,2528.886532
-23.2,500,2529.011736
-22.8,500,2529.138849
-24.1,500,2529.264316
-23.3,500,2529.389871
-22.9,500,2529.515088
-23.5,500,2529.640856
-22.9,500,2529.766129
-22.6,500,2529.891153
-22.5,500,2530.016934
-23.2,500,2530.142069
-23.6,500,2530.26728
-23.3,500,2530.392484
-25.1,500,2530.517684
-23.1,500,2530.643137
-58.3,500,2530.767711
-28.9,500,2530.893996
-22.4,500,2531.01969
-22.8,500,2531.144821
-22.9,500,2531.27077
-22.5,500,2531.395992
-23.7,500,2531.521211
-23.1,500,2531.647568
-22.9,500,2531.772877
-22.9,500,2531.898355
-22.6,500,2532.023904
-22.8,500,2532.148901
-23.7,500,2532.273611
-40.7,500,2532.399568
-23.2,500,2532.525338
-25.0,500,2532.651326
-22.8,500,2532.776589
-23.2,500,2532.901782
-22.8,500,2533.027187
-22.7,500,2533.152275
-23.1,500,2533.278108
-23.9,500,2533.403413
-22.9,500,2533.528821
-22.8,500,2533.654503
-22.9,500,2533.780095
-22.7,500,2533.904648
-22.7,500,2534.030604
-23.0,500,2534.157482
-27.2,500,2534.282614
-23.0,500,2534.407851
-22.9,500,2534.533305
-22.5,500,2534.657657
-22.6,500,2534.783068
-22.9,500,2534.910076
-22.7,500,2535.036148
-22.7,500,2535.161464
-22.7,500,2535.286638
-23.3,500,2535.411898
-22.7,500,2535.536674
-22.8,500,2535.662133
-22.9,500,2535.786838
-23.7,500,2535.912273
-23.3,500,2536.037679
-22.7,500,2536.163215
-22.9,500,2536.289211
-22.7,500,2536.414574
-23.2,500,2536.539754
-22.8,500,2536.664822
-24.7,500,2536.789912
-23.9,500,2536.915454
-22.6,500,2537.040456
-22.7,500,2537.165669
-22.7,500,2537.290681
-22.5,500,2537.41599
-23.0,500,2537.54161
-22.6,500,2537.666586
-23.2,500,2537.792335
-22.7,500,2537.918951
-23.2,500,2538.044033
-24.4,500,2538.169527
-23.4,500,2538.294067
-22.7,500,2538.419082
-23.1,500,2538.545041
-22.5,500,2538.670026
-22.8,500,2538.795042
-23.3,500,2538.920157
-37.3,500,2539.045881
-23.6,500,2539.208872
-22.8,500,2539.334004
-22.7,500,2539.459028
-22.7,500,2539.584343
-22.6,500,2539.709124
-23.0,500,2539.834909
-22.7,500,2539.959548
-24.3,500,2540.085477
-22.8,500,2540.210347
-22.6,500,2540.335385
-22.6,500,2540.46004
-23.1,500,2540.584787
-94.4,500,2540.70997
-49.1,500,2540.834733
-48.6,500,2540.959399
-24.2,500,2541.084797
-23.3,500,2541.209853
-25.0,500,2541.335747
-22.5,500,2541.460942
-22.8,500,2541.58629
-22.6,500,2541.71145
-59.4,500,2541.836668
-47.5,500,2541.96208
-54.2,500,2542.086779
-51.1,500,2542.212323
-22.0,500,2542.33769
-22.2,500,2542.463043
-23.5,500,2542.588602
-22.4,500,2542.71384
-23.8,500,2542.838614
-21.9,500,2542.963791
-22.6,500,2543.08975
-22.6,500,2543.214979
-23.5,500,2543.340102
-22.8,500,2543.465691
-22.7,500,2543.598892
-22.4,500,2543.746608
-22.8,500,2543.884404
-22.7,500,2544.025842
-22.7,500,2544.163386
-22.7,500,2544.301789
-22.8,500,2544.428266
-22.5,500,2544.554244
-22.9,500,2544.680113
-23.4,500,2544.806448
-36.9,500,2544.93178
-22.7,500,2545.056977
-23.2,500,2545.182507
-22.7,500,2545.307678
-22.8,500,2545.4346
-22.6,500,2545.576458
-23.3,500,2545.701819
-22.7,500,2545.826951
-23.0,500,2545.951977
-22.5,500,2546.077486
-22.8,500,2546.202278
-33.3,500,2546.328525
-23.2,500,2546.454247
-23.0,500,2546.580101
-23.0,500,2546.705327
-23.2,500,2546.830515
-23.1,500,2546.955866
-22.5,500,2547.081052
-23.0,500,2547.20741
-22.8,500,2547.333117
-24.0,500,2547.458431
-23.1,500,2547.583258
-24.0,500,2547.710679
-22.6,500,2547.836122
-23.4,500,2547.964258
-23.3,500,2548.090973
-22.8,500,2548.216068
-26.3,500,2548.341814
-22.8,500,2548.467729
-22.8,500,2548.593505
-22.8,500,2548.719484
-22.7,500,2548.8453
-22.6,500,2548.971127
-22.5,500,2549.097877
-22.5,500,2549.223619
-22.7,500,2549.349463
-22.5,500,2549.475062
-23.5,500,2549.600614
-23.4,500,2549.726202
-23.1,500,2549.851663
-24.7,500,2549.97724
-25.2,500,2550.102983
-23.0,500,2550.228252
-22.8,500,2550.354109
-23.4,500,2550.47935
-23.7,500,2550.604937
-23.9,500,2550.730086
-23.0,500,2550.856228
-22.9,500,2550.981677
-22.9,500,2551.107592
-22.7,500,2551.232595
-23.0,500,2551.357713
-23.7,500,2551.483527
-23.5,500,2551.608726
-24.2,500,2551.767029
-23.1,500,2551.89198
-22.9,500,2552.017551
-23.1,500,2552.142574
-22.8,500,2552.267848
-23.4,500,2552.393037
-57.9,500,2552.517946
-36.2,500,2552.644004
-23.5,500,2552.769405
-23.4,500,2552.894558
-22.8,500,2553.020062
-23.3,500,2553.145936
-22.6,500,2553.271732
-22.7,500,2553.398346
-22.8,500,2553.524467
-22.6,500,2553.649758
-23.7,500,2553.774833
-23.2,500,2553.899883
-23.1,500,2554.025834
-25.0,500,2554.154209
-22.7,500,2554.279736
-22.7,500,2554.405486
-22.7,500,2554.530662
-22.6,500,2554.655993
-23.4,500,2554.780544
-22.8,500,2554.906251
-22.6,500,2555.032874
-23.1,500,2555.157943
-23.2,500,2555.28343
-22.5,500,2555.408905
-22.8,500,2555.533804
-22.8,500,2555.659504
-22.6,500,2555.784719
-22.5,500,2555.909671
-22.9,500,2556.034788
-22.6,500,2556.160166
-22.5,500,2556.284833
-23.3,500,2556.410806
-23.2,500,2556.5372
-49.7,500,2556.662412
-47.0,500,2556.788056
-48.0,500,2556.9139
-23.6,500,2557.04007
-22.7,500,2557.165381
-23.1,500,2557.291234
-22.9,500,2557.416338
-22.6,500,2557.542207
-22.7,500,2557.667422
-22.7,500,2557.793061
-25.1,500,2557.919212
-23.4,500,2558.045181
-27.2,500,2558.170202
-23.3,500,2558.295532
-22.5,500,2558.421253
-23.0,500,2558.546528
-24.1,500,2558.672779
-22.6,500,2558.79778
-22.6,500,2558.923557
-23.4,500,2559.049545
-23.3,500,2559.176991
-22.7,500,2559.30257
-22.8,500,2559.427655
-22.8,500,2559.553478
-23.0,500,2559.678712
-22.9,500,2559.803984
-23.0,500,2559.929293
-22.6,500,2560.054902
-24.2,500,2560.180001
-23.2,500,2560.305881
-23.0,500,2560.431134
-23.1,500,2560.556839
-144.1,500,2560.682066
-94.1,500,2560.807713
-23.6,500,2560.933078
-22.7,500,2561.059003
-23.4,500,2561.185246
-22.9,500,2561.310201
-22.5,500,2561.435572
-48.9,500,2561.56161
-23.4,500,2561.687032
-23.2,500,2561.813497
-22.9,500,2561.938729
-56.0,500,2562.063822
-24.3,500,2562.189244
-23.3,500,2562.31447
-23.2,500,2562.439802
-23.3,500,2562.56515
-23.8,500,2562.691026
-22.7,500,2562.816156
-22.5,500,2562.941028
-23.0,500,2563.066271
-23.2,500,2563.191497
-23.2,500,2563.316942
-23.9,500,2563.441908
-24.0,500,2563.566978
-22.8,500,2563.692054
-22.9,500,2563.817658
-23.1,500,2563.943186
-22.7,500,2564.06848
-22.6,500,2564.197363
-23.0,500,2564.322864
-22.8,500,2564.448083
-24.1,500,2564.573709
-42.2,500,2564.699394
-23.9,500,2564.863719
-23.6,500,2564.988837
-24.0,500,2565.113839
-22.8,500,2565.238542
-23.0,500,2565.36362
-22.7,500,2565.489132
-22.7,500,2565.613748
-23.0,500,2565.738598
-22.9,500,2565.863357
-23.2,500,2565.988554
-27.4,500,2566.113646
-23.2,500,2566.2386
-23.3,500,2566.363599
-23.4,500,2566.488848
-23.0,500,2566.614431
-22.8,500,2566.739712
-22.5,500,2566.864842
-43.1,500,2566.990468
-23.5,500,2567.115831
-22.8,500,2567.24166
-23.0,500,2567.36911
-23.6,500,2567.494828
-22.5,500,2567.62081
-23.2,500,2567.746663
-21.8,500,2567.872884
-22.6,500,2567.999164
-22.9,500,2568.12538
-22.7,500,2568.250934
-23.0,500,2568.377001
-23.2,500,2568.50264
-23.3,500,2568.628023
-22.8,500,2568.754268
-22.8,500,2568.879997
-23.3,500,2569.005573
-23.3,500,2569.133295
-28.8,500,2569.259121
-22.8,500,2569.383956
-23.6,500,2569.509437
-23.6,500,2569.634536
-23.6,500,2569.759697
-22.5,500,2569.884692
-22.5,500,2570.009985
-23.2,500,2570.134991
-23.3,500,2570.260361
-22.8,500,2570.387546
-23.8,500,2570.513023
-22.7,500,2570.638783
-23.2,500,2570.764149
-23.1,500,2570.889511
-23.1,500,2571.014861
-22.8,500,2571.140453
-22.5,500,2571.2655
-24.1,500,2571.391062
-23.4,500,2571.516413
-22.9,500,2571.64246
-22.7,500,2571.768688
-23.3,500,2571.893941
-22.8,500,2572.01943
-22.8,500,2572.145272
-22.8,500,2572.2706
-22.6,500,2572.396135
-22.9,500,2572.521711
-23.3,500,2572.647434
-23.1,500,2572.773252
-23.3,500,2572.898844
-22.9,500,2573.024658
-23.2,500,2573.150292
-23.1,500,2573.275652
-22.5,500,2573.401355
-23.1,500,2573.526939
-23.1,500,2573.652496
-23.6,500,2573.777924
-23.0,500,2573.903471
-22.7,500,2574.030483
-22.9,500,2574.157441
-23.8,500,2574.283314
-23.7,500,2574.408556
-22.7,500,2574.533884
-22.8,500,2574.659749
-22.6,500,2574.849942
-23.0,500,2574.976121
-23.6,500,2575.101492
-22.6,500,2575.226828
-23.3,500,2575.352722
-25.3,500,2575.478682
-27.0,500,2575.603902
-22.9,500,2575.729164
-23.0,500,2575.854405
-22.6,500,2575.979675
-22.9,500,2576.104605
-22.8,500,2576.229887
-22.6,500,2576.355433
-23.5,500,2576.480763
-22.9,500,2576.605505
-22.5,500,2576.731043
-22.8,500,2576.856136
-23.8,500,2576.981648
-23.3,500,2577.107399
-23.1,500,2577.232759
-23.0,500,2577.357713
-22.8,500,2577.482786
-23.2,500,2577.607984
-22.8,500,2577.76601
-23.8,500,2577.890892
-22.8,500,2578.016087
-22.5,500,2578.141142
-23.2,500,2578.267096
-22.0,500,2578.392042
-25.3,500,2578.517416
-24.0,500,2578.642449
-22.9,500,2578.767719
-23.6,500,2578.892964
-24.2,500,2579.018156
-23.1,500,2579.145488
-23.8,500,2579.271903
-23.1,500,2579.39733
-23.2,500,2579.523045
-23.3,500,2579.648605
-23.1,500,2579.774691
-23.3,500,2579.900757
-24.9,500,2580.026244
-23.9,500,2580.151817
-22.7,500,2580.277475
-24.1,500,2580.403159
-22.9,500,2580.528758
-23.6,500,2580.654104
-22.8,500,2580.78018
-22.6,500,2580.905672
-23.1,500,2581.030926
-22.5,500,2581.156053
-23.5,500,2581.281386
-22.9,500,2581.406839
-23.3,500,2581.532244
-24.9,500,2581.658318
-22.9,500,2581.784091
-25.1,500,2581.908988
-22.8,500,2582.034115
-22.5,500,2582.159084
-22.8,500,2582.284261
-23.0,500,2582.410002
-23.4,500,2582.536642
-24.3,500,2582.662534
-23.0,500,2582.787705
-22.5,500,2582.912931
-22.8,500,2583.038426
-22.6,500,2583.164342
-22.5,500,2583.289734
-23.4,500,2583.415426
-27.4,500,2583.541173
-23.2,500,2583.666766
-23.0,500,2583.792524
-22.6,500,2583.91748
-23.2,500,2584.042821
-23.3,500,2584.169837
-22.6,500,2584.295543
-22.9,500,2584.421208
-27.6,500,2584.546544
-23.0,500,2584.671595
-22.6,500,2584.797155
-23.0,500,2584.923527
-22.6,500,2585.04936
-22.9,500,2585.174699
-24.5,500,2585.299505
-23.6,500,2585.424824
-22.9,500,2585.550933
-22.5,500,2585.675972
-22.8,500,2585.800116
-22.5,500,2585.925764
-23.0,500,2586.050919
-22.6,500,2586.176106
-22.7,500,2586.302284
-22.6,500,2586.427709
-23.0,500,2586.553107
-23.4,500,2586.67822
-22.9,500,2586.803571
-22.7,500,2586.928555
-23.1,500,2587.0542
-22.9,500,2587.179656
-28.6,500,2587.304725
-23.0,500,2587.429942
-22.7,500,2587.555363
-23.3,500,2587.680447
-22.8,500,2587.806085
-22.8,500,2587.932361
-22.6,500,2588.057986
-22.8,500,2588.182686
-56.5,500,2588.308133
-22.5,500,2588.433598
-22.9,500,2588.559107
-22.6,500,2588.684308
-23.1,500,2588.80989
-23.0,500,2588.935202
-23.4,500,2589.060572
-22.6,500,2589.188089
-22.9,500,2589.313999
-23.8,500,2589.438987
-22.7,500,2589.564398
-22.7,500,2589.690898
-23.5,500,2589.816092
-22.6,500,2589.976927
-34.6,500,2590.103019
-23.2,500,2590.227987
-22.9,500,2590.35259
-22.8,500,2590.478065
-22.6,500,2590.602975
-23.3,500,2590.728242
-23.5,500,2590.854293
-22.7,500,2590.979682
-23.1,500,2591.104871
-22.9,500,2591.229995
-22.6,500,2591.355002
-22.8,500,2591.480213
-22.6,500,2591.606299
-22.5,500,2591.732861
-22.7,500,2591.858821
-22.7,500,2591.984214
-23.6,500,2592.109764
-22.9,500,2592.235117
-27.3,500,2592.360641
-23.0,500,2592.486164
-21.9,500,2592.611883
-23.4,500,2592.737574
-22.9,500,2592.863306
-23.0,500,2592.988884
-23.3,500,2593.11461
-22.5,500,2593.240895
-22.6,500,2593.366549
-23.9,500,2593.492155
-41.3,500,2593.618232
-22.9,500,2593.743729
-23.2,500,2593.869283
-22.9,500,2593.995319
-22.7,500,2594.121792
-22.9,500,2594.248387
-24.3,500,2594.374135
-22.5,500,2594.499297
-23.1,500,2594.62437
-22.9,500,2594.749549
-22.6,500,2594.874234
-23.5,500,2594.999186
-23.4,500,2595.124301
-23.2,500,2595.249385
-23.8,500,2595.374286
-24.4,500,2595.499568
-23.5,500,2595.624359
-22.6,500,2595.748848
-22.8,500,2595.873527
-23.1,500,2595.998006
-22.5,500,2596.122835
-23.2,500,2596.248241
-23.9,500,2596.374079
-29.7,500,2596.499027
-23.1,500,2596.624564
-22.7,500,2596.749638
-22.9,500,2596.875109
-23.1,500,2597.000339
-22.8,500,2597.125533
-22.5,500,2597.251139
-22.8,500,2597.376568
-22.7,500,2597.501881
-22.9,500,2597.627304
-22.6,500,2597.752349
-23.2,500,2597.87765
-23.2,500,2598.003799
-22.0,500,2598.129406
-23.3,500,2598.254466
-23.4,500,2598.379858
-23.0,500,2598.505431
-24.1,500,2598.630463
-22.8,500,2598.755677
-22.9,500,2598.881152
-23.2,500,2599.006546
-22.6,500,2599.132199
-22.5,500,2599.258429
-23.4,500,2599.384531
-24.0,500,2599.510796
-22.7,500,2599.636281
-22.2,500,2599.762224
-53.0,500,2599.887959
-134.2,500,2600.013442
-23.2,500,2600.139044
-22.7,500,2600.265348
-22.7,500,2600.391118
-22.7,500,2600.516806
-23.2,500,2600.642483
-22.9,500,2600.767664
-22.5,500,2600.892794
-22.8,500,2601.018437
-22.6,500,2601.143561
-22.9,500,2601.268957
-23.1,500,2601.393931
-22.6,500,2601.518886
-23.3,500,2601.644191
-23.0,500,2601.769076
-22.6,500,2601.894668
-24.2,500,2602.02001
-22.9,500,2602.145058
-22.6,500,2602.27
-22.8,500,2602.395046
-24.0,500,2602.520005
-22.5,500,2602.645826
-22.8,500,2602.80713
-22.6,500,2602.931772
-24.4,500,2603.056838
-22.5,500,2603.182049
-22.7,500,2603.307993
-22.7,500,2603.433817
-22.8,500,2603.558603
-33.8,500,2603.683658
-23.0,500,2603.808484
-22.5,500,2603.933559
-22.9,500,2604.058744
-23.9,500,2604.185252
-22.6,500,2604.310526
-23.2,500,2604.436445
-22.7,500,2604.566423
-22.8,500,2604.691253
-22.8,500,2604.816244
-23.0,500,2604.941819
-22.9,500,2605.067237
-23.7,500,2605.192064
-22.8,500,2605.317829
-23.8,500,2605.443143
-22.9,500,2605.568048
-24.5,500,2605.69306
-23.4,500,2605.817892
-23.2,500,2605.942818
-144.7,500,2606.068204
-6.0,500,2606.193381
-24.0,500,2606.319965
-22.7,500,2606.44593
-22.8,500,2606.57119
-22.8,500,2606.696568
-22.6,500,2606.822614
-22.6,500,2606.948809
-22.7,500,2607.074857
-23.1,500,2607.200008
-23.1,500,2607.32522
-22.6,500,2607.450673
-23.3,500,2607.575898
-22.5,500,2607.700957
-44.9,500,2607.826606
-22.8,500,2607.95221
-22.8,500,2608.077437
-23.0,500,2608.203151
-23.5,500,2608.328552
-22.7,500,2608.454286
-23.0,500,2608.580085
-22.7,500,2608.705502
-22.8,500,2608.830816
-24.1,500,2608.956121
-22.6,500,2609.081459
-22.9,500,2609.208424
-23.2,500,2609.334863
-22.9,500,2609.460842
-22.9,500,2609.58661
-23.3,500,2609.711669
-22.9,500,2609.83716
-37.5,500,2609.962636
-30.3,500,2610.088132
-23.6,500,2610.214645
-22.9,500,2610.340048
-22.9,500,2610.465988
-23.4,500,2610.590726
-22.7,500,2610.715684
-22.7,500,2610.841543
-23.1,500,2610.966949
-22.7,500,2611.091561
-23.4,500,2611.216773
-22.5,500,2611.341917
-22.5,500,2611.466928
-22.8,500,2611.592776
-23.0,500,2611.718026
-23.3,500,2611.843419
-22.7,500,2611.969271
-24.0,500,2612.094777
-23.1,500,2612.220001
-22.9,500,2612.346028
-25.5,500,2612.471769
-22.7,500,2612.597896
-22.9,500,2612.72306
-22.9,500,2612.848214
-22.6,500,2612.973494
-23.3,500,2613.099457
-22.7,500,2613.225277
-33.3,500,2613.350876
-22.9,500,2613.476252
-22.8,500,2613.601184
-22.7,500,2613.726835
-22.5,500,2613.852189
-22.7,500,2613.979412
-23.0,500,2614.105333
-23.1,500,2614.232793
-23.8,500,2614.35772
-22.9,500,2614.483847
-23.1,500,2614.608813
-23.2,500,2614.7342
-22.8,500,2614.85922
-49.1,500,2614.984522
-51.4,500,2615.109856
-25.0,500,2615.270618
-23.2,500,2615.395589
-24.9,500,2615.521108
-23.3,500,2615.646241
-23.0,500,2615.772606
-23.2,500,2615.897546
-23.3,500,2616.02311
-23.7,500,2616.147864
-22.9,500,2616.272985
-24.1,500,2616.398118
-22.6,500,2616.523435
-23.6,500,2616.648823
-23.5,500,2616.774542
-27.8,500,2616.899798
-66.2,500,2617.025175
-24.0,500,2617.150177
-23.0,500,2617.275387
-22.9,500,2617.401106
-23.3,500,2617.52687
-22.6,500,2617.652472
-22.8,500,2617.777807
-22.9,500,2617.902784
-22.8,500,2618.027967
-22.9,500,2618.153486
-23.4,500,2618.279678
-25.6,500,2618.404748
-22.7,500,2618.5299
-22.7,500,2618.6553
-22.5,500,2618.780571
-22.7,500,2618.905674
-23.0,500,2619.031505
-22.6,500,2619.157439
-23.1,500,2619.283734
-23.6,500,2619.408777
-22.8,500,2619.533992
-22.9,500,2619.659235
-24.9,500,2619.784993
-22.5,500,2619.9095
-23.1,500,2620.034579
-22.9,500,2620.159578
-23.4,500,2620.284575
-23.1,500,2620.409775
-22.5,500,2620.535017
-22.7,500,2620.660722
-23.3,500,2620.788062
-22.6,500,2620.913274
-23.5,500,2621.039113
-22.7,500,2621.164749
-23.3,500,2621.290063
-12.3,500,2621.415919
-23.6,500,2621.541504
-23.0,500,2621.667038
-22.5,500,2621.792809
-23.2,500,2621.917871
-22.5,500,2622.044066
-23.1,500,2622.171191
-6.4,500,2622.297058
-23.1,500,2622.422619
-22.7,500,2622.547938
-23.3,500,2622.673433
-23.1,500,2622.799481
-23.0,500,2622.925855
-23.5,500,2623.051239
-22.8,500,2623.176847
-23.0,500,2623.302697
-22.6,500,2623.427899
-22.5,500,2623.553502
-22.7,500,2623.679399
-22.5,500,2623.805868
-22.9,500,2623.930838
-141.6,500,2624.056524
-27.9,500,2624.183143
-23.3,500,2624.309234
-4.5,500,2624.435103
-23.8,500,2624.561199
-23.0,500,2624.686483
-22.7,500,2624.812122
-22.6,500,2624.937568
-22.8,500,2625.063309
-22.6,500,2625.189156
-22.8,500,2625.314327
-23.0,500,2625.439609
-22.8,500,2625.565041
-24.8,500,2625.689953
-23.8,500,2625.815071
-22.8,500,2625.940506
-22.8,500,2626.066918
-23.8,500,2626.19269
-41.5,500,2626.31821
-22.7,500,2626.444093
-24.1,500,2626.569651
-22.5,500,2626.699368
-22.6,500,2626.825564
-22.5,500,2626.952518
-24.3,500,2627.079725
-23.7,500,2627.205609
-22.7,500,2627.331272
-22.8,500,2627.457863
-24.1,500,2627.583829
-30.0,500,2627.709235
-23.5,500,2627.834891
-22.7,500,2627.960741
-25.3,500,2628.086439
-23.8,500,2628.21271
-22.9,500,2628.374096
-22.5,500,2628.500656
-23.0,500,2628.627083
-22.7,500,2628.753001
-22.6,500,2628.878021
-22.8,500,2629.003018
-22.6,500,2629.128505
-22.5,500,2629.256884
-22.9,500,2629.382505
-21.8,500,2629.50898
-28.1,500,2629.634762
-22.7,500,2629.761445
-24.1,500,2629.886972
-23.3,500,2630.012333
-22.6,500,2630.137904
-22.8,500,2630.263255
-22.7,500,2630.389079
-22.9,500,2630.514956
-22.6,500,2630.640309
-23.3,500,2630.765854
-22.6,500,2630.892199
-22.9,500,2631.01839
-22.7,500,2631.143896
-23.0,500,2631.269449
-22.5,500,2631.394277
-23.0,500,2631.518741
-22.9,500,2631.644272
-23.2,500,2631.769189
-30.7,500,2631.894878
-23.7,500,2632.020188
-22.7,500,2632.146236
-22.8,500,2632.273878
-23.0,500,2632.39921
-22.8,500,2632.524207
-22.5,500,2632.649817
-22.7,500,2632.775066
-22.5,500,2632.900192
-22.5,500,2633.026244
-22.6,500,2633.151915
-23.1,500,2633.277511
-23.3,500,2633.404509
-22.9,500,2633.53204
-22.5,500,2633.657892
-22.6,500,2633.784037
-23.0,500,2633.909483
-23.0,500,2634.035323
-23.7,500,2634.161776
-22.7,500,2634.289201
-22.8,500,2634.414407
-23.1,500,2634.539686
-22.6,500,2634.66587
-23.5,500,2634.791257
-22.9,500,2634.916789
-23.3,500,2635.042532
-23.0,500,2635.167799
-22.7,500,2635.293307
-22.7,500,2635.418487
-23.5,500,2635.54419
-22.5,500,2635.669408
-23.1,500,2635.794619
-23.5,500,2635.920545
-22.8,500,2636.046025
-23.3,500,2636.171196
-35.2,500,2636.296504
-23.8,500,2636.422073
-23.3,500,2636.547243
-22.6,500,2636.6732
-22.8,500,2636.798891
-22.9,500,2636.924301
-22.5,500,2637.050177
-22.7,500,2637.176066
-22.3,500,2637.300698
-23.0,500,2637.426254
-21.8,500,2637.551406
-22.7,500,2637.676963
-23.2,500,2637.80271
-22.8,500,2637.92785
-22.9,500,2638.05371
-22.8,500,2638.179327
-22.6,500,2638.30441
-22.5,500,2638.430952
-23.5,500,2638.556676
-28.5,500,2638.681816
-46.8,500,2638.80698
-22.7,500,2638.932228
-23.2,500,2639.057676
-22.7,500,2639.185679
-22.6,500,2639.312903
-22.5,500,2639.439049
-22.6,500,2639.564533
-23.3,500,2639.689913
-28.5,500,2639.814903
-23.0,500,2639.940945
-22.8,500,2640.066041
-22.7,500,2640.191479
-22.8,500,2640.316686
-23.7,500,2640.443127
-23.8,500,2640.568218
-142.9,500,2640.697737
-72.5,500,2640.825834
-23.5,500,2640.952169
-23.0,500,2641.078066
-22.6,500,2641.20423
-22.8,500,2641.330613
-23.2,500,2641.497964
-23.3,500,2641.623659
-22.8,500,2641.750885
-22.9,500,2641.878501
-23.4,500,2642.005885
-48.1,500,2642.132115
-24.2,500,2642.260742
-22.8,500,2642.387274
-22.6,500,2642.513688
-23.2,500,2642.640188
-22.7,500,2642.767447
-22.6,500,2642.89289
-23.9,500,2643.017998
-23.1,500,2643.143464
-22.8,500,2643.268391
-22.6,500,2643.394084
-22.5,500,2643.519584
-23.2,500,2643.645165
-22.7,500,2643.770714
-22.6,500,2643.896249
-23.6,500,2644.021746
-24.1,500,2644.14735
-22.8,500,2644.277218
-22.8,500,2644.403573
-23.6,500,2644.529901
-22.9,500,2644.65556
-25.3,500,2644.781702
-22.8,500,2644.906808
-23.6,500,2645.033023
-22.7,500,2645.158349
-22.8,500,2645.283936
-26.1,500,2645.409736
-88.6,500,2645.535258
-49.5,500,2645.661395
-48.8,500,2645.78704
-46.7,500,2645.912649
-48.7,500,2646.03882
-23.3,500,2646.164441
-22.7,500,2646.289955
-23.9,500,2646.415587
-23.7,500,2646.54089
-22.6,500,2646.666677
-22.9,500,2646.791962
-22.9,500,2646.917248
-23.0,500,2647.043593
-22.6,500,2647.169082
-22.5,500,2647.294733
-24.6,500,2647.420766
-22.9,500,2647.546226
-22.8,500,2647.671534
-23.0,500,2647.796899
-22.8,500,2647.92191
-26.1,500,2648.047636
-24.1,500,2648.172605
-21.7,500,2648.298371
-12.3,500,2648.42391
-58.8,500,2648.549512
-48.3,500,2648.675169
-48.1,500,2648.800607
-49.5,500,2648.925974
-56.6,500,2649.051955
-56.6,500,2649.177189
-24.0,500,2649.304498
-25.8,500,2649.430143
-23.7,500,2649.556277
-23.0,500,2649.681772
-22.8,500,2649.808076
-22.5,500,2649.934857
-23.1,500,2650.060866
-23.0,500,2650.18601
-22.8,500,2650.311854
-24.4,500,2650.437282
-23.2,500,2650.563311
-23.3,500,2650.688736
-23.5,500,2650.814334
-23.1,500,2650.939657
-23.2,500,2651.065157
-22.7,500,2651.190997
-22.9,500,2651.317575
-22.7,500,2651.461055
-22.6,500,2651.586479
-22.6,500,2651.711264
-24.3,500,2651.835862
-22.9,500,2651.961872
-22.7,500,2652.088221
-29.8,500,2652.213727
-22.9,500,2652.339356
-23.0,500,2652.464393
-23.2,500,2652.589779
-22.9,500,2652.715858
-22.9,500,2652.8443
-22.6,500,2652.96997
-23.0,500,2653.09569
-22.6,500,2653.221265
-22.5,500,2653.346329
-22.5,500,2653.472772
-22.8,500,2653.598608
-23.0,500,2653.72416
-41.3,500,2653.849441
-22.5,500,2653.975329
-23.7,500,2654.100635
-23.4,500,2654.228798
-22.9,500,2654.354443
-23.0,500,2654.479825
-23.5,500,2654.639997
-23.2,500,2654.765966
-22.9,500,2654.891804
-22.7,500,2655.016901
-22.9,500,2655.142377
-22.5,500,2655.267964
-23.6,500,2655.393236
-58.5,500,2655.519224
-22.8,500,2655.644767
-23.6,500,2655.770149
-24.2,500,2655.895329
-22.9,500,2656.020727
-22.7,500,2656.146743
-22.6,500,2656.272541
-23.1,500,2656.397274
-23.0,500,2656.522354
-23.1,500,2656.647834
-21.9,500,2656.77276
-23.5,500,2656.897696
-23.5,500,2657.023789
-22.6,500,2657.149225
-23.2,500,2657.27485
-22.8,500,2657.400321
-23.1,500,2657.525629
-22.7,500,2657.651674
-25.5,500,2657.777269
-23.6,500,2657.902828
-28.0,500,2658.027771
-23.2,500,2658.152931
-23.1,500,2658.278322
-22.6,500,2658.404176
-23.0,500,2658.529478
-23.1,500,2658.654952
-23.0,500,2658.780505
-23.9,500,2658.905921
-65.8,500,2659.031276
-22.9,500,2659.15725
-23.0,500,2659.284816
-23.8,500,2659.410721
-29.9,500,2659.536101
-22.6,500,2659.661658
-23.5,500,2659.786709
-22.7,500,2659.912517
-22.6,500,2660.038391
-23.2,500,2660.163852
-22.5,500,2660.289129
-22.6,500,2660.414549
-24.3,500,2660.540074
-23.3,500,2660.664964
-23.2,500,2660.790799
-22.6,500,2660.916293
-23.1,500,2661.041675
-22.7,500,2661.167813
-22.5,500,2661.293153
-68.5,500,2661.418893
-22.5,500,2661.545163
-22.9,500,2661.671389
-22.9,500,2661.797253
-22.7,500,2661.922802
-22.8,500,2662.048155
-22.6,500,2662.174136
-23.0,500,2662.3011
-23.6,500,2662.426763
-21.9,500,2662.552142
-23.0,500,2662.677661
-23.5,500,2662.802681
-23.4,500,2662.927966
-26.8,500,2663.05349
-22.5,500,2663.17852
-23.8,500,2663.303705
-22.8,500,2663.428894
-22.6,500,2663.554405
-23.2,500,2663.679737
-23.2,500,2663.805335
-22.9,500,2663.930621
-22.5,500,2664.056226
-37.6,500,2664.181815
-23.1,500,2664.309359
-23.4,500,2664.436043
-23.3,500,2664.56124
-22.5,500,2664.686619
-22.8,500,2664.811877
-22.7,500,2664.937728
-22.3,500,2665.062727
-23.8,500,2665.18761
-23.0,500,2665.31353
-22.5,500,2665.438704
-23.3,500,2665.564017
-23.1,500,2665.689258
-23.4,500,2665.814702
-23.1,500,2665.939938
-22.6,500,2666.065056
-22.7,500,2666.191056
-22.9,500,2666.31613
-23.2,500,2666.441333
-23.5,500,2666.567066
-23.0,500,2666.692496
-23.2,500,2666.818425
-22.7,500,2666.943949
-23.0,500,2667.069498
-23.8,500,2667.195159
-23.1,500,2667.357278
-22.8,500,2667.482392
-24.0,500,2667.60735
-22.7,500,2667.732257
-22.9,500,2667.857226
-22.5,500,2667.982467
-22.7,500,2668.107378
-22.5,500,2668.232265
-23.3,500,2668.358
-22.7,500,2668.483337
-22.7,500,2668.622689
-23.1,500,2668.765046
-24.4,500,2668.902092
-24.3,500,2669.043992
-22.9,500,2669.181877
-23.2,500,2669.320924
-22.8,500,2669.448536
-23.2,500,2669.574402
-22.8,500,2669.699942
-23.6,500,2669.825176
-23.0,500,2669.950682
-23.8,500,2670.076826
-23.0,500,2670.201961
-23.0,500,2670.327424
-26.7,500,2670.456605
-28.4,500,2670.596863
-22.7,500,2670.722337
-23.2,500,2670.848674
-24.2,500,2670.974443
-23.6,500,2671.100123
-22.5,500,2671.225798
-23.0,500,2671.351439
-22.6,500,2671.476803
-23.0,500,2671.6028
-22.5,500,2671.729111
-23.0,500,2671.854787
-23.7,500,2671.979994
-22.8,500,2672.105189
-23.0,500,2672.229872
-22.6,500,2672.354677
-23.0,500,2672.481109
-22.8,500,2672.607202
-22.7,500,2672.732892
-22.9,500,2672.858084
-24.2,500,2672.98347
-22.6,500,2673.109249
-22.9,500,2673.235304
-22.8,500,2673.361088
-23.2,500,2673.486964
-22.5,500,2673.612575
-23.1,500,2673.737944
-23.1,500,2673.863606
-24.2,500,2673.990043
-23.3,500,2674.116078
-22.9,500,2674.242738
-22.6,500,2674.368831
-22.6,500,2674.494598
-22.8,500,2674.619852
-24.6,500,2674.745573
-23.8,500,2674.871498
-22.7,500,2674.996443
-23.1,500,2675.122373
-22.7,500,2675.247437
-24.2,500,2675.372806
-23.5,500,2675.498141
-22.9,500,2675.622731
-22.9,500,2675.747807
-23.2,500,2675.873439
-23.2,500,2675.999113
-23.0,500,2676.124676
-22.8,500,2676.250055
-22.6,500,2676.376003
-25.6,500,2676.501525
-22.8,500,2676.626551
-22.8,500,2676.751535
-23.2,500,2676.877138
-23.2,500,2677.002232
-23.1,500,2677.128406
-23.6,500,2677.254403
-23.9,500,2677.379705
-24.1,500,2677.505102
-23.8,500,2677.630686
-23.4,500,2677.75592
-23.2,500,2677.881809
-22.9,500,2678.007206
-23.0,500,2678.13258
-23.2,500,2678.257664
-23.7,500,2678.382861
-22.8,500,2678.508398
-48.1,500,2678.633955
-23.9,500,2678.759308
-24.0,500,2678.885058
-40.4,500,2679.010676
-23.0,500,2679.135909
-22.5,500,2679.262818
-22.8,500,2679.390067
-23.1,500,2679.515901
-22.4,500,2679.641253
-23.0,500,2679.766258
-22.7,500,2679.891613
-22.8,500,2680.016641
-22.7,500,2680.14239
-22.7,500,2680.303895
-23.4,500,2680.428936
-22.6,500,2680.554612
-22.6,500,2680.680233
-22.9,500,2680.805855
-23.4,500,2680.931031
-23.2,500,2681.056031
-22.6,500,2681.180908
-23.6,500,2681.306204
-23.1,500,2681.431942
-22.9,500,2681.558128
-23.0,500,2681.68513
-22.9,500,2681.811097
-22.7,500,2681.936502
-23.1,500,2682.061996
-22.7,500,2682.18744
-22.6,500,2682.31305
-23.3,500,2682.438462
-25.1,500,2682.564208
-24.2,500,2682.690151
-22.5,500,2682.815586
-22.8,500,2682.941256
-22.5,500,2683.067766
-23.9,500,2683.193791
-22.7,500,2683.31972
-22.6,500,2683.445517
-22.7,500,2683.571151
-23.5,500,2683.703665
-57.6,500,2683.841682
-22.5,500,2683.968219
-23.3,500,2684.095235
-22.7,500,2684.221102
-22.6,500,2684.348983
-22.5,500,2684.475126
-22.6,500,2684.600819
-52.3,500,2684.726918
-22.9,500,2684.852606
-23.3,500,2684.978905
-22.9,500,2685.105323
-26.6,500,2685.23198
-22.9,500,2685.357329
-24.4,500,2685.482382
-24.6,500,2685.607718
-48.2,500,2685.733069
-22.8,500,2685.858785
-47.7,500,2685.985119
-24.0,500,2686.110405
-22.5,500,2686.235812
-22.9,500,2686.361118
-23.1,500,2686.487228
-22.9,500,2686.612803
-32.0,500,2686.738758
-24.3,500,2686.864572
-22.2,500,2686.9897
-22.7,500,2687.115435
-22.7,500,2687.241153
-23.2,500,2687.366183
-23.0,500,2687.492237
-7.1,500,2687.617912
-30.3,500,2687.743992
-23.3,500,2687.869453
-22.5,500,2687.994841
-22.6,500,2688.120389
-23.2,500,2688.246729
-23.3,500,2688.37234
-45.8,500,2688.497727
-22.6,500,2688.622959
-23.9,500,2688.748329
-23.1,500,2688.873575
-23.0,500,2689.0006
-22.6,500,2689.126262
-58.5,500,2689.253648
-36.1,500,2689.380594
-23.9,500,2689.506105
-23.5,500,2689.631716
-23.6,500,2689.757117
-23.6,500,2689.882925
-22.7,500,2690.008221
-23.7,500,2690.13382
-23.2,500,2690.259789
-23.7,500,2690.385571
-22.5,500,2690.511227
-22.5,500,2690.636356
-23.6,500,2690.761519
-22.7,500,2690.88686
-23.1,500,2691.011946
-22.5,500,2691.137296
-22.8,500,2691.262861
-22.7,500,2691.38811
-25.3,500,2691.51381
-23.1,500,2691.639272
-22.8,500,2691.764818
-22.9,500,2691.890586
-22.7,500,2692.015469
-22.9,500,2692.140552
-22.9,500,2692.265618
-23.3,500,2692.390589
-22.8,500,2692.515494
-23.0,500,2692.64111
-23.0,500,2692.802295
-23.6,500,2692.927645
-22.8,500,2693.052871
-23.1,500,2693.177754
-22.8,500,2693.303805
-22.7,500,2693.429072
-23.0,500,2693.554197
-24.1,500,2693.679279
-23.4,500,2693.804513
-22.8,500,2693.929897
-23.1,500,2694.056392
-23.2,500,2694.18157
-24.0,500,2694.309109
-23.2,500,2694.434475
-10.5,500,2694.560098
-23.0,500,2694.684812
-22.7,500,2694.810283
-23.5,500,2694.936017
-23.1,500,2695.061596
-23.3,500,2695.187154
-22.5,500,2695.312975
-22.9,500,2695.438892
-23.0,500,2695.563968
-22.5,500,2695.689505
-24.5,500,2695.814423
-22.5,500,2695.939566
-22.5,500,2696.064806
-23.7,500,2696.190041
-23.6,500,2696.315303
-22.9,500,2696.441314
-22.9,500,2696.566582
-22.8,500,2696.691589
-83.6,500,2696.817026
-22.9,500,2696.943067
-22.7,500,2697.069085
-24.1,500,2697.195103
-22.7,500,2697.320994
-21.9,500,2697.44641
-22.7,500,2697.572021
-4.5,500,2697.697422
-26.0,500,2697.823669
-22.5,500,2697.950105
-23.5,500,2698.075482
-23.4,500,2698.200774
-23.3,500,2698.326136
-22.6,500,2698.451859
-22.8,500,2698.577747
-22.7,500,2698.7051
-24.2,500,2698.832787
-23.7,500,2698.958203
-23.0,500,2699.083737
-22.7,500,2699.208585
-24.2,500,2699.337225
-22.5,500,2699.465339
-22.7,500,2699.590653
-21.9,500,2699.71628
-22.6,500,2699.841883
-22.5,500,2699.96802
-22.9,500,2700.093201
-22.7,500,2700.218492
-2.8,500,2700.344432
-23.2,500,2700.469726
-22.5,500,2700.59525
-23.1,500,2700.7214
-22.7,500,2700.8469
-22.7,500,2700.971914
-23.0,500,2701.096736
-22.5,500,2701.222088
-30.1,500,2701.347034
-22.6,500,2701.473096
-22.7,500,2701.598322
-22.9,500,2701.723557
-23.1,500,2701.848431
-22.6,500,2701.973472
-23.4,500,2702.098377
-22.6,500,2702.223987
-22.9,500,2702.350954
-24.5,500,2702.476422
-69.8,500,2702.601365
-4.2,500,2702.726742
-23.5,500,2702.851856
-22.8,500,2702.977219
-22.9,500,2703.103208
-22.9,500,2703.228591
-22.7,500,2703.354007
-22.7,500,2703.479596
-23.5,500,2703.604941
-23.3,500,2703.729849
-23.2,500,2703.855342
-29.4,500,2703.980965
-23.0,500,2704.106506
-22.6,500,2704.231929
-22.8,500,2704.359849
-23.7,500,2704.485242
-3.4,500,2704.610616
-23.0,500,2704.735784
-22.5,500,2704.860843
-23.2,500,2704.986321
-22.5,500,2705.110948
-1.7,500,2705.23661
-27.9,500,2705.362723
-1.6,500,2705.488416
-22.5,500,2705.613874
-22.7,500,2705.772726
-22.5,500,2705.897708
-23.4,500,2706.023272
-22.5,500,2706.148352
-47.5,500,2706.273578
-45.6,500,2706.398552
-22.6,500,2706.52367
-22.7,500,2706.649098
-23.1,500,2706.774137
-23.2,500,2706.899142
-23.2,500,2707.023851
-23.0,500,2707.148804
-23.0,500,2707.27379
-22.9,500,2707.398718
-25.0,500,2707.524309
-22.6,500,2707.648878
-24.6,500,2707.774428
-35.6,500,2707.899892
-23.0,500,2708.024934
-22.7,500,2708.150224
-23.1,500,2708.275977
-22.8,500,2708.402266
-23.0,500,2708.528102
-22.9,500,2708.653151
-22.6,500,2708.778127
-23.2,500,2708.903535
-23.7,500,2709.029412
-23.6,500,2709.155715
-23.3,500,2709.282581
-23.0,500,2709.408354
-22.7,500,2709.533486
-22.5,500,2709.658455
-23.5,500,2709.783672
-22.6,500,2709.908672
-22.5,500,2710.034005
-31.0,500,2710.159376
-22.6,500,2710.28402
-22.6,500,2710.409853
-22.6,500,2710.535102
-23.0,500,2710.659966
-22.9,500,2710.784693
-23.0,500,2710.910214
-22.7,500,2711.035492
-22.6,500,2711.161012
-46.5,500,2711.286201
-31.2,500,2711.411776
-23.1,500,2711.536595
-23.0,500,2711.662463
-22.6,500,2711.787694
-22.5,500,2711.913
-22.8,500,2712.038192
-22.5,500,2712.163364
-22.9,500,2712.289246
-22.6,500,2712.414528
-23.7,500,2712.540417
-27.2,500,2712.666165
-22.8,500,2712.791257
-23.6,500,2712.916252
-22.8,500,2713.041433
-22.8,500,2713.166755
-23.2,500,2713.292634
-22.6,500,2713.418739
-22.7,500,2713.544269
-23.8,500,2713.669828
-22.9,500,2713.795375
-23.3,500,2713.920733
-23.0,500,2714.046599
-29.1,500,2714.172235
-22.8,500,2714.299816
-22.9,500,2714.425824
-23.1,500,2714.551401
-22.8,500,2714.676615
-22.7,500,2714.802737
-22.6,500,2714.928007
-22.8,500,2715.053529
-44.0,500,2715.178735
-22.4,500,2715.30417
-23.3,500,2715.429472
-22.5,500,2715.555677
-22.8,500,2715.682707
-23.4,500,2715.808458
-23.1,500,2715.933625
-22.7,500,2716.059117
-23.4,500,2716.1845
-23.8,500,2716.310089
-22.8,500,2716.436218
-22.6,500,2716.562406
-23.0,500,2716.688312
-23.2,500,2716.813616
-22.7,500,2716.938939
-23.1,500,2717.063708
-23.0,500,2717.189579
-22.9,500,2717.314721
-23.3,500,2717.439832
-22.9,500,2717.565135
-43.6,500,2717.691162
-23.7,500,2717.816706
-22.5,500,2717.942948
-23.1,500,2718.068486
-22.9,500,2718.194116
-22.6,500,2718.319688
-23.1,500,2718.445348
-23.6,500,2718.571554
-23.4,500,2718.736577
-23.1,500,2718.861888
-22.8,500,2718.986653
-22.9,500,2719.111483
-22.6,500,2719.236425
-39.4,500,2719.363654
-22.8,500,2719.489755
-22.6,500,2719.615011
-24.8,500,2719.740229
-23.6,500,2719.865345
-22.9,500,2719.990717
-32.8,500,2720.115656
-23.1,500,2720.240922
-22.8,500,2720.366619
-22.8,500,2720.491888
-23.1,500,2720.617216
-22.7,500,2720.74216
-23.9,500,2720.867156
-23.0,500,2720.992479
-22.9,500,2721.117857
-28.3,500,2721.243027
-24.1,500,2721.368085
-5.2,500,2721.493384
-24.8,500,2721.618687
-23.4,500,2721.744624
-23.2,500,2721.870577
-23.2,500,2721.997196
-22.5,500,2722.122995
-22.6,500,2722.248323
-23.1,500,2722.37381
-23.2,500,2722.499312
-27.2,500,2722.625556
-3.7,500,2722.752473
-23.2,500,2722.877944
-26.5,500,2723.003626
-5.8,500,2723.128936
-23.8,500,2723.253883
-22.8,500,2723.378592
-23.4,500,2723.50422
-22.4,500,2723.629387
-23.4,500,2723.75486
-22.7,500,2723.87981
-23.1,500,2724.005238
-22.8,500,2724.130754
-21.7,500,2724.2566
-23.5,500,2724.383775
-22.9,500,2724.509198
-4.3,500,2724.634693
-26.4,500,2724.760555
-22.8,500,2724.885805
-23.3,500,2725.012019
-22.6,500,2725.138152
-21.3,500,2725.264199
-2.6,500,2725.38992
-23.0,500,2725.51578
-22.7,500,2725.64112
-2.0,500,2725.767404
-23.4,500,2725.892708
-20.6,500,2726.018151
-23.3,500,2726.143547
-22.6,500,2726.268887
-22.7,500,2726.394341
-22.8,500,2726.519672
-23.0,500,2726.645373
-22.7,500,2726.771219
-22.9,500,2726.896958
-23.7,500,2727.02225
-22.4,500,2727.147901
-22.9,500,2727.273526
-22.8,500,2727.399314
-23.8,500,2727.525083
-26.6,500,2727.650455
-51.1,500,2727.776232
-23.0,500,2727.900765
-22.8,500,2728.026618
-23.8,500,2728.152706
-3.6,500,2728.278
-24.0,500,2728.403614
-23.3,500,2728.52888
-23.1,500,2728.654525
-23.1,500,2728.779706
-23.4,500,2728.905605
-22.5,500,2729.030799
-22.9,500,2729.156213
-23.0,500,2729.282641
-23.0,500,2729.408669
-22.9,500,2729.53364
-24.0,500,2729.65851
-23.2,500,2729.78414
-22.8,500,2729.911327
-23.0,500,2730.036619
-22.5,500,2730.161719
-24.8,500,2730.287225
-26.6,500,2730.411667
-22.5,500,2730.537284
-22.8,500,2730.662689
-23.0,500,2730.787807
-22.9,500,2730.91254
-23.0,500,2731.037786
-22.9,500,2731.163563
-23.6,500,2731.288574
-23.8,500,2731.414384
-23.9,500,2731.581209
-23.0,500,2731.706361
-23.0,500,2731.831816
-24.2,500,2731.95806
-22.8,500,2732.083348
-23.0,500,2732.209199
-23.5,500,2732.334804
-27.5,500,2732.460499
-22.7,500,2732.586165
-23.5,500,2732.711303
-23.1,500,2732.837436
-22.6,500,2732.963058
-24.0,500,2733.089333
-23.2,500,2733.215161
-23.3,500,2733.340695
-23.0,500,2733.466346
-23.0,500,2733.592208
-23.0,500,2733.717775
-23.3,500,2733.843387
-22.9,500,2733.968651
-22.8,500,2734.093973
-22.7,500,2734.219499
-23.1,500,2734.347364
-22.7,500,2734.473257
-22.8,500,2734.598801
-30.7,500,2734.72378
-22.7,500,2734.849421
-22.6,500,2734.974387
-22.7,500,2735.099614
-23.0,500,2735.225475
-22.6,500,2735.350361
-23.1,500,2735.475388
-50.4,500,2735.60072
-24.4,500,2735.726176
-22.5,500,2735.852112
-22.5,500,2735.977566
-23.5,500,2736.103235
-22.7,500,2736.228702
-22.6,500,2736.353932
-22.7,500,2736.479317
-23.1,500,2736.606246
-23.5,500,2736.731307
-22.8,500,2736.857131
-22.5,500,2736.982401
-24.8,500,2737.108188
-22.7,500,2737.233649
-23.2,500,2737.359084
-23.5,500,2737.485273
-22.8,500,2737.611174
-22.6,500,2737.736404
-23.4,500,2737.861771
-106.5,500,2737.987283
-45.4,500,2738.113263
-47.7,500,2738.239597
-23.3,500,2738.365497
-23.9,500,2738.49101
-23.0,500,2738.616565
-23.0,500,2738.742275
-22.9,500,2738.867767
-22.9,500,2738.993967
-22.8,500,2739.119412
-22.9,500,2739.245041
-22.6,500,2739.372442
-22.9,500,2739.497859
-23.3,500,2739.623139
-23.0,500,2739.74846
-25.2,500,2739.874365
-22.8,500,2739.99943
-22.7,500,2740.124745
-23.2,500,2740.250216
-22.9,500,2740.37559
-22.6,500,2740.501009
-22.7,500,2740.627384
-22.8,500,2740.752834
-22.6,500,2740.878008
-50.1,500,2741.003925
-22.5,500,2741.129315
-23.0,500,2741.25522
-23.0,500,2741.382002
-23.2,500,2741.508038
-23.0,500,2741.633969
-22.9,500,2741.759308
-23.6,500,2741.884835
-22.8,500,2742.010666
-22.9,500,2742.136141
-23.5,500,2742.262023
-23.2,500,2742.387509
-23.2,500,2742.512956
-34.5,500,2742.638258
-23.0,500,2742.764002
-23.1,500,2742.890211
-22.6,500,2743.015416
-25.5,500,2743.141283
-25.7,500,2743.266632
-23.2,500,2743.391875
-22.7,500,2743.517066
-25.0,500,2743.642856
-23.3,500,2743.769482
-23.2,500,2743.895137
-23.8,500,2744.020296
-22.8,500,2744.145163
-22.7,500,2744.270543
-22.8,500,2744.440556
-22.7,500,2744.566331
-23.3,500,2744.691742
-22.5,500,2744.816786
-22.6,500,2744.942674
-22.6,500,2745.068619
-22.6,500,2745.193602
-23.4,500,2745.318928
-22.7,500,2745.444524
-23.1,500,2745.569873
-22.9,500,2745.695322
-23.0,500,2745.821148
-22.9,500,2745.946627
-22.8,500,2746.072013
-22.5,500,2746.196781
-23.2,500,2746.32234
-22.8,500,2746.447818
-22.9,500,2746.572854
-23.0,500,2746.698822
-22.7,500,2746.825787
-23.0,500,2746.951338
-22.7,500,2747.076772
-23.3,500,2747.20201
-22.7,500,2747.327294
-22.6,500,2747.453008
-23.6,500,2747.577821
-23.4,500,2747.703612
-22.9,500,2747.829159
-23.8,500,2747.95448
-22.5,500,2748.079886
-23.1,500,2748.205809
-22.6,500,2748.332065
-22.5,500,2748.457068
-23.8,500,2748.582314
-22.5,500,2748.707629
-23.3,500,2748.832596
-22.5,500,2748.958496
-22.6,500,2749.084572
-22.7,500,2749.209946
-23.0,500,2749.336519
-25.1,500,2749.462249
-22.9,500,2749.587452
-22.6,500,2749.712698
-23.0,500,2749.837637
-23.1,500,2749.963306
-22.6,500,2750.088778
-22.8,500,2750.214172
-22.6,500,2750.339555
-23.5,500,2750.464593
-22.6,500,2750.590763
-22.5,500,2750.71611
-23.3,500,2750.841607
-23.0,500,2750.967471
-25.7,500,2751.092825
-22.7,500,2751.218302
-23.7,500,2751.343223
-22.5,500,2751.468174
-22.7,500,2751.593543
-23.1,500,2751.718539
-22.5,500,2751.843723
-22.7,500,2751.969374
-23.6,500,2752.094809
-23.2,500,2752.22134
-22.9,500,2752.347181
-22.7,500,2752.472429
-23.5,500,2752.598376
-58.1,500,2752.724056
-22.7,500,2752.850158
-22.5,500,2752.976271
-22.6,500,2753.101639
-22.8,500,2753.227944
-22.9,500,2753.354035
-22.7,500,2753.479862
-22.8,500,2753.606069
-23.0,500,2753.730874
-22.7,500,2753.856658
-23.5,500,2753.98223
-22.5,500,2754.108365
-80.4,500,2754.234308
-24.2,500,2754.362396
-23.2,500,2754.488246
-22.8,500,2754.613794
-22.6,500,2754.739126
-23.3,500,2754.86417
-22.6,500,2754.990043
-22.9,500,2755.117355
-22.8,500,2755.242989
-23.5,500,2755.368801
-23.4,500,2755.494529
-22.5,500,2755.847791
-23.5,500,2756.179608
-22.9,500,2756.316663
-23.5,500,2756.465941
-22.7,500,2756.591636
-23.0,500,2756.717778
-23.0,500,2756.842841
-28.6,500,2756.968705
-23.3,500,2757.093973
-21.8,500,2757.219212
-22.8,500,2757.35361
-24.1,500,2757.504488
-22.6,500,2757.629892
-23.1,500,2757.755821
-23.5,500,2757.8809
-23.6,500,2758.00627
-22.7,500,2758.13167
-22.8,500,2758.257127
-23.3,500,2758.383106
-22.7,500,2758.508541
-22.9,500,2758.634355
-22.6,500,2758.759909
-23.5,500,2758.885396
-22.7,500,2759.011047
-22.7,500,2759.137023
-22.6,500,2759.262474
-23.7,500,2759.390167
-22.9,500,2759.515454
-22.9,500,2759.640696
-109.4,500,2759.766157
-24.1,500,2759.89196
-25.9,500,2760.018045
-22.5,500,2760.143588
-23.2,500,2760.269053
-24.0,500,2760.394435
-23.2,500,2760.519634
-22.8,500,2760.64456
-23.7,500,2760.770514
-23.1,500,2760.895966
-23.5,500,2761.021457
-23.0,500,2761.146989
-22.7,500,2761.272217
-22.9,500,2761.396895
-22.9,500,2761.522923
-23.1,500,2761.648361
-23.5,500,2761.773588
-23.1,500,2761.899337
-23.0,500,2762.024718
-23.3,500,2762.150071
-22.6,500,2762.276062
-22.6,500,2762.401317
-22.7,500,2762.527148
-22.5,500,2762.652372
-23.3,500,2762.777432
-22.4,500,2762.902753
-23.5,500,2763.028963
-25.5,500,2763.154174
-22.8,500,2763.280215
-22.7,500,2763.405717
-22.7,500,2763.531224
-22.6,500,2763.657159
-42.4,500,2763.782944
-23.1,500,2763.908917
-23.2,500,2764.034903
-23.3,500,2764.160532
-23.3,500,2764.285721
-23.4,500,2764.413547
-23.0,500,2764.538801
-22.6,500,2764.664934
-22.6,500,2764.79048
-23.3,500,2764.915478
-22.7,500,2765.041208
-24.1,500,2765.166814
-22.5,500,2765.292029
-22.7,500,2765.417536
-22.5,500,2765.543031
-22.5,500,2765.668269
-22.7,500,2765.793435
-22.5,500,2765.918195
-24.2,500,2766.043494
-22.5,500,2766.168946
-23.3,500,2766.294568
-22.7,500,2766.420394
-22.7,500,2766.545966
-23.5,500,2766.671247
-22.7,500,2766.796411
-22.8,500,2766.921864
-33.0,500,2767.047028
-22.7,500,2767.172475
-22.5,500,2767.298166
-22.9,500,2767.423698
-23.3,500,2767.549517
-22.9,500,2767.675439
-23.0,500,2767.80172
-22.9,500,2767.927568
-22.5,500,2768.053358
-22.7,500,2768.179004
-22.7,500,2768.304167
-23.0,500,2768.43
-22.9,500,2768.555749
-31.1,500,2768.681334
-22.6,500,2768.807396
-22.7,500,2768.932905
-22.9,500,2769.05833
-22.8,500,2769.184534
-24.0,500,2769.311331
-22.6,500,2769.437285
-23.1,500,2769.562712
-23.0,500,2769.687923
-48.5,500,2769.813004
-47.4,500,2769.938495
-29.5,500,2770.06385
-22.7,500,2770.189169
-23.2,500,2770.34796
-22.8,500,2770.474198
-23.6,500,2770.599168
-23.2,500,2770.724092
-22.9,500,2770.849194
-47.9,500,2770.974947
-23.2,500,2771.099912
-23.3,500,2771.226071
-22.7,500,2771.351207
-23.6,500,2771.476062
-38.3,500,2771.601524
-22.6,500,2771.726951
-22.7,500,2771.85229
-22.5,500,2771.978039
-22.7,500,2772.10334
-23.8,500,2772.273781
-22.7,500,2772.411813
-22.6,500,2772.540363
-22.7,500,2772.667042
-22.7,500,2772.793083
-46.8,500,2772.918951
-22.3,500,2773.044287
-22.7,500,2773.169564
-22.8,500,2773.295447
-22.9,500,2773.420447
-22.8,500,2773.54609
-22.6,500,2773.671763
-22.7,500,2773.797038
-22.8,500,2773.923571
-22.6,500,2774.049222
-95.6,500,2774.1747
-50.3,500,2774.299846
-47.5,500,2774.427622
-47.9,500,2774.553127
-47.3,500,2774.678951
-47.7,500,2774.804853
-47.5,500,2774.930172
-47.3,500,2775.05545
-47.2,500,2775.181601
-47.1,500,2775.307412
-48.7,500,2775.432854
-47.7,500,2775.558853
-47.8,500,2775.684697
-48.3,500,2775.809889
-47.6,500,2775.935159
-48.5,500,2776.060657
-47.9,500,2776.186294
-48.5,500,2776.312391
-47.7,500,2776.438867
-47.9,500,2776.564458
-47.7,500,2776.690103
-48.3,500,2776.815963
-48.3,500,2776.942831
-47.9,500,2777.068854
-48.1,500,2777.193992
-47.8,500,2777.319362
-48.7,500,2777.444647
-48.4,500,2777.570289
-48.5,500,2777.696029
-48.8,500,2777.821396
-47.5,500,2777.947314
-48.1,500,2778.073589
-49.1,500,2778.199186
-48.1,500,2778.325127
-47.5,500,2778.451121
-47.9,500,2778.576665
-48.3,500,2778.702181
-48.1,500,2778.827895
-47.5,500,2778.95347
-48.3,500,2779.07862
-48.1,500,2779.203777
-48.3,500,2779.330174
-47.9,500,2779.457111
-47.7,500,2779.5828
-48.4,500,2779.708267
-47.6,500,2779.83358
-47.9,500,2779.959066
-48.7,500,2780.084813
-48.2,500,2780.211813
-47.7,500,2780.337476
-47.8,500,2780.462772
-48.0,500,2780.588357
-47.7,500,2780.714252
-47.7,500,2780.839914
-49.3,500,2780.96646
-48.3,500,2781.091678
-49.3,500,2781.217066
-48.3,500,2781.342758
-48.3,500,2781.4688
-48.6,500,2781.594573
-48.7,500,2781.721483
-48.8,500,2781.846847
-48.8,500,2781.972464
-48.2,500,2782.098058
-48.5,500,2782.223933
-48.6,500,2782.349398
-48.5,500,2782.475339
-48.7,500,2782.601074
-49.0,500,2782.726527
-48.9,500,2782.851881
-48.2,500,2782.976683
-48.0,500,2783.102653
-48.0,500,2783.228602
-48.7,500,2783.394001
-48.6,500,2783.519669
-48.3,500,2783.665488
-48.8,500,2783.805246
-48.3,500,2783.945588
-48.6,500,2784.08824
-48.3,500,2784.231931
-48.3,500,2784.360572
-47.7,500,2784.486575
-47.5,500,2784.612611
-48.6,500,2784.738668
-47.5,500,2784.864245
-47.5,500,2784.989983
-47.9,500,2785.115094
-48.5,500,2785.241206
-47.7,500,2785.367257
-47.5,500,2785.508931
-47.5,500,2785.638451
-47.7,500,2785.763604
-47.1,500,2785.889184
-47.0,500,2786.014942
-47.4,500,2786.14086
-47.2,500,2786.26638
-47.4,500,2786.392693
-47.7,500,2786.518603
-48.9,500,2786.644664
-47.2,500,2786.770245
-47.3,500,2786.895839
-47.0,500,2787.021402
-47.0,500,2787.147284
-47.8,500,2787.273001
-47.4,500,2787.39863
-47.4,500,2787.524618
-47.2,500,2787.650289
-47.0,500,2787.776256
-22.8,500,2787.902228
-22.4,500,2788.028574
-22.9,500,2788.153753
-23.8,500,2788.279404
-22.5,500,2788.404812
-23.0,500,2788.530087
-22.6,500,2788.656265
-22.5,500,2788.781546
-22.9,500,2788.907336
-22.6,500,2789.032866
-22.8,500,2789.158527
-23.9,500,2789.283751
-22.7,500,2789.412323
-24.1,500,2789.539842
-26.5,500,2789.666828
-28.0,500,2789.792512
-23.1,500,2789.918291
-22.5,500,2790.043694
-23.2,500,2790.168949
-24.2,500,2790.293702
-22.9,500,2790.419362
-23.0,500,2790.544487
-22.7,500,2790.669341
-22.9,500,2790.794379
-23.0,500,2790.919285
-22.7,500,2791.044649
-23.8,500,2791.170257
-40.1,500,2791.29534
-22.7,500,2791.420554
-23.7,500,2791.545746
-22.7,500,2791.673673
-23.2,500,2791.802671
-23.5,500,2791.928464
-23.5,500,2792.056091
-23.0,500,2792.187189
-22.8,500,2792.317794
-22.9,500,2792.445073
-23.0,500,2792.57317
-22.5,500,2792.700579
-22.6,500,2792.82704
-22.9,500,2792.952626
-23.1,500,2793.078428
-22.6,500,2793.203864
-23.2,500,2793.330405
-23.0,500,2793.457615
-22.9,500,2793.58348
-22.7,500,2793.709467
-23.4,500,2793.835108
-22.7,500,2793.960492
-22.9,500,2794.086249
-22.8,500,2794.211832
-23.0,500,2794.337563
-24.0,500,2794.464438
-82.0,500,2794.589893
-34.1,500,2794.715834
-22.9,500,2794.841767
-23.2,500,2794.96711
-23.1,500,2795.092964
-23.0,500,2795.218482
-22.7,500,2795.343928
-22.8,500,2795.469468
-23.1,500,2795.594941
-23.2,500,2795.721062
-22.7,500,2795.846461
-22.8,500,2795.971867
-22.7,500,2796.097174
-23.4,500,2796.222572
-23.1,500,2796.34809
-23.2,500,2796.506662
-22.6,500,2796.631962
-22.9,500,2796.757334
-22.9,500,2796.882893
-22.9,500,2797.009363
-62.3,500,2797.135506
-48.1,500,2797.261329
-24.5,500,2797.386966
-22.3,500,2797.512411
-22.9,500,2797.637976
-22.5,500,2797.76365
-24.5,500,2797.888791
-23.8,500,2798.014446
-22.8,500,2798.139667
-23.3,500,2798.264955
-23.4,500,2798.390018
-22.2,500,2798.515484
-22.4,500,2798.640627
-22.0,500,2798.765859
-22.1,500,2798.890995
-22.0,500,2799.016
-22.0,500,2799.140991
-21.8,500,2799.266985
-22.5,500,2799.395497
-22.1,500,2799.521102
-21.9,500,2799.646081
-21.7,500,2799.771718
-23.0,500,2799.897055
-23.4,500,2800.022108
-22.8,500,2800.147864
-22.7,500,2800.273103
-21.8,500,2800.397974
-21.9,500,2800.523328
-26.9,500,2800.650005
-23.5,500,2800.775858
-23.1,500,2800.902606
-23.2,500,2801.027979
-23.8,500,2801.153497
-22.9,500,2801.27896
-22.5,500,2801.404618
-23.9,500,2801.53095
-23.1,500,2801.658063
-22.8,500,2801.784033
-22.7,500,2801.909354
-23.6,500,2802.034426
-22.7,500,2802.159485
-22.8,500,2802.284554
-22.6,500,2802.409636
-22.4,500,2802.53461
-22.9,500,2802.659559
-22.8,500,2802.784363
-22.9,500,2802.909379
-23.1,500,2803.035173
-23.3,500,2803.160426
-22.6,500,2803.286355
-22.8,500,2803.411802
-22.8,500,2803.537001
-23.4,500,2803.662613
-30.0,500,2803.788129
-23.8,500,2803.913915
-22.9,500,2804.040271
-22.9,500,2804.166047
-22.6,500,2804.291668
-22.9,500,2804.41933
-22.7,500,2804.545456
-22.8,500,2804.671659
-23.0,500,2804.797516
-22.5,500,2804.922237
-22.7,500,2805.047753
-22.6,500,2805.173108
-24.9,500,2805.297952
-22.8,500,2805.423905
-22.9,500,2805.549575
-23.7,500,2805.674284
-22.7,500,2805.798993
-22.5,500,2805.924396
-23.0,500,2806.049329
-23.0,500,2806.175233
-22.0,500,2806.299952
-22.9,500,2806.425447
-23.3,500,2806.550698
-22.7,500,2806.675786
-23.2,500,2806.801255
-22.8,500,2806.926577
-50.3,500,2807.052236
-48.6,500,2807.178251
-24.6,500,2807.303833
-25.9,500,2807.429213
-23.2,500,2807.55493
-22.9,500,2807.680522
-23.2,500,2807.806247
-22.7,500,2807.933246
-22.5,500,2808.059067
-23.0,500,2808.184785
-22.6,500,2808.310593
-23.7,500,2808.435796
-23.5,500,2808.561674
-23.9,500,2808.688383
-22.8,500,2808.814309
-22.7,500,2808.940067
-25.1,500,2809.067595
-23.3,500,2809.192823
-23.3,500,2809.319031
-23.3,500,2809.446251
-22.6,500,2809.605377
-22.7,500,2809.730831
-22.7,500,2809.856652
-37.1,500,2809.983003
-24.0,500,2810.108033
-22.9,500,2810.233324
-22.9,500,2810.358732
-22.7,500,2810.484232
-23.1,500,2810.610537
-23.1,500,2810.737765
-22.5,500,2810.863399
-22.6,500,2810.988489
-22.7,500,2811.114005
-31.0,500,2811.239512
-23.2,500,2811.364958
-22.9,500,2811.48988
-22.6,500,2811.615157
-22.7,500,2811.74032
-22.5,500,2811.865736
-23.0,500,2811.991128
-23.6,500,2812.11693
-22.6,500,2812.242212
-23.1,500,2812.367666
-22.6,500,2812.492911
-23.0,500,2812.618134
-22.6,500,2812.743235
-22.7,500,2812.868663
-22.9,500,2812.994178
-33.7,500,2813.120607
-23.1,500,2813.252828
-22.9,500,2813.37924
-23.0,500,2813.505849
-22.7,500,2813.633231
-22.7,500,2813.762555
-22.9,500,2813.887854
-23.4,500,2814.013437
-22.9,500,2814.138962
-22.6,500,2814.264514
-22.6,500,2814.396479
-23.1,500,2814.523186
-22.9,500,2814.649149
-23.1,500,2814.775079
-22.5,500,2814.90035
-22.6,500,2815.025897
-23.3,500,2815.151885
-22.7,500,2815.277553
-22.6,500,2815.402941
-22.7,500,2815.528686
-22.7,500,2815.654289
-23.0,500,2815.780162
-22.7,500,2815.906023
-22.5,500,2816.031255
-22.6,500,2816.156648
-23.1,500,2816.282198
-22.6,500,2816.407753
-22.9,500,2816.532906
-23.4,500,2816.659146
-22.7,500,2816.784722
-24.8,500,2816.910296
-22.8,500,2817.035641
-23.5,500,2817.162131
-22.8,500,2817.28732
-22.7,500,2817.412884
-22.5,500,2817.538522
-23.1,500,2817.663692
-23.0,500,2817.788972
-22.8,500,2817.914528
-22.5,500,2818.039839
-22.5,500,2818.165832
-23.5,500,2818.291386
-23.6,500,2818.416752
-22.6,500,2818.54221
-22.9,500,2818.667356
-22.7,500,2818.792234
-23.3,500,2818.918093
-22.5,500,2819.043595
-23.1,500,2819.168826
-22.6,500,2819.294901
-22.7,500,2819.422983
-23.2,500,2819.54885
-24.1,500,2819.675034
-23.0,500,2819.800441
-23.0,500,2819.926044
-22.5,500,2820.051669
-22.9,500,2820.177184
-23.7,500,2820.302099
-23.2,500,2820.427277
-24.1,500,2820.553435
-23.3,500,2820.680669
-22.5,500,2820.80664
-22.6,500,2820.932012
-22.6,500,2821.057249
-22.8,500,2821.182288
-23.3,500,2821.30761
-24.0,500,2821.434044
-22.7,500,2821.559868
-23.4,500,2821.684976
-22.9,500,2821.810376
-22.9,500,2821.936112
-22.5,500,2822.061533
-22.9,500,2822.187246
-22.9,500,2822.312577
-24.6,500,2822.470938
-23.2,500,2822.596457
-22.5,500,2822.722675
-23.0,500,2822.849358
-24.0,500,2822.975144
-22.7,500,2823.100797
-22.8,500,2823.226662
-23.0,500,2823.351929
-23.0,500,2823.478022
-23.0,500,2823.604553
-22.6,500,2823.730585
-22.5,500,2823.856483
-26.1,500,2823.982241
-23.8,500,2824.107552
-23.1,500,2824.233931
-23.0,500,2824.360624
-69.2,500,2824.487105
-22.9,500,2824.612656
-22.7,500,2824.7381
-22.5,500,2824.863297
-24.0,500,2824.989606
-23.7,500,2825.116183
-22.7,500,2825.242134
-22.6,500,2825.367194
-22.8,500,2825.492718
-22.5,500,2825.618167
-23.2,500,2825.744894
-23.4,500,2825.871368
-23.3,500,2825.997077
-22.6,500,2826.122527
-24.6,500,2826.24775
-22.5,500,2826.37268
-23.3,500,2826.498237
-54.5,500,2826.624329
-22.7,500,2826.749374
-22.7,500,2826.87541
-22.8,500,2827.001148
-23.0,500,2827.125964
-22.6,500,2827.25135
-22.7,500,2827.376903
-22.5,500,2827.502114
-23.1,500,2827.627339
-31.7,500,2827.751973
-22.9,500,2827.876955
-23.1,500,2828.002443
-22.9,500,2828.128075
-23.0,500,2828.254677
-23.0,500,2828.380091
-22.9,500,2828.505801
-22.6,500,2828.63154
-22.6,500,2828.757036
-22.6,500,2828.882072
-23.2,500,2829.007747
-22.5,500,2829.133898
-22.8,500,2829.259341
-23.0,500,2829.386154
-22.6,500,2829.512062
-23.0,500,2829.637513
-23.2,500,2829.763246
-29.6,500,2829.888067
-22.8,500,2830.013637
-22.6,500,2830.138646
-22.5,500,2830.2641
-22.8,500,2830.389576
-23.1,500,2830.514936
-22.8,500,2830.64074
-22.6,500,2830.767532
-23.6,500,2830.892814
-22.6,500,2831.017674
-22.9,500,2831.143241
-22.8,500,2831.268003
-23.5,500,2831.394115
-23.2,500,2831.519417
-23.3,500,2831.644871
-22.7,500,2831.769922
-22.9,500,2831.894694
-23.3,500,2832.019928
-23.7,500,2832.14572
-35.7,500,2832.271249
-23.6,500,2832.396552
-23.2,500,2832.521608
-23.8,500,2832.647043
-23.1,500,2832.772506
-22.6,500,2832.897417
-23.8,500,2833.022946
-22.6,500,2833.148472
-23.1,500,2833.274212
-23.4,500,2833.399347
-22.5,500,2833.524834
-22.6,500,2833.650604
-22.6,500,2833.775975
-22.6,500,2833.901224
-22.5,500,2834.026758
-23.1,500,2834.152321
-22.6,500,2834.277488
-23.1,500,2834.404994
-53.4,500,2834.530788
-47.7,500,2834.655836
-48.4,500,2834.780831
-48.1,500,2834.90585
-22.9,500,2835.030789
-23.2,500,2835.15518
-24.3,500,2835.281156
-22.7,500,2835.40671
-22.8,500,2835.566122
-22.9,500,2835.690815
-22.8,500,2835.815751
-23.0,500,2835.941224
-22.9,500,2836.065909
-23.1,500,2836.19053
-23.0,500,2836.315377
-23.3,500,2836.440647
-22.5,500,2836.565801
-22.6,500,2836.691168
-22.8,500,2836.815809
-23.8,500,2836.940764
-22.9,500,2837.066255
-23.0,500,2837.191675
-22.6,500,2837.316578
-22.7,500,2837.442444
-22.5,500,2837.569045
-22.8,500,2837.694509
-36.2,500,2837.819848
-23.3,500,2837.945303
-23.0,500,2838.070788
-22.7,500,2838.196544
-22.8,500,2838.323856
-22.6,500,2838.449673
-23.0,500,2838.575443
-22.9,500,2838.701163
-23.5,500,2838.826881
-22.5,500,2838.952505
-118.3,500,2839.07811
-24.1,500,2839.20356
-23.0,500,2839.329129
-23.7,500,2839.457133
-23.7,500,2839.582901
-23.1,500,2839.707703
-22.9,500,2839.834079
-23.3,500,2839.958923
-22.6,500,2840.084068
-23.0,500,2840.209637
-49.4,500,2840.334573
-24.6,500,2840.459902
-22.8,500,2840.586194
-22.7,500,2840.710807
-22.9,500,2840.83652
-23.8,500,2840.961551
-23.1,500,2841.087074
-22.7,500,2841.21275
-22.5,500,2841.33792
-23.5,500,2841.46434
-24.5,500,2841.59156
-22.7,500,2841.716653
-22.7,500,2841.842024
-23.8,500,2841.967488
-25.6,500,2842.093827
-25.6,500,2842.219692
-24.7,500,2842.344013
-22.9,500,2842.469352
-23.4,500,2842.59427
-22.7,500,2842.719212
-23.0,500,2842.844505
-23.5,500,2842.970676
-22.7,500,2843.095572
-22.6,500,2843.220813
-23.1,500,2843.346535
-23.8,500,2843.472505
-22.7,500,2843.598073
-22.7,500,2843.723364
-23.3,500,2843.849304
-22.5,500,2843.974793
-22.7,500,2844.100142
-22.6,500,2844.225662
-22.7,500,2844.351251
-22.5,500,2844.478942
-22.6,500,2844.604345
-24.6,500,2844.730152
-22.7,500,2844.855215
-23.8,500,2844.98045
-22.9,500,2845.106715
-25.3,500,2845.23235
-22.7,500,2845.358816
-22.9,500,2845.48539
-22.8,500,2845.611262
-23.3,500,2845.736621
-23.1,500,2845.862282
-22.8,500,2845.98746
-23.2,500,2846.112697
-59.3,500,2846.23835
-22.7,500,2846.36461
-22.8,500,2846.489956
-23.0,500,2846.615628
-22.7,500,2846.740872
-22.5,500,2846.865904
-23.3,500,2846.992021
-23.1,500,2847.118355
-22.7,500,2847.243717
-22.9,500,2847.369457
-22.7,500,2847.494663
-23.3,500,2847.619693
-23.2,500,2847.745987
-23.3,500,2847.872769
-23.0,500,2847.998348
-23.1,500,2848.123521
-23.6,500,2848.249197
-23.3,500,2848.37481
-32.2,500,2848.500472
-22.7,500,2848.666367
-22.5,500,2848.791643
-22.7,500,2848.916697
-22.6,500,2849.041478
-22.9,500,2849.167364
-23.2,500,2849.292731
-22.6,500,2849.419512
-22.6,500,2849.544836
-23.1,500,2849.67083
-22.7,500,2849.796066
-25.5,500,2849.922799
-23.0,500,2850.04842
-22.7,500,2850.173561
-22.9,500,2850.298364
-22.9,500,2850.423859
-23.1,500,2850.549349
-23.1,500,2850.675357
-23.5,500,2850.802212
-23.3,500,2850.928006
-23.9,500,2851.053318
-22.8,500,2851.178896
-29.8,500,2851.304155
-22.6,500,2851.428947
-22.8,500,2851.554942
-22.6,500,2851.680355
-22.6,500,2851.805416
-22.5,500,2851.930652
-23.8,500,2852.055966
-23.9,500,2852.181079
-22.7,500,2852.3065
-22.7,500,2852.432043
-22.6,500,2852.557288
-22.8,500,2852.682436
-22.6,500,2852.807981
-32.6,500,2852.933286
-23.0,500,2853.059196
-23.1,500,2853.185509
-22.7,500,2853.311089
-22.6,500,2853.436703
-22.7,500,2853.562786
-22.8,500,2853.688083
-23.9,500,2853.813676
-22.8,500,2853.939292
-22.8,500,2854.064672
-22.5,500,2854.190209
-65.3,500,2854.315569
-22.5,500,2854.442638
-22.7,500,2854.568997
-22.9,500,2854.694277
-23.0,500,2854.819603
-22.6,500,2854.944323
-23.1,500,2855.0697
-22.9,500,2855.195268
-22.9,500,2855.320787
-23.8,500,2855.446481
-22.7,500,2855.572001
-23.0,500,2855.697062
-22.5,500,2855.822333
-23.3,500,2855.947863
-22.9,500,2856.072977
-22.9,500,2856.198809
-23.1,500,2856.323647
-23.4,500,2856.449031
-56.7,500,2856.574532
-23.0,500,2856.699975
-22.6,500,2856.825687
-22.5,500,2856.952334
-23.0,500,2857.077587
-22.8,500,2857.203661
-22.9,500,2857.328908
-23.4,500,2857.454499
-22.6,500,2857.57936
-22.5,500,2857.704326
-22.6,500,2857.829321
-22.8,500,2857.954957
-22.8,500,2858.080023
-22.7,500,2858.204923
-22.9,500,2858.329797
-22.7,500,2858.455499
-22.8,500,2858.580476
-23.0,500,2858.705869
-23.1,500,2858.831128
-22.7,500,2858.9563
-23.1,500,2859.081747
-23.1,500,2859.206634
-22.8,500,2859.332043
-22.7,500,2859.460137
-22.5,500,2859.585887
-22.5,500,2859.711702
-22.8,500,2859.837004
-23.4,500,2859.962157
-22.8,500,2860.087491
-22.8,500,2860.21367
-22.6,500,2860.338679
-23.3,500,2860.464178
-23.1,500,2860.589417
-22.6,500,2860.714966
-23.2,500,2860.839801
-23.3,500,2860.965043
-23.2,500,2861.090574
-23.0,500,2861.215544
-22.6,500,2861.340114
-22.7,500,2861.464931
-23.8,500,2861.589794
-22.8,500,2861.750287
-47.9,500,2861.875538
-50.0,500,2862.000581
-47.8,500,2862.125684
-49.2,500,2862.251127
-22.9,500,2862.376042
-23.4,500,2862.500579
-22.7,500,2862.625631
-23.4,500,2862.750441
-22.8,500,2862.875283
-24.8,500,2863.000909
-22.6,500,2863.126125
-23.0,500,2863.251157
-23.1,500,2863.376734
-23.4,500,2863.50394
-22.7,500,2863.629224
-22.6,500,2863.754218
-23.2,500,2863.879576
-25.0,500,2864.00477
-25.0,500,2864.130493
-24.3,500,2864.255706
-24.0,500,2864.381527
-23.1,500,2864.50957
-23.0,500,2864.634467
-21.7,500,2864.759846
-23.2,500,2864.886193
-22.8,500,2865.011692
-23.3,500,2865.137127
-23.8,500,2865.262786
-23.0,500,2865.38826
-22.7,500,2865.513814
-23.0,500,2865.63954
-22.6,500,2865.765638
-23.6,500,2865.890827
-22.7,500,2866.016586
-23.1,500,2866.142268
-23.0,500,2866.267467
-22.5,500,2866.393757
-23.1,500,2866.519021
-23.1,500,2866.644184
-35.0,500,2866.769667
-23.0,500,2866.89492
-22.6,500,2867.020165
-27.2,500,2867.14562
-23.4,500,2867.272251
-23.2,500,2867.397375
-23.3,500,2867.522966
-22.6,500,2867.648326
-22.9,500,2867.773426
-22.7,500,2867.898544
-22.9,500,2868.024382
-29.7,500,2868.149762
-23.2,500,2868.274964
-23.4,500,2868.400477
-23.1,500,2868.526128
-22.6,500,2868.651268
-23.2,500,2868.776478
-22.8,500,2868.902403
-22.8,500,2869.02894
-22.7,500,2869.154646
-22.8,500,2869.280085
-23.2,500,2869.406114
-22.7,500,2869.532133
-22.6,500,2869.657655
-23.1,500,2869.783582
-23.0,500,2869.908508
-43.9,500,2870.033953
-22.8,500,2870.15936
-23.3,500,2870.285125
-23.3,500,2870.411354
-22.9,500,2870.5371
-23.3,500,2870.662905
-22.5,500,2870.788381
-22.7,500,2870.91345
-22.9,500,2871.039405
-22.7,500,2871.165207
-23.2,500,2871.290764
-22.5,500,2871.416408
-23.2,500,2871.541878
-24.6,500,2871.666879
-22.5,500,2871.793086
-22.5,500,2871.918457
-22.6,500,2872.043555
-24.0,500,2872.168956
-22.8,500,2872.294948
-23.5,500,2872.421137
-22.6,500,2872.546719
-22.7,500,2872.672374
-23.4,500,2872.798136
-23.2,500,2872.92328
-22.9,500,2873.048342
-22.7,500,2873.173976
-23.4,500,2873.300251
-24.4,500,2873.425695
-25.6,500,2873.551476
-23.0,500,2873.676202
-23.2,500,2873.801145
-23.4,500,2873.92639
-22.6,500,2874.052447
-24.9,500,2874.177484
-22.9,500,2874.303065
-22.7,500,2874.430067
-22.8,500,2874.556468
-22.6,500,2874.717214
-22.6,500,2874.843517
-23.4,500,2874.96858
-23.2,500,2875.093932
-22.8,500,2875.219279
-23.0,500,2875.344401
-25.2,500,2875.470133
-22.9,500,2875.595805
-24.0,500,2875.721408
-22.9,500,2875.847061
-22.5,500,2875.971915
-22.6,500,2876.097853
-23.2,500,2876.224136
-23.1,500,2876.349215
-22.6,500,2876.47485
-22.9,500,2876.600273
-22.5,500,2876.72542
-22.9,500,2876.851221
-22.7,500,2876.976212
-22.7,500,2877.101905
-22.7,500,2877.227761
-22.9,500,2877.354124
-23.4,500,2877.479597
-22.6,500,2877.605127
-22.7,500,2877.731071
-23.3,500,2877.858262
-22.7,500,2877.983881
-22.8,500,2878.109394
-23.3,500,2878.234806
-22.5,500,2878.360001
-23.9,500,2878.486026
-22.8,500,2878.61156
-22.8,500,2878.736966
-24.1,500,2878.862439
-28.9,500,2878.987786
-23.3,500,2879.112917
-23.0,500,2879.238006
-22.7,500,2879.363963
-22.5,500,2879.491825
-22.5,500,2879.617694
-37.4,500,2879.743418
-23.3,500,2879.869203
-22.6,500,2879.995119
-22.6,500,2880.121688
-22.7,500,2880.246857
-23.3,500,2880.372065
-22.5,500,2880.497295
-22.8,500,2880.622525
-22.9,500,2880.748104
-23.4,500,2880.873115
-77.0,500,2880.998465
-51.1,500,2881.124397
-48.6,500,2881.250157
-47.8,500,2881.375409
-48.4,500,2881.501577
-49.4,500,2881.627451
-48.4,500,2881.752894
-48.4,500,2881.878436
-48.8,500,2882.004043
-48.4,500,2882.129451
-48.2,500,2882.255075
-23.2,500,2882.380871
-22.9,500,2882.50643
-47.3,500,2882.631946
-4.2,500,2882.757933
-24.2,500,2882.883243
-22.5,500,2883.009304
-24.2,500,2883.135994
-22.7,500,2883.261181
-21.7,500,2883.386471
-21.7,500,2883.511837
-2.5,500,2883.638176
-23.1,500,2883.764221
-22.6,500,2883.890426
-22.6,500,2884.015867
-4.2,500,2884.141509
-24.0,500,2884.267226
-22.2,500,2884.392441
-22.8,500,2884.52055
-22.7,500,2884.646867
-22.8,500,2884.772547
-22.9,500,2884.898084
-29.3,500,2885.023876
-22.9,500,2885.148748
-23.3,500,2885.273689
-23.0,500,2885.399266
-22.8,500,2885.524835
-22.4,500,2885.650333
-23.9,500,2885.775543
-22.5,500,2885.900766
-23.0,500,2886.026272
-22.7,500,2886.152449
-22.7,500,2886.277304
-22.5,500,2886.402934
-22.8,500,2886.528457
-22.6,500,2886.654043
-23.3,500,2886.779819
-23.1,500,2886.90529
-22.5,500,2887.030841
-22.5,500,2887.156418
-22.7,500,2887.316472
-22.7,500,2887.442544
-27.0,500,2887.568582
-23.8,500,2887.69354
-22.7,500,2887.819174
-22.6,500,2887.944157
-23.3,500,2888.069642
-29.0,500,2888.195205
-23.0,500,2888.320476
-22.9,500,2888.446591
-28.7,500,2888.572403
-22.6,500,2888.698017
-22.8,500,2888.823291
-23.2,500,2888.948573
-23.9,500,2889.073765
-32.9,500,2889.199202
-22.7,500,2889.32485
-23.4,500,2889.451878
-23.0,500,2889.577611
-22.7,500,2889.703214
-23.1,500,2889.827768
-23.2,500,2889.953554
-22.9,500,2890.079768
-23.0,500,2890.205151
-22.7,500,2890.33043
-28.8,500,2890.456028
-22.5,500,2890.581939
-22.7,500,2890.707519
-21.8,500,2890.833489
-23.1,500,2890.959205
-22.9,500,2891.08485
-22.6,500,2891.210451
-23.2,500,2891.335815
-22.7,500,2891.461211
-22.9,500,2891.587121
-48.9,500,2891.711867
-22.6,500,2891.83729
-22.7,500,2891.962211
-22.8,500,2892.087817
-22.8,500,2892.213136
-22.5,500,2892.33857
-22.9,500,2892.46514
-26.0,500,2892.590833
-23.4,500,2892.716221
-23.0,500,2892.841649
-22.8,500,2892.967158
-22.6,500,2893.092896
-22.7,500,2893.21877
-23.2,500,2893.344714
-23.3,500,2893.470375
-22.8,500,2893.596471
-33.7,500,2893.7221
-22.5,500,2893.847567
-23.4,500,2893.973726
-22.6,500,2894.100609
-23.3,500,2894.226237
-22.9,500,2894.351526
-22.7,500,2894.478647
-22.7,500,2894.60468
-23.1,500,2894.729871
-22.9,500,2894.85512
-22.7,500,2894.980374
-23.0,500,2895.105481
-24.4,500,2895.230381
-23.1,500,2895.355289
-23.1,500,2895.480388
-36.5,500,2895.605878
-22.6,500,2895.730829
-23.5,500,2895.856072
-22.5,500,2895.981075
-22.5,500,2896.106426
-23.0,500,2896.232928
-22.8,500,2896.357896
-23.0,500,2896.483344
-22.6,500,2896.608579
-29.4,500,2896.73408
-23.1,500,2896.859313
-22.5,500,2896.985285
-22.5,500,2897.110758
-22.6,500,2897.235462
-22.9,500,2897.360768
-23.1,500,2897.486417
-22.7,500,2897.611553
-24.3,500,2897.736852
-22.7,500,2897.862022
-23.1,500,2897.987061
-22.9,500,2898.112278
-22.8,500,2898.23733
-23.6,500,2898.362517
-22.7,500,2898.487496
-22.8,500,2898.613167
-22.5,500,2898.738629
-22.5,500,2898.863652
-23.1,500,2898.989054
-22.8,500,2899.114535
-24.1,500,2899.239589
-22.8,500,2899.365693
-22.9,500,2899.492973
-23.1,500,2899.618542
-22.9,500,2899.743822
-22.9,500,2899.869046
-22.6,500,2899.99426
-22.5,500,2900.119483
-23.3,500,2900.245036
-22.3,500,2900.405164
-24.3,500,2900.530596
-23.1,500,2900.655499
-23.4,500,2900.780381
-22.0,500,2900.905951
-21.8,500,2901.031023
-21.9,500,2901.155975
-22.0,500,2901.281473
-21.7,500,2901.40632
-21.8,500,2901.531819
-22.5,500,2901.657197
-21.7,500,2901.782328
-22.1,500,2901.907857
-23.3,500,2902.033054
-23.2,500,2902.159132
-22.5,500,2902.286102
-23.0,500,2902.412099
-23.1,500,2902.538152
-89.7,500,2902.663671
-48.0,500,2902.789283
-22.5,500,2902.915382
-22.0,500,2903.042374
-23.0,500,2903.168087
-22.8,500,2903.293706
-23.4,500,2903.419286
-23.1,500,2903.5505
-22.6,500,2903.694271
-23.0,500,2903.83599
-23.4,500,2903.970692
-23.6,500,2904.112733
-22.8,500,2904.252635
-23.6,500,2904.379571
-23.0,500,2904.50707
-22.9,500,2904.632911
-22.6,500,2904.758903
-23.0,500,2904.884221
-22.9,500,2905.009622
-23.6,500,2905.135472
-23.0,500,2905.260898
-22.9,500,2905.388538
-22.9,500,2905.532318
-23.0,500,2905.658741
-23.9,500,2905.783939
-57.6,500,2905.908778
-22.7,500,2906.033864
-23.5,500,2906.158591
-22.7,500,2906.284007
-22.7,500,2906.409516
-23.1,500,2906.534385
-22.5,500,2906.659905
-22.9,500,2906.784908
-23.3,500,2906.909804
-22.9,500,2907.036271
-22.6,500,2907.161573
-23.0,500,2907.286592
-23.6,500,2907.411841
-22.7,500,2907.537408
-22.6,500,2907.662636
-23.1,500,2907.788694
-22.8,500,2907.91403
-23.1,500,2908.039478
-23.2,500,2908.164851
-24.3,500,2908.290181
-7.8,500,2908.416245
-28.2,500,2908.541913
-23.1,500,2908.667911
-23.1,500,2908.793383
-22.7,500,2908.919081
-22.9,500,2909.044661
-23.4,500,2909.169958
-23.1,500,2909.295365
-22.9,500,2909.422415
-23.8,500,2909.549877
-22.5,500,2909.676804
-22.6,500,2909.801701
-22.9,500,2909.9272
-23.0,500,2910.052422
-23.6,500,2910.177628
-23.0,500,2910.303309
-22.5,500,2910.428604
-22.8,500,2910.553833
-43.5,500,2910.678674
-23.6,500,2910.803996
-23.0,500,2910.92942
-22.6,500,2911.054536
-22.5,500,2911.179567
-23.3,500,2911.304784
-22.6,500,2911.430468
-22.7,500,2911.556312
-24.9,500,2911.682167
-26.3,500,2911.807592
-22.8,500,2911.933238
-23.0,500,2912.058775
-23.0,500,2912.184113
-23.2,500,2912.308766
-22.7,500,2912.4341
-22.5,500,2912.559474
-22.2,500,2912.685277
-23.7,500,2912.810506
-23.1,500,2912.935784
-22.5,500,2913.060744
-22.5,500,2913.186781
-22.6,500,2913.312244
-22.9,500,2913.437346
-22.5,500,2913.597517
-22.8,500,2913.723464
-22.7,500,2913.848784
-23.6,500,2913.974427
-23.0,500,2914.099844
-22.5,500,2914.225105
-25.8,500,2914.350224
-22.8,500,2914.478057
-23.3,500,2914.603682
-23.5,500,2914.72885
-23.0,500,2914.853674
-22.7,500,2914.978779
-22.7,500,2915.103863
-23.0,500,2915.229618
-22.8,500,2915.355242
-23.2,500,2915.480282
-22.6,500,2915.605494
-23.3,500,2915.730397
-22.9,500,2915.855436
-52.3,500,2915.9809
-52.4,500,2916.10659
-50.4,500,2916.231603
-26.2,500,2916.356886
-22.7,500,2916.482161
-22.7,500,2916.607075
-23.4,500,2916.732642
-23.1,500,2916.857951
-23.0,500,2916.983126
-23.2,500,2917.108647
-22.8,500,2917.233619
-23.6,500,2917.359057
-23.5,500,2917.484001
-22.5,500,2917.610033
-23.2,500,2917.735329
-23.0,500,2917.860806
-22.8,500,2917.986182
-23.6,500,2918.111422
-22.6,500,2918.236968
-22.5,500,2918.362
-24.6,500,2918.488663
-22.7,500,2918.615159
-30.6,500,2918.74108
-23.0,500,2918.866406
-23.0,500,2918.992337
-23.2,500,2919.11749
-24.0,500,2919.243467
-36.0,500,2919.369502
-22.6,500,2919.496688
-22.7,500,2919.622022
-22.6,500,2919.747657
-23.1,500,2919.873317
-22.8,500,2919.999443
-22.8,500,2920.125431
-22.5,500,2920.251431
-23.7,500,2920.376951
-22.6,500,2920.501821
-24.0,500,2920.626807
-22.5,500,2920.75299
-26.2,500,2920.878508
-22.7,500,2921.003732
-22.6,500,2921.128818
-22.5,500,2921.254152
-22.7,500,2921.379035
-22.9,500,2921.504881
-22.9,500,2921.630993
-23.8,500,2921.756522
-23.0,500,2921.881538
-22.9,500,2922.006935
-22.7,500,2922.131756
-22.7,500,2922.25665
-22.7,500,2922.381567
-22.7,500,2922.506352
-22.6,500,2922.631686
-26.0,500,2922.757081
-23.1,500,2922.882203
-22.6,500,2923.007266
-22.7,500,2923.132694
-23.1,500,2923.257854
-22.5,500,2923.382902
-22.9,500,2923.508733
-22.7,500,2923.633757
-22.5,500,2923.759145
-24.4,500,2923.88441
-22.8,500,2924.009933
-23.0,500,2924.134826
-22.8,500,2924.259859
-22.5,500,2924.384878
-23.0,500,2924.511882
-22.5,500,2924.638039
-23.5,500,2924.765189
-23.1,500,2924.890497
-22.9,500,2925.015292
-22.7,500,2925.140034
-22.7,500,2925.265131
-22.5,500,2925.390002
-23.0,500,2925.515458
-23.2,500,2925.641032
-23.0,500,2925.766199
-22.6,500,2925.891556
-22.5,500,2926.017058
-22.5,500,2926.142638
-23.0,500,2926.268095
-24.6,500,2926.393525
-22.9,500,2926.519117
-22.5,500,2926.680691
-23.4,500,2926.805724
-27.2,500,2926.930861
-23.0,500,2927.056319
-22.7,500,2927.181518
-22.6,500,2927.306573
-23.6,500,2927.432429
-22.7,500,2927.559179
-23.0,500,2927.684571
-22.5,500,2927.810446
-23.2,500,2927.936301
-22.9,500,2928.062082
-22.9,500,2928.187908
-22.7,500,2928.313982
-22.7,500,2928.43965
-24.2,500,2928.565052
-22.9,500,2928.690642
-23.9,500,2928.816342
-22.9,500,2928.942587
-23.3,500,2929.06868
-22.7,500,2929.194427
-22.5,500,2929.319931
-23.5,500,2929.44571
-23.2,500,2929.57367
-23.0,500,2929.699655
-22.5,500,2929.825572
-22.8,500,2929.950741
-23.0,500,2930.076336
-22.7,500,2930.201576
-24.6,500,2930.326995
-22.9,500,2930.452747
-22.6,500,2930.578205
-23.2,500,2930.703521
-23.1,500,2930.8287
-22.7,500,2930.953831
-24.0,500,2931.078934
-22.9,500,2931.20393
-23.4,500,2931.329418
-23.9,500,2931.454863
-22.9,500,2931.580797
-23.0,500,2931.7063
-23.2,500,2931.831491
-23.3,500,2931.956721
-22.6,500,2932.081894
-22.5,500,2932.207424
-24.0,500,2932.332504
-23.2,500,2932.457855
-22.7,500,2932.583026
-23.5,500,2932.708343
-22.7,500,2932.834133
-23.1,500,2932.960061
-22.7,500,2933.08733
-24.4,500,2933.213364
-22.5,500,2933.339241
-23.1,500,2933.464885
-22.5,500,2933.590341
-22.7,500,2933.719605
-23.5,500,2933.845768
-22.8,500,2933.97128
-23.1,500,2934.096536
-22.9,500,2934.221159
-26.6,500,2934.347022
-23.1,500,2934.476251
-23.3,500,2934.601701
-24.1,500,2934.726835
-23.8,500,2934.851886
-22.8,500,2934.9777
-22.9,500,2935.103638
-22.7,500,2935.230189
-23.0,500,2935.355916
-22.5,500,2935.4811
-22.8,500,2935.606537
-99.3,500,2935.732293
-24.2,500,2935.857861
-23.6,500,2935.983338
-23.0,500,2936.108909
-22.6,500,2936.234557
-23.0,500,2936.359956
-22.7,500,2936.485961
-22.7,500,2936.611954
-22.9,500,2936.73773
-22.9,500,2936.863544
-22.9,500,2936.989838
-22.5,500,2937.115171
-26.3,500,2937.241101
-22.9,500,2937.366603
-22.6,500,2937.492114
-23.1,500,2937.617996
-22.8,500,2937.745228
-24.8,500,2937.870603
-22.9,500,2937.995458
-22.6,500,2938.121001
-22.7,500,2938.246307
-22.5,500,2938.371834
-23.4,500,2938.498418
-22.9,500,2938.624189
-23.0,500,2938.750363
-22.6,500,2938.875919
-22.8,500,2939.000996
-22.7,500,2939.127309
-22.9,500,2939.252564
-23.4,500,2939.378199
-23.0,500,2939.505304
-24.1,500,2939.631106
-23.4,500,2939.793556
-22.7,500,2939.919322
-23.0,500,2940.044682
-22.6,500,2940.169846
-22.5,500,2940.29507
-22.5,500,2940.420687
-22.9,500,2940.546307
-22.9,500,2940.671667
-24.7,500,2940.796803
-23.8,500,2940.922146
-22.8,500,2941.047636
-22.6,500,2941.173138
-22.5,500,2941.29809
-22.9,500,2941.424078
-23.2,500,2941.550746
-22.6,500,2941.676861
-22.5,500,2941.802125
-23.3,500,2941.927195
-22.6,500,2942.052514
-23.1,500,2942.177512
-23.5,500,2942.303591
-24.1,500,2942.42917
-22.8,500,2942.554524
-32.6,500,2942.679765
-23.2,500,2942.804962
-22.5,500,2942.930662
-24.6,500,2943.056648
-22.9,500,2943.181914
-25.1,500,2943.307594
-23.0,500,2943.432961
-23.1,500,2943.558336
-22.6,500,2943.683612
-22.6,500,2943.809733
-27.7,500,2943.935977
-22.7,500,2944.061632
-22.5,500,2944.187046
-22.5,500,2944.312141
-22.5,500,2944.437508
-23.7,500,2944.565861
-22.7,500,2944.690479
-23.4,500,2944.817132
-37.6,500,2944.942461
-24.6,500,2945.067762
-23.3,500,2945.192741
-22.5,500,2945.317999
-22.6,500,2945.444347
-22.7,500,2945.571026
-22.6,500,2945.69642
-23.1,500,2945.822005
-22.7,500,2945.946958
-22.9,500,2946.071903
-23.0,500,2946.197752
-22.6,500,2946.32462
-23.0,500,2946.45029
-23.0,500,2946.575636
-22.6,500,2946.705622
-23.3,500,2946.838407
-22.7,500,2946.967955
-23.0,500,2947.096567
-22.8,500,2947.224904
-22.6,500,2947.353702
-23.7,500,2947.482189
-23.4,500,2947.61044
-22.9,500,2947.738755
-23.9,500,2947.866419
-4.8,500,2947.995146
-25.5,500,2948.122616
-23.0,500,2948.24789
-22.6,500,2948.37364
-22.8,500,2948.49911
-22.7,500,2948.624732
-22.5,500,2948.750306
-23.6,500,2948.875831
-23.1,500,2949.001153
-24.3,500,2949.12787
-26.8,500,2949.254012
-23.7,500,2949.379643
-22.6,500,2949.507675
-23.1,500,2949.633936
-22.5,500,2949.760381
-22.6,500,2949.886655
-22.8,500,2950.011806
-22.5,500,2950.137378
-23.0,500,2950.262977
-22.8,500,2950.388364
-22.7,500,2950.513807
-25.8,500,2950.63975
-22.7,500,2950.765095
-22.7,500,2950.890473
-22.9,500,2951.015895
-22.6,500,2951.141344
-22.5,500,2951.266396
-23.1,500,2951.392369
-23.0,500,2951.520072
-22.6,500,2951.646352
-22.5,500,2951.772227
-22.7,500,2951.897758
-30.0,500,2952.023052
-23.3,500,2952.148785
-22.7,500,2952.308822
-22.7,500,2952.434882
-23.7,500,2952.559759
-22.7,500,2952.685886
-26.1,500,2952.810863
-22.8,500,2952.936335
-22.6,500,2953.061609
-22.5,500,2953.186565
-22.6,500,2953.311451
-24.0,500,2953.437105
-22.6,500,2953.563562
-23.7,500,2953.689756
-22.7,500,2953.815367
-22.9,500,2953.941018
-23.5,500,2954.06652
-23.5,500,2954.192476
-23.5,500,2954.319122
-23.6,500,2954.444791
-22.7,500,2954.573023
-22.7,500,2954.698683
-23.0,500,2954.825147
-25.4,500,2954.951439
-22.6,500,2955.07688
-22.5,500,2955.202151
-23.0,500,2955.327687
-23.2,500,2955.453064
-22.8,500,2955.578443
-22.7,500,2955.704121
-23.4,500,2955.829471
-23.5,500,2955.954327
-22.5,500,2956.07973
-22.5,500,2956.205414
-22.6,500,2956.330454
-29.0,500,2956.456392
-23.7,500,2956.583065
-23.8,500,2956.708701
-25.2,500,2956.834611
-23.4,500,2956.959721
-22.9,500,2957.085247
-23.1,500,2957.210441
-23.8,500,2957.336616
-22.5,500,2957.4618
-30.7,500,2957.587002
-23.5,500,2957.712036
-23.3,500,2957.837569
-23.3,500,2957.962711
-22.8,500,2958.089074
-23.7,500,2958.215229
-22.7,500,2958.340761
-55.1,500,2958.466367
-22.6,500,2958.591692
-22.1,500,2958.717632
-26.8,500,2958.844954
-24.9,500,2958.971338
-23.6,500,2959.097246
-22.7,500,2959.222877
-23.0,500,2959.349112
-23.8,500,2959.474974
-24.0,500,2959.603099
-23.1,500,2959.728392
-24.2,500,2959.854223
-25.8,500,2959.979519
-23.1,500,2960.104954
-23.8,500,2960.229745
-23.2,500,2960.355045
-24.3,500,2960.480897
-23.9,500,2960.607253
-23.9,500,2960.732378
-23.6,500,2960.857751
-22.7,500,2960.982986
-24.1,500,2961.108175
-23.7,500,2961.234092
-23.0,500,2961.360125
-22.7,500,2961.485793
-22.6,500,2961.611228
-22.6,500,2961.736376
-22.5,500,2961.861612
-23.0,500,2961.987291
-22.9,500,2962.113731
-24.4,500,2962.23903
-23.0,500,2962.364309
-25.7,500,2962.490061
-22.9,500,2962.615139
-22.6,500,2962.740259
-22.8,500,2962.866125
-23.1,500,2962.991761
-23.9,500,2963.117618
-22.7,500,2963.24318
-24.6,500,2963.368448
-23.3,500,2963.494216
-22.7,500,2963.620661
-22.7,500,2963.746023
-23.0,500,2963.870958
-22.7,500,2963.996013
-22.9,500,2964.121187
-22.7,500,2964.24662
-23.2,500,2964.372878
-22.5,500,2964.499409
-22.6,500,2964.626537
-22.9,500,2964.75211
-22.9,500,2964.877706
-23.7,500,2965.03726
-22.6,500,2965.162278
-23.3,500,2965.287312
-22.8,500,2965.412363
-23.7,500,2965.537615
-23.1,500,2965.662899
-24.5,500,2965.788071
-22.6,500,2965.91335
-24.3,500,2966.038854
-22.9,500,2966.16404
-22.6,500,2966.289261
-22.9,500,2966.414138
-23.0,500,2966.539203
-22.6,500,2966.664891
-25.5,500,2966.790141
-23.6,500,2966.91544
-23.0,500,2967.0411
-23.1,500,2967.167038
-23.1,500,2967.292451
-26.0,500,2967.418143
-22.9,500,2967.543861
-22.7,500,2967.670145
-23.3,500,2967.795864
-22.9,500,2967.921075
-23.1,500,2968.046286
-22.8,500,2968.172003
-22.8,500,2968.297995
-22.6,500,2968.423152
-22.8,500,2968.548423
-22.7,500,2968.673509
-22.5,500,2968.798553
-23.7,500,2968.92391
-23.3,500,2969.049999
-22.5,500,2969.175076
-22.6,500,2969.300342
-23.5,500,2969.425974
-23.1,500,2969.554531
-22.7,500,2969.680629
-23.9,500,2969.806152
-22.6,500,2969.931855
-24.2,500,2970.057012
-24.4,500,2970.181866
-22.9,500,2970.307121
-23.1,500,2970.432209
-23.0,500,2970.557292
-22.5,500,2970.683161
-22.9,500,2970.808432
-22.7,500,2970.933335
-22.7,500,2971.058582
-24.0,500,2971.183737
-28.9,500,2971.30894
-28.5,500,2971.434482
-22.7,500,2971.561746
-24.0,500,2971.687552
-23.0,500,2971.813071
-22.8,500,2971.939001
-23.1,500,2972.064087
-10.3,500,2972.1895
-27.3,500,2972.315136
-24.1,500,2972.440663
-23.1,500,2972.566258
-23.5,500,2972.69163
-23.5,500,2972.816881
-23.1,500,2972.941765
-22.8,500,2973.067694
-9.9,500,2973.193243
-25.2,500,2973.318464
-23.4,500,2973.443951
-23.1,500,2973.569483
-22.8,500,2973.694623
-22.5,500,2973.820619
-23.0,500,2973.946088
-22.9,500,2974.071398
-22.5,500,2974.196755
-22.9,500,2974.321529
-22.9,500,2974.446857
-23.2,500,2974.574385
-22.0,500,2974.700415
-23.2,500,2974.826308
-23.2,500,2974.952256
-22.8,500,2975.077178
-23.1,500,2975.202764
-22.9,500,2975.327494
-22.7,500,2975.452531
-23.0,500,2975.577738
-22.9,500,2975.703166
-23.0,500,2975.828295
-22.7,500,2975.953748
-22.8,500,2976.079059
-22.6,500,2976.204938
-22.5,500,2976.330134
-23.0,500,2976.455503
-23.0,500,2976.581196
-22.7,500,2976.706659
-22.7,500,2976.831569
-23.0,500,2976.957545
-22.8,500,2977.082874
-23.1,500,2977.208046
-23.3,500,2977.333565
-23.4,500,2977.45897
-22.7,500,2977.584149
-24.5,500,2977.709776
-22.7,500,2977.871044
-22.9,500,2977.99641
-22.8,500,2978.121541
-22.6,500,2978.247948
-23.5,500,2978.373143
-23.0,500,2978.498299
-23.8,500,2978.623762
-23.6,500,2978.748553
-23.4,500,2978.873465
-23.0,500,2978.999205
-22.5,500,2979.125035
-22.6,500,2979.25034
-23.6,500,2979.375926
-22.5,500,2979.502758
-23.0,500,2979.629469
-24.6,500,2979.756072
-23.0,500,2979.88177
-22.5,500,2980.007172
-23.6,500,2980.132605
-22.6,500,2980.257972
-22.5,500,2980.384066
-22.7,500,2980.510927
-22.7,500,2980.636303
-22.6,500,2980.761612
-22.9,500,2980.887141
-25.2,500,2981.012305
-23.0,500,2981.137382
-23.3,500,2981.263308
-23.7,500,2981.389284
-22.7,500,2981.514158
-23.0,500,2981.639332
-22.6,500,2981.764345
-22.8,500,2981.889121
-23.4,500,2982.015425
-30.1,500,2982.141384
-24.3,500,2982.266454
-22.7,500,2982.391569
-22.6,500,2982.517225
-23.2,500,2982.642048
-23.0,500,2982.768211
-22.5,500,2982.893631
-22.9,500,2983.019859
-22.5,500,2983.145673
-22.7,500,2983.27159
-22.5,500,2983.39738
-22.5,500,2983.523484
-22.6,500,2983.649688
-23.2,500,2983.77591
-22.6,500,2983.901711
-23.2,500,2984.026938
-23.2,500,2984.152643
-23.4,500,2984.279291
-22.6,500,2984.405585
-24.6,500,2984.533528
-24.9,500,2984.659469
-23.0,500,2984.785543
-21.4,500,2984.910645
-23.7,500,2985.037106
-22.5,500,2985.16256
-22.5,500,2985.287653
-25.2,500,2985.41263
-4.9,500,2985.537924
-25.3,500,2985.66362
-22.3,500,2985.789473
-23.1,500,2985.91494
-23.6,500,2986.040248
-21.9,500,2986.16536
-23.2,500,2986.290469
-23.5,500,2986.415646
-22.7,500,2986.541889
-23.0,500,2986.667002
-23.5,500,2986.792305
-23.0,500,2986.917136
-22.8,500,2987.042554
-23.4,500,2987.167813
-71.4,500,2987.293145
-47.9,500,2987.418906
-48.4,500,2987.54437
-50.2,500,2987.670162
-21.5,500,2987.795254
-53.0,500,2987.921041
-24.1,500,2988.046511
-50.2,500,2988.172523
-27.5,500,2988.298036
-22.9,500,2988.423184
-23.0,500,2988.548644
-49.5,500,2988.674343
-22.8,500,2988.799784
-30.4,500,2988.926054
-23.2,500,2989.051307
-22.7,500,2989.177002
-22.8,500,2989.30258
-23.8,500,2989.427956
-21.2,500,2989.555811
-22.7,500,2989.682263
-23.3,500,2989.808704
-24.2,500,2989.934448
-23.9,500,2990.059812
-23.1,500,2990.186142
-23.4,500,2990.311843
-23.1,500,2990.438117
-22.9,500,2990.599876
-21.5,500,2990.725445
-28.7,500,2990.851064
-27.5,500,2990.97764
-22.6,500,2991.102323
-24.4,500,2991.2273
-23.6,500,2991.352462
-23.3,500,2991.477356
-23.0,500,2991.603571
-23.0,500,2991.728878
-22.8,500,2991.854253
-24.9,500,2991.979377
-23.3,500,2992.104883
-22.7,500,2992.229622
-23.3,500,2992.354944
-23.1,500,2992.47977
-23.1,500,2992.604685
-22.8,500,2992.730159
-22.9,500,2992.855349
-22.8,500,2992.980429
-23.3,500,2993.105576
-23.1,500,2993.232026
-24.8,500,2993.357505
-23.0,500,2993.483001
-23.2,500,2993.608652
-23.5,500,2993.733827
-22.8,500,2993.860084
-23.0,500,2993.985601
-22.9,500,2994.110787
-23.0,500,2994.236016
-24.4,500,2994.361289
-22.8,500,2994.486795
-23.3,500,2994.615132
-23.1,500,2994.740524
-23.4,500,2994.865934
-22.9,500,2994.991211
-22.5,500,2995.116226
-23.3,500,2995.241712
-22.8,500,2995.366845
-23.6,500,2995.492011
-22.8,500,2995.618013
-55.0,500,2995.743827
-24.8,500,2995.869399
-23.9,500,2995.994682
-24.3,500,2996.119962
-23.6,500,2996.245429
-22.5,500,2996.371379
-23.0,500,2996.496524
-23.4,500,2996.622089
-22.5,500,2996.747229
-23.1,500,2996.872336
-22.7,500,2996.997386
-22.9,500,2997.123573
-22.5,500,2997.248856
-22.7,500,2997.374343
-24.6,500,2997.499687
-25.3,500,2997.625325
-22.8,500,2997.75035
-22.6,500,2997.87533
-23.4,500,2998.001169
-29.8,500,2998.126246
-23.0,500,2998.251293
-22.8,500,2998.376732
-23.2,500,2998.50163
-22.9,500,2998.626395
-22.5,500,2998.75194
-23.4,500,2998.877243
-48.9,500,2999.001922
-23.3,500,2999.127132
-22.7,500,2999.252654
-22.6,500,2999.37778
-22.9,500,2999.503764
-22.5,500,2999.631677
-23.5,500,2999.757569
-22.6,500,2999.882741
-22.7,500,3000.008592
-24.1,500,3000.133966
-23.2,500,3000.26045
-22.7,500,3000.388545
-23.1,500,3000.514455
-22.6,500,3000.64028
-23.7,500,3000.765885
-23.0,500,3000.891552
-23.1,500,3001.016802
-27.4,500,3001.142388
-49.8,500,3001.269188
-48.5,500,3001.39494
-48.5,500,3001.520732
-23.2,500,3001.646207
-22.7,500,3001.771493
-22.6,500,3001.897131
-22.9,500,3002.023605
-22.4,500,3002.149452
-23.9,500,3002.274616
-22.6,500,3002.400434
-23.1,500,3002.52628
-22.7,500,3002.652352
-23.4,500,3002.77876
-23.8,500,3002.90487
-23.3,500,3003.030045
-23.3,500,3003.156176
-22.9,500,3003.281831
-23.6,500,3003.408201
-23.0,500,3003.533914
-22.7,500,3003.693473
-7.9,500,3003.819085
-23.2,500,3003.944772
-22.8,500,3004.070083
-22.9,500,3004.195737
-22.9,500,3004.321346
-22.5,500,3004.446363
-22.5,500,3004.574268
-23.2,500,3004.700374
-23.1,500,3004.827071
-23.3,500,3004.952622
-22.9,500,3005.077525
-23.1,500,3005.202432
-22.7,500,3005.327615
-22.8,500,3005.452313
-22.9,500,3005.577866
-22.8,500,3005.704183
-23.4,500,3005.8295
-23.0,500,3005.955357
-23.6,500,3006.080879
-22.6,500,3006.205968
-22.5,500,3006.331646
-22.9,500,3006.456788
-22.5,500,3006.582211
-23.4,500,3006.707495
-22.7,500,3006.832736
-22.5,500,3006.958292
-23.0,500,3007.084578
-22.9,500,3007.210495
-22.6,500,3007.336651
-22.7,500,3007.462678
-22.6,500,3007.588312
-23.3,500,3007.713867
-23.0,500,3007.839158
-24.0,500,3007.96472
-23.4,500,3008.089796
-22.9,500,3008.215526
-23.3,500,3008.340544
-22.6,500,3008.466702
-24.1,500,3008.592303
-23.0,500,3008.718117
-22.8,500,3008.84383
-23.2,500,3008.969473
-22.7,500,3009.095429
-23.1,500,3009.221044
-23.5,500,3009.345883
-22.8,500,3009.471196
-23.5,500,3009.598212
-22.9,500,3009.723876
-22.9,500,3009.849218
-23.0,500,3009.974729
-22.5,500,3010.099451
-22.8,500,3010.225712
-23.0,500,3010.351352
-25.6,500,3010.47677
-23.9,500,3010.602062
-24.3,500,3010.727808
-33.0,500,3010.853114
-23.2,500,3010.978802
-22.9,500,3011.104627
-23.1,500,3011.230057
-22.6,500,3011.355011
-22.7,500,3011.48053
-23.2,500,3011.605791
-23.1,500,3011.731271
-22.7,500,3011.857234
-23.1,500,3011.983931
-25.4,500,3012.109816
-22.6,500,3012.235745
-22.6,500,3012.361549
-22.8,500,3012.487934
-22.7,500,3012.613328
-22.8,500,3012.739271
-59.9,500,3012.865231
-22.7,500,3012.990988
-23.5,500,3013.116548
-22.6,500,3013.242511
-23.2,500,3013.367535
-22.6,500,3013.494736
-24.1,500,3013.619946
-21.6,500,3013.745003
-22.1,500,3013.870588
-22.2,500,3013.995786
-22.9,500,3014.121323
-22.0,500,3014.247248
-22.9,500,3014.372409
-21.6,500,3014.497774
-21.7,500,3014.625395
-21.9,500,3014.751124
-22.2,500,3014.876335
-22.3,500,3015.002152
-23.0,500,3015.126966
-22.9,500,3015.252536
-23.8,500,3015.377177
-25.9,500,3015.502234
-23.2,500,3015.627639
-23.1,500,3015.753438
-22.5,500,3015.879003
-23.0,500,3016.004674
-22.2,500,3016.13004
-22.6,500,3016.255622
-22.6,500,3016.418066
-24.0,500,3016.543136
-24.0,500,3016.667841
-23.9,500,3016.793298
-21.9,500,3016.919149
-23.0,500,3017.044806
-22.6,500,3017.170961
-22.8,500,3017.296532
-22.6,500,3017.42184
-22.6,500,3017.547128
-24.4,500,3017.672587
-22.9,500,3017.797907
-22.0,500,3017.922885
-21.9,500,3018.049884
-23.0,500,3018.175829
-23.0,500,3018.30092
-22.7,500,3018.426053
-22.0,500,3018.551552
-23.6,500,3018.677768
-23.6,500,3018.803315
-22.8,500,3018.928539
-23.5,500,3019.05323
-21.7,500,3019.178232
-23.5,500,3019.303255
-22.6,500,3019.428629
-22.9,500,3019.554846
-22.5,500,3019.682151
-22.7,500,3019.808192
-23.1,500,3019.933686
-22.8,500,3020.059743
-22.6,500,3020.186683
-22.8,500,3020.312372
-22.4,500,3020.437627
-21.7,500,3020.56278
-21.6,500,3020.687818
-22.6,500,3020.812944
-23.6,500,3020.939182
-30.2,500,3021.06485
-22.6,500,3021.190021
-22.1,500,3021.315375
-22.7,500,3021.440621
-22.8,500,3021.565663
-29.8,500,3021.691647
-22.0,500,3021.81664
-22.7,500,3021.941813
-23.3,500,3022.067738
-23.1,500,3022.193296
-22.9,500,3022.318848
-23.2,500,3022.443992
-21.9,500,3022.56981
-23.0,500,3022.696127
-22.8,500,3022.821624
-24.4,500,3022.947332
-22.8,500,3023.072341
-22.6,500,3023.197424
-22.9,500,3023.322725
-23.3,500,3023.44859
-22.9,500,3023.574176
-22.8,500,3023.699566
-23.8,500,3023.824624
-23.2,500,3023.950155
-24.0,500,3024.075696
-23.1,500,3024.201197
-21.6,500,3024.327209
-22.6,500,3024.452254
-21.6,500,3024.579717
-22.4,500,3024.706185
-22.1,500,3024.831992
-22.9,500,3024.957986
-22.8,500,3025.083861
-22.9,500,3025.209572
-22.6,500,3025.334926
-23.3,500,3025.460064
-23.7,500,3025.585259
-22.7,500,3025.710872
-22.7,500,3025.837094
-22.5,500,3025.962858
-22.9,500,3026.088247
-22.9,500,3026.213709
-22.7,500,3026.339094
-23.0,500,3026.464318
-23.7,500,3026.59034
-22.8,500,3026.716814
-22.6,500,3026.842593
-21.9,500,3026.968322
-22.8,500,3027.094087
-22.5,500,3027.219293
-23.0,500,3027.345962
-23.0,500,3027.471718
-22.7,500,3027.597347
-23.3,500,3027.722814
-23.0,500,3027.848217
-32.4,500,3027.974075
-25.1,500,3028.099044
-23.3,500,3028.22431
-23.1,500,3028.349302
-23.2,500,3028.474669
-22.5,500,3028.600183
-23.3,500,3028.726748
-22.9,500,3028.852288
-22.7,500,3028.977538
-22.5,500,3029.103046
-24.6,500,3029.228395
-30.6,500,3029.353825
-24.0,500,3029.522113
-22.7,500,3029.64913
-23.3,500,3029.77436
-22.9,500,3029.901228
-22.9,500,3030.027691
-22.6,500,3030.15319
-22.7,500,3030.278615
-22.9,500,3030.403774
-22.8,500,3030.529342
-21.9,500,3030.654836
-23.7,500,3030.781645
-25.5,500,3030.907411
-22.1,500,3031.032939
-21.9,500,3031.158561
-23.2,500,3031.286512
-22.9,500,3031.411932
-31.0,500,3031.538252
-22.8,500,3031.685229
-24.5,500,3031.822774
-22.8,500,3031.96348
-22.8,500,3032.103492
-22.7,500,3032.244422
-22.6,500,3032.371218
-22.5,500,3032.498242
-23.5,500,3032.623726
-40.9,500,3032.749371
-23.3,500,3032.874721
-23.2,500,3033.0005
-21.8,500,3033.125602
-22.6,500,3033.251481
-23.2,500,3033.376904
-24.2,500,3033.518464
-23.5,500,3033.645504
-23.0,500,3033.771275
-23.4,500,3033.897077
-22.9,500,3034.023113
-24.3,500,3034.148816
-23.4,500,3034.274978
-22.7,500,3034.40052
-21.6,500,3034.525859
-23.0,500,3034.652957
-22.2,500,3034.777801
-22.9,500,3034.90344
-22.8,500,3035.028894
-23.4,500,3035.154177
-23.1,500,3035.279047
-23.4,500,3035.404974
-24.2,500,3035.52979
-22.7,500,3035.654986
-22.1,500,3035.779697
-23.9,500,3035.905004
-23.8,500,3036.030254
-40.2,500,3036.155712
-22.5,500,3036.281577
-23.6,500,3036.406872
-22.7,500,3036.532608
-22.8,500,3036.657912
-23.1,500,3036.783056
-22.9,500,3036.90811
-22.9,500,3037.033352
-23.6,500,3037.158807
-22.8,500,3037.285873
-22.9,500,3037.411424
-21.9,500,3037.537275
-24.2,500,3037.663033
-22.6,500,3037.788026
-22.6,500,3037.914205
-23.5,500,3038.040905
-22.7,500,3038.166706
-24.4,500,3038.29222
-23.4,500,3038.417511
-23.4,500,3038.5429
-22.6,500,3038.66853
-22.8,500,3038.794404
-22.5,500,3038.920235
-22.7,500,3039.045708
-22.9,500,3039.171081
-22.1,500,3039.296495
-22.7,500,3039.421941
-22.9,500,3039.547777
-23.2,500,3039.675148
-22.9,500,3039.800643
-24.9,500,3039.926033
-23.1,500,3040.051558
-23.1,500,3040.177091
-22.7,500,3040.302866
-23.5,500,3040.428448
-22.5,500,3040.553991
-22.5,500,3040.679202
-23.0,500,3040.80461
-36.3,500,3040.929961
-23.3,500,3041.056258
-22.9,500,3041.181725
-22.6,500,3041.307744
-22.6,500,3041.43353
-23.1,500,3041.559305
-23.3,500,3041.684281
-22.8,500,3041.809616
-23.3,500,3041.935237
-23.1,500,3042.060258
-23.5,500,3042.185524
-23.1,500,3042.346154
-22.7,500,3042.471994
-23.2,500,3042.597516
-23.3,500,3042.722996
-22.8,500,3042.848362
-23.1,500,3042.973997
-22.8,500,3043.100192
-23.5,500,3043.225626
-22.8,500,3043.350614
-23.4,500,3043.476126
-24.8,500,3043.601819
-23.3,500,3043.726988
-24.3,500,3043.853086
-23.0,500,3043.978644
-22.9,500,3044.104038
-23.5,500,3044.22923
-23.6,500,3044.354543
-22.5,500,3044.479988
-22.9,500,3044.608149
-25.0,500,3044.733974
-22.8,500,3044.859135
-22.9,500,3044.98397
-23.0,500,3045.109037
-22.9,500,3045.234688
-23.4,500,3045.359049
-23.1,500,3045.484639
-23.0,500,3045.610323
-22.6,500,3045.73492
-24.0,500,3045.860025
-22.7,500,3045.985959
-22.7,500,3046.110824
-23.4,500,3046.235722
-22.8,500,3046.360963
-22.7,500,3046.485961
-22.1,500,3046.611151
-22.8,500,3046.735993
-23.0,500,3046.861955
-25.3,500,3046.987353
-22.9,500,3047.112409
-22.5,500,3047.237548
-22.9,500,3047.362364
-22.6,500,3047.488067
-22.7,500,3047.613089
-22.7,500,3047.738763
-22.8,500,3047.863695
-22.7,500,3047.98865
-22.6,500,3048.114098
-23.3,500,3048.239108
-23.0,500,3048.364008
-22.7,500,3048.489556
-22.6,500,3048.614513
-22.8,500,3048.739395
-40.2,500,3048.865624
-22.7,500,3048.991141
-23.0,500,3049.117002
-23.0,500,3049.244065
-22.5,500,3049.369416
-23.2,500,3049.495027
-24.1,500,3049.623152
-22.5,500,3049.748368
-22.6,500,3049.874043
-22.6,500,3049.999908
-22.7,500,3050.125552
-22.7,500,3050.250442
-22.6,500,3050.375717
-22.4,500,3050.501123
-23.0,500,3050.626774
-23.3,500,3050.753433
-22.8,500,3050.8793
-22.6,500,3051.004102
-68.6,500,3051.129436
-23.1,500,3051.254364
-23.0,500,3051.380921
-23.0,500,3051.505834
-23.1,500,3051.63106
-22.9,500,3051.756578
-22.7,500,3051.881885
-23.3,500,3052.007706
-23.2,500,3052.134236
-23.6,500,3052.261756
-22.9,500,3052.387364
-23.0,500,3052.512746
-22.8,500,3052.640427
-23.3,500,3052.766259
-21.8,500,3052.892419
-21.7,500,3053.019453
-21.9,500,3053.147695
-22.8,500,3053.274067
-22.9,500,3053.399851
-22.6,500,3053.525439
-22.9,500,3053.651017
-22.7,500,3053.777734
-22.5,500,3053.904296
-23.4,500,3054.029451
-22.8,500,3054.15506
-22.8,500,3054.280309
-23.5,500,3054.405781
-25.5,500,3054.531982
-22.7,500,3054.679966
-22.6,500,3054.817464
-22.6,500,3054.942986
-22.7,500,3055.068302
-22.7,500,3055.194462
-22.5,500,3055.319751
-23.8,500,3055.444626
-22.7,500,3055.570031
-22.9,500,3055.695273
-23.6,500,3055.820579
-22.9,500,3055.94618
-22.7,500,3056.071298
-23.0,500,3056.196413
-22.9,500,3056.321927
-23.1,500,3056.447734
-23.1,500,3056.573075
-22.9,500,3056.700172
-23.1,500,3056.825694
-22.9,500,3056.951147
-22.6,500,3057.077105
-22.9,500,3057.201989
-22.6,500,3057.327444
-22.8,500,3057.452876
-22.6,500,3057.578019
-22.5,500,3057.703528
-24.4,500,3057.828814
-23.1,500,3057.954451
-23.6,500,3058.080908
-22.6,500,3058.2062
-22.8,500,3058.331954
-22.5,500,3058.457714
-22.9,500,3058.583676
-22.0,500,3058.709011
-22.9,500,3058.83453
-24.3,500,3058.961537
-24.0,500,3059.087177
-23.4,500,3059.212427
-22.5,500,3059.337862
-23.6,500,3059.463141
-22.0,500,3059.5901
-23.8,500,3059.716914
-22.0,500,3059.843823
-22.6,500,3059.969419
-23.6,500,3060.095418
-22.8,500,3060.221275
-22.9,500,3060.346043
-24.5,500,3060.471956
-25.6,500,3060.597934
-22.2,500,3060.722788
-24.2,500,3060.847961
-23.8,500,3060.973018
-23.3,500,3061.098338
-22.7,500,3061.224474
-22.6,500,3061.350279
-21.6,500,3061.476162
-22.8,500,3061.601357
-22.9,500,3061.72688
-22.7,500,3061.854577
-22.5,500,3061.97909
-22.6,500,3062.104413
-23.7,500,3062.229654
-21.7,500,3062.354578
-22.5,500,3062.482401
-22.9,500,3062.607701
-23.3,500,3062.733727
-60.1,500,3062.859023
-50.0,500,3062.98473
-22.4,500,3063.109761
-22.7,500,3063.235424
-22.5,500,3063.360685
-23.1,500,3063.486109
-22.6,500,3063.611711
-23.1,500,3063.736852
-22.5,500,3063.862765
-23.6,500,3063.988324
-22.8,500,3064.113376
-22.8,500,3064.239063
-23.3,500,3064.364893
-36.9,500,3064.490546
-25.2,500,3064.618049
-23.1,500,3064.744019
-22.6,500,3064.869391
-26.2,500,3064.996002
-22.5,500,3065.122585
-22.6,500,3065.248353
-23.2,500,3065.374146
-22.5,500,3065.499661
-23.4,500,3065.624993
-23.1,500,3065.75015
-23.3,500,3065.876288
-22.8,500,3066.00285
-22.7,500,3066.128394
-23.0,500,3066.254023
-25.0,500,3066.37929
-22.7,500,3066.50507
-22.6,500,3066.631124
-22.6,500,3066.756271
-23.1,500,3066.881696
-25.4,500,3067.007363
-22.5,500,3067.132517
-22.8,500,3067.258335
-23.9,500,3067.384006
-34.1,500,3067.54564
-23.1,500,3067.671309
-22.7,500,3067.796928
-22.8,500,3067.922196
-22.9,500,3068.048339
-22.6,500,3068.173308
-22.7,500,3068.298659
-22.8,500,3068.424459
-23.4,500,3068.54955
-23.3,500,3068.674097
-52.0,500,3068.799603
-22.5,500,3068.924042
-23.9,500,3069.049259
-23.1,500,3069.174105
-22.7,500,3069.299039
-22.5,500,3069.42396
-22.8,500,3069.548813
-23.1,500,3069.676254
-22.7,500,3069.801743
-22.9,500,3069.927235
-23.7,500,3070.052205
-23.0,500,3070.177416
-23.6,500,3070.303035
-22.7,500,3070.428979
-23.3,500,3070.554714
-23.7,500,3070.680305
-23.6,500,3070.805431
-23.6,500,3070.930627
-22.6,500,3071.056259
-22.9,500,3071.182604
-22.9,500,3071.307725
-26.3,500,3071.43279
-22.8,500,3071.558744
-23.1,500,3071.684023
-22.6,500,3071.81006
-23.3,500,3071.935488
-23.3,500,3072.0609
-22.7,500,3072.185906
-22.5,500,3072.311383
-22.8,500,3072.436227
-22.6,500,3072.560996
-23.1,500,3072.686372
-27.5,500,3072.811851
-23.1,500,3072.936978
-22.7,500,3073.062453
-22.5,500,3073.187816
-23.3,500,3073.313297
-23.0,500,3073.438258
-23.1,500,3073.563892
-22.5,500,3073.689366
-23.3,500,3073.814528
-22.9,500,3073.939688
-22.5,500,3074.065091
-22.9,500,3074.190683
-22.7,500,3074.317009
-22.8,500,3074.443447
-22.5,500,3074.56896
-22.7,500,3074.697399
-24.1,500,3074.823366
-23.1,500,3074.949105
-22.5,500,3075.075906
-23.3,500,3075.201193
-27.1,500,3075.32658
-23.1,500,3075.452058
-22.5,500,3075.577813
-23.0,500,3075.704273
-22.5,500,3075.829226
-22.7,500,3075.955008
-22.9,500,3076.079779
-22.7,500,3076.205496
-25.8,500,3076.3309
-22.6,500,3076.456343
-23.7,500,3076.582776
-23.5,500,3076.708157
-22.6,500,3076.833485
-44.2,500,3076.95973
-25.0,500,3077.084913
-22.6,500,3077.210238
-24.6,500,3077.336974
-22.9,500,3077.464059
-23.0,500,3077.590084
-23.0,500,3077.715646
-22.9,500,3077.841288
-23.2,500,3077.967083
-23.4,500,3078.092521
-23.0,500,3078.218156
-22.9,500,3078.343633
-22.5,500,3078.468945
-23.5,500,3078.595016
-23.8,500,3078.720503
-23.7,500,3078.846279
-30.1,500,3078.97213
-22.9,500,3079.097665
-22.9,500,3079.223568
-22.9,500,3079.349118
-23.3,500,3079.475572
-23.5,500,3079.602213
-22.7,500,3079.729002
-23.2,500,3079.854676
-22.9,500,3079.979905
-22.5,500,3080.105196
-23.3,500,3080.230248
-23.0,500,3080.356266
-30.7,500,3080.481504
-22.7,500,3080.642583
-23.4,500,3080.767805
-23.3,500,3080.893274
-22.7,500,3081.019045
-23.1,500,3081.144551
-22.8,500,3081.269548
-23.5,500,3081.394682
-22.5,500,3081.51973
-22.7,500,3081.645102
-22.7,500,3081.770732
-23.2,500,3081.895864
-22.5,500,3082.021293
-25.9,500,3082.146521
-40.5,500,3082.271908
-22.5,500,3082.397642
-22.9,500,3082.523804
-22.9,500,3082.649144
-22.7,500,3082.774588
-22.7,500,3082.900065
-22.5,500,3083.025046
-22.7,500,3083.150082
-22.8,500,3083.275378
-22.9,500,3083.400874
-23.0,500,3083.526217
-22.7,500,3083.65087
-23.8,500,3083.77555
-22.7,500,3083.9008
-22.5,500,3084.025838
-22.5,500,3084.151938
-37.9,500,3084.277585
-23.1,500,3084.403067
-22.9,500,3084.528165
-22.9,500,3084.655283
-22.8,500,3084.780406
-22.6,500,3084.90548
-22.9,500,3085.031331
-22.9,500,3085.157544
-23.0,500,3085.282655
-23.2,500,3085.408036
-23.1,500,3085.533526
-23.0,500,3085.658673
-22.9,500,3085.783234
-26.0,500,3085.908652
-23.0,500,3086.033897
-22.9,500,3086.158942
-22.5,500,3086.283959
-22.8,500,3086.408987
-22.7,500,3086.534185
-22.9,500,3086.660949
-34.1,500,3086.786382
-26.1,500,3086.911905
-23.9,500,3087.037031
-22.7,500,3087.162591
-22.8,500,3087.287614
-23.1,500,3087.413061
-22.5,500,3087.538834
-23.1,500,3087.664159
-23.0,500,3087.78954
-23.1,500,3087.914762
-22.5,500,3088.040027
-25.9,500,3088.165253
-22.7,500,3088.290655
-23.1,500,3088.417494
-23.1,500,3088.560314
-22.5,500,3088.685883
-23.3,500,3088.810824
-23.1,500,3088.936436
-22.5,500,3089.062451
-28.7,500,3089.188215
-22.6,500,3089.313605
-27.6,500,3089.438562
-33.7,500,3089.563799
-22.6,500,3089.690604
-23.2,500,3089.815931
-23.1,500,3089.941303
-22.9,500,3090.066854
-22.5,500,3090.191793
-22.9,500,3090.317012
-23.0,500,3090.442702
-23.6,500,3090.568134
-25.6,500,3090.692978
-22.6,500,3090.817932
-24.0,500,3090.943117
-22.9,500,3091.068361
-23.1,500,3091.193045
-22.9,500,3091.318298
-22.8,500,3091.443257
-22.5,500,3091.56847
-22.8,500,3091.694323
-22.9,500,3091.819417
-23.5,500,3091.944421
-22.9,500,3092.070053
-22.5,500,3092.196677
-23.3,500,3092.321666
-24.0,500,3092.447027
-23.0,500,3092.572787
-22.9,500,3092.698031
-22.9,500,3092.823707
-22.7,500,3092.949828
-23.8,500,3093.07518
-23.6,500,3093.201021
-23.7,500,3093.326357
-23.0,500,3093.452118
-22.8,500,3093.578319
-22.5,500,3093.739183
-22.5,500,3093.864739
-22.5,500,3093.990282
-22.9,500,3094.11618
-23.1,500,3094.242026
-23.2,500,3094.367257
-24.8,500,3094.492662
-22.6,500,3094.619201
-22.9,500,3094.745178
-24.1,500,3094.87142
-24.2,500,3094.997225
-23.0,500,3095.122392
-22.9,500,3095.247202
-23.0,500,3095.372192
-22.7,500,3095.497623
-22.6,500,3095.622439
-38.3,500,3095.748153
-22.6,500,3095.874734
-22.7,500,3096.000545
-23.1,500,3096.12624
-22.8,500,3096.259255
-22.6,500,3096.384226
-22.7,500,3096.509157
-22.8,500,3096.634834
-23.1,500,3096.760351
-22.6,500,3096.885461
-25.8,500,3097.010933
-29.6,500,3097.136146
-22.6,500,3097.261451
-23.0,500,3097.386661
-22.9,500,3097.512498
-22.5,500,3097.637857
-23.2,500,3097.76314
-22.7,500,3097.888405
-25.1,500,3098.014208
-22.6,500,3098.139649
-22.6,500,3098.264967
-23.4,500,3098.390353
-22.7,500,3098.515724
-22.5,500,3098.640759
-23.2,500,3098.76707
-23.0,500,3098.892421
-23.0,500,3099.018341
-23.2,500,3099.143882
-23.7,500,3099.269696
-22.9,500,3099.395221
-22.7,500,3099.52039
-23.7,500,3099.647927
-22.8,500,3099.773512
-22.7,500,3099.899199
-23.3,500,3100.024476
-23.7,500,3100.149735
-23.2,500,3100.275172
-23.0,500,3100.400106
-23.3,500,3100.525677
-22.7,500,3100.651394
-58.3,500,3100.776764
-54.6,500,3100.901875
-51.0,500,3101.026828
-26.5,500,3101.152055
-24.3,500,3101.277386
-23.0,500,3101.402668
-22.7,500,3101.528888
-22.7,500,3101.654005
-23.1,500,3101.77944
-23.2,500,3101.904641
-22.5,500,3102.029952
-25.0,500,3102.155054
-23.3,500,3102.280167
-22.7,500,3102.405702
-23.0,500,3102.53145
-22.7,500,3102.656905
-22.6,500,3102.782593
-23.4,500,3102.908738
-23.0,500,3103.034519
-24.4,500,3103.160048
-26.6,500,3103.285282
-23.5,500,3103.41106
-23.0,500,3103.537306
-22.6,500,3103.663168
-23.6,500,3103.788543
-23.2,500,3103.914114
-22.9,500,3104.039644
-22.9,500,3104.164943
-22.9,500,3104.290781
-22.7,500,3104.416165
-23.2,500,3104.542166
-25.0,500,3104.66968
-23.2,500,3104.795188
-23.6,500,3104.92081
-23.6,500,3105.046133
-24.5,500,3105.17132
-22.5,500,3105.297659
-22.6,500,3105.423326
-39.0,500,3105.549313
-23.0,500,3105.67464
-22.5,500,3105.800287
-24.0,500,3105.925533
-22.6,500,3106.051546
-24.6,500,3106.178733
-22.9,500,3106.304326
-22.7,500,3106.42976
-23.5,500,3106.555581
-22.7,500,3106.680911
-22.7,500,3106.843902
-23.4,500,3106.969376
-22.5,500,3107.094432
-23.1,500,3107.219566
-22.9,500,3107.344567
-23.1,500,3107.470746
-22.7,500,3107.596071
-22.8,500,3107.721519
-22.7,500,3107.846773
-22.7,500,3107.971728
-28.2,500,3108.098607
-22.7,500,3108.223525
-23.2,500,3108.348529
-22.9,500,3108.473575
-22.5,500,3108.59913
-22.8,500,3108.724199
-22.9,500,3108.849435
-22.7,500,3108.975106
-22.7,500,3109.100472
-62.0,500,3109.226535
-46.6,500,3109.352332
-25.4,500,3109.478061
-23.1,500,3109.603755
-22.6,500,3109.731498
-22.7,500,3109.857009
-25.1,500,3109.982632
-24.5,500,3110.108337
-22.6,500,3110.233439
-22.8,500,3110.358417
-23.2,500,3110.483543
-23.0,500,3110.609507
-23.0,500,3110.734701
-22.8,500,3110.859371
-23.1,500,3110.984363
-22.5,500,3111.110134
-22.5,500,3111.235872
-23.3,500,3111.36223
-25.2,500,3111.487946
-22.8,500,3111.613596
-23.3,500,3111.739462
-23.0,500,3111.865459
-23.8,500,3111.991709
-22.9,500,3112.118041
-23.3,500,3112.243424
-22.7,500,3112.36893
-22.8,500,3112.494099
-22.5,500,3112.619313
-23.1,500,3112.744344
-22.7,500,3112.870496
-22.5,500,3112.995424
-22.5,500,3113.120748
-22.9,500,3113.246062
-22.5,500,3113.371281
-22.8,500,3113.4971
-22.9,500,3113.622102
-22.5,500,3113.747734
-22.7,500,3113.873015
-22.6,500,3113.998367
-23.1,500,3114.123414
-23.0,500,3114.248198
-22.6,500,3114.374037
-22.7,500,3114.498848
-23.1,500,3114.624955
-23.1,500,3114.750892
-23.4,500,3114.876201
-23.9,500,3115.001759
-22.9,500,3115.127349
-119.3,500,3115.253063
-32.3,500,3115.378752
-22.9,500,3115.504108
-23.0,500,3115.629949
-22.7,500,3115.755384
-22.5,500,3115.881321
-22.5,500,3116.00722
-22.8,500,3116.132681
-22.5,500,3116.257693
-22.6,500,3116.383335
-22.5,500,3116.508952
-22.7,500,3116.634941
-23.0,500,3116.760033
-22.9,500,3116.886138
-23.0,500,3117.011551
-22.6,500,3117.137583
-24.2,500,3117.26285
-28.9,500,3117.388017
-22.9,500,3117.513905
-23.1,500,3117.638866
-23.2,500,3117.763637
-22.6,500,3117.888788
-23.4,500,3118.01345
-22.7,500,3118.138709
-23.4,500,3118.264361
-23.6,500,3118.391132
-22.8,500,3118.516695
-22.7,500,3118.642345
-22.5,500,3118.767513
-22.7,500,3118.893256
-22.7,500,3119.01903
-22.9,500,3119.144395
-23.2,500,3119.269828
-22.5,500,3119.395383
-23.3,500,3119.520458
-22.7,500,3119.648005
-22.7,500,3119.77405
-31.7,500,3119.943397
-22.5,500,3120.068738
-22.6,500,3120.193982
-23.8,500,3120.319575
-22.9,500,3120.445339
-23.2,500,3120.570407
-22.6,500,3120.695905
-23.2,500,3120.821222
-22.8,500,3120.94667
-22.7,500,3121.072487
-23.9,500,3121.197891
-22.5,500,3121.323504
-22.8,500,3121.448774
-22.6,500,3121.574223
-22.9,500,3121.699791
-22.8,500,3121.825606
-23.6,500,3121.951497
-22.8,500,3122.077017
-23.5,500,3122.202893
-22.9,500,3122.328279
-23.3,500,3122.453848
-22.5,500,3122.578738
-23.0,500,3122.704584
-31.1,500,3122.829938
-49.5,500,3122.95503
-23.6,500,3123.080091
-22.5,500,3123.20625
-22.5,500,3123.331105
-22.7,500,3123.456741
-23.1,500,3123.584618
-23.3,500,3123.70994
-23.1,500,3123.835265
-23.0,500,3123.960735
-22.8,500,3124.085493
-22.7,500,3124.210979
-22.5,500,3124.337334
-23.5,500,3124.463022
-22.8,500,3124.588172
-23.6,500,3124.715315
-23.5,500,3124.840775
-22.9,500,3124.966944
-22.5,500,3125.093478
-22.8,500,3125.218389
-22.8,500,3125.343662
-22.5,500,3125.469139
-22.6,500,3125.594565
-22.9,500,3125.720362
-25.2,500,3125.845713
-22.7,500,3125.971085
-22.5,500,3126.096389
-22.5,500,3126.221984
-22.9,500,3126.346971
-23.3,500,3126.473169
-22.5,500,3126.598188
-22.9,500,3126.723342
-37.6,500,3126.84885
-22.7,500,3126.974736
-23.3,500,3127.099864
-22.7,500,3127.225191
-22.5,500,3127.351396
-23.1,500,3127.476936
-22.8,500,3127.602336
-22.9,500,3127.727815
-22.6,500,3127.853297
-22.8,500,3127.978914
-31.4,500,3128.104771
-25.4,500,3128.230495
-28.7,500,3128.355768
-23.4,500,3128.481581
-24.3,500,3128.607272
-22.7,500,3128.732322
-25.4,500,3128.858382
-24.4,500,3128.984695
-23.0,500,3129.109818
-23.2,500,3129.234655
-22.9,500,3129.360018
-22.6,500,3129.485398
-22.6,500,3129.610328
-22.6,500,3129.738454
-23.4,500,3129.863811
-22.9,500,3129.989504
-22.6,500,3130.115218
-24.3,500,3130.240524
-22.8,500,3130.364889
-22.6,500,3130.490316
-22.8,500,3130.615653
-22.5,500,3130.741102
-22.9,500,3130.866525
-22.6,500,3130.991551
-24.8,500,3131.116732
-23.1,500,3131.241847
-26.8,500,3131.367223
-22.7,500,3131.492394
-24.5,500,3131.617742
-22.8,500,3131.743267
-25.4,500,3131.868365
-23.1,500,3131.993748
-22.9,500,3132.119669
-22.7,500,3132.244481
-23.0,500,3132.369365
-23.3,500,3132.494885
-23.5,500,3132.619917
-35.7,500,3132.745549
-23.3,500,3132.917261
-22.6,500,3133.042738
-22.7,500,3133.167779
-22.5,500,3133.292704
-22.5,500,3133.417648
-22.9,500,3133.542985
-22.9,500,3133.668106
-22.7,500,3133.792895
-22.6,500,3133.918227
-22.7,500,3134.043469
-22.8,500,3134.169909
-22.5,500,3134.295483
-23.3,500,3134.420761
-22.6,500,3134.54623
-22.6,500,3134.673451
-22.5,500,3134.798966
-22.6,500,3134.924431
-23.2,500,3135.049476
-22.7,500,3135.174837
-22.5,500,3135.300122
-23.7,500,3135.425149
-22.7,500,3135.550162
-22.5,500,3135.676286
-22.9,500,3135.801872
-22.9,500,3135.926773
-22.7,500,3136.052466
-67.9,500,3136.178149
-48.2,500,3136.303445
-47.8,500,3136.428351
-47.7,500,3136.554299
-47.8,500,3136.679383
-22.6,500,3136.804858
-22.7,500,3136.930263
-22.9,500,3137.05578
-23.0,500,3137.18179
-23.1,500,3137.306946
-22.6,500,3137.432433
-23.0,500,3137.557598
-22.9,500,3137.682951
-22.9,500,3137.808169
-23.1,500,3137.933392
-22.6,500,3138.059998
-31.7,500,3138.18731
-23.4,500,3138.313534
-23.1,500,3138.438906
-23.6,500,3138.564563
-22.5,500,3138.689806
-23.0,500,3138.814943
-22.9,500,3138.940859
-23.0,500,3139.066438
-23.4,500,3139.191804
-22.7,500,3139.317384
-22.5,500,3139.443244
-22.9,500,3139.569549
-23.2,500,3139.698328
-26.7,500,3139.82407
-28.2,500,3139.949344
-51.4,500,3140.075179
-50.2,500,3140.200377
-47.2,500,3140.326169
-22.8,500,3140.451563
-23.0,500,3140.577031
-22.5,500,3140.702283
-22.5,500,3140.828483
-23.1,500,3140.953701
-23.7,500,3141.078787
-22.5,500,3141.204374
-22.9,500,3141.32961
-22.9,500,3141.455226
-23.2,500,3141.580292
-30.6,500,3141.70587
-22.5,500,3141.831596
-22.5,500,3141.957341
-22.7,500,3142.083091
-22.7,500,3142.208195
-23.1,500,3142.333839
-22.7,500,3142.459513
-22.5,500,3142.584634
-22.5,500,3142.710584
-61.2,500,3142.836062
-51.0,500,3142.961377
-47.7,500,3143.087058
-47.8,500,3143.21218
-47.9,500,3143.338107
-48.1,500,3143.463762
-48.3,500,3143.597276
-48.5,500,3143.742156
-47.4,500,3143.880868
-22.8,500,3144.024447
-48.1,500,3144.164261
-50.9,500,3144.302172
-23.3,500,3144.427942
-22.9,500,3144.554226
-23.2,500,3144.682164
-23.3,500,3144.807724
-23.1,500,3144.933258
-22.5,500,3145.05877
-22.9,500,3145.184108
-22.7,500,3145.309822
-22.5,500,3145.439632
-22.5,500,3145.58125
-22.6,500,3145.706663
-24.1,500,3145.869556
-22.5,500,3145.994686
-23.1,500,3146.120477
-22.9,500,3146.246185
-23.3,500,3146.371726
-22.7,500,3146.497232
-23.3,500,3146.622845
-22.5,500,3146.748487
-23.0,500,3146.874084
-22.7,500,3146.999947
-22.5,500,3147.125897
-22.5,500,3147.251827
-22.6,500,3147.379014
-23.4,500,3147.50444
-22.7,500,3147.629846
-25.2,500,3147.754768
-22.8,500,3147.879771
-22.9,500,3148.004495
-23.3,500,3148.130435
-22.5,500,3148.255936
-22.7,500,3148.381075
-23.0,500,3148.506604
-23.1,500,3148.631822
-25.8,500,3148.757301
-24.0,500,3148.883022
-23.1,500,3149.009687
-22.9,500,3149.13542
-24.0,500,3149.260965
-22.8,500,3149.386775
-22.8,500,3149.512312
-23.0,500,3149.638872
-26.4,500,3149.766563
-22.8,500,3149.892076
-22.8,500,3150.017727
-22.6,500,3150.143218
-24.1,500,3150.268959
-23.1,500,3150.394738
-22.7,500,3150.521771
-22.6,500,3150.647069
-22.7,500,3150.772788
-23.2,500,3150.898307
-22.9,500,3151.024213
-23.1,500,3151.150478
-27.2,500,3151.27734
-22.7,500,3151.402542
-22.5,500,3151.527671
-22.8,500,3151.653384
-23.0,500,3151.778488
-22.8,500,3151.904191
-22.6,500,3152.030736
-23.9,500,3152.155914
-22.5,500,3152.281475
-22.5,500,3152.407424
-23.0,500,3152.532693
-23.2,500,3152.658241
-23.3,500,3152.783753
-22.9,500,3152.909186
-23.2,500,3153.034592
-22.9,500,3153.160256
-22.6,500,3153.285368
-22.6,500,3153.410545
-22.9,500,3153.537186
-22.9,500,3153.662678
-22.8,500,3153.788024
-22.6,500,3153.913328
-22.6,500,3154.038554
-22.8,500,3154.164298
-23.3,500,3154.290285
-22.9,500,3154.416533
-22.9,500,3154.542121
-22.7,500,3154.669536
-22.7,500,3154.795683
-22.7,500,3154.92122
-22.6,500,3155.046486
-24.5,500,3155.171832
-23.1,500,3155.296501
-85.4,500,3155.421913
-23.2,500,3155.547672
-22.8,500,3155.672815
-23.2,500,3155.798708
-22.5,500,3155.923385
-23.3,500,3156.048676
-23.4,500,3156.174051
-23.0,500,3156.298848
-23.2,500,3156.424438
-23.4,500,3156.550837
-22.7,500,3156.675971
-22.7,500,3156.801221
-22.9,500,3156.926698
-73.6,500,3157.05197
-52.3,500,3157.177228
-45.7,500,3157.303542
-23.0,500,3157.428768
-5.9,500,3157.554581
-23.5,500,3157.679817
-33.3,500,3157.805302
-23.4,500,3157.930736
-22.8,500,3158.056487
-23.0,500,3158.182147
-5.1,500,3158.307641
-85.2,500,3158.432946
-23.7,500,3158.558967
-22.8,500,3158.684658
-23.4,500,3158.852572
-23.4,500,3158.978141
-23.0,500,3159.103582
-26.3,500,3159.228754
-23.0,500,3159.354805
-23.5,500,3159.481387
-22.5,500,3159.60704
-22.9,500,3159.733855
-23.4,500,3159.859978
-22.7,500,3159.984983
-23.5,500,3160.111066
-23.1,500,3160.237342
-22.9,500,3160.362704
-26.3,500,3160.488373
-23.4,500,3160.613789
-23.7,500,3160.739422
-22.7,500,3160.865058
-22.8,500,3160.990741
-22.9,500,3161.116643
-23.4,500,3161.242275
-22.6,500,3161.367933
-22.8,500,3161.493747
-22.8,500,3161.619269
-22.9,500,3161.745276
-22.9,500,3161.870965
-22.6,500,3161.996423
-23.5,500,3162.12172
-22.5,500,3162.247197
-22.7,500,3162.372925
-30.4,500,3162.498776
-23.1,500,3162.625928
-22.6,500,3162.751415
-22.5,500,3162.876646
-22.7,500,3163.002163
-23.2,500,3163.127693
-22.9,500,3163.252687
-22.6,500,3163.377862
-22.8,500,3163.504118
-22.9,500,3163.629564
-22.6,500,3163.754469
-23.5,500,3163.879703
-22.5,500,3164.00515
-23.3,500,3164.12994
-22.7,500,3164.255562
-22.5,500,3164.381828
-23.0,500,3164.507273
-22.5,500,3164.632388
-23.1,500,3164.759667
-22.5,500,3164.885242
-23.9,500,3165.011402
-23.0,500,3165.137322
-22.8,500,3165.262746
-22.9,500,3165.388021
-23.1,500,3165.513683
-22.8,500,3165.639092
-22.5,500,3165.765427
-53.1,500,3165.890653
-22.5,500,3166.015995
-22.5,500,3166.141757
-23.3,500,3166.266986
-22.5,500,3166.392871
-22.7,500,3166.518571
-22.6,500,3166.644211
-22.5,500,3166.769446
-23.0,500,3166.89442
-22.8,500,3167.019464
-22.8,500,3167.144246
-23.0,500,3167.270013
-22.5,500,3167.396063
-23.0,500,3167.521422
-22.6,500,3167.646619
-24.8,500,3167.772019
-22.5,500,3167.897316
-34.0,500,3168.022559
-22.6,500,3168.147999
-22.5,500,3168.273163
-22.9,500,3168.398018
-22.7,500,3168.523659
-22.5,500,3168.649487
-22.5,500,3168.775239
-22.7,500,3168.900717
-23.1,500,3169.026227
-23.3,500,3169.152067
-24.5,500,3169.277199
-23.0,500,3169.402496
-22.7,500,3169.527648
-22.7,500,3169.654103
-22.5,500,3169.780878
-23.1,500,3169.906832
-22.7,500,3170.03232
-25.1,500,3170.157874
-22.6,500,3170.283397
-22.8,500,3170.409584
-23.2,500,3170.537533
-22.9,500,3170.663055
-23.3,500,3170.788423
-23.2,500,3170.913354
-23.1,500,3171.038393
-22.8,500,3171.164673
-26.3,500,3171.28963
-63.2,500,3171.415189
-47.6,500,3171.540448
-48.8,500,3171.665669
-47.0,500,3171.790816
-23.4,500,3171.950967
-22.9,500,3172.076495
-23.3,500,3172.201748
-22.6,500,3172.326261
-23.5,500,3172.452095
-22.8,500,3172.578322
-22.8,500,3172.703364
-22.5,500,3172.828398
-23.0,500,3172.953845
-22.8,500,3173.078971
-24.2,500,3173.204612
-23.1,500,3173.331029
-23.4,500,3173.456717
-33.1,500,3173.582251
-22.7,500,3173.71138
-25.3,500,3173.837642
-26.6,500,3173.963799
-28.3,500,3174.090165
-22.4,500,3174.21573
-22.1,500,3174.340793
-22.6,500,3174.468479
-23.1,500,3174.593239
-22.9,500,3174.719644
-22.7,500,3174.846132
-22.8,500,3174.972106
-23.3,500,3175.097178
-23.5,500,3175.222576
-22.8,500,3175.347536
-22.8,500,3175.472929
-22.9,500,3175.598049
-22.5,500,3175.723291
-22.9,500,3175.84795
-22.7,500,3175.973041
-23.4,500,3176.098232
-22.7,500,3176.223233
-23.2,500,3176.348234
-22.5,500,3176.473441
-22.9,500,3176.59838
-23.1,500,3176.723103
-23.3,500,3176.848233
-22.8,500,3176.97335
-22.8,500,3177.09866
-23.2,500,3177.224036
-22.8,500,3177.350364
-22.8,500,3177.476079
-22.9,500,3177.600774
-22.8,500,3177.725928
-22.9,500,3177.851054
-22.9,500,3177.976305
-22.8,500,3178.101944
-25.3,500,3178.227673
-23.1,500,3178.352824
-26.5,500,3178.477847
-23.0,500,3178.603619
-23.2,500,3178.729294
-23.0,500,3178.855137
-23.0,500,3178.981576
-22.6,500,3179.107084
-22.9,500,3179.232377
-23.2,500,3179.357842
-22.9,500,3179.483119
-22.9,500,3179.609493
-22.9,500,3179.737565
-22.7,500,3179.86348
-25.0,500,3179.98938
-25.5,500,3180.114702
-22.7,500,3180.239909
-23.7,500,3180.365052
-22.7,500,3180.490419
-28.4,500,3180.615441
-87.7,500,3180.740981
-23.6,500,3180.866749
-22.8,500,3180.992434
-22.6,500,3181.118092
-22.7,500,3181.244034
-23.7,500,3181.369409
-23.8,500,3181.49478
-22.9,500,3181.619931
-22.7,500,3181.745572
-22.7,500,3181.871022
-23.8,500,3181.997188
-23.2,500,3182.12392
-23.2,500,3182.249437
-23.1,500,3182.374932
-22.5,500,3182.500992
-22.6,500,3182.626096
-22.7,500,3182.751921
-22.9,500,3182.876381
-23.0,500,3183.001663
-23.3,500,3183.127418
-23.1,500,3183.252877
-23.2,500,3183.378395
-23.0,500,3183.503881
-22.6,500,3183.629368
-22.6,500,3183.755406
-22.7,500,3183.88127
-22.9,500,3184.007098
-23.0,500,3184.13244
-23.1,500,3184.257471
-22.7,500,3184.383133
-22.8,500,3184.50879
-22.7,500,3184.633934
-23.1,500,3184.761776
-22.7,500,3184.886944
-22.9,500,3185.055317
-23.9,500,3185.180533
-22.8,500,3185.305567
-23.2,500,3185.43057
-22.6,500,3185.555932
-22.7,500,3185.681649
-22.6,500,3185.808864
-22.9,500,3185.934498
-22.8,500,3186.059913
-22.8,500,3186.185119
-24.1,500,3186.310516
-31.1,500,3186.435559
-22.9,500,3186.561577
-22.7,500,3186.686814
-22.8,500,3186.811897
-23.3,500,3186.936926
-23.4,500,3187.061977
-22.5,500,3187.187073
-23.5,500,3187.31217
-22.8,500,3187.437639
-23.0,500,3187.562907
-23.2,500,3187.688186
-24.8,500,3187.813074
-23.1,500,3187.938162
-23.8,500,3188.063389
-23.3,500,3188.188874
-22.8,500,3188.31571
-28.4,500,3188.441671
-23.0,500,3188.566989
-22.8,500,3188.69244
-22.8,500,3188.818452
-22.6,500,3188.944013
-22.6,500,3189.069622
-23.3,500,3189.194647
-23.6,500,3189.319742
-23.9,500,3189.444986
-22.8,500,3189.570301
-22.6,500,3189.696611
-23.4,500,3189.822591
-22.5,500,3189.949653
-24.8,500,3190.075422
-23.7,500,3190.200478
-38.9,500,3190.325887
-23.0,500,3190.451261
-22.5,500,3190.577011
-23.5,500,3190.702048
-23.2,500,3190.827269
-22.8,500,3190.952725
-22.6,500,3191.07824
-22.6,500,3191.20403
-22.7,500,3191.329801
-22.6,500,3191.45541
-22.9,500,3191.581214
-23.1,500,3191.706696
-22.2,500,3191.832265
-22.2,500,3191.95734
-22.6,500,3192.083241
-22.4,500,3192.208689
-22.3,500,3192.334324
-21.8,500,3192.459701
-24.4,500,3192.585668
-23.5,500,3192.710812
-21.8,500,3192.836135
-22.2,500,3192.961591
-22.9,500,3193.087193
-22.7,500,3193.212651
-22.7,500,3193.338456
-22.7,500,3193.463972
-22.7,500,3193.589124
-23.3,500,3193.715204
-22.6,500,3193.840791
-23.2,500,3193.966368
-23.1,500,3194.092166
-22.8,500,3194.217784
-22.5,500,3194.342715
-22.7,500,3194.467814
-23.1,500,3194.593922
-22.5,500,3194.721048
-46.9,500,3194.847362
-23.1,500,3194.973303
-22.9,500,3195.098921
-22.5,500,3195.224586
-23.0,500,3195.349688
-23.8,500,3195.475161
-22.7,500,3195.600309
-22.5,500,3195.725605
-23.2,500,3195.850622
-22.8,500,3195.976298
-22.5,500,3196.101987
-22.6,500,3196.228292
-22.5,500,3196.354284
-23.2,500,3196.479597
-22.9,500,3196.605157
-22.8,500,3196.730829
-22.7,500,3196.856754
-22.5,500,3196.981903
-22.9,500,3197.107801
-22.7,500,3197.233163
-22.7,500,3197.358564
-22.6,500,3197.48413
-25.7,500,3197.610006
-22.9,500,3197.735574
-22.8,500,3197.861577
-22.7,500,3197.987387
-23.0,500,3198.147526
-23.1,500,3198.272584
-22.7,500,3198.398091
-22.9,500,3198.52315
-23.2,500,3198.648157
-22.9,500,3198.773294
-22.6,500,3198.89838
-22.8,500,3199.023678
-23.6,500,3199.148854
-24.0,500,3199.273597
-23.3,500,3199.398999
-33.7,500,3199.52402
-24.8,500,3199.649043
-22.7,500,3199.776079
-22.9,500,3199.901748
-23.6,500,3200.02723
-23.3,500,3200.152672
-22.5,500,3200.277642
-23.1,500,3200.40287
-22.5,500,3200.527915
-22.7,500,3200.653614
-23.1,500,3200.778281
-22.9,500,3200.903588
-22.6,500,3201.028752
-22.5,500,3201.15342
-22.9,500,3201.27832
-23.7,500,3201.403883
-23.0,500,3201.529749
-22.5,500,3201.657517
-22.8,500,3201.782482
-22.6,500,3201.907674
-22.6,500,3202.032752
-22.6,500,3202.158358
-22.9,500,3202.283765
-22.5,500,3202.410019
-23.2,500,3202.535307
-22.9,500,3202.660996
-24.0,500,3202.786331
-23.6,500,3202.911204
-22.5,500,3203.036456
-22.9,500,3203.162781
-23.0,500,3203.288026
-23.4,500,3203.413385
-23.1,500,3203.540005
-22.9,500,3203.665729
-22.8,500,3203.791167
-22.5,500,3203.917149
-24.3,500,3204.042143
-22.5,500,3204.167164
-22.5,500,3204.292476
-22.9,500,3204.417575
-23.1,500,3204.542765
-22.7,500,3204.668847
-22.5,500,3204.795644
-22.8,500,3204.921008
-23.0,500,3205.04618
-23.1,500,3205.171866
-22.1,500,3205.296995
-22.3,500,3205.42265
-24.1,500,3205.549286
-22.8,500,3205.675121
-23.4,500,3205.800751
-23.1,500,3205.926541
-22.7,500,3206.051722
-23.4,500,3206.177904
-22.6,500,3206.304344
-24.2,500,3206.430504
-22.8,500,3206.556048
-22.9,500,3206.681123
-23.2,500,3206.80642
-22.7,500,3206.931701
-22.7,500,3207.057347
-22.7,500,3207.182602
-22.8,500,3207.307608
-23.4,500,3207.432719
-23.1,500,3207.558076
-23.0,500,3207.68334
-23.7,500,3207.808729
-23.3,500,3207.934809
-22.9,500,3208.059892
-22.8,500,3208.185069
-23.0,500,3208.310346
-29.6,500,3208.435232
-23.1,500,3208.55973
-23.0,500,3208.685648
-22.7,500,3208.81088
-22.6,500,3208.936162
-23.0,500,3209.061148
-22.9,500,3209.186121
-22.9,500,3209.31106
-22.5,500,3209.436782
-23.1,500,3209.561523
-23.0,500,3209.687359
-32.8,500,3209.813746
-22.6,500,3209.939263
-22.8,500,3210.064702
-22.6,500,3210.190891
-23.0,500,3210.317526
-22.5,500,3210.44324
-22.7,500,3210.568869
-23.1,500,3210.694403
-22.9,500,3210.819888
-22.9,500,3210.945936
-23.0,500,3211.071194
-27.9,500,3211.232942
-31.3,500,3211.358103
-23.0,500,3211.484272
-22.5,500,3211.609561
-22.7,500,3211.734417
-3.0,500,3211.859394
-22.7,500,3211.984737
-22.7,500,3212.109706
-22.9,500,3212.235562
-23.0,500,3212.359975
-23.4,500,3212.485303
-22.8,500,3212.610032
-22.7,500,3212.7353
-22.6,500,3212.860507
-23.1,500,3212.985536
-22.6,500,3213.111535
-22.5,500,3213.236799
-23.4,500,3213.362285
-22.9,500,3213.486967
-23.0,500,3213.612412
-23.0,500,3213.737869
-23.1,500,3213.863514
-23.2,500,3213.98919
-23.9,500,3214.1142
-23.0,500,3214.239821
-23.1,500,3214.365003
-23.0,500,3214.490273
-22.5,500,3214.615408
-22.5,500,3214.743864
-23.3,500,3214.869767
-22.9,500,3214.994807
-22.9,500,3215.11975
-24.6,500,3215.245676
-22.8,500,3215.370512
-22.7,500,3215.496317
-23.1,500,3215.622821
-22.7,500,3215.747991
-22.6,500,3215.872712
-23.7,500,3215.99784
-65.8,500,3216.122723
-23.3,500,3216.247805
-23.5,500,3216.373744
-22.7,500,3216.500122
-23.0,500,3216.625915
-23.1,500,3216.751541
-22.8,500,3216.877261
-23.2,500,3217.002635
-22.7,500,3217.128156
-22.9,500,3217.254286
-22.9,500,3217.379539
-22.7,500,3217.504886
-22.5,500,3217.630262
-23.1,500,3217.755954
-22.9,500,3217.881268
-22.9,500,3218.007161
-35.4,500,3218.133877
-24.4,500,3218.2598
-23.0,500,3218.385173
-22.6,500,3218.510828
-22.8,500,3218.636517
-22.7,500,3218.762736
-22.8,500,3218.888013
-22.8,500,3219.01393
-22.5,500,3219.139819
-23.4,500,3219.265166
-22.8,500,3219.390441
-23.3,500,3219.515703
-22.7,500,3219.641716
-22.5,500,3219.768939
-22.5,500,3219.894283
-23.0,500,3220.019505
-33.2,500,3220.144676
-22.9,500,3220.269757
-22.5,500,3220.395551
-23.8,500,3220.520718
-23.0,500,3220.645736
-23.5,500,3220.770893
-22.6,500,3220.895647
-22.6,500,3221.020981
-23.3,500,3221.14679
-23.2,500,3221.271727
-22.7,500,3221.396907
-23.0,500,3221.522728
-22.6,500,3221.6477
-23.0,500,3221.772862
-22.8,500,3221.898885
-22.5,500,3222.023853
-22.8,500,3222.149226
-22.5,500,3222.27466
-23.0,500,3222.399982
-22.6,500,3222.525326
-23.4,500,3222.650356
-22.5,500,3222.776142
-23.0,500,3222.901588
-22.6,500,3223.026655
-22.5,500,3223.151994
-23.1,500,3223.277445
-23.1,500,3223.403305
-22.9,500,3223.528451
-22.6,500,3223.65374
-22.8,500,3223.77922
-26.3,500,3223.904131
-22.9,500,3224.029742
-22.5,500,3224.192302
-22.9,500,3224.318115
-22.5,500,3224.443023
-22.6,500,3224.568254
-22.5,500,3224.694543
-22.9,500,3224.821433
-23.8,500,3224.946836
-22.7,500,3225.071245
-22.8,500,3225.196481
-22.7,500,3225.321678
-22.5,500,3225.446358
-22.6,500,3225.571447
-23.3,500,3225.696397
-22.8,500,3225.821518
-22.6,500,3225.946968
-22.7,500,3226.071704
-22.5,500,3226.196732
-22.9,500,3226.322206
-64.1,500,3226.448341
-48.3,500,3226.574938
-47.7,500,3226.700645
-23.0,500,3226.826289
-25.4,500,3226.951589
-23.2,500,3227.076992
-26.5,500,3227.20223
-22.9,500,3227.327656
-22.6,500,3227.45338
-22.9,500,3227.578639
-23.0,500,3227.704452
-22.6,500,3227.829928
-23.2,500,3227.9551
-24.7,500,3228.080787
-22.5,500,3228.206679
-22.7,500,3228.331956
-22.7,500,3228.4574
-23.2,500,3228.582723
-22.9,500,3228.707677
-23.3,500,3228.833714
-22.5,500,3228.959942
-23.0,500,3229.085364
-23.2,500,3229.21043
-22.8,500,3229.33577
-5.2,500,3229.461439
-26.1,500,3229.587772
-23.5,500,3229.713965
-22.7,500,3229.839952
-22.7,500,3229.965364
-24.0,500,3230.090703
-22.7,500,3230.215696
-23.2,500,3230.341665
-22.7,500,3230.466334
-22.8,500,3230.591701
-22.7,500,3230.717277
-23.0,500,3230.84235
-22.8,500,3230.967673
-23.1,500,3231.092866
-23.0,500,3231.218738
-24.0,500,3231.344291
-22.6,500,3231.46949
-22.7,500,3231.595227
-25.8,500,3231.720471
-23.0,500,3231.845266
-22.6,500,3231.970744
-22.6,500,3232.095975
-22.6,500,3232.221252
-23.1,500,3232.346556
-22.7,500,3232.472039
-23.1,500,3232.597893
-22.9,500,3232.723568
-22.7,500,3232.850482
-24.2,500,3232.976544
-22.8,500,3233.101778
-22.9,500,3233.22692
-23.0,500,3233.351894
-22.5,500,3233.477324
-23.0,500,3233.602683
-22.6,500,3233.728416
-35.6,500,3233.85367
-24.3,500,3233.979029
-22.9,500,3234.10442
-22.5,500,3234.230004
-23.0,500,3234.355785
-22.8,500,3234.481242
-22.9,500,3234.606524
-22.7,500,3234.733194
-22.6,500,3234.859059
-23.1,500,3234.984772
-22.5,500,3235.110073
-22.8,500,3235.235515
-23.3,500,3235.361116
-22.9,500,3235.487968
-22.7,500,3235.613766
-23.5,500,3235.738978
-22.6,500,3235.864857
-23.5,500,3235.990565
-23.2,500,3236.115924
-23.0,500,3236.241209
-22.5,500,3236.366121
-33.2,500,3236.491703
-22.8,500,3236.618206
-23.1,500,3236.744863
-23.0,500,3236.870088
-22.5,500,3236.995442
-22.5,500,3237.120638
-23.2,500,3237.280913
-22.7,500,3237.406628
-23.3,500,3237.531649
-23.4,500,3237.657034
-23.2,500,3237.782206
-23.5,500,3237.907647
-23.0,500,3238.033381
-23.0,500,3238.158267
-23.6,500,3238.283174
-22.8,500,3238.408425
-22.6,500,3238.533921
-22.9,500,3238.658843
-25.4,500,3238.784529
-23.1,500,3238.909726
-23.2,500,3239.034732
-22.8,500,3239.160386
-22.9,500,3239.285475
-23.0,500,3239.410616
-22.9,500,3239.536472
-23.3,500,3239.662824
-23.4,500,3239.790517
-22.7,500,3239.915771
-23.0,500,3240.041262
-22.5,500,3240.166478
-23.1,500,3240.292495
-23.1,500,3240.417726
-25.7,500,3240.543347
-23.4,500,3240.668313
-22.7,500,3240.793395
-22.9,500,3240.918502
-23.3,500,3241.044343
-23.0,500,3241.170179
-28.8,500,3241.295544
-23.3,500,3241.420557
-23.7,500,3241.546463
-23.0,500,3241.67216
-22.8,500,3241.797188
-23.3,500,3241.923108
-22.5,500,3242.04919
-23.0,500,3242.174426
-22.6,500,3242.299707
-23.2,500,3242.42517
-22.6,500,3242.550584
-23.0,500,3242.676547
-22.8,500,3242.803366
-22.9,500,3242.929623
-22.8,500,3243.055325
-22.7,500,3243.180554
-23.0,500,3243.305789
-24.1,500,3243.431147
-64.8,500,3243.557216
-47.4,500,3243.682274
-47.4,500,3243.808018
-47.0,500,3243.933562
-47.2,500,3244.058926
-47.2,500,3244.184259
-22.8,500,3244.310807
-23.7,500,3244.436013
-22.7,500,3244.561688
-23.0,500,3244.686742
-22.9,500,3244.813848
-22.8,500,3244.939333
-22.6,500,3245.06408
-23.2,500,3245.189563
-22.5,500,3245.314355
-22.6,500,3245.43939
-23.0,500,3245.564191
-23.4,500,3245.689216
-23.1,500,3245.8139
-22.8,500,3245.939208
-22.7,500,3246.065769
-22.6,500,3246.191132
-22.9,500,3246.316632
-22.6,500,3246.441747
-22.6,500,3246.567262
-22.7,500,3246.693235
-23.0,500,3246.819715
-22.6,500,3246.944618
-23.0,500,3247.069669
-29.4,500,3247.194663
-24.1,500,3247.319879
-22.0,500,3247.444847
-31.0,500,3247.570448
-23.1,500,3247.69589
-23.5,500,3247.820507
-22.7,500,3247.946061
-23.3,500,3248.071807
-22.7,500,3248.196706
-23.6,500,3248.322275
-22.5,500,3248.449041
-23.3,500,3248.574841
-24.1,500,3248.69998
-39.8,500,3248.825675
-22.7,500,3248.951028
-23.5,500,3249.076277
-22.6,500,3249.202131
-22.9,500,3249.327616
-23.5,500,3249.452814
-22.9,500,3249.578001
-22.8,500,3249.703395
-22.7,500,3249.830548
-22.7,500,3249.956336
-32.1,500,3250.081239
-23.3,500,3250.241258
-22.6,500,3250.366582
-22.6,500,3250.491762
-23.0,500,3250.617484
-22.7,500,3250.742488
-22.6,500,3250.867471
-23.3,500,3250.993039
-23.4,500,3251.117495
-27.6,500,3251.242671
-22.9,500,3251.368164
-22.7,500,3251.494902
-22.7,500,3251.620689
-22.9,500,3251.746203
-22.7,500,3251.872097
-23.3,500,3251.998219
-22.5,500,3252.123127
-22.7,500,3252.24813
-24.5,500,3252.373184
-23.0,500,3252.498447
-22.9,500,3252.623621
-22.5,500,3252.748629
-23.7,500,3252.873893
-23.2,500,3252.999073
-22.7,500,3253.124279
-23.2,500,3253.249651
-22.9,500,3253.374803
-22.7,500,3253.500235
-54.9,500,3253.626067
-29.1,500,3253.751736
-23.0,500,3253.87717
-22.9,500,3254.003148
-23.5,500,3254.128659
-23.3,500,3254.254635
-22.7,500,3254.380668
-22.5,500,3254.505909
-23.4,500,3254.631157
-23.0,500,3254.758404
-23.6,500,3254.884455
-22.9,500,3255.009826
-22.5,500,3255.135062
-23.0,500,3255.260481
-23.3,500,3255.385878
-23.1,500,3255.511206
-23.7,500,3255.636387
-23.3,500,3255.761277
-22.9,500,3255.886511
-22.7,500,3256.013926
-22.7,500,3256.139365
-23.2,500,3256.26424
-22.5,500,3256.389656
-22.5,500,3256.5151
-22.5,500,3256.641032
-22.7,500,3256.768249
-22.6,500,3256.894338
-22.7,500,3257.019894
-23.2,500,3257.145491
-22.9,500,3257.271163
-22.5,500,3257.396765
-22.8,500,3257.522773
-23.2,500,3257.648496
-23.4,500,3257.773705
-22.9,500,3257.898926
-22.6,500,3258.024703
-24.5,500,3258.149889
-22.7,500,3258.276108
-23.3,500,3258.401838
-22.6,500,3258.527206
-22.5,500,3258.652256
-22.8,500,3258.777644
-22.6,500,3258.902743
-45.0,500,3259.028057
-27.3,500,3259.154176
-22.6,500,3259.279733
-23.1,500,3259.405382
-22.9,500,3259.530894
-23.0,500,3259.65672
-22.5,500,3259.784629
-24.7,500,3259.911269
-22.5,500,3260.037035
-22.7,500,3260.162116
-23.0,500,3260.287816
-22.5,500,3260.413575
-23.0,500,3260.540262
-22.7,500,3260.666286
-22.5,500,3260.792237
-22.7,500,3260.91767
-25.1,500,3261.043396
-144.6,500,3261.169216
-27.7,500,3261.295111
-22.5,500,3261.42115
-23.5,500,3261.547004
-22.8,500,3261.672437
-22.7,500,3261.797982
-47.9,500,3261.923412
-48.3,500,3262.048618
-23.3,500,3262.173909
-23.0,500,3262.29979
-26.1,500,3262.425333
-25.0,500,3262.5506
-23.8,500,3262.675315
-23.8,500,3262.800674
-23.4,500,3262.925754
-27.5,500,3263.052054
-23.2,500,3263.177802
-23.8,500,3263.338429
-22.7,500,3263.464357
-22.9,500,3263.598304
-22.7,500,3263.751066
-23.2,500,3263.885362
-22.9,500,3264.027831
-23.0,500,3264.164712
-22.6,500,3264.301785
-22.5,500,3264.428048
-22.5,500,3264.555094
-22.9,500,3264.68081
-23.0,500,3264.80816
-23.8,500,3264.933533
-23.1,500,3265.05893
-23.1,500,3265.184227
-23.6,500,3265.310405
-22.7,500,3265.440448
-23.4,500,3265.580902
-22.7,500,3265.707029
-22.7,500,3265.832631
-22.5,500,3265.958566
-22.8,500,3266.083919
-23.4,500,3266.209729
-22.7,500,3266.335158
-23.5,500,3266.460798
-22.8,500,3266.585739
-23.2,500,3266.711319
-22.6,500,3266.837036
-23.0,500,3266.963059
-22.8,500,3267.094162
-22.6,500,3267.221165
-23.5,500,3267.347896
-22.7,500,3267.473582
-22.6,500,3267.599457
-22.7,500,3267.72493
-22.8,500,3267.850406
-22.7,500,3267.976026
-23.3,500,3268.102795
-23.8,500,3268.230764
-22.7,500,3268.357177
-22.7,500,3268.483579
-22.8,500,3268.609516
-22.9,500,3268.735361
-83.3,500,3268.860571
-23.9,500,3268.987068
-22.9,500,3269.112386
-22.9,500,3269.237833
-22.5,500,3269.363024
-22.8,500,3269.489255
-49.7,500,3269.615084
-22.8,500,3269.742451
-22.7,500,3269.868542
-22.7,500,3269.994625
-23.0,500,3270.120769
-23.0,500,3270.245631
-23.0,500,3270.37083
-22.8,500,3270.496037
-23.6,500,3270.62176
-24.6,500,3270.747456
-22.6,500,3270.872582
-22.5,500,3270.997901
-22.6,500,3271.122866
-22.7,500,3271.248693
-22.7,500,3271.373815
-22.7,500,3271.499162
-23.1,500,3271.625011
-22.8,500,3271.750364
-22.7,500,3271.87539
-55.1,500,3272.000887
-22.6,500,3272.12655
-23.6,500,3272.252255
-22.6,500,3272.377447
-23.2,500,3272.502453
-22.6,500,3272.627949
-22.5,500,3272.753199
-23.4,500,3272.878274
-22.9,500,3273.003688
-22.6,500,3273.128656
-22.5,500,3273.25432
-22.7,500,3273.379224
-23.0,500,3273.504668
-22.9,500,3273.629427
-22.9,500,3273.75554
-23.0,500,3273.882356
-22.5,500,3274.010653
-23.1,500,3274.137791
-27.6,500,3274.263351
-22.6,500,3274.388958
-22.8,500,3274.517625
-22.6,500,3274.645422
-23.2,500,3274.774169
-22.9,500,3274.900362
-23.0,500,3275.025733
-22.8,500,3275.152154
-22.5,500,3275.279245
-22.5,500,3275.404969
-23.0,500,3275.530857
-22.9,500,3275.656355
-22.7,500,3275.789248
-22.8,500,3275.914167
-23.0,500,3276.039963
-23.3,500,3276.165425
-23.3,500,3276.290515
-22.8,500,3276.41591
-22.6,500,3276.582096
-22.5,500,3276.707191
-23.6,500,3276.832037
-23.2,500,3276.957335
-22.7,500,3277.082803
-22.9,500,3277.208737
-22.6,500,3277.334427
-22.6,500,3277.45957
-23.4,500,3277.585124
-23.4,500,3277.710953
-22.6,500,3277.836771
-23.6,500,3277.962656
-22.8,500,3278.088217
-22.7,500,3278.213714
-23.1,500,3278.339548
-22.9,500,3278.465337
-22.6,500,3278.590904
-22.9,500,3278.7171
-22.6,500,3278.84309
-24.3,500,3278.968629
-22.6,500,3279.094584
-22.5,500,3279.21984
-22.7,500,3279.34527
-23.2,500,3279.471426
-22.6,500,3279.598621
-22.9,500,3279.72464
-23.2,500,3279.852427
-46.2,500,3279.978025
-22.8,500,3280.103474
-22.8,500,3280.230105
-22.7,500,3280.355694
-23.0,500,3280.481189
-22.5,500,3280.60693
-22.6,500,3280.732725
-23.1,500,3280.85835
-22.7,500,3280.983501
-23.2,500,3281.108523
-23.2,500,3281.233871
-22.8,500,3281.35939
-22.5,500,3281.484963
-27.6,500,3281.610493
-22.8,500,3281.736394
-22.6,500,3281.861716
-22.7,500,3281.987368
-22.6,500,3282.112714
-22.8,500,3282.238198
-22.8,500,3282.363991
-22.8,500,3282.489763
-22.9,500,3282.614857
-56.1,500,3282.740672
-95.9,500,3282.866174
-22.9,500,3282.991531
-23.0,500,3283.117774
-22.5,500,3283.243518
-22.6,500,3283.369946
-23.1,500,3283.495341
-22.5,500,3283.622887
-22.5,500,3283.748626
-23.2,500,3283.874448
-22.5,500,3283.999755
-22.7,500,3284.125474
-23.5,500,3284.250496
-23.3,500,3284.377063
-23.3,500,3284.502443
-22.7,500,3284.627989
-23.1,500,3284.75324
-23.3,500,3284.881291
-23.6,500,3285.007021
-22.7,500,3285.132803
-23.2,500,3285.258483
-22.7,500,3285.38429
-23.4,500,3285.509594
-23.6,500,3285.634701
-22.8,500,3285.760716
-22.7,500,3285.886652
-22.9,500,3286.012128
-22.6,500,3286.13737
-22.7,500,3286.262815
-23.5,500,3286.389671
-23.2,500,3286.515113
-22.6,500,3286.641307
-22.7,500,3286.766412
-140.8,500,3286.892173
-27.4,500,3287.017886
-23.4,500,3287.144144
-22.5,500,3287.270684
-22.6,500,3287.396106
-23.4,500,3287.521783
-23.0,500,3287.647136
-22.9,500,3287.772886
-23.0,500,3287.898182
-23.4,500,3288.024259
-25.1,500,3288.152159
-23.3,500,3288.277628
-22.7,500,3288.402992
-23.2,500,3288.527657
-22.8,500,3288.652674
-23.1,500,3288.77766
-22.6,500,3288.903025
-22.7,500,3289.028347
-22.8,500,3289.15371
-23.2,500,3289.2791
-22.9,500,3289.404313
-22.9,500,3289.529337
-23.5,500,3289.694545
-23.0,500,3289.822143
-22.5,500,3289.948635
-22.6,500,3290.073961
-23.2,500,3290.200956
-22.7,500,3290.326522
-22.6,500,3290.451883
-22.8,500,3290.577509
-23.1,500,3290.702872
-22.8,500,3290.827919
-23.5,500,3290.953488
-36.2,500,3291.079189
-23.1,500,3291.204487
-22.9,500,3291.329888
-22.9,500,3291.454979
-22.8,500,3291.580376
-28.3,500,3291.705277
-22.8,500,3291.830757
-23.5,500,3291.956209
-23.5,500,3292.081262
-22.5,500,3292.207517
-22.6,500,3292.334775
-22.7,500,3292.460343
-22.5,500,3292.586216
-22.7,500,3292.711743
-23.2,500,3292.836698
-42.3,500,3292.962235
-23.0,500,3293.087487
-23.1,500,3293.213238
-23.1,500,3293.338378
-24.8,500,3293.464344
-22.7,500,3293.589328
-22.8,500,3293.715239
-22.7,500,3293.842775
-23.1,500,3293.968094
-22.7,500,3294.093369
-23.1,500,3294.219153
-22.7,500,3294.344748
-22.8,500,3294.473449
-22.6,500,3294.598928
-39.9,500,3294.72472
-25.1,500,3294.853025
-22.6,500,3294.978621
-22.8,500,3295.104201
-22.7,500,3295.23095
-22.7,500,3295.356437
-23.2,500,3295.481323
-22.9,500,3295.606146
-22.7,500,3295.731479
-22.7,500,3295.856966
-22.7,500,3295.982839
-50.5,500,3296.108138
-22.1,500,3296.233558
-22.0,500,3296.358729
-24.2,500,3296.485278
-21.8,500,3296.610888
-23.7,500,3296.735935
-22.8,500,3296.861289
-24.1,500,3296.986895
-22.6,500,3297.120279
-22.6,500,3297.256751
-56.1,500,3297.381919
-21.8,500,3297.507281
-24.6,500,3297.632605
-22.1,500,3297.759209
-23.5,500,3297.885581
-22.2,500,3298.0119
-23.0,500,3298.139245
-25.1,500,3298.264692
-23.0,500,3298.390156
-22.7,500,3298.516014
-22.6,500,3298.641765
-22.5,500,3298.767133
-22.9,500,3298.892354
-23.1,500,3299.017187
-23.1,500,3299.143154
-22.8,500,3299.269367
-22.8,500,3299.394895
-22.8,500,3299.520497
-23.3,500,3299.645706
-22.5,500,3299.77155
-22.8,500,3299.89893
-23.4,500,3300.025092
-23.1,500,3300.150059
-22.7,500,3300.275137
-23.0,500,3300.400312
-23.3,500,3300.525566
-22.7,500,3300.650591
-23.2,500,3300.77573
-66.3,500,3300.901352
-47.5,500,3301.028187
-48.3,500,3301.153866
-53.5,500,3301.280558
-47.2,500,3301.408149
-23.4,500,3301.533556
-46.9,500,3301.659615
-24.8,500,3301.785695
-22.8,500,3301.910911
-22.6,500,3302.036137
-23.2,500,3302.161542
-23.2,500,3302.287192
-23.7,500,3302.412244
-22.7,500,3302.538025
-22.6,500,3302.663824
-22.8,500,3302.831678
-23.3,500,3302.957783
-22.6,500,3303.084086
-22.6,500,3303.209518
-23.0,500,3303.334584
-23.6,500,3303.459505
-44.7,500,3303.584952
-22.7,500,3303.710513
-27.0,500,3303.836634
-22.9,500,3303.962346
-22.7,500,3304.087692
-22.6,500,3304.216499
-23.5,500,3304.343476
-22.8,500,3304.468912
-22.6,500,3304.767769
-22.8,500,3304.94408
-28.5,500,3305.073715
-23.0,500,3305.199681
-22.9,500,3305.325107
-23.5,500,3305.450875
-22.7,500,3305.576107
-23.2,500,3305.7013
-23.3,500,3305.827561
-22.6,500,3305.952834
-23.1,500,3306.077758
-23.0,500,3306.203578
-23.9,500,3306.329358
-22.8,500,3306.454477
-23.0,500,3306.579966
-23.2,500,3306.705215
-22.9,500,3306.830547
-22.8,500,3306.955961
-22.8,500,3307.081858
-22.8,500,3307.207026
-22.5,500,3307.3317
-22.8,500,3307.45632
-23.3,500,3307.581755
-22.6,500,3307.707244
-22.5,500,3307.833294
-23.5,500,3307.958614
-24.2,500,3308.083932
-22.6,500,3308.209158
-23.5,500,3308.334013
-23.2,500,3308.459196
-22.8,500,3308.584396
-23.0,500,3308.709772
-22.7,500,3308.835385
-22.5,500,3308.960581
-22.8,500,3309.085714
-23.2,500,3309.210579
-22.9,500,3309.335804
-28.8,500,3309.462149
-23.0,500,3309.587824
-23.1,500,3309.71327
-22.5,500,3309.840509
-23.2,500,3309.966279
-22.8,500,3310.092045
-22.7,500,3310.217553
-22.7,500,3310.342893
-22.6,500,3310.468127
-49.5,500,3310.592912
-27.8,500,3310.717922
-24.0,500,3310.84277
-23.7,500,3310.968755
-22.7,500,3311.093843
-22.6,500,3311.219197
-22.9,500,3311.344677
-22.9,500,3311.469995
-23.7,500,3311.595013
-22.5,500,3311.720813
-28.3,500,3311.84794
-22.7,500,3311.975083
-22.5,500,3312.102239
-22.9,500,3312.22786
-22.7,500,3312.353555
-22.7,500,3312.47958
-23.0,500,3312.605987
-22.8,500,3312.731512
-23.8,500,3312.856964
-23.4,500,3312.982034
-22.7,500,3313.107295
-22.5,500,3313.233329
-22.5,500,3313.358798
-23.0,500,3313.48416
-22.7,500,3313.608958
-22.7,500,3313.734251
-22.8,500,3313.85956
-22.5,500,3313.98424
-23.0,500,3314.110065
-22.5,500,3314.23519
-23.1,500,3314.36033
-23.9,500,3314.485394
-23.1,500,3314.610645
-23.1,500,3314.735721
-22.5,500,3314.864203
-24.6,500,3314.989525
-25.6,500,3315.115145
-28.3,500,3315.24333
-24.5,500,3315.36987
-23.7,500,3315.495157
-22.5,500,3315.621196
-23.3,500,3315.746119
-23.0,500,3315.871006
-22.5,500,3315.996636
-22.7,500,3316.160884
-22.8,500,3316.286353
-23.0,500,3316.411875
-22.7,500,3316.537289
-22.5,500,3316.662006
-23.1,500,3316.787335
-30.8,500,3316.912969
-22.7,500,3317.038436
-22.6,500,3317.163407
-22.8,500,3317.288407
-22.5,500,3317.413429
-22.7,500,3317.539161
-22.9,500,3317.66603
-22.6,500,3317.79154
-23.0,500,3317.916909
-22.7,500,3318.042046
-22.8,500,3318.167945
-23.3,500,3318.29341
-22.9,500,3318.420457
-26.9,500,3318.547285
-27.9,500,3318.672735
-23.1,500,3318.798018
-23.0,500,3318.922943
-22.6,500,3319.047604
-22.8,500,3319.173064
-22.7,500,3319.301258
-22.5,500,3319.427151
-23.1,500,3319.552954
-23.2,500,3319.678409
-22.9,500,3319.809795
-23.9,500,3319.940734
-22.7,500,3320.066494
-23.7,500,3320.19283
-23.1,500,3320.319344
-23.0,500,3320.44502
-22.6,500,3320.569705
-23.1,500,3320.694689
-23.6,500,3320.819773
-22.6,500,3320.94523
-22.5,500,3321.070617
-22.6,500,3321.195478
-22.8,500,3321.320431
-22.8,500,3321.446602
-23.2,500,3321.571814
-22.7,500,3321.697322
-22.7,500,3321.823197
-22.8,500,3321.948463
-27.2,500,3322.073613
-23.6,500,3322.198974
-22.9,500,3322.324679
-22.8,500,3322.450331
-23.5,500,3322.575788
-22.9,500,3322.702038
-23.1,500,3322.82753
-23.5,500,3322.953617
-23.0,500,3323.079145
-23.2,500,3323.204478
-23.1,500,3323.329558
-22.8,500,3323.455371
-24.5,500,3323.580442
-22.9,500,3323.706242
-23.2,500,3323.83215
-22.6,500,3323.958292
-22.5,500,3324.083987
-23.3,500,3324.209385
-23.2,500,3324.334547
-23.2,500,3324.459509
-25.9,500,3324.585426
-22.6,500,3324.710609
-22.6,500,3324.837297
-23.0,500,3324.962853
-22.9,500,3325.088595
-22.8,500,3325.21412
-22.6,500,3325.339217
-23.5,500,3325.464856
-23.0,500,3325.590185
-22.7,500,3325.715449
-23.5,500,3325.840844
-23.4,500,3325.966405
-22.6,500,3326.091641
-22.6,500,3326.217511
-24.8,500,3326.342664
-24.1,500,3326.468259
-22.8,500,3326.593307
-23.9,500,3326.718499
-22.5,500,3326.84343
-22.6,500,3326.969329
-23.8,500,3327.102404
-22.5,500,3327.241049
-23.0,500,3327.366662
-23.0,500,3327.491885
-22.7,500,3327.617533
-22.6,500,3327.742722
-23.6,500,3327.868072
-22.5,500,3327.993572
-22.5,500,3328.119312
-23.1,500,3328.244587
-22.9,500,3328.36997
-23.4,500,3328.495802
-22.9,500,3328.62109
-23.9,500,3328.746885
-22.8,500,3328.872516
-23.1,500,3328.997995
-22.5,500,3329.12398
-23.0,500,3329.289177
-26.1,500,3329.414479
-22.8,500,3329.539614
-22.9,500,3329.665692
-23.5,500,3329.791206
-22.5,500,3329.918571
-22.9,500,3330.043969
-23.1,500,3330.16925
-22.9,500,3330.29447
-23.3,500,3330.419637
-23.8,500,3330.544732
-22.5,500,3330.669304
-23.0,500,3330.79452
-22.9,500,3330.919556
-22.7,500,3331.044746
-23.0,500,3331.170005
-23.2,500,3331.29517
-22.9,500,3331.420491
-24.3,500,3331.546326
-22.9,500,3331.671581
-23.5,500,3331.796382
-22.9,500,3331.921893
-24.2,500,3332.047021
-22.5,500,3332.172115
-22.9,500,3332.296989
-23.8,500,3332.42192
-23.4,500,3332.548082
-22.7,500,3332.673045
-22.9,500,3332.798118
-22.5,500,3332.922813
-26.7,500,3333.049572
-23.0,500,3333.175918
-23.0,500,3333.301442
-22.9,500,3333.428187
-22.8,500,3333.553502
-22.5,500,3333.678824
-23.2,500,3333.803882
-22.6,500,3333.92966
-25.3,500,3334.056309
-22.9,500,3334.181501
-50.2,500,3334.306825
-61.3,500,3334.432
-22.8,500,3334.558542
-23.2,500,3334.688909
-21.7,500,3334.819747
-23.3,500,3334.946326
-23.1,500,3335.07201
-22.8,500,3335.197521
-23.6,500,3335.325643
-22.5,500,3335.451488
-23.1,500,3335.577696
-22.9,500,3335.703072
-23.8,500,3335.82869
-25.9,500,3335.954601
-23.2,500,3336.080147
-23.5,500,3336.206462
-24.7,500,3336.336461
-23.6,500,3336.462558
-23.7,500,3336.588781
-23.7,500,3336.714229
-23.0,500,3336.839565
-22.8,500,3336.966086
-22.7,500,3337.091928
-22.9,500,3337.217443
-23.7,500,3337.343112
-22.5,500,3337.468365
-22.8,500,3337.593874
-23.8,500,3337.71997
-22.5,500,3337.848297
-22.8,500,3337.977055
-76.1,500,3338.103975
-22.7,500,3338.229476
-23.3,500,3338.35569
-23.5,500,3338.482401
-23.9,500,3338.608667
-23.5,500,3338.733666
-23.4,500,3338.859476
-22.8,500,3338.984413
-24.2,500,3339.111491
-24.1,500,3339.236761
-33.3,500,3339.362444
-23.1,500,3339.488109
-22.8,500,3339.613735
-22.5,500,3339.739324
-23.3,500,3339.866982
-23.2,500,3339.992385
-22.9,500,3340.11755
-23.2,500,3340.242718
-22.7,500,3340.368059
-22.5,500,3340.493162
-22.8,500,3340.619133
-22.8,500,3340.744135
-23.8,500,3340.869187
-22.7,500,3340.994311
-22.7,500,3341.11942
-22.7,500,3341.244333
-22.5,500,3341.369503
-22.7,500,3341.496097
-22.5,500,3341.621688
-22.8,500,3341.747027
-22.6,500,3341.872023
-135.6,500,3341.99758
-23.3,500,3342.122833
-23.1,500,3342.248768
-23.2,500,3342.413292
-22.9,500,3342.538451
-23.0,500,3342.663629
-23.4,500,3342.789712
-23.2,500,3342.916015
-22.6,500,3343.041177
-23.3,500,3343.166419
-22.6,500,3343.291953
-52.8,500,3343.417049
-22.5,500,3343.542102
-22.7,500,3343.667652
-22.6,500,3343.795574
-22.9,500,3343.920892
-23.0,500,3344.046388
-22.7,500,3344.172508
-23.0,500,3344.298189
-23.3,500,3344.423609
-23.5,500,3344.549021
-22.8,500,3344.674494
-22.9,500,3344.799967
-23.0,500,3344.927293
-22.9,500,3345.052916
-26.1,500,3345.178325
-22.5,500,3345.303664
-23.1,500,3345.429017
-22.7,500,3345.554063
-22.9,500,3345.679232
-22.9,500,3345.804743
-22.9,500,3345.929756
-23.7,500,3346.055435
-22.6,500,3346.182102
-22.9,500,3346.307628
-22.5,500,3346.432918
-26.0,500,3346.558087
-22.7,500,3346.683272
-22.8,500,3346.808311
-22.6,500,3346.933861
-22.6,500,3347.059116
-22.8,500,3347.184091
-22.8,500,3347.309423
-22.7,500,3347.434637
-22.5,500,3347.560078
-22.9,500,3347.685264
-82.3,500,3347.810387
-23.5,500,3347.935971
-22.5,500,3348.061614
-22.5,500,3348.18762
-22.6,500,3348.312811
-22.5,500,3348.43923
-23.3,500,3348.565239
-22.5,500,3348.690906
-22.7,500,3348.816041
-22.5,500,3348.941366
-23.0,500,3349.066811
-23.4,500,3349.192975
-23.9,500,3349.319698
-22.9,500,3349.445089
-22.9,500,3349.572181
-23.0,500,3349.697296
-22.8,500,3349.8221
-22.6,500,3349.949791
-22.6,500,3350.075103
-23.0,500,3350.200102
-22.7,500,3350.325104
-23.1,500,3350.450337
-22.6,500,3350.575726
-23.2,500,3350.701072
-22.7,500,3350.826758
-22.8,500,3350.952118
-22.5,500,3351.077365
-143.7,500,3351.202684
-22.9,500,3351.327299
-30.0,500,3351.452345
-22.6,500,3351.577254
-23.5,500,3351.703653
-22.6,500,3351.828886
-22.9,500,3351.95408
-23.0,500,3352.079568
-23.4,500,3352.205691
-22.7,500,3352.331204
-22.9,500,3352.457048
-22.6,500,3352.582176
-23.0,500,3352.707641
-23.2,500,3352.832739
-23.0,500,3352.958458
-22.6,500,3353.083962
-23.4,500,3353.209034
-23.6,500,3353.334787
-22.7,500,3353.459404
-22.5,500,3353.584841
-22.9,500,3353.71005
-141.6,500,3353.835967
-75.8,500,3353.961305
-51.0,500,3354.087477
-51.4,500,3354.213011
-49.1,500,3354.338682
-47.7,500,3354.464105
-49.2,500,3354.59019
-23.6,500,3354.715562
-23.5,500,3354.842074
-128.2,500,3354.969442
-22.5,500,3355.09579
-23.1,500,3355.224086
-23.1,500,3355.354764
-23.3,500,3355.516847
-22.7,500,3355.925741
-22.9,500,3356.198047
-22.8,500,3356.32352
-33.7,500,3356.448729
-58.1,500,3356.574525
-23.8,500,3356.700435
-23.1,500,3356.825512
-24.0,500,3356.95057
-23.2,500,3357.076102
-24.7,500,3357.201606
-22.5,500,3357.326846
-22.9,500,3357.45301
-22.9,500,3357.578422
-49.7,500,3357.704262
-24.8,500,3357.829867
-22.9,500,3357.955632
-24.0,500,3358.081313
-22.8,500,3358.207136
-23.0,500,3358.332442
-29.8,500,3358.458202
-22.9,500,3358.583467
-23.2,500,3358.70913
-23.6,500,3358.834957
-23.3,500,3358.961287
-22.7,500,3359.086912
-22.9,500,3359.212762
-23.0,500,3359.338033
-22.5,500,3359.463351
-22.5,500,3359.588679
-23.4,500,3359.714908
-22.8,500,3359.840979
-22.7,500,3359.968284
-22.6,500,3360.093814
-23.2,500,3360.218868
-27.1,500,3360.344057
-23.3,500,3360.469293
-22.5,500,3360.594137
-22.8,500,3360.718769
-22.6,500,3360.843459
-22.8,500,3360.968859
-24.8,500,3361.093994
-23.2,500,3361.221455
-22.8,500,3361.347171
-22.8,500,3361.47226
-22.9,500,3361.596944
-22.9,500,3361.722569
-26.1,500,3361.848
-22.6,500,3361.972966
-22.5,500,3362.100101
-23.1,500,3362.226189
-23.3,500,3362.351365
-24.7,500,3362.476937
-23.3,500,3362.602183
-22.9,500,3362.727257
-57.8,500,3362.853033
-22.7,500,3362.97984
-22.5,500,3363.104984
-23.1,500,3363.230127
-22.7,500,3363.355055
-22.8,500,3363.480992
-22.9,500,3363.605993
-22.8,500,3363.731482
-22.9,500,3363.856718
-24.5,500,3363.981729
-23.0,500,3364.107016
-23.9,500,3364.232584
-22.6,500,3364.357937
-22.5,500,3364.4838
-22.6,500,3364.60904
-22.9,500,3364.734143
-25.9,500,3364.86044
-23.0,500,3364.986035
-23.3,500,3365.111409
-22.8,500,3365.236493
-22.9,500,3365.362135
-23.5,500,3365.488873
-22.9,500,3365.61427
-23.1,500,3365.739441
-56.1,500,3365.864514
-22.8,500,3365.989952
-23.0,500,3366.115119
-22.7,500,3366.240537
-23.7,500,3366.365494
-22.6,500,3366.490784
-23.1,500,3366.615869
-23.2,500,3366.74129
-23.1,500,3366.866435
-22.8,500,3366.995951
-23.0,500,3367.121607
-23.3,500,3367.247306
-22.8,500,3367.372653
-22.8,500,3367.497717
-23.1,500,3367.623217
-22.7,500,3367.748906
-22.5,500,3367.873981
-23.3,500,3367.999194
-23.0,500,3368.124675
-24.1,500,3368.250085
-22.7,500,3368.375612
-23.3,500,3368.501327
-23.5,500,3368.62703
-23.1,500,3368.752672
-22.7,500,3368.877648
-26.9,500,3369.045052
-24.5,500,3369.171649
-23.2,500,3369.296895
-22.5,500,3369.421909
-22.9,500,3369.54675
-23.0,500,3369.671431
-22.9,500,3369.796836
-23.4,500,3369.924525
-23.0,500,3370.049868
-23.0,500,3370.174807
-23.3,500,3370.29975
-24.1,500,3370.424918
-23.2,500,3370.550602
-22.8,500,3370.675887
-22.8,500,3370.801367
-23.2,500,3370.9268
-23.4,500,3371.052023
-22.8,500,3371.177641
-23.7,500,3371.302727
-33.5,500,3371.428742
-22.7,500,3371.55427
-23.2,500,3371.679723
-22.8,500,3371.804735
-22.5,500,3371.929935
-23.4,500,3372.054965
-22.9,500,3372.179952
-23.0,500,3372.306028
-65.8,500,3372.431216
-23.1,500,3372.556738
-23.0,500,3372.681921
-23.9,500,3372.809358
-22.8,500,3372.93562
-22.9,500,3373.060426
-23.1,500,3373.185834
-23.0,500,3373.310961
-22.8,500,3373.436111
-22.7,500,3373.56161
-25.9,500,3373.687604
-22.6,500,3373.812864
-22.6,500,3373.938442
-28.9,500,3374.064098
-22.9,500,3374.189776
-22.5,500,3374.315296
-22.9,500,3374.440731
-22.5,500,3374.566552
-63.6,500,3374.691984
-24.6,500,3374.818015
-23.3,500,3374.945277
-22.5,500,3375.07079
-23.0,500,3375.196412
-25.1,500,3375.322602
-22.7,500,3375.447544
-22.5,500,3375.572991
-22.6,500,3375.698027
-22.8,500,3375.82295
-22.8,500,3375.949185
-23.3,500,3376.074475
-22.6,500,3376.199479
-23.0,500,3376.324426
-29.2,500,3376.450385
-22.8,500,3376.575318
-22.9,500,3376.70052
-23.4,500,3376.826037
-23.3,500,3376.951925
-23.3,500,3377.077172
-23.0,500,3377.203084
-23.1,500,3377.328372
-26.0,500,3377.45348
-23.1,500,3377.579788
-23.5,500,3377.705222
-23.0,500,3377.830515
-22.7,500,3377.956151
-22.9,500,3378.081442
-22.7,500,3378.207266
-22.5,500,3378.332783
-23.1,500,3378.45852
-22.7,500,3378.585993
-22.9,500,3378.712392
-22.7,500,3378.838316
-22.8,500,3378.963428
-23.0,500,3379.089198
-22.8,500,3379.214561
-22.9,500,3379.339691
-23.4,500,3379.464982
-51.4,500,3379.590374
-23.1,500,3379.715959
-22.5,500,3379.84202
-22.5,500,3379.971431
-22.6,500,3380.097273
-23.1,500,3380.222582
-22.9,500,3380.347605
-23.0,500,3380.473224
-22.8,500,3380.599412
-23.8,500,3380.725146
-22.7,500,3380.850814
-23.3,500,3380.976627
-23.2,500,3381.102247
-23.3,500,3381.228556
-22.6,500,3381.354122
-22.6,500,3381.479408
-23.7,500,3381.604621
-22.8,500,3381.729815
-22.7,500,3381.854765
-22.8,500,3381.980793
-27.2,500,3382.143279
-23.3,500,3382.269117
-22.9,500,3382.394052
-23.1,500,3382.519138
-23.2,500,3382.644559
-22.8,500,3382.769897
-22.5,500,3382.894829
-22.5,500,3383.020103
-23.4,500,3383.145362
-22.8,500,3383.270158
-28.4,500,3383.395448
-24.8,500,3383.52048
-23.3,500,3383.645859
-23.7,500,3383.770791
-23.3,500,3383.895499
-24.0,500,3384.020977
-22.6,500,3384.146599
-23.1,500,3384.274417
-23.2,500,3384.399771
-22.9,500,3384.526918
-23.2,500,3384.652595
-23.0,500,3384.778061
-23.2,500,3384.905301
-22.6,500,3385.031076
-40.6,500,3385.15655
-22.6,500,3385.281425
-22.8,500,3385.40663
-23.0,500,3385.53166
-22.8,500,3385.656434
-22.5,500,3385.781735
-23.7,500,3385.906929
-22.9,500,3386.032241
-22.9,500,3386.158215
-23.2,500,3386.283549
-22.5,500,3386.408938
-22.6,500,3386.535181
-22.9,500,3386.661414
-23.5,500,3386.786567
-22.7,500,3386.911766
-23.5,500,3387.037103
-25.8,500,3387.162512
-29.0,500,3387.287682
-126.8,500,3387.413743
-23.6,500,3387.539836
-23.4,500,3387.665329
-23.0,500,3387.790835
-22.6,500,3387.915836
-23.3,500,3388.041375
-22.6,500,3388.166902
-22.6,500,3388.2926
-22.5,500,3388.418315
-22.5,500,3388.543279
-23.2,500,3388.669336
-23.3,500,3388.794486
-23.3,500,3388.920526
-22.5,500,3389.046795
-22.5,500,3389.172232
-23.3,500,3389.297627
-23.0,500,3389.423151
-22.7,500,3389.548702
-22.7,500,3389.674291
-23.0,500,3389.799688
-22.5,500,3389.927594
-69.2,500,3390.053482
-22.6,500,3390.179011
-22.7,500,3390.30752
-22.5,500,3390.433967
-22.5,500,3390.559962
-22.5,500,3390.685381
-22.9,500,3390.81032
-23.0,500,3390.936549
-22.7,500,3391.063389
-22.6,500,3391.189827
-22.8,500,3391.315424
-23.0,500,3391.441226
-22.7,500,3391.566749
-22.5,500,3391.692508
-22.8,500,3391.817423
-27.3,500,3391.943422
-22.7,500,3392.069074
-23.6,500,3392.194111
-23.2,500,3392.31915
-22.6,500,3392.444271
-22.7,500,3392.57011
-22.7,500,3392.69546
-22.9,500,3392.820593
-23.0,500,3392.946058
-22.8,500,3393.071436
-23.8,500,3393.196941
-23.7,500,3393.32265
-22.9,500,3393.44871
-22.8,500,3393.574683
-22.8,500,3393.700606
-22.5,500,3393.826135
-22.8,500,3393.952439
-23.4,500,3394.078025
-22.9,500,3394.203579
-23.0,500,3394.328636
-22.7,500,3394.453768
-22.7,500,3394.586663
-22.6,500,3394.732561
-22.8,500,3394.871208
-22.5,500,3395.016001
-22.5,500,3395.152545
-23.1,500,3395.327835
-22.8,500,3395.454404
-23.0,500,3395.579977
-23.2,500,3395.705491
-23.1,500,3395.830572
-32.7,500,3395.95586
-22.7,500,3396.081097
-23.1,500,3396.20721
-23.9,500,3396.335479
-22.5,500,3396.476088
-22.5,500,3396.6052
-22.5,500,3396.73077
-22.7,500,3396.856125
-24.4,500,3396.982471
-23.3,500,3397.109341
-22.7,500,3397.234757
-23.2,500,3397.360149
-22.7,500,3397.486213
-22.8,500,3397.611947
-22.8,500,3397.738167
-22.5,500,3397.863778
-23.0,500,3397.989327
-22.3,500,3398.114667
-23.0,500,3398.240087
-23.6,500,3398.366142
-23.9,500,3398.491894
-22.9,500,3398.618231
-23.5,500,3398.743835
-22.5,500,3398.869844
-24.6,500,3398.995851
-22.9,500,3399.121565
-23.0,500,3399.248076
-24.0,500,3399.373798
-22.9,500,3399.499275
-22.9,500,3399.624561
-22.5,500,3399.750261
-22.8,500,3399.876357
-22.5,500,3400.00431
-23.7,500,3400.130457
-22.7,500,3400.256062
-23.0,500,3400.381312
-47.8,500,3400.506784
-52.4,500,3400.632774
-52.1,500,3400.75817
-51.7,500,3400.884022
-50.1,500,3401.009736
-23.0,500,3401.134999
-23.2,500,3401.260545
-22.7,500,3401.386395
-23.2,500,3401.512306
-23.2,500,3401.637542
-23.3,500,3401.762772
-22.6,500,3401.888458
-22.9,500,3402.014061
-22.6,500,3402.141904
-44.3,500,3402.268541
-22.7,500,3402.393871
-22.7,500,3402.519354
-22.7,500,3402.64519
-25.0,500,3402.770668
-23.0,500,3402.896228
-23.0,500,3403.022316
-22.7,500,3403.147976
-22.9,500,3403.273768
-22.5,500,3403.399113
-23.5,500,3403.525019
-25.5,500,3403.650864
-26.0,500,3403.776334
-23.5,500,3403.901969
-22.9,500,3404.027503
-22.9,500,3404.152977
-22.7,500,3404.278878
-22.6,500,3404.404488
-22.7,500,3404.530394
-22.7,500,3404.656735
-22.7,500,3404.783542
-30.5,500,3404.90999
-22.5,500,3405.036243
-23.0,500,3405.162536
-22.6,500,3405.288589
-22.9,500,3405.415101
-23.4,500,3405.540584
-22.5,500,3405.66554
-23.1,500,3405.79117
-22.6,500,3405.916186
-22.6,500,3406.041583
-23.0,500,3406.167612
-22.6,500,3406.294669
-22.7,500,3406.420596
-22.5,500,3406.545373
-23.0,500,3406.670472
-26.5,500,3406.795623
-23.3,500,3406.920934
-22.6,500,3407.046636
-22.8,500,3407.171841
-22.6,500,3407.297307
-23.0,500,3407.422793
-22.8,500,3407.54816
-22.5,500,3407.673993
-23.9,500,3407.800069
-23.0,500,3407.925019
-23.4,500,3408.051822
-23.8,500,3408.177765
-23.6,500,3408.302517
-23.3,500,3408.473959
-23.0,500,3408.599316
-22.6,500,3408.724487
-23.1,500,3408.849676
-23.0,500,3408.975428
-22.8,500,3409.100339
-23.0,500,3409.226133
-23.0,500,3409.351425
-22.7,500,3409.476263
-22.7,500,3409.601653
-22.6,500,3409.726688
-23.2,500,3409.851635
-22.5,500,3409.979548
-22.6,500,3410.105125
-23.2,500,3410.230885
-22.9,500,3410.356274
-23.0,500,3410.481714
-22.5,500,3410.607148
-26.4,500,3410.732472
-71.2,500,3410.858326
-22.4,500,3410.98443
-22.9,500,3411.110208
-22.8,500,3411.235759
-22.9,500,3411.361046
-23.4,500,3411.486229
-22.7,500,3411.612252
-23.0,500,3411.737838
-23.6,500,3411.86321
-23.2,500,3411.988531
-22.7,500,3412.113703
-22.5,500,3412.238371
-22.8,500,3412.36445
-22.6,500,3412.489944
-22.5,500,3412.61546
-22.8,500,3412.740915
-24.0,500,3412.865684
-23.3,500,3412.991203
-26.2,500,3413.116554
-23.3,500,3413.242011
-22.5,500,3413.367246
-22.6,500,3413.492284
-22.6,500,3413.61768
-22.6,500,3413.743194
-22.6,500,3413.868444
-22.5,500,3413.995181
-23.1,500,3414.123719
-22.7,500,3414.249384
-22.5,500,3414.374723
-23.0,500,3414.499769
-22.8,500,3414.625516
-22.5,500,3414.750631
-23.1,500,3414.876
-22.8,500,3415.004044
-22.8,500,3415.129477
-22.7,500,3415.255331
-23.3,500,3415.380646
-22.8,500,3415.505852
-22.6,500,3415.631188
-22.6,500,3415.755936
-23.7,500,3415.881043
-23.5,500,3416.006215
-23.0,500,3416.131217
-22.5,500,3416.256148
-22.9,500,3416.38138
-22.5,500,3416.506766
-22.5,500,3416.631907
-23.3,500,3416.757129
-22.6,500,3416.882613
-23.1,500,3417.009906
-23.1,500,3417.135363
-22.7,500,3417.260792
-22.7,500,3417.386113
-22.6,500,3417.511655
-26.8,500,3417.636888
-22.5,500,3417.762745
-22.5,500,3417.888279
-23.3,500,3418.014017
-22.9,500,3418.139402
-22.9,500,3418.264903
-23.5,500,3418.390639
-22.9,500,3418.516828
-22.9,500,3418.64207
-23.3,500,3418.767453
-23.0,500,3418.892671
-23.0,500,3419.01866
-22.6,500,3419.143926
-23.4,500,3419.269256
-22.5,500,3419.395328
-89.2,500,3419.521207
-26.1,500,3419.646701
-22.5,500,3419.77203
-23.4,500,3419.897867
-23.0,500,3420.025636
-23.1,500,3420.15184
-23.3,500,3420.27769
-22.5,500,3420.403475
-22.6,500,3420.529052
-22.8,500,3420.654283
-23.1,500,3420.779407
-22.8,500,3420.904793
-22.9,500,3421.030525
-22.5,500,3421.1553
-22.9,500,3421.280471
-22.8,500,3421.405788
-22.6,500,3421.568062
-25.2,500,3421.693358
-23.4,500,3421.81909
-23.0,500,3421.944222
-22.9,500,3422.069667
-22.7,500,3422.195514
-22.5,500,3422.320763
-22.7,500,3422.446501
-22.5,500,3422.572145
-22.6,500,3422.697303
-22.6,500,3422.823055
-23.2,500,3422.948099
-22.7,500,3423.073439
-22.9,500,3423.198849
-22.9,500,3423.324403
-24.2,500,3423.450099
-22.6,500,3423.575735
-22.5,500,3423.700741
-22.8,500,3423.825697
-24.7,500,3423.951314
-23.1,500,3424.077198
-25.7,500,3424.202661
-22.6,500,3424.327467
-23.1,500,3424.453032
-22.5,500,3424.57828
-22.7,500,3424.704023
-23.1,500,3424.834919
-23.9,500,3424.961992
-22.7,500,3425.087429
-22.8,500,3425.212708
-29.6,500,3425.33818
-22.5,500,3425.467167
-23.3,500,3425.594243
-22.5,500,3425.71936
-23.0,500,3425.845001
-23.1,500,3425.970349
-22.5,500,3426.098476
-22.6,500,3426.225101
-22.5,500,3426.350271
-22.5,500,3426.475457
-22.5,500,3426.601033
-23.1,500,3426.725892
-22.7,500,3426.850947
-22.5,500,3426.976088
-23.0,500,3427.100842
-22.8,500,3427.225909
-22.8,500,3427.351127
-27.0,500,3427.476212
-22.5,500,3427.601513
-23.1,500,3427.727099
-22.7,500,3427.853683
-23.4,500,3427.978903
-22.5,500,3428.104421
-22.5,500,3428.230028
-22.5,500,3428.355149
-23.9,500,3428.480087
-22.9,500,3428.605879
-23.0,500,3428.731844
-22.6,500,3428.857014
-23.1,500,3428.982591
-22.7,500,3429.107761
-23.4,500,3429.233102
-22.8,500,3429.358076
-29.3,500,3429.48355
-24.0,500,3429.609027
-22.5,500,3429.733999
-22.8,500,3429.859543
-23.6,500,3429.987722
-23.1,500,3430.113321
-22.7,500,3430.239041
-22.9,500,3430.364391
-23.7,500,3430.489737
-22.6,500,3430.614574
-22.5,500,3430.739286
-23.6,500,3430.865105
-23.1,500,3430.98998
-23.0,500,3431.115347
-22.6,500,3431.24014
-22.6,500,3431.365668
-22.5,500,3431.490794
-22.8,500,3431.616136
-22.7,500,3431.741944
-22.7,500,3431.868713
-23.1,500,3431.994565
-23.1,500,3432.122574
-22.9,500,3432.248652
-22.9,500,3432.37422
-23.3,500,3432.500442
-22.5,500,3432.625474
-22.7,500,3432.750771
-22.5,500,3432.876853
-44.3,500,3433.002565
-22.5,500,3433.128207
-23.1,500,3433.253716
-22.5,500,3433.380151
-22.5,500,3433.505837
-22.9,500,3433.631
-22.5,500,3433.756296
-22.5,500,3433.881548
-22.5,500,3434.006897
-52.6,500,3434.133352
-22.8,500,3434.259321
-22.8,500,3434.384976
-24.3,500,3434.510428
-24.1,500,3434.673973
-23.3,500,3434.799108
-22.7,500,3434.924438
-22.7,500,3435.050867
-22.9,500,3435.176126
-22.9,500,3435.301528
-22.5,500,3435.428426
-22.5,500,3435.554076
-23.4,500,3435.679106
-22.7,500,3435.804581
-23.3,500,3435.929608
-23.1,500,3436.054817
-22.8,500,3436.18057
-22.7,500,3436.306385
-22.5,500,3436.431729
-22.7,500,3436.557159
-28.2,500,3436.683014
-23.0,500,3436.808331
-23.0,500,3436.934313
-22.7,500,3437.06102
-23.3,500,3437.186561
-22.9,500,3437.3121
-22.9,500,3437.437426
-23.1,500,3437.562188
-22.5,500,3437.687922
-23.5,500,3437.813994
-26.5,500,3437.939787
-22.7,500,3438.064799
-22.5,500,3438.191769
-22.7,500,3438.317584
-22.6,500,3438.44301
-23.7,500,3438.56865
-22.8,500,3438.694012
-24.0,500,3438.819532
-22.6,500,3438.945154
-23.0,500,3439.070664
-22.7,500,3439.196461
-23.3,500,3439.322218
-23.0,500,3439.447474
-22.5,500,3439.573213
-22.7,500,3439.697883
-23.7,500,3439.823617
-22.7,500,3439.950824
-22.9,500,3440.076583
-22.9,500,3440.202133
-22.6,500,3440.327593
-22.8,500,3440.453126
-23.1,500,3440.578339
-22.8,500,3440.704198
-23.0,500,3440.829608
-22.7,500,3440.955099
-22.5,500,3441.080347
-23.8,500,3441.206101
-23.2,500,3441.331598
-23.4,500,3441.457211
-23.0,500,3441.582661
-23.0,500,3441.708447
-22.7,500,3441.833215
-22.7,500,3441.958804
-22.5,500,3442.084156
-22.9,500,3442.209519
-23.1,500,3442.335177
-22.7,500,3442.460974
-22.7,500,3442.586522
-23.0,500,3442.712361
-23.0,500,3442.837665
-23.0,500,3442.963266
-22.7,500,3443.089031
-31.9,500,3443.21586
-22.8,500,3443.340998
-22.7,500,3443.466448
-22.9,500,3443.591733
-22.5,500,3443.716957
-23.1,500,3443.843216
-22.5,500,3443.968758
-22.5,500,3444.093673
-22.5,500,3444.2216
-23.3,500,3444.347484
-23.2,500,3444.47331
-22.9,500,3444.599334
-23.2,500,3444.724925
-23.0,500,3444.850808
-35.5,500,3444.977847
-22.8,500,3445.103419
-22.8,500,3445.228606
-22.6,500,3445.353957
-22.8,500,3445.480138
-22.6,500,3445.605407
-22.7,500,3445.730558
-22.5,500,3445.855614
-23.0,500,3445.980714
-23.5,500,3446.106154
-23.9,500,3446.231802
-23.0,500,3446.356411
-22.9,500,3446.481888
-22.6,500,3446.6071
-23.4,500,3446.73297
-23.0,500,3446.858186
-23.2,500,3446.983622
-22.5,500,3447.110233
-22.6,500,3447.236177
-36.7,500,3447.361488
-23.0,500,3447.486586
-23.6,500,3447.611886
-23.3,500,3447.773575
-22.9,500,3447.899173
-22.9,500,3448.024839
-23.1,500,3448.150509
-23.0,500,3448.276203
-23.0,500,3448.40187
-22.7,500,3448.527885
-22.7,500,3448.653893
-22.9,500,3448.779189
-28.2,500,3448.904506
-22.6,500,3449.029794
-51.4,500,3449.154615
-22.8,500,3449.280587
-22.7,500,3449.405744
-22.9,500,3449.531142
-23.3,500,3449.656345
-22.7,500,3449.78153
-22.7,500,3449.906801
-22.7,500,3450.034274
-23.7,500,3450.160082
-22.6,500,3450.28744
-22.6,500,3450.413042
-23.6,500,3450.538799
-22.5,500,3450.663912
-49.2,500,3450.788672
-94.4,500,3450.914422
-55.6,500,3451.039575
-53.3,500,3451.165186
-49.8,500,3451.290519
-48.6,500,3451.416067
-22.9,500,3451.541759
-23.0,500,3451.667636
-23.3,500,3451.794668
-25.2,500,3451.920254
-22.8,500,3452.045657
-22.5,500,3452.17075
-23.2,500,3452.296274
-22.6,500,3452.422194
-27.4,500,3452.5485
-22.5,500,3452.673955
-22.8,500,3452.799504
-23.5,500,3452.92478
-22.9,500,3453.050356
-23.7,500,3453.176181
-23.1,500,3453.30253
-23.8,500,3453.427915
-22.7,500,3453.553435
-22.5,500,3453.678686
-24.0,500,3453.803826
-24.9,500,3453.929028
-23.0,500,3454.054981
-22.9,500,3454.180286
-22.7,500,3454.306286
-22.6,500,3454.431857
-22.2,500,3454.556957
-27.0,500,3454.682666
-21.8,500,3454.808156
-22.2,500,3454.933368
-22.3,500,3455.061283
-22.5,500,3455.186709
-22.9,500,3455.312189
-21.7,500,3455.43766
-22.1,500,3455.563704
-21.8,500,3455.688767
-26.7,500,3455.814325
-24.3,500,3455.939525
-22.2,500,3456.06499
-21.8,500,3456.190134
-21.8,500,3456.315939
-22.4,500,3456.442356
-21.7,500,3456.567368
-23.0,500,3456.692371
-22.5,500,3456.818098
-22.5,500,3456.943612
-22.7,500,3457.069388
-22.7,500,3457.195896
-22.7,500,3457.321587
-22.7,500,3457.447335
-23.3,500,3457.573537
-22.7,500,3457.699705
-24.1,500,3457.824717
-22.6,500,3457.950219
-22.9,500,3458.076089
-22.7,500,3458.202077
-22.5,500,3458.327552
-22.9,500,3458.452881
-22.5,500,3458.579287
-22.9,500,3458.706241
-50.0,500,3458.832483
-22.0,500,3458.958472
-21.9,500,3459.084109
-21.7,500,3459.209893
-22.0,500,3459.336093
-23.0,500,3459.461947
-23.3,500,3459.587978
-22.7,500,3459.713786
-23.2,500,3459.839355
-22.5,500,3459.966199
-23.0,500,3460.092187
-22.7,500,3460.218803
-21.6,500,3460.344318
-22.8,500,3460.469754
-23.1,500,3460.595624
-26.6,500,3460.721326
-21.9,500,3460.888331
-52.7,500,3461.013748
-23.6,500,3461.138573
-22.9,500,3461.263502
-23.3,500,3461.38874
-22.5,500,3461.514178
-22.6,500,3461.639292
-22.9,500,3461.764292
-22.7,500,3461.889193
-22.7,500,3462.013723
-23.1,500,3462.138843
-22.7,500,3462.263542
-22.8,500,3462.388851
-22.6,500,3462.514894
-22.6,500,3462.640028
-22.5,500,3462.764963
-22.8,500,3462.890106
-22.7,500,3463.01539
-22.5,500,3463.141322
-23.2,500,3463.267469
-22.5,500,3463.393268
-22.5,500,3463.518961
-22.5,500,3463.644601
-23.1,500,3463.770115
-22.7,500,3463.895681
-22.7,500,3464.021516
-33.5,500,3464.147219
-22.3,500,3464.272508
-23.4,500,3464.398261
-22.8,500,3464.524154
-23.0,500,3464.65016
-23.3,500,3464.775787
-23.1,500,3464.902614
-23.1,500,3465.030236
-24.3,500,3465.155938
-23.6,500,3465.281126
-23.7,500,3465.406473
-22.5,500,3465.532123
-22.7,500,3465.657972
-22.5,500,3465.783253
-22.7,500,3465.908411
-22.5,500,3466.033224
-23.1,500,3466.158645
-23.1,500,3466.283496
-22.6,500,3466.408816
-22.8,500,3466.534048
-22.5,500,3466.659445
-22.7,500,3466.784668
-23.4,500,3466.910502
-22.6,500,3467.036175
-22.9,500,3467.161038
-23.0,500,3467.286676
-22.7,500,3467.41195
-23.6,500,3467.537382
-24.5,500,3467.662686
-23.1,500,3467.788175
-22.6,500,3467.914136
-22.9,500,3468.039256
-22.5,500,3468.165198
-22.8,500,3468.290738
-23.0,500,3468.415592
-22.7,500,3468.540865
-23.3,500,3468.666621
-23.3,500,3468.793339
-22.7,500,3468.918685
-22.5,500,3469.044303
-23.1,500,3469.169274
-35.4,500,3469.29393
-23.3,500,3469.420292
-23.1,500,3469.545846
-22.7,500,3469.671254
-22.7,500,3469.796661
-22.5,500,3469.922388
-23.1,500,3470.050266
-23.1,500,3470.175118
-26.7,500,3470.30078
-23.2,500,3470.426131
-22.8,500,3470.552187
-23.1,500,3470.678035
-22.6,500,3470.80307
-23.1,500,3470.929136
-22.7,500,3471.054621
-22.7,500,3471.179262
-24.1,500,3471.304499
-22.6,500,3471.430119
-22.7,500,3471.555526
-23.7,500,3471.681122
-22.5,500,3471.806989
-22.7,500,3471.933414
-23.1,500,3472.059263
-23.1,500,3472.184802
-22.7,500,3472.310343
-22.5,500,3472.435789
-22.6,500,3472.560888
-22.5,500,3472.68684
-26.4,500,3472.812474
-22.5,500,3472.937598
-22.5,500,3473.063024
-22.5,500,3473.188718
-22.7,500,3473.313778
-22.8,500,3473.440095
-22.7,500,3473.567039
-22.9,500,3473.692878
-22.7,500,3473.819132
-22.7,500,3473.945107
-22.9,500,3474.072024
-24.8,500,3474.198766
-23.3,500,3474.324233
-22.5,500,3474.484928
-23.0,500,3474.6105
-31.7,500,3474.735769
-22.5,500,3474.861995
-22.9,500,3474.989072
-22.5,500,3475.115012
-22.9,500,3475.240614
-22.9,500,3475.366009
-23.0,500,3475.491309
-22.5,500,3475.617668
-22.9,500,3475.743416
-23.5,500,3475.868684
-22.9,500,3475.993974
-22.7,500,3476.119233
-22.8,500,3476.244364
-22.5,500,3476.370722
-22.5,500,3476.495822
-23.2,500,3476.621099
-23.1,500,3476.746249
-22.5,500,3476.871065
-23.1,500,3476.996361
-23.3,500,3477.12156
-22.7,500,3477.246862
-22.5,500,3477.372188
-24.1,500,3477.497271
-22.7,500,3477.622324
-22.7,500,3477.747801
-33.7,500,3477.872625
-24.1,500,3477.997898
-24.1,500,3478.123733
-22.5,500,3478.249447
-22.6,500,3478.374234
-22.5,500,3478.499189
-24.2,500,3478.624918
-22.7,500,3478.750209
-22.7,500,3478.875499
-22.7,500,3479.000822
-24.0,500,3479.126288
-46.8,500,3479.252012
-22.7,500,3479.377141
-22.9,500,3479.503072
-22.8,500,3479.629402
-23.1,500,3479.756769
-22.5,500,3479.882972
-22.7,500,3480.0112
-22.8,500,3480.137344
-22.5,500,3480.263149
-22.5,500,3480.389583
-23.0,500,3480.516098
-23.3,500,3480.641521
-22.7,500,3480.767335
-26.7,500,3480.892551
-22.9,500,3481.018754
-23.1,500,3481.144912
-23.0,500,3481.270997
-22.8,500,3481.396023
-23.2,500,3481.521524
-23.6,500,3481.647103
-22.5,500,3481.77234
-22.7,500,3481.897957
-23.2,500,3482.023513
-26.1,500,3482.14919
-23.1,500,3482.274681
-23.0,500,3482.399928
-22.6,500,3482.525411
-22.7,500,3482.650893
-23.9,500,3482.776408
-22.8,500,3482.901478
-27.5,500,3483.026968
-23.0,500,3483.152473
-23.3,500,3483.278139
-24.6,500,3483.403989
-22.7,500,3483.531244
-22.8,500,3483.65628
-22.7,500,3483.781568
-22.5,500,3483.907267
-22.6,500,3484.032672
-24.7,500,3484.158036
-22.5,500,3484.2843
-22.7,500,3484.409796
-22.8,500,3484.535636
-23.2,500,3484.661056
-22.7,500,3484.786238
-22.7,500,3484.911729
-22.8,500,3485.039805
-22.6,500,3485.165909
-23.3,500,3485.291255
-22.8,500,3485.416541
-22.7,500,3485.542195
-29.5,500,3485.667368
-24.1,500,3485.793263
-22.5,500,3485.91999
-22.7,500,3486.045208
-22.5,500,3486.17062
-22.7,500,3486.295958
-22.9,500,3486.420998
-23.0,500,3486.546421
-22.9,500,3486.672567
-23.0,500,3486.798371
-29.2,500,3486.924027
-23.1,500,3487.049809
-22.6,500,3487.175354
-23.0,500,3487.300259
-23.5,500,3487.426346
-23.3,500,3487.55298
-23.1,500,3487.678634
-22.6,500,3487.804564
-22.7,500,3487.930364
-22.6,500,3488.055599
-22.7,500,3488.18149
-22.6,500,3488.34272
-22.7,500,3488.468084
-23.0,500,3488.592981
-22.9,500,3488.718403
-23.6,500,3488.843474
-23.0,500,3488.968547
-29.0,500,3489.09396
-22.6,500,3489.219273
-23.8,500,3489.344384
-23.0,500,3489.469828
-22.7,500,3489.595663
-22.8,500,3489.722783
-22.7,500,3489.848229
-22.7,500,3489.97381
-23.3,500,3490.101693
-22.8,500,3490.227306
-22.8,500,3490.351945
-23.5,500,3490.477422
-22.5,500,3490.602921
-22.7,500,3490.728229
-22.6,500,3490.854059
-22.7,500,3490.979843
-22.9,500,3491.104847
-22.7,500,3491.23023
-24.1,500,3491.355617
-22.6,500,3491.481269
-22.7,500,3491.607107
-23.0,500,3491.732259
-22.7,500,3491.858146
-23.3,500,3491.984295
-22.7,500,3492.110512
-23.0,500,3492.236312
-24.1,500,3492.361734
-56.5,500,3492.486871
-23.0,500,3492.611924
-22.7,500,3492.737768
-22.5,500,3492.864246
-23.3,500,3492.989809
-22.7,500,3493.1152
-22.7,500,3493.24092
-22.9,500,3493.366568
-22.7,500,3493.492534
-23.3,500,3493.617923
-22.6,500,3493.743765
-22.5,500,3493.869235
-22.7,500,3493.994944
-22.5,500,3494.120547
-24.2,500,3494.246908
-23.2,500,3494.374242
-23.4,500,3494.499329
-22.5,500,3494.62531
-23.1,500,3494.750919
-23.7,500,3494.876744
-22.9,500,3495.003965
-22.7,500,3495.130062
-23.2,500,3495.25549
-23.0,500,3495.38091
-23.0,500,3495.505999
-23.0,500,3495.630919
-22.9,500,3495.756522
-22.9,500,3495.883187
-24.6,500,3496.008577
-22.9,500,3496.133925
-22.8,500,3496.259427
-23.2,500,3496.38449
-22.6,500,3496.510898
-23.0,500,3496.636565
-22.9,500,3496.761763
-24.0,500,3496.886997
-23.0,500,3497.011645
-22.9,500,3497.13766
-22.6,500,3497.262914
-23.0,500,3497.388186
-23.6,500,3497.513401
-23.0,500,3497.63834
-23.1,500,3497.763236
-22.9,500,3497.888427
-22.7,500,3498.014033
-22.5,500,3498.139834
-23.4,500,3498.265877
-22.7,500,3498.391666
-34.7,500,3498.516658
-22.7,500,3498.641833
-23.4,500,3498.767261
-22.6,500,3498.892543
-23.2,500,3499.017704
-22.8,500,3499.143553
-23.7,500,3499.268909
-40.5,500,3499.393758
-22.5,500,3499.519079
-22.9,500,3499.644354
-22.6,500,3499.77012
-22.9,500,3499.896852
-22.7,500,3500.02369
-22.7,500,3500.148977
-22.7,500,3500.274209
-22.6,500,3500.399307
-22.7,500,3500.524809
-23.9,500,3500.651319
-22.7,500,3500.777133
-23.5,500,3500.902634
-59.1,500,3501.027672
-22.8,500,3501.152727
-23.7,500,3501.278742
-25.9,500,3501.439583
-22.7,500,3501.565152
-23.6,500,3501.690315
-23.9,500,3501.816145
-24.1,500,3501.941279
-22.5,500,3502.066701
-22.8,500,3502.192036
-23.1,500,3502.317394
-23.2,500,3502.441844
-22.9,500,3502.567724
-22.7,500,3502.694706
-28.0,500,3502.820037
-24.7,500,3502.945361
-21.9,500,3503.070773
-22.2,500,3503.196257
-21.9,500,3503.322419
-22.2,500,3503.44912
-22.4,500,3503.582103
-26.0,500,3503.725571
-21.6,500,3503.864278
-22.2,500,3504.005436
-21.8,500,3504.141056
-22.7,500,3504.278468
-22.6,500,3504.405175
-21.8,500,3504.531433
-22.1,500,3504.657476
-23.3,500,3504.783915
-22.7,500,3504.908899
-21.9,500,3505.03593
-22.5,500,3505.161851
-23.0,500,3505.287623
-21.9,500,3505.416245
-21.6,500,3505.557197
-21.7,500,3505.682943
-22.6,500,3505.809023
-23.5,500,3505.935901
-23.4,500,3506.061857
-24.1,500,3506.187467
-23.0,500,3506.312555
-23.0,500,3506.437965
-22.9,500,3506.564077
-22.5,500,3506.689281
-22.5,500,3506.814492
-22.9,500,3506.939755
-28.2,500,3507.065453
-23.8,500,3507.192136
-22.7,500,3507.318691
-22.5,500,3507.444652
-23.5,500,3507.569806
-23.2,500,3507.695683
-56.8,500,3507.821254
-25.0,500,3507.947105
-21.8,500,3508.07308
-22.8,500,3508.19846
-23.9,500,3508.324013
-22.6,500,3508.449401
-22.6,500,3508.575382
-23.1,500,3508.700809
-22.7,500,3508.826241
-23.5,500,3508.952012
-23.3,500,3509.078128
-22.5,500,3509.203863
-22.5,500,3509.32943
-22.9,500,3509.454462
-22.5,500,3509.579647
-22.5,500,3509.705202
-22.5,500,3509.830503
-23.0,500,3509.955468
-23.2,500,3510.083203
-29.6,500,3510.209245
-22.9,500,3510.33459
-22.7,500,3510.460646
-23.7,500,3510.586066
-23.2,500,3510.711232
-22.8,500,3510.836581
-23.7,500,3510.96179
-22.5,500,3511.087453
-22.5,500,3511.212675
-22.5,500,3511.338704
-22.7,500,3511.463853
-23.0,500,3511.589312
-23.8,500,3511.714808
-23.9,500,3511.840072
-22.9,500,3511.965027
-23.6,500,3512.091043
-22.6,500,3512.216751
-24.9,500,3512.34257
-22.9,500,3512.467944
-22.5,500,3512.593212
-34.0,500,3512.719237
-23.0,500,3512.845076
-26.7,500,3512.971302
-23.7,500,3513.097164
-24.1,500,3513.222561
-22.8,500,3513.347918
-22.9,500,3513.472989
-22.8,500,3513.599405
-24.3,500,3513.72486
-22.8,500,3513.849637
-22.9,500,3513.974825
-22.7,500,3514.100375
-23.1,500,3514.225807
-22.7,500,3514.351755
-22.7,500,3514.476921
-22.9,500,3514.644362
-22.9,500,3514.770291
-22.9,500,3514.895575
-23.2,500,3515.022727
-22.6,500,3515.148136
-23.8,500,3515.273763
-23.0,500,3515.398906
-23.6,500,3515.52459
-23.7,500,3515.649461
-23.3,500,3515.774621
-27.8,500,3515.899488
-46.8,500,3516.024705
-25.4,500,3516.150192
-22.8,500,3516.27605
-23.2,500,3516.402856
-25.8,500,3516.528399
-22.9,500,3516.653306
-22.5,500,3516.778227
-22.9,500,3516.903372
-22.9,500,3517.029045
-22.8,500,3517.155639
-22.6,500,3517.281555
-22.6,500,3517.407135
-23.6,500,3517.532462
-23.3,500,3517.657275
-23.1,500,3517.782947
-23.9,500,3517.90836
-37.5,500,3518.033714
-24.8,500,3518.158734
-49.8,500,3518.283944
-46.8,500,3518.408813
-22.9,500,3518.534246
-23.4,500,3518.660449
-22.9,500,3518.785965
-23.9,500,3518.911526
-23.2,500,3519.036782
-22.8,500,3519.161787
-22.8,500,3519.28711
-23.1,500,3519.413376
-22.8,500,3519.540049
-22.8,500,3519.682124
-25.7,500,3519.807854
-23.3,500,3519.933947
-22.5,500,3520.061084
-22.9,500,3520.187433
-23.0,500,3520.312961
-22.5,500,3520.438222
-23.1,500,3520.563454
-23.5,500,3520.688498
-24.3,500,3520.81408
-22.9,500,3520.940011
-23.3,500,3521.065602
-22.8,500,3521.191839
-23.8,500,3521.316515
-23.0,500,3521.44194
-22.7,500,3521.566937
-23.3,500,3521.691874
-22.7,500,3521.817248
-22.7,500,3521.942381
-27.2,500,3522.067061
-22.9,500,3522.192122
-22.6,500,3522.317367
-22.7,500,3522.44331
-22.8,500,3522.568484
-23.4,500,3522.694163
-22.7,500,3522.819715
-22.6,500,3522.944697
-23.0,500,3523.069444
-22.8,500,3523.195579
-55.9,500,3523.321024
-26.0,500,3523.446298
-22.7,500,3523.571629
-22.7,500,3523.697461
-22.5,500,3523.822859
-22.7,500,3523.949328
-23.3,500,3524.075037
-23.1,500,3524.20051
-23.0,500,3524.325723
-23.0,500,3524.450983
-25.8,500,3524.576294
-22.9,500,3524.702374
-23.5,500,3524.827319
-23.2,500,3524.952708
-23.8,500,3525.079892
-23.2,500,3525.205434
-22.3,500,3525.330864
-23.3,500,3525.456616
-24.0,500,3525.582687
-42.6,500,3525.70819
-22.6,500,3525.833563
-22.7,500,3525.95882
-22.6,500,3526.084672
-23.2,500,3526.210258
-22.6,500,3526.336652
-22.5,500,3526.461426
-22.8,500,3526.586893
-22.7,500,3526.71202
-22.5,500,3526.837433
-23.0,500,3526.962422
-25.5,500,3527.088466
-26.2,500,3527.213532
-23.5,500,3527.338503
-22.7,500,3527.463653
-22.9,500,3527.588406
-23.0,500,3527.713729
-22.5,500,3527.838984
-22.9,500,3527.964948
-23.1,500,3528.090101
-22.9,500,3528.215057
-38.8,500,3528.340368
-29.7,500,3528.465873
-22.8,500,3528.590869
-22.6,500,3528.716063
-22.5,500,3528.841531
-22.5,500,3528.966605
-24.1,500,3529.128192
-23.3,500,3529.253438
-22.6,500,3529.379506
-22.5,500,3529.505172
-23.2,500,3529.630389
-22.7,500,3529.755729
-22.8,500,3529.880601
-22.9,500,3530.007979
-24.7,500,3530.133376
-23.0,500,3530.258474
-22.7,500,3530.384108
-22.5,500,3530.50946
-23.1,500,3530.634163
-22.8,500,3530.75892
-22.6,500,3530.884149
-22.8,500,3531.009379
-22.5,500,3531.134068
-23.0,500,3531.259724
-38.1,500,3531.384537
-23.2,500,3531.509544
-22.6,500,3531.634966
-22.5,500,3531.760862
-22.5,500,3531.887301
-23.0,500,3532.012251
-23.2,500,3532.13801
-22.6,500,3532.262751
-23.6,500,3532.388034
-40.7,500,3532.514383
-22.5,500,3532.641105
-22.5,500,3532.766621
-22.9,500,3532.892282
-22.8,500,3533.017496
-22.8,500,3533.142712
-22.8,500,3533.26907
-23.0,500,3533.394473
-23.2,500,3533.519567
-23.4,500,3533.64474
-22.6,500,3533.77259
-23.4,500,3533.897768
-23.1,500,3534.023232
-22.5,500,3534.148622
-22.4,500,3534.274022
-22.3,500,3534.401822
-22.2,500,3534.52722
-22.2,500,3534.652042
-21.9,500,3534.776935
-21.8,500,3534.902529
-21.8,500,3535.03012
-21.8,500,3535.155826
-22.9,500,3535.281006
-21.6,500,3535.406448
-23.7,500,3535.531995
-23.2,500,3535.657881
-22.5,500,3535.783231
-21.8,500,3535.9085
-22.3,500,3536.033865
-22.2,500,3536.159513
-23.0,500,3536.285294
-22.4,500,3536.410778
-22.1,500,3536.536087
-22.2,500,3536.661108
-22.2,500,3536.786339
-21.8,500,3536.911531
-22.0,500,3537.037176
-21.9,500,3537.163565
-22.0,500,3537.289297
-21.7,500,3537.414244
-22.6,500,3537.540204
-21.6,500,3537.66559
-26.0,500,3537.790763
-23.0,500,3537.916449
-22.6,500,3538.042016
-22.8,500,3538.167112
-22.0,500,3538.293004
-22.0,500,3538.418497
-22.9,500,3538.543812
-21.8,500,3538.669795
-21.8,500,3538.797648
-22.1,500,3538.922926
-21.6,500,3539.047568
-22.6,500,3539.172578
-21.6,500,3539.297468
-21.7,500,3539.422656
-22.0,500,3539.547607
-22.0,500,3539.672668
-21.7,500,3539.797484
-22.0,500,3539.92279
-22.6,500,3540.050029
-22.2,500,3540.175958
-22.0,500,3540.301607
-22.1,500,3540.427835
-21.7,500,3540.553701
-22.0,500,3540.67909
-22.0,500,3540.804434
-21.9,500,3540.930173
-22.2,500,3541.056433
-21.7,500,3541.183128
-22.0,500,3541.308542
-21.7,500,3541.433617
-22.0,500,3541.559015
-22.3,500,3541.68428
-22.1,500,3541.809803
-22.2,500,3541.934967
-22.1,500,3542.060405
-23.1,500,3542.18572
-22.0,500,3542.311125
-21.7,500,3542.436207
-28.8,500,3542.561733
-29.4,500,3542.687653
-23.5,500,3542.812767
-22.1,500,3542.938231
-21.7,500,3543.100119
-21.8,500,3543.225555
-23.0,500,3543.351574
-22.6,500,3543.477045
-22.0,500,3543.602183
-21.9,500,3543.727426
-22.4,500,3543.852751
-22.0,500,3543.978851
-21.7,500,3544.103839
-22.2,500,3544.229216
-21.9,500,3544.354322
-21.9,500,3544.479818
-22.1,500,3544.604997
-22.4,500,3544.730173
-22.2,500,3544.855617
-23.3,500,3544.980773
-21.6,500,3545.109523
-21.9,500,3545.234878
-22.1,500,3545.360089
-22.2,500,3545.485802
-22.1,500,3545.61223
-22.4,500,3545.737322
-22.0,500,3545.86241
-21.9,500,3545.987709
-24.8,500,3546.11271
-22.0,500,3546.239127
-22.6,500,3546.365402
-21.6,500,3546.491212
-22.3,500,3546.61626
-21.9,500,3546.741529
-22.3,500,3546.866354
-22.0,500,3546.992229
-21.9,500,3547.116376
-22.4,500,3547.24177
-21.8,500,3547.366604
-21.7,500,3547.491294
-22.0,500,3547.616849
-22.0,500,3547.742653
-22.3,500,3547.869556
-22.0,500,3547.994625
-23.0,500,3548.120106
-22.8,500,3548.245188
-22.5,500,3548.370525
-22.0,500,3548.495349
-23.4,500,3548.621929
-21.9,500,3548.747664
-22.2,500,3548.872884
-22.2,500,3548.997976
-22.1,500,3549.123316
-21.9,500,3549.249138
-22.1,500,3549.375152
-21.8,500,3549.500891
-21.8,500,3549.626969
-22.6,500,3549.752182
-22.4,500,3549.877374
-22.3,500,3550.00294
-21.7,500,3550.129625
-21.8,500,3550.255383
-22.1,500,3550.380844
-21.8,500,3550.506227
-22.4,500,3550.631733
-23.0,500,3550.75705
-22.3,500,3550.883277
-22.1,500,3551.00853
-29.4,500,3551.134209
-24.6,500,3551.259591
-21.9,500,3551.385235
-22.1,500,3551.510373
-21.6,500,3551.636891
-21.7,500,3551.762002
-22.4,500,3551.887653
-22.0,500,3552.013677
-21.9,500,3552.140359
-21.6,500,3552.266054
-22.1,500,3552.391165
-21.8,500,3552.516985
-21.8,500,3552.643113
-21.8,500,3552.768509
-29.4,500,3552.893783
-45.1,500,3553.018652
-22.3,500,3553.143911
-21.9,500,3553.269635
-22.4,500,3553.395486
-22.1,500,3553.520758
-21.7,500,3553.645852
-23.1,500,3553.771155
-22.4,500,3553.896343
-21.9,500,3554.022054
-21.7,500,3554.147036
-21.8,500,3554.272551
-22.1,500,3554.397719
-21.6,500,3554.523024
-22.0,500,3554.647894
-22.5,500,3554.773728
-21.6,500,3554.900054
-21.6,500,3555.027329
-22.9,500,3555.153399
-21.7,500,3555.279353
-27.9,500,3555.404671
-25.7,500,3555.530734
-21.8,500,3555.656024
-22.1,500,3555.781509
-22.1,500,3555.906673
-22.0,500,3556.031787
-22.6,500,3556.199507
-21.8,500,3556.325077
-21.9,500,3556.45055
-21.8,500,3556.575409
-21.7,500,3556.70074
-21.6,500,3556.826349
-21.6,500,3556.951811
-21.9,500,3557.077031
-21.6,500,3557.20228
-22.4,500,3557.32743
-21.6,500,3557.452801
-23.1,500,3557.578203
-22.5,500,3557.70815
-21.7,500,3557.835426
-21.7,500,3557.960606
-22.2,500,3558.085071
-22.0,500,3558.210001
-22.4,500,3558.334597
-21.8,500,3558.459938
-22.3,500,3558.584616
-21.8,500,3558.708979
-21.9,500,3558.833708
-25.8,500,3558.958638
-48.0,500,3559.083133
-23.1,500,3559.209273
-22.1,500,3559.334243
-23.5,500,3559.458865
-28.5,500,3559.583869
-21.8,500,3559.709084
-25.9,500,3559.834183
-24.8,500,3559.959617
-22.0,500,3560.086719
-21.8,500,3560.212277
-22.4,500,3560.337621
-21.8,500,3560.462576
-21.7,500,3560.587923
-22.5,500,3560.713284
-22.3,500,3560.839018
-22.2,500,3560.965478
-21.6,500,3561.090954
-21.9,500,3561.215548
-21.8,500,3561.340277
-24.3,500,3561.465326
-24.9,500,3561.590323
-21.7,500,3561.715505
-21.9,500,3561.841558
-23.1,500,3561.966464
-22.1,500,3562.09131
-21.7,500,3562.216179
-22.3,500,3562.341037
-21.9,500,3562.46646
-22.6,500,3562.592103
-22.1,500,3562.717671
-21.7,500,3562.842351
-21.9,500,3562.967359
-23.2,500,3563.092553
-22.2,500,3563.217263
-21.8,500,3563.343285
-22.4,500,3563.468117
-23.5,500,3563.593711
-21.9,500,3563.718969
-23.3,500,3563.844412
-22.3,500,3563.96955
-23.5,500,3564.094509
-22.0,500,3564.219975
-22.4,500,3564.345461
-22.0,500,3564.470685
-21.9,500,3564.595836
-21.8,500,3564.720912
-21.6,500,3564.84547
-22.3,500,3564.970928
-21.9,500,3565.099047
-22.0,500,3565.224302
-23.6,500,3565.349371
-22.3,500,3565.47437
-22.0,500,3565.59938
-22.4,500,3565.725292
-21.6,500,3565.851483
-22.3,500,3565.976578
-22.5,500,3566.101386
-24.4,500,3566.226077
-22.4,500,3566.350926
-23.5,500,3566.475839
-22.2,500,3566.601449
-23.1,500,3566.726615
-21.6,500,3566.851953
-21.8,500,3566.977025
-21.8,500,3567.101791
-22.6,500,3567.226405
-22.4,500,3567.352103
-22.0,500,3567.478896
-22.1,500,3567.604279
-22.0,500,3567.729658
-22.0,500,3567.854742
-21.6,500,3567.97961
-23.0,500,3568.104804
-24.6,500,3568.230913
-23.2,500,3568.356113
-24.6,500,3568.481028
-29.6,500,3568.606324
-21.8,500,3568.731128
-22.8,500,3568.85665
-22.5,500,3568.983605
-22.6,500,3569.108512
-23.5,500,3569.233892
-30.6,500,3569.359235
-23.3,500,3569.483576
-23.0,500,3569.60928
-24.5,500,3569.774502
-22.9,500,3569.899942
-22.8,500,3570.026212
-22.5,500,3570.15326
-22.7,500,3570.280177
-22.5,500,3570.405385
-22.5,500,3570.530674
-24.3,500,3570.655316
-22.8,500,3570.780563
-23.2,500,3570.906656
-31.3,500,3571.03273
-23.2,500,3571.157436
-22.6,500,3571.282197
-22.8,500,3571.407231
-22.8,500,3571.53263
-23.3,500,3571.657128
-22.7,500,3571.783069
-23.0,500,3571.908161
-23.2,500,3572.033645
-23.2,500,3572.158854
-23.0,500,3572.28357
-23.0,500,3572.408583
-22.8,500,3572.534503
-22.5,500,3572.659464
-22.6,500,3572.784839
-22.8,500,3572.909885
-23.2,500,3573.034932
-23.0,500,3573.16035
-22.6,500,3573.285376
-22.6,500,3573.410824
-22.8,500,3573.536094
-22.6,500,3573.660666
-22.5,500,3573.786008
-22.7,500,3573.911346
-24.6,500,3574.037255
-22.8,500,3574.161665
-22.9,500,3574.287088
-22.7,500,3574.411627
-22.7,500,3574.536545
-22.7,500,3574.661748
-25.1,500,3574.786699
-23.1,500,3574.912468
-24.0,500,3575.039048
-22.7,500,3575.16482
-23.1,500,3575.290116
-29.5,500,3575.415514
-23.7,500,3575.540762
-21.8,500,3575.666035
-22.7,500,3575.791041
-21.9,500,3575.916587
-21.6,500,3576.042245
-21.9,500,3576.167686
-22.9,500,3576.29309
-22.1,500,3576.419226
-22.7,500,3576.546238
-21.7,500,3576.67174
-75.7,500,3576.797109
-48.4,500,3576.922502
-46.7,500,3577.048527
-24.7,500,3577.173478
-22.2,500,3577.298666
-22.5,500,3577.424142
-22.6,500,3577.549414
-23.3,500,3577.67445
-29.0,500,3577.800347
-22.9,500,3577.926144
-22.5,500,3578.051061
-23.1,500,3578.17636
-22.7,500,3578.301757
-23.9,500,3578.427119
-22.6,500,3578.552601
-22.5,500,3578.677754
-22.7,500,3578.803348
-24.3,500,3578.929701
-24.2,500,3579.055195
-22.8,500,3579.18042
-22.8,500,3579.305212
-22.6,500,3579.43024
-23.0,500,3579.5562
-22.8,500,3579.681888
-22.7,500,3579.80756
-23.3,500,3579.933071
-22.8,500,3580.060317
-23.4,500,3580.185809
-23.6,500,3580.311633
-23.0,500,3580.437434
-23.0,500,3580.562331
-22.6,500,3580.687293
-22.8,500,3580.812412
-22.7,500,3580.936987
-22.1,500,3581.062385
-22.8,500,3581.188516
-23.2,500,3581.313548
-23.2,500,3581.438843
-22.6,500,3581.563963
-24.0,500,3581.689049
-23.3,500,3581.813746
-23.6,500,3581.939716
-22.6,500,3582.064839
-23.0,500,3582.189629
-22.5,500,3582.314389
-22.4,500,3582.439618
-33.0,500,3582.564497
-24.0,500,3582.690104
-22.1,500,3582.816155
-22.7,500,3582.941021
-23.1,500,3583.065953
-23.7,500,3583.191174
-23.6,500,3583.318231
-23.0,500,3583.443917
-22.6,500,3583.607417
-22.7,500,3583.732176
-25.8,500,3583.856862
-22.5,500,3583.982143
-23.5,500,3584.107036
-23.4,500,3584.232228
-23.0,500,3584.356977
-22.8,500,3584.481901
-36.9,500,3584.606636
-22.8,500,3584.731877
-23.3,500,3584.856697
-22.9,500,3584.981385
-22.7,500,3585.107746
-22.7,500,3585.232992
-22.7,500,3585.358145
-22.9,500,3585.483201
-22.6,500,3585.609041
-24.1,500,3585.733882
-22.6,500,3585.85901
-24.3,500,3585.983633
-22.5,500,3586.107605
-22.5,500,3586.232398
-22.5,500,3586.357537
-22.7,500,3586.482045
-25.5,500,3586.607133
-23.4,500,3586.731849
-23.1,500,3586.856843
-22.8,500,3586.982398
-23.0,500,3587.108064
-23.8,500,3587.238154
-24.5,500,3587.364935
-26.8,500,3587.49124
-22.7,500,3587.61637
-23.2,500,3587.743009
-22.8,500,3587.869776
-22.5,500,3587.995102
-22.9,500,3588.119944
-23.3,500,3588.245459
-22.7,500,3588.370121
-22.5,500,3588.494971
-24.2,500,3588.620556
-23.1,500,3588.745245
-22.6,500,3588.87
-22.5,500,3588.994829
-22.7,500,3589.120387
-23.1,500,3589.245354
-22.7,500,3589.370332
-21.7,500,3589.496167
-23.3,500,3589.622739
-24.6,500,3589.748086
-22.8,500,3589.872784
-22.9,500,3589.997725
-22.6,500,3590.125371
-22.7,500,3590.251506
-22.6,500,3590.377172
-22.2,500,3590.502747
-22.7,500,3590.627663
-22.7,500,3590.752235
-22.5,500,3590.877087
-23.1,500,3591.002294
-21.8,500,3591.127318
-22.9,500,3591.251875
-22.5,500,3591.3767
-22.5,500,3591.501832
-22.9,500,3591.626464
-22.7,500,3591.75178
-22.7,500,3591.87806
-22.7,500,3592.002706
-22.2,500,3592.127357
-22.8,500,3592.252335
-23.4,500,3592.37744
-22.6,500,3592.502517
-22.7,500,3592.628068
-23.1,500,3592.753112
-22.5,500,3592.878094
-22.0,500,3593.002696
-22.7,500,3593.127347
-23.2,500,3593.252318
-25.5,500,3593.378097
-22.7,500,3593.503473
-22.5,500,3593.62856
-23.2,500,3593.75382
-23.3,500,3593.878864
-22.3,500,3594.00421
-26.0,500,3594.129581
-23.9,500,3594.255232
-22.1,500,3594.38034
-21.8,500,3594.50503
-24.1,500,3594.6301
-23.7,500,3594.755141
-22.3,500,3594.880183
-21.8,500,3595.005732
-64.7,500,3595.133232
-94.2,500,3595.25879
-22.5,500,3595.384187
-22.0,500,3595.509492
-21.6,500,3595.634514
-21.6,500,3595.759608
-22.2,500,3595.885012
-23.2,500,3596.010437
-21.6,500,3596.135458
-21.6,500,3596.260659
-21.6,500,3596.385765
-21.8,500,3596.510828
-22.1,500,3596.636682
-21.6,500,3596.761616
-21.6,500,3596.921825
-22.0,500,3597.046752
-23.8,500,3597.172356
-22.3,500,3597.298663
-21.8,500,3597.424182
-22.7,500,3597.549534
-21.6,500,3597.674531
-21.9,500,3597.798861
-23.1,500,3597.925092
-21.6,500,3598.051019
-21.6,500,3598.176185
-31.7,500,3598.301244
-21.6,500,3598.426305
-23.9,500,3598.551731
-22.0,500,3598.677513
-21.6,500,3598.80414
-21.6,500,3598.929275
-21.6,500,3599.054143
-22.1,500,3599.179812
-21.8,500,3599.304981
-22.8,500,3599.43018
-21.8,500,3599.555715
-21.6,500,3599.680807
-21.9,500,3599.805657
-21.8,500,3599.930326
-22.6,500,3600.056714
-21.6,500,3600.183213
-22.1,500,3600.309068
-21.8,500,3600.434153
-22.6,500,3600.559312
-22.6,500,3600.684623
-21.7,500,3600.809446
-21.6,500,3600.934653
-21.9,500,3601.059947
-22.3,500,3601.185336
-21.7,500,3601.310237
-21.7,500,3601.435701
-21.8,500,3601.561121
-21.9,500,3601.687882
-21.6,500,3601.813616
-22.1,500,3601.939487
-22.3,500,3602.064275
-21.6,500,3602.189737
-21.6,500,3602.315122
-21.9,500,3602.44037
-21.6,500,3602.566196
-22.0,500,3602.692385
-21.7,500,3602.818913
-21.6,500,3602.944475
-21.9,500,3603.069182
-21.9,500,3603.193907
-21.8,500,3603.31859
-21.9,500,3603.44489
-22.8,500,3603.57
-22.0,500,3603.694805
-21.8,500,3603.819904
-21.9,500,3603.944982
-21.7,500,3604.070034
-22.2,500,3604.195011
-21.6,500,3604.320259
-21.7,500,3604.445116
-21.9,500,3604.569716
-22.4,500,3604.694758
-21.7,500,3604.820132
-22.5,500,3604.944913
-22.2,500,3605.072184
-21.8,500,3605.198696
-21.7,500,3605.323931
-21.6,500,3605.449688
-22.5,500,3605.575372
-22.0,500,3605.700355
-21.9,500,3605.825394
-21.7,500,3605.951189
-21.9,500,3606.076561
-22.2,500,3606.201333
-23.2,500,3606.326054
-22.6,500,3606.451043
-21.6,500,3606.575772
-21.9,500,3606.701211
-46.3,500,3606.826736
-22.4,500,3606.952607
-22.0,500,3607.077849
-21.8,500,3607.203731
-21.7,500,3607.329375
-21.9,500,3607.455489
-22.0,500,3607.580564
-21.8,500,3607.70651
-26.4,500,3607.83148
-22.1,500,3607.957095
-29.8,500,3608.081733
-24.1,500,3608.206581
-21.6,500,3608.331854
-21.9,500,3608.457195
-22.3,500,3608.582451
-22.0,500,3608.707771
-21.7,500,3608.832573
-22.3,500,3608.9576
-21.9,500,3609.082911
-21.9,500,3609.208244
-21.7,500,3609.333633
-22.3,500,3609.45888
-22.4,500,3609.583873
-22.5,500,3609.709044
-21.9,500,3609.83422
-22.9,500,3609.961108
-21.9,500,3610.088852
-21.8,500,3610.214959
-21.8,500,3610.340384
-22.7,500,3610.465929
-21.8,500,3610.627973
-21.7,500,3610.753009
-21.9,500,3610.877819
-22.2,500,3611.002676
-21.6,500,3611.127964
-21.6,500,3611.2528
-21.8,500,3611.377849
-21.8,500,3611.502137
-22.2,500,3611.627286
-27.9,500,3611.752609
-21.9,500,3611.878174
-22.4,500,3612.003222
-21.8,500,3612.12817
-21.8,500,3612.25291
-21.6,500,3612.377597
-24.9,500,3612.502462
-22.1,500,3612.628121
-22.7,500,3612.75307
-22.3,500,3612.878176
-21.8,500,3613.003161
-21.7,500,3613.127851
-21.6,500,3613.252519
-22.1,500,3613.377919
-22.5,500,3613.503245
-22.1,500,3613.62845
-22.4,500,3613.75381
-21.7,500,3613.879413
-21.8,500,3614.004647
-22.7,500,3614.129292
-21.9,500,3614.25485
-22.3,500,3614.379724
-21.9,500,3614.504535
-23.2,500,3614.629956
-21.8,500,3614.754524
-22.0,500,3614.880261
-21.8,500,3615.006968
-22.5,500,3615.134909
-22.0,500,3615.260918
-22.8,500,3615.38617
-21.7,500,3615.511434
-21.7,500,3615.63707
-21.6,500,3615.762226
-22.3,500,3615.887073
-21.6,500,3616.011935
-22.0,500,3616.136948
-21.8,500,3616.261868
-21.8,500,3616.387479
-21.7,500,3616.513873
-22.2,500,3616.639033
-21.8,500,3616.764278
-21.8,500,3616.889142
-24.5,500,3617.014529
-22.6,500,3617.140687
-22.2,500,3617.265869
-21.9,500,3617.390998
-21.6,500,3617.515637
-21.8,500,3617.64061
-21.8,500,3617.765617
-21.7,500,3617.890497
-23.3,500,3618.016216
-22.6,500,3618.140805
-22.0,500,3618.266152
-22.4,500,3618.39121
-21.9,500,3618.516168
-21.6,500,3618.640552
-22.4,500,3618.765642
-22.7,500,3618.891003
-21.9,500,3619.016167
-22.0,500,3619.141457
-21.6,500,3619.26683
-30.7,500,3619.391937
-22.0,500,3619.517663
-22.0,500,3619.643149
-21.6,500,3619.768142
-21.8,500,3619.893762
-22.5,500,3620.019352
-22.0,500,3620.146639
-21.8,500,3620.273227
-21.9,500,3620.400762
-22.9,500,3620.526508
-21.9,500,3620.651652
-22.1,500,3620.77653
-22.3,500,3620.901792
-27.8,500,3621.02805
-22.4,500,3621.155325
-21.6,500,3621.279908
-21.7,500,3621.405013
-22.0,500,3621.530431
-21.9,500,3621.655105
-22.5,500,3621.780373
-22.0,500,3621.905664
-24.9,500,3622.031681
-21.8,500,3622.156762
-21.6,500,3622.281588
-21.6,500,3622.406528
-22.4,500,3622.531497
-22.0,500,3622.656126
-21.8,500,3622.781914
-21.9,500,3622.908107
-22.3,500,3623.033702
-21.6,500,3623.158762
-22.9,500,3623.284095
-22.2,500,3623.409677
-22.2,500,3623.534905
-22.5,500,3623.683759
-60.0,500,3623.823915
-62.6,500,3623.959671
-54.5,500,3624.101813
-49.5,500,3624.243277
-22.0,500,3624.405355
-22.6,500,3624.531935
-22.3,500,3624.657084
-22.2,500,3624.782768
-22.5,500,3624.90845
-21.8,500,3625.033906
-23.5,500,3625.161963
-24.7,500,3625.288313
-22.7,500,3625.417202
-22.0,500,3625.558633
-21.9,500,3625.685203
-21.8,500,3625.810963
-21.7,500,3625.935908
-21.9,500,3626.061162
-22.8,500,3626.185959
-23.0,500,3626.311051
-23.4,500,3626.4358
-22.9,500,3626.560727
-22.9,500,3626.685577
-23.2,500,3626.810887
-22.2,500,3626.936114
-22.0,500,3627.06166
-22.7,500,3627.186541
-22.0,500,3627.311519
-21.6,500,3627.436305
-23.2,500,3627.562346
-23.6,500,3627.687602
-22.4,500,3627.812726
-21.6,500,3627.937936
-22.3,500,3628.062908
-23.2,500,3628.188337
-22.9,500,3628.313223
-21.9,500,3628.438764
-22.8,500,3628.564156
-22.7,500,3628.68939
-21.7,500,3628.814484
-22.8,500,3628.939115
-23.5,500,3629.065103
-23.0,500,3629.190502
-22.0,500,3629.315894
-22.6,500,3629.441076
-22.0,500,3629.566237
-22.5,500,3629.691407
-21.8,500,3629.817121
-23.1,500,3629.941781
-22.3,500,3630.066831
-22.2,500,3630.194924
-23.1,500,3630.320671
-26.6,500,3630.4456
-21.7,500,3630.571542
-22.4,500,3630.696876
-21.7,500,3630.822343
-22.5,500,3630.954585
-22.2,500,3631.080324
-22.3,500,3631.206317
-23.0,500,3631.332186
-21.9,500,3631.457111
-22.3,500,3631.582017
-22.8,500,3631.707115
-22.2,500,3631.832118
-22.1,500,3631.957512
-22.4,500,3632.082245
-21.7,500,3632.208485
-22.7,500,3632.333213
-61.7,500,3632.458812
-24.1,500,3632.584054
-22.9,500,3632.709668
-22.1,500,3632.835253
-22.6,500,3632.960933
-25.9,500,3633.086234
-21.9,500,3633.211574
-22.5,500,3633.336932
-23.8,500,3633.462172
-29.2,500,3633.587218
-22.1,500,3633.713252
-21.8,500,3633.839949
-22.4,500,3633.965092
-22.3,500,3634.090467
-21.8,500,3634.216162
-21.6,500,3634.341137
-22.0,500,3634.466952
-21.9,500,3634.591808
-21.6,500,3634.716644
-22.0,500,3634.841594
-22.1,500,3634.966838
-22.3,500,3635.092816
-22.0,500,3635.219602
-22.0,500,3635.346821
-21.9,500,3635.473221
-22.9,500,3635.599554
-21.6,500,3635.731483
-22.1,500,3635.856731
-22.4,500,3635.982085
-22.4,500,3636.107364
-21.8,500,3636.232277
-22.6,500,3636.357605
-21.8,500,3636.482381
-22.1,500,3636.607386
-22.0,500,3636.732171
-22.5,500,3636.857484
-21.7,500,3636.982979
-22.0,500,3637.108399
-22.4,500,3637.233579
-22.0,500,3637.359474
-21.9,500,3637.485302
-21.6,500,3637.610545
-22.6,500,3637.736584
-21.9,500,3637.861871
-22.8,500,3637.987021
-21.9,500,3638.112112
-22.3,500,3638.237554
-21.7,500,3638.362599
-23.0,500,3638.530651
-22.0,500,3638.656389
-22.1,500,3638.781747
-21.7,500,3638.907685
-21.8,500,3639.033328
-22.2,500,3639.158539
-22.3,500,3639.283763
-21.9,500,3639.408706
-22.3,500,3639.53385
-21.5,500,3639.658813
-21.8,500,3639.783936
-22.2,500,3639.90932
-22.4,500,3640.034608
-22.0,500,3640.161468
-22.4,500,3640.286911
-21.8,500,3640.411657
-22.1,500,3640.538559
-22.6,500,3640.664167
-22.0,500,3640.790306
-22.4,500,3640.91599
-22.2,500,3641.04164
-22.0,500,3641.16691
-22.7,500,3641.293297
-22.1,500,3641.419531
-21.8,500,3641.545386
-21.6,500,3641.671043
-22.3,500,3641.796447
-22.3,500,3641.922458
-22.1,500,3642.049286
-21.9,500,3642.174847
-21.9,500,3642.300247
-21.8,500,3642.425912
-21.7,500,3642.550856
-22.5,500,3642.675913
-21.8,500,3642.800936
-23.1,500,3642.926674
-22.1,500,3643.051652
-21.8,500,3643.176748
-21.7,500,3643.301842
-22.8,500,3643.426751
-22.1,500,3643.551949
-23.4,500,3643.677685
-22.0,500,3643.803337
-22.3,500,3643.9283
-21.6,500,3644.053165
-21.7,500,3644.178269
-22.1,500,3644.303344
-22.6,500,3644.428834
-21.9,500,3644.555379
-21.9,500,3644.680692
-22.3,500,3644.806056
-22.1,500,3644.931397
-21.8,500,3645.056988
-21.7,500,3645.184935
-21.6,500,3645.310399
-22.4,500,3645.436329
-22.5,500,3645.562016
-22.9,500,3645.687059
-21.7,500,3645.812537
-22.4,500,3645.938264
-21.7,500,3646.063205
-23.0,500,3646.188856
-21.6,500,3646.314277
-23.8,500,3646.4393
-22.8,500,3646.56434
-22.0,500,3646.689144
-22.5,500,3646.813912
-22.1,500,3646.939702
-22.2,500,3647.066039
-21.9,500,3647.191053
-23.0,500,3647.316362
-22.1,500,3647.440761
-22.8,500,3647.565707
-40.0,500,3647.690628
-22.7,500,3647.816326
-22.5,500,3647.941154
-21.6,500,3648.06624
-22.0,500,3648.191309
-22.0,500,3648.317147
-21.9,500,3648.442018
-22.4,500,3648.567116
-21.9,500,3648.692513
-23.1,500,3648.818305
-21.9,500,3648.943503
-22.9,500,3649.068825
-22.5,500,3649.193849
-22.2,500,3649.319353
-22.3,500,3649.449867
-21.6,500,3649.577922
-22.2,500,3649.704787
-22.2,500,3649.830882
-21.9,500,3649.957369
-23.4,500,3650.082199
-22.1,500,3650.209124
-21.8,500,3650.334634
-22.1,500,3650.459658
-22.7,500,3650.584549
-22.5,500,3650.709452
-23.3,500,3650.835562
-22.2,500,3650.960671
-21.7,500,3651.085785
-21.9,500,3651.210726
-22.9,500,3651.335858
-22.2,500,3651.461212
-22.6,500,3651.586219
-22.2,500,3651.711942
-21.7,500,3651.879077
-23.2,500,3652.004488
-36.4,500,3652.131263
-26.1,500,3652.256475
-22.0,500,3652.381403
-22.4,500,3652.506457
-26.2,500,3652.631404
-22.0,500,3652.75657
-21.9,500,3652.881929
-22.0,500,3653.006922
-22.7,500,3653.131773
-22.5,500,3653.256408
-24.7,500,3653.381565
-23.3,500,3653.507684
-22.7,500,3653.632761
-22.8,500,3653.76037
-22.4,500,3653.886024
-22.7,500,3654.011421
-21.8,500,3654.136262
-23.0,500,3654.261067
-23.0,500,3654.389068
-22.5,500,3654.513629
-31.6,500,3654.639055
-22.0,500,3654.763463
-21.9,500,3654.888034
-22.3,500,3655.012653
-22.2,500,3655.139111
-21.6,500,3655.263961
-22.3,500,3655.389719
-22.6,500,3655.516467
-22.0,500,3655.641251
-22.1,500,3655.765781
-21.8,500,3655.891134
-22.6,500,3656.015892
-49.5,500,3656.141562
-24.1,500,3656.267183
-23.6,500,3656.392238
-23.3,500,3656.516661
-22.9,500,3656.641102
-24.4,500,3656.765857
-24.6,500,3656.891238
-23.7,500,3657.01707
-22.8,500,3657.143414
-22.9,500,3657.268589
-23.1,500,3657.394012
-22.8,500,3657.519084
-22.8,500,3657.644223
-24.0,500,3657.770408
-22.7,500,3657.895682
-23.0,500,3658.020907
-23.4,500,3658.145761
-23.7,500,3658.270843
-22.9,500,3658.396787
-23.0,500,3658.522433
-22.8,500,3658.64757
-23.2,500,3658.772658
-23.4,500,3658.898348
-22.7,500,3659.023427
-22.6,500,3659.148766
-23.0,500,3659.274743
-22.6,500,3659.400451
-22.6,500,3659.526263
-23.9,500,3659.651809
-22.8,500,3659.777261
-22.7,500,3659.902206
-22.7,500,3660.02842
-23.0,500,3660.155448
-22.6,500,3660.281135
-22.6,500,3660.405457
-23.4,500,3660.530602
-22.8,500,3660.655188
-23.0,500,3660.779763
-105.5,500,3660.905687
-22.9,500,3661.031048
-22.6,500,3661.156344
-22.7,500,3661.281054
-22.7,500,3661.406299
-23.6,500,3661.531846
-22.7,500,3661.657744
-22.8,500,3661.782826
-22.5,500,3661.907825
-22.5,500,3662.032819
-22.7,500,3662.157891
-22.5,500,3662.282868
-23.3,500,3662.408159
-22.5,500,3662.533488
-22.6,500,3662.660377
-22.9,500,3662.785924
-22.7,500,3662.911012
-22.5,500,3663.036005
-22.9,500,3663.160837
-23.1,500,3663.285721
-23.0,500,3663.411882
-23.2,500,3663.537148
-23.8,500,3663.66243
-22.8,500,3663.787378
-22.7,500,3663.912108
-23.2,500,3664.03738
-22.7,500,3664.162485
-22.6,500,3664.287364
-23.0,500,3664.412072
-23.1,500,3664.537575
-25.2,500,3664.662785
-23.5,500,3664.787559
-22.8,500,3664.913486
-23.2,500,3665.038408
-23.4,500,3665.200567
-22.9,500,3665.326466
-22.7,500,3665.452744
-22.7,500,3665.577564
-22.6,500,3665.702554
-22.5,500,3665.827632
-22.6,500,3665.952707
-23.0,500,3666.077691
-23.3,500,3666.203227
-22.5,500,3666.329763
-23.0,500,3666.454959
-22.5,500,3666.579895
-22.6,500,3666.704611
-23.1,500,3666.829734
-26.8,500,3666.955262
-23.8,500,3667.079995
-22.9,500,3667.205329
-27.2,500,3667.335604
-24.5,500,3667.461573
-22.8,500,3667.587084
-22.6,500,3667.712185
-23.3,500,3667.838348
-22.5,500,3667.963439
-23.0,500,3668.088815
-23.0,500,3668.213664
-22.7,500,3668.338953
-22.8,500,3668.465027
-22.6,500,3668.590826
-23.0,500,3668.717733
-23.3,500,3668.843083
-22.8,500,3668.967842
-23.0,500,3669.09272
-22.6,500,3669.217794
-22.8,500,3669.343471
-22.9,500,3669.468662
-22.6,500,3669.594052
-22.6,500,3669.719062
-23.6,500,3669.844093
-23.4,500,3669.96895
-23.4,500,3670.094237
-22.8,500,3670.222519
-22.7,500,3670.347813
-23.2,500,3670.473015
-23.4,500,3670.598263
-23.3,500,3670.723125
-22.7,500,3670.849416
-23.2,500,3670.974311
-22.7,500,3671.099443
-22.8,500,3671.224634
-22.6,500,3671.349953
-22.7,500,3671.47507
-23.3,500,3671.599939
-23.0,500,3671.726089
-22.8,500,3671.851527
-23.1,500,3671.976478
-23.5,500,3672.101507
-22.9,500,3672.227234
-22.8,500,3672.352098
-24.9,500,3672.477781
-141.8,500,3672.603424
-58.8,500,3672.728216
-23.0,500,3672.853143
-22.5,500,3672.978493
-23.5,500,3673.103919
-22.6,500,3673.230445
-22.6,500,3673.356935
-22.5,500,3673.482669
-24.1,500,3673.608205
-22.5,500,3673.733448
-28.3,500,3673.85855
-50.7,500,3673.983137
-27.2,500,3674.108546
-23.4,500,3674.234405
-22.7,500,3674.3596
-22.9,500,3674.484514
-22.7,500,3674.609619
-22.8,500,3674.735321
-22.8,500,3674.861187
-22.6,500,3674.987413
-22.6,500,3675.112776
-22.8,500,3675.240993
-23.1,500,3675.365721
-23.4,500,3675.490938
-22.7,500,3675.616163
-22.8,500,3675.741051
-23.4,500,3675.865819
-22.9,500,3675.991318
-22.7,500,3676.11635
-22.5,500,3676.240763
-22.9,500,3676.365336
-22.5,500,3676.490872
-23.0,500,3676.616325
-22.8,500,3676.741533
-23.2,500,3676.866678
-30.1,500,3676.991839
-25.0,500,3677.117228
-23.4,500,3677.243364
-38.6,500,3677.368248
-22.7,500,3677.493413
-22.5,500,3677.61846
-22.6,500,3677.743873
-22.8,500,3677.868779
-23.3,500,3677.99425
-22.7,500,3678.119116
-22.7,500,3678.244486
-22.6,500,3678.369421
-22.6,500,3678.49494
-22.9,500,3678.619581
-23.3,500,3678.74503
-22.8,500,3678.870196
-22.7,500,3678.995033
-22.5,500,3679.120253
-22.7,500,3679.245323
-22.8,500,3679.370092
-23.7,500,3679.495872
-22.6,500,3679.621593
-22.6,500,3679.786262
-23.4,500,3679.911157
-22.7,500,3680.035782
-23.0,500,3680.162374
-22.6,500,3680.28757
-23.0,500,3680.412557
-22.7,500,3680.537224
-22.7,500,3680.661948
-22.7,500,3680.786761
-23.0,500,3680.912939
-23.3,500,3681.038539
-23.2,500,3681.163785
-23.0,500,3681.28908
-22.8,500,3681.414097
-23.6,500,3681.538886
-37.0,500,3681.664736
-22.7,500,3681.7898
-22.6,500,3681.914957
-22.8,500,3682.039872
-23.1,500,3682.164736
-23.5,500,3682.289934
-23.0,500,3682.416027
-22.9,500,3682.542817
-23.2,500,3682.668039
-23.0,500,3682.793148
-23.0,500,3682.918292
-23.0,500,3683.043567
-23.0,500,3683.168744
-24.4,500,3683.294592
-22.5,500,3683.420221
-23.0,500,3683.545386
-22.7,500,3683.670663
-23.3,500,3683.795989
-22.8,500,3683.920923
-34.7,500,3684.045908
-22.5,500,3684.171738
-23.6,500,3684.296718
-22.8,500,3684.421325
-22.7,500,3684.546273
-22.6,500,3684.670789
-22.7,500,3684.79594
-22.8,500,3684.921421
-22.8,500,3685.046193
-22.6,500,3685.172703
-23.2,500,3685.303298
-24.7,500,3685.429108
-23.0,500,3685.555521
-22.7,500,3685.680433
-22.7,500,3685.806455
-22.9,500,3685.931659
-23.0,500,3686.056976
-22.8,500,3686.18206
-23.5,500,3686.307147
-22.9,500,3686.432981
-22.8,500,3686.557989
-23.4,500,3686.683034
-22.5,500,3686.807974
-22.7,500,3686.932585
-23.1,500,3687.057351
-22.7,500,3687.182708
-22.5,500,3687.308648
-23.6,500,3687.433844
-23.6,500,3687.559109
-23.5,500,3687.684298
-22.8,500,3687.808971
-22.8,500,3687.934195
-22.9,500,3688.059262
-22.8,500,3688.184094
-24.2,500,3688.309519
-22.8,500,3688.434456
-37.1,500,3688.559904
-23.2,500,3688.68475
-22.8,500,3688.810091
-22.8,500,3688.935014
-22.6,500,3689.06024
-23.1,500,3689.18556
-23.0,500,3689.310846
-23.0,500,3689.436434
-22.5,500,3689.561845
-22.8,500,3689.686871
-29.3,500,3689.81219
-23.3,500,3689.93699
-23.0,500,3690.061713
-22.8,500,3690.188849
-23.1,500,3690.313971
-23.0,500,3690.439506
-23.0,500,3690.564676
-22.6,500,3690.689786
-22.8,500,3690.814648
-22.9,500,3690.939966
-22.9,500,3691.065516
-32.6,500,3691.191155
-22.9,500,3691.316217
-22.9,500,3691.441661
-22.6,500,3691.566961
-24.1,500,3691.692229
-24.2,500,3691.817548
-22.8,500,3691.943147
-23.4,500,3692.068047
-23.1,500,3692.192935
-22.6,500,3692.318477
-23.0,500,3692.442905
-22.9,500,3692.568099
-23.2,500,3692.695756
-23.5,500,3692.821498
-22.9,500,3692.947031
-24.1,500,3693.071992
-23.5,500,3693.197149
-22.7,500,3693.3224
-23.9,500,3693.448113
-22.9,500,3693.573522
-22.9,500,3693.698926
-24.1,500,3693.861799
-22.7,500,3693.987607
-22.8,500,3694.112169
-22.6,500,3694.237128
-22.6,500,3694.362441
-23.1,500,3694.486727
-22.7,500,3694.61204
-22.8,500,3694.737896
-23.2,500,3694.8631
-22.9,500,3694.987607
-22.5,500,3695.112518
-22.5,500,3695.239296
-24.9,500,3695.36453
-25.3,500,3695.490505
-24.6,500,3695.615584
-22.9,500,3695.74081
-22.9,500,3695.8656
-22.8,500,3695.99062
-23.5,500,3696.115822
-23.1,500,3696.240466
-23.2,500,3696.365969
-23.0,500,3696.493181
-22.9,500,3696.61863
-22.8,500,3696.743065
-44.2,500,3696.867529
-24.0,500,3696.992547
-22.6,500,3697.118519
-23.3,500,3697.243252
-22.9,500,3697.368688
-22.8,500,3697.49316
-22.6,500,3697.617871
-22.9,500,3697.742637
-22.5,500,3697.867395
-25.9,500,3697.992707
-22.7,500,3698.117768
-22.9,500,3698.24257
-22.6,500,3698.367354
-22.9,500,3698.492143
-22.9,500,3698.617047
-22.7,500,3698.742722
-22.7,500,3698.868523
-22.5,500,3698.993364
-23.0,500,3699.11821
-22.6,500,3699.243038
-22.7,500,3699.374261
-29.9,500,3699.500637
-22.6,500,3699.626315
-23.6,500,3699.751993
-23.6,500,3699.877886
-23.3,500,3700.002828
-22.8,500,3700.12767
-22.6,500,3700.255581
-22.8,500,3700.380314
-22.8,500,3700.505592
-23.2,500,3700.630471
-23.1,500,3700.7552
-22.9,500,3700.880077
-23.3,500,3701.005444
-22.8,500,3701.13159
-23.1,500,3701.256812
-23.0,500,3701.381615
-23.6,500,3701.50679
-22.8,500,3701.63176
-22.9,500,3701.756426
-22.9,500,3701.881572
-22.5,500,3702.00696
-23.0,500,3702.131844
-23.7,500,3702.256985
-22.6,500,3702.382335
-22.9,500,3702.507511
-22.5,500,3702.632331
-22.9,500,3702.757978
-22.7,500,3702.882983
-56.3,500,3703.00826
-22.5,500,3703.133391
-23.0,500,3703.258123
-23.4,500,3703.38371
-22.9,500,3703.509528
-23.0,500,3703.636782
-23.6,500,3703.762024
-22.7,500,3703.887647
-22.6,500,3704.012682
-23.5,500,3704.137565
-22.5,500,3704.263139
-22.7,500,3704.388696
-23.2,500,3704.514088
-22.7,500,3704.639016
-23.4,500,3704.764218
-22.9,500,3704.890227
-22.8,500,3705.016256
-23.0,500,3705.141297
-24.6,500,3705.268345
-22.9,500,3705.393783
-23.3,500,3705.51866
-22.5,500,3705.644
-23.2,500,3705.76913
-22.5,500,3705.894639
-22.6,500,3706.019537
-22.5,500,3706.144676
-24.7,500,3706.269713
-23.5,500,3706.394802
-26.0,500,3706.520083
-23.1,500,3706.645154
-22.7,500,3706.770002
-22.6,500,3706.895586
-22.9,500,3707.02038
-22.5,500,3707.145264
-23.6,500,3707.270806
-24.5,500,3707.396377
-23.9,500,3707.521422
-23.1,500,3707.686361
-22.9,500,3707.811959
-22.8,500,3707.937062
-22.6,500,3708.062358
-22.6,500,3708.187493
-23.0,500,3708.312265
-45.0,500,3708.437333
-23.1,500,3708.56214
-23.6,500,3708.687806
-23.3,500,3708.813138
-22.9,500,3708.93804
-23.1,500,3709.063327
-22.9,500,3709.188646
-23.1,500,3709.313778
-23.8,500,3709.439304
-23.3,500,3709.564502
-22.8,500,3709.689866
-23.4,500,3709.814684
-22.9,500,3709.940475
-23.2,500,3710.065373
-23.7,500,3710.192583
-23.4,500,3710.318136
-23.4,500,3710.443119
-23.1,500,3710.568617
-23.4,500,3710.693603
-22.7,500,3710.818514
-22.8,500,3710.944152
-42.0,500,3711.069231
-23.3,500,3711.194827
-23.6,500,3711.319928
-22.6,500,3711.44538
-22.6,500,3711.570114
-22.7,500,3711.695521
-22.6,500,3711.820592
-24.5,500,3711.945514
-22.8,500,3712.070655
-22.6,500,3712.195593
-23.4,500,3712.320126
-23.0,500,3712.445373
-23.9,500,3712.570476
-22.8,500,3712.697069
-22.8,500,3712.822338
-22.9,500,3712.947622
-23.5,500,3713.072611
-23.1,500,3713.197351
-22.9,500,3713.32315
-22.9,500,3713.448988
-26.9,500,3713.573859
-65.0,500,3713.698931
-22.2,500,3713.824102
-22.6,500,3713.949188
-22.8,500,3714.074658
-23.7,500,3714.200656
-23.4,500,3714.32583
-22.6,500,3714.450682
-22.7,500,3714.575672
-23.0,500,3714.700431
-23.3,500,3714.826051
-23.2,500,3714.951479
-22.8,500,3715.076478
-24.2,500,3715.203367
-23.4,500,3715.328808
-22.6,500,3715.454145
-60.0,500,3715.578536
-23.6,500,3715.704223
-22.6,500,3715.829482
-23.0,500,3715.954393
-22.7,500,3716.079682
-22.9,500,3716.205365
-22.6,500,3716.330429
-23.4,500,3716.455726
-22.5,500,3716.580014
-23.2,500,3716.705287
-23.6,500,3716.830483
-22.5,500,3716.955668
-23.5,500,3717.080917
-23.1,500,3717.205665
-22.8,500,3717.331545
-22.8,500,3717.457666
-22.5,500,3717.58259
-23.0,500,3717.707131
-23.3,500,3717.832187
-23.0,500,3717.957875
-22.8,500,3718.083966
-22.5,500,3718.20906
-22.9,500,3718.334229
-23.5,500,3718.459428
-22.9,500,3718.584346
-22.7,500,3718.709723
-22.8,500,3718.835595
-22.8,500,3718.961087
-23.4,500,3719.086315
-23.9,500,3719.211589
-22.5,500,3719.337395
-22.8,500,3719.462849
-23.0,500,3719.58879
-22.5,500,3719.71407
-22.5,500,3719.839853
-23.0,500,3719.965195
-23.3,500,3720.090671
-48.6,500,3720.21706
-51.3,500,3720.342683
-23.5,500,3720.46808
-46.9,500,3720.593017
-45.7,500,3720.717821
-46.1,500,3720.84271
-23.8,500,3720.973322
-22.7,500,3721.099529
-23.3,500,3721.226068
-22.8,500,3721.35128
-23.0,500,3721.522303
-22.7,500,3721.647585
-22.7,500,3721.772632
-22.9,500,3721.897754
-23.2,500,3722.023356
-23.7,500,3722.148313
-23.2,500,3722.273214
-22.7,500,3722.399239
-24.7,500,3722.524967
-23.2,500,3722.649928
-23.0,500,3722.775244
-23.1,500,3722.900717
-22.8,500,3723.025671
-23.3,500,3723.151408
-24.2,500,3723.276119
-28.2,500,3723.401148
-25.1,500,3723.526153
-40.1,500,3723.651277
-22.8,500,3723.776522
-23.3,500,3723.901514
-23.1,500,3724.027423
-22.6,500,3724.152448
-22.9,500,3724.277521
-24.2,500,3724.402623
-22.7,500,3724.527946
-23.1,500,3724.652788
-22.6,500,3724.778686
-23.3,500,3724.903919
-22.9,500,3725.029346
-23.0,500,3725.154367
-22.5,500,3725.282038
-22.9,500,3725.40712
-23.1,500,3725.5324
-23.5,500,3725.658051
-23.7,500,3725.782941
-23.4,500,3725.907791
-23.4,500,3726.032715
-22.9,500,3726.157276
-22.7,500,3726.283424
-22.9,500,3726.408133
-23.1,500,3726.532898
-22.5,500,3726.657828
-23.3,500,3726.78295
-22.9,500,3726.907838
-22.9,500,3727.033555
-22.8,500,3727.159998
-22.9,500,3727.285142
-22.5,500,3727.410096
-23.7,500,3727.536531
-23.2,500,3727.661618
-25.9,500,3727.786998
-23.3,500,3727.912417
-22.5,500,3728.039501
-23.0,500,3728.164693
-23.0,500,3728.290351
-22.6,500,3728.414878
-23.3,500,3728.539872
-23.6,500,3728.665328
-22.9,500,3728.790879
-22.7,500,3728.915743
-23.1,500,3729.041011
-22.5,500,3729.166488
-22.7,500,3729.291303
-22.9,500,3729.416955
-23.3,500,3729.542418
-22.9,500,3729.667141
-22.5,500,3729.79308
-22.5,500,3729.918291
-23.5,500,3730.043588
-22.8,500,3730.168634
-22.7,500,3730.296091
-22.9,500,3730.421532
-23.2,500,3730.546903
-22.5,500,3730.672431
-23.1,500,3730.797917
-22.7,500,3730.923495
-22.9,500,3731.049827
-24.2,500,3731.174756
-23.3,500,3731.300112
-22.6,500,3731.424695
-22.5,500,3731.549986
-22.6,500,3731.674867
-23.1,500,3731.800224
-22.9,500,3731.925067
-22.9,500,3732.04974
-23.2,500,3732.174681
-23.4,500,3732.299675
-22.9,500,3732.424816
-22.5,500,3732.551836
-22.6,500,3732.676706
-23.1,500,3732.801352
-22.9,500,3732.926276
-23.1,500,3733.05161
-22.9,500,3733.176274
-22.6,500,3733.301631
-22.9,500,3733.428385
-23.2,500,3733.553515
-23.1,500,3733.6782
-22.9,500,3733.803455
-23.2,500,3733.928651
-144.5,500,3734.054471
-24.6,500,3734.179319
-58.1,500,3734.304389
-22.9,500,3734.42918
-22.6,500,3734.554567
-22.7,500,3734.679627
-22.5,500,3734.804991
-22.5,500,3734.930377
-22.7,500,3735.056084
-25.6,500,3735.181551
-25.4,500,3735.308633
-23.4,500,3735.433705
-22.5,500,3735.558692
-23.0,500,3735.684222
-24.2,500,3735.809613
-22.6,500,3735.934747
-22.7,500,3736.060381
-22.7,500,3736.185544
-22.7,500,3736.310683
-22.7,500,3736.43639
-23.2,500,3736.561508
-23.0,500,3736.729617
-27.2,500,3736.855319
-22.7,500,3736.981824
-22.8,500,3737.106671
-22.8,500,3737.231613
-22.6,500,3737.356073
-23.0,500,3737.480458
-23.1,500,3737.606229
-22.6,500,3737.730803
-22.9,500,3737.855003
-22.8,500,3737.980052
-23.9,500,3738.104984
-22.8,500,3738.229405
-23.5,500,3738.354994
-23.0,500,3738.479677
-22.5,500,3738.60436
-22.9,500,3738.729335
-22.5,500,3738.854383
-22.5,500,3738.979548
-22.8,500,3739.105343
-22.9,500,3739.230298
-23.0,500,3739.355418
-23.1,500,3739.480302
-25.6,500,3739.604623
-25.0,500,3739.729657
-22.7,500,3739.854948
-22.9,500,3739.981303
-22.5,500,3740.10663
-22.5,500,3740.234128
-22.7,500,3740.359958
-23.0,500,3740.484644
-23.3,500,3740.610231
-23.6,500,3740.736159
-26.1,500,3740.861656
-22.7,500,3740.986743
-22.7,500,3741.11185
-22.9,500,3741.236865
-23.4,500,3741.362559
-22.8,500,3741.487747
-77.7,500,3741.613155
-22.5,500,3741.738556
-22.6,500,3741.86342
-23.3,500,3741.988821
-23.3,500,3742.114374
-22.7,500,3742.240463
-22.6,500,3742.365761
-23.3,500,3742.491496
-23.0,500,3742.616907
-23.2,500,3742.742119
-22.8,500,3742.867859
-22.8,500,3742.994282
-31.5,500,3743.119978
-23.0,500,3743.245677
-23.7,500,3743.371054
-22.5,500,3743.496672
-22.5,500,3743.622744
-22.7,500,3743.747798
-23.2,500,3743.873886
-24.4,500,3743.998863
-23.4,500,3744.12427
-25.4,500,3744.249463
-24.1,500,3744.374823
-23.5,500,3744.500333
-22.7,500,3744.625556
-22.7,500,3744.75056
-23.2,500,3744.876193
-22.9,500,3745.001302
-22.9,500,3745.126912
-23.5,500,3745.255835
-23.5,500,3745.381427
-23.8,500,3745.506562
-23.9,500,3745.631358
-23.1,500,3745.755829
-23.1,500,3745.881268
-23.2,500,3746.005485
-22.9,500,3746.130248
-23.9,500,3746.254972
-23.4,500,3746.380274
-22.7,500,3746.505337
-22.6,500,3746.630005
-23.3,500,3746.75544
-22.5,500,3746.881026
-22.5,500,3747.006159
-22.8,500,3747.13143
-22.7,500,3747.256673
-23.2,500,3747.381536
-23.4,500,3747.507365
-22.9,500,3747.633005
-22.6,500,3747.75856
-22.9,500,3747.883411
-23.0,500,3748.008559
-23.3,500,3748.133648
-22.5,500,3748.258667
-22.6,500,3748.384139
-22.7,500,3748.508904
-22.5,500,3748.652049
-22.8,500,3748.789289
-22.9,500,3748.929014
-23.1,500,3749.06622
-22.6,500,3749.210002
-22.9,500,3749.336799
-22.7,500,3749.462004
-23.2,500,3749.588034
-23.1,500,3749.71352
-22.7,500,3749.839182
-22.6,500,3749.964028
-22.5,500,3750.088848
-32.0,500,3750.214803
-39.4,500,3750.33989
-24.0,500,3750.524407
-24.5,500,3750.652726
-22.8,500,3750.777754
-23.6,500,3750.90324
-22.9,500,3751.028513
-22.8,500,3751.153521
-22.9,500,3751.278757
-22.5,500,3751.403371
-24.1,500,3751.528704
-22.7,500,3751.654184
-22.5,500,3751.778738
-22.6,500,3751.90371
-23.1,500,3752.028598
-22.6,500,3752.153337
-23.4,500,3752.278223
-22.8,500,3752.403466
-22.9,500,3752.529878
-22.7,500,3752.655035
-22.8,500,3752.780267
-24.0,500,3752.905517
-23.4,500,3753.030484
-23.7,500,3753.155803
-25.5,500,3753.28116
-23.3,500,3753.406587
-22.8,500,3753.532078
-23.6,500,3753.658275
-23.4,500,3753.784185
-23.3,500,3753.909447
-23.7,500,3754.034782
-22.8,500,3754.160132
-22.9,500,3754.285221
-22.6,500,3754.41023
-22.7,500,3754.535266
-22.7,500,3754.659934
-22.8,500,3754.785447
-22.5,500,3754.910632
-23.5,500,3755.0358
-22.9,500,3755.160936
-25.5,500,3755.287842
-23.4,500,3755.413146
-22.6,500,3755.537657
-22.7,500,3755.662357
-26.9,500,3755.787167
-23.3,500,3755.912142
-22.5,500,3756.037386
-23.0,500,3756.161923
-23.1,500,3756.287666
-22.8,500,3756.414641
-22.8,500,3756.540789
-22.6,500,3756.665739
-22.5,500,3756.790654
-22.8,500,3756.915632
-30.7,500,3757.041562
-22.9,500,3757.1667
-22.7,500,3757.29123
-22.9,500,3757.415733
-22.5,500,3757.540683
-22.6,500,3757.665796
-23.3,500,3757.791288
-24.9,500,3757.917147
-23.5,500,3758.04263
-22.8,500,3758.167485
-23.1,500,3758.292476
-22.7,500,3758.417191
-24.4,500,3758.542253
-23.3,500,3758.667201
-23.0,500,3758.792728
-22.6,500,3758.917734
-23.0,500,3759.043715
-23.2,500,3759.168779
-23.1,500,3759.29386
-22.8,500,3759.418924
-22.8,500,3759.544652
-23.1,500,3759.669403
-34.6,500,3759.794279
-23.0,500,3759.919141
-23.0,500,3760.043889
-22.7,500,3760.168616
-23.6,500,3760.296183
-22.7,500,3760.42129
-22.7,500,3760.545624
-22.6,500,3760.670885
-22.9,500,3760.795515
-23.7,500,3760.920185
-23.2,500,3761.045597
-23.1,500,3761.171903
-22.9,500,3761.29714
-23.2,500,3761.422261
-23.5,500,3761.547863
-22.6,500,3761.672837
-23.1,500,3761.797742
-23.1,500,3761.923048
-23.3,500,3762.047903
-23.8,500,3762.172722
-22.9,500,3762.297719
-22.8,500,3762.422688
-23.0,500,3762.547145
-23.2,500,3762.672574
-24.8,500,3762.798398
-24.0,500,3762.923588
-23.4,500,3763.048686
-23.9,500,3763.173898
-23.0,500,3763.298606
-23.0,500,3763.424036
-22.8,500,3763.549614
-22.8,500,3763.674635
-23.4,500,3763.799333
-22.7,500,3763.924451
-22.8,500,3764.050083
-22.8,500,3764.175607
-23.1,500,3764.340317
-23.3,500,3764.465881
-23.2,500,3764.590659
-23.2,500,3764.716528
-23.0,500,3764.841724
-23.4,500,3764.966809
-22.9,500,3765.092183
-23.3,500,3765.218342
-48.6,500,3765.344754
-24.1,500,3765.469947
-23.0,500,3765.595284
-23.9,500,3765.720215
-22.8,500,3765.845318
-22.9,500,3765.970527
-22.9,500,3766.095679
-24.0,500,3766.220889
-23.2,500,3766.344812
-22.9,500,3766.469752
-22.6,500,3766.594908
-23.0,500,3766.719579
-22.7,500,3766.844169
-22.7,500,3766.968917
-23.0,500,3767.094095
-23.5,500,3767.219478
-24.0,500,3767.344853
-23.1,500,3767.469865
-23.1,500,3767.595117
-22.5,500,3767.719808
-143.6,500,3767.845363
-64.9,500,3767.970833
-50.2,500,3768.095518
-48.4,500,3768.220282
-25.2,500,3768.345404
-24.7,500,3768.47078
-22.6,500,3768.595901
-22.6,500,3768.721522
-94.5,500,3768.847778
-22.7,500,3768.973098
-23.1,500,3769.098754
-24.3,500,3769.224723
-23.0,500,3769.349839
-47.0,500,3769.475433
-23.3,500,3769.601449
-23.4,500,3769.726799
-22.8,500,3769.851952
-22.6,500,3769.976834
-22.7,500,3770.102157
-22.8,500,3770.22707
-22.8,500,3770.354887
-23.1,500,3770.48027
-22.8,500,3770.605731
-23.4,500,3770.730629
-22.8,500,3770.855971
-24.9,500,3770.981795
-22.5,500,3771.106822
-22.5,500,3771.232017
-22.7,500,3771.356916
-22.8,500,3771.482048
-25.8,500,3771.607661
-22.6,500,3771.732174
-22.6,500,3771.857274
-23.2,500,3771.982126
-22.8,500,3772.107314
-22.7,500,3772.232477
-23.2,500,3772.35796
-29.2,500,3772.482388
-23.4,500,3772.607285
-23.5,500,3772.731687
-24.3,500,3772.856556
-22.8,500,3772.981116
-23.0,500,3773.105917
-23.8,500,3773.233056
-22.8,500,3773.361945
-22.9,500,3773.490261
-23.7,500,3773.616793
-23.7,500,3773.741976
-22.7,500,3773.867164
-23.0,500,3773.992136
-22.7,500,3774.117939
-22.6,500,3774.243448
-22.8,500,3774.369497
-22.8,500,3774.495741
-22.9,500,3774.621035
-22.8,500,3774.746344
-23.8,500,3774.871262
-22.6,500,3774.997136
-22.9,500,3775.123296
-24.8,500,3775.249495
-23.3,500,3775.376546
-22.5,500,3775.501477
-23.2,500,3775.626647
-22.9,500,3775.752318
-22.8,500,3775.877978
-22.6,500,3776.003147
-23.3,500,3776.12818
-23.3,500,3776.253269
-22.5,500,3776.378316
-23.7,500,3776.503639
-23.4,500,3776.629327
-23.3,500,3776.754378
-22.8,500,3776.878962
-23.6,500,3777.00416
-23.6,500,3777.129214
-23.0,500,3777.253765
-23.2,500,3777.38014
-23.8,500,3777.505289
-22.6,500,3777.630537
-22.8,500,3777.755489
-23.0,500,3777.881024
-22.6,500,3778.006043
-23.1,500,3778.130923
-22.7,500,3778.256251
-23.9,500,3778.3818
-23.3,500,3778.506753
-23.1,500,3778.632295
-22.9,500,3778.760671
-22.7,500,3778.886424
-23.1,500,3779.055816
-22.7,500,3779.18196
-23.2,500,3779.306944
-22.7,500,3779.435924
-22.7,500,3779.562441
-23.2,500,3779.687581
-23.8,500,3779.812121
-22.9,500,3779.937341
-22.9,500,3780.062582
-23.2,500,3780.187795
-25.7,500,3780.315257
-22.6,500,3780.440948
-24.3,500,3780.565944
-23.1,500,3780.690712
-23.1,500,3780.815776
-23.3,500,3780.940528
-12.2,500,3781.065515
-24.7,500,3781.190702
-26.6,500,3781.315894
-22.7,500,3781.440914
-22.5,500,3781.565745
-22.9,500,3781.690949
-22.6,500,3781.815919
-23.1,500,3781.940788
-23.0,500,3782.066408
-22.6,500,3782.19157
-22.7,500,3782.317037
-22.5,500,3782.442333
-23.1,500,3782.568278
-22.9,500,3782.693539
-23.0,500,3782.818685
-23.5,500,3782.944137
-22.5,500,3783.069536
-23.0,500,3783.194504
-23.1,500,3783.320851
-23.2,500,3783.447337
-22.8,500,3783.572355
-22.9,500,3783.697425
-22.6,500,3783.822921
-22.9,500,3783.948143
-22.9,500,3784.073647
-22.9,500,3784.199894
-23.1,500,3784.325176
-23.0,500,3784.450727
-22.5,500,3784.575758
-22.7,500,3784.700516
-22.9,500,3784.826223
-23.6,500,3784.9514
-23.4,500,3785.07671
-22.5,500,3785.201531
-23.5,500,3785.328313
-22.7,500,3785.454034
-22.9,500,3785.578965
-22.5,500,3785.704475
-23.5,500,3785.829391
-22.9,500,3785.954311
-23.0,500,3786.078679
-23.3,500,3786.203682
-22.8,500,3786.328457
-40.4,500,3786.453987
-23.5,500,3786.5797
-23.0,500,3786.704917
-22.6,500,3786.830391
-22.8,500,3786.955384
-22.9,500,3787.080297
-22.7,500,3787.205939
-22.9,500,3787.330767
-22.6,500,3787.45598
-22.7,500,3787.580794
-23.1,500,3787.70574
-23.2,500,3787.830374
-23.2,500,3787.955573
-22.9,500,3788.080656
-22.5,500,3788.206642
-23.0,500,3788.332059
-22.7,500,3788.457294
-22.9,500,3788.582712
-24.0,500,3788.707998
-22.5,500,3788.833669
-22.8,500,3788.95927
-22.7,500,3789.08436
-22.9,500,3789.209912
-22.9,500,3789.335191
-23.1,500,3789.460349
-22.5,500,3789.585946
-23.5,500,3789.71141
-42.4,500,3789.836115
-22.8,500,3789.961384
-22.8,500,3790.086983
-22.5,500,3790.211819
-23.3,500,3790.339555
-22.7,500,3790.465579
-23.4,500,3790.59058
-22.5,500,3790.715082
-22.7,500,3790.839889
-23.3,500,3790.965033
-22.8,500,3791.090456
-22.9,500,3791.215141
-84.5,500,3791.339975
-49.3,500,3791.465404
-28.5,500,3791.590713
-23.6,500,3791.715955
-23.1,500,3791.841827
-22.9,500,3791.966812
-23.4,500,3792.092027
-22.8,500,3792.216996
-23.3,500,3792.342105
-23.0,500,3792.467115
-23.0,500,3792.63038
-22.7,500,3792.755527
-23.0,500,3792.880367
-22.7,500,3793.005669
-23.0,500,3793.131108
-23.7,500,3793.257537
-22.6,500,3793.382563
-23.3,500,3793.507833
-23.2,500,3793.632633
-23.1,500,3793.757386
-22.9,500,3793.882819
-22.6,500,3794.007438
-22.8,500,3794.132386
-22.8,500,3794.257788
-22.9,500,3794.383289
-23.2,500,3794.507864
-22.7,500,3794.633222
-22.5,500,3794.75777
-22.5,500,3794.882938
-22.5,500,3795.007728
-23.4,500,3795.132899
-23.1,500,3795.257945
-23.4,500,3795.384627
-23.6,500,3795.510267
-44.3,500,3795.635644
-21.7,500,3795.760338
-22.9,500,3795.885446
-22.2,500,3796.010627
-21.6,500,3796.136013
-23.8,500,3796.261666
-22.7,500,3796.386701
-22.8,500,3796.512208
-21.9,500,3796.636519
-22.6,500,3796.7616
-22.2,500,3796.886453
-22.9,500,3797.01217
-22.5,500,3797.13889
-21.7,500,3797.264068
-21.8,500,3797.389372
-22.7,500,3797.514422
-22.2,500,3797.63918
-21.7,500,3797.76528
-22.7,500,3797.890414
-22.3,500,3798.015924
-21.7,500,3798.141496
-21.8,500,3798.266775
-21.7,500,3798.391714
-25.0,500,3798.51762
-21.9,500,3798.642453
-26.4,500,3798.7676
-22.1,500,3798.892475
-23.0,500,3799.017965
-23.0,500,3799.142952
-23.8,500,3799.26822
-22.8,500,3799.393753
-22.6,500,3799.5191
-22.5,500,3799.643861
-22.9,500,3799.768501
-23.3,500,3799.893094
-23.0,500,3800.017845
-23.1,500,3800.143245
-23.2,500,3800.270602
-22.9,500,3800.39743
-22.6,500,3800.522723
-22.7,500,3800.647886
-22.8,500,3800.772833
-23.1,500,3800.897204
-23.7,500,3801.022776
-22.8,500,3801.147248
-22.9,500,3801.271503
-22.5,500,3801.396334
-22.5,500,3801.521228
-23.2,500,3801.646158
-22.6,500,3801.77141
-23.6,500,3801.896433
-22.7,500,3802.021236
-22.5,500,3802.145844
-22.6,500,3802.270616
-23.5,500,3802.395725
-22.7,500,3802.520902
-22.6,500,3802.645507
-22.8,500,3802.771175
-22.9,500,3802.896044
-22.9,500,3803.021362
-23.0,500,3803.146541
-23.5,500,3803.271922
-23.1,500,3803.397823
-22.5,500,3803.522998
-22.5,500,3803.647577
-22.9,500,3803.772676
-22.8,500,3803.897255
-22.9,500,3804.022691
-23.0,500,3804.14847
-23.1,500,3804.274069
-22.6,500,3804.39904
-23.9,500,3804.523723
-23.2,500,3804.648431
-24.7,500,3804.773679
-22.3,500,3804.898379
-22.5,500,3805.023317
-21.6,500,3805.148232
-23.1,500,3805.273662
-22.7,500,3805.401022
-23.7,500,3805.526263
-22.1,500,3805.651634
-21.9,500,3805.776594
-21.6,500,3805.901549
-21.8,500,3806.026475
-21.9,500,3806.150974
-22.4,500,3806.275898
-36.2,500,3806.40154
-22.8,500,3806.526692
-22.7,500,3806.652091
-22.8,500,3806.776866
-22.8,500,3806.90164
-22.9,500,3807.026529
-22.8,500,3807.152157
-22.5,500,3807.314302
-22.5,500,3807.439353
-22.7,500,3807.564101
-21.8,500,3807.68949
-29.9,500,3807.816265
-22.6,500,3807.941791
-22.7,500,3808.067241
-22.8,500,3808.192037
-23.6,500,3808.316822
-22.7,500,3808.442436
-23.3,500,3808.567595
-21.8,500,3808.692801
-21.8,500,3808.818092
-21.8,500,3808.943004
-23.0,500,3809.067496
-22.6,500,3809.192651
-23.2,500,3809.318767
-21.8,500,3809.444099
-73.7,500,3809.569515
-23.4,500,3809.695014
-22.4,500,3809.820364
-26.2,500,3809.946842
-22.9,500,3810.072896
-22.6,500,3810.198382
-23.4,500,3810.325525
-23.3,500,3810.451082
-22.9,500,3810.577187
-23.3,500,3810.70331
-23.4,500,3810.828899
-23.4,500,3810.954136
-22.6,500,3811.079154
-21.9,500,3811.204137
-22.7,500,3811.329048
-22.6,500,3811.454752
-22.7,500,3811.580324
-32.2,500,3811.705455
-23.1,500,3811.830338
-22.9,500,3811.955383
-22.9,500,3812.0801
-23.3,500,3812.20496
-22.6,500,3812.329911
-23.2,500,3812.455467
-23.1,500,3812.579977
-26.4,500,3812.705053
-22.6,500,3812.830083
-23.3,500,3812.955364
-22.8,500,3813.080792
-23.0,500,3813.206631
-22.9,500,3813.333067
-22.9,500,3813.457952
-21.9,500,3813.582815
-22.1,500,3813.708107
-22.1,500,3813.83355
-22.0,500,3813.958539
-21.9,500,3814.083819
-21.6,500,3814.209176
-22.1,500,3814.334398
-22.9,500,3814.459587
-39.4,500,3814.584711
-23.2,500,3814.709819
-22.8,500,3814.835288
-23.1,500,3814.961046
-22.6,500,3815.085929
-23.6,500,3815.211621
-22.9,500,3815.33899
-22.6,500,3815.464681
-23.0,500,3815.590909
-23.4,500,3815.717256
-23.1,500,3815.843055
-22.7,500,3815.968248
-22.7,500,3816.093168
-26.0,500,3816.218482
-22.8,500,3816.343658
-22.5,500,3816.468236
-22.6,500,3816.592878
-23.0,500,3816.71752
-22.5,500,3816.843555
-23.3,500,3816.96848
-22.8,500,3817.093507
-22.5,500,3817.218933
-22.7,500,3817.343744
-23.3,500,3817.468725
-23.5,500,3817.594179
-22.9,500,3817.718962
-22.3,500,3817.844076
-21.6,500,3817.969699
-23.0,500,3818.096265
-21.8,500,3818.221535
-22.7,500,3818.346349
-21.6,500,3818.471457
-21.8,500,3818.596481
-37.3,500,3818.722135
-22.3,500,3818.846913
-22.2,500,3818.971814
-21.9,500,3819.09715
-21.8,500,3819.222505
-21.6,500,3819.348231
-22.3,500,3819.473068
-21.8,500,3819.598646
-21.9,500,3819.723135
-22.7,500,3819.848693
-21.7,500,3819.974171
-22.7,500,3820.099416
-28.8,500,3820.224808
-22.9,500,3820.351961
-23.4,500,3820.478158
-23.1,500,3820.604129
-23.0,500,3820.729057
-22.5,500,3820.854343
-22.6,500,3820.979018
-22.5,500,3821.104461
-40.7,500,3821.228661
-23.2,500,3821.353804
-22.5,500,3821.478715
-22.6,500,3821.64571
-22.6,500,3821.770949
-22.5,500,3821.896136
-23.0,500,3822.020778
-25.4,500,3822.145316
-22.7,500,3822.270768
-22.6,500,3822.395153
-23.2,500,3822.520737
-23.2,500,3822.644766
-23.0,500,3822.769037
-22.9,500,3822.893758
-23.5,500,3823.018527
-23.2,500,3823.143602
-22.9,500,3823.26798
-22.7,500,3823.395449
-22.8,500,3823.520759
-22.7,500,3823.646047
-22.7,500,3823.770714
-22.7,500,3823.895278
-23.0,500,3824.020132
-22.5,500,3824.145091
-22.8,500,3824.271345
-23.3,500,3824.397168
-23.2,500,3824.522026
-22.5,500,3824.647562
-26.7,500,3824.773046
-22.6,500,3824.898513
-22.6,500,3825.024183
-22.8,500,3825.149477
-22.9,500,3825.274883
-23.4,500,3825.402593
-23.3,500,3825.528016
-22.7,500,3825.654267
-23.9,500,3825.779442
-23.2,500,3825.90452
-23.8,500,3826.029331
-22.8,500,3826.154354
-22.7,500,3826.279047
-95.1,500,3826.404214
-22.8,500,3826.530624
-22.6,500,3826.655706
-22.9,500,3826.781084
-22.9,500,3826.906891
-22.9,500,3827.032055
-23.9,500,3827.157424
-22.7,500,3827.283393
-23.2,500,3827.408767
-22.6,500,3827.534154
-22.9,500,3827.659825
-22.7,500,3827.785049
-22.9,500,3827.911508
-22.7,500,3828.037763
-23.1,500,3828.162566
-23.3,500,3828.287781
-23.3,500,3828.414257
-22.7,500,3828.540281
-23.5,500,3828.667003
-22.6,500,3828.79148
-22.5,500,3828.91656
-22.5,500,3829.041646
-23.3,500,3829.166266
-23.8,500,3829.291074
-22.7,500,3829.417316
-22.7,500,3829.542094
-22.6,500,3829.667425
-22.7,500,3829.792393
-22.7,500,3829.917569
-25.7,500,3830.042646
-22.6,500,3830.167153
-22.9,500,3830.292804
-22.7,500,3830.419027
-23.7,500,3830.544434
-50.2,500,3830.670248
-22.6,500,3830.79547
-22.9,500,3830.920899
-22.9,500,3831.046963
-23.0,500,3831.171979
-23.0,500,3831.297425
-23.0,500,3831.422591
-23.2,500,3831.547934
-22.5,500,3831.673234
-22.9,500,3831.798908
-22.7,500,3831.924704
-22.7,500,3832.049995
-22.9,500,3832.175001
-23.0,500,3832.299961
-22.9,500,3832.425614
-22.8,500,3832.551197
-29.7,500,3832.676132
-22.9,500,3832.801229
-22.8,500,3832.926511
-23.0,500,3833.051732
-23.5,500,3833.177272
-22.8,500,3833.302437
-22.9,500,3833.428153
-22.5,500,3833.553719
-23.3,500,3833.678688
-23.0,500,3833.803447
-22.7,500,3833.928041
-22.6,500,3834.053021
-23.6,500,3834.177953
-26.7,500,3834.303665
-22.7,500,3834.429102
-23.0,500,3834.554416
-23.3,500,3834.679397
-22.7,500,3834.804764
-23.9,500,3834.93002
-22.9,500,3835.055244
-22.7,500,3835.180258
-23.2,500,3835.306061
-22.7,500,3835.475314
-22.8,500,3835.60231
-23.1,500,3835.727902
-23.2,500,3835.85319
-23.5,500,3835.977672
-22.9,500,3836.102814
-23.6,500,3836.227766
-23.0,500,3836.35315
-23.7,500,3836.477458
-22.8,500,3836.602201
-23.3,500,3836.727172
-22.9,500,3836.851873
-22.9,500,3836.978143
-23.1,500,3837.103342
-22.5,500,3837.228127
-22.6,500,3837.353265
-22.8,500,3837.478133
-22.9,500,3837.602925
-32.6,500,3837.727799
-23.0,500,3837.85317
-23.1,500,3837.978033
-23.3,500,3838.10319
-23.7,500,3838.228414
-22.7,500,3838.353454
-22.6,500,3838.478518
-22.7,500,3838.604521
-22.9,500,3838.730012
-26.1,500,3838.855237
-22.9,500,3838.980046
-22.7,500,3839.105032
-23.3,500,3839.230248
-22.5,500,3839.355711
-23.6,500,3839.482729
-22.8,500,3839.608185
-23.6,500,3839.733116
-22.9,500,3839.858438
-29.7,500,3839.983548
-22.7,500,3840.107991
-23.7,500,3840.233041
-22.9,500,3840.360374
-22.8,500,3840.485855
-23.2,500,3840.610994
-22.9,500,3840.736157
-22.8,500,3840.861702
-22.8,500,3840.987039
-22.6,500,3841.111935
-96.6,500,3841.236884
-23.1,500,3841.362091
-22.5,500,3841.48741
-22.6,500,3841.612495
-22.7,500,3841.738509
-23.3,500,3841.863492
-23.3,500,3841.989131
-22.9,500,3842.113769
-23.1,500,3842.238652
-22.8,500,3842.363676
-23.0,500,3842.489507
-23.1,500,3842.614683
-23.0,500,3842.739705
-23.1,500,3842.864518
-22.8,500,3842.989814
-22.7,500,3843.114743
-22.6,500,3843.240432
-22.5,500,3843.365185
-23.3,500,3843.490357
-26.4,500,3843.615526
-23.3,500,3843.740449
-22.7,500,3843.865198
-22.7,500,3843.990939
-22.9,500,3844.116212
-22.7,500,3844.241349
-22.7,500,3844.366468
-24.9,500,3844.491753
-22.5,500,3844.616455
-23.1,500,3844.742309
-22.8,500,3844.867275
-22.7,500,3844.992484
-22.5,500,3845.117661
-23.9,500,3845.243583
-22.7,500,3845.369672
-22.9,500,3845.496261
-22.6,500,3845.621525
-32.1,500,3845.746945
-22.6,500,3845.871982
-22.6,500,3845.996676
-22.5,500,3846.121236
-22.6,500,3846.247146
-22.6,500,3846.374168
-22.5,500,3846.500153
-46.2,500,3846.625056
-31.6,500,3846.750039
-23.8,500,3846.875295
-22.6,500,3847.000966
-23.1,500,3847.126623
-22.6,500,3847.25141
-22.5,500,3847.376708
-22.7,500,3847.502171
-22.6,500,3847.627467
-24.0,500,3847.753252
-23.5,500,3847.87934
-22.8,500,3848.005099
-22.5,500,3848.130369
-23.3,500,3848.255573
-22.7,500,3848.380444
-23.2,500,3848.506172
-22.8,500,3848.63219
-23.0,500,3848.757464
-22.8,500,3848.882976
-22.7,500,3849.007798
-22.5,500,3849.132794
-22.9,500,3849.257945
-23.1,500,3849.421591
-143.3,500,3849.54781
-141.0,500,3849.673198
-59.5,500,3849.798301
-54.7,500,3849.923965
-56.8,500,3850.050316
-57.2,500,3850.175602
-23.8,500,3850.300965
-23.1,500,3850.42867
-25.0,500,3850.554367
-23.0,500,3850.679826
-22.8,500,3850.805149
-22.8,500,3850.930466
-23.2,500,3851.055949
-22.6,500,3851.180785
-22.9,500,3851.305802
-23.2,500,3851.430133
-25.7,500,3851.555577
-23.1,500,3851.679938
-22.5,500,3851.805053
-22.5,500,3851.929691
-23.3,500,3852.055084
-24.4,500,3852.180185
-22.7,500,3852.305464
-22.9,500,3852.430963
-23.0,500,3852.555773
-22.7,500,3852.680842
-23.6,500,3852.806102
-23.3,500,3852.930902
-22.9,500,3853.055369
-23.5,500,3853.180446
-22.7,500,3853.305805
-22.5,500,3853.43051
-39.5,500,3853.555676
-23.0,500,3853.680485
-22.7,500,3853.805977
-22.5,500,3853.930685
-22.5,500,3854.055507
-22.7,500,3854.180683
-22.6,500,3854.305867
-22.6,500,3854.430804
-22.6,500,3854.556651
-22.6,500,3854.682614
-22.9,500,3854.808219
-35.7,500,3854.933262
-23.1,500,3855.058648
-22.7,500,3855.183532
-23.7,500,3855.309123
-22.5,500,3855.435729
-23.2,500,3855.561885
-23.3,500,3855.68721
-22.9,500,3855.812768
-22.5,500,3855.938514
-22.5,500,3856.066389
-22.5,500,3856.192527
-22.7,500,3856.318441
-23.5,500,3856.443619
-22.6,500,3856.56868
-22.9,500,3856.693788
-23.0,500,3856.818352
-22.8,500,3856.943648
-22.7,500,3857.070122
-24.0,500,3857.195349
-22.5,500,3857.320474
-22.7,500,3857.445206
-22.7,500,3857.570103
-36.4,500,3857.695332
-23.4,500,3857.820356
-22.9,500,3857.945226
-22.8,500,3858.069849
-25.4,500,3858.194677
-23.0,500,3858.319622
-22.5,500,3858.445259
-22.7,500,3858.571722
-22.5,500,3858.696706
-23.2,500,3858.821736
-22.6,500,3858.94672
-22.9,500,3859.071518
-22.9,500,3859.197627
-25.1,500,3859.32275
-72.3,500,3859.447521
-24.9,500,3859.579713
-23.0,500,3859.724972
-45.2,500,3859.862182
-25.0,500,3860.003266
-21.8,500,3860.146327
-23.2,500,3860.284927
-23.0,500,3860.412246
-23.1,500,3860.537857
-22.5,500,3860.663012
-23.7,500,3860.788375
-22.8,500,3860.914447
-22.9,500,3861.041245
-23.3,500,3861.167036
-22.9,500,3861.29257
-22.5,500,3861.42142
-22.9,500,3861.561244
-22.6,500,3861.686909
-22.7,500,3861.81204
-23.2,500,3861.937031
-22.8,500,3862.061833
-25.9,500,3862.18713
-23.8,500,3862.311446
-23.0,500,3862.43634
-49.1,500,3862.561875
-22.7,500,3862.686709
-23.3,500,3862.811517
-22.5,500,3862.93622
-23.3,500,3863.060782
-22.8,500,3863.18543
-22.6,500,3863.311061
-22.7,500,3863.437035
-22.5,500,3863.562124
-23.1,500,3863.687035
-23.0,500,3863.812209
-22.9,500,3863.975418
-23.0,500,3864.100347
-22.8,500,3864.225166
-22.7,500,3864.349685
-22.6,500,3864.474248
-23.0,500,3864.599778
-22.9,500,3864.725013
-22.5,500,3864.849878
-89.3,500,3864.975281
-25.5,500,3865.09974
-22.7,500,3865.224201
-22.5,500,3865.351565
-23.1,500,3865.4769
-22.7,500,3865.601678
-22.6,500,3865.726386
-23.0,500,3865.851149
-23.0,500,3865.976258
-22.9,500,3866.101538
-22.9,500,3866.226607
-22.7,500,3866.3512
-22.8,500,3866.476312
-22.6,500,3866.600941
-27.1,500,3866.725804
-144.3,500,3866.851443
-143.9,500,3866.976896
-143.7,500,3867.102393
-115.4,500,3867.227749
-23.5,500,3867.352912
-23.0,500,3867.477979
-22.8,500,3867.603821
-27.3,500,3867.728402
-23.4,500,3867.853613
-24.1,500,3867.979175
-22.7,500,3868.104268
-22.5,500,3868.229486
-23.3,500,3868.354723
-22.5,500,3868.480961
-22.5,500,3868.606478
-23.1,500,3868.731876
-24.5,500,3868.857333
-22.9,500,3868.98262
-23.0,500,3869.107699
-23.0,500,3869.232358
-24.1,500,3869.357944
-26.3,500,3869.483055
-22.5,500,3869.608419
-23.3,500,3869.733879
-23.2,500,3869.858792
-22.9,500,3869.984282
-24.5,500,3870.109544
-22.6,500,3870.234559
-22.8,500,3870.360613
-23.1,500,3870.486413
-22.5,500,3870.611616
-25.0,500,3870.73626
-65.0,500,3870.861144
-49.5,500,3870.987018
-23.1,500,3871.112231
-22.6,500,3871.237078
-22.7,500,3871.362405
-29.0,500,3871.487507
-23.6,500,3871.612562
-22.5,500,3871.738152
-23.1,500,3871.863475
-22.5,500,3871.98888
-23.8,500,3872.113987
-22.8,500,3872.239931
-22.7,500,3872.364786
-23.1,500,3872.490262
-22.5,500,3872.617452
-22.1,500,3872.742884
-48.9,500,3872.867984
-51.4,500,3872.993111
-48.7,500,3873.117839
-48.3,500,3873.242991
-48.2,500,3873.367848
-48.3,500,3873.493061
-47.9,500,3873.617805
-48.5,500,3873.743205
-47.5,500,3873.867998
-48.1,500,3873.993245
-48.3,500,3874.118308
-47.5,500,3874.243672
-47.6,500,3874.368315
-23.3,500,3874.493349
-23.4,500,3874.618326
-24.6,500,3874.74369
-22.6,500,3874.868967
-22.7,500,3874.994086
-22.7,500,3875.118605
-22.6,500,3875.244075
-22.7,500,3875.37042
-23.6,500,3875.495629
-25.2,500,3875.621368
-22.7,500,3875.746868
-23.4,500,3875.87173
-22.9,500,3875.996854
-22.9,500,3876.121624
-22.5,500,3876.246372
-22.9,500,3876.37158
-23.0,500,3876.496351
-22.9,500,3876.621007
-24.2,500,3876.746034
-24.9,500,3876.870697
-23.4,500,3876.995837
-22.9,500,3877.120661
-23.4,500,3877.246777
-23.5,500,3877.373123
-22.5,500,3877.498498
-23.2,500,3877.623143
-22.8,500,3877.785809
-23.1,500,3877.911118
-22.5,500,3878.03623
-22.6,500,3878.161309
-22.9,500,3878.286579
-22.5,500,3878.411301
-22.7,500,3878.536763
-23.0,500,3878.661955
-26.3,500,3878.787814
-23.0,500,3878.913283
-23.0,500,3879.038373
-22.9,500,3879.163845
-24.3,500,3879.288787
-22.5,500,3879.414086
-23.4,500,3879.539636
-22.7,500,3879.665041
-22.7,500,3879.790596
-22.5,500,3879.916212
-23.0,500,3880.041853
-22.5,500,3880.167386
-22.5,500,3880.292828
-22.6,500,3880.419723
-22.6,500,3880.544805
-22.5,500,3880.669656
-23.8,500,3880.79442
-23.6,500,3880.918662
-23.1,500,3881.044345
-23.1,500,3881.170497
-23.1,500,3881.295404
-23.3,500,3881.42047
-56.2,500,3881.545912
-23.7,500,3881.671055
-23.3,500,3881.795614
-23.9,500,3881.920909
-23.0,500,3882.046058
-23.0,500,3882.171034
-22.6,500,3882.296462
-23.4,500,3882.421214
-23.2,500,3882.546292
-22.6,500,3882.672103
-23.4,500,3882.796975
-22.5,500,3882.921795
-22.7,500,3883.046948
-22.8,500,3883.172208
-23.3,500,3883.296881
-22.8,500,3883.42224
-23.2,500,3883.548106
-23.2,500,3883.672689
-22.5,500,3883.798134
-22.7,500,3883.923498
-35.7,500,3884.048808
-23.6,500,3884.174359
-22.7,500,3884.299633
-23.2,500,3884.424639
-23.1,500,3884.549979
-22.7,500,3884.675502
-22.6,500,3884.800597
-23.0,500,3884.926111
-22.9,500,3885.052053
-22.5,500,3885.177003
-23.5,500,3885.302024
-23.0,500,3885.428932
-23.0,500,3885.554604
-22.5,500,3885.679345
-31.6,500,3885.804546
-22.8,500,3885.929558
-22.7,500,3886.054774
-22.7,500,3886.180027
-23.3,500,3886.304721
-23.4,500,3886.429865
-22.6,500,3886.555723
-22.9,500,3886.680736
-22.6,500,3886.805779
-23.1,500,3886.930567
-22.6,500,3887.055635
-22.9,500,3887.181094
-28.3,500,3887.307378
-22.4,500,3887.433737
-21.9,500,3887.559212
-22.6,500,3887.684484
-21.9,500,3887.809727
-22.1,500,3887.93459
-21.8,500,3888.059752
-23.4,500,3888.184894
-22.5,500,3888.309889
-25.8,500,3888.434715
-23.8,500,3888.560127
-22.5,500,3888.685343
-22.8,500,3888.810392
-22.7,500,3888.935275
-23.6,500,3889.060943
-22.8,500,3889.186271
-22.7,500,3889.311488
-22.9,500,3889.43675
-22.8,500,3889.562238
-23.4,500,3889.687145
-22.7,500,3889.816062
-24.0,500,3889.941539
-22.5,500,3890.066776
-22.7,500,3890.191859
-23.8,500,3890.316791
-22.7,500,3890.44698
-23.2,500,3890.573349
-23.7,500,3890.699061
-22.9,500,3890.824262
-22.6,500,3890.949465
-22.9,500,3891.074209
-23.0,500,3891.198886
-22.7,500,3891.367133
-22.9,500,3891.491934
-22.8,500,3891.616687
-23.0,500,3891.741486
-23.1,500,3891.866163
-22.8,500,3891.991973
-22.6,500,3892.118327
-22.9,500,3892.243711
-22.6,500,3892.369278
-22.7,500,3892.494362
-22.3,500,3892.619278
-34.7,500,3892.745131
-29.7,500,3892.871212
-22.8,500,3892.996217
-22.6,500,3893.12121
-23.0,500,3893.24565
-22.7,500,3893.37048
-22.6,500,3893.495912
-23.0,500,3893.621521
-23.4,500,3893.746309
-23.0,500,3893.871387
-22.5,500,3893.9963
-22.7,500,3894.120749
-22.8,500,3894.24528
-35.5,500,3894.370376
-22.7,500,3894.495493
-23.0,500,3894.620755
-23.2,500,3894.745926
-22.9,500,3894.871406
-22.5,500,3894.996676
-22.7,500,3895.121905
-22.7,500,3895.246753
-22.6,500,3895.372751
-22.8,500,3895.499531
-22.8,500,3895.624774
-22.7,500,3895.750056
-23.0,500,3895.875049
-22.9,500,3895.999657
-22.6,500,3896.12464
-23.8,500,3896.24984
-23.4,500,3896.375176
-22.5,500,3896.500384
-52.2,500,3896.625829
-22.8,500,3896.750733
-22.5,500,3896.876045
-23.0,500,3897.001858
-23.6,500,3897.127249
-23.0,500,3897.251993
-23.3,500,3897.377416
-22.6,500,3897.502898
-22.7,500,3897.627313
-22.7,500,3897.752716
-22.8,500,3897.878049
-22.6,500,3898.003452
-30.4,500,3898.128294
-22.9,500,3898.253687
-23.5,500,3898.378671
-22.5,500,3898.503997
-22.5,500,3898.629562
-22.5,500,3898.754328
-22.5,500,3898.880035
-23.1,500,3899.005734
-23.2,500,3899.131167
-24.3,500,3899.25629
-22.9,500,3899.38126
-22.9,500,3899.506525
-22.6,500,3899.631557
-22.5,500,3899.756245
-22.6,500,3899.881628
-23.0,500,3900.007469
-22.8,500,3900.132406
-23.0,500,3900.275092
-34.7,500,3900.414635
-22.8,500,3900.55449
-23.2,500,3900.695716
-23.4,500,3900.834702
-22.9,500,3900.96242
-23.2,500,3901.087647
-22.6,500,3901.213338
-22.5,500,3901.338766
-22.5,500,3901.46382
-23.5,500,3901.588517
-23.0,500,3901.713628
-22.9,500,3901.838488
-75.2,500,3901.96365
-23.1,500,3902.105517
-23.0,500,3902.234499
-22.7,500,3902.360415
-22.7,500,3902.486305
-22.5,500,3902.611758
-22.5,500,3902.737539
-23.5,500,3902.862916
-23.1,500,3902.988282
-23.0,500,3903.113534
-26.1,500,3903.238475
-23.7,500,3903.363899
-22.5,500,3903.490421
-22.9,500,3903.615464
-23.0,500,3903.740512
-22.5,500,3903.865436
-23.0,500,3903.990468
-22.6,500,3904.114971
-22.9,500,3904.240257
-22.8,500,3904.365154
-22.7,500,3904.489721
-23.3,500,3904.614585
-22.7,500,3904.739168
-23.0,500,3904.864095
-23.0,500,3904.988892
-22.9,500,3905.113692
-22.8,500,3905.238665
-22.6,500,3905.363511
-25.6,500,3905.490609
-24.6,500,3905.615587
-22.6,500,3905.740961
-22.7,500,3905.910253
-22.7,500,3906.035355
-22.7,500,3906.159839
-22.9,500,3906.285559
-22.9,500,3906.411434
-22.8,500,3906.536861
-23.0,500,3906.661548
-22.9,500,3906.78645
-23.0,500,3906.91136
-22.7,500,3907.036551
-22.8,500,3907.161909
-22.7,500,3907.286915
-22.5,500,3907.4153
-23.9,500,3907.546106
-27.7,500,3907.672646
-23.2,500,3907.798014
-23.0,500,3907.924808
-22.8,500,3908.050003
-23.1,500,3908.174792
-22.7,500,3908.300799
-25.5,500,3908.427051
-23.1,500,3908.553588
-23.0,500,3908.679113
-23.3,500,3908.804568
-23.1,500,3908.929714
-22.5,500,3909.055081
-23.4,500,3909.180186
-22.5,500,3909.306375
-22.7,500,3909.431558
-22.8,500,3909.55701
-23.0,500,3909.682146
-22.7,500,3909.806824
-23.0,500,3909.931854
-23.1,500,3910.057413
-22.6,500,3910.182866
-23.0,500,3910.308061
-22.6,500,3910.436574
-22.8,500,3910.562668
-22.6,500,3910.688767
-22.9,500,3910.815279
-23.0,500,3910.940269
-25.7,500,3911.06552
-23.2,500,3911.190358
-22.8,500,3911.31543
-22.8,500,3911.440188
-23.1,500,3911.566229
-22.7,500,3911.69095
-24.2,500,3911.81578
-23.3,500,3911.94033
-23.2,500,3912.065404
-23.3,500,3912.190126
-22.7,500,3912.314904
-22.6,500,3912.440365
-22.7,500,3912.566845
-23.1,500,3912.692338
-23.1,500,3912.817661
-22.7,500,3912.942801
-22.6,500,3913.067787
-23.1,500,3913.192911
-23.0,500,3913.319023
-22.7,500,3913.444167
-22.9,500,3913.569518
-22.8,500,3913.694713
-22.7,500,3913.820434
-23.1,500,3913.946781
-22.5,500,3914.071973
-23.0,500,3914.196981
-23.1,500,3914.321964
-23.3,500,3914.447546
-23.9,500,3914.573053
-22.5,500,3914.699191
-22.5,500,3914.824248
-22.6,500,3914.949026
-22.7,500,3915.074541
-22.6,500,3915.199374
-43.0,500,3915.324828
-24.2,500,3915.452752
-22.5,500,3915.578162
-22.6,500,3915.703341
-22.5,500,3915.828269
-22.6,500,3915.953247
-22.7,500,3916.078187
-22.9,500,3916.2028
-22.7,500,3916.328892
-22.7,500,3916.454967
-22.8,500,3916.579595
-48.3,500,3916.704354
-23.6,500,3916.829438
-23.5,500,3916.954291
-23.0,500,3917.079302
-23.6,500,3917.20465
-22.5,500,3917.331068
-23.0,500,3917.456152
-22.7,500,3917.581646
-22.9,500,3917.706695
-22.8,500,3917.831568
-22.7,500,3917.957169
-23.4,500,3918.083426
-23.0,500,3918.208237
-22.9,500,3918.333405
-22.9,500,3918.4588
-22.7,500,3918.584154
-22.7,500,3918.709851
-22.9,500,3918.835579
-22.8,500,3918.960905
-22.7,500,3919.085792
-22.7,500,3919.211059
-25.7,500,3919.336471
-23.5,500,3919.462083
-22.5,500,3919.587772
-23.1,500,3919.713475
-22.7,500,3919.838732
-23.0,500,3920.004235
-22.7,500,3920.129798
-25.5,500,3920.254497
-24.9,500,3920.379368
-22.6,500,3920.505889
-22.7,500,3920.631165
-22.6,500,3920.756629
-22.5,500,3920.882105
-22.8,500,3921.007294
-22.8,500,3921.132179
-23.1,500,3921.256928
-23.0,500,3921.382146
-22.7,500,3921.507629
-22.9,500,3921.632929
-23.3,500,3921.758147
-22.9,500,3921.882948
-23.6,500,3922.007871
-22.8,500,3922.133245
-22.9,500,3922.25908
-23.3,500,3922.38544
-23.0,500,3922.510009
-22.5,500,3922.634935
-23.0,500,3922.759875
-23.9,500,3922.885943
-22.8,500,3923.012553
-22.9,500,3923.138075
-23.0,500,3923.264333
-22.4,500,3923.389486
-22.7,500,3923.514928
-34.0,500,3923.639476
-23.2,500,3923.764632
-22.8,500,3923.904694
-22.9,500,3924.030116
-23.0,500,3924.155052
-22.8,500,3924.279906
-22.7,500,3924.405611
-22.8,500,3924.530605
-25.8,500,3924.655861
-22.9,500,3924.780608
-22.8,500,3924.90554
-22.6,500,3925.030347
-22.6,500,3925.156147
-24.2,500,3925.280675
-22.9,500,3925.407122
-22.8,500,3925.532932
-23.3,500,3925.657948
-65.7,500,3925.78312
-23.4,500,3925.908265
-23.0,500,3926.033476
-22.6,500,3926.158663
-22.6,500,3926.283725
-22.7,500,3926.409153
-23.1,500,3926.534236
-22.8,500,3926.659416
-23.2,500,3926.78534
-23.1,500,3926.911994
-22.5,500,3927.037154
-24.0,500,3927.163194
-22.6,500,3927.288632
-23.3,500,3927.413904
-22.7,500,3927.539335
-22.8,500,3927.664545
-23.6,500,3927.78958
-22.5,500,3927.914481
-32.9,500,3928.039675
-23.2,500,3928.164702
-23.1,500,3928.289286
-22.8,500,3928.414188
-22.5,500,3928.539368
-23.1,500,3928.664421
-22.7,500,3928.789316
-22.9,500,3928.914583
-22.9,500,3929.039108
-22.9,500,3929.164542
-24.6,500,3929.289569
-23.2,500,3929.414452
-23.6,500,3929.539197
-22.6,500,3929.664501
-23.1,500,3929.789849
-23.0,500,3929.915747
-23.4,500,3930.040624
-22.7,500,3930.166212
-26.0,500,3930.291347
-23.4,500,3930.421071
-22.6,500,3930.546847
-23.0,500,3930.672434
-23.2,500,3930.797598
-22.9,500,3930.922629
-22.9,500,3931.050842
-22.6,500,3931.176091
-22.5,500,3931.300537
-22.6,500,3931.425815
-23.1,500,3931.552127
-22.8,500,3931.677363
-23.0,500,3931.802859
-22.5,500,3931.928131
-23.0,500,3932.053622
-23.8,500,3932.178569
-22.9,500,3932.303198
-22.6,500,3932.428282
-23.7,500,3932.55342
-22.5,500,3932.678696
-23.0,500,3932.803932
-22.5,500,3932.929188
-22.8,500,3933.054926
-22.5,500,3933.1796
-22.8,500,3933.304707
-22.5,500,3933.429785
-25.0,500,3933.555186
-22.9,500,3933.718266
-23.1,500,3933.84355
-22.6,500,3933.969036
-22.6,500,3934.094401
-23.3,500,3934.219233
-23.2,500,3934.344934
-29.0,500,3934.471277
-22.9,500,3934.596756
-23.3,500,3934.722101
-22.5,500,3934.847393
-22.7,500,3934.972326
-22.5,500,3935.098345
-22.6,500,3935.224134
-23.8,500,3935.349387
-22.7,500,3935.476436
-22.5,500,3935.602056
-23.0,500,3935.727133
-23.4,500,3935.852551
-22.7,500,3935.978837
-23.3,500,3936.103854
-24.4,500,3936.228946
-22.6,500,3936.354343
-23.6,500,3936.479641
-23.1,500,3936.604699
-22.9,500,3936.729018
-22.7,500,3936.853681
-23.0,500,3936.978664
-23.3,500,3937.10385
-22.6,500,3937.22907
-22.7,500,3937.353828
-23.0,500,3937.478079
-36.4,500,3937.602878
-22.6,500,3937.727901
-21.8,500,3937.852362
-22.8,500,3937.977144
-22.7,500,3938.102239
-22.9,500,3938.22835
-22.7,500,3938.353722
-23.0,500,3938.4784
-22.7,500,3938.603909
-21.6,500,3938.728886
-24.2,500,3938.853691
-24.2,500,3938.979859
-22.3,500,3939.105081
-23.1,500,3939.229793
-23.5,500,3939.355135
-22.5,500,3939.480125
-24.4,500,3939.605874
-22.5,500,3939.731112
-22.9,500,3939.856253
-23.0,500,3939.980932
-23.4,500,3940.106314
-21.9,500,3940.232281
-23.4,500,3940.357424
-22.9,500,3940.484883
-22.7,500,3940.611132
-22.8,500,3940.736293
-23.7,500,3940.861619
-22.9,500,3940.986841
-23.2,500,3941.112105
-23.0,500,3941.237067
-23.0,500,3941.363421
-28.2,500,3941.489183
-22.6,500,3941.614557
-22.8,500,3941.739579
-22.7,500,3941.864528
-22.9,500,3941.990188
-23.1,500,3942.115498
-23.0,500,3942.241619
-22.6,500,3942.366912
-22.5,500,3942.49191
-22.1,500,3942.616637
-22.5,500,3942.742092
-22.7,500,3942.867123
-22.5,500,3942.992687
-25.1,500,3943.117871
-24.2,500,3943.243092
-21.8,500,3943.368251
-21.8,500,3943.493532
-22.5,500,3943.618646
-22.5,500,3943.743643
-22.5,500,3943.868862
-22.9,500,3943.994021
-21.9,500,3944.119205
-22.6,500,3944.244481
-22.8,500,3944.36957
-22.5,500,3944.495487
-22.5,500,3944.619954
-22.8,500,3944.745208
-68.3,500,3944.870107
-50.6,500,3944.995469
-47.8,500,3945.120764
-48.3,500,3945.246157
-47.9,500,3945.371635
-47.5,500,3945.499289
-49.3,500,3945.624794
-48.1,500,3945.750476
-47.6,500,3945.875434
-47.8,500,3946.000191
-47.4,500,3946.125072
-48.6,500,3946.250549
-47.9,500,3946.376755
-47.7,500,3946.502304
-49.1,500,3946.627503
-48.1,500,3946.753245
-48.4,500,3946.878629
-47.9,500,3947.003352
-47.6,500,3947.128846
-48.1,500,3947.29096
-55.5,500,3947.415902
-51.6,500,3947.540956
-49.6,500,3947.666758
-49.6,500,3947.791972
-48.7,500,3947.916533
-49.0,500,3948.041079
-49.8,500,3948.165691
-48.9,500,3948.291788
-48.3,500,3948.416599
-48.1,500,3948.542075
-47.6,500,3948.668291
-47.3,500,3948.793514
-47.6,500,3948.918272
-48.1,500,3949.043889
-48.4,500,3949.168842
-49.8,500,3949.294905
-46.8,500,3949.421077
-47.9,500,3949.546576
-48.1,500,3949.671611
-49.2,500,3949.796741
-48.3,500,3949.922215
-48.2,500,3950.047624
-47.5,500,3950.173101
-49.5,500,3950.298331
-47.5,500,3950.424718
-47.4,500,3950.551934
-48.7,500,3950.676953
-48.9,500,3950.801843
-48.8,500,3950.927074
-47.6,500,3951.051357
-49.3,500,3951.17666
-48.0,500,3951.30142
-49.1,500,3951.426029
-47.2,500,3951.551704
-47.3,500,3951.676004
-48.0,500,3951.800895
-50.6,500,3951.926037
-49.8,500,3952.050815
-53.9,500,3952.175842
-51.8,500,3952.300648
-49.1,500,3952.425505
-48.7,500,3952.550446
-50.4,500,3952.675455
-48.9,500,3952.800159
-48.3,500,3952.925303
-48.7,500,3953.050552
-47.9,500,3953.175594
-52.5,500,3953.300779
-52.9,500,3953.426278
-51.2,500,3953.552071
-25.1,500,3953.677979
-23.3,500,3953.803181
-22.6,500,3953.927966
-22.7,500,3954.053309
-23.2,500,3954.178003
-22.6,500,3954.302839
-22.7,500,3954.428226
-23.0,500,3954.552903
-22.7,500,3954.677523
-23.5,500,3954.802551
-22.6,500,3954.927608
-22.8,500,3955.053457
-23.0,500,3955.17936
-22.7,500,3955.304261
-51.5,500,3955.431037
-27.6,500,3955.560181
-23.1,500,3956.11493
-22.5,500,3956.254076
-23.2,500,3956.417617
-23.4,500,3956.551966
-22.6,500,3956.676952
-22.5,500,3956.802514
-22.6,500,3956.927683
-22.7,500,3957.053871
-23.2,500,3957.178397
-22.7,500,3957.303027
-22.7,500,3957.427678
-22.6,500,3957.553233
-22.8,500,3957.678048
-22.9,500,3957.802554
-22.6,500,3957.927208
-22.7,500,3958.051741
-22.6,500,3958.176057
-23.1,500,3958.301487
-23.1,500,3958.426521
-23.1,500,3958.552052
-25.0,500,3958.67711
-22.6,500,3958.802288
-23.1,500,3958.927432
-22.7,500,3959.052312
-22.5,500,3959.177961
-24.8,500,3959.303212
-22.7,500,3959.428232
-24.0,500,3959.553412
-22.5,500,3959.678132
-22.8,500,3959.80263
-25.8,500,3959.927233
-22.8,500,3960.052076
-23.4,500,3960.176922
-22.7,500,3960.301631
-22.5,500,3960.427214
-22.7,500,3960.553305
-22.7,500,3960.678599
-30.1,500,3960.804973
-23.2,500,3960.929572
-22.7,500,3961.054691
-24.9,500,3961.179606
-23.0,500,3961.304867
-22.5,500,3961.42988
-22.5,500,3961.554957
-22.6,500,3961.717085
-22.5,500,3961.842611
-22.7,500,3961.967632
-37.0,500,3962.092722
-23.3,500,3962.219206
-22.9,500,3962.343753
-22.9,500,3962.468667
-22.8,500,3962.59317
-22.8,500,3962.717745
-23.7,500,3962.842174
-22.9,500,3962.966869
-22.6,500,3963.091304
-22.7,500,3963.216182
-22.6,500,3963.341717
-29.4,500,3963.466408
-111.3,500,3963.591522
-24.4,500,3963.716189
-25.2,500,3963.841258
-25.4,500,3963.967983
-23.9,500,3964.093525
-23.2,500,3964.219022
-23.0,500,3964.344162
-22.8,500,3964.469235
-23.1,500,3964.595584
-22.5,500,3964.72066
-22.8,500,3964.845802
-43.7,500,3964.971764
-22.9,500,3965.097124
-22.7,500,3965.22244
-24.0,500,3965.347508
-22.6,500,3965.475314
-22.7,500,3965.600595
-22.6,500,3965.72582
-22.9,500,3965.850891
-23.2,500,3965.975185
-22.9,500,3966.099892
-23.3,500,3966.225395
-22.6,500,3966.350197
-22.9,500,3966.474941
-22.5,500,3966.599934
-23.2,500,3966.725118
-22.6,500,3966.849872
-22.8,500,3966.975197
-24.2,500,3967.101515
-23.6,500,3967.226401
-23.1,500,3967.351551
-22.5,500,3967.476138
-23.2,500,3967.601586
-22.5,500,3967.727049
-22.6,500,3967.852551
-22.6,500,3967.977352
-23.4,500,3968.102168
-23.3,500,3968.227462
-22.6,500,3968.352321
-23.1,500,3968.477094
-22.5,500,3968.602379
-22.7,500,3968.727138
-22.7,500,3968.852787
-22.7,500,3968.977444
-21.8,500,3969.102539
-55.3,500,3969.227155
-24.4,500,3969.352483
-46.7,500,3969.477552
-22.6,500,3969.60302
-23.1,500,3969.727621
-22.5,500,3969.852362
-22.7,500,3969.977105
-22.6,500,3970.10168
-22.6,500,3970.227014
-23.5,500,3970.352335
-22.0,500,3970.478651
-22.5,500,3970.604184
-144.8,500,3970.729909
-49.4,500,3970.85541
-145.0,500,3970.98167
-143.7,500,3971.108047
-144.4,500,3971.233647
-145.0,500,3971.359669
-145.0,500,3971.48569
-145.0,500,3971.611069
-144.6,500,3971.736233
-136.2,500,3971.860784
-24.6,500,3971.985395
-26.2,500,3972.111286
-23.4,500,3972.236319
-22.3,500,3972.361209
-23.0,500,3972.486467
-23.6,500,3972.61118
-23.2,500,3972.736185
-5.3,500,3972.861343
-22.8,500,3972.98617
-22.1,500,3973.111357
-24.2,500,3973.237585
-23.5,500,3973.363847
-22.0,500,3973.490527
-21.6,500,3973.615701
-22.0,500,3973.740111
-21.7,500,3973.865669
-22.0,500,3973.990271
-20.5,500,3974.115046
-10.6,500,3974.241519
-47.5,500,3974.366282
-23.1,500,3974.491035
-38.1,500,3974.616334
-3.8,500,3974.741603
-46.4,500,3974.866418
-48.7,500,3974.991534
-46.0,500,3975.116961
-26.1,500,3975.241892
-22.5,500,3975.366812
-23.3,500,3975.493818
-22.9,500,3975.658206
-23.9,500,3975.783301
-23.6,500,3975.908782
-22.7,500,3976.033671
-22.8,500,3976.158688
-23.0,500,3976.283236
-23.0,500,3976.409055
-22.6,500,3976.535176
-23.2,500,3976.660066
-22.5,500,3976.784827
-22.6,500,3976.910051
-23.9,500,3977.035178
-22.6,500,3977.16099
-22.7,500,3977.287154
-23.3,500,3977.41216
-22.5,500,3977.537159
-22.5,500,3977.662242
-22.8,500,3977.788054
-22.7,500,3977.91243
-22.9,500,3978.038352
-22.7,500,3978.16353
-23.0,500,3978.288711
-22.9,500,3978.414685
-22.7,500,3978.540641
-23.1,500,3978.666074
-116.3,500,3978.792095
-27.4,500,3978.916978
-22.2,500,3979.042379
-24.0,500,3979.167893
-22.0,500,3979.29308
-23.3,500,3979.418625
-21.8,500,3979.543984
-22.9,500,3979.669796
-22.3,500,3979.794851
-23.0,500,3979.920251
-21.7,500,3980.045693
-23.6,500,3980.171823
-21.6,500,3980.296503
-22.6,500,3980.422004
-22.3,500,3980.550794
-54.8,500,3980.695233
-22.7,500,3980.835887
-48.9,500,3980.975172
-54.2,500,3981.116726
-22.1,500,3981.257801
-22.6,500,3981.384747
-22.7,500,3981.51138
-22.1,500,3981.636468
-21.8,500,3981.76167
-22.9,500,3981.886184
-23.4,500,3982.01101
-22.6,500,3982.136757
-23.3,500,3982.262972
-23.7,500,3982.389125
-22.6,500,3982.532716
-22.6,500,3982.65894
-22.7,500,3982.784708
-22.5,500,3982.911622
-23.2,500,3983.037074
-23.3,500,3983.16208
-22.9,500,3983.286924
-22.5,500,3983.412173
-22.5,500,3983.538538
-23.1,500,3983.664683
-23.8,500,3983.789987
-22.5,500,3983.914844
-22.7,500,3984.040115
-24.0,500,3984.16588
-23.3,500,3984.291712
-22.6,500,3984.417945
-22.7,500,3984.544206
-22.6,500,3984.669612
-22.6,500,3984.795335
-22.9,500,3984.920401
-22.7,500,3985.045646
-22.7,500,3985.171396
-22.7,500,3985.297334
-22.9,500,3985.422188
-25.6,500,3985.54955
-23.3,500,3985.675239
-23.1,500,3985.800101
-23.3,500,3985.925416
-22.5,500,3986.051277
-23.3,500,3986.176052
-22.9,500,3986.300989
-22.5,500,3986.425971
-23.7,500,3986.551094
-23.0,500,3986.676614
-22.7,500,3986.802505
-23.2,500,3986.927594
-48.2,500,3987.052619
-22.7,500,3987.178028
-22.7,500,3987.303036
-22.9,500,3987.428299
-23.1,500,3987.55371
-22.6,500,3987.678937
-23.4,500,3987.804046
-22.6,500,3987.929186
-22.6,500,3988.053933
-22.6,500,3988.179216
-22.5,500,3988.303976
-22.5,500,3988.428951
-22.9,500,3988.554536
-22.7,500,3988.679746
-23.2,500,3988.805406
-22.8,500,3988.929797
-22.6,500,3989.054469
-22.7,500,3989.179325
-24.5,500,3989.304376
-22.8,500,3989.429033
-22.9,500,3989.553745
-22.5,500,3989.715896
-22.5,500,3989.841217
-23.2,500,3989.966229
-22.7,500,3990.091015
-22.7,500,3990.216916
-22.5,500,3990.341413
-23.1,500,3990.467815
-22.6,500,3990.593624
-23.0,500,3990.719384
-52.2,500,3990.844649
-24.6,500,3990.970092
-22.8,500,3991.095827
-23.1,500,3991.221279
-27.9,500,3991.346545
-22.7,500,3991.471697
-22.6,500,3991.596377
-22.4,500,3991.721395
-25.7,500,3991.847433
-22.8,500,3991.97278
-23.2,500,3992.097538
-23.1,500,3992.22239
-22.7,500,3992.34732
-22.7,500,3992.471886
-23.0,500,3992.596384
-23.1,500,3992.721784
-22.9,500,3992.846686
-23.0,500,3992.971936
-39.1,500,3993.097575
-22.7,500,3993.222676
-22.5,500,3993.347508
-22.6,500,3993.472938
-22.7,500,3993.597797
-23.7,500,3993.722756
-22.9,500,3993.847214
-23.1,500,3993.97229
-23.1,500,3994.096867
-22.7,500,3994.222027
-22.7,500,3994.347903
-23.1,500,3994.472828
-22.6,500,3994.597892
-22.9,500,3994.722886
-23.0,500,3994.849357
-22.7,500,3994.974954
-23.4,500,3995.101091
-28.0,500,3995.226793
-22.5,500,3995.35195
-22.5,500,3995.478166
-22.9,500,3995.603814
-22.9,500,3995.728747
-22.9,500,3995.854949
-22.5,500,3995.981336
-22.5,500,3996.106781
-23.0,500,3996.232264
-22.8,500,3996.357198
-22.8,500,3996.482174
-23.0,500,3996.607756
-50.7,500,3996.732588
-22.8,500,3996.857702
-22.7,500,3996.982899
-22.8,500,3997.107625
-22.5,500,3997.232749
-22.9,500,3997.357959
-23.0,500,3997.483739
-23.6,500,3997.610457
-22.7,500,3997.735684
-22.7,500,3997.860425
-23.6,500,3997.985337
-22.7,500,3998.110423
-22.9,500,3998.235299
-22.7,500,3998.360076
-22.8,500,3998.485295
-22.8,500,3998.610668
-23.0,500,3998.735347
-23.4,500,3998.859888
-23.0,500,3998.984922
-22.5,500,3999.110556
-23.4,500,3999.235328
-22.7,500,3999.360347
-23.1,500,3999.485314
-23.3,500,3999.610208
-22.5,500,3999.735063
-23.0,500,3999.860588
-22.5,500,3999.985662
-22.9,500,4000.110617
-22.8,500,4000.236014
-32.8,500,4000.361414
-23.2,500,4000.488351
-23.2,500,4000.61374
-22.6,500,4000.739072
-23.2,500,4000.864251
-22.6,500,4000.988987
-22.7,500,4001.114453
-23.5,500,4001.239364
-22.7,500,4001.364914
-22.5,500,4001.490256
-22.9,500,4001.615129
-23.1,500,4001.740216
-22.5,500,4001.865395
-23.0,500,4001.990076
-24.3,500,4002.115143
-23.5,500,4002.240125
-23.0,500,4002.36534
-22.9,500,4002.490094
-22.6,500,4002.615041
-22.5,500,4002.740282
-22.6,500,4002.864931
-23.3,500,4002.990361
-23.2,500,4003.116377
-22.5,500,4003.241446
-22.9,500,4003.366778
-23.0,500,4003.492358
-23.1,500,4003.617647
-23.2,500,4003.74293
-24.4,500,4003.868469
-22.7,500,4003.99358
-23.4,500,4004.118848
-22.8,500,4004.243887
-22.7,500,4004.368796
-22.7,500,4004.494559
-22.5,500,4004.658262
-23.3,500,4004.783186
-22.7,500,4004.908215
-22.6,500,4005.03261
-23.2,500,4005.157505
-23.2,500,4005.282525
-23.5,500,4005.407225
-23.8,500,4005.534773
-22.9,500,4005.660101
-22.8,500,4005.785164
-22.8,500,4005.909925
-22.8,500,4006.034322
-22.6,500,4006.15983
-23.0,500,4006.284354
-22.5,500,4006.408705
-23.3,500,4006.533793
-23.5,500,4006.658533
-23.9,500,4006.783401
-23.7,500,4006.908971
-22.7,500,4007.034532
-22.7,500,4007.160032
-23.9,500,4007.284776
-22.7,500,4007.410246
-34.4,500,4007.535292
-22.5,500,4007.660358
-22.9,500,4007.78582
-23.9,500,4007.911157
-22.5,500,4008.035893
-22.7,500,4008.160671
-23.5,500,4008.28542
-23.4,500,4008.410776
-22.9,500,4008.536527
-22.8,500,4008.662289
-23.9,500,4008.787352
-22.7,500,4008.912115
-22.7,500,4009.036867
-22.5,500,4009.162344
-22.7,500,4009.287274
-25.1,500,4009.412177
-22.8,500,4009.536797
-22.8,500,4009.661871
-23.2,500,4009.786196
-22.9,500,4009.911215
-22.9,500,4010.037147
-23.4,500,4010.162522
-23.4,500,4010.28796
-23.6,500,4010.412831
-22.6,500,4010.540729
-22.9,500,4010.665395
-36.8,500,4010.793297
-23.4,500,4010.918175
-23.1,500,4011.04278
-22.8,500,4011.16782
-23.0,500,4011.293066
-22.6,500,4011.421517
-23.1,500,4011.546578
-24.1,500,4011.671446
-23.0,500,4011.796753
-22.6,500,4011.921495
-50.4,500,4012.046567
-23.5,500,4012.171435
-22.7,500,4012.29645
-24.9,500,4012.421696
-22.9,500,4012.54707
-22.8,500,4012.671592
-23.0,500,4012.796156
-22.8,500,4012.922326
-22.6,500,4013.04733
-22.6,500,4013.172043
-22.5,500,4013.297141
-22.7,500,4013.422164
-22.9,500,4013.547265
-23.3,500,4013.672236
-23.1,500,4013.797305
-22.7,500,4013.922226
-22.5,500,4014.047034
-22.7,500,4014.172519
-22.7,500,4014.297677
-23.1,500,4014.422548
-23.6,500,4014.548343
-22.7,500,4014.674772
-22.6,500,4014.800133
-23.3,500,4014.925499
-23.2,500,4015.050787
-22.6,500,4015.176139
-32.1,500,4015.30202
-22.7,500,4015.428519
-22.7,500,4015.55513
-25.0,500,4015.680156
-23.0,500,4015.805438
-23.2,500,4015.930184
-22.9,500,4016.055158
-22.8,500,4016.180755
-23.3,500,4016.305359
-23.0,500,4016.429793
-23.3,500,4016.554867
-23.5,500,4016.679512
-23.3,500,4016.804143
-22.5,500,4016.929655
-22.5,500,4017.055188
-22.6,500,4017.180534
-22.5,500,4017.305263
-22.9,500,4017.430278
-23.1,500,4017.555237
-22.7,500,4017.680008
-22.9,500,4017.805787
-22.8,500,4017.930883
-22.5,500,4018.055891
-23.0,500,4018.180566
-23.3,500,4018.305398
-77.2,500,4018.430573
-24.2,500,4018.556603
-22.7,500,4018.682371
-23.5,500,4018.844414
-22.9,500,4018.970428
-23.5,500,4019.095265
-22.5,500,4019.220195
-23.8,500,4019.344901
-22.9,500,4019.46982
-23.5,500,4019.594489
-22.8,500,4019.718842
-22.5,500,4019.843561
-22.5,500,4019.969086
-23.4,500,4020.094419
-23.6,500,4020.219064
-22.6,500,4020.344008
-22.7,500,4020.469034
-23.6,500,4020.595779
-22.7,500,4020.720739
-22.7,500,4020.846007
-22.5,500,4020.970676
-22.5,500,4021.095487
-24.1,500,4021.22062
-22.2,500,4021.34507
-23.9,500,4021.469858
-22.5,500,4021.595148
-22.9,500,4021.720414
-22.8,500,4021.845228
-22.6,500,4021.969852
-22.9,500,4022.09477
-22.9,500,4022.219734
-23.0,500,4022.345297
-22.7,500,4022.472162
-22.7,500,4022.597206
-23.5,500,4022.721871
-22.7,500,4022.846764
-22.7,500,4022.972162
-22.7,500,4023.096972
-22.7,500,4023.221885
-22.7,500,4023.346707
-24.3,500,4023.472091
-22.7,500,4023.597003
-22.7,500,4023.722814
-22.8,500,4023.847307
-22.9,500,4023.972657
-22.5,500,4024.098989
-23.3,500,4024.223763
-22.8,500,4024.34824
-22.9,500,4024.472795
-23.3,500,4024.597612
-37.7,500,4024.723318
-28.3,500,4024.848457
-25.4,500,4024.974158
-22.7,500,4025.099685
-23.1,500,4025.224455
-22.5,500,4025.349648
-22.7,500,4025.475489
-22.5,500,4025.603742
-22.8,500,4025.729172
-22.5,500,4025.854469
-22.6,500,4025.979773
-22.6,500,4026.104889
-24.0,500,4026.230058
-22.7,500,4026.355651
-22.8,500,4026.482221
-22.9,500,4026.607777
-22.5,500,4026.732984
-22.7,500,4026.857889
-22.5,500,4026.983796
-23.1,500,4027.10841
-32.8,500,4027.233728
-23.0,500,4027.358759
-22.7,500,4027.484476
-22.7,500,4027.60909
-23.3,500,4027.734857
-22.7,500,4027.859713
-23.3,500,4027.98497
-24.2,500,4028.110049
-22.9,500,4028.234699
-22.7,500,4028.359846
-22.5,500,4028.484888
-23.2,500,4028.610613
-22.7,500,4028.737317
-31.8,500,4028.862632
-22.5,500,4028.987488
-23.1,500,4029.112392
-22.8,500,4029.237774
-22.7,500,4029.366536
-22.6,500,4029.494286
-22.6,500,4029.639974
-22.5,500,4029.782621
-22.6,500,4029.922088
-22.5,500,4030.067652
-23.3,500,4030.208945
-23.1,500,4030.346126
-24.4,500,4030.474574
-22.5,500,4030.603001
-22.8,500,4030.729198
-22.5,500,4030.855574
-22.7,500,4030.981296
-23.8,500,4031.108128
-23.2,500,4031.234012
-23.1,500,4031.359593
-23.4,500,4031.485819
-23.0,500,4031.627837
-23.7,500,4031.7549
-23.2,500,4031.880529
-23.7,500,4032.006225
-22.9,500,4032.13172
-23.0,500,4032.257186
-24.1,500,4032.382899
-23.2,500,4032.509124
-22.5,500,4032.634926
-23.9,500,4032.759995
-25.4,500,4032.88559
-26.5,500,4033.061013
-23.4,500,4033.186605
-24.4,500,4033.311574
-23.0,500,4033.437014
-22.5,500,4033.56258
-22.5,500,4033.68812
-22.6,500,4033.813136
-22.7,500,4033.939014
-22.5,500,4034.06425
-24.4,500,4034.189292
-23.1,500,4034.314145
-23.8,500,4034.439946
-22.5,500,4034.566465
-22.8,500,4034.691616
-23.4,500,4034.816462
-23.0,500,4034.942223
-22.9,500,4035.067235
-23.2,500,4035.192852
-23.2,500,4035.318658
-23.2,500,4035.444182
-23.1,500,4035.571546
-22.5,500,4035.697065
-22.7,500,4035.821981
-22.9,500,4035.947819
-22.9,500,4036.073479
-22.5,500,4036.198522
-22.7,500,4036.322937
-22.9,500,4036.448121
-23.4,500,4036.57311
-66.1,500,4036.698478
-22.5,500,4036.823417
-22.7,500,4036.949068
-22.9,500,4037.074865
-23.3,500,4037.199603
-22.7,500,4037.324738
-23.1,500,4037.449782
-23.5,500,4037.575344
-23.0,500,4037.70178
-22.7,500,4037.827348
-22.9,500,4037.953087
-22.5,500,4038.078511
-22.9,500,4038.203784
-22.9,500,4038.328406
-22.5,500,4038.454171
-22.5,500,4038.579795
-24.5,500,4038.705061
-23.4,500,4038.829914
-22.5,500,4038.955631
-22.5,500,4039.080851
-26.3,500,4039.206891
-23.1,500,4039.332876
-22.6,500,4039.458578
-22.9,500,4039.584363
-22.9,500,4039.709187
-23.2,500,4039.8344
-22.5,500,4039.959767
-23.3,500,4040.085634
-23.1,500,4040.211765
-27.2,500,4040.336798
-22.9,500,4040.462116
-22.5,500,4040.58892
-22.8,500,4040.713817
-22.5,500,4040.839109
-23.8,500,4040.965574
-23.1,500,4041.090655
-23.1,500,4041.215734
-22.9,500,4041.340941
-22.8,500,4041.465998
-22.5,500,4041.591725
-22.5,500,4041.716701
-23.5,500,4041.841952
-24.9,500,4041.966705
-22.6,500,4042.091985
-22.9,500,4042.217099
-23.2,500,4042.342859
-22.5,500,4042.468235
-22.5,500,4042.593368
-22.5,500,4042.718435
-22.5,500,4042.843987
-22.9,500,4042.969338
-22.7,500,4043.094692
-23.0,500,4043.220228
-22.6,500,4043.346487
-22.5,500,4043.471737
-23.0,500,4043.596938
-22.5,500,4043.721204
-23.3,500,4043.84631
-22.7,500,4043.971948
-23.0,500,4044.096831
-22.9,500,4044.221657
-22.5,500,4044.346588
-22.7,500,4044.471178
-27.9,500,4044.596018
-22.9,500,4044.720594
-23.8,500,4044.84507
-23.3,500,4044.970646
-22.8,500,4045.09551
-23.1,500,4045.220422
-22.5,500,4045.345417
-22.6,500,4045.47047
-23.4,500,4045.597577
-22.6,500,4045.723529
-37.3,500,4045.848477
-27.3,500,4045.973767
-24.2,500,4046.099097
-23.6,500,4046.224315
-23.2,500,4046.349122
-23.0,500,4046.475118
-22.5,500,4046.602366
-22.7,500,4046.727475
-22.6,500,4046.85238
-23.4,500,4046.977582
-23.5,500,4047.102893
-22.7,500,4047.227602
-24.2,500,4047.352792
-35.8,500,4047.477507
-23.6,500,4047.602521
-22.7,500,4047.728084
-22.6,500,4047.853316
-22.9,500,4047.978381
-22.9,500,4048.10381
-23.3,500,4048.268992
-24.0,500,4048.394276
-23.0,500,4048.519202
-23.8,500,4048.644476
-25.3,500,4048.770543
-23.1,500,4048.895495
-24.3,500,4049.020787
-22.2,500,4049.14521
-22.1,500,4049.270492
-21.6,500,4049.395707
-23.1,500,4049.52185
-21.6,500,4049.647096
-20.5,500,4049.772159
-22.3,500,4049.896869
-22.4,500,4050.021884
-21.6,500,4050.147028
-23.9,500,4050.272023
-22.7,500,4050.397475
-21.9,500,4050.524465
-21.1,500,4050.650333
-22.2,500,4050.775724
-6.2,500,4050.901139
-25.5,500,4051.026198
-23.2,500,4051.152215
-23.7,500,4051.276125
-23.3,500,4051.401343
-22.7,500,4051.526114
-23.2,500,4051.65142
-28.9,500,4051.776536
-22.9,500,4051.901166
-22.7,500,4052.026669
-21.8,500,4052.150929
-22.9,500,4052.275881
-22.0,500,4052.400534
-22.1,500,4052.525051
-21.6,500,4052.64975
-22.3,500,4052.775237
-21.8,500,4052.90143
-21.6,500,4053.026795
-22.4,500,4053.15195
-22.4,500,4053.276704
-22.0,500,4053.40161
-22.0,500,4053.526441
-22.9,500,4053.652509
-22.1,500,4053.778267
-23.4,500,4053.903446
-21.5,500,4054.028706
-22.6,500,4054.153476
-22.6,500,4054.278087
-22.3,500,4054.403842
-22.1,500,4054.529849
-22.1,500,4054.655299
-22.0,500,4054.780923
-22.0,500,4054.905599
-22.4,500,4055.030776
-22.1,500,4055.15554
-63.0,500,4055.281297
-21.9,500,4055.405579
-21.6,500,4055.531907
-22.1,500,4055.657288
-21.7,500,4055.782137
-21.8,500,4055.908067
-21.7,500,4056.03372
-21.6,500,4056.158765
-21.9,500,4056.283862
-21.6,500,4056.408652
-21.6,500,4056.533495
-23.5,500,4056.659
-22.0,500,4056.785352
-22.7,500,4056.910223
-22.1,500,4057.034887
-22.6,500,4057.159752
-24.0,500,4057.284763
-23.3,500,4057.410767
-21.7,500,4057.535935
-21.7,500,4057.661091
-22.5,500,4057.786667
-21.8,500,4057.911829
-22.6,500,4058.038062
-22.1,500,4058.165007
-29.6,500,4058.289888
-22.6,500,4058.414815
-21.8,500,4058.540027
-21.8,500,4058.664868
-21.7,500,4058.790452
-74.4,500,4058.915985
-21.8,500,4059.041244
-22.8,500,4059.166193
-48.8,500,4059.291265
-51.9,500,4059.416102
-25.5,500,4059.541188
-48.4,500,4059.667128
-47.5,500,4059.792038
-48.7,500,4059.917007
-21.8,500,4060.041846
-21.9,500,4060.166842
-56.3,500,4060.292265
-22.1,500,4060.418342
-22.0,500,4060.545415
-25.1,500,4060.671498
-23.5,500,4060.796834
-22.1,500,4060.921841
-23.6,500,4061.047414
-21.9,500,4061.172117
-22.1,500,4061.297508
-25.1,500,4061.42249
-22.1,500,4061.549995
-22.8,500,4061.722427
-23.3,500,4061.847344
-21.9,500,4061.973058
-22.2,500,4062.09804
-21.8,500,4062.222905
-21.8,500,4062.348324
-22.0,500,4062.473519
-21.7,500,4062.599038
-21.9,500,4062.72419
-23.0,500,4062.849648
-21.9,500,4062.974517
-29.8,500,4063.099709
-28.1,500,4063.224515
-22.8,500,4063.349379
-23.0,500,4063.474166
-22.3,500,4063.599014
-22.0,500,4063.72393
-22.9,500,4063.849443
-23.0,500,4063.974139
-23.1,500,4064.099387
-23.8,500,4064.224606
-23.0,500,4064.34948
-22.8,500,4064.474351
-22.3,500,4064.599532
-22.4,500,4064.72491
-21.7,500,4064.850077
-22.9,500,4064.974718
-21.6,500,4065.100364
-21.9,500,4065.225388
-22.0,500,4065.350592
-29.2,500,4065.475613
-22.2,500,4065.602921
-22.4,500,4065.727641
-21.8,500,4065.853394
-21.6,500,4065.97846
-22.0,500,4066.103488
-41.2,500,4066.229533
-23.3,500,4066.355069
-22.4,500,4066.480161
-22.0,500,4066.606084
-21.8,500,4066.731109
-21.6,500,4066.856238
-22.3,500,4066.981944
-21.8,500,4067.108517
-21.7,500,4067.233971
-21.7,500,4067.358399
-21.9,500,4067.483842
-24.6,500,4067.608574
-21.6,500,4067.734089
-21.7,500,4067.85911
-22.1,500,4067.9844
-22.3,500,4068.109242
-21.9,500,4068.234332
-22.7,500,4068.359817
-21.7,500,4068.484863
-22.8,500,4068.610211
-21.7,500,4068.73507
-21.7,500,4068.860369
-21.7,500,4068.985218
-21.7,500,4069.110241
-21.8,500,4069.235281
-21.9,500,4069.360324
-22.2,500,4069.485993
-21.7,500,4069.611
-22.5,500,4069.736307
-22.3,500,4069.861551
-22.7,500,4069.986731
-22.6,500,4070.112179
-22.5,500,4070.237704
-22.2,500,4070.364268
-22.0,500,4070.489839
-21.9,500,4070.617536
-22.1,500,4070.742404
-21.8,500,4070.86745
-22.1,500,4070.991925
-22.2,500,4071.117687
-21.9,500,4071.242535
-21.8,500,4071.367483
-22.5,500,4071.492163
-25.8,500,4071.617647
-22.1,500,4071.742531
-22.9,500,4071.86841
-21.7,500,4071.994092
-23.6,500,4072.118966
-22.6,500,4072.243947
-21.7,500,4072.369339
-22.1,500,4072.494148
-22.0,500,4072.619185
-21.7,500,4072.744936
-22.2,500,4072.870551
-34.8,500,4072.995617
-21.8,500,4073.120828
-21.8,500,4073.245857
-22.5,500,4073.37092
-22.8,500,4073.496417
-22.2,500,4073.621542
-21.9,500,4073.747576
-23.7,500,4073.872948
-22.7,500,4073.998311
-22.6,500,4074.123804
-57.9,500,4074.24939
-23.7,500,4074.375947
-23.3,500,4074.501847
-22.9,500,4074.627039
-22.5,500,4074.752792
-23.2,500,4074.878491
-22.7,500,4075.003579
-23.1,500,4075.129238
-22.2,500,4075.255435
-23.2,500,4075.380936
-22.1,500,4075.506394
-22.6,500,4075.670662
-21.9,500,4075.796405
-21.8,500,4075.921656
-21.7,500,4076.047086
-22.2,500,4076.171807
-21.9,500,4076.296465
-24.9,500,4076.42121
-22.2,500,4076.545887
-46.8,500,4076.671149
-23.0,500,4076.796282
-21.6,500,4076.921151
-22.3,500,4077.04657
-22.2,500,4077.171633
-22.5,500,4077.296709
-21.8,500,4077.422224
-21.7,500,4077.547089
-22.7,500,4077.672185
-22.2,500,4077.797567
-21.6,500,4077.922902
-22.1,500,4078.047738
-22.7,500,4078.173967
-22.7,500,4078.299241
-23.8,500,4078.424544
-21.9,500,4078.54942
-21.8,500,4078.673798
-22.9,500,4078.799768
-21.8,500,4078.924788
-22.3,500,4079.049711
-27.5,500,4079.175181
-21.8,500,4079.300657
-21.9,500,4079.42533
-22.7,500,4079.549974
-22.3,500,4079.676069
-22.0,500,4079.801242
-22.8,500,4079.926514
-22.6,500,4080.051854
-21.7,500,4080.17668
-23.2,500,4080.301901
-22.7,500,4080.427988
-22.5,500,4080.554979
-21.6,500,4080.680483
-22.5,500,4080.805449
-23.4,500,4080.930764
-21.7,500,4081.055623
-22.5,500,4081.180874
-53.8,500,4081.306082
-23.1,500,4081.430791
-22.5,500,4081.556204
-26.1,500,4081.682126
-22.5,500,4081.806978
-22.7,500,4081.931864
-23.2,500,4082.057221
-22.6,500,4082.182675
-22.5,500,4082.307606
-22.9,500,4082.432414
-22.8,500,4082.556827
-22.7,500,4082.681666
-22.0,500,4082.810434
-22.6,500,4082.936125
-25.5,500,4083.063103
-24.7,500,4083.188197
-22.6,500,4083.312749
-22.6,500,4083.437408
-22.9,500,4083.561842
-23.0,500,4083.686996
-22.8,500,4083.812765
-21.6,500,4083.937733
-36.4,500,4084.062323
-23.9,500,4084.18742
-23.1,500,4084.311928
-22.7,500,4084.436708
-22.8,500,4084.5617
-23.4,500,4084.687064
-23.0,500,4084.812248
-22.7,500,4084.937494
-21.9,500,4085.06243
-23.0,500,4085.187246
-23.3,500,4085.312314
-21.9,500,4085.439167
-21.9,500,4085.566293
-22.6,500,4085.691922
-22.8,500,4085.816802
-22.7,500,4085.942084
-22.7,500,4086.067652
-22.8,500,4086.193607
-22.0,500,4086.318385
-41.6,500,4086.443198
-22.4,500,4086.568288
-22.0,500,4086.693478
-22.6,500,4086.819209
-22.4,500,4086.944924
-22.0,500,4087.070194
-21.7,500,4087.194712
-23.1,500,4087.319592
-22.9,500,4087.444074
-21.8,500,4087.568901
-23.0,500,4087.694065
-23.0,500,4087.819125
-22.9,500,4087.944437
-23.0,500,4088.069361
-22.6,500,4088.194254
-23.5,500,4088.319124
-22.7,500,4088.444502
-23.1,500,4088.56986
-25.3,500,4088.694947
-29.1,500,4088.819997
-64.0,500,4088.94501
-23.1,500,4089.069944
-23.2,500,4089.195556
-22.5,500,4089.321942
-23.2,500,4089.44671
-22.6,500,4089.571746
-22.6,500,4089.696683
-22.9,500,4089.821268
-22.7,500,4089.946716
-23.1,500,4090.072039
-22.5,500,4090.197364
-22.3,500,4090.322323
-75.5,500,4090.447375
-26.1,500,4090.575014
-23.5,500,4090.701812
-23.6,500,4090.862967
-22.9,500,4090.988273
-22.6,500,4091.112915
-22.8,500,4091.237913
-22.7,500,4091.363238
-22.9,500,4091.488169
-50.8,500,4091.613554
-48.8,500,4091.739276
-46.5,500,4091.864239
-22.5,500,4091.989209
-23.5,500,4092.114615
-23.9,500,4092.240439
-22.9,500,4092.365442
-23.5,500,4092.490413
-22.5,500,4092.61548
-22.5,500,4092.740016
-23.2,500,4092.864692
-23.8,500,4092.990616
-35.7,500,4093.115765
-22.6,500,4093.240941
-23.3,500,4093.365486
-5.6,500,4093.490509
-23.2,500,4093.615329
-23.5,500,4093.739884
-22.7,500,4093.865048
-22.5,500,4093.990122
-22.5,500,4094.115365
-23.1,500,4094.240725
-22.6,500,4094.365736
-21.6,500,4094.490246
-23.0,500,4094.6157
-22.7,500,4094.740789
-22.7,500,4094.865788
-23.3,500,4094.990931
-46.0,500,4095.116245
-22.7,500,4095.241283
-22.5,500,4095.366929
-22.5,500,4095.491819
-22.6,500,4095.619015
-23.7,500,4095.744254
-23.2,500,4095.869335
-22.8,500,4095.994437
-22.5,500,4096.118816
-22.8,500,4096.2442
-47.2,500,4096.368993
-23.4,500,4096.494069
-23.0,500,4096.618816
-24.2,500,4096.744034
-47.2,500,4096.869856
-23.6,500,4096.994857
-23.1,500,4097.119703
-23.0,500,4097.244493
-22.8,500,4097.369921
-22.5,500,4097.49488
-22.6,500,4097.619548
-22.9,500,4097.744985
-22.7,500,4097.869671
-22.8,500,4097.99434
-22.8,500,4098.118927
-24.1,500,4098.243584
-23.7,500,4098.367922
-22.7,500,4098.492791
-23.0,500,4098.618169
-22.8,500,4098.744671
-22.6,500,4098.869786
-22.8,500,4098.995254
-23.1,500,4099.120242
-23.3,500,4099.245453
-23.3,500,4099.370969
-23.0,500,4099.49684
-22.7,500,4099.622677
-30.5,500,4099.747668
-37.3,500,4099.873019
-48.4,500,4099.997471
-25.2,500,4100.122341
-21.7,500,4100.247638
-22.9,500,4100.372704
-22.5,500,4100.497996
-22.8,500,4100.62567
-22.5,500,4100.750768
-23.0,500,4100.875056
-22.5,500,4100.999859
-22.9,500,4101.124549
-22.9,500,4101.249453
-22.5,500,4101.374105
-22.7,500,4101.498405
-22.9,500,4101.64068
-39.7,500,4101.778635
-23.0,500,4101.91773
-23.2,500,4102.055061
-22.6,500,4102.199637
-23.3,500,4102.327148
-22.6,500,4102.452848
-22.5,500,4102.578048
-22.7,500,4102.702892
-22.5,500,4102.827348
-34.5,500,4102.952374
-21.9,500,4103.077317
-23.0,500,4103.202334
-23.0,500,4103.327149
-22.9,500,4103.467126
-23.9,500,4103.59724
-22.5,500,4103.722912
-22.7,500,4103.84873
-22.8,500,4103.973606
-45.6,500,4104.099072
-22.6,500,4104.223539
-22.6,500,4104.349523
-22.9,500,4104.474127
-22.7,500,4104.598996
-22.5,500,4104.723785
-23.1,500,4104.848736
-22.6,500,4104.973809
-23.4,500,4105.098475
-21.8,500,4105.224244
-22.9,500,4105.391878
-22.8,500,4105.516951
-22.3,500,4105.643764
-23.7,500,4105.768903
-24.0,500,4105.893892
-22.5,500,4106.018728
-22.9,500,4106.143403
-21.7,500,4106.268175
-22.5,500,4106.393334
-22.6,500,4106.517788
-22.9,500,4106.643394
-22.6,500,4106.769836
-22.1,500,4106.895377
-23.3,500,4107.02046
-24.1,500,4107.145428
-23.1,500,4107.270414
-23.2,500,4107.395123
-22.7,500,4107.520423
-22.5,500,4107.645571
-22.7,500,4107.77086
-24.8,500,4107.895665
-23.8,500,4108.020763
-22.6,500,4108.146177
-22.8,500,4108.271336
-22.6,500,4108.398251
-22.6,500,4108.523518
-23.2,500,4108.648672
-22.8,500,4108.773567
-22.9,500,4108.898513
-22.9,500,4109.023889
-22.6,500,4109.150022
-23.4,500,4109.274828
-22.6,500,4109.400122
-22.9,500,4109.524854
-22.9,500,4109.649345
-22.9,500,4109.774881
-23.3,500,4109.899991
-23.7,500,4110.024561
-22.9,500,4110.149444
-22.6,500,4110.273962
-22.5,500,4110.398901
-22.7,500,4110.525068
-23.0,500,4110.652206
-23.7,500,4110.777175
-22.7,500,4110.90254
-23.2,500,4111.027647
-22.8,500,4111.152279
-23.2,500,4111.277697
-25.2,500,4111.403308
-23.2,500,4111.528473
-23.3,500,4111.653607
-22.7,500,4111.778657
-22.7,500,4111.904804
-23.8,500,4112.029999
-23.5,500,4112.155374
-22.9,500,4112.280277
-23.1,500,4112.40521
-22.8,500,4112.530078
-23.0,500,4112.654878
-22.9,500,4112.780085
-22.7,500,4112.905696
-22.5,500,4113.03068
-23.0,500,4113.156002
-22.5,500,4113.281013
-23.1,500,4113.405984
-22.7,500,4113.531191
-22.5,500,4113.656196
-23.3,500,4113.781659
-22.5,500,4113.906572
-50.1,500,4114.031414
-51.1,500,4114.156989
-48.1,500,4114.281866
-23.0,500,4114.408649
-22.7,500,4114.533622
-23.0,500,4114.658616
-26.2,500,4114.783676
-23.3,500,4114.908456
-22.5,500,4115.033656
-22.5,500,4115.158907
-22.5,500,4115.284233
-22.8,500,4115.409584
-23.6,500,4115.534263
-23.1,500,4115.661984
-23.4,500,4115.787385
-22.8,500,4115.91201
-23.2,500,4116.036958
-22.5,500,4116.161935
-22.6,500,4116.287277
-23.1,500,4116.412362
-23.1,500,4116.53787
-23.7,500,4116.663145
-22.9,500,4116.787868
-23.8,500,4116.912611
-22.6,500,4117.038083
-22.7,500,4117.163412
-23.3,500,4117.288493
-57.2,500,4117.413406
-25.2,500,4117.538802
-23.1,500,4117.663344
-22.6,500,4117.789025
-23.0,500,4117.915437
-22.9,500,4118.040731
-22.8,500,4118.166265
-23.5,500,4118.291026
-22.9,500,4118.417095
-22.6,500,4118.541698
-23.0,500,4118.667246
-23.5,500,4118.792113
-29.1,500,4118.916779
-23.3,500,4119.041612
-22.6,500,4119.166738
-22.5,500,4119.291583
-22.6,500,4119.455419
-22.7,500,4119.580264
-23.2,500,4119.70518
-22.9,500,4119.83005
-22.5,500,4119.955839
-23.2,500,4120.081116
-22.8,500,4120.205559
-23.1,500,4120.330471
-23.4,500,4120.455261
-23.0,500,4120.58112
-23.5,500,4120.70783
-22.6,500,4120.83336
-23.0,500,4120.958013
-22.7,500,4121.082948
-22.8,500,4121.20766
-22.6,500,4121.33294
-23.0,500,4121.457395
-22.0,500,4121.58303
-21.9,500,4121.707967
-26.0,500,4121.832465
-22.0,500,4121.957949
-21.9,500,4122.082598
-22.4,500,4122.207181
-21.9,500,4122.332268
-22.0,500,4122.45695
-22.6,500,4122.581653
-22.6,500,4122.707104
-23.9,500,4122.83185
-22.7,500,4122.956786
-23.2,500,4123.081647
-23.0,500,4123.208643
-22.6,500,4123.333295
-22.7,500,4123.458377
-22.5,500,4123.58338
-21.9,500,4123.708512
-22.6,500,4123.833224
-23.3,500,4123.95893
-21.7,500,4124.084951
-23.5,500,4124.21019
-22.7,500,4124.335373
-22.9,500,4124.460994
-22.7,500,4124.586157
-21.6,500,4124.711318
-22.3,500,4124.836971
-23.4,500,4124.961861
-22.9,500,4125.086962
-22.7,500,4125.21191
-23.4,500,4125.336964
-23.1,500,4125.461833
-23.0,500,4125.588522
-27.9,500,4125.715327
-51.4,500,4125.840367
-23.7,500,4125.96575
-22.7,500,4126.090474
-22.7,500,4126.215594
-22.6,500,4126.340426
-22.9,500,4126.465452
-23.5,500,4126.591139
-23.9,500,4126.716327
-22.7,500,4126.841463
-22.9,500,4126.966697
-21.9,500,4127.091903
-22.2,500,4127.217643
-21.7,500,4127.343273
-22.2,500,4127.468615
-23.0,500,4127.593912
-22.8,500,4127.718968
-23.6,500,4127.844261
-23.5,500,4127.970045
-22.0,500,4128.09631
-22.7,500,4128.221453
-23.2,500,4128.346497
-22.9,500,4128.472038
-24.8,500,4128.59694
-22.5,500,4128.72235
-22.5,500,4128.848128
-22.5,500,4128.973893
-22.8,500,4129.099272
-22.7,500,4129.224934
-22.9,500,4129.349767
-22.8,500,4129.47523
-23.1,500,4129.601024
-22.7,500,4129.726282
-23.0,500,4129.85121
-23.6,500,4129.976659
-29.3,500,4130.101583
-22.5,500,4130.226736
-22.7,500,4130.352531
-22.5,500,4130.477758
-22.7,500,4130.60501
-22.9,500,4130.731008
-36.8,500,4130.855809
-23.3,500,4130.981467
-23.2,500,4131.107245
-22.5,500,4131.232343
-22.5,500,4131.357347
-22.5,500,4131.482634
-23.0,500,4131.607488
-22.7,500,4131.735397
-23.4,500,4131.860924
-23.3,500,4131.986568
-22.6,500,4132.111741
-23.1,500,4132.236814
-22.9,500,4132.36398
-22.5,500,4132.489536
-22.6,500,4132.616113
-22.5,500,4132.741314
-23.1,500,4132.866542
-22.9,500,4132.991607
-22.7,500,4133.116628
-23.4,500,4133.241781
-22.9,500,4133.367426
-25.0,500,4133.492376
-22.5,500,4133.617369
-23.0,500,4133.742461
-23.3,500,4133.867744
-22.7,500,4133.992887
-22.5,500,4134.118902
-22.6,500,4134.243703
-26.3,500,4134.368748
-23.4,500,4134.494562
-22.8,500,4134.620134
-22.9,500,4134.745548
-22.7,500,4134.91681
-23.0,500,4135.043858
-22.9,500,4135.16923
-22.7,500,4135.29498
-22.3,500,4135.41977
-21.8,500,4135.544439
-23.2,500,4135.670502
-23.5,500,4135.796208
-23.1,500,4135.921147
-22.8,500,4136.046646
-23.0,500,4136.171824
-23.7,500,4136.296178
-22.1,500,4136.421274
-22.4,500,4136.546362
-22.8,500,4136.671613
-22.9,500,4136.797056
-23.5,500,4136.922896
-21.7,500,4137.048268
-22.5,500,4137.173041
-22.7,500,4137.297835
-22.6,500,4137.422655
-22.6,500,4137.547439
-22.7,500,4137.672483
-23.0,500,4137.797354
-22.8,500,4137.922491
-23.0,500,4138.047427
-22.5,500,4138.172403
-22.9,500,4138.29739
-24.0,500,4138.422889
-22.1,500,4138.547911
-21.9,500,4138.672598
-22.5,500,4138.797411
-22.7,500,4138.922691
-23.0,500,4139.047957
-22.8,500,4139.173732
-22.6,500,4139.299022
-23.3,500,4139.423846
-22.5,500,4139.548792
-22.3,500,4139.673726
-21.9,500,4139.799066
-23.1,500,4139.92497
-22.7,500,4140.05013
-24.1,500,4140.175316
-22.9,500,4140.300872
-23.2,500,4140.425855
-23.6,500,4140.550545
-22.8,500,4140.678603
-23.3,500,4140.804763
-23.2,500,4140.929552
-22.5,500,4141.054638
-22.7,500,4141.179468
-23.2,500,4141.304734
-22.6,500,4141.430102
-23.5,500,4141.556386
-22.5,500,4141.681343
-23.1,500,4141.806372
-24.3,500,4141.93139
-22.7,500,4142.056882
-22.5,500,4142.182393
-21.7,500,4142.30818
-22.5,500,4142.433156
-23.5,500,4142.558046
-23.0,500,4142.683336
-60.2,500,4142.80843
-27.7,500,4142.934148
-23.3,500,4143.059609
-22.3,500,4143.185184
-22.7,500,4143.310572
-22.9,500,4143.435927
-22.7,500,4143.560984
-23.4,500,4143.686592
-22.6,500,4143.812349
-24.7,500,4143.93755
-22.5,500,4144.062808
-23.6,500,4144.188153
-22.9,500,4144.313512
-22.9,500,4144.438794
-23.7,500,4144.565791
-22.3,500,4144.691078
-22.6,500,4144.816452
-22.7,500,4144.94216
-22.5,500,4145.067584
-21.6,500,4145.193117
-22.5,500,4145.319262
-22.8,500,4145.444454
-23.1,500,4145.569746
-22.9,500,4145.697268
-21.6,500,4145.823006
-22.9,500,4145.948691
-23.0,500,4146.073831
-22.9,500,4146.19871
-57.5,500,4146.323547
-25.4,500,4146.448823
-47.8,500,4146.573909
-23.8,500,4146.699661
-23.4,500,4146.825074
-22.7,500,4146.950109
-23.1,500,4147.07568
-22.7,500,4147.200762
-22.5,500,4147.325575
-22.5,500,4147.45117
-30.0,500,4147.577605
-22.7,500,4147.702375
-22.5,500,4147.827073
-23.0,500,4147.952529
-23.0,500,4148.077311
-22.6,500,4148.202662
-23.0,500,4148.327791
-23.4,500,4148.45288
-28.5,500,4148.577323
-24.6,500,4148.701972
-21.8,500,4148.826622
-22.7,500,4148.994633
-22.5,500,4149.119154
-22.5,500,4149.243854
-22.7,500,4149.368786
-22.5,500,4149.49328
-23.7,500,4149.61805
-3.3,500,4149.744666
-36.0,500,4149.869273
-22.6,500,4149.994055
-23.2,500,4150.119495
-24.5,500,4150.244571
-21.6,500,4150.3692
-22.6,500,4150.495524
-23.1,500,4150.641648
-24.1,500,4150.781825
-22.9,500,4150.922047
-22.2,500,4151.057559
-22.5,500,4151.202272
-22.5,500,4151.329054
-21.6,500,4151.455006
-24.0,500,4151.580871
-22.9,500,4151.707015
-21.7,500,4151.832715
-22.8,500,4151.958101
-23.2,500,4152.083408
-22.8,500,4152.208402
-23.1,500,4152.334523
-23.0,500,4152.474735
-23.4,500,4152.603675
-23.6,500,4152.730033
-22.7,500,4152.854902
-39.9,500,4152.980658
-22.9,500,4153.10589
-22.6,500,4153.231066
-22.9,500,4153.356797
-23.0,500,4153.482664
-23.2,500,4153.607471
-23.0,500,4153.732972
-22.8,500,4153.857776
-22.5,500,4153.982567
-22.5,500,4154.107549
-22.7,500,4154.232311
-22.2,500,4154.357282
-26.7,500,4154.481978
-51.1,500,4154.60785
-23.4,500,4154.733242
-22.7,500,4154.858328
-22.7,500,4154.983356
-22.6,500,4155.108448
-23.6,500,4155.23374
-22.6,500,4155.359441
-23.1,500,4155.484867
-23.3,500,4155.611826
-23.1,500,4155.73864
-23.5,500,4155.863901
-22.5,500,4155.99015
-27.8,500,4156.115509
-22.8,500,4156.240545
-22.5,500,4156.365762
-23.2,500,4156.490715
-22.7,500,4156.615403
-22.6,500,4156.739894
-22.7,500,4156.865193
-22.9,500,4156.990442
-23.1,500,4157.115115
-114.9,500,4157.240292
-47.3,500,4157.365109
-22.5,500,4157.490355
-22.6,500,4157.616094
-22.6,500,4157.740807
-23.3,500,4157.866203
-23.3,500,4157.991221
-23.4,500,4158.116589
-22.5,500,4158.241331
-22.5,500,4158.366798
-22.5,500,4158.492077
-22.9,500,4158.616862
-22.5,500,4158.741772
-22.9,500,4158.867502
-23.4,500,4158.992586
-22.7,500,4159.117814
-22.8,500,4159.243126
-22.9,500,4159.368412
-23.9,500,4159.493585
-23.5,500,4159.619019
-22.7,500,4159.744489
-21.9,500,4159.869547
-22.8,500,4159.995816
-23.3,500,4160.121046
-22.4,500,4160.246202
-21.7,500,4160.371294
-22.5,500,4160.496606
-22.5,500,4160.622907
-22.7,500,4160.752019
-23.0,500,4160.879015
-22.7,500,4161.004276
-23.3,500,4161.128854
-22.8,500,4161.253891
-23.2,500,4161.378555
-22.6,500,4161.50388
-22.8,500,4161.628949
-24.3,500,4161.753943
-33.1,500,4161.878358
-22.7,500,4162.003354
-23.6,500,4162.128162
-23.3,500,4162.25311
-22.9,500,4162.378801
-23.8,500,4162.505203
-22.8,500,4162.667955
-22.7,500,4162.794065
-22.8,500,4162.91945
-23.3,500,4163.044592
-23.0,500,4163.16924
-23.2,500,4163.294045
-23.1,500,4163.418599
-22.5,500,4163.544693
-23.5,500,4163.669906
-47.7,500,4163.79507
-45.7,500,4163.920381
-22.9,500,4164.044984
-23.1,500,4164.170364
-23.0,500,4164.295154
-22.9,500,4164.42076
-22.9,500,4164.546432
-69.6,500,4164.672179
-23.0,500,4164.798287
-23.8,500,4164.924127
-22.9,500,4165.049872
-23.3,500,4165.175788
-22.8,500,4165.300957
-22.5,500,4165.426366
-22.9,500,4165.55147
-22.5,500,4165.678031
-22.7,500,4165.80299
-22.7,500,4165.928811
-22.7,500,4166.054035
-23.0,500,4166.17963
-22.5,500,4166.304836
-22.8,500,4166.430029
-23.8,500,4166.554833
-22.6,500,4166.680181
-22.5,500,4166.804951
-23.0,500,4166.929682
-22.7,500,4167.054644
-46.4,500,4167.179435
-23.3,500,4167.304915
-22.5,500,4167.431054
-22.8,500,4167.556275
-23.0,500,4167.681803
-22.9,500,4167.807294
-22.5,500,4167.932659
-23.0,500,4168.057778
-23.7,500,4168.183651
-23.1,500,4168.308306
-22.9,500,4168.433144
-22.7,500,4168.559019
-22.6,500,4168.684019
-22.5,500,4168.809098
-22.9,500,4168.934871
-22.7,500,4169.061435
-45.9,500,4169.18712
-21.7,500,4169.311904
-45.9,500,4169.437342
-46.6,500,4169.562613
-21.8,500,4169.68826
-22.5,500,4169.814988
-21.7,500,4169.940102
-23.3,500,4170.065254
-23.8,500,4170.190311
-23.0,500,4170.315664
-23.1,500,4170.441467
-22.7,500,4170.566588
-22.9,500,4170.693187
-23.3,500,4170.818788
-22.5,500,4170.943363
-141.9,500,4171.070005
-49.1,500,4171.195697
-49.1,500,4171.320844
-23.4,500,4171.445863
-23.3,500,4171.571151
-46.0,500,4171.696092
-22.8,500,4171.822164
-23.3,500,4171.948312
-22.6,500,4172.073605
-23.0,500,4172.198876
-22.7,500,4172.323995
-23.2,500,4172.449194
-22.7,500,4172.574403
-23.2,500,4172.699937
-23.4,500,4172.825191
-22.6,500,4172.950371
-22.9,500,4173.075203
-23.0,500,4173.200539
-22.7,500,4173.325682
-23.0,500,4173.451579
-22.7,500,4173.578296
-53.5,500,4173.703471
-23.2,500,4173.829226
-24.4,500,4173.955015
-23.7,500,4174.080785
-23.2,500,4174.205721
-23.8,500,4174.331126
-22.8,500,4174.456787
-23.1,500,4174.582087
-23.1,500,4174.7075
-22.7,500,4174.833054
-22.5,500,4174.959585
-23.1,500,4175.084964
-22.9,500,4175.210594
-22.8,500,4175.336139
-22.8,500,4175.461903
-60.2,500,4175.58731
-21.9,500,4175.715997
-21.6,500,4175.841427
-22.9,500,4175.966638
-22.1,500,4176.092331
-23.1,500,4176.217552
-25.9,500,4176.342426
-22.6,500,4176.493004
-22.1,500,4176.629307
-46.0,500,4176.755055
-46.9,500,4176.880063
-45.6,500,4177.005528
-45.5,500,4177.130966
-46.2,500,4177.255976
-22.4,500,4177.381473
-22.2,500,4177.506642
-46.5,500,4177.631511
-23.6,500,4177.756044
-26.3,500,4177.881088
-21.8,500,4178.00606
-47.4,500,4178.130995
-63.2,500,4178.25614
-48.2,500,4178.38111
-48.5,500,4178.506566
-47.4,500,4178.632476
-48.1,500,4178.75711
-46.0,500,4178.882058
-51.8,500,4179.006767
-22.7,500,4179.132036
-45.5,500,4179.256733
-45.7,500,4179.381689
-23.4,500,4179.506471
-22.8,500,4179.631282
-22.9,500,4179.756317
-22.9,500,4179.88183
-23.5,500,4180.007693
-23.3,500,4180.132886
-24.2,500,4180.25778
-22.7,500,4180.382945
-22.9,500,4180.508196
-23.7,500,4180.632923
-22.7,500,4180.763318
-23.3,500,4180.888941
-23.0,500,4181.013844
-23.2,500,4181.139482
-23.0,500,4181.264481
-22.6,500,4181.391139
-22.5,500,4181.516642
-23.2,500,4181.641523
-22.9,500,4181.766758
-23.2,500,4181.891666
-23.4,500,4182.016898
-22.5,500,4182.14219
-22.9,500,4182.267721
-23.6,500,4182.394436
-22.8,500,4182.52011
-22.1,500,4182.644866
-23.0,500,4182.769887
-46.0,500,4182.895133
-47.1,500,4183.021353
-21.6,500,4183.146943
-23.3,500,4183.272269
-22.9,500,4183.397336
-23.6,500,4183.522709
-23.0,500,4183.647783
-22.6,500,4183.773251
-22.6,500,4183.899526
-22.5,500,4184.024785
-22.7,500,4184.149988
-22.5,500,4184.2753
-24.3,500,4184.400315
-23.1,500,4184.526022
-22.8,500,4184.651776
-25.1,500,4184.77714
-22.5,500,4184.902883
-23.1,500,4185.028088
-48.6,500,4185.153528
-46.4,500,4185.279725
-23.4,500,4185.405475
-23.7,500,4185.530784
-23.4,500,4185.6574
-23.1,500,4185.784362
-22.9,500,4185.908639
-31.1,500,4186.034227
-23.3,500,4186.160805
-22.8,500,4186.285599
-23.9,500,4186.410554
-23.4,500,4186.535384
-23.1,500,4186.66149
-22.6,500,4186.786554
-22.5,500,4186.911689
-22.8,500,4187.036597
-22.2,500,4187.162029
-23.4,500,4187.287145
-22.9,500,4187.412232
-23.4,500,4187.537633
-22.5,500,4187.662695
-22.9,500,4187.787917
-57.2,500,4187.913555
-23.0,500,4188.038686
-23.0,500,4188.163863
-23.8,500,4188.289166
-22.5,500,4188.414558
-22.9,500,4188.539537
-25.2,500,4188.664929
-23.0,500,4188.789863
-23.4,500,4188.915116
-22.9,500,4189.040982
-23.7,500,4189.1661
-22.5,500,4189.291058
-23.1,500,4189.41612
-22.7,500,4189.542021
-22.6,500,4189.666663
-23.0,500,4189.791308
-22.5,500,4189.917088
-22.7,500,4190.042018
-23.4,500,4190.166673
-37.1,500,4190.291761
-23.1,500,4190.416718
-23.2,500,4190.541245
-22.6,500,4190.667199
-23.0,500,4190.793071
-22.5,500,4190.918229
-22.9,500,4191.090217
-23.2,500,4191.216085
-24.4,500,4191.34109
-23.1,500,4191.466285
-22.8,500,4191.591304
-22.7,500,4191.71643
-22.8,500,4191.841458
-23.1,500,4191.967118
-22.7,500,4192.092159
-23.0,500,4192.217043
-22.9,500,4192.34226
-22.7,500,4192.467789
-22.9,500,4192.592636
-23.0,500,4192.717855
-138.9,500,4192.844788
-25.5,500,4192.970779
-22.7,500,4193.096367
-22.9,500,4193.22181
-22.7,500,4193.34686
-22.9,500,4193.472362
-22.5,500,4193.597398
-23.1,500,4193.722766
-22.5,500,4193.847719
-23.2,500,4193.972439
-54.7,500,4194.097789
-23.0,500,4194.222903
-22.8,500,4194.349046
-22.5,500,4194.475193
-22.5,500,4194.600733
-22.5,500,4194.725825
-22.8,500,4194.850633
-22.7,500,4194.976052
-23.1,500,4195.102058
-23.2,500,4195.228009
-22.7,500,4195.353134
-23.3,500,4195.478613
-22.9,500,4195.60356
-22.7,500,4195.730373
-22.5,500,4195.856366
-22.7,500,4195.982717
-22.9,500,4196.107848
-22.8,500,4196.233178
-33.0,500,4196.3582
-25.6,500,4196.483273
-22.9,500,4196.609199
-25.3,500,4196.734087
-22.9,500,4196.859405
-22.8,500,4196.984471
-23.4,500,4197.109902
-23.0,500,4197.234551
-22.9,500,4197.360218
-22.7,500,4197.485478
-22.5,500,4197.611158
-22.9,500,4197.736007
-22.6,500,4197.861068
-85.9,500,4197.986552
-23.2,500,4198.112353
-22.6,500,4198.237217
-22.7,500,4198.362341
-22.9,500,4198.487428
-22.5,500,4198.612703
-23.4,500,4198.738198
-22.9,500,4198.862728
-22.6,500,4198.987937
-23.0,500,4199.112829
-23.0,500,4199.237693
-25.3,500,4199.362467
-40.2,500,4199.48768
-23.4,500,4199.612637
-23.4,500,4199.737937
-23.3,500,4199.864154
-23.2,500,4199.989901
-22.9,500,4200.114849
-23.9,500,4200.240168
-22.8,500,4200.365189
-24.6,500,4200.489844
-23.4,500,4200.61583
-22.5,500,4200.742759
-22.7,500,4200.868356
-23.1,500,4200.993498
-22.6,500,4201.118602
-22.6,500,4201.244
-22.5,500,4201.368828
-22.7,500,4201.493781
-22.5,500,4201.61836
-23.3,500,4201.74307
-23.5,500,4201.868023
-23.5,500,4201.993359
-23.0,500,4202.118128
-22.8,500,4202.242668
-28.1,500,4202.368287
-22.5,500,4202.493864
-22.6,500,4202.618531
-23.4,500,4202.743729
-23.1,500,4202.868705
-23.0,500,4202.994284
-24.1,500,4203.119084
-25.1,500,4203.244368
-22.7,500,4203.369738
-22.6,500,4203.494623
-22.8,500,4203.619711
-22.5,500,4203.745194
-22.7,500,4203.870465
-22.7,500,4203.99529
-22.8,500,4204.121111
-22.5,500,4204.245884
-22.4,500,4204.370719
-40.3,500,4204.495772
-22.9,500,4204.621093
-23.0,500,4204.746114
-22.0,500,4204.871557
-22.2,500,4204.997196
-22.8,500,4205.122399
-22.5,500,4205.285683
-22.6,500,4205.410768
-23.0,500,4205.535855
-22.7,500,4205.660784
-22.5,500,4205.787867
-22.6,500,4205.913624
-26.2,500,4206.038795
-25.0,500,4206.163809
-25.8,500,4206.289099
-22.0,500,4206.413635
-21.8,500,4206.538591
-23.9,500,4206.664169
-22.5,500,4206.789133
-21.9,500,4206.913947
-21.7,500,4207.038738
-21.7,500,4207.163625
-23.4,500,4207.288182
-22.7,500,4207.413233
-22.7,500,4207.53902
-22.0,500,4207.664062
-22.7,500,4207.789222
-22.9,500,4207.91409
-24.2,500,4208.039257
-22.6,500,4208.163704
-47.2,500,4208.289003
-22.8,500,4208.413721
-22.5,500,4208.539068
-22.9,500,4208.663815
-22.8,500,4208.78947
-48.3,500,4208.914535
-22.7,500,4209.040326
-22.7,500,4209.16538
-23.1,500,4209.290586
-22.6,500,4209.415665
-22.6,500,4209.540518
-22.5,500,4209.665793
-23.4,500,4209.791238
-23.1,500,4209.917429
-22.5,500,4210.043382
-22.5,500,4210.168731
-21.8,500,4210.293871
-22.6,500,4210.418816
-23.6,500,4210.54409
-23.3,500,4210.669547
-22.5,500,4210.795799
-23.0,500,4210.921943
-22.6,500,4211.046825
-23.2,500,4211.171688
-23.1,500,4211.297027
-23.0,500,4211.422528
-22.6,500,4211.548351
-22.8,500,4211.673371
-22.9,500,4211.79857
-22.8,500,4211.923446
-22.8,500,4212.048193
-23.3,500,4212.172897
-22.5,500,4212.297922
-23.2,500,4212.423006
-22.8,500,4212.548582
-22.7,500,4212.673562
-22.7,500,4212.798551
-23.0,500,4212.923427
-23.6,500,4213.049017
-23.0,500,4213.174869
-22.9,500,4213.300438
-22.6,500,4213.425937
-22.5,500,4213.550874
-22.6,500,4213.676664
-22.8,500,4213.802999
-23.2,500,4213.928259
-22.7,500,4214.053567
-23.4,500,4214.178486
-22.6,500,4214.303609
-23.2,500,4214.429468
-23.3,500,4214.554079
-22.5,500,4214.678753
-22.6,500,4214.803463
-23.0,500,4214.928695
-22.7,500,4215.0545
-23.4,500,4215.179914
-22.7,500,4215.305367
-23.1,500,4215.429789
-22.5,500,4215.554567
-22.8,500,4215.67981
-22.9,500,4215.806489
-66.1,500,4215.932248
-22.5,500,4216.059083
-22.7,500,4216.184024
-22.5,500,4216.309127
-22.8,500,4216.433961
-22.9,500,4216.559107
-22.8,500,4216.683498
-23.0,500,4216.809045
-22.6,500,4216.933832
-22.5,500,4217.058843
-22.7,500,4217.183709
-22.9,500,4217.30844
-23.7,500,4217.433553
-22.6,500,4217.558702
-23.2,500,4217.684229
-23.5,500,4217.809067
-22.9,500,4217.934124
-23.1,500,4218.059124
-24.4,500,4218.184504
-22.8,500,4218.309781
-22.9,500,4218.435711
-22.8,500,4218.56205
-22.7,500,4218.687863
-23.3,500,4218.813665
-23.1,500,4218.938721
-22.7,500,4219.063787
-22.5,500,4219.188889
-21.7,500,4219.314283
-23.7,500,4219.43993
-112.6,500,4219.564672
-21.8,500,4219.689442
-23.2,500,4219.81412
-23.8,500,4219.939261
-23.0,500,4220.086377
-23.9,500,4220.22755
-23.7,500,4220.35248
-23.3,500,4220.477902
-22.5,500,4220.603553
-22.8,500,4220.730521
-22.5,500,4220.856025
-22.8,500,4220.980845
-22.7,500,4221.105178
-22.1,500,4221.229682
-22.8,500,4221.355649
-23.0,500,4221.480215
-22.5,500,4221.605546
-23.0,500,4221.7306
-23.7,500,4221.855635
-30.2,500,4221.980141
-23.2,500,4222.105364
-22.5,500,4222.229986
-22.8,500,4222.354905
-23.1,500,4222.479964
-22.9,500,4222.619294
-22.6,500,4222.760493
-22.6,500,4222.895151
-22.9,500,4223.035768
-22.6,500,4223.17384
-22.5,500,4223.308286
-23.2,500,4223.434093
-23.2,500,4223.560296
-22.9,500,4223.685401
-22.5,500,4223.810919
-22.7,500,4223.93664
-22.9,500,4224.061799
-23.1,500,4224.186476
-22.5,500,4224.31187
-53.5,500,4224.452512
-22.6,500,4224.582039
-22.7,500,4224.707269
-23.0,500,4224.832306
-22.6,500,4224.956907
-24.0,500,4225.081862
-25.6,500,4225.207025
-22.9,500,4225.332777
-23.3,500,4225.458047
-23.4,500,4225.582951
-22.8,500,4225.708814
-22.5,500,4225.835081
-22.7,500,4225.959846
-23.6,500,4226.085147
-54.5,500,4226.211636
-49.7,500,4226.337755
-23.8,500,4226.46297
-23.7,500,4226.587931
-23.0,500,4226.712899
-22.9,500,4226.838531
-24.3,500,4226.964135
-23.2,500,4227.088747
-28.5,500,4227.213795
-22.1,500,4227.338585
-22.5,500,4227.463769
-22.4,500,4227.589554
-22.9,500,4227.722111
-22.5,500,4227.84877
-23.3,500,4227.974833
-23.6,500,4228.100514
-23.1,500,4228.226968
-23.3,500,4228.354349
-22.8,500,4228.479806
-22.6,500,4228.605269
-21.8,500,4228.731475
-22.5,500,4228.856332
-22.7,500,4228.982435
-23.1,500,4229.107111
-22.8,500,4229.232512
-22.5,500,4229.357102
-22.9,500,4229.482278
-23.7,500,4229.607663
-23.0,500,4229.732895
-37.4,500,4229.858222
-23.0,500,4229.983746
-23.0,500,4230.109285
-23.0,500,4230.234503
-23.0,500,4230.360402
-23.2,500,4230.486197
-22.8,500,4230.61224
-22.7,500,4230.73909
-23.7,500,4230.864913
-23.4,500,4230.992254
-22.8,500,4231.117943
-23.2,500,4231.243474
-22.7,500,4231.369491
-22.9,500,4231.496632
-34.9,500,4231.621862
-22.6,500,4231.746646
-22.9,500,4231.872117
-23.1,500,4231.996876
-23.1,500,4232.122767
-23.0,500,4232.248647
-22.6,500,4232.373948
-23.2,500,4232.499181
-22.6,500,4232.62388
-23.0,500,4232.750291
-22.6,500,4232.87514
-22.6,500,4233.000076
-22.9,500,4233.124898
-24.0,500,4233.250424
-23.4,500,4233.375731
-23.2,500,4233.500662
-59.8,500,4233.626439
-25.7,500,4233.752148
-23.9,500,4233.877291
-23.8,500,4234.002817
-23.0,500,4234.128305
-23.3,500,4234.253265
-23.1,500,4234.378626
-24.4,500,4234.541106
-22.9,500,4234.666771
-22.8,500,4234.79186
-22.6,500,4234.917455
-23.2,500,4235.042855
-23.0,500,4235.167881
-23.1,500,4235.293159
-23.8,500,4235.418392
-24.8,500,4235.543446
-24.1,500,4235.669228
-22.7,500,4235.797581
-22.7,500,4235.924175
-22.7,500,4236.049851
-23.2,500,4236.17491
-22.1,500,4236.299745
-22.5,500,4236.42529
-23.4,500,4236.551388
-22.7,500,4236.676547
-22.7,500,4236.801779
-23.3,500,4236.926594
-29.2,500,4237.052048
-23.2,500,4237.177572
-22.9,500,4237.3031
-22.5,500,4237.428326
-22.8,500,4237.552818
-23.1,500,4237.67764
-22.8,500,4237.803076
-22.5,500,4237.928706
-23.2,500,4238.053837
-22.2,500,4238.179409
-23.0,500,4238.304489
-22.5,500,4238.430012
-22.7,500,4238.555193
-22.5,500,4238.680339
-22.1,500,4238.805514
-21.9,500,4238.930755
-25.9,500,4239.056073
-23.0,500,4239.181648
-22.9,500,4239.306961
-24.4,500,4239.432434
-22.5,500,4239.558886
-22.9,500,4239.68436
-22.5,500,4239.809569
-23.4,500,4239.934697
-22.6,500,4240.059763
-24.0,500,4240.18499
-23.6,500,4240.310857
-23.8,500,4240.435873
-22.5,500,4240.561084
-22.9,500,4240.686031
-23.1,500,4240.813901
-22.6,500,4240.939935
-22.9,500,4241.065925
-26.4,500,4241.190496
-25.3,500,4241.315206
-22.8,500,4241.440114
-22.5,500,4241.565549
-23.0,500,4241.690782
-22.5,500,4241.815241
-27.3,500,4241.941398
-24.9,500,4242.068189
-22.7,500,4242.194088
-22.0,500,4242.319499
-22.8,500,4242.445093
-23.9,500,4242.57
-23.0,500,4242.695024
-25.2,500,4242.821323
-24.2,500,4242.946366
-22.7,500,4243.071234
-23.1,500,4243.197035
-29.6,500,4243.323639
-22.6,500,4243.448436
-23.5,500,4243.574385
-22.8,500,4243.699762
-22.8,500,4243.824643
-22.6,500,4243.94902
-22.7,500,4244.075576
-23.3,500,4244.200845
-21.9,500,4244.32624
-42.8,500,4244.452476
-25.5,500,4244.57795
-22.7,500,4244.703266
-22.7,500,4244.828898
-23.0,500,4244.954452
-22.8,500,4245.079707
-22.8,500,4245.205007
-22.6,500,4245.330915
-22.8,500,4245.456085
-22.9,500,4245.581378
-22.9,500,4245.706502
-22.6,500,4245.833577
-22.8,500,4245.959074
-23.5,500,4246.084358
-23.5,500,4246.209356
-22.8,500,4246.334831
-22.8,500,4246.459381
-23.2,500,4246.584575
-22.7,500,4246.70932
-22.2,500,4246.834713
-23.3,500,4246.960826
-22.5,500,4247.085957
-23.0,500,4247.210755
-21.5,500,4247.335804
-23.6,500,4247.460538
-22.7,500,4247.585685
-22.5,500,4247.711793
-23.1,500,4247.837684
-23.8,500,4247.963079
-23.8,500,4248.088023
-22.5,500,4248.212845
-23.7,500,4248.33772
-22.9,500,4248.463575
-22.8,500,4248.588926
-22.5,500,4248.713825
-23.1,500,4248.839017
-22.5,500,4248.96505
-22.8,500,4249.090515
-22.8,500,4249.216108
-23.7,500,4249.341443
-22.6,500,4249.50403
-21.7,500,4249.629045
-22.7,500,4249.754102
-22.9,500,4249.87885
-23.5,500,4250.0039
-22.9,500,4250.128787
-24.5,500,4250.253763
-22.7,500,4250.379015
-23.0,500,4250.504291
-22.5,500,4250.629371
-23.8,500,4250.756336
-23.4,500,4250.881709
-61.8,500,4251.006401
-56.0,500,4251.131494
-48.3,500,4251.25605
-22.6,500,4251.381186
-22.0,500,4251.507712
-22.3,500,4251.633272
-22.7,500,4251.75887
-47.6,500,4251.884241
-47.1,500,4252.009278
-23.6,500,4252.134196
-22.9,500,4252.259568
-22.7,500,4252.384491
-25.7,500,4252.509464
-23.1,500,4252.634395
-22.7,500,4252.762408
-23.3,500,4252.887733
-23.0,500,4253.013069
-24.8,500,4253.137983
-23.4,500,4253.262869
-22.7,500,4253.390665
-22.8,500,4253.515715
-22.7,500,4253.640836
-23.7,500,4253.766458
-22.8,500,4253.892491
-23.3,500,4254.017508
-23.5,500,4254.142836
-23.2,500,4254.268133
-24.6,500,4254.393418
-23.2,500,4254.519598
-22.3,500,4254.64541
-21.8,500,4254.770341
-23.0,500,4254.895614
-21.8,500,4255.021058
-21.6,500,4255.1459
-22.0,500,4255.271652
-23.3,500,4255.398637
-21.8,500,4255.523913
-22.6,500,4255.649486
-22.7,500,4255.776232
-22.0,500,4255.90161
-23.1,500,4256.027421
-21.9,500,4256.151929
-21.8,500,4256.276615
-22.6,500,4256.401364
-21.6,500,4256.525903
-22.6,500,4256.651179
-22.0,500,4256.776342
-22.4,500,4256.901346
-21.9,500,4257.025595
-21.7,500,4257.150824
-31.1,500,4257.275568
-22.3,500,4257.400002
-22.7,500,4257.524452
-21.7,500,4257.649161
-21.8,500,4257.77474
-21.7,500,4257.900288
-21.9,500,4258.025192
-29.7,500,4258.15001
-22.2,500,4258.274842
-21.6,500,4258.399412
-22.3,500,4258.524965
-21.9,500,4258.650187
-21.9,500,4258.775639
-22.7,500,4258.900389
-22.8,500,4259.025418
-22.0,500,4259.150959
-21.7,500,4259.276892
-30.4,500,4259.402103
-26.0,500,4259.52721
-22.5,500,4259.652141
-21.6,500,4259.776845
-22.0,500,4259.90181
-22.1,500,4260.027614
-21.6,500,4260.153103
-21.9,500,4260.278186
-22.4,500,4260.403489
-23.8,500,4260.528304
-22.1,500,4260.652843
-21.6,500,4260.779614
-22.3,500,4260.90474
-22.0,500,4261.029935
-22.1,500,4261.154693
-22.3,500,4261.280097
-23.7,500,4261.40532
-22.6,500,4261.53061
-22.4,500,4261.656396
-22.6,500,4261.781911
-26.3,500,4261.90733
-21.8,500,4262.032472
-22.2,500,4262.157532
-21.9,500,4262.282463
-21.8,500,4262.407953
-27.9,500,4262.535525
-21.6,500,4262.660378
-21.8,500,4262.785458
-22.9,500,4262.91078
-23.3,500,4263.036092
-21.7,500,4263.161466
-33.4,500,4263.285889
-21.9,500,4263.410788
-23.1,500,4263.535852
-22.4,500,4263.660977
-21.9,500,4263.786156
-21.8,500,4263.911595
-21.7,500,4264.067053
-22.1,500,4264.206733
-32.1,500,4264.331989
-21.9,500,4264.456477
-22.6,500,4264.581896
-22.2,500,4264.706953
-21.9,500,4264.831969
-21.8,500,4264.957003
-22.3,500,4265.082197
-21.6,500,4265.207927
-21.8,500,4265.332604
-21.9,500,4265.458046
-25.6,500,4265.583475
-22.2,500,4265.708439
-21.6,500,4265.834746
-22.2,500,4265.960344
-22.2,500,4266.085831
-21.7,500,4266.21018
-21.9,500,4266.334927
-22.1,500,4266.459425
-22.0,500,4266.584686
-30.8,500,4266.709437
-21.8,500,4266.834753
-22.2,500,4266.959803
-22.0,500,4267.084584
-22.2,500,4267.209046
-21.6,500,4267.334287
-21.7,500,4267.459213
-22.5,500,4267.584677
-22.3,500,4267.710784
-22.3,500,4267.835917
-21.6,500,4267.961019
-21.7,500,4268.085739
-25.7,500,4268.21025
-22.2,500,4268.335578
-22.1,500,4268.460463
-22.8,500,4268.584899
-22.2,500,4268.709734
-21.8,500,4268.83462
-23.1,500,4268.959813
-21.8,500,4269.084573
-21.7,500,4269.210022
-22.2,500,4269.334907
-21.6,500,4269.45941
-23.1,500,4269.58389
-21.6,500,4269.708742
-22.2,500,4269.833333
-21.6,500,4269.958355
-22.2,500,4270.083734
-21.9,500,4270.208968
-22.0,500,4270.334102
-22.4,500,4270.459368
-22.0,500,4270.585115
-22.2,500,4270.710083
-22.0,500,4270.837256
-21.7,500,4270.962491
-21.7,500,4271.087816
-23.6,500,4271.212813
-21.6,500,4271.337752
-21.9,500,4271.462732
-48.0,500,4271.597721
-21.6,500,4271.742527
-22.0,500,4271.880303
-21.6,500,4272.022626
-22.2,500,4272.158794
-25.9,500,4272.295469
-22.5,500,4272.421508
-24.9,500,4272.547188
-21.8,500,4272.672617
-21.8,500,4272.797981
-22.8,500,4272.922806
-21.9,500,4273.048398
-22.3,500,4273.173293
-21.9,500,4273.298886
-22.8,500,4273.428843
-21.9,500,4273.568148
-22.3,500,4273.693574
-21.9,500,4273.818459
-36.9,500,4273.945725
-23.0,500,4274.071114
-22.2,500,4274.195882
-21.6,500,4274.321082
-22.0,500,4274.446208
-21.9,500,4274.571257
-22.6,500,4274.695966
-21.9,500,4274.821962
-22.7,500,4274.947118
-23.4,500,4275.071941
-22.2,500,4275.197138
-22.2,500,4275.322825
-21.7,500,4275.448387
-22.0,500,4275.575193
-21.9,500,4275.701126
-21.6,500,4275.829513
-21.7,500,4275.955066
-21.7,500,4276.080171
-22.0,500,4276.205674
-21.6,500,4276.331657
-77.0,500,4276.457202
-22.8,500,4276.582398
-21.9,500,4276.707532
-22.9,500,4276.833227
-21.8,500,4276.959372
-21.7,500,4277.084634
-21.7,500,4277.210369
-22.7,500,4277.335562
-21.6,500,4277.460036
-22.0,500,4277.584858
-21.7,500,4277.710918
-22.6,500,4277.836003
-22.2,500,4277.961332
-21.8,500,4278.087183
-22.3,500,4278.213051
-21.6,500,4278.338548
-22.5,500,4278.502272
-21.8,500,4278.627247
-22.2,500,4278.751664
-22.4,500,4278.876379
-22.3,500,4279.000884
-22.0,500,4279.126351
-21.6,500,4279.251404
-21.9,500,4279.376826
-21.6,500,4279.501985
-22.0,500,4279.626952
-23.5,500,4279.7521
-21.6,500,4279.877542
-22.0,500,4280.003448
-22.6,500,4280.129136
-22.1,500,4280.254914
-22.5,500,4280.381006
-22.2,500,4280.506267
-46.2,500,4280.632886
-22.6,500,4280.759902
-23.0,500,4280.886161
-22.7,500,4281.011804
-26.7,500,4281.137369
-24.7,500,4281.262061
-22.1,500,4281.3875
-22.5,500,4281.514254
-21.6,500,4281.640357
-22.6,500,4281.765809
-21.7,500,4281.892009
-21.9,500,4282.017617
-23.4,500,4282.143723
-22.0,500,4282.270499
-22.1,500,4282.39598
-22.1,500,4282.521782
-22.5,500,4282.647011
-22.8,500,4282.77241
-63.7,500,4282.897648
-21.9,500,4283.023648
-23.0,500,4283.149478
-23.3,500,4283.274744
-23.1,500,4283.399922
-21.6,500,4283.525309
-22.3,500,4283.650796
-23.0,500,4283.775778
-24.6,500,4283.902171
-22.2,500,4284.026946
-22.0,500,4284.152162
-21.9,500,4284.277276
-21.7,500,4284.403136
-21.6,500,4284.528749
-21.9,500,4284.654298
-23.6,500,4284.779325
-26.9,500,4284.904658
-23.0,500,4285.029887
-23.0,500,4285.15491
-23.4,500,4285.280104
-22.0,500,4285.405037
-23.0,500,4285.530109
-24.6,500,4285.655192
-22.2,500,4285.782396
-22.9,500,4285.907445
-23.0,500,4286.032536
-23.4,500,4286.157827
-23.0,500,4286.282245
-22.6,500,4286.407822
-40.0,500,4286.533262
-22.6,500,4286.658266
-22.5,500,4286.783019
-22.9,500,4286.908024
-24.3,500,4287.034183
-23.5,500,4287.159023
-22.8,500,4287.28411
-23.6,500,4287.409189
-21.6,500,4287.534141
-21.9,500,4287.65904
-28.2,500,4287.784704
-50.2,500,4287.911812
-23.6,500,4288.037561
-22.9,500,4288.163213
-22.1,500,4288.288873
-24.4,500,4288.413845
-22.9,500,4288.539469
-23.0,500,4288.665454
-21.7,500,4288.790682
-21.8,500,4288.915776
-23.0,500,4289.040875
-22.0,500,4289.165812
-22.2,500,4289.290687
-23.2,500,4289.416484
-22.9,500,4289.541651
-24.1,500,4289.667265
-23.7,500,4289.792532
-22.3,500,4289.917749
-23.0,500,4290.043031
-22.4,500,4290.168601
-22.6,500,4290.294788
-22.8,500,4290.420048
-26.4,500,4290.545499
-22.7,500,4290.67083
-22.1,500,4290.797412
-22.0,500,4290.923695
-22.2,500,4291.049631
-23.3,500,4291.174704
-22.1,500,4291.300101
-21.9,500,4291.424685
-23.7,500,4291.55058
-23.6,500,4291.675301
-23.1,500,4291.800692
-24.1,500,4291.926181
-23.0,500,4292.051567
-22.1,500,4292.176073
-23.3,500,4292.301194
-22.9,500,4292.426242
-22.5,500,4292.551938
-21.6,500,4292.715851
-22.7,500,4292.840923
-23.4,500,4292.965789
-23.5,500,4293.090673
-22.6,500,4293.216213
-22.9,500,4293.341266
-22.7,500,4293.466087
-23.5,500,4293.591466
-22.5,500,4293.716727
-23.1,500,4293.841291
-22.7,500,4293.966363
-23.0,500,4294.091904
-22.7,500,4294.216693
-23.7,500,4294.341532
-23.0,500,4294.467017
-21.9,500,4294.591678
-22.8,500,4294.716956
-22.4,500,4294.841608
-22.6,500,4294.966893
-22.8,500,4295.091618
-23.3,500,4295.21661
-23.1,500,4295.341446
-22.9,500,4295.467048
-22.9,500,4295.593985
-25.1,500,4295.719434
-22.2,500,4295.846412
-42.0,500,4295.971908
-23.4,500,4296.096692
-22.9,500,4296.221204
-22.5,500,4296.346048
-21.9,500,4296.471051
-23.1,500,4296.595978
-23.3,500,4296.720721
-23.6,500,4296.845156
-23.2,500,4296.970113
-23.7,500,4297.095183
-23.6,500,4297.219984
-23.1,500,4297.344728
-23.6,500,4297.469406
-22.7,500,4297.594482
-22.7,500,4297.71951
-22.5,500,4297.844136
-22.5,500,4297.969911
-23.9,500,4298.094774
-23.8,500,4298.219796
-24.0,500,4298.344576
-22.6,500,4298.469477
-22.5,500,4298.594147
-23.1,500,4298.719616
-22.8,500,4298.844311
-22.8,500,4298.968809
-24.6,500,4299.094003
-22.5,500,4299.219314
-24.4,500,4299.344963
-22.6,500,4299.470423
-21.7,500,4299.59526
-22.0,500,4299.720484
-21.9,500,4299.845103
-22.2,500,4299.970225
-21.6,500,4300.095078
-22.2,500,4300.220509
-22.5,500,4300.345574
-23.1,500,4300.470068
-22.5,500,4300.595502
-23.4,500,4300.721257
-22.5,500,4300.849216
-22.6,500,4300.974214
-22.7,500,4301.098998
-21.9,500,4301.22382
-22.6,500,4301.348715
-22.0,500,4301.473176
-21.8,500,4301.598193
-62.4,500,4301.726586
-26.8,500,4301.852196
-23.2,500,4301.977799
-22.1,500,4302.103483
-21.9,500,4302.228793
-22.4,500,4302.356352
-21.8,500,4302.48272
-49.1,500,4302.607679
-23.2,500,4302.732623
-22.1,500,4302.85745
-22.2,500,4302.982563
-21.7,500,4303.108321
-21.9,500,4303.233595
-21.8,500,4303.358539
-50.8,500,4303.4842
-48.1,500,4303.609095
-54.9,500,4303.733971
-48.8,500,4303.859856
-48.9,500,4303.986978
-48.9,500,4304.112825
-48.9,500,4304.237723
-48.6,500,4304.363022
-49.6,500,4304.488479
-22.0,500,4304.613461
-22.5,500,4304.739119
-21.8,500,4304.8638
-22.7,500,4304.988687
-26.0,500,4305.113477
-51.3,500,4305.238769
-23.7,500,4305.363674
-23.8,500,4305.488815
-24.3,500,4305.615283
-47.4,500,4305.740704
-22.8,500,4305.868443
-23.8,500,4305.994756
-23.3,500,4306.120197
-22.6,500,4306.247024
-22.8,500,4306.371955
-23.2,500,4306.496843
-23.3,500,4306.621877
-23.5,500,4306.783899
-25.4,500,4306.909372
-22.9,500,4307.035057
-22.8,500,4307.159596
-23.9,500,4307.284683
-24.7,500,4307.408935
-22.6,500,4307.534007
-22.6,500,4307.659658
-22.6,500,4307.785467
-22.6,500,4307.910019
-23.3,500,4308.034884
-23.2,500,4308.159665
-22.7,500,4308.285229
-22.8,500,4308.409964
-23.8,500,4308.535393
-24.4,500,4308.66062
-22.8,500,4308.785637
-23.0,500,4308.910525
-22.8,500,4309.035444
-23.1,500,4309.1612
-23.3,500,4309.285918
-23.2,500,4309.410569
-24.0,500,4309.535914
-22.6,500,4309.661095
-22.9,500,4309.786538
-22.8,500,4309.911392
-22.7,500,4310.036828
-22.5,500,4310.162742
-23.0,500,4310.288158
-22.7,500,4310.413448
-28.2,500,4310.538625
-52.1,500,4310.663337
-50.5,500,4310.790108
-47.6,500,4310.916422
-48.0,500,4311.041824
-47.8,500,4311.166809
-23.4,500,4311.29169
-23.0,500,4311.416927
-23.5,500,4311.54152
-24.1,500,4311.666762
-23.7,500,4311.791484
-23.8,500,4311.916609
-28.5,500,4312.041998
-23.3,500,4312.167057
-23.2,500,4312.292189
-22.7,500,4312.417721
-23.0,500,4312.542692
-23.6,500,4312.667636
-23.2,500,4312.792864
-24.1,500,4312.918341
-22.7,500,4313.043541
-23.7,500,4313.168707
-23.5,500,4313.294191
-25.5,500,4313.419152
-23.3,500,4313.543862
-23.9,500,4313.669396
-22.9,500,4313.794619
-23.1,500,4313.92001
-22.9,500,4314.045666
-22.6,500,4314.170776
-24.2,500,4314.295726
-22.7,500,4314.420179
-28.7,500,4314.545196
-22.6,500,4314.671381
-23.1,500,4314.797057
-23.4,500,4314.922659
-23.5,500,4315.047798
-48.7,500,4315.173165
-22.8,500,4315.298481
-24.4,500,4315.423685
-23.2,500,4315.549135
-22.7,500,4315.675703
-22.8,500,4315.803657
-23.2,500,4315.930185
-22.8,500,4316.05566
-22.8,500,4316.18205
-22.6,500,4316.308501
-22.9,500,4316.434014
-22.5,500,4316.559754
-23.0,500,4316.685147
-22.9,500,4316.810924
-22.7,500,4316.936167
-23.0,500,4317.061469
-22.8,500,4317.18648
-22.6,500,4317.311174
-24.2,500,4317.43668
-22.8,500,4317.561987
-22.8,500,4317.687042
-36.8,500,4317.812914
-22.9,500,4317.939954
-26.4,500,4318.066325
-22.5,500,4318.19179
-23.2,500,4318.317432
-22.9,500,4318.44203
-22.5,500,4318.566947
-37.0,500,4318.692338
-23.0,500,4318.818167
-23.2,500,4318.943227
-22.7,500,4319.06826
-22.7,500,4319.193156
-22.7,500,4319.318298
-23.3,500,4319.443087
-22.5,500,4319.56818
-30.8,500,4319.693081
-25.0,500,4319.818141
-22.9,500,4319.942654
-23.3,500,4320.06738
-22.9,500,4320.192502
-23.0,500,4320.317274
-23.2,500,4320.442883
-23.3,500,4320.567886
-23.3,500,4320.69286
-22.9,500,4320.81966
-22.6,500,4320.944921
-22.7,500,4321.070509
-23.5,500,4321.196642
-22.5,500,4321.321788
-22.7,500,4321.446873
-25.2,500,4321.572355
-22.5,500,4321.743888
-22.7,500,4321.869338
-23.1,500,4321.994432
-22.8,500,4322.119741
-22.7,500,4322.244408
-23.2,500,4322.369207
-22.8,500,4322.494984
-24.8,500,4322.619782
-22.8,500,4322.744174
-24.0,500,4322.86965
-22.6,500,4322.994562
-22.9,500,4323.12005
-22.7,500,4323.245068
-22.5,500,4323.370691
-22.5,500,4323.496147
-23.2,500,4323.621219
-22.9,500,4323.745926
-22.8,500,4323.870966
-22.6,500,4323.995616
-22.6,500,4324.121215
-22.8,500,4324.248092
-22.7,500,4324.373424
-23.7,500,4324.498467
-22.8,500,4324.624013
-22.6,500,4324.749375
-68.8,500,4324.874984
-23.1,500,4325.001906
-22.9,500,4325.127321
-23.1,500,4325.252572
-22.6,500,4325.377796
-23.8,500,4325.502813
-22.8,500,4325.627828
-22.5,500,4325.752941
-23.7,500,4325.880309
-23.6,500,4326.005446
-23.4,500,4326.130431
-23.3,500,4326.255807
-23.0,500,4326.381636
-23.1,500,4326.506238
-25.5,500,4326.631459
-23.0,500,4326.756447
-22.5,500,4326.881348
-22.8,500,4327.006112
-22.6,500,4327.132055
-22.7,500,4327.257814
-142.9,500,4327.383953
-23.3,500,4327.51028
-22.6,500,4327.636227
-22.9,500,4327.76154
-23.1,500,4327.886503
-22.8,500,4328.012426
-22.5,500,4328.139317
-22.6,500,4328.265012
-22.9,500,4328.39043
-23.1,500,4328.516831
-22.6,500,4328.642442
-22.6,500,4328.768303
-22.8,500,4328.893803
-23.0,500,4329.01913
-23.1,500,4329.14409
-23.4,500,4329.269331
-23.1,500,4329.394537
-140.8,500,4329.520656
-51.3,500,4329.647154
-50.6,500,4329.77216
-24.6,500,4329.897226
-23.2,500,4330.022795
-22.7,500,4330.148153
-22.7,500,4330.273704
-22.8,500,4330.399809
-22.6,500,4330.525222
-22.6,500,4330.650528
-22.5,500,4330.776201
-26.1,500,4330.903921
-24.7,500,4331.029441
-22.7,500,4331.15491
-22.7,500,4331.279823
-23.2,500,4331.405105
-23.5,500,4331.530356
-22.5,500,4331.654912
-22.7,500,4331.779612
-22.5,500,4331.904591
-23.7,500,4332.030101
-23.0,500,4332.155647
-22.7,500,4332.280376
-28.1,500,4332.405059
-23.8,500,4332.530312
-22.7,500,4332.655873
-22.5,500,4332.780417
-22.5,500,4332.905781
-22.6,500,4333.030421
-22.5,500,4333.15495
-23.0,500,4333.279795
-23.0,500,4333.404904
-23.1,500,4333.529925
-22.8,500,4333.655053
-22.8,500,4333.779744
-22.8,500,4333.907026
-22.6,500,4334.031994
-23.1,500,4334.157135
-61.0,500,4334.283047
-22.6,500,4334.408901
-22.6,500,4334.534016
-22.6,500,4334.659617
-22.9,500,4334.785574
-22.5,500,4334.911134
-22.5,500,4335.03656
-22.6,500,4335.162057
-23.1,500,4335.287614
-23.1,500,4335.412742
-22.6,500,4335.538252
-22.7,500,4335.663723
-23.3,500,4335.789088
-22.9,500,4335.918178
-22.6,500,4336.043901
-24.7,500,4336.16929
-22.7,500,4336.294277
-22.6,500,4336.418999
-22.5,500,4336.590389
-22.7,500,4336.715579
-23.5,500,4336.840785
-23.2,500,4336.965677
-22.6,500,4337.090704
-23.3,500,4337.216602
-23.0,500,4337.342233
-23.9,500,4337.46742
-22.7,500,4337.592784
-23.1,500,4337.717833
-23.5,500,4337.842514
-23.0,500,4337.968115
-22.7,500,4338.093574
-28.9,500,4338.218955
-22.5,500,4338.344107
-22.7,500,4338.469715
-22.7,500,4338.594753
-23.2,500,4338.720313
-23.2,500,4338.846201
-22.8,500,4338.971364
-44.3,500,4339.096585
-23.2,500,4339.221902
-22.5,500,4339.346604
-22.7,500,4339.471809
-22.9,500,4339.597086
-22.8,500,4339.722671
-22.6,500,4339.848223
-24.7,500,4339.973224
-22.5,500,4340.098559
-22.6,500,4340.223221
-22.5,500,4340.348465
-22.7,500,4340.473361
-22.8,500,4340.598491
-25.9,500,4340.72351
-22.5,500,4340.850639
-23.2,500,4340.976582
-127.1,500,4341.10305
-23.0,500,4341.228359
-22.8,500,4341.353806
-22.5,500,4341.478793
-22.6,500,4341.604044
-23.4,500,4341.729112
-23.5,500,4341.854239
-22.5,500,4341.979259
-22.9,500,4342.104608
-22.5,500,4342.229804
-23.5,500,4342.354731
-22.5,500,4342.480241
-22.9,500,4342.605597
-22.8,500,4342.730436
-22.6,500,4342.856629
-22.8,500,4342.98252
-22.8,500,4343.108965
-23.1,500,4343.234688
-22.8,500,4343.359933
-22.7,500,4343.485784
-24.6,500,4343.62987
-22.5,500,4343.770748
-24.8,500,4343.906901
-23.1,500,4344.04734
-22.6,500,4344.18585
-22.9,500,4344.319294
-22.8,500,4344.445011
-23.1,500,4344.571215
-23.3,500,4344.69675
-22.5,500,4344.822373
-22.5,500,4344.947539
-22.7,500,4345.072658
-22.5,500,4345.197912
-22.6,500,4345.324407
-49.8,500,4345.462257
-22.8,500,4345.593021
-22.6,500,4345.718263
-22.7,500,4345.845575
-23.2,500,4345.971518
-22.6,500,4346.097233
-23.2,500,4346.222281
-23.5,500,4346.347682
-23.0,500,4346.473859
-23.3,500,4346.599005
-22.8,500,4346.724405
-23.0,500,4346.849753
-22.6,500,4346.975119
-22.7,500,4347.100942
-23.7,500,4347.226209
-23.6,500,4347.353861
-23.6,500,4347.479324
-23.6,500,4347.604981
-22.7,500,4347.729797
-22.9,500,4347.8548
-23.1,500,4347.979657
-22.5,500,4348.104959
-23.0,500,4348.230236
-24.8,500,4348.355248
-22.5,500,4348.480345
-23.5,500,4348.60579
-24.0,500,4348.73049
-22.9,500,4348.855765
-22.5,500,4348.981238
-22.5,500,4349.106421
-32.7,500,4349.231796
-22.7,500,4349.3569
-23.1,500,4349.481458
-22.8,500,4349.606536
-22.7,500,4349.732455
-22.9,500,4349.858194
-23.2,500,4349.983264
-22.9,500,4350.10897
-30.5,500,4350.234455
-22.6,500,4350.359506
-22.6,500,4350.485357
-22.8,500,4350.610499
-23.4,500,4350.735898
-22.7,500,4350.904109
-22.5,500,4351.030159
-28.8,500,4351.155666
-25.0,500,4351.280067
-23.2,500,4351.405114
-22.7,500,4351.529985
-22.5,500,4351.654673
-22.7,500,4351.780146
-22.5,500,4351.90531
-22.6,500,4352.030282
-23.6,500,4352.154914
-22.9,500,4352.279544
-22.7,500,4352.405092
-23.3,500,4352.530999
-22.9,500,4352.656549
-23.1,500,4352.781455
-22.7,500,4352.905942
-24.4,500,4353.030917
-22.5,500,4353.15569
-22.5,500,4353.280304
-143.2,500,4353.405914
-23.1,500,4353.531106
-23.8,500,4353.656767
-22.5,500,4353.782253
-22.9,500,4353.907341
-22.9,500,4354.032655
-22.8,500,4354.158968
-22.6,500,4354.28397
-22.9,500,4354.409111
-22.7,500,4354.535181
-22.8,500,4354.661444
-22.5,500,4354.787109
-110.8,500,4354.914305
-49.4,500,4355.040651
-47.6,500,4355.166982
-25.7,500,4355.292758
-23.9,500,4355.418103
-22.5,500,4355.543181
-22.5,500,4355.66917
-22.5,500,4355.793958
-24.3,500,4355.921522
-22.7,500,4356.046753
-23.2,500,4356.172566
-22.8,500,4356.297455
-22.8,500,4356.422187
-23.5,500,4356.547748
-22.6,500,4356.672865
-23.2,500,4356.797693
-23.0,500,4356.922471
-22.5,500,4357.0474
-22.9,500,4357.172014
-22.5,500,4357.2976
-22.7,500,4357.424558
-23.0,500,4357.549896
-23.9,500,4357.674975
-26.1,500,4357.800067
-22.5,500,4357.925225
-23.1,500,4358.051289
-22.9,500,4358.176836
-22.9,500,4358.301976
-23.7,500,4358.427661
-22.8,500,4358.553157
-23.5,500,4358.678222
-22.8,500,4358.803381
-23.5,500,4358.928769
-66.7,500,4359.054086
-22.9,500,4359.178834
-22.5,500,4359.303811
-23.0,500,4359.428973
-22.8,500,4359.553903
-22.9,500,4359.67881
-22.6,500,4359.804158
-22.7,500,4359.929935
-22.9,500,4360.055383
-31.4,500,4360.180846
-22.5,500,4360.306393
-22.7,500,4360.432497
-22.9,500,4360.55723
-22.7,500,4360.682814
-22.9,500,4360.808406
-22.7,500,4360.935972
-22.6,500,4361.060819
-22.9,500,4361.185693
-23.0,500,4361.310967
-22.6,500,4361.4371
-24.0,500,4361.562457
-23.1,500,4361.687064
-23.2,500,4361.811828
-39.1,500,4361.936554
-39.6,500,4362.061269
-47.9,500,4362.186783
-22.9,500,4362.312368
-24.9,500,4362.43836
-23.3,500,4362.563535
-22.6,500,4362.688735
-22.6,500,4362.813319
-22.6,500,4362.939084
-22.7,500,4363.064337
-95.5,500,4363.19026
-25.3,500,4363.31551
-23.4,500,4363.440839
-22.9,500,4363.566105
-23.1,500,4363.691614
-22.9,500,4363.817281
-23.4,500,4363.942846
-22.8,500,4364.068292
-22.7,500,4364.19349
-22.6,500,4364.318474
-22.7,500,4364.443615
-22.6,500,4364.569495
-23.0,500,4364.694456
-22.6,500,4364.819392
-25.0,500,4364.945294
-23.2,500,4365.070664
-22.7,500,4365.19578
-22.5,500,4365.321279
-22.8,500,4365.446073
-23.9,500,4365.608698
-23.2,500,4365.734161
-22.6,500,4365.86166
-25.6,500,4365.987558
-22.5,500,4366.112125
-23.1,500,4366.237856
-23.2,500,4366.362784
-22.9,500,4366.488401
-23.5,500,4366.614736
-22.8,500,4366.739989
-22.7,500,4366.86475
-22.5,500,4366.990179
-22.5,500,4367.116126
-23.7,500,4367.240752
-55.0,500,4367.366721
-80.9,500,4367.492809
-51.5,500,4367.619122
-24.5,500,4367.744391
-23.7,500,4367.870729
-48.4,500,4367.996426
-23.8,500,4368.122893
-23.9,500,4368.24863
-24.5,500,4368.37376
-24.0,500,4368.499048
-23.6,500,4368.624176
-23.5,500,4368.749492
-24.0,500,4368.875933
-23.5,500,4369.001006
-23.8,500,4369.126157
-24.0,500,4369.251297
-22.9,500,4369.376556
-23.6,500,4369.501943
-23.8,500,4369.626508
-23.7,500,4369.752526
-22.7,500,4369.877857
-22.7,500,4370.003826
-22.5,500,4370.128913
-22.8,500,4370.254316
-22.7,500,4370.379779
-22.7,500,4370.50524
-23.0,500,4370.630881
-22.5,500,4370.756164
-24.3,500,4370.883278
-22.5,500,4371.008433
-22.8,500,4371.133294
-22.9,500,4371.258048
-23.3,500,4371.383654
-22.7,500,4371.508397
-27.6,500,4371.633058
-22.8,500,4371.758455
-23.1,500,4371.883244
-45.4,500,4372.007956
-23.2,500,4372.133917
-22.5,500,4372.258411
-23.5,500,4372.383289
-23.2,500,4372.509317
-23.2,500,4372.634148
-22.9,500,4372.758733
-23.3,500,4372.88461
-53.7,500,4373.01001
-22.8,500,4373.134816
-22.5,500,4373.259942
-23.3,500,4373.385218
-27.8,500,4373.509944
-22.7,500,4373.635641
-23.3,500,4373.764579
-23.4,500,4373.88977
-23.0,500,4374.015434
-22.6,500,4374.140724
-31.8,500,4374.265366
-22.9,500,4374.393465
-22.5,500,4374.517928
-22.9,500,4374.642603
-22.9,500,4374.767602
-22.9,500,4374.892486
-23.1,500,4375.01765
-22.8,500,4375.14311
-22.8,500,4375.269141
-22.6,500,4375.395192
-22.6,500,4375.52045
-34.7,500,4375.645591
-23.0,500,4375.77065
-23.5,500,4375.897392
-23.3,500,4376.023659
-23.2,500,4376.148943
-22.5,500,4376.274307
-22.7,500,4376.399188
-22.8,500,4376.52401
-22.9,500,4376.648668
-23.3,500,4376.774279
-22.5,500,4376.899642
-22.5,500,4377.024124
-23.9,500,4377.149057
-23.2,500,4377.273683
-24.0,500,4377.3988
-22.5,500,4377.524619
-22.9,500,4377.649685
-23.1,500,4377.774652
-23.0,500,4377.899929
-23.0,500,4378.025169
-23.4,500,4378.149899
-22.9,500,4378.275509
-24.3,500,4378.402314
-23.0,500,4378.527015
-22.5,500,4378.652691
-23.4,500,4378.778008
-22.6,500,4378.903309
-22.6,500,4379.028479
-23.1,500,4379.153813
-22.9,500,4379.279052
-23.8,500,4379.403954
-22.9,500,4379.528854
-23.1,500,4379.654149
-23.8,500,4379.825197
-22.7,500,4379.9503
-22.7,500,4380.076011
-23.1,500,4380.200866
-22.8,500,4380.326798
-23.1,500,4380.452195
-22.7,500,4380.577291
-22.6,500,4380.702552
-22.5,500,4380.827155
-22.7,500,4380.954557
-22.5,500,4381.07992
-22.9,500,4381.204915
-22.7,500,4381.330118
-22.6,500,4381.455428
-53.3,500,4381.580796
-24.3,500,4381.70593
-24.0,500,4381.831195
-51.4,500,4381.95763
-23.8,500,4382.082609
-23.2,500,4382.207653
-21.8,500,4382.332627
-46.4,500,4382.457736
-46.4,500,4382.583524
-22.4,500,4382.709179
-23.1,500,4382.834242
-24.6,500,4382.959527
-25.7,500,4383.085405
-26.5,500,4383.211158
-142.4,500,4383.33651
-52.5,500,4383.462855
-23.0,500,4383.589664
-28.5,500,4383.71489
-22.8,500,4383.839919
-47.2,500,4383.964705
-22.6,500,4384.089431
-23.5,500,4384.213634
-23.2,500,4384.339884
-23.7,500,4384.465371
-23.0,500,4384.590478
-22.6,500,4384.715525
-22.9,500,4384.840705
-22.5,500,4384.965609
-22.8,500,4385.091574
-22.9,500,4385.216607
-22.9,500,4385.341877
-22.7,500,4385.46717
-22.7,500,4385.592731
-23.2,500,4385.717733
-23.1,500,4385.843439
-23.0,500,4385.970198
-23.1,500,4386.095646
-22.0,500,4386.220448
-32.6,500,4386.346303
-22.5,500,4386.471371
-22.8,500,4386.596289
-22.7,500,4386.72138
-22.6,500,4386.847539
-22.6,500,4386.972615
-22.7,500,4387.097702
-22.5,500,4387.222459
-22.6,500,4387.347193
-22.9,500,4387.471656
-25.6,500,4387.596303
-83.0,500,4387.721799
-22.9,500,4387.846377
-23.3,500,4387.971447
-22.7,500,4388.096626
-23.3,500,4388.221634
-22.9,500,4388.346631
-22.7,500,4388.472066
-22.9,500,4388.598153
-22.5,500,4388.723603
-23.6,500,4388.848476
-21.8,500,4388.973466
-22.7,500,4389.098138
-22.6,500,4389.223171
-31.4,500,4389.348852
-22.6,500,4389.473641
-22.7,500,4389.59932
-22.5,500,4389.724737
-22.5,500,4389.850058
-22.9,500,4389.975473
-22.6,500,4390.101754
-22.7,500,4390.226794
-23.1,500,4390.352016
-22.9,500,4390.476862
-23.5,500,4390.601785
-23.6,500,4390.727149
-22.6,500,4390.85291
-23.0,500,4390.979286
-22.7,500,4391.104297
-23.0,500,4391.22903
-22.6,500,4391.354125
-23.1,500,4391.478777
-6.6,500,4391.604111
-145.0,500,4391.729681
-145.0,500,4391.854522
-144.2,500,4391.979467
-145.0,500,4392.104366
-117.8,500,4392.229305
-51.0,500,4392.354156
-48.7,500,4392.479917
-47.0,500,4392.621596
-48.9,500,4392.762575
-47.8,500,4392.89956
-48.4,500,4393.039734
-47.0,500,4393.178777
-47.1,500,4393.313725
-23.5,500,4393.44056
-48.5,500,4393.566844
-50.3,500,4393.691879
-23.7,500,4393.817047
-47.8,500,4393.942904
-23.3,500,4394.067459
-23.6,500,4394.192771
-22.8,500,4394.384263
-52.1,500,4394.537153
-23.3,500,4394.690443
-24.1,500,4394.816208
-25.4,500,4394.941599
-25.2,500,4395.06683
-23.5,500,4395.192059
-27.4,500,4395.317437
-23.1,500,4395.442637
-23.0,500,4395.567969
-22.6,500,4395.692661
-22.8,500,4395.818306
-23.1,500,4395.94632
-23.4,500,4396.071701
-6.4,500,4396.197372
-22.7,500,4396.322449
-23.4,500,4396.447539
-23.0,500,4396.573159
-22.5,500,4396.698767
-23.0,500,4396.82377
-23.2,500,4396.949165
-23.8,500,4397.074343
-22.9,500,4397.199312
-23.0,500,4397.324153
-22.5,500,4397.449977
-22.9,500,4397.574919
-22.9,500,4397.700521
-82.3,500,4397.825817
-22.9,500,4397.950749
-22.6,500,4398.076008
-23.0,500,4398.200993
-22.8,500,4398.327078
-22.7,500,4398.452401
-24.6,500,4398.578039
-22.8,500,4398.703485
-22.6,500,4398.828575
-23.5,500,4398.953803
-23.0,500,4399.079458
-23.5,500,4399.204753
-22.9,500,4399.330124
-4.5,500,4399.455561
-76.3,500,4399.581026
-49.0,500,4399.706229
-46.0,500,4399.830918
-23.9,500,4399.955976
-23.7,500,4400.082251
-22.0,500,4400.207537
-21.2,500,4400.333406
-21.7,500,4400.459229
-23.9,500,4400.584568
-22.2,500,4400.709576
-22.7,500,4400.835437
-97.6,500,4400.965079
-25.6,500,4401.091127
-22.2,500,4401.216281
-4.4,500,4401.341998
-22.5,500,4401.467216
-22.4,500,4401.592989
-22.3,500,4401.718232
-22.5,500,4401.84301
-23.1,500,4401.967728
-22.2,500,4402.092622
-22.0,500,4402.217512
-21.7,500,4402.343516
-21.6,500,4402.468327
-23.1,500,4402.593156
-21.6,500,4402.790792
-23.1,500,4402.916528
-22.0,500,4403.041526
-21.7,500,4403.166328
-23.1,500,4403.291008
-22.8,500,4403.416242
-24.1,500,4403.541511
-23.0,500,4403.666438
-23.0,500,4403.791637
-23.0,500,4403.916704
-23.3,500,4404.041893
-22.9,500,4404.167046
-21.9,500,4404.293153
-22.3,500,4404.418209
-44.7,500,4404.543253
-22.5,500,4404.669053
-22.9,500,4404.794112
-22.9,500,4404.918955
-22.6,500,4405.064456
-22.8,500,4405.189929
-22.8,500,4405.315046
-23.6,500,4405.44026
-22.9,500,4405.565017
-22.7,500,4405.690295
-22.9,500,4405.815721
-27.7,500,4405.942753
-47.7,500,4406.067993
-22.6,500,4406.192994
-24.0,500,4406.317773
-22.9,500,4406.442528
-25.6,500,4406.567554
-22.5,500,4406.692796
-23.1,500,4406.817633
-22.5,500,4406.942757
-23.5,500,4407.068221
-25.2,500,4407.193899
-22.9,500,4407.31881
-22.6,500,4407.443887
-24.8,500,4407.5698
-22.9,500,4407.695078
-22.8,500,4407.820239
-22.9,500,4407.945431
-23.3,500,4408.07067
-24.1,500,4408.195951
-22.5,500,4408.320738
-22.6,500,4408.445807
-22.8,500,4408.609617
-23.7,500,4408.734774
-22.5,500,4408.859514
-22.2,500,4408.984349
-22.3,500,4409.109384
-22.3,500,4409.234375
-22.1,500,4409.359646
-21.9,500,4409.484708
-22.1,500,4409.609617
-22.1,500,4409.734891
-22.5,500,4409.859753
-22.1,500,4409.984414
-23.1,500,4410.11019
-22.3,500,4410.236893
-22.6,500,4410.362019
-6.5,500,4410.487338
-80.9,500,4410.612048
-22.4,500,4410.737514
-22.1,500,4410.862448
-21.7,500,4410.98889
-21.8,500,4411.113847
-23.9,500,4411.238714
-31.5,500,4411.364196
-22.0,500,4411.489374
-21.9,500,4411.614263
-22.2,500,4411.740079
-21.9,500,4411.865661
-48.3,500,4411.991003
-28.6,500,4412.116169
-21.7,500,4412.24147
-21.6,500,4412.366322
-22.0,500,4412.492284
-22.0,500,4412.617403
-22.0,500,4412.742357
-22.6,500,4412.867734
-21.8,500,4412.993746
-21.6,500,4413.118565
-21.6,500,4413.244098
-21.8,500,4413.370272
-22.2,500,4413.495197
-21.7,500,4413.620534
-21.7,500,4413.745145
-21.7,500,4413.870449
-22.7,500,4413.995278
-21.9,500,4414.120765
-23.4,500,4414.245972
-29.6,500,4414.370963
-22.6,500,4414.495713
-21.7,500,4414.620467
-22.1,500,4414.745134
-22.1,500,4414.871352
-29.0,500,4414.996147
-22.3,500,4415.121116
-22.4,500,4415.246361
-22.8,500,4415.371415
-21.9,500,4415.497241
-22.3,500,4415.622571
-22.1,500,4415.747521
-22.2,500,4415.873295
-22.4,500,4416.000399
-79.9,500,4416.125659
-27.2,500,4416.250753
-48.2,500,4416.376411
-22.5,500,4416.502845
-23.0,500,4416.627817
-22.3,500,4416.753106
-22.2,500,4416.878035
-23.5,500,4417.002907
-25.7,500,4417.128416
-21.8,500,4417.253479
-25.2,500,4417.378789
-25.0,500,4417.504303
-22.1,500,4417.629838
-24.4,500,4417.754591
-24.2,500,4417.879906
-21.6,500,4418.005928
-21.7,500,4418.131613
-23.3,500,4418.256895
-22.3,500,4418.382025
-22.0,500,4418.50701
-22.9,500,4418.631454
-23.6,500,4418.757366
-48.2,500,4418.882995
-23.7,500,4419.008019
-22.5,500,4419.133013
-21.6,500,4419.258437
-21.8,500,4419.383089
-22.1,500,4419.509046
-22.2,500,4419.633855
-21.7,500,4419.759507
-25.6,500,4419.884499
-21.6,500,4420.009491
-21.7,500,4420.134502
-21.4,500,4420.259671
-25.2,500,4420.385227
-21.6,500,4420.511721
-22.5,500,4420.636729
-23.1,500,4420.76172
-22.1,500,4420.888402
-48.5,500,4421.01407
-22.2,500,4421.13942
-22.6,500,4421.265953
-22.7,500,4421.3913
-23.1,500,4421.516408
-22.5,500,4421.641944
-22.2,500,4421.767046
-22.4,500,4421.891698
-22.7,500,4422.017238
-23.3,500,4422.142452
-22.5,500,4422.267884
-22.7,500,4422.393385
-22.7,500,4422.518364
-22.1,500,4422.643295
-21.7,500,4422.772844
-22.9,500,4422.937471
-22.9,500,4423.06345
-22.3,500,4423.188771
-22.3,500,4423.314947
-23.0,500,4423.443284
-24.7,500,4423.568761
-32.2,500,4423.693742
-22.9,500,4423.818749
-21.6,500,4423.944586
-21.8,500,4424.069544
-22.1,500,4424.195221
-21.7,500,4424.320389
-21.8,500,4424.445431
-49.5,500,4424.570433
-21.8,500,4424.696088
-21.9,500,4424.820871
-23.0,500,4424.946121
-22.6,500,4425.071326
-23.3,500,4425.196489
-22.5,500,4425.321968
-22.9,500,4425.446959
-21.8,500,4425.572723
-23.1,500,4425.69822
-22.9,500,4425.823665
-23.1,500,4425.950932
-21.9,500,4426.076418
-22.1,500,4426.201749
-22.8,500,4426.326303
-22.0,500,4426.4525
-21.8,500,4426.577828
-22.9,500,4426.702917
-22.7,500,4426.828276
-21.8,500,4426.953549
-23.5,500,4427.078823
-22.0,500,4427.204643
-22.0,500,4427.329427
-22.2,500,4427.454288
-22.2,500,4427.579538
-22.6,500,4427.704924
-22.0,500,4427.830662
-23.5,500,4427.956903
-22.5,500,4428.082022
-23.1,500,4428.207045
-21.8,500,4428.332388
-25.7,500,4428.457675
-22.0,500,4428.582798
-21.6,500,4428.708373
-58.4,500,4428.833568
-25.6,500,4428.958896
-27.8,500,4429.084478
-22.3,500,4429.20943
-22.2,500,4429.334813
-21.6,500,4429.460726
-22.1,500,4429.58596
-22.2,500,4429.710958
-21.9,500,4429.836532
-22.7,500,4429.961271
-23.1,500,4430.086314
-23.5,500,4430.211336
-22.3,500,4430.336517
-22.0,500,4430.462404
-21.6,500,4430.588171
-21.6,500,4430.713616
-22.1,500,4430.839247
-21.6,500,4430.967248
-23.4,500,4431.092593
-22.5,500,4431.218792
-21.6,500,4431.344296
-21.6,500,4431.46927
-21.6,500,4431.594569
-22.0,500,4431.719953
-24.1,500,4431.845168
-21.7,500,4431.970481
-22.1,500,4432.095053
-52.8,500,4432.219602
-23.3,500,4432.344748
-21.7,500,4432.469403
-22.4,500,4432.594583
-22.0,500,4432.720322
-46.7,500,4432.845994
-22.8,500,4432.97118
-22.9,500,4433.096515
-21.6,500,4433.22178
-21.6,500,4433.346942
-21.7,500,4433.471797
-22.2,500,4433.597059
-21.6,500,4433.722113
-22.7,500,4433.847247
-21.7,500,4433.97223
-22.8,500,4434.097035
-30.9,500,4434.221356
-22.6,500,4434.346868
-23.0,500,4434.472191
-22.4,500,4434.597371
-22.5,500,4434.722328
-21.6,500,4434.847501
-22.4,500,4434.972392
-22.1,500,4435.097886
-22.0,500,4435.223083
-21.6,500,4435.348111
-22.2,500,4435.47363
-21.8,500,4435.599281
-21.6,500,4435.724093
-22.4,500,4435.849282
-22.4,500,4435.978221
-22.6,500,4436.10402
-21.9,500,4436.228648
-22.2,500,4436.354034
-22.7,500,4436.47908
-21.6,500,4436.6041
-21.8,500,4436.729316
-22.5,500,4436.854476
-21.6,500,4436.979447
-22.0,500,4437.10438
-71.0,500,4437.229325
-22.9,500,4437.354506
-24.3,500,4437.479684
-23.0,500,4437.605381
-24.7,500,4437.730325
-21.6,500,4437.855616
-22.3,500,4437.980947
-22.9,500,4438.10631
-23.1,500,4438.231141
-22.5,500,4438.356384
-22.7,500,4438.519833
-22.5,500,4438.645013
-24.5,500,4438.769786
-46.4,500,4438.896027
-27.0,500,4439.021521
-23.4,500,4439.146572
-23.1,500,4439.271179
-24.0,500,4439.396492
-23.0,500,4439.521393
-22.7,500,4439.645832
-22.8,500,4439.770927
-33.6,500,4439.896214
-23.1,500,4440.020952
-22.9,500,4440.14568
-26.9,500,4440.270622
-23.2,500,4440.394893
-22.6,500,4440.52061
-22.7,500,4440.647323
-23.7,500,4440.772702
-22.5,500,4440.899692
-23.3,500,4441.025204
-22.9,500,4441.150602
-22.4,500,4441.276254
-21.8,500,4441.40138
-22.9,500,4441.526617
-24.1,500,4441.651466
-21.6,500,4441.776587
-21.6,500,4441.901925
-22.6,500,4442.027431
-22.0,500,4442.152483
-22.2,500,4442.27732
-21.8,500,4442.402106
-21.6,500,4442.527118
-21.6,500,4442.651878
-21.6,500,4442.776476
-23.2,500,4442.901999
-21.7,500,4443.027321
-23.2,500,4443.15244
-22.1,500,4443.277158
-21.6,500,4443.402467
-21.6,500,4443.527511
-22.7,500,4443.653119
-22.6,500,4443.778012
-22.8,500,4443.903336
-22.2,500,4444.028322
-22.8,500,4444.153226
-23.2,500,4444.288322
-21.7,500,4444.413968
-22.1,500,4444.539314
-23.2,500,4444.664246
-21.9,500,4444.789289
-22.6,500,4444.913869
-22.3,500,4445.039453
-46.1,500,4445.165458
-51.4,500,4445.292032
-22.9,500,4445.417123
-44.9,500,4445.542559
-22.6,500,4445.668142
-23.1,500,4445.793276
-22.7,500,4445.920631
-26.6,500,4446.045725
-22.1,500,4446.1711
-22.2,500,4446.296017
-22.7,500,4446.421208
-21.9,500,4446.546378
-22.3,500,4446.671663
-22.7,500,4446.79642
-23.1,500,4446.922389
-21.6,500,4447.047466
-24.6,500,4447.173025
-21.8,500,4447.298185
-21.7,500,4447.423985
-22.6,500,4447.549512
-21.6,500,4447.674807
-22.9,500,4447.799832
-23.4,500,4447.924366
-21.8,500,4448.049045
-22.5,500,4448.17415
-22.2,500,4448.299508
-22.8,500,4448.425187
-23.2,500,4448.550485
-22.0,500,4448.675475
-22.7,500,4448.800454
-22.6,500,4448.92531
-22.4,500,4449.050585
-72.6,500,4449.175595
-48.8,500,4449.300851
-23.4,500,4449.426503
-26.4,500,4449.552001
-22.5,500,4449.677131
-22.6,500,4449.802924
-22.8,500,4449.929016
-22.9,500,4450.054747
-22.5,500,4450.180325
-22.7,500,4450.305737
-23.1,500,4450.430742
-22.7,500,4450.556787
-22.9,500,4450.682726
-22.9,500,4450.808004
-23.9,500,4450.935719
-26.9,500,4451.061459
-27.2,500,4451.186837
-22.9,500,4451.313134
-22.9,500,4451.438166
-22.8,500,4451.563495
-23.1,500,4451.688439
-23.4,500,4451.814011
-22.9,500,4451.93874
-23.3,500,4452.063621
-22.5,500,4452.188826
-23.2,500,4452.313434
-22.7,500,4452.438096
-22.7,500,4452.563088
-22.7,500,4452.687781
-23.4,500,4452.813056
-22.8,500,4452.939575
-23.3,500,4453.065281
-23.5,500,4453.190744
-52.8,500,4453.354183
-25.2,500,4453.478842
-22.9,500,4453.604467
-22.6,500,4453.729087
-23.5,500,4453.85428
-22.9,500,4453.979393
-22.8,500,4454.104433
-23.5,500,4454.229596
-23.6,500,4454.35558
-26.1,500,4454.48231
-23.3,500,4454.607141
-24.7,500,4454.732536
-23.0,500,4454.857555
-22.9,500,4454.982519
-22.7,500,4455.107725
-22.5,500,4455.232942
-22.5,500,4455.358515
-22.7,500,4455.483401
-22.9,500,4455.608053
-22.6,500,4455.733404
-22.5,500,4455.858507
-22.8,500,4455.986696
-84.0,500,4456.112061
-24.8,500,4456.237653
-23.2,500,4456.36258
-23.9,500,4456.487207
-22.5,500,4456.611746
-22.7,500,4456.737078
-23.0,500,4456.862291
-23.8,500,4456.987574
-22.5,500,4457.112549
-23.1,500,4457.23764
-22.5,500,4457.36285
-22.8,500,4457.487711
-23.5,500,4457.612888
-27.9,500,4457.738065
-28.3,500,4457.863253
-22.7,500,4457.988067
-22.5,500,4458.11321
-23.5,500,4458.238326
-22.9,500,4458.3625
-22.7,500,4458.488103
-23.6,500,4458.613205
-22.7,500,4458.738339
-22.6,500,4458.86297
-23.2,500,4458.988029
-22.8,500,4459.11292
-22.8,500,4459.238103
-23.4,500,4459.364257
-25.4,500,4459.490116
-22.9,500,4459.615273
-23.6,500,4459.740024
-22.8,500,4459.865221
-23.2,500,4459.991286
-22.6,500,4460.116758
-22.8,500,4460.241724
-22.5,500,4460.366722
-22.7,500,4460.4921
-23.0,500,4460.616701
-22.6,500,4460.743013
-23.0,500,4460.869226
-22.6,500,4460.996922
-23.1,500,4461.122317
-22.9,500,4461.247149
-36.8,500,4461.371867
-22.7,500,4461.496533
-22.6,500,4461.623064
-23.2,500,4461.748566
-22.6,500,4461.873481
-22.8,500,4461.998732
-22.7,500,4462.123526
-22.7,500,4462.248808
-23.2,500,4462.374854
-22.8,500,4462.500104
-22.7,500,4462.62553
-38.3,500,4462.751169
-23.0,500,4462.876298
-22.5,500,4463.002034
-22.8,500,4463.127483
-24.4,500,4463.253272
-22.9,500,4463.378419
-22.7,500,4463.503491
-22.8,500,4463.628625
-23.7,500,4463.753629
-22.9,500,4463.878727
-23.8,500,4464.004178
-22.9,500,4464.128644
-24.1,500,4464.253548
-22.7,500,4464.378747
-23.5,500,4464.504398
-22.9,500,4464.647113
-57.3,500,4464.786767
-22.8,500,4464.925361
-22.5,500,4465.06068
-22.6,500,4465.205883
-22.7,500,4465.333981
-22.8,500,4465.459707
-23.2,500,4465.584734
-23.0,500,4465.709971
-26.6,500,4465.836021
-22.9,500,4465.963912
-22.5,500,4466.088938
-22.5,500,4466.21398
-22.6,500,4466.339905
-22.7,500,4466.478906
-23.5,500,4466.607691
-23.1,500,4466.732474
-23.6,500,4466.857091
-22.7,500,4466.981759
-23.0,500,4467.107204
-22.5,500,4467.231547
-22.5,500,4467.35639
-22.7,500,4467.481598
-22.7,500,4467.606635
-22.6,500,4467.73132
-22.7,500,4467.856293
-22.9,500,4467.980855
-22.7,500,4468.105716
-23.1,500,4468.270224
-46.9,500,4468.395776
-22.8,500,4468.520826
-22.9,500,4468.646186
-23.3,500,4468.771533
-22.8,500,4468.897044
-23.0,500,4469.022416
-22.9,500,4469.147231
-23.2,500,4469.272073
-23.1,500,4469.396905
-22.6,500,4469.522292
-22.6,500,4469.647648
-47.7,500,4469.772234
-55.7,500,4469.896843
-47.1,500,4470.021904
-23.2,500,4470.147074
-23.1,500,4470.271922
-23.0,500,4470.397388
-22.7,500,4470.522412
-22.5,500,4470.647441
-22.9,500,4470.77259
-22.9,500,4470.8981
-22.5,500,4471.02502
-23.1,500,4471.150725
-23.3,500,4471.275624
-23.7,500,4471.400228
-22.5,500,4471.525074
-23.1,500,4471.649507
-23.6,500,4471.774434
-23.0,500,4471.898783
-22.7,500,4472.024027
-22.8,500,4472.149025
-25.2,500,4472.274111
-22.6,500,4472.399292
-23.0,500,4472.524223
-23.2,500,4472.648631
-22.5,500,4472.77419
-22.9,500,4472.900165
-22.5,500,4473.025535
-23.2,500,4473.150473
-22.6,500,4473.27557
-23.3,500,4473.400737
-22.5,500,4473.526071
-22.9,500,4473.651745
-23.3,500,4473.778247
-22.8,500,4473.9038
-22.7,500,4474.029263
-23.1,500,4474.154329
-23.1,500,4474.279725
-22.9,500,4474.405482
-24.4,500,4474.530435
-22.6,500,4474.6556
-23.1,500,4474.78042
-23.3,500,4474.905413
-23.1,500,4475.031162
-23.0,500,4475.156027
-22.7,500,4475.281348
-22.6,500,4475.406086
-23.1,500,4475.531117
-22.8,500,4475.656455
-22.6,500,4475.781492
-22.6,500,4475.907473
-22.8,500,4476.034431
-22.7,500,4476.159703
-22.5,500,4476.284661
-23.3,500,4476.410096
-23.2,500,4476.535361
-22.8,500,4476.660033
-22.6,500,4476.785209
-23.8,500,4476.910071
-54.9,500,4477.034887
-23.5,500,4477.160102
-22.8,500,4477.284989
-22.7,500,4477.409664
-23.6,500,4477.535817
-22.9,500,4477.662914
-22.7,500,4477.788084
-23.3,500,4477.913174
-22.7,500,4478.038572
-22.8,500,4478.163321
-23.6,500,4478.288087
-23.5,500,4478.413814
-23.2,500,4478.538944
-23.5,500,4478.663973
-23.4,500,4478.789397
-24.0,500,4478.914281
-23.8,500,4479.039265
-23.0,500,4479.165178
-22.8,500,4479.29158
-22.5,500,4479.416838
-22.8,500,4479.542098
-23.0,500,4479.667059
-22.5,500,4479.792162
-23.1,500,4479.917347
-22.8,500,4480.042813
-23.6,500,4480.167861
-22.7,500,4480.292383
-22.5,500,4480.417227
-22.9,500,4480.542314
-23.8,500,4480.667798
-22.7,500,4480.792691
-22.8,500,4480.918631
-22.7,500,4481.045161
-22.6,500,4481.170476
-22.7,500,4481.295429
-22.6,500,4481.42061
-22.7,500,4481.546608
-23.3,500,4481.672003
-22.9,500,4481.796872
-95.7,500,4481.922057
-51.9,500,4482.047203
-47.9,500,4482.172746
-48.1,500,4482.298142
-48.4,500,4482.422629
-23.9,500,4482.547447
-28.0,500,4482.672565
-23.9,500,4482.797667
-22.5,500,4482.922894
-24.3,500,4483.048144
-22.9,500,4483.173238
-23.9,500,4483.298215
-22.8,500,4483.460315
-40.5,500,4483.585536
-22.9,500,4483.710995
-23.3,500,4483.835749
-22.7,500,4483.960268
-22.7,500,4484.084816
-47.0,500,4484.210079
-45.6,500,4484.335176
-26.8,500,4484.460489
-22.5,500,4484.588284
-23.0,500,4484.715604
-4.9,500,4484.84064
-45.3,500,4484.965435
-22.9,500,4485.090287
-22.6,500,4485.21546
-22.7,500,4485.340837
-23.1,500,4485.465959
-22.7,500,4485.591076
-22.7,500,4485.716436
-23.1,500,4485.841432
-74.7,500,4485.969223
-23.4,500,4486.0947
-22.9,500,4486.219925
-23.0,500,4486.344958
-23.1,500,4486.469964
-23.9,500,4486.595359
-23.9,500,4486.721121
-27.2,500,4486.847187
-23.3,500,4486.972067
-22.9,500,4487.096799
-22.6,500,4487.222108
-22.9,500,4487.347043
-22.7,500,4487.471816
-22.7,500,4487.597136
-23.1,500,4487.721694
-23.7,500,4487.846174
-23.2,500,4487.971518
-23.1,500,4488.096726
-23.8,500,4488.221575
-22.6,500,4488.347437
-23.4,500,4488.473545
-22.8,500,4488.598915
-23.3,500,4488.724207
-22.7,500,4488.849629
-22.5,500,4488.974574
-22.5,500,4489.099941
-22.8,500,4489.22481
-23.8,500,4489.350031
-38.9,500,4489.475312
-47.4,500,4489.600488
-23.4,500,4489.725659
-22.8,500,4489.850428
-43.7,500,4489.976822
-47.2,500,4490.101873
-23.1,500,4490.227128
-23.0,500,4490.352578
-23.0,500,4490.477944
-22.5,500,4490.602935
-22.9,500,4490.728392
-23.7,500,4490.853531
-23.1,500,4490.981414
-23.0,500,4491.106834
-23.3,500,4491.231845
-22.7,500,4491.3571
-22.9,500,4491.482616
-22.9,500,4491.60724
-22.7,500,4491.732555
-22.9,500,4491.857347
-22.6,500,4491.982719
-22.6,500,4492.107809
-22.6,500,4492.234093
-88.9,500,4492.359491
-22.9,500,4492.484573
-23.5,500,4492.609769
-23.0,500,4492.734909
-22.9,500,4492.859949
-22.7,500,4492.985844
-22.7,500,4493.112375
-22.8,500,4493.238229
-24.2,500,4493.363576
-22.7,500,4493.489331
-25.0,500,4493.614395
-22.8,500,4493.740492
-23.0,500,4493.86697
-23.4,500,4493.992351
-22.6,500,4494.117573
-23.6,500,4494.242823
-22.5,500,4494.367445
-22.9,500,4494.492512
-22.8,500,4494.618724
-23.4,500,4494.747044
-22.9,500,4494.872481
-22.7,500,4494.997299
-22.9,500,4495.121582
-22.7,500,4495.246243
-22.8,500,4495.374286
-66.0,500,4495.500221
-22.7,500,4495.624765
-22.9,500,4495.75015
-22.7,500,4495.875519
-22.5,500,4496.002901
-22.9,500,4496.128137
-23.1,500,4496.253726
-22.7,500,4496.378121
-23.1,500,4496.503161
-22.7,500,4496.628268
-22.7,500,4496.752965
-22.9,500,4496.877957
-22.8,500,4497.00345
-22.8,500,4497.128206
-22.6,500,4497.253384
-24.0,500,4497.378329
-26.8,500,4497.503193
-22.8,500,4497.628597
-22.7,500,4497.753551
-22.7,500,4497.878567
-22.6,500,4498.003749
-22.5,500,4498.128804
-22.8,500,4498.254255
-23.1,500,4498.418592
-22.5,500,4498.544082
-22.6,500,4498.668828
-22.2,500,4498.794676
-22.8,500,4498.919373
-22.8,500,4499.044443
-22.9,500,4499.169561
-21.2,500,4499.295103
-22.7,500,4499.420332
-23.3,500,4499.545816
-24.0,500,4499.671222
-143.9,500,4499.7972
-69.2,500,4499.922548
-47.0,500,4500.047589
-24.1,500,4500.172703
-23.2,500,4500.297558
-23.2,500,4500.422486
-23.0,500,4500.548357
-23.2,500,4500.673999
-22.8,500,4500.799172
-23.4,500,4500.923977
-22.9,500,4501.051991
-22.6,500,4501.177358
-23.1,500,4501.302648
-22.7,500,4501.427644
-22.9,500,4501.552738
-23.1,500,4501.677766
-23.1,500,4501.802468
-23.0,500,4501.927742
-21.8,500,4502.052924
-23.3,500,4502.178298
-23.3,500,4502.303607
-24.3,500,4502.428557
-51.1,500,4502.553698
-22.6,500,4502.67886
-23.5,500,4502.803904
-23.5,500,4502.928808
-23.3,500,4503.054307
-23.1,500,4503.17942
-22.9,500,4503.304137
-21.9,500,4503.429272
-22.8,500,4503.554472
-22.9,500,4503.679109
-23.5,500,4503.804356
-23.1,500,4503.92885
-22.5,500,4504.053642
-22.9,500,4504.178983
-23.3,500,4504.303875
-22.5,500,4504.430534
-22.8,500,4504.556832
-22.6,500,4504.681867
-22.6,500,4504.807632
-22.6,500,4504.933312
-23.2,500,4505.058482
-22.8,500,4505.183303
-23.0,500,4505.308074
-22.9,500,4505.432942
-22.9,500,4505.557865
-22.7,500,4505.682576
-21.6,500,4505.807834
-23.3,500,4505.932611
-23.7,500,4506.061255
-47.3,500,4506.186427
-54.5,500,4506.311919
-48.3,500,4506.437066
-23.0,500,4506.562482
-22.7,500,4506.687681
-23.1,500,4506.8124
-22.9,500,4506.937463
-22.9,500,4507.062792
-22.1,500,4507.187847
-22.9,500,4507.313414
-22.8,500,4507.438356
-23.2,500,4507.563229
-22.6,500,4507.688801
-22.6,500,4507.814729
-22.7,500,4507.94004
-24.5,500,4508.06488
-26.1,500,4508.224586
-23.4,500,4508.350013
-22.6,500,4508.474995
-23.2,500,4508.60073
-23.3,500,4508.726069
-22.5,500,4508.851451
-22.6,500,4508.976366
-22.5,500,4509.101379
-23.5,500,4509.226782
-23.8,500,4509.351845
-22.5,500,4509.476639
-25.8,500,4509.601846
-22.6,500,4509.726637
-22.9,500,4509.85273
-22.5,500,4509.977918
-22.8,500,4510.103599
-22.8,500,4510.228963
-23.5,500,4510.35413
-22.7,500,4510.479636
-23.4,500,4510.604673
-22.8,500,4510.73012
-22.9,500,4510.855252
-23.6,500,4510.982361
-22.7,500,4511.108702
-22.5,500,4511.234379
-23.4,500,4511.359292
-22.6,500,4511.485502
-22.5,500,4511.611944
-22.9,500,4511.737247
-9.2,500,4511.862687
-144.4,500,4511.988197
-106.8,500,4512.112789
-49.1,500,4512.237849
-48.0,500,4512.363845
-47.4,500,4512.488813
-48.0,500,4512.613354
-23.5,500,4512.738285
-22.7,500,4512.863657
-23.2,500,4512.988572
-23.3,500,4513.152536
-23.2,500,4513.277431
-23.0,500,4513.402572
-23.2,500,4513.527395
-23.3,500,4513.673317
-23.7,500,4513.811596
-22.8,500,4513.950232
-22.8,500,4514.09244
-22.9,500,4514.231807
-24.1,500,4514.358906
-22.4,500,4514.484769
-24.5,500,4514.61106
-22.5,500,4514.736489
-23.1,500,4514.862204
-23.3,500,4514.987603
-23.1,500,4515.113931
-22.5,500,4515.239653
-23.1,500,4515.366035
-22.8,500,4515.507787
-30.9,500,4515.636065
-23.4,500,4515.761465
-23.1,500,4515.886605
-22.7,500,4516.013841
-22.7,500,4516.139647
-23.6,500,4516.265955
-22.7,500,4516.391317
-22.7,500,4516.516744
-22.5,500,4516.641353
-23.4,500,4516.766546
-22.8,500,4516.891379
-22.9,500,4517.01623
-22.9,500,4517.14081
-22.6,500,4517.26565
-22.5,500,4517.390394
-22.9,500,4517.515031
-22.5,500,4517.640509
-23.0,500,4517.765277
-22.5,500,4517.890334
-23.3,500,4518.015088
-23.0,500,4518.139791
-23.9,500,4518.264492
-23.6,500,4518.389842
-22.7,500,4518.51498
-22.8,500,4518.640117
-22.9,500,4518.765538
-22.5,500,4518.890511
-23.3,500,4519.015626
-22.7,500,4519.140798
-22.8,500,4519.266735
-34.2,500,4519.392053
-22.6,500,4519.51689
-23.3,500,4519.641678
-21.2,500,4519.76764
-22.9,500,4519.892468
-22.6,500,4520.018528
-22.6,500,4520.144095
-22.7,500,4520.269325
-22.7,500,4520.394931
-22.7,500,4520.520577
-23.1,500,4520.645781
-22.7,500,4520.771251
-22.8,500,4520.897735
-22.9,500,4521.025729
-23.1,500,4521.150959
-22.8,500,4521.276732
-22.8,500,4521.401537
-22.8,500,4521.527482
-24.0,500,4521.652177
-22.7,500,4521.77707
-24.1,500,4521.902056
-22.4,500,4522.027061
-23.0,500,4522.15186
-22.9,500,4522.276394
-23.0,500,4522.401716
-23.2,500,4522.526948
-22.8,500,4522.65154
-23.2,500,4522.776756
-23.6,500,4522.901511
-23.6,500,4523.026451
-22.9,500,4523.151531
-22.6,500,4523.276314
-22.7,500,4523.401243
-22.8,500,4523.526112
-23.3,500,4523.651275
-23.2,500,4523.776148
-24.3,500,4523.901806
-29.2,500,4524.028045
-22.5,500,4524.152747
-23.6,500,4524.277671
-22.7,500,4524.402801
-22.6,500,4524.527548
-22.8,500,4524.652419
-23.4,500,4524.777503
-23.0,500,4524.903253
-22.7,500,4525.028613
-24.2,500,4525.153722
-22.7,500,4525.278738
-22.7,500,4525.403933
-23.4,500,4525.529503
-24.4,500,4525.654463
-22.5,500,4525.779423
-23.3,500,4525.904514
-22.8,500,4526.031607
-23.2,500,4526.156817
-22.7,500,4526.283508
-24.4,500,4526.409898
-23.3,500,4526.535198
-24.3,500,4526.660334
-22.9,500,4526.785517
-22.5,500,4526.910399
-22.9,500,4527.03506
-22.6,500,4527.16064
-23.3,500,4527.285599
-22.8,500,4527.4105
-23.0,500,4527.53588
-24.7,500,4527.660848
-22.6,500,4527.785752
-23.7,500,4527.91171
-22.6,500,4528.074607
-22.9,500,4528.199757
-22.7,500,4528.324657
-22.8,500,4528.449635
-23.2,500,4528.57484
-23.2,500,4528.701652
-22.8,500,4528.82729
-22.5,500,4528.952217
-23.0,500,4529.077321
-22.7,500,4529.202096
-23.0,500,4529.327499
-22.9,500,4529.452207
-22.5,500,4529.577435
-23.4,500,4529.702235
-22.6,500,4529.826631
-22.6,500,4529.951568
-22.7,500,4530.07651
-23.4,500,4530.201074
-22.8,500,4530.326043
-23.2,500,4530.450867
-24.7,500,4530.5759
-24.9,500,4530.701186
-23.3,500,4530.827275
-23.1,500,4530.951658
-22.5,500,4531.078844
-23.4,500,4531.203877
-22.9,500,4531.329742
-22.8,500,4531.455395
-22.6,500,4531.580846
-22.8,500,4531.705939
-22.7,500,4531.831125
-23.1,500,4531.956456
-23.2,500,4532.081766
-22.7,500,4532.207512
-23.0,500,4532.334469
-22.5,500,4532.460218
-22.7,500,4532.585673
-22.7,500,4532.711103
-22.5,500,4532.836848
-22.9,500,4532.962667
-22.7,500,4533.087792
-23.1,500,4533.212595
-22.9,500,4533.337532
-22.5,500,4533.462447
-22.7,500,4533.588407
-22.7,500,4533.713361
-23.3,500,4533.838963
-22.8,500,4533.964292
-22.9,500,4534.08961
-22.7,500,4534.214818
-26.6,500,4534.339928
-23.1,500,4534.466061
-22.9,500,4534.591752
-22.8,500,4534.716981
-22.6,500,4534.842294
-23.9,500,4534.967211
-22.9,500,4535.092646
-24.6,500,4535.218331
-22.8,500,4535.343426
-22.8,500,4535.468199
-22.7,500,4535.593523
-22.5,500,4535.7191
-22.5,500,4535.84419
-23.0,500,4535.971168
-22.7,500,4536.096641
-22.9,500,4536.221924
-22.8,500,4536.347349
-23.6,500,4536.472679
-22.7,500,4536.597783
-84.8,500,4536.723687
-49.3,500,4536.848781
-48.7,500,4536.974111
-47.5,500,4537.098999
-23.5,500,4537.223997
-23.3,500,4537.349194
-23.2,500,4537.475063
-23.4,500,4537.600936
-22.9,500,4537.726054
-23.2,500,4537.851399
-23.2,500,4537.976448
-22.9,500,4538.101807
-31.7,500,4538.227353
-24.1,500,4538.352658
-23.3,500,4538.477655
-22.8,500,4538.602772
-22.8,500,4538.727687
-22.9,500,4538.852929
-22.8,500,4538.978491
-22.8,500,4539.103265
-22.7,500,4539.228124
-22.8,500,4539.353141
-22.3,500,4539.478208
-46.6,500,4539.603619
-22.2,500,4539.728696
-21.6,500,4539.854673
-21.8,500,4539.97982
-21.7,500,4540.105553
-23.5,500,4540.231039
-21.9,500,4540.356478
-22.9,500,4540.481826
-21.9,500,4540.607836
-21.6,500,4540.733214
-22.9,500,4540.858964
-23.0,500,4540.986251
-21.7,500,4541.112282
-23.0,500,4541.237868
-21.7,500,4541.36252
-22.5,500,4541.487456
-23.0,500,4541.611758
-22.7,500,4541.736708
-22.6,500,4541.861266
-22.8,500,4541.986461
-30.2,500,4542.111232
-24.6,500,4542.236308
-23.8,500,4542.360721
-22.9,500,4542.485673
-23.1,500,4542.610738
-23.1,500,4542.735128
-22.7,500,4542.859636
-23.2,500,4542.9843
-23.0,500,4543.109512
-24.2,500,4543.23412
-28.9,500,4543.359089
-23.0,500,4543.483779
-23.6,500,4543.656968
-23.4,500,4543.785064
-22.9,500,4543.909614
-22.5,500,4544.034235
-22.7,500,4544.158468
-79.2,500,4544.284103
-24.4,500,4544.4115
-23.0,500,4544.536643
-23.3,500,4544.661796
-22.5,500,4544.786667
-5.8,500,4544.912072
-25.8,500,4545.038202
-22.6,500,4545.165957
-23.8,500,4545.291223
-23.3,500,4545.416072
-23.1,500,4545.541205
-3.9,500,4545.665829
-25.1,500,4545.790843
-22.9,500,4545.915635
-3.2,500,4546.042222
-22.5,500,4546.167467
-23.4,500,4546.293184
-23.6,500,4546.419175
-23.0,500,4546.544126
-24.5,500,4546.669966
-23.4,500,4546.795463
-28.1,500,4546.921151
-23.9,500,4547.046312
-22.9,500,4547.171089
-22.7,500,4547.296259
-27.2,500,4547.42196
-22.7,500,4547.547086
-23.2,500,4547.672165
-22.6,500,4547.796949
-22.9,500,4547.927959
-23.3,500,4548.055717
-22.8,500,4548.18354
-23.6,500,4548.30934
-22.9,500,4548.434825
-23.4,500,4548.561145
-22.7,500,4548.687608
-23.1,500,4548.81317
-22.5,500,4548.939133
-22.7,500,4549.064772
-22.9,500,4549.190391
-22.9,500,4549.315485
-22.6,500,4549.440462
-22.8,500,4549.566308
-23.0,500,4549.691828
-22.5,500,4549.817487
-23.2,500,4549.943846
-53.1,500,4550.069698
-23.2,500,4550.19656
-25.0,500,4550.322631
-23.2,500,4550.448557
-22.7,500,4550.573927
-23.9,500,4550.69917
-22.5,500,4550.824328
-23.2,500,4550.950051
-23.3,500,4551.079432
-22.6,500,4551.205269
-22.8,500,4551.330605
-22.9,500,4551.456382
-26.6,500,4551.581547
-26.8,500,4551.707528
-22.8,500,4551.832936
-23.2,500,4551.958234
-24.4,500,4552.084342
-23.5,500,4552.209974
-23.2,500,4552.335397
-22.5,500,4552.460917
-23.3,500,4552.585395
-23.0,500,4552.71092
-23.1,500,4552.835756
-22.7,500,4552.960571
-30.6,500,4553.085274
-23.2,500,4553.210372
-22.9,500,4553.335862
-23.7,500,4553.461511
-77.2,500,4553.586998
-22.7,500,4553.712424
-22.8,500,4553.838058
-22.5,500,4553.964136
-22.7,500,4554.089158
-23.1,500,4554.214434
-22.6,500,4554.340713
-23.0,500,4554.466309
-23.1,500,4554.591875
-22.5,500,4554.718027
-22.9,500,4554.843512
-29.2,500,4554.969079
-24.2,500,4555.094169
-22.7,500,4555.21974
-23.3,500,4555.345756
-23.0,500,4555.470404
-23.6,500,4555.675663
-22.8,500,4556.120883
-22.7,500,4556.253535
-23.2,500,4556.382209
-22.5,500,4556.507857
-24.6,500,4556.63349
-23.6,500,4556.758887
-23.3,500,4556.884867
-23.4,500,4557.010144
-22.7,500,4557.13585
-24.2,500,4557.260763
-22.3,500,4557.385638
-22.6,500,4557.510426
-22.8,500,4557.636551
-23.1,500,4557.761565
-23.7,500,4557.886449
-22.7,500,4558.011549
-23.7,500,4558.13674
-22.7,500,4558.261943
-22.5,500,4558.387641
-22.8,500,4558.556907
-82.1,500,4558.681768
-48.7,500,4558.806723
-22.9,500,4558.932491
-23.7,500,4559.057997
-23.5,500,4559.183252
-23.3,500,4559.308258
-22.9,500,4559.433727
-22.5,500,4559.558723
-23.8,500,4559.683427
-25.8,500,4559.809512
-27.9,500,4559.934438
-22.8,500,4560.059065
-22.8,500,4560.18399
-26.7,500,4560.309723
-22.9,500,4560.43473
-25.9,500,4560.560363
-22.6,500,4560.685833
-22.7,500,4560.811342
-23.0,500,4560.93593
-27.0,500,4561.062712
-22.9,500,4561.188232
-22.7,500,4561.313221
-25.3,500,4561.439082
-23.2,500,4561.564303
-22.9,500,4561.689501
-24.9,500,4561.814844
-23.7,500,4561.940693
-22.5,500,4562.066004
-23.2,500,4562.191624
-22.8,500,4562.316173
-23.4,500,4562.441149
-22.6,500,4562.566498
-23.1,500,4562.691865
-22.7,500,4562.816951
-22.8,500,4562.942509
-32.8,500,4563.068784
-24.3,500,4563.194746
-28.7,500,4563.320405
-23.3,500,4563.446074
-23.2,500,4563.57184
-23.2,500,4563.697465
-23.2,500,4563.823362
-24.6,500,4563.948513
-21.4,500,4564.074198
-22.6,500,4564.199088
-22.6,500,4564.323663
-22.8,500,4564.448819
-22.6,500,4564.573787
-22.6,500,4564.698907
-22.7,500,4564.823898
-22.1,500,4564.948518
-24.6,500,4565.073934
-22.9,500,4565.198638
-6.7,500,4565.323981
-23.9,500,4565.449153
-26.8,500,4565.574223
-42.7,500,4565.701278
-23.2,500,4565.83003
-23.5,500,4565.955108
-22.5,500,4566.082744
-22.6,500,4566.208776
-22.7,500,4566.33397
-22.9,500,4566.459249
-22.8,500,4566.585005
-23.1,500,4566.709955
-22.9,500,4566.835606
-22.8,500,4566.961308
-22.6,500,4567.086974
-23.0,500,4567.211914
-22.8,500,4567.337018
-22.8,500,4567.462053
-23.3,500,4567.587704
-23.2,500,4567.712547
-23.4,500,4567.837574
-52.0,500,4567.962236
-35.2,500,4568.087563
-23.4,500,4568.212715
-22.5,500,4568.338096
-22.8,500,4568.463924
-23.1,500,4568.589401
-23.0,500,4568.714787
-22.6,500,4568.839821
-23.1,500,4568.964944
-22.8,500,4569.08994
-24.9,500,4569.215586
-23.3,500,4569.341774
-22.5,500,4569.467507
-22.6,500,4569.592487
-23.0,500,4569.717628
-22.8,500,4569.842802
-23.6,500,4569.968011
-22.6,500,4570.092949
-24.0,500,4570.217927
-23.0,500,4570.34322
-48.3,500,4570.468193
-24.5,500,4570.593869
-22.6,500,4570.718898
-22.8,500,4570.844062
-22.8,500,4570.969062
-48.3,500,4571.096944
-22.6,500,4571.221978
-23.2,500,4571.347006
-22.6,500,4571.472219
-22.6,500,4571.596376
-22.5,500,4571.721632
-23.0,500,4571.846774
-23.2,500,4571.971982
-22.8,500,4572.096815
-22.5,500,4572.221802
-23.0,500,4572.346781
-23.6,500,4572.471843
-22.9,500,4572.597234
-22.9,500,4572.722442
-22.7,500,4572.847252
-23.8,500,4572.972385
-23.0,500,4573.09815
-23.5,500,4573.269042
-24.1,500,4573.394657
-27.9,500,4573.519744
-23.3,500,4573.644532
-23.2,500,4573.770288
-22.7,500,4573.89585
-22.5,500,4574.021559
-23.6,500,4574.14649
-22.7,500,4574.271363
-22.7,500,4574.397021
-22.8,500,4574.522105
-23.7,500,4574.647188
-23.1,500,4574.771926
-23.0,500,4574.896909
-22.8,500,4575.021948
-22.7,500,4575.147352
-22.7,500,4575.272584
-36.2,500,4575.398599
-23.8,500,4575.523631
-22.1,500,4575.648527
-23.1,500,4575.773755
-27.8,500,4575.898795
-23.1,500,4576.025404
-22.9,500,4576.151321
-22.7,500,4576.27622
-22.5,500,4576.40093
-22.5,500,4576.526138
-23.0,500,4576.650844
-22.9,500,4576.775969
-22.9,500,4576.9014
-22.7,500,4577.027701
-23.6,500,4577.15265
-23.0,500,4577.27761
-22.7,500,4577.402698
-22.9,500,4577.527638
-46.9,500,4577.652381
-23.5,500,4577.776818
-23.4,500,4577.902023
-22.5,500,4578.026905
-22.7,500,4578.151894
-22.7,500,4578.277041
-22.7,500,4578.401691
-23.5,500,4578.526672
-23.0,500,4578.652114
-22.9,500,4578.776987
-23.0,500,4578.902136
-23.2,500,4579.02698
-23.6,500,4579.152176
-23.5,500,4579.277166
-23.9,500,4579.403171
-22.7,500,4579.529098
-22.8,500,4579.654489
-50.2,500,4579.781044
-47.3,500,4579.906951
-48.5,500,4580.033347
-48.1,500,4580.158125
-24.4,500,4580.283114
-48.6,500,4580.408605
-28.0,500,4580.533851
-23.2,500,4580.660074
-23.6,500,4580.785753
-24.1,500,4580.911728
-30.3,500,4581.039389
-22.8,500,4581.164701
-23.5,500,4581.290128
-23.4,500,4581.415122
-26.3,500,4581.539745
-24.7,500,4581.665285
-23.6,500,4581.790182
-23.4,500,4581.914835
-23.7,500,4582.040169
-24.2,500,4582.16493
-23.5,500,4582.289805
-22.2,500,4582.415064
-23.5,500,4582.540361
-22.8,500,4582.665804
-22.7,500,4582.790736
-23.2,500,4582.91553
-22.6,500,4583.040845
-22.6,500,4583.16659
-21.8,500,4583.292507
-24.3,500,4583.417876
-23.7,500,4583.544405
-23.6,500,4583.692753
-24.0,500,4583.835913
-22.2,500,4583.970429
-22.9,500,4584.111262
-23.1,500,4584.252884
-22.1,500,4584.378886
-22.8,500,4584.504103
-23.0,500,4584.630118
-25.9,500,4584.756118
-23.7,500,4584.881307
-22.7,500,4585.007434
-23.1,500,4585.13316
-23.3,500,4585.258294
-22.6,500,4585.384497
-22.6,500,4585.527311
-131.5,500,4585.655085
-22.4,500,4585.781078
-22.8,500,4585.906892
-23.1,500,4586.034634
-24.8,500,4586.160697
-57.2,500,4586.286316
-100.9,500,4586.412106
-50.8,500,4586.537706
-51.4,500,4586.662978
-48.1,500,4586.7881
-22.8,500,4586.912865
-22.9,500,4587.038094
-24.6,500,4587.164314
-23.1,500,4587.290009
-22.2,500,4587.414972
-24.2,500,4587.539723
-23.2,500,4587.665218
-21.9,500,4587.790589
-22.9,500,4587.915964
-27.2,500,4588.083036
-24.3,500,4588.208682
-25.8,500,4588.333209
-22.5,500,4588.459387
-22.5,500,4588.585281
-22.8,500,4588.710357
-22.9,500,4588.83576
-23.9,500,4588.961291
-23.9,500,4589.086758
-22.9,500,4589.211767
-23.3,500,4589.337482
-23.3,500,4589.462691
-23.3,500,4589.588144
-45.5,500,4589.713875
-22.7,500,4589.839118
-23.1,500,4589.965046
-23.0,500,4590.0917
-23.2,500,4590.216819
-22.7,500,4590.341749
-24.2,500,4590.466887
-22.7,500,4590.592
-23.0,500,4590.717532
-24.2,500,4590.843937
-25.8,500,4590.969597
-22.8,500,4591.097343
-23.9,500,4591.223189
-23.5,500,4591.348402
-23.4,500,4591.473768
-22.9,500,4591.599021
-22.6,500,4591.723948
-23.1,500,4591.849199
-29.5,500,4591.974132
-23.1,500,4592.099325
-23.5,500,4592.225755
-23.0,500,4592.35096
-22.6,500,4592.475836
-22.6,500,4592.600791
-22.7,500,4592.726237
-23.4,500,4592.851156
-22.7,500,4592.975857
-22.8,500,4593.10134
-23.1,500,4593.225876
-22.5,500,4593.351086
-24.1,500,4593.476011
-23.0,500,4593.601127
-23.7,500,4593.726048
-22.9,500,4593.851331
-22.8,500,4593.975743
-23.0,500,4594.100787
-22.8,500,4594.225673
-24.6,500,4594.350457
-23.0,500,4594.475181
-32.5,500,4594.600963
-23.5,500,4594.726137
-23.3,500,4594.851368
-22.7,500,4594.976285
-34.4,500,4595.101409
-23.8,500,4595.225906
-23.3,500,4595.350828
-22.8,500,4595.475859
-22.9,500,4595.601277
-22.7,500,4595.726501
-22.9,500,4595.85166
-23.6,500,4595.977049
-22.7,500,4596.103301
-23.2,500,4596.228891
-23.4,500,4596.353944
-25.4,500,4596.478861
-23.7,500,4596.603595
-23.2,500,4596.728522
-23.3,500,4596.853591
-23.4,500,4596.979059
-29.3,500,4597.103905
-24.1,500,4597.229428
-23.4,500,4597.354552
-22.6,500,4597.47957
-22.9,500,4597.604066
-23.6,500,4597.728314
-22.7,500,4597.853599
-23.1,500,4597.978517
-22.7,500,4598.103684
-22.8,500,4598.228362
-22.6,500,4598.353649
-25.8,500,4598.478741
-22.9,500,4598.604173
-23.5,500,4598.729305
-23.2,500,4598.854157
-23.8,500,4598.978782
-23.2,500,4599.103496
-23.7,500,4599.22788
-22.9,500,4599.35268
-22.7,500,4599.478066
-24.2,500,4599.602912
-23.1,500,4599.728496
-23.3,500,4599.853428
-22.6,500,4599.978173
-22.7,500,4600.102874
-22.9,500,4600.228694
-23.2,500,4600.354295
-22.7,500,4600.479197
-22.9,500,4600.604138
-23.1,500,4600.729616
-25.1,500,4600.854594
-30.6,500,4600.980358
-22.9,500,4601.108448
-23.3,500,4601.23403
-23.3,500,4601.359463
-23.0,500,4601.485083
-23.3,500,4601.610521
-22.6,500,4601.736517
-22.5,500,4601.861746
-23.4,500,4601.987261
-23.1,500,4602.112693
-23.5,500,4602.238337
-22.7,500,4602.36393
-22.7,500,4602.48899
-23.5,500,4602.653849
-22.6,500,4602.77918
-22.8,500,4602.903863
-22.6,500,4603.028472
-22.7,500,4603.153711
-22.7,500,4603.279395
-22.6,500,4603.404978
-23.4,500,4603.530304
-22.7,500,4603.654965
-26.9,500,4603.77973
-22.6,500,4603.90425
-23.0,500,4604.029274
-23.8,500,4604.154253
-23.5,500,4604.278594
-23.0,500,4604.403551
-22.5,500,4604.528109
-23.0,500,4604.652677
-23.0,500,4604.778757
-24.4,500,4604.903854
-23.9,500,4605.028537
-23.0,500,4605.153463
-22.6,500,4605.278635
-22.6,500,4605.403964
-22.5,500,4605.529474
-22.6,500,4605.65484
-22.7,500,4605.779689
-22.6,500,4605.904598
-22.9,500,4606.031832
-22.6,500,4606.15701
-33.5,500,4606.282378
-22.9,500,4606.40758
-22.9,500,4606.53234
-22.5,500,4606.656773
-22.9,500,4606.781293
-23.9,500,4606.906181
-24.2,500,4607.031478
-23.6,500,4607.157662
-22.8,500,4607.283204
-47.2,500,4607.408424
-47.7,500,4607.533816
-22.5,500,4607.658867
-22.5,500,4607.783773
-23.4,500,4607.908342
-22.8,500,4608.034241
-22.7,500,4608.158985
-23.4,500,4608.284074
-23.4,500,4608.408824
-22.7,500,4608.534797
-22.5,500,4608.659673
-23.5,500,4608.784913
-25.1,500,4608.910629
-22.8,500,4609.035362
-23.1,500,4609.160935
-22.8,500,4609.286243
-23.4,500,4609.411461
-23.5,500,4609.536564
-22.6,500,4609.661045
-22.7,500,4609.786007
-23.1,500,4609.911038
-21.9,500,4610.035797
-24.2,500,4610.160584
-22.5,500,4610.28524
-23.0,500,4610.410536
-22.5,500,4610.53567
-22.3,500,4610.660679
-23.4,500,4610.785633
-22.6,500,4610.910588
-22.8,500,4611.036027
-22.5,500,4611.162788
-22.5,500,4611.289405
-22.7,500,4611.414591
-23.1,500,4611.539193
-23.2,500,4611.663852
-22.7,500,4611.788566
-22.9,500,4611.913837
-22.5,500,4612.038
-23.4,500,4612.162951
-23.2,500,4612.288123
-22.7,500,4612.413025
-23.3,500,4612.537893
-22.7,500,4612.662729
-23.4,500,4612.788115
-23.9,500,4612.912681
-22.7,500,4613.038026
-23.3,500,4613.162827
-22.8,500,4613.287704
-22.8,500,4613.412101
-26.0,500,4613.537924
-22.7,500,4613.663162
-22.5,500,4613.790914
-23.0,500,4613.915888
-22.5,500,4614.04081
-23.2,500,4614.204253
-22.2,500,4614.330205
-22.6,500,4614.458328
-37.5,500,4614.583382
-23.6,500,4614.707942
-23.3,500,4614.834153
-22.7,500,4614.959252
-24.6,500,4615.083915
-22.6,500,4615.209022
-23.1,500,4615.334495
-22.7,500,4615.459586
-22.8,500,4615.585251
-22.5,500,4615.712064
-22.6,500,4615.837339
-23.5,500,4615.962758
-23.4,500,4616.09032
-22.9,500,4616.215771
-22.9,500,4616.341909
-22.7,500,4616.467171
-22.5,500,4616.591768
-22.8,500,4616.716535
-22.7,500,4616.841983
-22.7,500,4616.966992
-22.5,500,4617.091565
-22.7,500,4617.216969
-23.0,500,4617.342536
-23.3,500,4617.468109
-22.8,500,4617.634298
-22.6,500,4617.759921
-23.2,500,4617.885126
-22.7,500,4618.009377
-22.8,500,4618.13421
-49.9,500,4618.259296
-30.7,500,4618.386645
-24.0,500,4618.512266
-22.5,500,4618.638349
-23.1,500,4618.763171
-23.2,500,4618.888299
-25.7,500,4619.013173
-23.7,500,4619.137931
-22.7,500,4619.263358
-23.0,500,4619.388445
-22.7,500,4619.513382
-22.8,500,4619.638343
-22.8,500,4619.763471
-22.7,500,4619.888259
-22.7,500,4620.012573
-23.7,500,4620.137507
-25.2,500,4620.262298
-29.5,500,4620.386913
-23.5,500,4620.511627
-23.0,500,4620.636763
-22.8,500,4620.761802
-22.5,500,4620.887419
-23.0,500,4621.013536
-22.7,500,4621.140782
-23.0,500,4621.266682
-22.7,500,4621.392081
-23.2,500,4621.517427
-22.5,500,4621.64274
-22.5,500,4621.768781
-22.9,500,4621.89371
-23.1,500,4622.018866
-24.0,500,4622.143965
-23.2,500,4622.268793
-22.7,500,4622.394522
-22.9,500,4622.520381
-23.1,500,4622.645651
-22.9,500,4622.770876
-26.5,500,4622.896185
-30.0,500,4623.02133
-23.4,500,4623.145976
-22.6,500,4623.272197
-24.3,500,4623.398568
-22.6,500,4623.523688
-22.6,500,4623.64855
-22.9,500,4623.773839
-23.0,500,4623.898738
-23.0,500,4624.023421
-22.5,500,4624.14962
-23.7,500,4624.274834
-22.7,500,4624.399203
-22.9,500,4624.523909
-22.5,500,4624.649245
-23.4,500,4624.774345
-24.4,500,4624.9002
-112.0,500,4625.026198
-48.8,500,4625.151832
-47.4,500,4625.27691
-47.7,500,4625.402293
-47.0,500,4625.527483
-47.3,500,4625.653065
-23.1,500,4625.778786
-22.7,500,4625.904013
-22.7,500,4626.029339
-47.6,500,4626.157131
-22.4,500,4626.282627
-22.7,500,4626.407623
-23.9,500,4626.533512
-22.6,500,4626.65838
-22.1,500,4626.782936
-22.9,500,4626.907776
-23.3,500,4627.032477
-3.7,500,4627.157035
-24.1,500,4627.282266
-23.3,500,4627.40866
-22.6,500,4627.533554
-23.0,500,4627.658268
-23.7,500,4627.783281
-23.3,500,4627.907786
-23.8,500,4628.032084
-34.2,500,4628.157267
-23.8,500,4628.283207
-24.1,500,4628.408657
-23.2,500,4628.533881
-22.9,500,4628.659115
-22.7,500,4628.784222
-22.8,500,4628.909928
-22.8,500,4629.035168
-23.0,500,4629.160486
-22.5,500,4629.286038
-23.2,500,4629.410904
-22.9,500,4629.536498
-22.7,500,4629.662858
-23.5,500,4629.788444
-22.8,500,4629.914191
-22.5,500,4630.039618
-47.4,500,4630.164665
-25.0,500,4630.289914
-22.5,500,4630.415671
-22.6,500,4630.540953
-23.2,500,4630.66656
-22.6,500,4630.791644
-23.0,500,4630.91666
-22.9,500,4631.042025
-23.2,500,4631.170275
-22.8,500,4631.296013
-23.1,500,4631.420919
-23.1,500,4631.545643
-28.7,500,4631.670562
-24.4,500,4631.79532
-22.5,500,4631.920619
-22.9,500,4632.086111
-23.9,500,4632.211403
-23.0,500,4632.336628
-22.6,500,4632.462807
-22.8,500,4632.589019
-22.6,500,4632.713635
-22.9,500,4632.838245
-29.1,500,4632.962691
-22.5,500,4633.087795
-23.3,500,4633.212458
-22.6,500,4633.337623
-23.9,500,4633.463315
-22.9,500,4633.588084
-22.7,500,4633.713191
-22.5,500,4633.838539
-23.5,500,4633.96302
-42.2,500,4634.087614
-22.6,500,4634.212825
-23.9,500,4634.337576
-25.7,500,4634.463035
-22.7,500,4634.596187
-23.8,500,4634.739917
-23.4,500,4634.877716
-23.2,500,4635.019398
-22.9,500,4635.15359
-22.9,500,4635.293352
-22.7,500,4635.419535
-22.6,500,4635.544492
-22.5,500,4635.669033
-22.9,500,4635.794032
-35.8,500,4635.919084
-23.4,500,4636.045042
-22.5,500,4636.171653
-22.5,500,4636.297376
-23.3,500,4636.4275
-22.6,500,4636.568844
-47.9,500,4636.694589
-22.7,500,4636.820279
-22.7,500,4636.945496
-22.5,500,4637.070858
-22.6,500,4637.196055
-22.9,500,4637.320937
-22.6,500,4637.445587
-22.8,500,4637.571676
-23.1,500,4637.696508
-23.9,500,4637.821381
-23.2,500,4637.946153
-28.0,500,4638.071466
-23.4,500,4638.196311
-22.9,500,4638.32155
-22.6,500,4638.447511
-22.9,500,4638.572971
-21.8,500,4638.698879
-21.8,500,4638.824427
-22.6,500,4638.949556
-23.4,500,4639.074894
-22.5,500,4639.201028
-2.6,500,4639.326657
-37.2,500,4639.45231
-31.0,500,4639.577732
-22.5,500,4639.703047
-23.3,500,4639.828229
-22.9,500,4639.953804
-22.7,500,4640.080502
-22.7,500,4640.206344
-22.5,500,4640.332116
-22.9,500,4640.456616
-23.3,500,4640.581245
-23.2,500,4640.706675
-23.1,500,4640.831976
-23.1,500,4640.956847
-23.2,500,4641.083587
-23.0,500,4641.209349
-23.2,500,4641.334471
-29.0,500,4641.461201
-22.9,500,4641.586295
-22.8,500,4641.711644
-22.6,500,4641.837277
-23.3,500,4641.962816
-23.3,500,4642.087927
-22.9,500,4642.212759
-22.7,500,4642.338071
-22.8,500,4642.463445
-26.9,500,4642.588993
-23.5,500,4642.713853
-22.8,500,4642.838525
-24.1,500,4642.963943
-23.0,500,4643.089791
-22.7,500,4643.215782
-23.7,500,4643.340784
-23.2,500,4643.466069
-28.1,500,4643.591256
-23.0,500,4643.716464
-22.9,500,4643.842168
-22.9,500,4643.96782
-22.8,500,4644.093567
-23.7,500,4644.21845
-23.0,500,4644.343768
-23.0,500,4644.469162
-23.4,500,4644.594215
-23.5,500,4644.719719
-22.9,500,4644.844317
-23.0,500,4644.969485
-23.1,500,4645.094858
-23.0,500,4645.220485
-22.6,500,4645.345835
-26.3,500,4645.471139
-22.5,500,4645.596713
-23.2,500,4645.721535
-22.6,500,4645.846316
-22.9,500,4645.971757
-22.8,500,4646.099079
-22.6,500,4646.224616
-22.8,500,4646.350179
-36.8,500,4646.475782
-24.1,500,4646.601084
-29.0,500,4646.764926
-28.9,500,4646.890281
-22.7,500,4647.015934
-22.8,500,4647.140863
-22.8,500,4647.265525
-22.7,500,4647.390328
-22.8,500,4647.515354
-22.5,500,4647.640439
-22.7,500,4647.76601
-22.8,500,4647.892873
-23.2,500,4648.018349
-22.8,500,4648.143619
-23.0,500,4648.26859
-22.6,500,4648.394255
-26.6,500,4648.519388
-23.9,500,4648.644131
-23.2,500,4648.768912
-22.7,500,4648.894213
-21.7,500,4649.019059
-22.6,500,4649.143968
-22.9,500,4649.26895
-23.0,500,4649.394019
-23.6,500,4649.519489
-22.9,500,4649.644121
-22.7,500,4649.769017
-22.8,500,4649.893892
-23.1,500,4650.020111
-22.7,500,4650.145818
-23.1,500,4650.270856
-22.9,500,4650.395766
-23.1,500,4650.520575
-23.2,500,4650.645535
-25.1,500,4650.7709
-22.8,500,4650.89674
-23.5,500,4651.022002
-22.5,500,4651.149105
-23.2,500,4651.27441
-25.1,500,4651.399997
-39.8,500,4651.525792
-23.6,500,4651.651175
-23.5,500,4651.776513
-23.0,500,4651.901407
-22.8,500,4652.026154
-22.5,500,4652.151332
-22.8,500,4652.276607
-23.1,500,4652.4031
-23.7,500,4652.528121
-22.9,500,4652.653289
-23.2,500,4652.778461
-23.4,500,4652.903339
-22.8,500,4653.029248
-23.1,500,4653.154218
-23.3,500,4653.278447
-22.6,500,4653.402934
-22.8,500,4653.527876
-23.9,500,4653.65284
-24.0,500,4653.777995
-22.7,500,4653.903573
-22.9,500,4654.029993
-23.0,500,4654.155094
-23.1,500,4654.279954
-23.2,500,4654.405116
-22.7,500,4654.530209
-25.8,500,4654.65569
-22.6,500,4654.782055
-23.4,500,4654.908118
-22.8,500,4655.033596
-22.6,500,4655.159387
-22.8,500,4655.284783
-24.7,500,4655.410812
-23.1,500,4655.535542
-23.5,500,4655.660744
-22.6,500,4655.786167
-25.2,500,4655.91119
-23.6,500,4656.036593
-22.9,500,4656.162996
-23.2,500,4656.288965
-22.8,500,4656.415458
-22.5,500,4656.540525
-22.7,500,4656.665528
-23.2,500,4656.790169
-22.9,500,4656.915092
-24.4,500,4657.040722
-22.8,500,4657.165397
-47.4,500,4657.290735
-22.7,500,4657.415721
-22.9,500,4657.541027
-22.5,500,4657.66698
-22.9,500,4657.791389
-23.2,500,4657.916951
-24.0,500,4658.042213
-23.6,500,4658.167317
-22.5,500,4658.292271
-22.6,500,4658.417096
-22.5,500,4658.542357
-22.5,500,4658.667628
-22.7,500,4658.792096
-25.0,500,4658.917152
-27.9,500,4659.042041
-22.6,500,4659.166509
-22.7,500,4659.291134
-22.5,500,4659.416881
-22.7,500,4659.542332
-22.5,500,4659.667912
-23.3,500,4659.793268
-22.5,500,4659.918265
-59.7,500,4660.043343
-23.2,500,4660.169547
-23.6,500,4660.296428
-22.9,500,4660.421551
-23.3,500,4660.546702
-22.7,500,4660.672087
-22.7,500,4660.797151
-23.2,500,4660.922936
-22.8,500,4661.047941
-22.7,500,4661.174965
-22.9,500,4661.30061
-22.9,500,4661.42571
-22.8,500,4661.550952
-23.0,500,4661.718196
-22.8,500,4661.84353
-22.6,500,4661.968463
-28.1,500,4662.093269
-22.6,500,4662.218801
-22.5,500,4662.343025
-22.6,500,4662.467756
-22.9,500,4662.592017
-141.8,500,4662.717103
-99.6,500,4662.841427
-49.4,500,4662.966323
-81.5,500,4663.092376
-50.0,500,4663.21748
-47.3,500,4663.342799
-47.6,500,4663.467825
-47.8,500,4663.593046
-48.0,500,4663.718325
-48.0,500,4663.843949
-47.6,500,4663.9694
-48.1,500,4664.094629
-48.5,500,4664.220024
-47.6,500,4664.344937
-47.9,500,4664.470731
-47.4,500,4664.597054
-47.7,500,4664.725331
-47.7,500,4664.851205
-48.2,500,4664.976624
-47.6,500,4665.102129
-47.7,500,4665.2282
-47.4,500,4665.354776
-47.3,500,4665.483383
-47.5,500,4665.609486
-47.8,500,4665.735408
-47.3,500,4665.861139
-47.5,500,4665.987594
-47.7,500,4666.114222
-47.5,500,4666.240045
-47.6,500,4666.365129
-47.7,500,4666.49058
-47.1,500,4666.61532
-48.0,500,4666.740177
-47.4,500,4666.865859
-47.1,500,4666.991201
-47.8,500,4667.116088
-47.1,500,4667.241123
-47.5,500,4667.365895
-47.4,500,4667.4906
-47.4,500,4667.615541
-47.5,500,4667.741302
-47.4,500,4667.86615
-47.6,500,4667.990637
-47.3,500,4668.115333
-47.3,500,4668.240005
-47.7,500,4668.365474
-47.2,500,4668.490327
-47.3,500,4668.615161
-47.3,500,4668.739956
-47.2,500,4668.864846
-47.1,500,4668.989778
-47.6,500,4669.114849
-47.0,500,4669.240185
-47.5,500,4669.365309
-47.8,500,4669.489958
-47.3,500,4669.614841
-47.0,500,4669.73981
-47.0,500,4669.865028
-47.8,500,4669.991056
-48.3,500,4670.115989
-47.6,500,4670.241132
-48.2,500,4670.366239
-48.6,500,4670.490825
-48.4,500,4670.615558
-48.1,500,4670.741423
-47.5,500,4670.86668
-47.6,500,4670.991609
-47.7,500,4671.118635
-47.7,500,4671.244359
-47.5,500,4671.369634
-49.5,500,4671.495312
-48.5,500,4671.620492
-47.5,500,4671.745712
-47.8,500,4671.870916
-47.8,500,4671.996243
-47.6,500,4672.121524
-47.5,500,4672.247494
-47.6,500,4672.372493
-47.7,500,4672.497476
-47.2,500,4672.622359
-47.0,500,4672.747933
-47.4,500,4672.873739
-47.7,500,4672.999
-47.8,500,4673.12418
-47.3,500,4673.249209
-47.7,500,4673.374599
-47.4,500,4673.499439
-47.2,500,4673.624407
-47.4,500,4673.749999
-47.6,500,4673.875323
-47.9,500,4674.000867
-47.3,500,4674.126152
-47.2,500,4674.251083
-47.3,500,4674.376409
-47.4,500,4674.502046
-47.6,500,4674.629225
-47.2,500,4674.754679
-47.7,500,4674.879685
-47.5,500,4675.00492
-48.2,500,4675.130034
-47.2,500,4675.255731
-47.9,500,4675.381035
-47.3,500,4675.506213
-47.6,500,4675.631514
-48.8,500,4675.756624
-47.3,500,4675.881834
-47.5,500,4676.006779
-47.6,500,4676.1339
-47.3,500,4676.259367
-47.5,500,4676.384636
-47.2,500,4676.510404
-47.1,500,4676.639929
-47.7,500,4676.80006
-47.6,500,4676.925937
-47.6,500,4677.052076
-47.6,500,4677.17679
-47.1,500,4677.30163
-47.8,500,4677.426172
-47.0,500,4677.551443
-48.2,500,4677.676516
-47.4,500,4677.802383
-48.0,500,4677.927075
-47.8,500,4678.051725
-48.8,500,4678.176898
-49.2,500,4678.301664
-22.8,500,4678.42634
-25.6,500,4678.551611
-22.9,500,4678.677604
-22.6,500,4678.802625
-22.7,500,4678.927146
-22.5,500,4679.052923
-22.8,500,4679.177434
-22.9,500,4679.302569
-22.6,500,4679.427229
-22.7,500,4679.551727
-23.0,500,4679.676572
-23.1,500,4679.801977
-23.1,500,4679.92672
-22.7,500,4680.052584
-23.1,500,4680.177725
-22.7,500,4680.303277
-22.9,500,4680.428721
-22.5,500,4680.553649
-22.7,500,4680.678661
-22.9,500,4680.804241
-22.7,500,4680.930001
-24.1,500,4681.055083
-23.6,500,4681.18226
-22.9,500,4681.307919
-23.2,500,4681.433604
-23.3,500,4681.560321
-22.5,500,4681.685673
-22.7,500,4681.810827
-32.6,500,4681.936151
-23.2,500,4682.061154
-23.1,500,4682.186138
-22.7,500,4682.311502
-22.5,500,4682.436822
-22.5,500,4682.562271
-22.8,500,4682.687278
-23.6,500,4682.812899
-23.6,500,4682.937993
-22.5,500,4683.064382
-22.9,500,4683.189547
-22.8,500,4683.315386
-22.8,500,4683.440263
-23.1,500,4683.565718
-22.9,500,4683.690641
-22.8,500,4683.816487
-23.7,500,4683.941969
-144.5,500,4684.067538
-36.8,500,4684.192445
-23.0,500,4684.317566
-24.9,500,4684.442914
-23.3,500,4684.568684
-22.7,500,4684.695444
-22.9,500,4684.820656
-23.1,500,4684.945684
-22.9,500,4685.070798
-23.0,500,4685.195702
-22.5,500,4685.32187
-23.0,500,4685.446745
-23.3,500,4685.571627
-23.4,500,4685.696774
-46.5,500,4685.821247
-47.0,500,4685.946497
-45.0,500,4686.07219
-45.4,500,4686.199931
-45.2,500,4686.325818
-45.8,500,4686.451259
-45.2,500,4686.577316
-46.0,500,4686.702751
-45.2,500,4686.828621
-45.8,500,4686.954373
-45.2,500,4687.079596
-45.6,500,4687.204524
-45.4,500,4687.329333
-45.8,500,4687.454489
-45.4,500,4687.580045
-45.4,500,4687.704819
-45.4,500,4687.830291
-46.3,500,4687.955248
-45.3,500,4688.080794
-47.0,500,4688.205855
-46.6,500,4688.330864
-21.6,500,4688.456
-22.2,500,4688.581134
-40.7,500,4688.706386
-22.9,500,4688.831663
-23.0,500,4688.957461
-22.8,500,4689.08247
-22.9,500,4689.207723
-22.2,500,4689.332614
-22.8,500,4689.457564
-23.2,500,4689.582207
-25.9,500,4689.70703
-22.0,500,4689.832775
-24.0,500,4689.957968
-25.6,500,4690.083861
-23.7,500,4690.208955
-22.5,500,4690.334025
-22.7,500,4690.458896
-23.2,500,4690.583881
-22.9,500,4690.708635
-23.0,500,4690.833383
-23.1,500,4690.959722
-22.5,500,4691.085039
-22.9,500,4691.211573
-22.5,500,4691.387229
-21.9,500,4691.512604
-22.1,500,4691.637689
-23.2,500,4691.762362
-22.9,500,4691.887244
-23.6,500,4692.012149
-23.3,500,4692.137427
-22.7,500,4692.262394
-23.5,500,4692.38759
-23.4,500,4692.512823
-23.1,500,4692.63808
-23.0,500,4692.763214
-23.0,500,4692.888411
-23.0,500,4693.013983
-23.1,500,4693.139658
-21.8,500,4693.264576
-22.2,500,4693.389424
-23.3,500,4693.514651
-22.9,500,4693.639363
-22.5,500,4693.765071
-22.8,500,4693.890001
-22.8,500,4694.014987
-23.2,500,4694.140759
-23.1,500,4694.266015
-22.9,500,4694.390996
-23.1,500,4694.516249
-22.7,500,4694.641124
-22.9,500,4694.765631
-24.1,500,4694.890468
-22.7,500,4695.015079
-23.3,500,4695.139932
-23.7,500,4695.265096
-23.3,500,4695.390607
-22.9,500,4695.515596
-22.8,500,4695.64065
-22.8,500,4695.765265
-22.5,500,4695.890031
-22.6,500,4696.015272
-22.8,500,4696.141874
-23.3,500,4696.267331
-22.8,500,4696.392082
-22.6,500,4696.517118
-22.8,500,4696.642409
-22.7,500,4696.767531
-22.8,500,4696.892544
-22.7,500,4697.017408
-23.9,500,4697.142164
-22.6,500,4697.267241
-23.0,500,4697.391784
-22.7,500,4697.517172
-22.8,500,4697.642414
-22.7,500,4697.767416
-22.6,500,4697.892643
-23.1,500,4698.017541
-22.6,500,4698.142203
-23.0,500,4698.267942
-23.1,500,4698.392637
-22.6,500,4698.518037
-22.8,500,4698.643463
-22.8,500,4698.768593
-22.6,500,4698.893154
-23.2,500,4699.018613
-22.5,500,4699.144935
-143.4,500,4699.270268
-30.3,500,4699.395342
-23.4,500,4699.520142
-22.7,500,4699.645415
-22.9,500,4699.77011
-23.6,500,4699.896069
-22.5,500,4700.021461
-22.7,500,4700.14652
-22.6,500,4700.271286
-22.6,500,4700.396537
-22.7,500,4700.521364
-23.2,500,4700.646447
-22.5,500,4700.771941
-23.0,500,4700.897148
-22.8,500,4701.02231
-22.6,500,4701.148952
-26.8,500,4701.274638
-24.1,500,4701.400548
-22.9,500,4701.525516
-23.2,500,4701.651483
-23.5,500,4701.776718
-23.0,500,4701.901878
-22.8,500,4702.027276
-22.7,500,4702.152828
-23.1,500,4702.277876
-22.8,500,4702.402705
-22.7,500,4702.527492
-23.0,500,4702.652535
-22.8,500,4702.777556
-24.1,500,4702.902367
-22.7,500,4703.028553
-23.2,500,4703.153732
-23.9,500,4703.278801
-22.5,500,4703.404016
-23.9,500,4703.529128
-23.6,500,4703.675893
-22.9,500,4703.813596
-22.5,500,4703.952871
-23.4,500,4704.09246
-26.8,500,4704.232817
-22.8,500,4704.359447
-23.1,500,4704.484939
-27.3,500,4704.610339
-22.7,500,4704.735463
-22.5,500,4704.8606
-22.9,500,4704.98597
-22.7,500,4705.111731
-22.7,500,4705.237198
-22.5,500,4705.362573
-22.6,500,4705.50529
-22.7,500,4705.63427
-23.1,500,4705.759833
-22.5,500,4705.885009
-22.9,500,4706.01094
-24.2,500,4706.137419
-26.3,500,4706.263868
-42.4,500,4706.429432
-22.9,500,4706.555124
-22.6,500,4706.681209
-23.4,500,4706.806367
-23.1,500,4706.931367
-22.5,500,4707.056413
-22.8,500,4707.181192
-22.6,500,4707.305866
-23.5,500,4707.431464
-22.8,500,4707.556665
-22.6,500,4707.681375
-22.5,500,4707.80652
-22.5,500,4707.931668
-23.3,500,4708.056573
-22.8,500,4708.181741
-24.2,500,4708.30646
-23.5,500,4708.431112
-24.6,500,4708.556007
-22.8,500,4708.681292
-23.1,500,4708.806594
-22.5,500,4708.932102
-23.5,500,4709.057033
-25.6,500,4709.181679
-23.4,500,4709.307056
-23.8,500,4709.431713
-22.6,500,4709.55666
-22.7,500,4709.681717
-22.6,500,4709.806539
-24.3,500,4709.931321
-22.9,500,4710.056289
-23.0,500,4710.181375
-22.9,500,4710.306484
-22.6,500,4710.431157
-23.0,500,4710.556743
-23.0,500,4710.681012
-22.6,500,4710.806088
-31.9,500,4710.930913
-22.7,500,4711.055867
-22.6,500,4711.181848
-22.5,500,4711.307758
-23.0,500,4711.434709
-23.1,500,4711.559839
-23.0,500,4711.684553
-23.6,500,4711.809891
-22.7,500,4711.934675
-22.8,500,4712.059432
-22.7,500,4712.184491
-23.7,500,4712.309448
-23.2,500,4712.433731
-22.5,500,4712.558497
-23.0,500,4712.683296
-23.0,500,4712.808537
-23.2,500,4712.933608
-23.1,500,4713.058714
-22.6,500,4713.183523
-22.7,500,4713.308072
-22.5,500,4713.433088
-41.7,500,4713.558202
-25.5,500,4713.683756
-22.5,500,4713.80923
-22.7,500,4713.935142
-22.5,500,4714.060111
-23.3,500,4714.185709
-22.5,500,4714.311127
-22.5,500,4714.436415
-22.6,500,4714.561647
-23.1,500,4714.687238
-22.7,500,4714.812849
-22.8,500,4714.938019
-23.1,500,4715.063528
-22.7,500,4715.189068
-23.9,500,4715.314456
-23.1,500,4715.439697
-22.9,500,4715.566407
-22.9,500,4715.691799
-23.1,500,4715.817201
-22.6,500,4715.942561
-22.9,500,4716.067976
-22.8,500,4716.195458
-22.7,500,4716.322065
-23.4,500,4716.447388
-22.7,500,4716.571991
-22.5,500,4716.697083
-23.3,500,4716.822254
-22.9,500,4716.947308
-23.1,500,4717.072725
-22.6,500,4717.198585
-22.8,500,4717.324282
-23.3,500,4717.449554
-22.5,500,4717.574241
-22.8,500,4717.699184
-22.5,500,4717.824269
-23.4,500,4717.949887
-23.1,500,4718.076407
-22.5,500,4718.201701
-23.5,500,4718.327061
-23.6,500,4718.452219
-22.9,500,4718.577327
-22.9,500,4718.702833
-22.8,500,4718.82912
-22.6,500,4718.954437
-23.3,500,4719.079604
-23.4,500,4719.205085
-22.9,500,4719.33165
-23.1,500,4719.457214
-22.7,500,4719.582304
-22.7,500,4719.707785
-23.4,500,4719.833483
-23.2,500,4719.958824
-22.7,500,4720.085225
-22.7,500,4720.210312
-22.0,500,4720.335808
-36.1,500,4720.460614
-24.2,500,4720.58628
-22.5,500,4720.711638
-22.9,500,4720.836792
-22.7,500,4720.962296
-22.6,500,4721.087419
-22.7,500,4721.214311
-23.2,500,4721.338776
-22.9,500,4721.463315
-23.7,500,4721.589104
-22.6,500,4721.760242
-23.4,500,4721.88566
-23.2,500,4722.010648
-24.1,500,4722.136623
-22.5,500,4722.261712
-22.8,500,4722.386254
-22.6,500,4722.511072
-22.5,500,4722.636021
-22.7,500,4722.760786
-23.4,500,4722.885733
-23.1,500,4723.011134
-22.5,500,4723.137246
-61.1,500,4723.262676
-22.9,500,4723.387902
-23.3,500,4723.512968
-24.5,500,4723.638489
-23.2,500,4723.763499
-22.8,500,4723.888969
-22.6,500,4724.013815
-22.5,500,4724.138809
-22.7,500,4724.26401
-26.0,500,4724.389401
-22.4,500,4724.514955
-22.9,500,4724.639789
-22.5,500,4724.764582
-22.7,500,4724.889592
-22.6,500,4725.015571
-22.6,500,4725.140895
-23.1,500,4725.265775
-22.5,500,4725.391833
-22.8,500,4725.516531
-22.6,500,4725.642407
-23.0,500,4725.767589
-22.7,500,4725.892552
-22.9,500,4726.01781
-22.8,500,4726.142832
-79.7,500,4726.269563
-23.4,500,4726.395039
-22.5,500,4726.520093
-23.1,500,4726.645424
-23.0,500,4726.770646
-23.0,500,4726.896196
-22.7,500,4727.021652
-22.9,500,4727.147166
-23.3,500,4727.272118
-23.8,500,4727.397038
-22.5,500,4727.521905
-22.9,500,4727.646655
-22.5,500,4727.771877
-23.0,500,4727.897455
-23.1,500,4728.02252
-71.1,500,4728.148043
-47.5,500,4728.273188
-47.8,500,4728.398209
-47.9,500,4728.523957
-47.3,500,4728.649418
-47.8,500,4728.77472
-47.5,500,4728.899412
-47.5,500,4729.024453
-48.0,500,4729.149369
-47.9,500,4729.275044
-47.8,500,4729.4022
-48.8,500,4729.527942
-47.4,500,4729.653066
-23.6,500,4729.778008
-22.5,500,4729.90338
-22.9,500,4730.029123
-23.1,500,4730.154524
-22.7,500,4730.27954
-23.4,500,4730.404524
-23.0,500,4730.529457
-22.9,500,4730.654482
-22.8,500,4730.779572
-22.9,500,4730.904359
-23.4,500,4731.028925
-23.6,500,4731.153986
-22.5,500,4731.280055
-22.9,500,4731.40524
-22.5,500,4731.531777
-22.5,500,4731.658258
-23.3,500,4731.783296
-23.2,500,4731.908501
-22.9,500,4732.032691
-22.6,500,4732.157341
-22.8,500,4732.281837
-22.5,500,4732.407087
-22.7,500,4732.532385
-23.1,500,4732.657585
-23.2,500,4732.78278
-23.2,500,4732.907228
-23.5,500,4733.032332
-87.5,500,4733.158082
-33.9,500,4733.284596
-22.8,500,4733.413474
-22.7,500,4733.544085
-22.9,500,4733.670856
-23.0,500,4733.801119
-23.0,500,4733.927664
-23.5,500,4734.053299
-23.0,500,4734.17908
-22.9,500,4734.304197
-22.9,500,4734.432603
-22.7,500,4734.558876
-30.8,500,4734.685309
-22.9,500,4734.811594
-22.7,500,4734.936993
-22.6,500,4735.062486
-22.5,500,4735.187612
-22.8,500,4735.313379
-23.6,500,4735.43918
-23.1,500,4735.564162
-23.0,500,4735.689348
-22.6,500,4735.814227
-22.5,500,4735.939405
-23.4,500,4736.064275
-24.0,500,4736.191496
-22.8,500,4736.356004
-23.0,500,4736.483521
-22.9,500,4736.608743
-22.7,500,4736.733727
-22.5,500,4736.859732
-23.2,500,4736.985738
-22.5,500,4737.111105
-23.0,500,4737.236634
-21.7,500,4737.361372
-23.2,500,4737.486964
-22.9,500,4737.61221
-22.9,500,4737.737406
-22.9,500,4737.862087
-22.5,500,4737.987538
-22.9,500,4738.112309
-22.7,500,4738.238505
-22.5,500,4738.365351
-23.0,500,4738.490737
-37.6,500,4738.615439
-22.6,500,4738.740509
-22.9,500,4738.86536
-22.9,500,4738.990096
-23.4,500,4739.11513
-23.1,500,4739.240784
-23.3,500,4739.366182
-23.9,500,4739.491585
-22.7,500,4739.616683
-23.2,500,4739.741494
-23.4,500,4739.867366
-26.4,500,4739.992339
-22.5,500,4740.117543
-23.2,500,4740.242751
-22.8,500,4740.36816
-23.3,500,4740.493555
-22.7,500,4740.618794
-23.0,500,4740.745286
-23.6,500,4740.870362
-22.7,500,4740.994942
-23.3,500,4741.119932
-23.3,500,4741.24726
-27.0,500,4741.372735
-21.9,500,4741.498048
-21.9,500,4741.623366
-21.9,500,4741.748235
-23.5,500,4741.873569
-24.0,500,4741.998766
-27.0,500,4742.123374
-22.6,500,4742.248709
-24.6,500,4742.374007
-22.9,500,4742.500181
-21.7,500,4742.625263
-22.8,500,4742.750587
-22.0,500,4742.876145
-23.2,500,4743.000973
-23.2,500,4743.127121
-22.9,500,4743.252765
-23.0,500,4743.377829
-23.8,500,4743.503054
-22.1,500,4743.628149
-22.2,500,4743.753886
-23.1,500,4743.87917
-30.6,500,4744.00501
-23.0,500,4744.130631
-22.8,500,4744.256386
-22.5,500,4744.381025
-22.5,500,4744.506471
-22.8,500,4744.631957
-22.8,500,4744.757078
-24.1,500,4744.881988
-23.0,500,4745.007133
-28.8,500,4745.132252
-22.5,500,4745.257504
-24.2,500,4745.383349
-22.5,500,4745.510208
-23.1,500,4745.635535
-23.0,500,4745.760717
-23.0,500,4745.88599
-22.7,500,4746.011134
-22.8,500,4746.137031
-23.0,500,4746.265315
-23.3,500,4746.391489
-22.8,500,4746.516624
-22.9,500,4746.641644
-22.6,500,4746.766294
-21.7,500,4746.891606
-23.8,500,4747.017203
-22.9,500,4747.141863
-22.6,500,4747.266598
-23.0,500,4747.391269
-22.7,500,4747.516118
-22.9,500,4747.641822
-23.3,500,4747.766947
-32.0,500,4747.891559
-23.0,500,4748.016621
-22.7,500,4748.141335
-22.8,500,4748.266368
-23.2,500,4748.391706
-23.2,500,4748.517067
-23.7,500,4748.641874
-22.8,500,4748.766944
-22.6,500,4748.89158
-23.2,500,4749.016518
-23.1,500,4749.141636
-23.1,500,4749.266918
-22.5,500,4749.392316
-27.6,500,4749.517915
-25.8,500,4749.643329
-23.1,500,4749.768597
-23.5,500,4749.893367
-23.0,500,4750.019028
-24.0,500,4750.144198
-22.8,500,4750.269457
-23.3,500,4750.395064
-22.5,500,4750.520693
-23.2,500,4750.645602
-24.0,500,4750.771587
-22.5,500,4750.897771
-37.3,500,4751.02291
-23.2,500,4751.148389
-23.3,500,4751.275464
-23.3,500,4751.400578
-22.9,500,4751.525847
-22.9,500,4751.65118
-23.0,500,4751.775402
-23.2,500,4751.938289
-22.8,500,4752.064222
-22.5,500,4752.189264
-22.6,500,4752.314423
-23.3,500,4752.43918
-22.6,500,4752.564041
-22.7,500,4752.688891
-23.1,500,4752.813989
-24.7,500,4752.939355
-22.6,500,4753.064431
-22.8,500,4753.190305
-22.7,500,4753.315997
-22.7,500,4753.440884
-23.0,500,4753.566688
-22.8,500,4753.69341
-22.9,500,4753.818719
-22.8,500,4753.943345
-22.5,500,4754.06854
-23.3,500,4754.193493
-23.1,500,4754.318816
-23.0,500,4754.444705
-22.4,500,4754.570059
-22.7,500,4754.694865
-22.5,500,4754.820045
-22.2,500,4754.944828
-21.8,500,4755.069357
-22.2,500,4755.194898
-22.5,500,4755.320165
-22.8,500,4755.444786
-22.9,500,4755.576712
-22.7,500,4755.721965
-23.0,500,4755.859773
-23.4,500,4756.000891
-22.7,500,4756.135204
-23.2,500,4756.276913
-23.0,500,4756.403185
-22.9,500,4756.528839
-22.8,500,4756.654439
-22.9,500,4756.779659
-22.9,500,4756.905163
-23.0,500,4757.031546
-23.0,500,4757.157186
-24.8,500,4757.29591
-22.8,500,4757.426747
-22.4,500,4757.561806
-23.0,500,4757.687813
-22.9,500,4757.813053
-22.7,500,4757.938224
-22.6,500,4758.063841
-22.3,500,4758.189323
-22.8,500,4758.314461
-22.8,500,4758.44049
-22.6,500,4758.567241
-22.7,500,4758.691783
-23.1,500,4758.816743
-22.7,500,4758.941548
-22.7,500,4759.066292
-22.8,500,4759.19057
-23.2,500,4759.316112
-22.8,500,4759.440775
-23.3,500,4759.565628
-23.1,500,4759.690357
-23.1,500,4759.814791
-23.1,500,4759.93901
-23.1,500,4760.06465
-23.2,500,4760.189657
-23.1,500,4760.314636
-22.6,500,4760.439989
-22.6,500,4760.565106
-22.6,500,4760.689731
-23.2,500,4760.814588
-23.2,500,4760.940004
-22.7,500,4761.064682
-22.9,500,4761.18982
-23.5,500,4761.316594
-22.6,500,4761.441344
-59.7,500,4761.56709
-50.7,500,4761.691818
-48.4,500,4761.816781
-46.9,500,4761.941819
-22.9,500,4762.066419
-28.2,500,4762.192049
-22.8,500,4762.317593
-22.1,500,4762.442083
-23.0,500,4762.567223
-22.8,500,4762.692283
-22.8,500,4762.81716
-22.7,500,4762.942181
-22.7,500,4763.067311
-23.1,500,4763.192754
-23.1,500,4763.319157
-23.0,500,4763.444365
-23.5,500,4763.569176
-23.4,500,4763.694103
-22.8,500,4763.818891
-23.5,500,4763.944208
-27.0,500,4764.07008
-22.9,500,4764.195128
-22.7,500,4764.320017
-22.7,500,4764.444818
-23.2,500,4764.569751
-23.0,500,4764.695439
-22.6,500,4764.820923
-22.9,500,4764.947168
-22.6,500,4765.072737
-22.8,500,4765.19743
-22.5,500,4765.322258
-22.6,500,4765.44713
-23.2,500,4765.572376
-23.0,500,4765.698236
-32.7,500,4765.823419
-23.3,500,4765.948722
-22.7,500,4766.073502
-23.3,500,4766.200186
-22.5,500,4766.327598
-23.4,500,4766.452901
-22.8,500,4766.577616
-22.5,500,4766.702473
-22.9,500,4766.827518
-23.4,500,4766.952762
-22.6,500,4767.077386
-22.7,500,4767.205549
-22.7,500,4767.368463
-22.0,500,4767.493974
-23.2,500,4767.618659
-23.2,500,4767.743126
-22.8,500,4767.867977
-22.9,500,4767.992529
-23.2,500,4768.117229
-29.1,500,4768.24189
-22.7,500,4768.367472
-22.7,500,4768.492585
-22.9,500,4768.617493
-22.7,500,4768.742816
-23.1,500,4768.867575
-23.3,500,4768.992026
-22.6,500,4769.116913
-22.7,500,4769.241332
-22.7,500,4769.366723
-23.3,500,4769.491088
-22.5,500,4769.615881
-22.5,500,4769.740916
-22.9,500,4769.865976
-23.2,500,4769.990798
-22.5,500,4770.116029
-22.7,500,4770.242285
-22.7,500,4770.367302
-23.0,500,4770.492017
-23.5,500,4770.616855
-22.7,500,4770.742167
-22.6,500,4770.868009
-22.7,500,4770.99271
-22.6,500,4771.117962
-22.9,500,4771.244932
-21.9,500,4771.370984
-22.4,500,4771.495583
-22.2,500,4771.62007
-21.9,500,4771.745304
-22.7,500,4771.870078
-23.3,500,4771.994279
-22.7,500,4772.119436
-23.1,500,4772.244133
-22.9,500,4772.369094
-22.5,500,4772.494692
-22.6,500,4772.619576
-22.9,500,4772.744063
-23.2,500,4772.868704
-23.8,500,4772.993188
-22.9,500,4773.117972
-23.4,500,4773.243612
-31.2,500,4773.367637
-22.9,500,4773.492781
-22.9,500,4773.617347
-23.3,500,4773.742094
-22.9,500,4773.866679
-22.7,500,4773.99172
-22.9,500,4774.117532
-22.5,500,4774.241889
-22.5,500,4774.367882
-22.8,500,4774.492668
-22.6,500,4774.617742
-22.3,500,4774.742895
-22.8,500,4774.868469
-22.6,500,4774.993173
-60.4,500,4775.118789
-22.7,500,4775.244344
-22.9,500,4775.36979
-22.6,500,4775.495078
-23.2,500,4775.620246
-23.1,500,4775.7456
-22.7,500,4775.871251
-22.8,500,4775.99687
-22.6,500,4776.122063
-24.1,500,4776.248706
-23.4,500,4776.374405
-22.7,500,4776.499994
-23.5,500,4776.625515
-22.6,500,4776.750576
-23.3,500,4776.875489
-22.9,500,4777.000884
-23.0,500,4777.125931
-22.9,500,4777.252863
-23.9,500,4777.377929
-24.0,500,4777.503033
-22.5,500,4777.628351
-22.9,500,4777.753183
-22.9,500,4777.878318
-23.5,500,4778.003299
-22.7,500,4778.12884
-22.6,500,4778.254085
-22.6,500,4778.379441
-36.5,500,4778.50559
-22.8,500,4778.63099
-23.7,500,4778.756009
-22.5,500,4778.882379
-22.8,500,4779.008835
-23.6,500,4779.133643
-22.5,500,4779.258834
-22.6,500,4779.383531
-22.9,500,4779.508624
-22.7,500,4779.634562
-22.8,500,4779.760169
-22.9,500,4779.885196
-23.2,500,4780.01004
-23.4,500,4780.135347
-23.4,500,4780.260093
-23.3,500,4780.385658
-23.7,500,4780.510506
-23.0,500,4780.635497
-23.4,500,4780.760323
-22.8,500,4780.884956
-23.1,500,4781.010513
-22.7,500,4781.135393
-22.6,500,4781.261816
-23.9,500,4781.386851
-28.8,500,4781.511651
-22.6,500,4781.637101
-22.9,500,4781.761675
-22.6,500,4781.886546
-22.8,500,4782.011652
-23.6,500,4782.136915
-23.8,500,4782.262194
-22.8,500,4782.387159
-22.6,500,4782.511648
-22.5,500,4782.636616
-41.5,500,4782.807625
-22.1,500,4782.933
-23.5,500,4783.057602
-22.8,500,4783.18283
-22.5,500,4783.308381
-23.4,500,4783.4333
-22.7,500,4783.558418
-22.6,500,4783.683199
-22.6,500,4783.807959
-23.4,500,4783.932566
-23.5,500,4784.05779
-23.5,500,4784.183348
-23.2,500,4784.308263
-22.6,500,4784.433048
-22.5,500,4784.557981
-23.0,500,4784.683045
-22.7,500,4784.807866
-22.5,500,4784.932792
-23.1,500,4785.057403
-32.8,500,4785.182371
-23.1,500,4785.307422
-23.1,500,4785.432071
-23.0,500,4785.557052
-22.8,500,4785.682078
-23.0,500,4785.811545
-22.6,500,4785.93674
-22.7,500,4786.061887
-22.7,500,4786.187139
-23.0,500,4786.313539
-22.7,500,4786.442081
-22.5,500,4786.567904
-22.7,500,4786.69297
-23.1,500,4786.818193
-23.3,500,4786.943132
-23.1,500,4787.068633
-22.5,500,4787.193385
-23.0,500,4787.319191
-23.1,500,4787.444711
-22.9,500,4787.570131
-22.6,500,4787.695168
-22.8,500,4787.820739
-25.0,500,4787.945958
-22.5,500,4788.071304
-22.5,500,4788.196451
-23.2,500,4788.321748
-23.0,500,4788.446797
-22.7,500,4788.57192
-23.7,500,4788.697204
-22.8,500,4788.822149
-22.5,500,4788.946783
-23.2,500,4789.07349
-22.9,500,4789.198658
-22.7,500,4789.324246
-25.7,500,4789.448995
-22.9,500,4789.573821
-23.8,500,4789.69896
-23.1,500,4789.824968
-22.5,500,4789.950021
-22.5,500,4790.075261
-23.6,500,4790.19995
-22.8,500,4790.325238
-22.9,500,4790.450155
-22.8,500,4790.574763
-29.7,500,4790.700692
-22.5,500,4790.826163
-23.2,500,4790.951291
-22.8,500,4791.076433
-22.7,500,4791.201436
-22.5,500,4791.328782
-23.1,500,4791.453643
-22.6,500,4791.578971
-22.6,500,4791.703657
-33.4,500,4791.828635
-22.7,500,4791.953587
-22.7,500,4792.079259
-22.8,500,4792.204333
-23.0,500,4792.329748
-22.7,500,4792.454886
-22.6,500,4792.58084
-23.1,500,4792.706337
-22.8,500,4792.832179
-22.7,500,4792.95871
-23.1,500,4793.084116
-23.1,500,4793.209465
-22.6,500,4793.33463
-23.2,500,4793.459546
-22.9,500,4793.585277
-23.1,500,4793.710545
-22.5,500,4793.835947
-22.6,500,4793.960615
-23.4,500,4794.085751
-23.0,500,4794.210657
-22.1,500,4794.335398
-23.0,500,4794.46101
-22.5,500,4794.587369
-23.1,500,4794.712265
-22.9,500,4794.837796
-22.5,500,4794.963
-24.1,500,4795.088111
-22.5,500,4795.213226
-22.9,500,4795.338695
-22.9,500,4795.463903
-23.1,500,4795.589543
-23.2,500,4795.714919
-22.8,500,4795.840118
-23.4,500,4795.965553
-23.0,500,4796.091338
-23.1,500,4796.216387
-68.4,500,4796.344356
-48.3,500,4796.469206
-47.9,500,4796.594066
-48.5,500,4796.719235
-47.4,500,4796.845087
-47.4,500,4796.970225
-47.5,500,4797.095863
-47.4,500,4797.220477
-47.0,500,4797.34563
-47.6,500,4797.470623
-47.5,500,4797.595972
-47.2,500,4797.761774
-47.7,500,4797.88684
-47.5,500,4798.012022
-47.2,500,4798.137675
-47.1,500,4798.26352
-47.0,500,4798.388719
-47.5,500,4798.513305
-47.2,500,4798.638427
-47.5,500,4798.763168
-47.9,500,4798.887914
-47.5,500,4799.013152
-47.5,500,4799.138404
-48.2,500,4799.263404
-47.2,500,4799.388453
-47.3,500,4799.513418
-47.4,500,4799.638807
-47.1,500,4799.763241
-47.3,500,4799.88886
-48.0,500,4800.013835
-48.0,500,4800.13893
-47.3,500,4800.264322
-48.2,500,4800.389655
-47.8,500,4800.514791
-47.1,500,4800.639822
-47.3,500,4800.765695
-47.4,500,4800.892111
-47.0,500,4801.017398
-47.5,500,4801.143244
-47.4,500,4801.270248
-47.7,500,4801.396041
-47.2,500,4801.52143
-47.4,500,4801.646791
-47.3,500,4801.772059
-47.5,500,4801.896867
-23.4,500,4802.021682
-23.3,500,4802.146625
-22.7,500,4802.271465
-22.6,500,4802.397035
-47.9,500,4802.523652
-47.3,500,4802.649038
-47.1,500,4802.77423
-48.4,500,4802.899458
-47.9,500,4803.024408
-48.2,500,4803.149255
-47.4,500,4803.274948
-47.0,500,4803.400199
-47.0,500,4803.525222
-47.8,500,4803.650699
-47.2,500,4803.775659
-47.2,500,4803.90057
-47.0,500,4804.026841
-47.8,500,4804.152245
-47.0,500,4804.277747
-48.2,500,4804.402883
-47.2,500,4804.527984
-48.2,500,4804.652901
-47.3,500,4804.778592
-47.2,500,4804.904137
-47.6,500,4805.029641
-47.4,500,4805.154591
-47.0,500,4805.279752
-48.0,500,4805.40458
-47.1,500,4805.529752
-47.4,500,4805.654825
-47.6,500,4805.780101
-47.2,500,4805.905357
-47.2,500,4806.030413
-47.6,500,4806.155419
-47.5,500,4806.282515
-47.4,500,4806.408181
-47.6,500,4806.533287
-47.1,500,4806.658206
-47.1,500,4806.782991
-47.5,500,4806.90813
-48.0,500,4807.03337
-47.2,500,4807.159618
-47.4,500,4807.284878
-48.0,500,4807.410109
-47.3,500,4807.535385
-47.2,500,4807.66013
-47.4,500,4807.78588
-47.5,500,4807.911319
-47.2,500,4808.036653
-24.9,500,4808.161635
-22.6,500,4808.286549
-23.6,500,4808.412208
-23.5,500,4808.537041
-22.8,500,4808.662478
-23.4,500,4808.787537
-22.9,500,4808.913124
-22.5,500,4809.038679
-23.2,500,4809.163418
-23.7,500,4809.289062
-22.8,500,4809.414283
-22.9,500,4809.538921
-22.6,500,4809.663752
-22.9,500,4809.788221
-22.7,500,4809.913331
-22.6,500,4810.038884
-22.8,500,4810.16465
-22.7,500,4810.289531
-22.9,500,4810.414532
-23.2,500,4810.539346
-23.1,500,4810.664587
-23.5,500,4810.789852
-22.7,500,4810.915588
-22.6,500,4811.040888
-22.5,500,4811.166118
-24.0,500,4811.293321
-23.1,500,4811.418582
-22.6,500,4811.543562
-22.5,500,4811.668552
-22.8,500,4811.793796
-23.8,500,4811.918794
-22.5,500,4812.043944
-22.7,500,4812.168345
-23.1,500,4812.293078
-46.2,500,4812.418363
-23.2,500,4812.543912
-22.6,500,4812.669379
-23.3,500,4812.794549
-5.6,500,4812.919257
-24.4,500,4813.044317
-23.0,500,4813.169824
-22.6,500,4813.295743
-23.2,500,4813.464204
-23.3,500,4813.589031
-23.0,500,4813.714332
-23.1,500,4813.838771
-22.8,500,4813.964106
-23.2,500,4814.089378
-23.0,500,4814.214375
-22.9,500,4814.338901
-22.8,500,4814.463844
-22.6,500,4814.588548
-23.0,500,4814.712863
-23.1,500,4814.837869
-23.5,500,4814.9632
-22.6,500,4815.087947
-22.9,500,4815.21245
-23.0,500,4815.337187
-23.3,500,4815.461822
-23.1,500,4815.586418
-22.6,500,4815.711145
-22.7,500,4815.836603
-22.6,500,4815.961597
-24.4,500,4816.086372
-69.4,500,4816.211707
-48.0,500,4816.339136
-47.9,500,4816.464912
-47.5,500,4816.590666
-47.1,500,4816.715863
-47.7,500,4816.840305
-47.4,500,4816.965085
-47.4,500,4817.090112
-47.3,500,4817.215018
-47.8,500,4817.340794
-47.3,500,4817.466007
-47.3,500,4817.591069
-47.7,500,4817.715761
-47.1,500,4817.840566
-47.4,500,4817.965259
-47.2,500,4818.091052
-48.4,500,4818.21618
-47.4,500,4818.340878
-47.3,500,4818.466379
-47.2,500,4818.591463
-48.1,500,4818.716766
-23.1,500,4818.841699
-22.7,500,4818.96664
-23.3,500,4819.091607
-22.9,500,4819.216489
-23.6,500,4819.341342
-23.5,500,4819.466707
-23.4,500,4819.591956
-23.0,500,4819.717667
-23.5,500,4819.843082
-23.0,500,4819.968567
-22.7,500,4820.093837
-23.1,500,4820.218924
-22.7,500,4820.343715
-23.3,500,4820.469712
-49.3,500,4820.595763
-25.3,500,4820.721273
-22.7,500,4820.846045
-23.0,500,4820.97107
-24.2,500,4821.095875
-23.1,500,4821.221067
-22.9,500,4821.348509
-23.6,500,4821.474139
-22.7,500,4821.598869
-23.0,500,4821.724127
-22.5,500,4821.849068
-22.6,500,4821.973753
-23.2,500,4822.098654
-22.6,500,4822.223298
-22.6,500,4822.348151
-22.5,500,4822.473665
-22.9,500,4822.598545
-24.1,500,4822.723866
-22.7,500,4822.848881
-23.3,500,4822.974489
-22.7,500,4823.099446
-22.6,500,4823.224515
-22.9,500,4823.349946
-22.8,500,4823.475124
-27.7,500,4823.600209
-25.2,500,4823.726081
-23.3,500,4823.851191
-22.8,500,4823.976392
-22.5,500,4824.101396
-22.8,500,4824.226668
-22.9,500,4824.351824
-23.3,500,4824.476327
-23.6,500,4824.602143
-22.7,500,4824.727365
-22.8,500,4824.852219
-28.3,500,4824.977973
-25.8,500,4825.102926
-22.5,500,4825.227797
-22.8,500,4825.353373
-23.0,500,4825.478795
-22.6,500,4825.604156
-23.4,500,4825.729143
-22.8,500,4825.854187
-23.2,500,4825.979421
-23.2,500,4826.105063
-102.7,500,4826.231948
-23.4,500,4826.359639
-23.3,500,4826.485692
-22.8,500,4826.611055
-27.1,500,4826.735717
-22.7,500,4826.861985
-22.7,500,4826.986696
-22.5,500,4827.112233
-22.5,500,4827.237038
-22.6,500,4827.362229
-22.7,500,4827.487778
-22.6,500,4827.628289
-22.9,500,4827.770382
-22.9,500,4827.905606
-22.8,500,4828.047592
-22.6,500,4828.238184
-24.0,500,4828.366399
-22.7,500,4828.491826
-22.5,500,4828.617875
-23.7,500,4828.742886
-23.0,500,4828.868635
-22.6,500,4828.993448
-22.9,500,4829.117984
-22.9,500,4829.243257
-22.8,500,4829.368189
-22.6,500,4829.497173
-25.8,500,4829.635815
-22.9,500,4829.760457
-22.9,500,4829.88609
-22.8,500,4830.010937
-22.6,500,4830.136095
-22.8,500,4830.261609
-24.2,500,4830.386664
-23.6,500,4830.511442
-22.8,500,4830.637414
-24.0,500,4830.768649
-24.3,500,4830.894406
-22.8,500,4831.019456
-22.6,500,4831.145523
-22.6,500,4831.272075
-22.9,500,4831.397962
-22.6,500,4831.523735
-22.8,500,4831.648504
-23.2,500,4831.773843
-24.5,500,4831.898733
-26.7,500,4832.024242
-126.5,500,4832.149714
-47.7,500,4832.27483
-27.4,500,4832.400164
-23.1,500,4832.525122
-22.7,500,4832.650058
-22.7,500,4832.775011
-22.5,500,4832.900402
-24.8,500,4833.027037
-23.2,500,4833.152474
-22.8,500,4833.277777
-23.1,500,4833.403061
-22.9,500,4833.527985
-23.3,500,4833.653597
-23.1,500,4833.780025
-23.7,500,4833.905629
-22.5,500,4834.030613
-23.1,500,4834.155314
-23.4,500,4834.27988
-23.5,500,4834.404333
-25.1,500,4834.530069
-23.2,500,4834.655081
-22.9,500,4834.779641
-22.8,500,4834.905195
-25.0,500,4835.030022
-22.5,500,4835.15553
-22.7,500,4835.280907
-22.8,500,4835.406183
-22.6,500,4835.531128
-22.8,500,4835.65611
-23.1,500,4835.780936
-23.4,500,4835.90559
-23.5,500,4836.030122
-23.0,500,4836.155661
-23.6,500,4836.281878
-22.8,500,4836.408173
-22.9,500,4836.533892
-23.4,500,4836.659492
-23.3,500,4836.785468
-22.8,500,4836.910856
-22.8,500,4837.035975
-24.3,500,4837.161398
-23.0,500,4837.286121
-23.1,500,4837.411211
-22.5,500,4837.53736
-23.1,500,4837.663862
-22.9,500,4837.788793
-23.1,500,4837.913919
-23.1,500,4838.039144
-22.8,500,4838.163861
-28.1,500,4838.28871
-22.9,500,4838.41395
-22.6,500,4838.53957
-22.6,500,4838.664691
-22.9,500,4838.789996
-26.4,500,4838.915625
-22.1,500,4839.060466
-142.6,500,4839.185803
-22.9,500,4839.310558
-22.5,500,4839.435347
-22.5,500,4839.56014
-23.0,500,4839.68452
-22.6,500,4839.809981
-23.4,500,4839.93556
-22.7,500,4840.060557
-23.1,500,4840.185349
-23.9,500,4840.309955
-23.1,500,4840.435235
-23.2,500,4840.560052
-143.4,500,4840.685343
-37.2,500,4840.810425
-23.5,500,4840.934731
-23.1,500,4841.059171
-22.7,500,4841.184521
-22.7,500,4841.31131
-88.4,500,4841.437222
-22.7,500,4841.56281
-22.7,500,4841.687804
-23.1,500,4841.813213
-23.2,500,4841.937983
-23.5,500,4842.062865
-22.6,500,4842.187477
-23.0,500,4842.312561
-22.6,500,4842.439115
-22.8,500,4842.563745
-23.1,500,4842.688967
-22.7,500,4842.813845
-22.7,500,4842.938775
-22.9,500,4843.102605
-23.0,500,4843.22782
-23.5,500,4843.352838
-23.6,500,4843.477665
-23.3,500,4843.602961
-22.7,500,4843.729171
-32.1,500,4843.854266
-22.9,500,4843.979651
-22.5,500,4844.104576
-22.7,500,4844.229992
-23.1,500,4844.354938
-22.5,500,4844.480216
-23.4,500,4844.605514
-22.9,500,4844.730705
-22.6,500,4844.855818
-22.6,500,4844.981006
-22.7,500,4845.106159
-22.7,500,4845.23207
-23.3,500,4845.357616
-22.8,500,4845.483147
-22.9,500,4845.608158
-23.7,500,4845.733371
-27.2,500,4845.858138
-23.2,500,4845.983855
-22.7,500,4846.109949
-48.5,500,4846.235955
-25.3,500,4846.363958
-23.6,500,4846.489666
-22.7,500,4846.614991
-22.8,500,4846.739911
-23.0,500,4846.865429
-22.6,500,4846.990264
-22.8,500,4847.115261
-37.3,500,4847.240323
-23.0,500,4847.365265
-22.7,500,4847.49052
-22.8,500,4847.616214
-23.4,500,4847.74233
-22.7,500,4847.867119
-23.5,500,4847.992013
-22.7,500,4848.116856
-25.5,500,4848.241661
-22.9,500,4848.367741
-24.1,500,4848.492612
-22.8,500,4848.617579
-24.0,500,4848.742827
-22.7,500,4848.867717
-22.9,500,4848.99291
-22.9,500,4849.117838
-23.3,500,4849.242583
-22.7,500,4849.368063
-23.0,500,4849.492934
-22.8,500,4849.61835
-22.9,500,4849.743277
-23.1,500,4849.867894
-23.4,500,4849.993953
-22.7,500,4850.119607
-23.9,500,4850.245143
-23.6,500,4850.37019
-22.5,500,4850.495054
-22.5,500,4850.620422
-22.6,500,4850.745676
-23.7,500,4850.870197
-23.4,500,4850.995215
-23.6,500,4851.12029
-22.5,500,4851.245476
-22.6,500,4851.373229
-23.6,500,4851.499257
-22.5,500,4851.624319
-22.8,500,4851.749267
-23.0,500,4851.87415
-22.9,500,4851.999085
-22.5,500,4852.1246
-22.7,500,4852.250008
-22.9,500,4852.375391
-22.8,500,4852.500637
-22.8,500,4852.625847
-29.6,500,4852.751619
-23.0,500,4852.877948
-22.5,500,4853.002915
-22.6,500,4853.128572
-22.7,500,4853.253446
-23.0,500,4853.378779
-37.6,500,4853.504286
-78.2,500,4853.630537
-72.7,500,4853.755327
-23.2,500,4853.880322
-23.0,500,4854.005189
-22.9,500,4854.13027
-22.9,500,4854.254761
-22.7,500,4854.379541
-22.5,500,4854.505343
-23.9,500,4854.631846
-23.1,500,4854.756974
-23.2,500,4854.881955
-24.1,500,4855.007211
-22.4,500,4855.132299
-22.4,500,4855.258031
-23.0,500,4855.383163
-22.9,500,4855.508363
-22.5,500,4855.633224
-22.7,500,4855.758186
-45.9,500,4855.883413
-22.9,500,4856.00852
-22.8,500,4856.134527
-22.8,500,4856.261693
-22.7,500,4856.388227
-22.6,500,4856.513545
-23.4,500,4856.638674
-23.0,500,4856.763146
-22.8,500,4856.888645
-23.4,500,4857.013127
-22.7,500,4857.138063
-22.9,500,4857.263323
-22.9,500,4857.388629
-22.8,500,4857.550378
-21.7,500,4857.67765
-23.1,500,4857.806689
-22.5,500,4857.931507
-22.7,500,4858.056153
-23.5,500,4858.180885
-22.7,500,4858.306559
-23.2,500,4858.434824
-23.2,500,4858.560083
-23.2,500,4858.68498
-23.0,500,4858.810612
-22.9,500,4858.935436
-25.4,500,4859.061147
-25.0,500,4859.186075
-22.9,500,4859.310768
-23.2,500,4859.435397
-23.2,500,4859.560517
-23.0,500,4859.685436
-67.9,500,4859.810259
-47.9,500,4859.935818
-47.3,500,4860.062176
-23.1,500,4860.187294
-23.2,500,4860.312749
-23.6,500,4860.437879
-28.3,500,4860.563034
-24.6,500,4860.68929
-23.3,500,4860.819882
-30.0,500,4860.94466
-26.3,500,4861.069338
-23.6,500,4861.194237
-23.0,500,4861.320427
-22.7,500,4861.446667
-22.7,500,4861.572415
-22.9,500,4861.69743
-22.9,500,4861.82248
-32.1,500,4861.947802
-25.2,500,4862.072427
-22.8,500,4862.197682
-22.7,500,4862.322776
-27.8,500,4862.447466
-23.0,500,4862.57245
-26.3,500,4862.697483
-25.2,500,4862.822821
-24.3,500,4862.947412
-23.2,500,4863.072556
-22.6,500,4863.197311
-23.0,500,4863.322034
-22.9,500,4863.446855
-23.3,500,4863.571901
-22.9,500,4863.696922
-23.5,500,4863.822746
-30.9,500,4863.948509
-22.7,500,4864.073938
-22.5,500,4864.198982
-22.6,500,4864.323954
-30.6,500,4864.448896
-24.1,500,4864.574113
-22.5,500,4864.699951
-22.6,500,4864.824616
-25.4,500,4864.949853
-22.7,500,4865.07515
-22.6,500,4865.200304
-23.4,500,4865.325908
-23.2,500,4865.450584
-23.7,500,4865.576392
-22.9,500,4865.701327
-22.7,500,4865.826351
-144.8,500,4865.951635
-23.6,500,4866.078
-23.8,500,4866.205451
-23.1,500,4866.333037
-23.2,500,4866.458838
-23.7,500,4866.584088
-22.9,500,4866.709336
-23.8,500,4866.834977
-22.6,500,4866.960385
-22.9,500,4867.085226
-22.7,500,4867.209934
-22.5,500,4867.335029
-22.9,500,4867.460195
-22.5,500,4867.585257
-22.8,500,4867.710032
-26.8,500,4867.835304
-22.7,500,4867.960022
-23.4,500,4868.090894
-22.7,500,4868.217068
-22.6,500,4868.345393
-22.5,500,4868.471525
-23.7,500,4868.597424
-22.9,500,4868.724044
-22.7,500,4868.849694
-22.8,500,4868.975197
-22.8,500,4869.10074
-23.1,500,4869.226564
-31.4,500,4869.352031
-24.3,500,4869.476968
-22.9,500,4869.602244
-23.2,500,4869.727399
-22.9,500,4869.852646
-22.7,500,4869.978135
-22.6,500,4870.104146
-22.9,500,4870.229809
-26.1,500,4870.355625
-22.6,500,4870.480677
-22.8,500,4870.607391
-22.8,500,4870.733369
-33.5,500,4870.85933
-22.6,500,4870.985574
-23.3,500,4871.111019
-23.7,500,4871.237277
-23.0,500,4871.364499
-22.8,500,4871.489843
-22.7,500,4871.616517
-22.7,500,4871.741603
-22.7,500,4871.867976
-22.8,500,4871.993858
-23.8,500,4872.118931
-31.9,500,4872.244486
-22.6,500,4872.370475
-22.7,500,4872.497757
-22.9,500,4872.624535
-23.5,500,4872.750276
-22.5,500,4872.876219
-23.4,500,4873.002754
-23.3,500,4873.12793
-22.7,500,4873.291439
-22.9,500,4873.417594
-27.8,500,4873.542705
-113.5,500,4873.668389
-56.7,500,4873.794845
-51.0,500,4873.920686
-48.4,500,4874.045634
-47.8,500,4874.171264
-24.2,500,4874.296927
-26.2,500,4874.422268
-23.7,500,4874.547798
-23.1,500,4874.67275
-23.6,500,4874.798263
-25.5,500,4874.923457
-22.1,500,4875.049946
-23.0,500,4875.176531
-22.6,500,4875.302442
-23.0,500,4875.428899
-24.0,500,4875.554211
-23.3,500,4875.680296
-22.7,500,4875.806419
-22.9,500,4875.93182
-24.0,500,4876.057312
-23.2,500,4876.182496
-23.0,500,4876.309169
-23.0,500,4876.434308
-23.6,500,4876.567432
-22.8,500,4876.711775
-23.0,500,4876.849876
-22.7,500,4876.989947
-22.6,500,4877.124287
-22.9,500,4877.262994
-24.1,500,4877.388784
-22.9,500,4877.51448
-22.6,500,4877.640295
-41.4,500,4877.765628
-22.6,500,4877.890789
-23.2,500,4878.015847
-22.5,500,4878.141219
-23.4,500,4878.266675
-22.6,500,4878.396907
-22.7,500,4878.537436
-26.4,500,4878.663036
-23.7,500,4878.788265
-26.7,500,4878.913315
-23.3,500,4879.038665
-23.1,500,4879.1644
-24.7,500,4879.292186
-22.7,500,4879.416996
-23.1,500,4879.542029
-23.1,500,4879.667346
-22.7,500,4879.792949
-22.6,500,4879.918407
-22.5,500,4880.044238
-22.5,500,4880.17536
-22.7,500,4880.3012
-23.3,500,4880.426732
-22.6,500,4880.552964
-23.7,500,4880.677804
-22.5,500,4880.803464
-22.6,500,4880.928615
-49.2,500,4881.053827
-22.9,500,4881.17859
-23.2,500,4881.304207
-22.9,500,4881.429863
-22.8,500,4881.554924
-22.9,500,4881.680623
-22.7,500,4881.805906
-22.7,500,4881.930308
-25.0,500,4882.055386
-23.0,500,4882.180564
-22.5,500,4882.305312
-23.6,500,4882.431101
-22.6,500,4882.556281
-23.7,500,4882.681024
-22.6,500,4882.806006
-23.6,500,4882.93123
-53.7,500,4883.056391
-47.1,500,4883.182719
-47.4,500,4883.309903
-47.7,500,4883.435839
-23.2,500,4883.561568
-24.6,500,4883.686409
-23.3,500,4883.810796
-22.2,500,4883.935566
-23.4,500,4884.061028
-22.8,500,4884.186337
-22.5,500,4884.311217
-23.4,500,4884.435769
-29.5,500,4884.560529
-23.1,500,4884.685797
-22.9,500,4884.811048
-22.6,500,4884.936028
-22.3,500,4885.061201
-22.7,500,4885.18655
-23.0,500,4885.31162
-23.9,500,4885.437209
-22.5,500,4885.563503
-22.8,500,4885.689178
-24.6,500,4885.814579
-23.0,500,4885.939516
-22.6,500,4886.064633
-22.8,500,4886.189629
-138.7,500,4886.316719
-26.0,500,4886.442897
-22.3,500,4886.567757
-22.0,500,4886.692946
-22.3,500,4886.818692
-22.3,500,4886.943354
-127.6,500,4887.069501
-24.2,500,4887.195672
-22.6,500,4887.321377
-46.7,500,4887.446567
-23.4,500,4887.571858
-22.9,500,4887.696851
-22.8,500,4887.822131
-22.9,500,4887.994613
-22.6,500,4888.120405
-22.0,500,4888.245675
-22.7,500,4888.371225
-24.1,500,4888.496564
-22.5,500,4888.62146
-22.8,500,4888.746843
-22.7,500,4888.871642
-22.8,500,4888.996698
-27.9,500,4889.122441
-22.8,500,4889.248348
-22.7,500,4889.374374
-22.7,500,4889.499585
-22.7,500,4889.62461
-22.6,500,4889.750396
-23.1,500,4889.876167
-22.7,500,4890.001294
-23.4,500,4890.127026
-22.9,500,4890.25225
-22.8,500,4890.377762
-23.1,500,4890.502832
-22.6,500,4890.628721
-23.1,500,4890.754811
-23.1,500,4890.880147
-22.9,500,4891.005361
-55.9,500,4891.131237
-23.1,500,4891.257257
-22.6,500,4891.384799
-23.0,500,4891.509886
-23.1,500,4891.634872
-22.8,500,4891.759468
-22.6,500,4891.885292
-23.6,500,4892.010439
-22.5,500,4892.135167
-36.3,500,4892.260746
-23.4,500,4892.386055
-22.5,500,4892.511053
-23.3,500,4892.636167
-23.3,500,4892.761031
-22.9,500,4892.885803
-22.8,500,4893.011516
-23.0,500,4893.13826
-22.6,500,4893.263131
-22.7,500,4893.387845
-22.9,500,4893.512673
-63.1,500,4893.637772
-48.2,500,4893.762726
-48.1,500,4893.888366
-49.3,500,4894.013521
-48.7,500,4894.138278
-49.5,500,4894.263127
-22.7,500,4894.388933
-23.6,500,4894.514509
-23.3,500,4894.640142
-22.6,500,4894.765662
-22.8,500,4894.891226
-22.5,500,4895.016027
-23.7,500,4895.141099
-25.4,500,4895.266165
-33.1,500,4895.391246
-24.0,500,4895.517372
-23.3,500,4895.643338
-23.1,500,4895.76857
-22.5,500,4895.894036
-23.1,500,4896.019392
-22.5,500,4896.144885
-22.9,500,4896.270275
-23.1,500,4896.39777
-23.4,500,4896.522883
-22.9,500,4896.647634
-22.8,500,4896.772578
-22.7,500,4896.897708
-22.9,500,4897.022906
-22.8,500,4897.147853
-23.2,500,4897.272734
-22.7,500,4897.397705
-22.8,500,4897.522528
-23.1,500,4897.647316
-22.5,500,4897.773254
-21.9,500,4897.899651
-27.2,500,4898.024579
-64.9,500,4898.150094
-48.2,500,4898.274966
-51.2,500,4898.400183
-48.4,500,4898.526122
-22.7,500,4898.650994
-23.5,500,4898.776105
-22.2,500,4898.90086
-23.1,500,4899.02574
-22.9,500,4899.150982
-22.5,500,4899.276748
-23.3,500,4899.403166
-25.2,500,4899.528614
-23.3,500,4899.654263
-22.9,500,4899.778984
-23.0,500,4899.903975
-23.7,500,4900.030111
-22.9,500,4900.155429
-22.5,500,4900.280451
-22.7,500,4900.405826
-23.0,500,4900.530544
-23.2,500,4900.656871
-22.9,500,4900.782172
-22.6,500,4900.906921
-22.8,500,4901.03244
-24.7,500,4901.158007
-23.2,500,4901.282479
-23.1,500,4901.410399
-23.2,500,4901.536361
-22.6,500,4901.66159
-22.7,500,4901.78673
-22.5,500,4901.911891
-22.7,500,4902.036363
-23.5,500,4902.160894
-22.5,500,4902.286055
-22.7,500,4902.410745
-25.1,500,4902.535326
-22.7,500,4902.660158
-22.9,500,4902.823877
-22.7,500,4902.94901
-22.6,500,4903.074024
-31.8,500,4903.198989
-23.8,500,4903.324355
-23.1,500,4903.450028
-25.9,500,4903.574803
-23.2,500,4903.700666
-23.8,500,4903.827446
-27.6,500,4903.952612
-22.8,500,4904.077812
-22.9,500,4904.202663
-22.7,500,4904.327418
-23.2,500,4904.45285
-23.9,500,4904.57805
-22.8,500,4904.702946
-22.9,500,4904.827974
-22.6,500,4904.953477
-22.7,500,4905.078744
-32.1,500,4905.204139
-22.1,500,4905.329415
-23.2,500,4905.453943
-22.8,500,4905.578942
-22.6,500,4905.704106
-22.6,500,4905.829395
-22.8,500,4905.954256
-23.2,500,4906.079735
-23.5,500,4906.204657
-22.6,500,4906.331458
-22.7,500,4906.457203
-23.8,500,4906.582573
-21.9,500,4906.707607
-22.8,500,4906.836116
-23.8,500,4906.960858
-22.5,500,4907.085874
-22.7,500,4907.210899
-23.0,500,4907.336475
-22.7,500,4907.465756
-30.3,500,4907.5913
-22.6,500,4907.716546
-23.2,500,4907.841118
-22.7,500,4907.966072
-22.5,500,4908.091969
-23.1,500,4908.217781
-23.8,500,4908.342853
-22.5,500,4908.467785
-23.1,500,4908.592659
-22.9,500,4908.71735
-23.1,500,4908.84182
-22.7,500,4908.967468
-44.3,500,4909.092373
-24.1,500,4909.216965
-28.9,500,4909.342733
-23.9,500,4909.468104
-22.2,500,4909.593253
-23.1,500,4909.718815
-25.0,500,4909.844674
-24.6,500,4909.970121
-24.2,500,4910.094881
-23.4,500,4910.220125
-23.9,500,4910.344996
-23.0,500,4910.470194
-22.5,500,4910.596348
-23.1,500,4910.721739
-21.7,500,4910.846915
-23.1,500,4910.972127
-21.7,500,4911.097232
-22.1,500,4911.22233
-22.7,500,4911.349164
-23.7,500,4911.474791
-21.7,500,4911.59986
-23.1,500,4911.72447
-25.5,500,4911.849651
-23.5,500,4911.974836
-21.6,500,4912.10002
-27.2,500,4912.224702
-22.6,500,4912.349934
-23.5,500,4912.475131
-22.6,500,4912.600725
-22.0,500,4912.725501
-22.2,500,4912.850409
-21.9,500,4912.976113
-22.4,500,4913.100792
-22.7,500,4913.226032
-22.3,500,4913.351375
-22.3,500,4913.476592
-23.2,500,4913.602078
-22.3,500,4913.727525
-23.5,500,4913.853044
-24.7,500,4913.980091
-22.5,500,4914.104862
-23.7,500,4914.229926
-22.6,500,4914.354602
-22.1,500,4914.479475
-23.1,500,4914.604396
-21.9,500,4914.729727
-22.1,500,4914.854851
-22.3,500,4914.979524
-110.9,500,4915.104996
-22.8,500,4915.229995
-22.2,500,4915.354899
-21.9,500,4915.480523
-21.6,500,4915.607205
-24.8,500,4915.732679
-22.9,500,4915.858397
-22.4,500,4915.984026
-44.6,500,4916.10922
-22.9,500,4916.234946
-21.8,500,4916.362687
-22.9,500,4916.487546
-22.9,500,4916.612412
-22.5,500,4916.737264
-24.1,500,4916.86155
-44.4,500,4916.986947
-22.0,500,4917.112699
-23.0,500,4917.238185
-22.2,500,4917.363438
-22.6,500,4917.488463
-22.9,500,4917.613799
-22.9,500,4917.739495
-22.6,500,4917.864611
-24.2,500,4917.989863
-22.9,500,4918.11492
-22.8,500,4918.240531
-23.4,500,4918.365953
-8.0,500,4918.491412
-24.0,500,4918.617125
-22.5,500,4918.782109
-2.9,500,4918.907322
-23.2,500,4919.031985
-21.2,500,4919.157559
-22.1,500,4919.282926
-26.8,500,4919.407777
-21.7,500,4919.533504
-22.9,500,4919.658567
-23.1,500,4919.783464
-21.9,500,4919.908803
-22.1,500,4920.033627
-22.7,500,4920.158713
-22.6,500,4920.283962
-22.6,500,4920.408341
-24.3,500,4920.533234
-24.0,500,4920.658193
-23.0,500,4920.783658
-22.8,500,4920.908629
-22.6,500,4921.033602
-23.1,500,4921.158905
-23.3,500,4921.283943
-21.6,500,4921.41123
-22.7,500,4921.536163
-22.8,500,4921.661402
-22.8,500,4921.786329
-23.8,500,4921.911239
-27.2,500,4922.036916
-23.5,500,4922.161576
-24.3,500,4922.287325
-22.0,500,4922.412339
-23.8,500,4922.537738
-23.5,500,4922.662689
-22.9,500,4922.787727
-22.6,500,4922.912505
-23.5,500,4923.038359
-23.6,500,4923.163279
-23.2,500,4923.288696
-22.5,500,4923.414102
-22.7,500,4923.539484
-22.5,500,4923.66425
-24.5,500,4923.789964
-23.6,500,4923.915208
-23.2,500,4924.041087
-23.8,500,4924.165878
-23.0,500,4924.29093
-22.8,500,4924.416187
-22.9,500,4924.541959
-22.7,500,4924.667728
-23.0,500,4924.793022
-23.1,500,4924.918056
-23.5,500,4925.043199
-22.5,500,4925.16872
-22.6,500,4925.294043
-22.7,500,4925.419539
-22.6,500,4925.54655
-22.9,500,4925.671992
-22.8,500,4925.797066
-22.6,500,4925.921519
-22.9,500,4926.046445
-22.6,500,4926.171398
-22.7,500,4926.297175
-22.7,500,4926.424551
-22.8,500,4926.549893
-22.9,500,4926.67512
-22.8,500,4926.799942
-23.3,500,4926.924988
-63.1,500,4927.050896
-22.1,500,4927.175942
-23.5,500,4927.300528
-44.8,500,4927.42587
-25.0,500,4927.551321
-23.3,500,4927.676164
-27.6,500,4927.801923
-23.5,500,4927.926356
-23.5,500,4928.051529
-23.9,500,4928.176745
-23.5,500,4928.301602
-23.1,500,4928.426734
-24.3,500,4928.552059
-22.6,500,4928.677337
-22.4,500,4928.803348
-25.8,500,4928.928836
-41.7,500,4929.054064
-22.8,500,4929.178906
-23.2,500,4929.303919
-23.3,500,4929.428461
-22.6,500,4929.55502
-23.5,500,4929.680504
-22.5,500,4929.805772
-29.0,500,4929.930978
-22.8,500,4930.056323
-22.7,500,4930.181092
-25.1,500,4930.306142
-23.0,500,4930.431483
-22.7,500,4930.557088
-23.3,500,4930.681885
-22.6,500,4930.80692
-22.6,500,4930.932447
-22.7,500,4931.057457
-23.2,500,4931.182546
-22.8,500,4931.308147
-22.9,500,4931.434115
-36.2,500,4931.559397
-25.9,500,4931.684726
-23.0,500,4931.810074
-25.6,500,4931.935128
-55.6,500,4932.060544
-22.7,500,4932.185885
-22.7,500,4932.310892
-22.7,500,4932.436024
-24.7,500,4932.562332
-24.2,500,4932.688521
-23.9,500,4932.813368
-24.0,500,4932.938832
-23.8,500,4933.064036
-30.8,500,4933.189094
-22.5,500,4933.314437
-23.6,500,4933.439898
-22.8,500,4933.564755
-23.6,500,4933.689313
-23.9,500,4933.814531
-23.2,500,4933.939872
-22.6,500,4934.064616
-22.6,500,4934.190811
-22.8,500,4934.356576
-22.7,500,4934.481321
-22.7,500,4934.606795
-23.5,500,4934.731363
-22.8,500,4934.8562
-22.7,500,4934.981493
-24.6,500,4935.106691
-24.7,500,4935.231909
-83.8,500,4935.357049
-23.4,500,4935.482118
-24.9,500,4935.608199
-24.1,500,4935.73344
-23.4,500,4935.85893
-23.0,500,4935.984051
-22.6,500,4936.108776
-23.0,500,4936.233218
-22.8,500,4936.360413
-23.2,500,4936.485578
-22.8,500,4936.610574
-23.5,500,4936.735672
-22.8,500,4936.860877
-22.6,500,4936.985669
-22.1,500,4937.111955
-24.1,500,4937.238804
-23.2,500,4937.363823
-24.3,500,4937.48909
-24.6,500,4937.614331
-22.2,500,4937.73965
-22.2,500,4937.865333
-23.6,500,4937.991326
-22.4,500,4938.116367
-22.6,500,4938.241569
-22.8,500,4938.367388
-22.7,500,4938.492421
-22.9,500,4938.617706
-23.2,500,4938.744447
-21.9,500,4938.869545
-22.1,500,4938.994156
-22.8,500,4939.119094
-23.0,500,4939.243743
-23.1,500,4939.369065
-23.0,500,4939.494772
-22.9,500,4939.619833
-22.8,500,4939.745016
-23.8,500,4939.870151
-23.1,500,4939.99517
-25.9,500,4940.12118
-22.9,500,4940.246949
-22.6,500,4940.372304
-22.7,500,4940.497326
-23.0,500,4940.622673
-23.4,500,4940.747401
-22.7,500,4940.873016
-23.3,500,4940.998258
-23.3,500,4941.123595
-22.8,500,4941.24911
-24.3,500,4941.376494
-26.3,500,4941.501441
-23.0,500,4941.626407
-23.6,500,4941.751659
-22.8,500,4941.876101
-23.3,500,4942.000606
-23.2,500,4942.125586
-22.8,500,4942.250365
-23.1,500,4942.375573
-22.9,500,4942.50047
-23.1,500,4942.626166
-21.4,500,4942.750732
-23.6,500,4942.876083
-22.6,500,4943.001278
-23.0,500,4943.126108
-23.3,500,4943.250827
-22.8,500,4943.37599
-23.1,500,4943.50148
-22.5,500,4943.646296
-23.0,500,4943.787738
-23.1,500,4943.925417
-22.8,500,4944.062686
-23.1,500,4944.201656
-22.5,500,4944.334181
-22.7,500,4944.459574
-22.6,500,4944.585586
-22.9,500,4944.711553
-22.6,500,4944.836587
-24.7,500,4944.961407
-23.3,500,4945.086083
-22.5,500,4945.21146
-22.9,500,4945.337277
-22.6,500,4945.467843
-22.6,500,4945.609345
-22.5,500,4945.734763
-23.1,500,4945.860401
-23.4,500,4945.986526
-22.8,500,4946.111269
-22.7,500,4946.236612
-23.5,500,4946.363113
-23.4,500,4946.488602
-23.4,500,4946.613757
-22.9,500,4946.73875
-23.6,500,4946.864601
-24.3,500,4946.989943
-23.2,500,4947.115055
-22.7,500,4947.240385
-23.1,500,4947.365712
-23.0,500,4947.491342
-22.7,500,4947.615885
-22.6,500,4947.74165
-22.7,500,4947.86723
-23.5,500,4947.99213
-22.8,500,4948.117372
-23.1,500,4948.241985
-22.5,500,4948.36686
-23.7,500,4948.493108
-22.9,500,4948.618199
-22.9,500,4948.743
-23.2,500,4948.868084
-23.2,500,4948.992885
-23.7,500,4949.118003
-23.0,500,4949.243577
-23.6,500,4949.410308
-22.7,500,4949.535057
-22.8,500,4949.659857
-24.6,500,4949.785334
-23.1,500,4949.910889
-23.0,500,4950.036056
-22.9,500,4950.161262
-22.7,500,4950.286321
-23.1,500,4950.41118
-22.6,500,4950.536012
-23.1,500,4950.661989
-23.1,500,4950.786679
-22.7,500,4950.911553
-22.8,500,4951.036932
-23.1,500,4951.161765
-22.6,500,4951.286749
-32.8,500,4951.414915
-22.9,500,4951.540328
-23.3,500,4951.665997
-22.9,500,4951.791319
-22.9,500,4951.916506
-22.7,500,4952.041716
-22.8,500,4952.167194
-22.8,500,4952.292555
-23.9,500,4952.418098
-23.0,500,4952.543207
-22.7,500,4952.668411
-23.5,500,4952.793668
-23.4,500,4952.919145
-23.5,500,4953.045409
-22.8,500,4953.170851
-22.9,500,4953.295757
-23.9,500,4953.420929
-24.2,500,4953.54627
-22.5,500,4953.67153
-22.9,500,4953.797709
-22.6,500,4953.92325
-22.8,500,4954.048291
-23.5,500,4954.174129
-22.6,500,4954.299298
-23.9,500,4954.423765
-44.5,500,4954.549177
-23.0,500,4954.67438
-22.7,500,4954.799232
-22.6,500,4954.924552
-22.6,500,4955.049608
-23.2,500,4955.174338
-22.8,500,4955.299782
-22.8,500,4955.424885
-22.9,500,4955.550142
-23.1,500,4955.67514
-22.7,500,4955.800309
-23.1,500,4955.925511
-22.6,500,4956.052049
-23.8,500,4956.17688
-21.9,500,4956.302366
-22.6,500,4956.429204
-23.1,500,4956.554259
-22.9,500,4956.679208
-32.8,500,4956.804215
-22.6,500,4956.928465
-22.8,500,4957.054021
-22.7,500,4957.178808
-22.5,500,4957.303963
-23.0,500,4957.429275
-21.2,500,4957.554357
-22.8,500,4957.679301
-22.9,500,4957.804275
-22.5,500,4957.929027
-22.7,500,4958.053931
-23.1,500,4958.178363
-22.6,500,4958.303639
-21.8,500,4958.429101
-24.0,500,4958.555978
-25.6,500,4958.681252
-22.2,500,4958.805995
-23.1,500,4958.930972
-23.2,500,4959.055718
-22.9,500,4959.180661
-22.6,500,4959.305969
-27.4,500,4959.43136
-23.1,500,4959.556509
-23.0,500,4959.681711
-22.9,500,4959.807115
-22.0,500,4959.931972
-21.7,500,4960.057849
-22.9,500,4960.183173
-23.2,500,4960.308697
-23.3,500,4960.434088
-23.1,500,4960.559181
-22.5,500,4960.684384
-23.4,500,4960.810628
-22.8,500,4960.935641
-23.2,500,4961.060585
-26.0,500,4961.18579
-29.4,500,4961.311228
-22.5,500,4961.439026
-22.6,500,4961.565127
-22.5,500,4961.690108
-22.7,500,4961.815225
-23.5,500,4961.940165
-22.7,500,4962.065323
-23.0,500,4962.190289
-23.0,500,4962.315785
-22.5,500,4962.441088
-30.4,500,4962.566425
-22.8,500,4962.691264
-24.0,500,4962.816143
-22.8,500,4962.941026
-22.8,500,4963.066727
-22.1,500,4963.191344
-22.7,500,4963.315982
-22.7,500,4963.440843
-22.6,500,4963.566165
-23.4,500,4963.691604
-22.5,500,4963.815783
-22.8,500,4963.940779
-34.2,500,4964.1064
-22.7,500,4964.23109
-22.6,500,4964.355771
-22.5,500,4964.480499
-22.8,500,4964.60538
-24.1,500,4964.729471
-22.9,500,4964.854493
-23.1,500,4964.978799
-22.6,500,4965.103524
-46.7,500,4965.227559
-23.0,500,4965.35228
-22.8,500,4965.476998
-22.7,500,4965.601893
-23.4,500,4965.726226
-23.1,500,4965.85088
-22.7,500,4965.976674
-23.5,500,4966.103562
-22.7,500,4966.228591
-23.5,500,4966.354837
-23.5,500,4966.480689
-23.0,500,4966.605673
-21.8,500,4966.731418
-22.8,500,4966.858313
-22.8,500,4966.982934
-22.7,500,4967.107849
-23.1,500,4967.232396
-23.4,500,4967.357719
-22.8,500,4967.48225
-47.3,500,4967.607894
-48.3,500,4967.732251
-47.9,500,4967.857589
-22.7,500,4967.982427
-22.8,500,4968.107617
-22.8,500,4968.232745
-22.8,500,4968.35791
-22.1,500,4968.482814
-22.9,500,4968.608348
-23.1,500,4968.733216
-22.7,500,4968.858299
-23.9,500,4968.983345
-48.5,500,4969.109402
-22.8,500,4969.234322
-23.1,500,4969.358993
-24.2,500,4969.484298
-23.1,500,4969.609294
-22.8,500,4969.734086
-23.4,500,4969.859853
-22.6,500,4969.98479
-22.1,500,4970.110091
-23.7,500,4970.235165
-22.9,500,4970.360138
-23.7,500,4970.486087
-23.2,500,4970.611291
-22.8,500,4970.736559
-22.9,500,4970.861144
-22.5,500,4970.986368
-23.7,500,4971.111683
-24.3,500,4971.236873
-22.6,500,4971.363898
-22.5,500,4971.489791
-22.5,500,4971.615548
-24.8,500,4971.740711
-22.6,500,4971.865648
-22.5,500,4971.990653
-22.5,500,4972.115999
-22.8,500,4972.240882
-22.9,500,4972.366009
-22.6,500,4972.491127
-23.9,500,4972.616166
-24.5,500,4972.740584
-22.8,500,4972.86561
-22.5,500,4972.990284
-24.1,500,4973.116008
-23.2,500,4973.241074
-22.8,500,4973.366336
-26.5,500,4973.491183
-23.0,500,4973.616465
-23.0,500,4973.74555
-23.1,500,4973.871288
-22.5,500,4973.996333
-22.9,500,4974.121797
-23.6,500,4974.246933
-23.1,500,4974.374408
-23.0,500,4974.500907
-23.0,500,4974.625842
-22.8,500,4974.75075
-23.1,500,4974.876059
-26.3,500,4975.000941
-22.7,500,4975.12586
-22.9,500,4975.251176
-23.0,500,4975.3756
-23.4,500,4975.50057
-22.8,500,4975.625239
-23.0,500,4975.75012
-22.5,500,4975.875149
-22.7,500,4976.000627
-22.5,500,4976.125716
-22.8,500,4976.2508
-22.5,500,4976.377573
-22.7,500,4976.503006
-22.9,500,4976.628187
-23.1,500,4976.753587
-104.1,500,4976.879044
-48.7,500,4977.004243
-23.4,500,4977.129495
-23.1,500,4977.254439
-22.9,500,4977.379416
-22.5,500,4977.505242
-23.9,500,4977.630266
-23.1,500,4977.755441
-22.6,500,4977.8804
-23.0,500,4978.00519
-23.0,500,4978.130541
-23.5,500,4978.255697
-22.8,500,4978.380925
-22.9,500,4978.50625
-23.1,500,4978.63308
-23.1,500,4978.758597
-22.8,500,4978.883544
-22.9,500,4979.008702
-22.8,500,4979.13355
-26.1,500,4979.30149
-22.8,500,4979.426601
-22.7,500,4979.551661
-23.5,500,4979.676485
-24.5,500,4979.802096
-22.7,500,4979.927125
-22.9,500,4980.052226
-23.5,500,4980.177262
-23.2,500,4980.302367
-22.6,500,4980.428059
-22.5,500,4980.55309
-22.6,500,4980.678439
-80.5,500,4980.803789
-62.0,500,4980.929258
-48.2,500,4981.054512
-24.0,500,4981.180937
-24.1,500,4981.306025
-23.2,500,4981.432891
-24.6,500,4981.558965
-24.9,500,4981.684191
-22.9,500,4981.809322
-25.9,500,4981.935203
-4.9,500,4982.06063
-23.2,500,4982.185795
-23.4,500,4982.310768
-23.1,500,4982.435703
-22.9,500,4982.5607
-21.7,500,4982.685372
-22.1,500,4982.810372
-76.5,500,4982.935713
-23.3,500,4983.06033
-23.1,500,4983.185028
-26.7,500,4983.310434
-38.0,500,4983.435684
-21.6,500,4983.561418
-4.6,500,4983.687918
-24.3,500,4983.813008
-23.1,500,4983.937662
-22.9,500,4984.062467
-24.3,500,4984.187513
-23.0,500,4984.312137
-25.6,500,4984.438184
-24.3,500,4984.563416
-22.6,500,4984.688469
-24.4,500,4984.813573
-24.2,500,4984.938569
-23.6,500,4985.06376
-23.6,500,4985.18876
-23.9,500,4985.313957
-26.7,500,4985.438951
-23.0,500,4985.563933
-23.9,500,4985.68889
-23.5,500,4985.814068
-23.1,500,4985.939655
-24.1,500,4986.065453
-23.2,500,4986.191402
-23.4,500,4986.317015
-22.8,500,4986.444337
-23.0,500,4986.570287
-23.6,500,4986.695873
-22.8,500,4986.820457
-23.0,500,4986.944935
-24.2,500,4987.069609
-23.4,500,4987.194074
-23.6,500,4987.319064
-22.7,500,4987.443875
-23.2,500,4987.5688
-25.1,500,4987.693526
-22.6,500,4987.818085
-23.6,500,4987.943738
-22.8,500,4988.068763
-22.5,500,4988.193077
-23.6,500,4988.318481
-24.5,500,4988.443317
-23.2,500,4988.568426
-22.9,500,4988.693422
-23.6,500,4988.818537
-23.0,500,4988.943556
-80.0,500,4989.068905
-23.0,500,4989.194423
-25.3,500,4989.319365
-22.9,500,4989.444205
-22.9,500,4989.569415
-22.7,500,4989.694136
-23.2,500,4989.819183
-22.6,500,4989.944955
-23.8,500,4990.069934
-22.7,500,4990.195204
-27.2,500,4990.320515
-22.7,500,4990.445293
-22.6,500,4990.570532
-23.4,500,4990.696144
-22.8,500,4990.820798
-23.1,500,4990.946
-23.2,500,4991.071329
-23.3,500,4991.196734
-23.3,500,4991.321878
-23.9,500,4991.449065
-22.5,500,4991.574188
-22.6,500,4991.699547
-22.8,500,4991.824852
-22.7,500,4991.949852
-22.8,500,4992.074719
-22.8,500,4992.20036
-22.7,500,4992.325358
-22.9,500,4992.450565
-22.5,500,4992.575838
-23.0,500,4992.701031
-23.1,500,4992.826174
-23.5,500,4992.95066
-22.9,500,4993.076622
-23.5,500,4993.202274
-22.6,500,4993.326954
-22.7,500,4993.452037
-23.0,500,4993.577129
-22.6,500,4993.702537
-23.1,500,4993.828157
-23.5,500,4993.955647
-23.1,500,4994.081412
-22.7,500,4994.206704
-23.4,500,4994.33224
-23.3,500,4994.457113
-23.2,500,4994.582119
-22.9,500,4994.749459
-22.8,500,4994.87419
-26.7,500,4994.998925
-22.9,500,4995.124375
-24.6,500,4995.249032
-23.6,500,4995.374173
-22.8,500,4995.499104
-22.5,500,4995.623795
-23.1,500,4995.748278
-22.5,500,4995.87316
-23.3,500,4995.998024
-22.6,500,4996.123051
-24.4,500,4996.247797
-22.7,500,4996.373006
-22.6,500,4996.499511
-22.8,500,4996.625144
-22.8,500,4996.750271
-22.6,500,4996.876224
-21.7,500,4997.00177
-23.3,500,4997.12701
-22.4,500,4997.252216
-23.1,500,4997.377183
-21.6,500,4997.502246
-28.3,500,4997.646593
-21.8,500,4997.786197
-22.2,500,4997.925078
-21.6,500,4998.061819
-23.2,500,4998.201164
-22.6,500,4998.332049
-22.6,500,4998.45822
-22.4,500,4998.584414
-24.3,500,4998.710085
-21.8,500,4998.836131
-23.5,500,4998.962741
-22.8,500,4999.088061
-22.7,500,4999.213475
-21.8,500,4999.338798
-21.8,500,4999.479681
-6.3,500,4999.609056
-23.6,500,4999.734328
-32.8,500,4999.859691
-22.0,500,4999.984815
-23.2,500,5000.110302
-23.0,500,5000.23549
-24.4,500,5000.361223
-26.5,500,5000.486892
-22.5,500,5000.612027
-22.6,500,5000.736799
-22.5,500,5000.861815
-22.7,500,5000.987068
-23.9,500,5001.112804
-24.8,500,5001.23758
-23.1,500,5001.363199
-22.9,500,5001.489661
-23.7,500,5001.615185
-23.6,500,5001.740377
-22.7,500,5001.866309
-23.0,500,5001.99269
-23.0,500,5002.117895
-21.8,500,5002.243252
-21.6,500,5002.368322
-22.0,500,5002.493088
-24.0,500,5002.618477
-22.9,500,5002.743929
-23.1,500,5002.869122
-22.8,500,5002.994083
-23.4,500,5003.119088
-23.1,500,5003.244
-22.3,500,5003.368937
-23.2,500,5003.494673
-20.9,500,5003.619731
-21.9,500,5003.744756
-21.8,500,5003.869818
-23.2,500,5003.99477
-23.1,500,5004.119992
-57.5,500,5004.245611
-48.1,500,5004.370582
-21.0,500,5004.495696
-21.7,500,5004.620752
-2.6,500,5004.745908
-24.8,500,5004.871205
-22.0,500,5004.996069
-21.6,500,5005.1221
-8.8,500,5005.247094
-24.2,500,5005.37237
-28.5,500,5005.497828
-23.3,500,5005.622981
-23.0,500,5005.748613
-21.9,500,5005.873672
-22.0,500,5005.998857
-21.8,500,5006.123819
-22.5,500,5006.249209
-22.0,500,5006.375497
-22.5,500,5006.502541
-21.8,500,5006.628009
-23.2,500,5006.752838
-33.4,500,5006.877833
-22.4,500,5007.002985
-22.6,500,5007.128286
-23.7,500,5007.252738
-22.8,500,5007.37805
-24.0,500,5007.502804
-22.6,500,5007.627946
-23.1,500,5007.753083
-24.2,500,5007.87841
-23.8,500,5008.003288
-23.5,500,5008.128584
-22.7,500,5008.254867
-23.0,500,5008.380203
-22.8,500,5008.505469
-22.4,500,5008.63063
-22.4,500,5008.75597
-22.1,500,5008.881652
-22.2,500,5009.006961
-22.6,500,5009.13239
-23.2,500,5009.257054
-23.7,500,5009.382385
-23.1,500,5009.507464
-22.7,500,5009.632604
-22.8,500,5009.758261
-23.0,500,5009.883123
-23.8,500,5010.007968
-22.8,500,5010.132872
-22.6,500,5010.303905
-22.9,500,5010.428879
-22.7,500,5010.554035
-25.9,500,5010.679003
-25.0,500,5010.803393
-23.2,500,5010.92808
-23.4,500,5011.053654
-22.9,500,5011.178649
-23.3,500,5011.303001
-23.6,500,5011.42967
-24.5,500,5011.555134
-24.3,500,5011.680248
-22.9,500,5011.805205
-22.8,500,5011.931702
-22.6,500,5012.05739
-27.9,500,5012.182511
-23.3,500,5012.307211
-22.7,500,5012.431866
-25.2,500,5012.556792
-24.3,500,5012.682369
-22.8,500,5012.807597
-26.1,500,5012.932689
-23.1,500,5013.05803
-22.8,500,5013.182659
-22.9,500,5013.307753
-23.1,500,5013.432157
-22.8,500,5013.55816
-23.0,500,5013.68316
-23.0,500,5013.807802
-24.3,500,5013.933305
-22.6,500,5014.058555
-23.6,500,5014.183361
-25.1,500,5014.309489
-23.0,500,5014.43477
-23.0,500,5014.559794
-22.7,500,5014.684578
-25.2,500,5014.809846
-30.1,500,5014.934738
-22.6,500,5015.060557
-23.0,500,5015.186374
-49.3,500,5015.311581
-23.6,500,5015.436671
-23.0,500,5015.561705
-22.7,500,5015.686588
-25.8,500,5015.812126
-23.3,500,5015.937625
-23.5,500,5016.062627
-23.7,500,5016.187706
-23.2,500,5016.312347
-22.8,500,5016.440489
-23.1,500,5016.566451
-22.7,500,5016.691901
-22.7,500,5016.817344
-23.7,500,5016.942173
-23.6,500,5017.067245
-22.7,500,5017.192297
-23.8,500,5017.31719
-22.7,500,5017.442976
-22.8,500,5017.567707
-22.9,500,5017.692535
-23.5,500,5017.817068
-23.1,500,5017.941697
-23.2,500,5018.066569
-22.7,500,5018.191676
-23.8,500,5018.317182
-23.3,500,5018.442266
-23.6,500,5018.567002
-23.0,500,5018.691911
-22.9,500,5018.816568
-23.5,500,5018.941837
-22.8,500,5019.067869
-23.0,500,5019.193563
-25.2,500,5019.318666
-22.7,500,5019.444098
-22.9,500,5019.569631
-22.6,500,5019.694423
-23.7,500,5019.820299
-23.2,500,5019.945574
-22.7,500,5020.071528
-23.0,500,5020.197372
-23.3,500,5020.322648
-23.3,500,5020.44725
-22.8,500,5020.572179
-23.0,500,5020.697708
-23.2,500,5020.822661
-23.3,500,5020.948328
-23.6,500,5021.0733
-23.0,500,5021.197915
-41.0,500,5021.32296
-22.6,500,5021.450896
-22.9,500,5021.576576
-22.9,500,5021.702003
-23.0,500,5021.826721
-22.7,500,5021.95168
-22.7,500,5022.076415
-23.2,500,5022.202337
-23.6,500,5022.328927
-23.0,500,5022.453882
-23.1,500,5022.579558
-22.8,500,5022.70473
-23.2,500,5022.829528
-23.2,500,5022.954994
-22.6,500,5023.079365
-21.7,500,5023.204717
-24.8,500,5023.330739
-22.8,500,5023.456111
-23.9,500,5023.581313
-22.8,500,5023.70674
-22.5,500,5023.832652
-22.7,500,5023.958456
-22.7,500,5024.083934
-23.2,500,5024.209542
-22.9,500,5024.334799
-22.8,500,5024.46098
-23.1,500,5024.586472
-23.2,500,5024.711705
-22.5,500,5024.837318
-24.1,500,5024.962321
-22.5,500,5025.087575
-25.6,500,5025.21263
-23.3,500,5025.337994
-23.2,500,5025.463069
-22.9,500,5025.587923
-22.8,500,5025.71285
-22.9,500,5025.83852
-22.7,500,5025.963879
-23.4,500,5026.129945
-23.0,500,5026.254886
-22.7,500,5026.380133
-24.6,500,5026.507722
-22.6,500,5026.632474
-23.8,500,5026.757341
-23.0,500,5026.881981
-22.7,500,5027.007362
-23.0,500,5027.132204
-22.6,500,5027.257303
-22.7,500,5027.381736
-22.7,500,5027.506729
-22.8,500,5027.631631
-24.6,500,5027.756035
-22.8,500,5027.880778
-22.7,500,5028.005148
-28.1,500,5028.130523
-22.9,500,5028.254701
-22.8,500,5028.379112
-22.5,500,5028.503904
-22.5,500,5028.629092
-23.6,500,5028.753891
-23.0,500,5028.878666
-22.8,500,5029.003806
-22.7,500,5029.128593
-26.1,500,5029.253507
-23.0,500,5029.378986
-22.7,500,5029.503697
-22.6,500,5029.629158
-22.5,500,5029.754613
-22.9,500,5029.879967
-24.8,500,5030.004551
-22.8,500,5030.129234
-22.7,500,5030.254047
-23.0,500,5030.379538
-22.5,500,5030.506385
-22.7,500,5030.63168
-22.9,500,5030.756625
-26.0,500,5030.881739
-23.7,500,5031.00648
-22.8,500,5031.131544
-22.7,500,5031.257158
-22.5,500,5031.383401
-22.8,500,5031.510809
-22.8,500,5031.636098
-23.9,500,5031.76136
-22.5,500,5031.88635
-22.9,500,5032.012465
-22.8,500,5032.137539
-22.8,500,5032.262983
-22.5,500,5032.387799
-22.7,500,5032.512657
-22.8,500,5032.637937
-23.1,500,5032.763532
-23.3,500,5032.888807
-22.7,500,5033.013498
-22.8,500,5033.138614
-31.1,500,5033.263899
-22.9,500,5033.388475
-23.0,500,5033.512932
-22.6,500,5033.638196
-23.1,500,5033.763113
-22.8,500,5033.888271
-22.8,500,5034.013351
-23.2,500,5034.138409
-22.7,500,5034.263617
-25.7,500,5034.389312
-23.1,500,5034.516227
-22.7,500,5034.64171
-22.8,500,5034.766614
-23.0,500,5034.891392
-24.4,500,5035.016959
-23.4,500,5035.142816
-22.7,500,5035.268933
-26.1,500,5035.394351
-22.9,500,5035.519186
-22.7,500,5035.644783
-23.3,500,5035.769704
-22.5,500,5035.895979
-22.9,500,5036.020848
-23.1,500,5036.146497
-23.3,500,5036.271449
-22.5,500,5036.396445
-22.6,500,5036.524027
-22.6,500,5036.64938
-23.1,500,5036.774948
-22.6,500,5036.899815
-22.8,500,5037.024597
-26.9,500,5037.149813
-24.6,500,5037.274643
-24.0,500,5037.399577
-23.5,500,5037.525328
-22.9,500,5037.650585
-22.9,500,5037.775977
-23.1,500,5037.900883
-23.9,500,5038.025738
-23.1,500,5038.150853
-22.7,500,5038.276439
-23.7,500,5038.403525
-22.8,500,5038.529061
-23.1,500,5038.656257
-22.8,500,5038.781824
-23.0,500,5038.907008
-22.8,500,5039.032093
-23.0,500,5039.157858
-23.1,500,5039.282746
-23.2,500,5039.407527
-22.8,500,5039.532094
-22.7,500,5039.65702
-22.5,500,5039.781994
-23.0,500,5039.907195
-22.6,500,5040.03346
-23.1,500,5040.15842
-24.2,500,5040.283714
-22.8,500,5040.408404
-22.6,500,5040.53324
-23.3,500,5040.659254
-22.7,500,5040.785558
-23.0,500,5040.910385
-28.5,500,5041.035801
-22.5,500,5041.160654
-22.7,500,5041.285662
-22.6,500,5041.411235
-22.8,500,5041.539164
-39.0,500,5041.664807
-22.7,500,5041.790268
-23.1,500,5041.957981
-25.4,500,5042.083115
-22.7,500,5042.207672
-23.1,500,5042.332424
-23.3,500,5042.457273
-22.9,500,5042.581733
-22.9,500,5042.707695
-23.0,500,5042.834208
-22.7,500,5042.959279
-53.7,500,5043.084147
-24.1,500,5043.209364
-23.6,500,5043.334417
-22.8,500,5043.460514
-23.3,500,5043.585584
-23.0,500,5043.710136
-23.8,500,5043.835647
-23.3,500,5043.96026
-22.7,500,5044.08553
-22.6,500,5044.211204
-23.2,500,5044.337121
-22.6,500,5044.462564
-22.7,500,5044.587683
-23.2,500,5044.712715
-24.0,500,5044.837814
-22.8,500,5044.962286
-27.2,500,5045.087712
-22.8,500,5045.212844
-22.6,500,5045.338028
-22.7,500,5045.463428
-23.2,500,5045.588514
-22.5,500,5045.714287
-22.5,500,5045.838781
-22.8,500,5045.963622
-22.5,500,5046.088559
-24.6,500,5046.213753
-22.9,500,5046.338672
-24.9,500,5046.465902
-23.2,500,5046.591621
-23.3,500,5046.717021
-23.1,500,5046.841619
-22.5,500,5046.966324
-23.4,500,5047.090947
-22.9,500,5047.215943
-24.0,500,5047.341536
-23.2,500,5047.46649
-23.2,500,5047.591571
-22.8,500,5047.716544
-22.8,500,5047.842109
-22.6,500,5047.967016
-22.6,500,5048.092663
-22.5,500,5048.217718
-23.1,500,5048.342696
-22.8,500,5048.4675
-23.0,500,5048.592347
-23.5,500,5048.716904
-22.7,500,5048.841945
-22.9,500,5048.966711
-22.6,500,5049.092119
-22.9,500,5049.216851
-23.4,500,5049.341681
-22.9,500,5049.466418
-22.7,500,5049.591873
-23.5,500,5049.717163
-25.0,500,5049.842361
-23.0,500,5049.96748
-22.5,500,5050.092535
-23.1,500,5050.217464
-26.3,500,5050.342674
-24.0,500,5050.467929
-23.4,500,5050.594087
-22.7,500,5050.719483
-22.6,500,5050.844794
-23.0,500,5050.969953
-23.0,500,5051.094739
-23.2,500,5051.219861
-23.1,500,5051.344808
-22.9,500,5051.472061
-22.6,500,5051.597584
-22.7,500,5051.723098
-23.1,500,5051.848136
-23.6,500,5051.972714
-23.4,500,5052.097652
-22.7,500,5052.22259
-22.9,500,5052.34721
-22.6,500,5052.472135
-22.6,500,5052.59701
-22.7,500,5052.72186
-22.6,500,5052.846747
-25.6,500,5052.972256
-23.0,500,5053.097871
-23.3,500,5053.22311
-25.5,500,5053.348097
-22.5,500,5053.47378
-22.6,500,5053.598764
-22.7,500,5053.724832
-22.7,500,5053.849984
-34.7,500,5053.97496
-22.9,500,5054.099746
-22.8,500,5054.225079
-22.6,500,5054.349569
-22.7,500,5054.473664
-22.5,500,5054.598733
-22.8,500,5054.723511
-22.5,500,5054.847853
-22.5,500,5054.972925
-23.2,500,5055.097967
-24.1,500,5055.222961
-35.1,500,5055.348416
-22.7,500,5055.473417
-22.5,500,5055.598494
-22.8,500,5055.723333
-22.7,500,5055.848241
-23.1,500,5055.973479
-23.0,500,5056.099482
-25.9,500,5056.224751
-22.9,500,5056.349936
-22.6,500,5056.477216
-23.2,500,5056.602438
-23.8,500,5056.72865
-22.6,500,5056.853596
-23.3,500,5056.97876
-38.3,500,5057.104115
-23.7,500,5057.229119
-22.8,500,5057.353904
-23.5,500,5057.479293
-23.0,500,5057.648644
-23.1,500,5057.774072
-22.7,500,5057.89938
-22.9,500,5058.025023
-22.6,500,5058.151623
-23.3,500,5058.276939
-22.8,500,5058.401963
-22.5,500,5058.526733
-23.0,500,5058.651783
-23.3,500,5058.777189
-23.2,500,5058.901781
-23.2,500,5059.026668
-36.4,500,5059.151465
-23.3,500,5059.276532
-23.8,500,5059.401715
-23.6,500,5059.526472
-24.1,500,5059.651815
-23.3,500,5059.776784
-23.2,500,5059.901755
-37.5,500,5060.026808
-23.1,500,5060.151806
-23.4,500,5060.276897
-22.7,500,5060.403171
-23.4,500,5060.528725
-22.8,500,5060.65346
-22.6,500,5060.778787
-23.1,500,5060.904613
-22.5,500,5061.029954
-25.9,500,5061.155543
-23.3,500,5061.280968
-22.7,500,5061.405753
-22.8,500,5061.53306
-22.9,500,5061.658717
-22.9,500,5061.783496
-22.8,500,5061.908752
-22.9,500,5062.033457
-22.8,500,5062.158061
-22.6,500,5062.28276
-22.5,500,5062.408119
-22.9,500,5062.532835
-22.5,500,5062.657658
-23.0,500,5062.783123
-23.0,500,5062.907995
-22.9,500,5063.03345
-22.7,500,5063.158773
-22.6,500,5063.283125
-23.0,500,5063.40825
-23.0,500,5063.533732
-22.8,500,5063.659799
-22.7,500,5063.784789
-23.1,500,5063.909863
-23.2,500,5064.034721
-23.0,500,5064.160571
-23.5,500,5064.28621
-22.9,500,5064.412781
-22.7,500,5064.537654
-22.5,500,5064.662371
-23.0,500,5064.787434
-24.8,500,5064.912518
-22.7,500,5065.038104
-23.1,500,5065.163524
-23.2,500,5065.288556
-22.9,500,5065.413931
-59.5,500,5065.539204
-48.3,500,5065.664227
-47.8,500,5065.790256
-48.4,500,5065.915365
-47.8,500,5066.040901
-48.2,500,5066.166238
-48.5,500,5066.291021
-47.7,500,5066.415679
-48.0,500,5066.543894
-48.1,500,5066.669482
-47.8,500,5066.794757
-47.6,500,5066.920134
-48.0,500,5067.044618
-48.1,500,5067.170254
-48.1,500,5067.296506
-47.5,500,5067.421822
-47.5,500,5067.546526
-47.6,500,5067.671712
-47.9,500,5067.796636
-48.4,500,5067.922544
-47.8,500,5068.047876
-47.3,500,5068.172609
-23.5,500,5068.297916
-23.0,500,5068.423294
-23.6,500,5068.548427
-22.9,500,5068.674396
-23.1,500,5068.799829
-23.0,500,5068.925341
-23.6,500,5069.05077
