#{"t_start": 1767665825.9160352, "env_id": "None"}
r,l,t
-24.7,500,0.07278
-52.3,500,0.130059
-53.7,500,0.186398
-56.9,500,0.244145
-57.8,500,0.533833
-53.6,500,0.591656
-56.3,500,0.648405
-56.3,500,0.706964
-53.5,500,1.002421
-57.0,500,1.059334
-56.1,500,1.115557
-45.1,500,1.172658
-60.6,500,1.460377
-51.7,500,1.516994
-52.5,500,1.575625
-57.0,500,1.6319
-53.1,500,1.918058
-57.3,500,1.97474
-53.9,500,2.0313
-48.6,500,2.089096
-54.4,500,2.375057
-56.5,500,2.432779
-48.7,500,2.489187
-52.3,500,2.546814
-57.0,500,2.8348
-53.1,500,2.891867
-52.0,500,2.948695
-54.8,500,3.005678
-50.0,500,3.291572
-51.4,500,3.347774
-55.2,500,3.405085
-50.4,500,3.461105
-54.9,500,3.748925
-49.7,500,3.804846
-52.1,500,3.86252
-27.6,500,3.918565
-55.4,500,4.204824
-53.0,500,4.262528
-54.6,500,4.31835
-57.1,500,4.375861
-55.1,500,4.66095
-50.3,500,4.71853
-25.7,500,4.775502
-52.3,500,4.832319
-52.2,500,4.888349
-52.4,500,5.173964
-50.3,500,5.231383
-57.2,500,5.288007
-56.2,500,5.345167
-52.7,500,5.630433
-49.2,500,5.687754
-55.4,500,5.744064
-48.9,500,5.801924
-48.9,500,6.086927
-49.2,500,6.144212
-50.8,500,6.200231
-56.8,500,6.256657
-51.0,500,6.543065
-49.2,500,6.599695
-53.4,500,6.656567
-49.8,500,6.713083
-56.4,500,6.999341
-53.1,500,7.056686
-56.6,500,7.113811
-51.4,500,7.169965
-52.7,500,7.456784
-48.9,500,7.513312
-52.3,500,7.570622
-52.5,500,7.627065
-49.0,500,7.915141
-62.5,500,7.972975
-51.4,500,8.02903
-52.1,500,8.08583
-55.6,500,8.371832
-53.1,500,8.429514
-51.8,500,8.48611
-27.0,500,8.543216
-48.1,500,8.827915
-51.3,500,8.883878
-56.2,500,8.939922
-49.5,500,8.996132
-48.5,500,9.282873
-23.8,500,9.339187
-49.3,500,9.396652
-48.7,500,9.452392
-49.1,500,9.50996
-50.6,500,9.794059
-49.9,500,9.851449
-49.9,500,9.907667
-48.3,500,9.964767
-51.9,500,10.250359
-27.4,500,10.307421
-56.5,500,10.364066
-52.4,500,10.4203
-48.9,500,10.70606
-47.4,500,10.762769
-52.1,500,10.820127
-51.1,500,10.876439
-23.9,500,11.16307
-22.5,500,11.219988
-50.3,500,11.277238
-55.9,500,11.333188
-51.5,500,11.619344
-52.9,500,11.676503
-49.1,500,11.733477
-52.3,500,11.790647
-52.2,500,12.075943
-55.1,500,12.133943
-31.2,500,12.190536
-51.9,500,12.248043
-51.5,500,12.53378
-57.1,500,12.591691
-54.5,500,12.647387
-46.8,500,12.704511
-33.0,500,12.992835
-51.2,500,13.049749
-49.0,500,13.106953
-48.8,500,13.162234
-51.9,500,13.449123
-46.1,500,13.506017
-44.9,500,13.56422
-28.9,500,13.621093
-28.2,500,13.907295
-52.7,500,13.964873
-53.2,500,14.021885
-27.0,500,14.078919
-49.1,500,14.36375
-57.1,500,14.421605
-48.4,500,14.478345
-59.2,500,14.535836
-48.5,500,14.591302
-51.6,500,14.877016
-51.8,500,14.93394
-50.5,500,14.990799
-47.1,500,15.047561
-32.5,500,15.333356
-49.8,500,15.390378
-52.6,500,15.4462
-23.5,500,15.50319
-49.7,500,15.788891
-30.1,500,15.844526
-24.2,500,15.901541
-53.4,500,15.957396
-26.1,500,16.244387
-50.0,500,16.301125
-24.5,500,16.358098
-46.7,500,16.413526
-52.7,500,16.699752
-49.2,500,16.756074
-50.9,500,16.813756
-23.4,500,16.87014
-50.8,500,17.156973
-56.8,500,17.214289
-48.9,500,17.271147
-49.3,500,17.338033
-48.3,500,17.648915
-54.4,500,17.705647
-50.0,500,17.762885
-52.1,500,17.818686
-25.1,500,18.106535
-50.5,500,18.16229
-24.2,500,18.219468
-48.7,500,18.275552
-27.1,500,18.561712
-19.0,500,18.619373
-46.6,500,18.676017
-49.1,500,18.732614
-25.3,500,19.017611
-53.2,500,19.075057
-52.9,500,19.131014
-55.4,500,19.188442
-49.2,500,19.244266
-25.6,500,19.530676
-54.5,500,19.586883
-24.1,500,19.643378
-23.9,500,19.700137
-50.8,500,19.985096
-49.5,500,20.043021
-48.1,500,20.099361
-52.9,500,20.155858
-25.2,500,20.439931
-48.0,500,20.497749
-51.3,500,20.553281
-53.3,500,20.610467
-48.4,500,20.895618
-28.0,500,20.951724
-49.5,500,21.008726
-48.3,500,21.064539
-27.9,500,21.349367
-50.9,500,21.405365
-50.5,500,21.462511
-51.7,500,21.518872
-22.2,500,21.804127
-52.1,500,21.861307
-48.8,500,21.91724
-47.7,500,21.974196
-51.3,500,22.259269
-50.8,500,22.316573
-52.0,500,22.372528
-46.7,500,22.429964
-55.7,500,22.714787
-50.1,500,22.77263
-25.0,500,22.829322
-47.7,500,22.887271
-48.7,500,23.173037
-44.1,500,23.22947
-53.9,500,23.286635
-51.8,500,23.343194
-26.5,500,23.628962
-51.3,500,23.685396
-27.4,500,23.742508
-47.4,500,23.798495
-44.2,500,24.085481
-47.4,500,24.143054
-27.1,500,24.199043
-50.0,500,24.255574
-49.0,500,24.312187
-23.9,500,24.598476
-27.7,500,24.654943
-48.4,500,24.711822
-48.6,500,24.768259
-47.8,500,25.054381
-50.6,500,25.111185
-50.9,500,25.167614
-49.5,500,25.224629
-50.3,500,25.510118
-45.0,500,25.56698
-25.2,500,25.623134
-47.3,500,25.68017
-50.0,500,25.963903
-47.3,500,26.020926
-46.7,500,26.077134
-53.1,500,26.134336
-48.2,500,26.419622
-50.1,500,26.476938
-51.7,500,26.532627
-23.0,500,26.589683
-46.5,500,26.875101
-53.0,500,26.931182
-30.8,500,26.988269
-53.6,500,27.044045
-23.2,500,27.330538
-51.1,500,27.386453
-43.1,500,27.443335
-20.4,500,27.498712
-47.8,500,27.784082
-49.0,500,27.841045
-47.6,500,27.897825
-23.8,500,27.954637
-47.2,500,28.239465
-45.6,500,28.296673
-23.1,500,28.353381
-48.4,500,28.410406
-26.3,500,28.695241
-46.5,500,28.752665
-30.1,500,28.809101
-23.4,500,28.8651
-26.1,500,28.92169
-21.5,500,29.20724
-46.9,500,29.26507
-49.0,500,29.32116
-51.0,500,29.3783
-43.9,500,29.663141
-27.5,500,29.720557
-50.2,500,29.776635
-21.0,500,29.833477
-48.8,500,30.118593
-23.6,500,30.175449
-57.6,500,30.231772
-23.5,500,30.288663
-48.2,500,30.575787
-48.8,500,30.632683
-49.3,500,30.69005
-51.8,500,30.746347
-18.1,500,31.032883
-51.0,500,31.090596
-50.8,500,31.149643
-48.5,500,31.209735
-49.2,500,31.495296
-24.8,500,31.552936
-48.7,500,31.608002
-55.4,500,31.665473
-21.5,500,31.950148
-51.4,500,32.007017
-46.8,500,32.063128
-51.0,500,32.120793
-53.1,500,32.407205
-53.0,500,32.463466
-53.3,500,32.520409
-48.7,500,32.577243
-50.3,500,32.865422
-23.7,500,32.921532
-45.3,500,32.978707
-51.5,500,33.03415
-25.4,500,33.32054
-23.2,500,33.377315
-48.6,500,33.433252
-51.2,500,33.490035
-49.0,500,33.546401
-51.1,500,33.832986
-27.4,500,33.889546
-55.1,500,33.946834
-53.8,500,34.002291
-48.0,500,34.288313
-30.0,500,34.345737
-54.3,500,34.402069
-45.5,500,34.459145
-47.7,500,34.7434
-27.6,500,34.800708
-50.9,500,34.857175
-53.9,500,34.914824
-21.1,500,35.200235
-24.2,500,35.25717
-52.0,500,35.314055
-27.6,500,35.371395
-26.1,500,35.657757
-46.1,500,35.713978
-47.2,500,35.770957
-50.4,500,35.826703
-23.0,500,36.11291
-49.1,500,36.168932
-26.5,500,36.225965
-56.4,500,36.281922
-49.8,500,36.568639
-52.9,500,36.625913
-20.9,500,36.682505
-55.0,500,36.740134
-53.1,500,37.026169
-21.1,500,37.083517
-51.0,500,37.140372
-48.9,500,37.197415
-56.2,500,37.483979
-53.7,500,37.540589
-47.5,500,37.598029
-53.5,500,37.654305
-47.7,500,37.941533
-49.6,500,37.997731
-23.0,500,38.055097
-48.0,500,38.111411
-51.0,500,38.396786
-50.5,500,38.454134
-51.3,500,38.510883
-49.8,500,38.568422
-52.6,500,38.624978
-53.9,500,38.911266
-23.7,500,38.966839
-43.0,500,39.024104
-27.4,500,39.080159
-46.1,500,39.365863
-18.4,500,39.423601
-50.9,500,39.478948
-28.5,500,39.535708
-47.9,500,39.821652
-46.9,500,39.878806
-28.0,500,39.934947
-21.6,500,39.991827
-50.9,500,40.277265
-49.8,500,40.335487
-31.3,500,40.392543
-28.1,500,40.44895
-30.5,500,40.735917
-21.9,500,40.791762
-23.8,500,40.849341
-55.2,500,40.905521
-23.8,500,41.192524
-28.1,500,41.248734
-54.0,500,41.305852
-49.0,500,41.362367
-50.1,500,41.649707
-48.7,500,41.707149
-25.3,500,41.764065
-51.4,500,41.821408
-22.0,500,42.105463
-23.5,500,42.163364
-22.2,500,42.220226
-27.0,500,42.277201
-48.7,500,42.604174
-51.8,500,42.660259
-25.0,500,42.717223
-53.8,500,42.773366
-51.1,500,43.061622
-25.6,500,43.117806
-47.3,500,43.175024
-52.2,500,43.231003
-50.1,500,43.28814
-26.8,500,43.574388
-46.7,500,43.631338
-28.0,500,43.688906
-51.8,500,43.745432
-23.8,500,44.030866
-50.7,500,44.087394
-48.2,500,44.144187
-25.8,500,44.200266
-55.7,500,44.485642
-48.4,500,44.541587
-56.0,500,44.599191
-28.7,500,44.654519
-50.5,500,44.940149
-19.9,500,44.997076
-52.5,500,45.053678
-43.4,500,45.110113
-57.1,500,45.395404
-43.3,500,45.453198
-49.7,500,45.509606
-55.7,500,45.566647
-25.0,500,45.851465
-54.8,500,45.909301
-50.0,500,45.965686
-23.3,500,46.02295
-52.2,500,46.309752
-26.2,500,46.365919
-28.4,500,46.422817
-48.4,500,46.478902
-49.5,500,46.765064
-29.6,500,46.821816
-22.4,500,46.878864
-23.5,500,46.93495
-24.6,500,47.221905
-52.0,500,47.279869
-26.7,500,47.336395
-23.8,500,47.393296
-49.3,500,47.679039
-23.5,500,47.736529
-30.8,500,47.792255
-25.9,500,47.84906
-26.6,500,48.136205
-49.6,500,48.193165
-47.3,500,48.249986
-28.4,500,48.306418
-48.4,500,48.364258
-50.6,500,48.648843
-21.3,500,48.706419
-23.8,500,48.762769
-46.7,500,48.820211
-24.6,500,49.105589
-51.8,500,49.163366
-25.4,500,49.219305
-51.9,500,49.276491
-53.1,500,49.562947
-50.4,500,49.619556
-55.1,500,49.676763
-24.9,500,49.733169
-50.7,500,50.017973
-46.0,500,50.074478
-27.4,500,50.131598
-52.3,500,50.18752
-21.5,500,50.473921
-23.6,500,50.530759
-26.2,500,50.587653
-24.6,500,50.644318
-25.5,500,50.929668
-43.9,500,50.986902
-19.2,500,51.042916
-26.4,500,51.100387
-52.6,500,51.386877
-54.0,500,51.443977
-26.8,500,51.50113
-45.3,500,51.557247
-25.6,500,51.842357
-49.2,500,51.898485
-50.1,500,51.9562
-24.2,500,52.012264
-20.9,500,52.299113
-26.4,500,52.356657
-21.4,500,52.412729
-50.9,500,52.46992
-50.5,500,52.755739
-48.4,500,52.813679
-20.7,500,52.869649
-48.8,500,52.928009
-22.9,500,52.984336
-50.2,500,53.271217
-56.7,500,53.32851
-50.8,500,53.385115
-19.9,500,53.442513
-21.0,500,53.727374
-50.2,500,53.784394
-25.9,500,53.840916
-26.0,500,53.89781
-23.0,500,54.181671
-51.9,500,54.238251
-19.9,500,54.294612
-24.1,500,54.351598
-52.6,500,54.63645
-27.4,500,54.693769
-27.6,500,54.750075
-48.4,500,54.807298
-26.8,500,55.093666
-46.6,500,55.150001
-26.2,500,55.207248
-30.7,500,55.264025
-47.6,500,55.550532
-54.7,500,55.607102
-15.6,500,55.664407
-56.3,500,55.720674
-21.2,500,56.006525
-26.3,500,56.06431
-25.7,500,56.120507
-29.3,500,56.176749
-29.7,500,56.462051
-32.2,500,56.519849
-23.8,500,56.575858
-51.3,500,56.63306
-47.9,500,56.919172
-48.8,500,56.976087
-26.0,500,57.032978
-19.2,500,57.089864
-25.0,500,57.37474
-48.0,500,57.430335
-52.5,500,57.487539
-25.6,500,57.544774
-25.2,500,57.602489
-22.3,500,57.886415
-49.8,500,57.944766
-51.7,500,58.000142
-50.6,500,58.057706
-21.2,500,58.343991
-49.4,500,58.400343
-21.7,500,58.456981
-46.9,500,58.513268
-49.2,500,58.797957
-21.7,500,58.854789
-50.0,500,58.911681
-49.3,500,58.96832
-53.5,500,59.25402
-46.7,500,59.31088
-46.4,500,59.368264
-22.6,500,59.424294
-47.3,500,59.729568
-23.5,500,59.791918
-49.6,500,59.852612
-48.2,500,59.911643
-21.7,500,60.234777
-48.9,500,60.291502
-51.2,500,60.349294
-21.6,500,60.405558
-22.9,500,60.693103
-47.9,500,60.750781
-23.4,500,60.807817
-56.9,500,60.865606
-22.5,500,61.15098
-23.8,500,61.208702
-27.2,500,61.265908
-22.9,500,61.323181
-25.1,500,61.627423
-55.4,500,61.684752
-25.5,500,61.74232
-50.7,500,61.798396
-26.5,500,62.085401
-50.8,500,62.141896
-26.0,500,62.199881
-51.4,500,62.256441
-49.4,500,62.543758
-52.1,500,62.601252
-50.2,500,62.657764
-23.4,500,62.714645
-51.8,500,62.77073
-27.3,500,63.059368
-22.0,500,63.115155
-30.9,500,63.172361
-24.7,500,63.228934
-48.0,500,63.514456
-21.9,500,63.571378
-30.2,500,63.627651
-49.8,500,63.684665
-19.5,500,63.970409
-22.8,500,64.027201
-49.7,500,64.083256
-23.5,500,64.140369
-25.8,500,64.424918
-18.7,500,64.482235
-52.8,500,64.538707
-52.4,500,64.596423
-51.1,500,64.88342
-51.9,500,64.939275
-19.7,500,64.995922
-21.8,500,65.052152
-21.3,500,65.338749
-25.7,500,65.394825
-23.0,500,65.451779
-23.2,500,65.508148
-50.8,500,65.796124
-21.0,500,65.853862
-24.3,500,65.910542
-24.7,500,65.967954
-23.4,500,66.254055
-27.4,500,66.311669
-31.1,500,66.368059
-26.4,500,66.425697
-27.1,500,66.710214
-46.4,500,66.767827
-29.5,500,66.82386
-52.3,500,66.880982
-21.6,500,67.16696
-48.1,500,67.223257
-53.8,500,67.280547
-53.9,500,67.337228
-49.4,500,67.394894
-24.3,500,67.680334
-46.4,500,67.7382
-47.8,500,67.793619
-29.2,500,67.850856
-45.4,500,68.139243
-53.5,500,68.196429
-26.9,500,68.253604
-23.2,500,68.309999
-50.0,500,68.596214
-54.2,500,68.708989
-25.9,500,68.983815
-46.3,500,69.12456
-27.1,500,69.470246
-27.3,500,69.527232
-26.5,500,69.58421
-47.2,500,69.640305
-53.7,500,69.927203
-48.5,500,69.98371
-26.0,500,70.040573
-49.5,500,70.097011
-48.8,500,70.384441
-28.4,500,70.440647
-49.9,500,70.497573
-23.3,500,70.553613
-47.2,500,70.840624
-25.6,500,70.898103
-23.2,500,70.954823
-23.8,500,71.011705
-22.3,500,71.298469
-28.6,500,71.355904
-49.5,500,71.412024
-21.3,500,71.469377
-53.1,500,71.755408
-46.9,500,71.813041
-51.4,500,71.869344
-28.8,500,71.926381
-45.9,500,72.212238
-28.1,500,72.269038
-31.6,500,72.325508
-27.5,500,72.381454
-22.6,500,72.667545
-25.9,500,72.724163
-49.7,500,72.781841
-25.0,500,72.838362
-20.7,500,72.895428
-44.0,500,73.183023
-51.7,500,73.241142
-22.5,500,73.298159
0.9,500,73.355222
-49.4,500,73.642552
-49.9,500,73.699204
-48.5,500,73.756376
-22.0,500,73.812505
-25.4,500,74.098911
-43.8,500,74.155455
-32.0,500,74.212625
-45.6,500,74.26904
-24.1,500,74.555767
-24.5,500,74.612825
-53.9,500,74.669405
-47.1,500,74.72679
-24.9,500,75.013048
-22.4,500,75.070704
-50.5,500,75.126424
-24.1,500,75.183713
-21.5,500,75.470346
-48.1,500,75.52734
-22.2,500,75.58411
-46.3,500,75.64098
-22.2,500,75.926705
-54.8,500,75.983196
-48.2,500,76.040219
-24.7,500,76.096369
-28.3,500,76.382506
-22.5,500,76.438725
-24.4,500,76.495889
-47.8,500,76.55269
-44.4,500,76.837823
-25.8,500,76.894884
-21.7,500,76.951161
-29.8,500,77.008428
-25.1,500,77.293459
-21.9,500,77.35135
-22.4,500,77.407246
-50.9,500,77.464959
-22.9,500,77.52086
-47.6,500,77.806637
-28.0,500,77.864098
-30.3,500,77.920874
-20.6,500,77.97888
-20.9,500,78.265076
-22.7,500,78.322754
-48.5,500,78.378935
-53.0,500,78.436559
-21.9,500,78.721971
-47.8,500,78.778758
-26.8,500,78.836289
-29.7,500,78.892509
-48.4,500,79.179723
-25.7,500,79.236143
-55.6,500,79.293732
-47.8,500,79.349589
-51.5,500,79.636373
-22.1,500,79.692925
-27.7,500,79.749586
-24.6,500,79.805022
-23.4,500,80.091093
-50.6,500,80.148015
-50.6,500,80.204739
-27.5,500,80.261512
-49.4,500,80.545917
-52.0,500,80.603333
-29.8,500,80.659654
-28.1,500,80.717362
-27.2,500,81.002873
-21.9,500,81.060191
-25.2,500,81.116213
-23.5,500,81.173372
-26.0,500,81.458879
-22.7,500,81.515283
-50.3,500,81.57189
-28.3,500,81.628892
-48.9,500,81.915625
-27.6,500,81.9722
-47.5,500,82.029639
-48.1,500,82.085159
-55.2,500,82.370626
-28.4,500,82.427991
-28.8,500,82.483639
-49.2,500,82.540399
-20.8,500,82.596093
-22.4,500,82.882602
-27.9,500,82.939491
-47.6,500,82.997567
-51.3,500,83.052812
-23.2,500,83.339806
-23.0,500,83.396963
-30.2,500,83.453438
-21.8,500,83.510312
-47.0,500,83.795148
-51.2,500,83.852661
-49.4,500,83.909211
-56.8,500,83.966731
-50.4,500,84.252894
-26.5,500,84.309769
-23.8,500,84.366172
-55.2,500,84.422935
-54.5,500,84.708342
-23.2,500,84.764035
-19.0,500,84.821172
-26.8,500,84.877324
-46.9,500,85.163758
-21.2,500,85.221065
-47.3,500,85.277786
-46.9,500,85.33439
-48.1,500,85.620596
-48.3,500,85.678495
-48.4,500,85.734797
-49.2,500,85.792413
-46.7,500,86.079096
-47.1,500,86.135934
-25.4,500,86.192779
-48.4,500,86.249565
-23.4,500,86.536056
-49.4,500,86.592783
-28.5,500,86.649946
-25.7,500,86.705996
-48.4,500,86.991746
-25.3,500,87.048582
11.9,500,87.104987
-24.7,500,87.161579
-25.2,500,87.218194
-22.5,500,87.504928
-27.5,500,87.561366
-28.1,500,87.618016
-56.3,500,87.674607
-52.3,500,87.960648
-30.1,500,88.017875
-46.2,500,88.073946
-51.8,500,88.131014
-47.2,500,88.416688
-48.1,500,88.474253
-23.5,500,88.530804
-48.5,500,88.588138
-21.3,500,88.87306
-48.1,500,88.930495
-51.4,500,88.986905
-23.5,500,89.04399
-19.4,500,89.329849
-24.5,500,89.385988
-27.6,500,89.443141
-53.7,500,89.49906
-24.5,500,89.798728
-46.8,500,89.856149
-22.4,500,89.913286
-49.9,500,89.969874
-47.3,500,90.254136
-25.1,500,90.311317
-48.0,500,90.367266
-20.3,500,90.426837
-51.9,500,90.711456
-47.3,500,90.768591
-21.3,500,90.825151
-22.8,500,90.882288
-30.2,500,91.167495
-24.3,500,91.223991
-20.4,500,91.280328
-19.4,500,91.336462
-51.3,500,91.621571
-21.5,500,91.677913
-49.1,500,91.735593
-47.6,500,91.791749
-21.2,500,91.849167
-53.5,500,92.133975
-27.9,500,92.191933
-18.8,500,92.249012
-25.5,500,92.304879
-50.8,500,92.5912
-26.3,500,92.648115
-51.5,500,92.704843
-27.6,500,92.761098
-23.5,500,93.049854
-47.4,500,93.105455
-19.6,500,93.162677
-50.7,500,93.218842
-23.6,500,93.504774
-21.6,500,93.560325
-47.1,500,93.618218
-50.9,500,93.675891
-49.5,500,94.002175
-28.2,500,94.059469
-55.1,500,94.116278
-29.4,500,94.17287
-52.9,500,94.458096
-30.3,500,94.514252
-51.1,500,94.571904
-22.0,500,94.627887
-48.2,500,94.913805
-54.4,500,94.971885
-30.5,500,95.027916
-45.2,500,95.084996
-26.9,500,95.369904
-45.8,500,95.427329
-45.3,500,95.483482
-21.3,500,95.540444
-30.0,500,95.825682
-26.9,500,95.883668
-29.3,500,95.938928
-25.3,500,95.995693
-27.1,500,96.28033
-23.7,500,96.336836
-30.5,500,96.394159
-52.0,500,96.450167
-42.6,500,96.736766
-47.5,500,96.793233
-49.4,500,96.850307
-22.0,500,96.9066
-26.0,500,96.963929
-27.3,500,97.250149
-20.9,500,97.307202
-48.9,500,97.363662
-23.2,500,97.42005
-18.6,500,97.706604
-19.3,500,97.763607
-23.8,500,97.82073
-20.1,500,97.87713
-24.6,500,98.165386
-53.6,500,98.221016
-49.4,500,98.278344
-25.5,500,98.33527
-46.4,500,98.620288
-23.0,500,98.677053
-46.2,500,98.733216
-24.8,500,98.791021
-26.4,500,99.07629
-47.8,500,99.1331
-48.0,500,99.188799
-54.9,500,99.245141
-22.6,500,99.53047
-24.7,500,99.586973
-49.8,500,99.6434
-46.4,500,99.69926
-45.8,500,99.985377
-19.4,500,100.041931
-52.2,500,100.099268
-26.7,500,100.155509
-48.3,500,100.441599
-21.8,500,100.498511
-48.7,500,100.554327
-52.6,500,100.610742
-24.5,500,100.895646
-26.0,500,100.953464
-27.5,500,101.009527
-24.6,500,101.066463
-22.3,500,101.351326
-23.1,500,101.408887
-24.8,500,101.465342
-55.1,500,101.523069
-26.7,500,101.579428
-22.6,500,101.864587
-25.2,500,101.920174
-25.4,500,101.977036
-47.0,500,102.034178
-23.8,500,102.320094
-28.5,500,102.377454
-22.6,500,102.433574
-46.8,500,102.490708
-24.2,500,102.776292
-21.3,500,102.833883
-52.1,500,102.889633
-50.6,500,102.948253
-27.9,500,103.236189
-22.0,500,103.292848
-24.4,500,103.350207
-21.8,500,103.406102
-22.3,500,103.692038
-58.7,500,103.748328
-21.1,500,103.805703
-45.8,500,103.861824
-26.2,500,104.147303
-26.2,500,104.20315
-51.2,500,104.260509
-22.1,500,104.317016
-21.7,500,104.602432
-22.5,500,104.660126
-50.7,500,104.716471
-24.1,500,104.773609
-48.5,500,105.058685
-26.0,500,105.116006
-47.7,500,105.172935
-47.4,500,105.230447
-21.4,500,105.515904
-51.5,500,105.57346
-44.3,500,105.629565
-21.9,500,105.686719
-50.9,500,105.97224
-25.3,500,106.028249
-28.2,500,106.085316
-48.6,500,106.141577
-21.1,500,106.427118
-21.9,500,106.483945
-25.9,500,106.541028
-26.7,500,106.596691
-46.0,500,106.653824
-27.4,500,106.939666
-24.0,500,106.997645
-50.0,500,107.054776
-51.3,500,107.11194
-26.5,500,107.398788
-23.0,500,107.454878
-55.8,500,107.513017
-28.9,500,107.568725
-25.4,500,107.85347
-26.8,500,107.910193
-51.2,500,107.968808
-25.8,500,108.025329
-53.2,500,108.312222
-49.3,500,108.369745
-22.3,500,108.426006
-25.0,500,108.483277
-24.4,500,108.768178
-50.1,500,108.825379
-25.4,500,108.881861
-25.7,500,108.938831
-26.8,500,109.224745
-25.7,500,109.281174
-24.4,500,109.338444
-29.3,500,109.395039
-27.4,500,109.679626
-30.2,500,109.73493
-26.9,500,109.792596
-28.4,500,109.848351
-28.1,500,110.133444
-47.0,500,110.188293
-26.0,500,110.24572
-25.0,500,110.302152
-27.4,500,110.588121
-50.9,500,110.645013
-25.8,500,110.70181
-26.3,500,110.758662
-55.2,500,111.044469
-24.6,500,111.101535
-49.4,500,111.158657
-48.3,500,111.21545
-24.8,500,111.271395
-26.8,500,111.558711
-25.3,500,111.615062
-21.3,500,111.67222
-26.7,500,111.729334
-53.0,500,112.014892
-25.6,500,112.072541
-23.2,500,112.128458
-55.0,500,112.185601
-47.2,500,112.471275
-48.7,500,112.528906
-20.3,500,112.5852
-46.8,500,112.641989
-21.5,500,112.928808
-17.0,500,112.985808
-47.5,500,113.042644
-22.7,500,113.097704
-24.3,500,113.384585
-23.8,500,113.440486
-24.3,500,113.497737
-48.2,500,113.554467
-22.7,500,113.840059
-48.6,500,113.897373
-50.9,500,113.953315
-50.3,500,114.01079
-50.1,500,114.295073
-24.0,500,114.352781
-20.5,500,114.408371
-28.7,500,114.465098
-26.3,500,114.751314
-26.5,500,114.808136
-51.9,500,114.864533
-22.7,500,114.921931
-24.7,500,115.207524
-26.2,500,115.264337
-26.6,500,115.321465
-22.6,500,115.377877
-46.8,500,115.663545
-47.1,500,115.720417
-47.0,500,115.777452
-46.1,500,115.833001
-23.4,500,115.890055
-49.7,500,116.176975
-29.1,500,116.23327
-26.9,500,116.289741
-52.4,500,116.346436
-22.4,500,116.632893
-23.0,500,116.689292
-48.9,500,116.746623
-48.7,500,116.80316
-29.1,500,117.088363
-54.9,500,117.144125
-25.9,500,117.201904
-47.2,500,117.258937
-25.8,500,117.544567
-49.8,500,117.602362
-21.6,500,117.658983
-50.2,500,117.716035
-47.8,500,118.004832
-52.2,500,118.062066
-20.5,500,118.118346
-22.8,500,118.17549
-48.0,500,118.460183
-21.8,500,118.517202
-47.6,500,118.574705
-27.5,500,118.630994
-28.5,500,118.948945
-28.8,500,119.011173
-47.2,500,119.067427
-49.2,500,119.124492
-25.5,500,119.408963
-22.5,500,119.466746
-49.6,500,119.523013
-22.9,500,119.580302
-49.7,500,119.864969
-26.8,500,119.921573
-30.2,500,119.97848
-53.8,500,120.035069
-27.1,500,120.320979
-23.7,500,120.377373
-24.5,500,120.434895
-51.6,500,120.490827
-30.0,500,120.776903
-25.3,500,120.832606
-55.3,500,120.89014
-52.8,500,120.946924
-50.2,500,121.002411
-46.5,500,121.289115
-27.4,500,121.345519
-25.5,500,121.402347
-24.8,500,121.457903
-27.4,500,121.743918
-52.1,500,121.799525
-30.4,500,121.856822
-53.1,500,121.913722
-53.4,500,122.199166
-23.8,500,122.25592
-26.9,500,122.312372
-30.7,500,122.369016
-26.2,500,122.654199
-50.6,500,122.712065
-48.9,500,122.768313
-26.8,500,122.82566
-47.3,500,123.113798
-24.2,500,123.169869
-51.6,500,123.227554
-52.2,500,123.283483
-24.5,500,123.568641
-50.4,500,123.624853
-50.5,500,123.681664
-26.2,500,123.737888
-21.1,500,124.024764
-50.7,500,124.081483
-52.8,500,124.139194
-24.2,500,124.195394
-27.7,500,124.481115
-25.7,500,124.538267
-22.1,500,124.594603
-49.8,500,124.651764
-22.7,500,124.939686
-48.4,500,124.996871
-50.6,500,125.052603
-50.5,500,125.109038
-23.4,500,125.395138
-25.5,500,125.451329
-26.2,500,125.50792
-28.1,500,125.563262
-21.8,500,125.62027
-25.0,500,125.905625
-28.1,500,125.963314
-23.0,500,126.01922
-50.9,500,126.076398
-30.2,500,126.362328
-23.8,500,126.418935
-22.2,500,126.475876
-24.1,500,126.531899
-51.5,500,126.817248
-30.1,500,126.873207
-26.5,500,126.929456
-25.2,500,126.985509
-22.8,500,127.271289
-24.0,500,127.327443
-51.9,500,127.384839
-21.7,500,127.441434
-24.8,500,127.726389
-29.2,500,127.783445
-24.0,500,127.83956
-25.8,500,127.896489
-24.7,500,128.183719
-21.6,500,128.240878
-19.1,500,128.295887
-26.6,500,128.352967
-22.0,500,128.638806
-60.4,500,128.696149
-30.3,500,128.753565
-25.6,500,128.810226
-24.7,500,129.096584
-51.9,500,129.15312
-25.9,500,129.210792
-19.3,500,129.26709
-47.3,500,129.552919
-55.4,500,129.610474
-55.4,500,129.666514
-47.2,500,129.723907
-29.5,500,130.009694
-25.0,500,130.066719
-52.8,500,130.123168
-48.9,500,130.180505
-24.0,500,130.465268
-29.3,500,130.521708
-26.5,500,130.579409
-28.6,500,130.635721
-0.3,500,130.692317
-22.8,500,130.977096
-23.7,500,131.034842
-46.0,500,131.090995
-23.3,500,131.148357
-26.4,500,131.43358
-44.7,500,131.491132
-47.6,500,131.547416
-50.5,500,131.604465
-18.6,500,131.890982
-49.6,500,131.94748
-27.8,500,132.005141
-30.4,500,132.06136
-52.0,500,132.347006
-21.2,500,132.402555
-24.1,500,132.460047
-50.0,500,132.516098
-28.6,500,132.802945
-24.8,500,132.86002
-23.5,500,132.916996
-27.8,500,132.973745
-20.0,500,133.260786
-29.5,500,133.317722
-51.8,500,133.373498
-24.8,500,133.430475
-25.1,500,133.714674
-25.1,500,133.772416
-26.2,500,133.828309
-47.5,500,133.885302
-31.1,500,134.170819
-48.2,500,134.227392
-50.7,500,134.284619
-26.0,500,134.340708
-30.9,500,134.62657
-19.5,500,134.682074
-22.2,500,134.73932
-25.6,500,134.79518
-25.7,500,135.081295
-28.6,500,135.138007
-51.0,500,135.194419
-25.6,500,135.250653
-30.5,500,135.307327
-22.2,500,135.593206
-26.1,500,135.649913
-27.2,500,135.706582
-48.1,500,135.762685
-47.4,500,136.049013
-23.4,500,136.106436
-26.7,500,136.162214
-46.5,500,136.219364
-25.7,500,136.503751
-23.4,500,136.561216
-51.5,500,136.617341
-4.0,500,136.673922
-30.6,500,136.959244
-26.3,500,137.016027
-51.0,500,137.07298
3.7,500,137.129133
-48.8,500,137.415537
-49.4,500,137.472021
-20.9,500,137.528902
4.2,500,137.584802
-49.8,500,137.870615
-49.5,500,137.926371
-24.3,500,137.983724
-23.8,500,138.039761
-49.2,500,138.327276
-19.6,500,138.383204
-27.4,500,138.440777
-24.0,500,138.495991
-22.2,500,138.781756
-29.1,500,138.839351
-23.0,500,138.895544
29.3,500,138.952587
-24.4,500,139.237159
-51.0,500,139.29461
-47.4,500,139.350198
-21.4,500,139.406691
-20.1,500,139.691059
-26.6,500,139.747346
-23.4,500,139.804488
-54.9,500,139.861086
-47.2,500,140.146561
-27.4,500,140.202915
-54.4,500,140.259645
-52.6,500,140.31573
-22.4,500,140.372399
-51.7,500,140.658006
-49.0,500,140.714852
-56.3,500,140.770757
-26.1,500,140.828562
-52.0,500,141.11499
-29.8,500,141.171068
-53.1,500,141.228388
-20.0,500,141.284423
-29.4,500,141.570736
-28.7,500,141.626564
-46.5,500,141.683818
-16.7,500,141.739948
-47.8,500,142.025792
-21.8,500,142.082683
-25.4,500,142.138534
-24.9,500,142.195706
-26.4,500,142.480778
-27.4,500,142.538001
-23.2,500,142.593804
-24.1,500,142.651368
-24.9,500,142.937631
-49.6,500,142.995556
-29.3,500,143.052945
-47.5,500,143.108403
-46.4,500,143.394339
-24.0,500,143.450558
-25.5,500,143.507679
-48.0,500,143.563346
-22.5,500,143.849611
-25.7,500,143.905951
-49.4,500,143.963105
-25.6,500,144.018819
-49.0,500,144.306246
-24.9,500,144.363524
-23.1,500,144.41965
-20.9,500,144.476655
-25.5,500,144.761495
-51.9,500,144.818552
-56.5,500,144.874397
-20.9,500,144.931633
-23.3,500,144.987536
-23.3,500,145.272254
-47.8,500,145.329496
-22.0,500,145.385543
-26.9,500,145.441465
-27.9,500,145.777074
-22.1,500,145.833198
-28.4,500,145.890243
-45.9,500,145.946069
-51.9,500,146.233509
-25.7,500,146.289626
-26.2,500,146.346544
-25.4,500,146.40303
-50.4,500,146.690353
-22.0,500,146.745995
-21.3,500,146.803634
-52.8,500,146.860117
-21.7,500,147.145864
-45.4,500,147.203133
-45.7,500,147.259815
-22.7,500,147.316801
-49.5,500,147.601855
-18.4,500,147.658804
-46.6,500,147.714786
-51.0,500,147.7717
-48.1,500,148.058976
-25.2,500,148.11517
-56.9,500,148.172174
-22.8,500,148.228683
-47.5,500,148.514612
-24.8,500,148.571311
-52.3,500,148.629189
-50.9,500,148.68471
-22.4,500,148.971414
-26.6,500,149.028305
-21.2,500,149.084976
-14.8,500,149.141082
-27.0,500,149.427988
-23.0,500,149.485281
-25.7,500,149.541708
-25.9,500,149.59862
-19.5,500,149.654594
-20.1,500,149.941259
-46.4,500,149.99768
-48.6,500,150.05497
-23.7,500,150.111285
-51.2,500,150.397525
-19.9,500,150.454439
-47.2,500,150.51117
-23.1,500,150.568232
-22.4,500,150.854507
-18.9,500,150.912149
-53.3,500,150.968556
-49.8,500,151.026132
-20.7,500,151.311727
-20.7,500,151.369151
-25.2,500,151.425116
-50.4,500,151.482011
-47.6,500,151.765902
-25.6,500,151.823677
-50.9,500,151.879611
-49.1,500,151.935511
-26.6,500,152.221343
-49.7,500,152.277653
-25.5,500,152.335292
-50.1,500,152.391716
-49.6,500,152.677596
-19.8,500,152.734896
-1.3,500,152.791671
-24.3,500,152.849151
-21.5,500,153.136587
-24.9,500,153.194032
-48.7,500,153.250421
-26.1,500,153.307764
-18.4,500,153.592336
-47.1,500,153.649772
-51.3,500,153.705835
-51.6,500,153.779196
-32.2,500,154.087363
-51.0,500,154.144072
-25.9,500,154.201304
-53.8,500,154.256388
-27.7,500,154.583091
-30.3,500,154.640909
-26.9,500,154.696972
-25.1,500,154.754135
-51.5,500,154.810622
-19.1,500,155.095984
-8.5,500,155.153467
-52.9,500,155.209961
-53.7,500,155.267444
-27.3,500,155.553284
-51.7,500,155.610797
-52.2,500,155.666881
-49.8,500,155.72337
-25.1,500,156.008763
-13.7,500,156.065397
-27.3,500,156.12153
-23.8,500,156.17804
-26.1,500,156.464349
-46.9,500,156.520428
-20.0,500,156.577389
-52.4,500,156.633053
-23.6,500,156.919603
-49.1,500,156.97719
-29.0,500,157.033914
-51.0,500,157.090893
-19.6,500,157.37705
-47.4,500,157.434426
-48.9,500,157.490701
-26.3,500,157.54757
-50.0,500,157.832004
-20.0,500,157.889083
-25.8,500,157.944654
-46.4,500,158.002188
-25.9,500,158.299016
5.4,500,158.355227
-22.4,500,158.412423
-25.8,500,158.468841
-29.3,500,158.755314
-25.0,500,158.811765
-49.6,500,158.869388
-47.7,500,158.925409
-51.5,500,159.211878
-17.7,500,159.267963
-47.8,500,159.324367
-52.5,500,159.380888
-48.5,500,159.437052
-26.9,500,159.724292
-26.5,500,159.780135
-26.4,500,159.836992
-26.3,500,159.89289
-24.8,500,160.179607
-20.4,500,160.235647
-21.9,500,160.292726
-46.8,500,160.347913
-24.5,500,160.634084
-26.0,500,160.691215
-22.1,500,160.746718
-51.9,500,160.804062
-23.3,500,161.089266
-47.6,500,161.146421
-18.9,500,161.202187
2.7,500,161.259125
-21.1,500,161.54326
-52.2,500,161.600865
-23.7,500,161.656655
-18.9,500,161.713164
-17.9,500,161.999543
-48.3,500,162.056116
-46.8,500,162.112943
-21.4,500,162.168786
-22.9,500,162.45548
-51.5,500,162.512288
-49.4,500,162.569045
-50.9,500,162.625939
-47.5,500,162.910504
-48.1,500,162.967924
-27.0,500,163.024204
-27.8,500,163.081632
-46.0,500,163.367556
-22.8,500,163.425045
-19.9,500,163.481119
-26.6,500,163.538484
-23.3,500,163.822816
-23.0,500,163.880142
-22.9,500,163.936003
-25.4,500,163.99273
-49.6,500,164.277522
-19.5,500,164.334114
-22.8,500,164.391522
-50.6,500,164.44808
-27.2,500,164.505122
-20.2,500,164.790545
-51.5,500,164.847461
-53.0,500,164.903313
-23.4,500,164.960015
-47.2,500,165.245431
-25.6,500,165.301674
-50.5,500,165.358965
-25.1,500,165.415408
-49.9,500,165.702357
-50.6,500,165.758525
-50.6,500,165.8156
-46.7,500,165.871219
-46.9,500,166.158102
-50.2,500,166.213996
-27.2,500,166.271361
-50.0,500,166.327616
-23.7,500,166.61279
-28.9,500,166.669881
-24.9,500,166.726706
-45.6,500,166.783834
-26.3,500,167.068948
-22.9,500,167.126526
-28.7,500,167.182224
-57.3,500,167.239976
-29.6,500,167.526074
-19.4,500,167.582883
-31.7,500,167.63928
-47.0,500,167.695262
-51.2,500,167.981776
-24.7,500,168.038413
-27.7,500,168.095588
-22.7,500,168.151361
-20.9,500,168.437375
-20.6,500,168.49331
-48.6,500,168.550731
-47.2,500,168.607526
-52.4,500,168.892612
-49.2,500,168.949163
-49.2,500,169.005732
-54.8,500,169.062297
-27.0,500,169.117437
-21.3,500,169.403978
-23.4,500,169.459978
-27.5,500,169.517428
-52.2,500,169.573451
-24.6,500,169.859096
-49.9,500,169.916116
-47.7,500,169.972699
-20.8,500,170.029054
-21.0,500,170.314795
-50.3,500,170.372325
-14.3,500,170.428025
-27.0,500,170.485208
-25.6,500,170.76895
-24.4,500,170.826579
-24.0,500,170.88196
-19.2,500,170.939012
-21.4,500,171.224846
-26.6,500,171.281982
-22.8,500,171.339122
-51.5,500,171.395544
-28.6,500,171.681254
-26.1,500,171.737541
-24.1,500,171.795086
-19.1,500,171.850872
-24.5,500,172.136712
-49.1,500,172.193946
-22.0,500,172.250041
-3.0,500,172.306388
-23.2,500,172.592397
-53.8,500,172.649312
-23.5,500,172.705324
-24.0,500,172.763086
-25.8,500,173.048997
-48.3,500,173.106275
-21.8,500,173.162506
-52.6,500,173.219156
-22.7,500,173.505009
-16.4,500,173.561264
-21.6,500,173.618474
-25.1,500,173.674733
-26.3,500,173.731356
-47.8,500,174.016854
-26.8,500,174.074749
-26.1,500,174.130236
-25.5,500,174.186498
-19.0,500,174.472365
-20.3,500,174.528167
-51.4,500,174.584873
-22.8,500,174.641207
-44.2,500,174.926876
-23.8,500,174.982772
-19.4,500,175.039913
-25.2,500,175.096017
-24.3,500,175.381991
-22.4,500,175.437748
-20.3,500,175.494795
-21.4,500,175.550811
-21.6,500,175.836692
-21.7,500,175.893478
-19.2,500,175.949331
0.4,500,176.006033
-21.4,500,176.322496
-23.9,500,176.384594
-26.9,500,176.448328
-29.5,500,176.505765
-21.1,500,176.82
-47.1,500,176.877586
-22.8,500,176.934123
-46.8,500,176.991445
-28.8,500,177.276439
-22.3,500,177.334211
-25.3,500,177.390698
-22.9,500,177.44762
-21.3,500,177.733694
-22.8,500,177.791461
-17.5,500,177.848604
5.4,500,177.905484
-25.3,500,178.259394
-27.9,500,178.316759
-23.8,500,178.37245
-27.0,500,178.428712
-22.2,500,178.712807
-49.7,500,178.770268
-16.2,500,178.826208
-24.9,500,178.88277
-49.8,500,178.939472
-25.8,500,179.224741
-49.1,500,179.28221
-22.4,500,179.337955
-20.4,500,179.395023
-24.4,500,179.680468
-48.2,500,179.737975
-25.7,500,179.793664
-18.5,500,179.850639
-22.5,500,180.138912
-22.8,500,180.195577
-48.6,500,180.252172
-25.8,500,180.308022
-25.1,500,180.594142
-50.8,500,180.650477
-22.1,500,180.708087
-52.1,500,180.764655
-25.7,500,181.050958
-53.4,500,181.107337
-22.5,500,181.164713
-23.9,500,181.221145
-21.2,500,181.507323
-53.3,500,181.56454
-22.9,500,181.621134
-25.9,500,181.678678
-24.6,500,181.963428
-30.5,500,182.021266
-52.5,500,182.076765
-25.5,500,182.133761
-19.7,500,182.419486
-26.5,500,182.475789
-22.8,500,182.532144
-24.9,500,182.588641
-22.0,500,182.874224
-21.0,500,182.931027
-47.3,500,182.988211
-51.3,500,183.044755
-29.8,500,183.330913
-47.7,500,183.387142
-24.0,500,183.444917
-22.9,500,183.501651
-23.5,500,183.559166
-50.2,500,183.8456
-47.2,500,183.902549
-48.7,500,183.96006
-46.9,500,184.015743
-23.1,500,184.302498
-48.0,500,184.357971
-20.5,500,184.414883
-43.4,500,184.470413
-48.2,500,184.757062
-48.9,500,184.812918
-51.4,500,184.870563
-50.6,500,184.927142
-52.6,500,185.21311
-50.7,500,185.26933
-56.9,500,185.324955
-50.6,500,185.381836
-21.5,500,185.666871
-21.1,500,185.724221
-51.2,500,185.780267
-24.6,500,185.837248
-44.8,500,186.122418
-21.2,500,186.18006
-47.8,500,186.235802
-48.9,500,186.292656
-19.9,500,186.578603
-46.3,500,186.635591
-22.9,500,186.692489
-47.2,500,186.748045
-28.4,500,187.032907
-24.5,500,187.088289
-23.0,500,187.14514
-21.1,500,187.200591
-27.7,500,187.487218
-49.5,500,187.544772
-20.3,500,187.601343
-21.7,500,187.658426
-49.3,500,187.943558
-17.8,500,188.000888
-25.9,500,188.057915
-29.5,500,188.115132
-50.1,500,188.401312
-23.7,500,188.459497
-25.0,500,188.515615
-25.7,500,188.572563
-26.9,500,188.629104
-51.7,500,188.914376
-48.6,500,188.971103
-26.9,500,189.027575
-50.0,500,189.08427
-27.3,500,189.370371
-51.0,500,189.42765
-21.4,500,189.484502
-23.3,500,189.54075
-24.6,500,189.82702
-26.1,500,189.88346
-25.6,500,189.940777
-22.7,500,189.996865
-26.6,500,190.282731
-46.3,500,190.339546
-27.8,500,190.396846
-24.0,500,190.452107
-19.9,500,190.738756
-47.6,500,190.796255
-19.3,500,190.852408
-27.6,500,190.909417
-22.6,500,191.194448
-22.2,500,191.252116
-22.7,500,191.307782
-22.2,500,191.364888
-20.6,500,191.649852
-25.8,500,191.707084
-23.7,500,191.763173
-28.2,500,191.819729
-25.8,500,192.10579
-23.5,500,192.16203
-24.5,500,192.218998
-50.8,500,192.274849
-24.4,500,192.559903
-22.4,500,192.615939
-24.0,500,192.67369
-30.1,500,192.72856
-24.8,500,193.014573
-18.5,500,193.071086
-26.1,500,193.12825
-50.9,500,193.183702
-21.2,500,193.240861
-20.4,500,193.527049
-22.3,500,193.583611
-54.9,500,193.640709
-46.3,500,193.697335
-54.0,500,193.983848
-16.7,500,194.040038
-49.1,500,194.096935
-19.3,500,194.152588
-21.5,500,194.438765
-26.1,500,194.495291
-28.5,500,194.552604
-25.0,500,194.608954
-25.8,500,194.896101
-23.8,500,194.953996
-24.0,500,195.010116
-28.1,500,195.06655
-25.2,500,195.351273
-23.0,500,195.408656
-23.1,500,195.465287
-48.2,500,195.523479
-21.6,500,195.809358
8.8,500,195.865378
-56.8,500,195.922829
-23.1,500,195.979337
-19.1,500,196.266019
-26.8,500,196.322005
-23.4,500,196.379133
-24.1,500,196.434963
-26.1,500,196.720696
-19.6,500,196.777146
-52.8,500,196.835024
-52.2,500,196.890519
-55.3,500,197.176901
-26.8,500,197.234476
-25.1,500,197.290603
-28.2,500,197.347941
-32.8,500,197.634118
-32.8,500,197.691428
-29.0,500,197.748104
-51.6,500,197.805473
-25.4,500,198.093634
-51.3,500,198.15035
-25.3,500,198.207356
-55.9,500,198.263424
-29.0,500,198.320306
-48.4,500,198.60627
-54.9,500,198.664122
-25.2,500,198.720323
-47.6,500,198.777514
-28.4,500,199.062805
-47.0,500,199.119927
-51.7,500,199.176543
-21.7,500,199.233596
-22.1,500,199.520265
-20.2,500,199.576743
-47.1,500,199.634906
-27.1,500,199.691211
-46.5,500,199.976891
-31.0,500,200.033248
-45.5,500,200.090617
7.1,500,200.146584
-52.9,500,200.432788
-50.8,500,200.490563
-24.8,500,200.546391
-25.1,500,200.603301
-25.9,500,200.889253
-49.5,500,200.947198
-59.3,500,201.003952
-51.0,500,201.06172
-22.8,500,201.34734
-51.8,500,201.404823
-46.1,500,201.461789
-19.7,500,201.518186
-22.6,500,201.804034
-20.4,500,201.860734
-28.8,500,201.917626
-22.9,500,201.973751
-22.4,500,202.259813
-49.2,500,202.315655
-21.4,500,202.371997
-52.0,500,202.427413
-24.6,500,202.713336
-20.2,500,202.769859
-54.7,500,202.827984
-23.1,500,202.88406
-20.2,500,202.941735
-50.8,500,203.269928
-48.7,500,203.327038
-23.8,500,203.383798
-29.8,500,203.441221
-26.0,500,203.726722
-27.2,500,203.783948
-22.5,500,203.840419
-23.1,500,203.897571
-53.0,500,204.184143
-21.9,500,204.241734
-25.9,500,204.297651
-53.9,500,204.354963
-22.9,500,204.641526
-27.8,500,204.697707
-48.4,500,204.754572
-27.0,500,204.810679
-22.4,500,205.096797
-47.1,500,205.153278
-48.0,500,205.209822
-25.1,500,205.266375
-29.6,500,205.552165
-24.7,500,205.609487
-22.2,500,205.665821
-51.2,500,205.72334
-23.9,500,206.009046
-48.6,500,206.06634
-29.7,500,206.122322
-49.1,500,206.179407
-47.1,500,206.469489
-19.8,500,206.525173
-49.5,500,206.582386
-55.5,500,206.638572
-25.7,500,206.928199
-21.2,500,206.985066
-48.0,500,207.042662
-51.7,500,207.099088
-48.3,500,207.385345
-22.1,500,207.44194
-47.2,500,207.498841
-52.0,500,207.555239
-25.2,500,207.61286
-52.1,500,207.898873
-47.0,500,207.954942
-19.6,500,208.01235
-25.3,500,208.069212
-48.0,500,208.355796
-19.7,500,208.411827
-26.3,500,208.468767
-21.1,500,208.524275
-24.2,500,208.810754
-26.7,500,208.867746
-24.7,500,208.924157
-50.6,500,208.980615
-27.0,500,209.266499
-50.6,500,209.324234
-24.1,500,209.380668
-26.4,500,209.43764
-28.1,500,209.723088
-25.0,500,209.780929
-25.7,500,209.836332
-47.1,500,209.894038
-14.9,500,210.180912
-25.8,500,210.23739
-24.8,500,210.294616
-24.8,500,210.350687
-52.3,500,210.636597
-43.9,500,210.692579
-27.3,500,210.749897
-49.3,500,210.805361
-19.4,500,211.093535
-25.4,500,211.150818
-48.7,500,211.207338
-29.7,500,211.264016
-49.5,500,211.549867
-20.1,500,211.607391
-23.3,500,211.66334
-24.8,500,211.720722
-20.4,500,212.007097
-28.1,500,212.064036
-24.3,500,212.120809
-28.5,500,212.177229
-27.5,500,212.463891
-22.2,500,212.519923
-48.5,500,212.577441
-20.8,500,212.633372
-49.5,500,212.691029
-25.9,500,212.977405
-26.3,500,213.034436
-28.3,500,213.091687
-30.0,500,213.148481
-25.7,500,213.435009
-50.7,500,213.491832
-20.1,500,213.549513
-25.1,500,213.606012
-49.9,500,213.890311
-21.2,500,213.94659
-25.8,500,214.003995
-24.3,500,214.059614
-25.0,500,214.34585
-27.6,500,214.403295
-53.8,500,214.459941
-52.9,500,214.517189
-23.9,500,214.801594
-25.3,500,214.859326
-25.5,500,214.915909
-48.1,500,214.973497
-17.9,500,215.260412
-27.1,500,215.317214
-28.5,500,215.374341
-18.7,500,215.430499
-18.2,500,215.717389
-27.1,500,215.773676
-19.7,500,215.830952
-27.5,500,215.88711
-23.3,500,216.172569
-25.7,500,216.230376
-25.7,500,216.286892
-24.4,500,216.344015
-24.1,500,216.62909
-23.6,500,216.686793
-51.7,500,216.743246
-24.2,500,216.800986
-26.8,500,217.086599
-46.8,500,217.144879
-45.9,500,217.201757
-27.0,500,217.258677
-47.9,500,217.315927
-26.9,500,217.601592
-19.6,500,217.658719
-19.0,500,217.715106
-28.3,500,217.772073
-21.1,500,218.058439
-5.2,500,218.115762
-26.6,500,218.171903
-53.1,500,218.228869
-23.8,500,218.515913
-48.8,500,218.571898
1.6,500,218.62921
-27.0,500,218.685776
-20.1,500,218.971307
-26.9,500,219.026994
-54.1,500,219.085022
-51.1,500,219.142442
-52.0,500,219.427675
-25.1,500,219.484828
-61.2,500,219.541521
-52.9,500,219.599011
-53.9,500,219.883629
-53.4,500,219.941257
-55.8,500,219.997877
-30.5,500,220.054737
-23.5,500,220.340629
-52.2,500,220.397161
-27.9,500,220.454107
-49.0,500,220.509763
-24.6,500,220.7948
-54.7,500,220.851145
-49.9,500,220.908661
-51.0,500,220.964402
-52.7,500,221.250555
-23.5,500,221.306889
-24.4,500,221.363902
-46.3,500,221.420123
-29.4,500,221.706713
-25.7,500,221.762765
-54.5,500,221.818589
-55.5,500,221.87609
-50.7,500,222.16126
-21.9,500,222.218891
-24.5,500,222.275258
-24.3,500,222.332563
-22.3,500,222.388903
-22.0,500,222.674831
-20.4,500,222.732193
-24.4,500,222.788292
-52.3,500,222.845528
-21.6,500,223.13303
-60.3,500,223.190627
-16.9,500,223.246203
-26.6,500,223.303601
-21.8,500,223.588884
-49.3,500,223.645483
-26.5,500,223.701725
-25.1,500,223.757797
-51.6,500,224.044577
-47.7,500,224.101206
-50.2,500,224.158918
-23.2,500,224.215366
-25.4,500,224.501533
-20.8,500,224.556895
-51.1,500,224.614739
-25.6,500,224.670379
-47.0,500,224.957205
25.7,500,225.014508
-25.5,500,225.070004
-46.5,500,225.127351
-23.9,500,225.412628
-21.3,500,225.469857
-27.6,500,225.526515
-23.5,500,225.583558
-48.9,500,225.869721
-49.0,500,225.958601
-48.7,500,226.016237
-51.7,500,226.073036
-23.9,500,226.359363
-23.5,500,226.415911
-50.2,500,226.471739
-25.8,500,226.529008
-47.5,500,226.814533
-18.8,500,226.871725
-30.9,500,226.928026
-23.0,500,226.985076
-49.3,500,227.040924
-50.0,500,227.326756
-22.2,500,227.382604
-54.5,500,227.439987
-26.1,500,227.496088
-19.7,500,227.782995
20.2,500,227.839422
-46.8,500,227.897149
-21.1,500,227.953166
-17.5,500,228.241277
-52.4,500,228.299028
-19.1,500,228.355132
-24.8,500,228.412451
-52.0,500,228.697184
20.0,500,228.754577
-49.2,500,228.811109
-24.1,500,228.867044
-49.4,500,229.153187
-18.9,500,229.209562
-21.9,500,229.266587
-44.4,500,229.323127
-47.9,500,229.60999
-50.0,500,229.666131
-50.0,500,229.723506
-22.4,500,229.779273
-21.4,500,230.065902
-28.4,500,230.123155
-51.1,500,230.179428
-24.9,500,230.235941
-25.1,500,230.520902
-19.9,500,230.578733
-20.5,500,230.63463
-48.1,500,230.691585
-18.2,500,230.977361
-23.9,500,231.034463
-24.8,500,231.090813
-19.1,500,231.146137
-24.6,500,231.431933
-21.9,500,231.488299
-22.4,500,231.54537
-47.5,500,231.601775
-20.2,500,231.658799
-44.3,500,231.944237
-23.6,500,232.001286
-21.8,500,232.058008
-21.8,500,232.114371
-20.7,500,232.400725
-26.4,500,232.456403
-19.6,500,232.51411
-22.7,500,232.570217
-48.2,500,232.856148
-23.6,500,232.912803
-52.6,500,232.970549
-47.2,500,233.027052
-27.8,500,233.314503
-28.1,500,233.371732
-25.4,500,233.428585
-54.0,500,233.485581
-23.4,500,233.770718
-24.2,500,233.828062
-16.3,500,233.88389
-46.3,500,233.9412
-25.7,500,234.226949
-26.7,500,234.284035
-20.3,500,234.341229
-23.8,500,234.398008
-51.6,500,234.684553
-26.8,500,234.741275
-23.4,500,234.798449
-23.7,500,234.855016
-19.9,500,235.141772
-26.1,500,235.197422
-26.4,500,235.255153
-24.8,500,235.310747
-47.7,500,235.596787
-50.8,500,235.653809
9.1,500,235.710494
-48.6,500,235.767032
-21.5,500,236.052714
-28.8,500,236.110816
-18.2,500,236.167094
-24.8,500,236.224371
-25.1,500,236.509004
-21.6,500,236.566931
-20.4,500,236.623329
-25.2,500,236.679917
-27.4,500,236.736031
-23.4,500,237.022926
-22.5,500,237.079071
-21.8,500,237.136051
-30.0,500,237.192694
-26.2,500,237.477977
-49.1,500,237.53575
-57.0,500,237.592565
-23.7,500,237.64966
-20.5,500,237.935137
-23.1,500,237.992609
-22.6,500,238.049176
-27.5,500,238.106938
-23.2,500,238.393176
-22.7,500,238.450226
-48.1,500,238.507254
-48.1,500,238.563701
-47.6,500,238.8499
-18.9,500,238.905866
-57.8,500,238.963478
-26.1,500,239.019133
-22.4,500,239.305702
-47.5,500,239.362041
22.6,500,239.419452
-47.3,500,239.476583
-48.4,500,239.761504
-47.3,500,239.817978
-27.9,500,239.874612
-48.7,500,239.932148
-20.9,500,240.217438
-26.1,500,240.275439
-21.6,500,240.330859
-50.4,500,240.387409
-50.8,500,240.673381
-21.5,500,240.72921
-26.2,500,240.785402
-49.8,500,240.842304
-25.8,500,241.128301
-48.1,500,241.184914
-52.2,500,241.242852
-19.7,500,241.298899
-51.5,500,241.356318
-23.3,500,241.642369
-50.3,500,241.698826
-48.9,500,241.756147
1.9,500,241.812317
-21.7,500,242.098198
-49.7,500,242.154476
-20.6,500,242.211797
-48.6,500,242.267357
-21.8,500,242.553726
-47.7,500,242.610967
-24.9,500,242.667343
1.8,500,242.723961
-29.1,500,243.009209
-49.0,500,243.067844
-49.0,500,243.124836
-20.3,500,243.181892
-53.1,500,243.467216
-23.9,500,243.524228
-20.7,500,243.581305
-21.6,500,243.63805
-20.3,500,243.923698
-25.2,500,243.98034
-24.7,500,244.037517
-26.3,500,244.093591
-24.6,500,244.378969
-49.9,500,244.435708
-17.0,500,244.492611
-51.2,500,244.548787
-31.7,500,244.835325
-23.7,500,244.891817
-26.5,500,244.949139
-28.7,500,245.006179
-27.8,500,245.291307
-23.3,500,245.348719
-22.4,500,245.404487
-26.5,500,245.461677
-51.2,500,245.746698
-50.0,500,245.804014
-24.0,500,245.860149
-23.3,500,245.917304
-55.0,500,246.20326
-55.3,500,246.259828
-50.4,500,246.317633
-46.8,500,246.374424
-27.0,500,246.431204
-22.9,500,246.715459
-23.0,500,246.772627
-48.1,500,246.828379
-26.3,500,246.885905
-52.3,500,247.172072
-24.8,500,247.229151
-20.9,500,247.28585
-19.6,500,247.342234
-27.4,500,247.628069
-24.0,500,247.683734
-22.1,500,247.74026
-22.0,500,247.79667
-29.1,500,248.084115
-48.4,500,248.140229
-47.5,500,248.197118
-24.1,500,248.252771
-27.9,500,248.537763
-28.3,500,248.59491
-19.5,500,248.650678
-50.7,500,248.707829
24.4,500,248.991459
-26.7,500,249.049438
-26.3,500,249.105432
-50.6,500,249.162702
-22.8,500,249.446672
-16.1,500,249.504497
-47.0,500,249.56112
-20.5,500,249.618324
-24.2,500,249.903671
-52.1,500,249.960108
-49.7,500,250.017303
-20.6,500,250.0742
-52.5,500,250.399288
-17.9,500,250.456527
-46.1,500,250.51302
-28.8,500,250.570786
-26.9,500,250.85716
-48.3,500,250.914022
3.7,500,250.971239
-21.3,500,251.027458
-26.3,500,251.083771
-25.1,500,251.37044
-24.4,500,251.427848
-52.5,500,251.484404
-23.2,500,251.541883
-22.6,500,251.827007
-52.2,500,251.884448
-24.7,500,251.940971
-22.6,500,251.998191
-26.0,500,252.283663
-29.7,500,252.340989
-29.0,500,252.397988
-48.2,500,252.454749
-24.6,500,252.739861
-50.1,500,252.795897
-22.3,500,252.853173
-23.8,500,252.908839
-27.5,500,253.195796
-23.1,500,253.25225
-25.0,500,253.309214
-24.4,500,253.364589
-22.6,500,253.651049
-48.7,500,253.708786
-26.5,500,253.764734
-21.5,500,253.821863
-47.0,500,254.107006
-25.0,500,254.164205
22.8,500,254.219575
-25.6,500,254.276658
-18.6,500,254.56118
-20.2,500,254.617679
-14.2,500,254.67295
-19.6,500,254.730847
-24.4,500,255.016533
-18.1,500,255.07271
-48.4,500,255.129511
-46.5,500,255.185072
-27.0,500,255.470901
-23.5,500,255.527328
-22.6,500,255.58427
-25.1,500,255.639684
-52.9,500,255.925754
-47.6,500,255.983179
-22.5,500,256.03923
-49.6,500,256.096416
-54.3,500,256.152798
-21.0,500,256.439035
-52.1,500,256.49537
-47.8,500,256.552281
-26.5,500,256.607753
-48.1,500,256.891429
-25.6,500,256.947164
-29.2,500,257.003822
-47.6,500,257.060975
-27.2,500,257.346223
-45.5,500,257.403913
-20.1,500,257.460181
-24.9,500,257.517157
-46.9,500,257.802675
-22.7,500,257.86043
-27.3,500,257.916306
-49.1,500,257.973555
-25.1,500,258.261489
-20.2,500,258.317348
-23.5,500,258.374186
-22.6,500,258.429877
-46.1,500,258.715346
-21.9,500,258.771462
-26.2,500,258.827663
-49.5,500,258.883981
-17.8,500,259.169189
-55.0,500,259.225583
-49.2,500,259.28242
-24.7,500,259.337567
-22.6,500,259.623909
-28.3,500,259.681038
-22.6,500,259.737536
-22.2,500,259.794362
-19.1,500,260.079373
-25.9,500,260.136723
-21.0,500,260.19269
-52.2,500,260.249815
-23.7,500,260.53488
-23.1,500,260.592147
-23.3,500,260.649507
-24.4,500,260.705901
-20.4,500,260.762517
-23.7,500,261.046602
-52.2,500,261.104064
-24.5,500,261.159802
-21.9,500,261.216328
-25.7,500,261.501542
-24.1,500,261.559822
-22.3,500,261.616205
-19.7,500,261.672905
-22.7,500,261.959331
-30.1,500,262.015619
-46.1,500,262.072461
-24.7,500,262.128546
-23.3,500,262.415072
-23.4,500,262.471323
-22.5,500,262.528652
-23.4,500,262.584561
-28.3,500,262.870843
-20.0,500,262.927104
-50.2,500,262.983739
-27.2,500,263.040301
-21.4,500,263.327394
-19.9,500,263.383624
-24.1,500,263.439403
-23.5,500,263.495964
-26.1,500,263.780957
-51.3,500,263.838675
-52.6,500,263.895167
-22.5,500,263.951706
-18.4,500,264.239315
-25.2,500,264.296018
-51.7,500,264.353657
-24.1,500,264.41003
-26.3,500,264.695663
-24.7,500,264.752402
-21.0,500,264.809904
-52.2,500,264.86659
-19.6,500,265.152986
-23.7,500,265.210377
-22.6,500,265.266539
-50.3,500,265.324365
-24.3,500,265.381352
-26.3,500,265.667829
-17.6,500,265.723885
-48.8,500,265.78122
-28.2,500,265.837917
-53.7,500,266.12438
-19.4,500,266.180695
-29.9,500,266.237792
-21.4,500,266.295371
-21.4,500,266.580082
-16.6,500,266.637235
-26.7,500,266.693765
-25.9,500,266.751067
-26.3,500,267.036231
-27.3,500,267.093651
-21.5,500,267.148968
-48.1,500,267.205851
-20.9,500,267.491112
-46.3,500,267.54807
-21.7,500,267.60549
-23.8,500,267.661958
-21.3,500,267.947953
-26.5,500,268.004184
-23.5,500,268.061482
24.1,500,268.118039
23.9,500,268.405715
-18.7,500,268.462074
-51.6,500,268.520116
-48.3,500,268.578518
-24.6,500,268.863548
-21.6,500,268.920839
-24.2,500,268.976196
-20.2,500,269.03241
-51.9,500,269.317361
-47.4,500,269.374728
-22.0,500,269.430405
-48.8,500,269.487367
-23.3,500,269.771909
-26.1,500,269.82805
-26.5,500,269.885767
-50.5,500,269.941869
-23.3,500,270.227042
-29.4,500,270.284249
-26.2,500,270.342002
0.1,500,270.398434
-28.7,500,270.455481
-49.2,500,270.742168
-53.7,500,270.798934
-49.2,500,270.856081
-21.6,500,270.912393
-28.0,500,271.198589
-25.1,500,271.255279
-20.1,500,271.312768
-46.7,500,271.369516
-18.8,500,271.6566
-23.3,500,271.71337
-24.5,500,271.770393
-27.4,500,271.827366
-48.3,500,272.113247
-50.2,500,272.170726
-28.8,500,272.22726
-26.6,500,272.284271
-21.7,500,272.569505
-22.3,500,272.626716
-15.5,500,272.682646
-25.9,500,272.739633
-20.6,500,273.025102
-20.0,500,273.083029
-27.7,500,273.140144
-21.5,500,273.196869
-21.7,500,273.482963
-50.7,500,273.539598
-24.8,500,273.59731
-20.6,500,273.651986
-46.8,500,273.938375
-23.4,500,273.994483
-5.8,500,274.051518
-24.1,500,274.108216
-28.7,500,274.394258
-23.3,500,274.451692
-21.8,500,274.507761
-45.9,500,274.564592
-22.0,500,274.848885
-53.0,500,274.906424
-49.9,500,274.962342
-18.8,500,275.049744
-25.3,500,275.109248
-18.2,500,275.394041
-59.3,500,275.451652
-46.7,500,275.508347
-25.5,500,275.565827
-22.7,500,275.851393
-22.5,500,275.908116
-19.7,500,275.965351
-23.6,500,276.021265
-24.7,500,276.307474
-23.3,500,276.364212
-47.1,500,276.421745
-23.5,500,276.478162
-24.6,500,276.764127
-27.4,500,276.820512
-23.1,500,276.876662
-17.8,500,276.933693
-24.9,500,277.21879
-49.0,500,277.276645
-24.9,500,277.332702
-48.7,500,277.390015
-46.2,500,277.675536
-22.4,500,277.732697
-21.6,500,277.79001
-52.3,500,277.845993
-16.6,500,278.133363
-21.9,500,278.189362
-25.7,500,278.24681
-23.4,500,278.3034
-46.9,500,278.59031
-24.0,500,278.645915
-16.8,500,278.703101
-44.4,500,278.759519
-20.8,500,279.044344
-47.7,500,279.101412
-18.7,500,279.158282
-52.0,500,279.215252
-48.0,500,279.499613
-22.2,500,279.557411
-21.3,500,279.614009
-51.6,500,279.671296
-29.3,500,279.954907
-20.7,500,280.01251
-19.3,500,280.068791
-24.5,500,280.126519
-48.7,500,280.182832
-28.3,500,280.470134
-46.3,500,280.527735
-17.1,500,280.583013
-23.7,500,280.640391
-51.0,500,280.924286
-23.6,500,280.981886
-22.2,500,281.038117
-26.4,500,281.094718
-50.6,500,281.380395
-25.2,500,281.437674
-53.1,500,281.494536
-25.8,500,281.551019
-49.9,500,281.838277
-48.7,500,281.894938
-24.5,500,281.952672
-46.3,500,282.008123
-22.9,500,282.293855
-25.7,500,282.3507
-24.4,500,282.407325
-53.1,500,282.464234
-46.5,500,282.750154
-24.1,500,282.807668
-29.2,500,282.863622
-24.4,500,282.920385
-24.3,500,283.208166
-21.4,500,283.265832
-20.6,500,283.322796
-25.7,500,283.379861
-50.9,500,283.665501
-26.1,500,283.722539
-49.0,500,283.78006
-26.6,500,283.835215
-21.7,500,284.121764
-49.0,500,284.178362
-21.6,500,284.235613
-23.5,500,284.291928
-25.0,500,284.578647
-26.3,500,284.636586
-20.5,500,284.693486
-25.4,500,284.750616
-48.6,500,284.807144
-24.6,500,285.095859
-23.4,500,285.158456
-19.4,500,285.215291
-22.3,500,285.271792
3.0,500,285.558459
-25.0,500,285.616044
-25.4,500,285.672022
-27.9,500,285.728902
-23.4,500,286.013817
-23.5,500,286.07214
-23.5,500,286.128311
-26.5,500,286.185286
-25.1,500,286.472137
-27.5,500,286.528726
-20.8,500,286.586155
-27.6,500,286.642189
-23.5,500,286.92831
-24.8,500,286.984257
-27.2,500,287.041504
-23.4,500,287.097815
12.1,500,287.383813
-20.7,500,287.440542
-50.7,500,287.497187
-22.5,500,287.553371
-11.0,500,287.839942
-48.8,500,287.89754
-28.6,500,287.953521
-47.1,500,288.011064
-21.7,500,288.298593
-21.5,500,288.356472
-26.3,500,288.412605
-49.3,500,288.470052
-50.8,500,288.755501
-46.9,500,288.811742
-23.3,500,288.868421
-18.3,500,288.925094
-24.8,500,289.211199
-22.6,500,289.267608
-46.7,500,289.325737
-47.7,500,289.382022
-21.0,500,289.439116
-46.3,500,289.725294
-18.5,500,289.782549
-20.8,500,289.83922
-20.0,500,289.894998
-20.9,500,290.180747
-47.3,500,290.236996
-19.9,500,290.294067
-23.2,500,290.350476
-53.0,500,290.636637
-26.3,500,290.69279
-26.5,500,290.750052
-0.5,500,290.805835
-29.6,500,291.091044
-21.7,500,291.148447
-31.3,500,291.204546
-48.6,500,291.261489
-46.8,500,291.547382
-47.2,500,291.60503
-48.9,500,291.660971
-25.1,500,291.71819
-27.8,500,292.003724
-20.3,500,292.061158
-24.1,500,292.117815
-20.6,500,292.175007
-48.7,500,292.461894
-48.1,500,292.51805
-23.4,500,292.574673
-26.9,500,292.630653
-51.5,500,292.917538
-49.2,500,292.974048
-47.7,500,293.031398
-22.9,500,293.087864
-49.0,500,293.374699
-50.7,500,293.432131
-46.3,500,293.488291
-1.3,500,293.545114
-19.7,500,293.829056
-22.2,500,293.886725
-19.4,500,293.943509
-24.6,500,293.998808
-51.7,500,294.284133
-20.7,500,294.340659
-51.2,500,294.397719
-25.5,500,294.454052
-24.3,500,294.51124
-48.9,500,294.795017
-47.1,500,294.85237
-55.6,500,294.908267
-24.3,500,294.965484
-22.9,500,295.251289
-60.1,500,295.307857
-22.7,500,295.364753
-46.1,500,295.420814
-25.8,500,295.706511
-28.7,500,295.762103
-26.5,500,295.819505
-29.7,500,295.875978
-27.4,500,296.161546
-24.7,500,296.21818
-48.7,500,296.275138
-50.8,500,296.330995
-21.8,500,296.6561
-20.2,500,296.713538
-21.6,500,296.76988
-23.4,500,296.826453
-25.6,500,297.112004
-24.0,500,297.168582
-26.2,500,297.225998
-25.9,500,297.281755
-21.3,500,297.567494
-26.6,500,297.623672
-48.7,500,297.681048
-27.1,500,297.736604
-18.5,500,298.022674
-50.0,500,298.079664
-23.8,500,298.137326
-47.0,500,298.194291
-51.7,500,298.480206
-25.1,500,298.537729
-25.7,500,298.594214
-28.1,500,298.651351
-23.9,500,298.93538
-28.2,500,298.992949
-25.5,500,299.049427
-50.3,500,299.10727
-26.1,500,299.162647
-48.1,500,299.447334
-21.5,500,299.50494
-25.6,500,299.560505
-52.0,500,299.617808
-15.6,500,299.903107
-26.1,500,299.960713
-48.3,500,300.016412
-22.0,500,300.073928
-44.7,500,300.357816
-51.5,500,300.414921
-50.7,500,300.470826
-25.7,500,300.528123
-22.1,500,300.81344
-66.1,500,300.870228
-24.4,500,300.926676
-24.6,500,300.983141
-25.6,500,301.269181
-29.2,500,301.325723
-27.1,500,301.383018
-23.5,500,301.43848
-17.3,500,301.72422
-26.3,500,301.78091
-52.1,500,301.838856
-47.2,500,301.895699
-26.2,500,302.1817
-22.2,500,302.239155
-47.1,500,302.295385
-21.3,500,302.352641
-49.7,500,302.637405
-24.6,500,302.694532
-15.2,500,302.750117
-26.0,500,302.806546
-28.9,500,303.091559
-23.1,500,303.14926
-26.9,500,303.205013
-48.2,500,303.261238
-19.9,500,303.5472
-2.5,500,303.603599
-23.6,500,303.66085
-23.4,500,303.71756
-26.9,500,304.003156
-0.7,500,304.059614
-23.1,500,304.11617
-17.8,500,304.173163
-20.0,500,304.228953
-51.6,500,304.515519
-51.0,500,304.571903
-49.7,500,304.629057
-25.1,500,304.685131
-49.8,500,304.971427
-25.9,500,305.028822
-51.6,500,305.086185
-51.6,500,305.143693
-29.5,500,305.429249
-20.6,500,305.486812
-21.4,500,305.5433
-28.0,500,305.600374
-47.6,500,305.88628
-54.3,500,305.943767
-45.8,500,305.999888
-47.6,500,306.057209
-50.1,500,306.342778
-21.9,500,306.399379
-27.4,500,306.456148
-23.4,500,306.51254
-48.0,500,306.797959
-27.0,500,306.854714
-24.6,500,306.911469
-0.6,500,306.966968
-23.9,500,307.253164
-22.4,500,307.310812
-46.2,500,307.367284
-25.4,500,307.424299
-27.4,500,307.709122
-50.8,500,307.766943
-21.0,500,307.822455
-22.6,500,307.879985
-18.4,500,308.167317
-21.7,500,308.224674
-17.9,500,308.280554
-50.2,500,308.337969
-18.7,500,308.623521
-23.9,500,308.680144
-24.1,500,308.737531
-50.6,500,308.793913
-21.1,500,308.851178
-22.0,500,309.135949
-24.2,500,309.193795
-22.9,500,309.249692
-24.0,500,309.30711
-21.3,500,309.593397
-20.0,500,309.649958
-23.5,500,309.707021
-50.2,500,309.763577
-25.4,500,310.049505
-25.0,500,310.105592
-23.7,500,310.162415
-25.4,500,310.217924
-24.8,500,310.504523
-19.6,500,310.561539
-21.7,500,310.618179
-22.3,500,310.675034
-22.2,500,310.959982
-51.4,500,311.017585
-21.7,500,311.073945
-23.5,500,311.130653
-47.9,500,311.415836
-52.6,500,311.47355
-1.5,500,311.528712
-46.1,500,311.585725
22.0,500,311.87137
-46.7,500,311.927538
-23.5,500,311.984377
-50.1,500,312.040926
-25.7,500,312.326651
-20.8,500,312.38274
-25.0,500,312.440741
-23.1,500,312.496992
-28.5,500,312.783221
-55.6,500,312.840314
-20.3,500,312.897617
-18.1,500,312.954905
-23.1,500,313.242298
-47.1,500,313.30013
-20.7,500,313.356613
-23.6,500,313.413383
-28.6,500,313.698861
-26.2,500,313.756521
-52.7,500,313.812543
-31.0,500,313.869512
-26.3,500,313.926557
-50.9,500,314.21209
-23.7,500,314.269313
-25.9,500,314.325889
-30.5,500,314.383324
-27.4,500,314.667828
-50.0,500,314.725777
-20.7,500,314.781909
-21.8,500,314.83844
-18.6,500,315.124834
-52.4,500,315.181516
-25.0,500,315.238491
-24.6,500,315.295156
-22.8,500,315.580769
-19.1,500,315.635937
-23.6,500,315.692783
-24.8,500,315.748753
-22.1,500,316.03414
-19.4,500,316.091446
-22.4,500,316.148372
-20.2,500,316.205983
-29.1,500,316.492124
-21.6,500,316.549132
-23.1,500,316.605735
-26.8,500,316.662078
-25.2,500,316.946722
-23.7,500,317.004101
-24.2,500,317.060891
-23.9,500,317.118259
-24.4,500,317.404812
-25.8,500,317.461507
-23.9,500,317.519025
-54.3,500,317.575879
1.5,500,317.861135
-22.3,500,317.917871
-55.8,500,317.975287
-24.3,500,318.031408
-21.5,500,318.319592
-24.9,500,318.37689
-23.2,500,318.433402
-26.3,500,318.489911
-26.3,500,318.546076
-18.7,500,318.831619
-27.2,500,318.88792
-58.4,500,318.94508
-53.9,500,319.001352
-24.9,500,319.286814
-48.2,500,319.344108
-45.9,500,319.400091
-20.7,500,319.456465
-53.9,500,319.741825
-22.7,500,319.798907
-25.2,500,319.855312
-26.3,500,319.9126
-22.5,500,320.209
-21.4,500,320.266508
-19.8,500,320.326416
-27.8,500,320.384956
-21.5,500,320.679665
-50.3,500,320.735919
-24.2,500,320.830177
-24.0,500,320.886864
-21.4,500,321.172069
-19.0,500,321.22924
-29.6,500,321.285596
-25.4,500,321.342755
-51.9,500,321.630919
-56.0,500,321.686747
-25.5,500,321.744461
-25.6,500,321.800052
-49.5,500,322.087772
-55.0,500,322.144326
-52.8,500,322.201434
-17.6,500,322.257159
-22.9,500,322.54433
-50.6,500,322.601778
-22.8,500,322.658549
-23.4,500,322.715707
-51.3,500,323.002332
-19.5,500,323.060341
-51.9,500,323.117028
-22.5,500,323.17507
-26.9,500,323.230513
-50.9,500,323.516902
-23.6,500,323.574204
-48.0,500,323.630639
-48.0,500,323.68744
-19.6,500,323.973553
-20.5,500,324.030943
-51.7,500,324.088026
-26.3,500,324.14517
-26.9,500,324.431447
-49.0,500,324.488867
-25.6,500,324.544992
-50.4,500,324.6014
-22.7,500,324.888414
-23.0,500,324.944301
-30.3,500,325.001045
-22.3,500,325.057071
-48.5,500,325.342141
-27.1,500,325.398047
-49.2,500,325.455327
-46.3,500,325.51168
-23.1,500,325.797539
-21.6,500,325.854833
-28.8,500,325.911176
-48.0,500,325.967678
-21.4,500,326.253144
-25.3,500,326.310488
-51.9,500,326.366599
-26.4,500,326.423701
-26.8,500,326.710467
-50.7,500,326.766425
-25.8,500,326.824443
-25.8,500,326.881119
-22.7,500,327.168803
-23.1,500,327.22511
-22.1,500,327.282875
-20.1,500,327.338566
-24.3,500,327.626063
-51.8,500,327.682567
-26.5,500,327.739939
-20.5,500,327.796489
-21.9,500,328.085184
-24.6,500,328.150818
-54.6,500,328.214414
-47.6,500,328.276653
-47.7,500,328.337634
-25.9,500,328.654718
-16.5,500,328.717732
-51.6,500,328.778099
-26.2,500,328.842515
-20.2,500,329.131753
-23.8,500,329.187564
-28.6,500,329.245105
-53.6,500,329.302364
-26.3,500,329.589605
-48.7,500,329.647073
-22.7,500,329.702408
-22.2,500,329.759119
-22.3,500,330.049695
-20.8,500,330.114471
-47.5,500,330.176051
-21.2,500,330.232907
-19.6,500,330.521187
-69.8,500,330.577204
-19.3,500,330.633862
-27.2,500,330.688908
-46.4,500,330.97607
-28.1,500,331.03242
-23.9,500,331.089557
-52.7,500,331.147044
-22.3,500,331.432572
-24.5,500,331.489548
-47.3,500,331.545825
-27.3,500,331.602546
-18.5,500,331.889226
-22.0,500,331.94659
-22.7,500,332.003595
-24.5,500,332.061163
-23.0,500,332.346581
-59.2,500,332.40455
-26.3,500,332.461129
-24.1,500,332.517573
-21.0,500,332.803753
-22.9,500,332.86038
-23.7,500,332.917031
-24.8,500,332.972394
-25.7,500,333.029121
-21.6,500,333.315819
-27.1,500,333.373313
-20.0,500,333.429607
-18.7,500,333.486861
-48.0,500,333.773708
5.9,500,333.830179
-43.9,500,333.887411
-29.3,500,333.943194
-22.6,500,334.230531
-51.2,500,334.286064
22.6,500,334.342518
-28.0,500,334.399214
-48.7,500,334.685856
-20.0,500,334.742939
-23.0,500,334.799463
-22.8,500,334.856452
-24.7,500,335.142039
-17.8,500,335.199703
-21.9,500,335.255652
-24.1,500,335.313151
-26.6,500,335.599939
-24.9,500,335.656733
-19.2,500,335.714108
-25.9,500,335.77054
-26.7,500,336.056949
-50.5,500,336.113618
-22.3,500,336.170796
-24.9,500,336.226488
-49.8,500,336.513518
-50.1,500,336.570036
-23.7,500,336.627532
-55.6,500,336.684759
-19.2,500,336.970954
-19.5,500,337.028249
-23.0,500,337.084534
-22.9,500,337.141566
-24.6,500,337.427399
-19.2,500,337.484228
-47.3,500,337.541265
-51.7,500,337.598039
-26.3,500,337.883694
-24.3,500,337.940048
-49.0,500,337.997639
-50.9,500,338.054101
-57.0,500,338.111582
-21.2,500,338.399888
-26.2,500,338.45702
-51.2,500,338.512775
-49.6,500,338.570221
-48.4,500,338.856598
-48.8,500,338.913652
-50.7,500,338.970555
-27.4,500,339.026496
-30.4,500,339.31189
-25.1,500,339.367374
-48.7,500,339.424529
-23.9,500,339.48025
-24.1,500,339.766664
-19.7,500,339.822351
-24.2,500,339.880321
-18.7,500,339.936018
-26.7,500,340.222639
-51.0,500,340.280625
-49.4,500,340.337121
-28.9,500,340.393664
-23.3,500,340.679309
-24.0,500,340.737036
-23.0,500,340.793154
-21.7,500,340.850225
-50.7,500,341.136767
-19.5,500,341.193142
-20.5,500,341.249893
3.1,500,341.305843
-26.5,500,341.591813
-22.6,500,341.648217
-17.4,500,341.705563
-51.0,500,341.76142
-53.7,500,342.047808
-50.9,500,342.105146
-23.6,500,342.162532
-50.7,500,342.218742
-23.2,500,342.504567
-24.7,500,342.561303
-20.4,500,342.617534
-23.0,500,342.674809
-28.9,500,342.730909
-29.9,500,343.017826
-25.8,500,343.074173
-28.0,500,343.131005
-22.0,500,343.18726
-51.8,500,343.473959
-26.4,500,343.530387
-22.1,500,343.587586
-49.1,500,343.645233
-26.0,500,343.930891
23.6,500,343.988193
-22.7,500,344.044908
-52.8,500,344.102395
-48.4,500,344.388987
-45.6,500,344.446194
-28.1,500,344.50195
-44.6,500,344.55874
-25.3,500,344.84438
-27.7,500,344.900991
-22.8,500,344.957981
-45.9,500,345.014242
-25.1,500,345.345823
-48.0,500,345.403679
-28.5,500,345.460276
-48.3,500,345.517486
-28.3,500,345.801621
-23.9,500,345.859426
-23.2,500,345.915903
-26.9,500,345.972953
-26.4,500,346.258822
-24.5,500,346.315634
-51.1,500,346.373098
-22.5,500,346.429859
-28.2,500,346.716086
-53.0,500,346.773333
-15.8,500,346.830272
-22.4,500,346.886351
-22.9,500,347.173395
-23.8,500,347.230796
-23.4,500,347.287186
-28.0,500,347.343758
-21.2,500,347.40008
-52.5,500,347.68634
-25.9,500,347.742494
-21.7,500,347.799447
-19.6,500,347.855889
-29.7,500,348.14242
-26.9,500,348.199869
-53.6,500,348.256658
-21.7,500,348.313094
-22.3,500,348.599834
-26.3,500,348.657967
-46.7,500,348.71457
-46.5,500,348.772313
-19.5,500,349.057661
-22.6,500,349.115243
-24.1,500,349.171467
-27.5,500,349.228703
-22.4,500,349.514891
-22.3,500,349.571151
-25.4,500,349.628317
-24.5,500,349.6841
-56.6,500,349.970855
-48.8,500,350.02721
-19.4,500,350.08466
-26.9,500,350.141232
-27.1,500,350.427392
-49.6,500,350.484173
-46.3,500,350.540693
-22.7,500,350.597847
-24.5,500,350.882193
-19.0,500,350.939648
-20.8,500,350.996419
-27.7,500,351.053398
-27.8,500,351.338045
-50.5,500,351.395553
-18.6,500,351.452336
-25.9,500,351.509551
-19.3,500,351.795223
-26.3,500,351.852133
-26.6,500,351.909598
-20.2,500,351.965787
-26.2,500,352.25202
-20.7,500,352.308181
-23.3,500,352.365457
-48.9,500,352.421433
-27.0,500,352.478966
-23.6,500,352.763269
-21.7,500,352.820642
-19.8,500,352.87713
-20.8,500,352.934639
-55.0,500,353.222769
-23.3,500,353.278284
-20.3,500,353.335981
-26.5,500,353.391555
-21.0,500,353.677698
-28.3,500,353.733736
-21.7,500,353.791341
-47.2,500,353.84712
-47.7,500,354.132985
-27.6,500,354.189761
-51.7,500,354.24647
-47.3,500,354.303188
-27.9,500,354.588696
-23.8,500,354.645979
-23.5,500,354.702398
-47.7,500,354.75958
-22.3,500,355.044412
-24.1,500,355.101775
-26.6,500,355.158785
-47.5,500,355.214698
-24.7,500,355.500765
-21.8,500,355.556863
-23.4,500,355.614081
-48.4,500,355.67004
-26.1,500,355.955907
-52.8,500,356.011713
-23.2,500,356.068568
-24.5,500,356.124285
-22.0,500,356.409168
-47.8,500,356.466875
-45.8,500,356.523322
-50.6,500,356.580734
-24.1,500,356.865393
-52.3,500,356.923226
-57.0,500,356.978949
-27.0,500,357.035487
-53.2,500,357.092202
-24.2,500,357.377966
-26.5,500,357.435492
-55.9,500,357.491614
-58.8,500,357.549113
-23.9,500,357.83451
-51.3,500,357.891813
-48.0,500,357.948187
-25.7,500,358.004814
-24.9,500,358.293187
-48.4,500,358.349433
-46.6,500,358.405953
-25.8,500,358.462072
-21.9,500,358.749472
-18.4,500,358.805576
-25.1,500,358.862795
-51.2,500,358.918448
-46.8,500,359.204954
-20.6,500,359.261686
-24.5,500,359.319372
-15.8,500,359.375583
-27.5,500,359.661488
-27.0,500,359.718214
-49.4,500,359.774238
-46.9,500,359.831547
-25.4,500,360.116171
-23.1,500,360.173596
-24.5,500,360.230099
-27.5,500,360.287096
-21.4,500,360.571078
-51.4,500,360.628408
-29.0,500,360.684561
-53.4,500,360.741211
-51.3,500,361.026591
-24.3,500,361.082765
-20.4,500,361.140036
-20.4,500,361.195448
-23.5,500,361.480448
-24.7,500,361.537053
-25.1,500,361.59444
-25.6,500,361.650278
-19.4,500,361.935889
-52.4,500,361.992136
-27.4,500,362.049176
-48.9,500,362.105734
-24.4,500,362.162026
-51.7,500,362.449041
-21.2,500,362.505425
-26.1,500,362.562333
-25.6,500,362.618781
-24.8,500,362.90454
-23.8,500,362.960892
-21.0,500,363.017577
-73.9,500,363.073729
-27.0,500,363.362468
-47.5,500,363.418859
-25.2,500,363.475683
-26.7,500,363.532173
-25.6,500,363.817196
-50.0,500,363.875015
-26.3,500,363.931166
-33.9,500,363.988145
-24.0,500,364.275181
-21.3,500,364.331569
-26.9,500,364.388519
-50.4,500,364.44484
-48.3,500,364.731091
-45.9,500,364.78735
-23.9,500,364.844833
-25.8,500,364.901227
-26.0,500,365.186134
-25.5,500,365.241709
-25.2,500,365.299294
-24.8,500,365.355362
-49.3,500,365.64154
-21.3,500,365.698669
-25.4,500,365.755314
-21.4,500,365.811674
-21.9,500,366.097503
-23.6,500,366.15499
-26.0,500,366.211096
-19.2,500,366.267963
-22.2,500,366.552881
-22.3,500,366.610291
-20.4,500,366.666868
-25.4,500,366.723885
-47.4,500,366.780468
-27.1,500,367.066754
-19.0,500,367.124049
-23.9,500,367.180538
-24.2,500,367.238036
-18.7,500,367.523638
-26.4,500,367.581378
-50.4,500,367.637338
-28.2,500,367.694724
-54.2,500,367.980867
-21.2,500,368.037775
-21.3,500,368.094872
-25.9,500,368.151069
-52.1,500,368.4385
-27.6,500,368.494416
-28.1,500,368.551206
-22.3,500,368.60733
-23.2,500,368.893202
-51.2,500,368.949275
-22.8,500,369.006402
-25.5,500,369.061886
-22.5,500,369.348077
-24.1,500,369.404693
-48.3,500,369.461368
-24.0,500,369.518141
-23.2,500,369.803614
-25.3,500,369.860696
-20.5,500,369.916268
-23.9,500,369.97235
-43.4,500,370.25881
-47.0,500,370.316594
-24.2,500,370.373002
-22.8,500,370.430054
-20.3,500,370.760023
-49.2,500,370.817764
-50.5,500,370.874452
-23.6,500,370.931623
-24.1,500,371.217874
-50.6,500,371.275622
-22.0,500,371.331502
-46.6,500,371.388931
-26.6,500,371.674559
-26.7,500,371.731708
-46.9,500,371.787039
-49.6,500,371.843695
-62.1,500,371.899285
-22.6,500,372.185841
-52.2,500,372.243124
-51.1,500,372.299368
-25.2,500,372.356633
-46.2,500,372.641765
-23.8,500,372.698422
-51.7,500,372.754553
-47.7,500,372.812193
-48.3,500,373.09635
-19.2,500,373.154022
-24.5,500,373.210412
-25.4,500,373.268154
-50.9,500,373.554721
-26.4,500,373.611046
-46.0,500,373.668063
-22.6,500,373.724093
-25.8,500,374.009325
-24.6,500,374.065266
-26.3,500,374.121927
-20.2,500,374.17772
-28.4,500,374.464691
-51.4,500,374.521798
-48.8,500,374.578449
-19.7,500,374.635289
-47.6,500,374.921163
-22.2,500,374.978402
-18.8,500,375.034793
-25.1,500,375.091644
-21.3,500,375.37592
-50.2,500,375.433702
-13.8,500,375.490542
-21.3,500,375.547687
-22.4,500,375.83317
-18.9,500,375.890539
-20.3,500,375.947269
-20.5,500,376.002947
-22.9,500,376.288154
-18.8,500,376.344042
-19.0,500,376.400917
-24.0,500,376.456976
-52.2,500,376.514645
-19.3,500,376.799549
-48.3,500,376.857032
-46.8,500,376.912785
19.9,500,376.969313
-46.7,500,377.255593
-21.0,500,377.312105
-19.9,500,377.368931
-25.5,500,377.425324
-24.3,500,377.711588
-21.2,500,377.768275
-47.7,500,377.826582
-50.0,500,377.883955
-47.7,500,378.170499
-52.6,500,378.228349
-22.4,500,378.284081
-22.5,500,378.340991
-47.4,500,378.625703
-25.9,500,378.683056
-27.5,500,378.73893
-26.9,500,378.79569
-51.9,500,379.080578
-25.8,500,379.137064
-24.3,500,379.193227
-21.5,500,379.249838
-23.0,500,379.535557
-56.5,500,379.593016
-46.3,500,379.650165
-50.7,500,379.706132
-48.0,500,379.992442
-23.1,500,380.048658
-47.5,500,380.105734
-19.3,500,380.162196
-47.4,500,380.448126
-26.3,500,380.50525
-29.0,500,380.561796
-47.8,500,380.618866
-26.9,500,380.903847
-24.5,500,380.962373
-26.1,500,381.019032
-26.4,500,381.075987
-24.0,500,381.131868
-18.9,500,381.417817
-23.7,500,381.475661
-23.4,500,381.532249
-28.1,500,381.589117
-58.8,500,381.875122
-21.2,500,381.931964
-25.5,500,381.987906
-23.8,500,382.044941
-22.6,500,382.331367
-20.7,500,382.387666
-26.0,500,382.44491
-15.2,500,382.500851
-22.8,500,382.788096
-26.8,500,382.844224
-14.6,500,382.901577
-49.8,500,382.957766
-28.8,500,383.246324
-25.0,500,383.303505
-20.3,500,383.359357
-24.0,500,383.416507
-23.3,500,383.70136
-23.0,500,383.758209
-25.3,500,383.814308
-28.7,500,383.87101
-46.5,500,384.156608
-25.7,500,384.213493
-27.0,500,384.269264
-48.0,500,384.326439
-20.5,500,384.612056
-21.3,500,384.668845
-26.1,500,384.725569
-50.9,500,384.782485
-18.1,500,385.067944
-26.7,500,385.123816
-47.5,500,385.180833
-23.8,500,385.23663
-26.3,500,385.522689
-21.6,500,385.578911
-23.8,500,385.635795
-24.6,500,385.691785
-22.8,500,385.977149
-25.3,500,386.034137
-22.0,500,386.090378
-45.8,500,386.147192
-23.4,500,386.203138
-20.9,500,386.488366
-21.9,500,386.544499
-19.8,500,386.601764
-52.1,500,386.657796
-25.1,500,386.942439
-20.2,500,386.998818
-20.6,500,387.055014
-0.5,500,387.111484
-48.5,500,387.396321
-23.5,500,387.453497
-21.7,500,387.509395
-21.4,500,387.56607
-25.6,500,387.851487
-45.5,500,387.908809
-20.1,500,387.964946
-26.5,500,388.021501
-19.5,500,388.310417
-21.0,500,388.367067
-30.3,500,388.424754
4.7,500,388.480764
-17.4,500,388.766682
-21.6,500,388.822711
-29.2,500,388.879998
-22.2,500,388.935361
-51.2,500,389.222278
-18.3,500,389.279438
-21.7,500,389.335422
-56.2,500,389.391806
-29.8,500,389.677232
-20.5,500,389.73423
-22.0,500,389.790348
-45.4,500,389.847055
-26.6,500,390.131863
-27.3,500,390.189495
-25.4,500,390.246912
-27.7,500,390.305374
-21.4,500,390.592272
-27.7,500,390.648945
-23.3,500,390.705702
-22.8,500,390.76148
-27.6,500,390.818461
-52.2,500,391.103036
-23.1,500,391.16015
-21.5,500,391.216482
-28.5,500,391.273687
-22.8,500,391.559308
-50.3,500,391.617259
-20.9,500,391.67282
-24.5,500,391.729359
-17.2,500,392.01639
-26.7,500,392.072817
-28.4,500,392.129735
-20.3,500,392.185916
-24.0,500,392.471446
-23.0,500,392.526951
-25.1,500,392.583993
-22.4,500,392.639567
-24.0,500,392.925326
-22.0,500,392.981753
-23.1,500,393.038987
-15.9,500,393.094596
-22.0,500,393.383173
-26.0,500,393.440526
-21.9,500,393.497132
-28.8,500,393.554958
-19.6,500,393.840379
-27.1,500,393.898224
-49.0,500,393.95492
-50.7,500,394.011229
-48.6,500,394.296987
-20.2,500,394.3537
-22.1,500,394.410903
-20.9,500,394.467083
-25.3,500,394.753014
-47.4,500,394.809145
-26.6,500,394.866098
-27.2,500,394.922381
-27.9,500,395.208434
-46.2,500,395.266013
-27.0,500,395.322717
-51.7,500,395.379821
-49.9,500,395.66458
-23.4,500,395.722045
-18.2,500,395.778148
-1.2,500,395.835344
-22.0,500,395.891394
-22.1,500,396.177291
-22.3,500,396.234018
-26.5,500,396.290578
-27.9,500,396.346578
-28.2,500,396.667425
-24.4,500,396.724177
-53.3,500,396.781117
-51.2,500,396.837005
-28.4,500,397.123729
-25.7,500,397.180639
-24.7,500,397.237658
-24.3,500,397.293191
-25.9,500,397.579738
-25.4,500,397.6358
-23.9,500,397.692541
-50.4,500,397.748392
-25.5,500,398.0336
-23.5,500,398.090694
-26.0,500,398.146567
-28.1,500,398.204092
-47.2,500,398.489322
-26.6,500,398.546825
-20.6,500,398.602608
-20.4,500,398.65904
-21.8,500,398.942801
-49.2,500,399.000758
-20.8,500,399.05715
-24.0,500,399.114241
-14.6,500,399.400335
-26.1,500,399.456751
-25.6,500,399.513781
-20.5,500,399.569509
-53.2,500,399.855627
-27.6,500,399.912121
-24.0,500,399.969332
-49.9,500,400.024585
-26.5,500,400.309934
-33.4,500,400.366332
-19.9,500,400.423512
-22.7,500,400.480362
-52.2,500,400.536903
-48.9,500,400.823594
-24.2,500,400.880119
-25.9,500,400.937093
-46.3,500,400.992744
-58.0,500,401.278264
-24.8,500,401.334296
-55.1,500,401.392272
-23.5,500,401.448968
-22.5,500,401.733914
-22.4,500,401.791839
-22.2,500,401.847996
-15.8,500,401.904887
-21.2,500,402.19001
-45.3,500,402.247414
-47.4,500,402.303544
-53.1,500,402.360779
-26.7,500,402.646523
-23.5,500,402.702956
-23.1,500,402.760073
-19.3,500,402.816685
-19.4,500,403.101258
-20.7,500,403.157214
-25.7,500,403.215252
-46.1,500,403.271361
-43.7,500,403.557887
-21.8,500,403.615288
-19.6,500,403.672656
-25.2,500,403.729588
-28.3,500,404.014569
-26.3,500,404.071653
-25.7,500,404.127674
-25.8,500,404.184599
-52.0,500,404.468819
-17.4,500,404.526089
-53.6,500,404.582382
-22.8,500,404.639076
-25.5,500,404.923242
-47.1,500,404.98028
-27.0,500,405.037839
-19.4,500,405.093923
-51.8,500,405.151037
-22.7,500,405.434967
-23.6,500,405.492354
-20.6,500,405.548194
-23.5,500,405.604995
-22.2,500,405.890012
-24.1,500,405.947398
-27.5,500,406.003641
-52.7,500,406.060868
-24.2,500,406.346337
-26.1,500,406.402296
-52.2,500,406.458977
-18.8,500,406.514612
-53.3,500,406.800703
-22.7,500,406.856484
-49.2,500,406.9139
-22.5,500,406.969653
-19.1,500,407.256477
-24.1,500,407.314045
-27.8,500,407.370476
-51.7,500,407.427317
-16.6,500,407.712117
-18.6,500,407.769638
-28.1,500,407.8258
-29.0,500,407.882898
-21.9,500,408.166379
-27.2,500,408.2244
-21.8,500,408.27991
-56.4,500,408.33748
-24.2,500,408.623131
-19.3,500,408.679727
-51.9,500,408.736661
-22.8,500,408.79278
-47.4,500,409.079208
-22.1,500,409.135474
-24.1,500,409.192562
-24.2,500,409.248439
-19.6,500,409.534427
-24.4,500,409.591762
-22.5,500,409.64822
-26.2,500,409.705129
-21.5,500,409.991039
-21.5,500,410.048486
-47.5,500,410.105049
-29.0,500,410.161703
-49.5,500,410.217504
-46.5,500,410.502928
-25.0,500,410.558445
-57.4,500,410.615809
-23.7,500,410.671791
-22.9,500,410.957964
-25.0,500,411.015367
-20.8,500,411.071106
-21.8,500,411.128609
-27.8,500,411.412807
-24.9,500,411.46966
-48.0,500,411.525868
-28.2,500,411.583298
-17.8,500,411.867753
-46.1,500,411.925998
-20.4,500,411.982268
-52.2,500,412.039377
-22.4,500,412.336469
-24.0,500,412.392782
-19.2,500,412.450672
-47.3,500,412.507376
-23.1,500,412.793275
22.1,500,412.84975
-24.8,500,412.907841
-24.3,500,412.964585
-24.8,500,413.25219
-23.5,500,413.309796
-45.7,500,413.366273
-24.7,500,413.42327
-25.0,500,413.708307
-19.8,500,413.766027
-22.8,500,413.822789
-22.0,500,413.880047
-30.9,500,414.165726
-51.8,500,414.222236
-25.7,500,414.27959
-24.6,500,414.335729
-24.7,500,414.620739
-24.8,500,414.67723
-22.5,500,414.734502
-27.6,500,414.791108
-26.2,500,414.848289
-21.6,500,415.134847
-19.9,500,415.191657
-28.1,500,415.248592
-21.6,500,415.305297
-21.6,500,415.591444
-20.9,500,415.648022
-50.6,500,415.705563
-22.8,500,415.761626
-22.3,500,416.048376
-24.3,500,416.104377
-25.4,500,416.161298
-48.3,500,416.217031
-22.1,500,416.503624
-23.4,500,416.560376
-53.4,500,416.616446
-20.4,500,416.673893
-24.4,500,416.958822
-22.1,500,417.016339
-20.4,500,417.07276
2.6,500,417.130052
-46.8,500,417.41582
-18.7,500,417.473143
-28.7,500,417.529082
-23.9,500,417.585974
-25.3,500,417.872295
-23.5,500,417.928766
-23.7,500,417.986094
-49.7,500,418.04266
-68.9,500,418.33045
-24.0,500,418.388002
-53.4,500,418.445638
-52.7,500,418.503348
-22.0,500,418.789618
-19.5,500,418.847351
-28.5,500,418.903107
-45.1,500,418.960124
-53.4,500,419.245231
-22.5,500,419.302735
-50.4,500,419.35944
-22.2,500,419.415899
-49.2,500,419.700985
-20.5,500,419.757679
-27.6,500,419.814075
-44.2,500,419.870992
-25.5,500,419.92822
-52.8,500,420.213423
-55.4,500,420.27099
-50.7,500,420.327907
-21.0,500,420.385083
-20.2,500,420.670057
-24.9,500,420.727651
-27.9,500,420.783375
-17.4,500,420.840742
-26.1,500,421.126392
-50.2,500,421.183682
-48.2,500,421.241128
-29.4,500,421.297333
-26.8,500,421.627931
-21.8,500,421.685034
-24.3,500,421.740736
-25.8,500,421.797075
-23.5,500,422.081849
-47.1,500,422.139444
-17.1,500,422.195895
-26.0,500,422.25318
-50.5,500,422.537516
-27.4,500,422.594609
-27.5,500,422.65007
-49.6,500,422.707973
-22.2,500,423.010919
-18.2,500,423.071827
-23.9,500,423.134022
-25.9,500,423.196955
-19.8,500,423.510088
-23.6,500,423.575343
-55.3,500,423.632665
-27.2,500,423.689157
-46.7,500,423.977185
2.5,500,424.033056
-25.3,500,424.089819
-14.1,500,424.145801
-26.5,500,424.431965
-21.2,500,424.489206
-24.9,500,424.546241
-46.7,500,424.602353
-25.8,500,424.658635
-54.1,500,424.962264
-28.1,500,425.018413
-24.7,500,425.075169
-26.3,500,425.131515
-26.6,500,425.41792
-24.9,500,425.475861
-24.0,500,425.53264
-50.4,500,425.589921
-26.9,500,425.875341
-57.8,500,425.93273
-27.4,500,425.988771
-24.0,500,426.045775
-47.0,500,426.332486
-50.8,500,426.389667
-49.4,500,426.446776
-51.7,500,426.503557
-17.2,500,426.790644
-22.0,500,426.847095
-49.9,500,426.904132
-18.5,500,426.960784
-48.6,500,427.247022
-25.2,500,427.302948
-14.7,500,427.360184
-46.9,500,427.415976
-18.8,500,427.703414
-23.2,500,427.760531
-23.1,500,427.81753
-24.8,500,427.874799
-0.0,500,428.161164
-20.9,500,428.219706
-21.9,500,428.276461
-50.4,500,428.333211
-20.9,500,428.617816
-51.3,500,428.675081
-25.8,500,428.731007
-51.0,500,428.788155
-19.5,500,429.07502
-26.9,500,429.13127
-20.7,500,429.18796
-52.9,500,429.244172
-48.7,500,429.530129
-26.4,500,429.587611
-17.3,500,429.644176
-23.5,500,429.699833
-23.4,500,429.756214
-20.1,500,430.04256
-27.4,500,430.098856
-21.6,500,430.155252
-16.9,500,430.211595
-25.5,500,430.497594
-23.3,500,430.554295
-29.9,500,430.611413
-22.7,500,430.667128
-23.6,500,430.952878
-23.7,500,431.009986
-24.4,500,431.066298
-23.5,500,431.123384
-54.1,500,431.407666
-27.0,500,431.465637
-18.9,500,431.521756
-46.6,500,431.579225
-17.3,500,431.865086
-20.8,500,431.92149
-50.4,500,431.978654
-21.3,500,432.034911
-24.4,500,432.321409
-25.8,500,432.378124
-19.8,500,432.435405
-24.1,500,432.491274
-22.1,500,432.777843
-53.3,500,432.83552
-23.9,500,432.892007
28.5,500,432.948178
-23.9,500,433.234479
-17.7,500,433.292908
-28.5,500,433.348855
-23.9,500,433.406524
-25.1,500,433.69132
-18.3,500,433.749164
-26.9,500,433.805958
-48.1,500,433.863492
-17.9,500,434.148628
-26.4,500,434.205438
-20.5,500,434.262103
-26.3,500,434.318473
-28.0,500,434.374805
-18.3,500,434.661601
-23.1,500,434.718412
-26.9,500,434.774497
6.0,500,434.831508
-28.0,500,435.117181
-24.0,500,435.174021
-26.1,500,435.230602
-52.2,500,435.28825
-23.7,500,435.575218
-19.1,500,435.63172
-27.1,500,435.688225
25.0,500,435.743894
-24.5,500,436.0296
-22.5,500,436.08608
-28.3,500,436.143381
-25.1,500,436.19928
-20.6,500,436.485763
-23.8,500,436.543486
-53.4,500,436.60024
-21.6,500,436.657289
-26.3,500,436.941736
-22.7,500,436.999456
-53.5,500,437.056306
-20.0,500,437.113943
-54.1,500,437.399481
-48.0,500,437.457536
-23.9,500,437.514172
-21.1,500,437.571321
-20.2,500,437.857847
-24.3,500,437.914053
-52.0,500,437.971481
-26.9,500,438.02776
-48.8,500,438.316139
-23.5,500,438.372337
-24.3,500,438.42992
-24.2,500,438.485267
-20.9,500,438.771411
-52.7,500,438.828324
-26.7,500,438.884167
-24.5,500,438.941154
-28.7,500,438.997829
-21.6,500,439.284561
-47.8,500,439.340355
-23.0,500,439.397106
-21.3,500,439.453485
-21.3,500,439.739078
-25.0,500,439.795564
-19.9,500,439.852673
-50.4,500,439.908823
-47.3,500,440.195214
-24.3,500,440.252109
-25.2,500,440.3084
-29.4,500,440.364728
-25.8,500,440.649913
-20.7,500,440.707111
-20.3,500,440.762913
-23.5,500,440.820244
-21.8,500,441.10567
-24.2,500,441.161936
-23.0,500,441.217941
-23.5,500,441.274616
-21.6,500,441.561287
-22.6,500,441.617322
-20.5,500,441.674229
-49.7,500,441.730613
-22.0,500,442.0161
-52.2,500,442.072967
-52.6,500,442.129203
-55.1,500,442.185703
-47.9,500,442.47176
-48.1,500,442.528502
-27.3,500,442.585203
-22.4,500,442.641797
-47.2,500,442.927074
-21.2,500,442.984815
-47.7,500,443.041272
-50.1,500,443.098836
-2.4,500,443.387669
-23.9,500,443.443932
-23.1,500,443.500519
-42.5,500,443.556567
-19.8,500,443.842176
-22.7,500,443.898459
-22.0,500,443.955975
-26.0,500,444.011822
-48.4,500,444.06852
-22.8,500,444.352991
-20.2,500,444.410056
-27.4,500,444.466836
-22.3,500,444.523747
-23.5,500,444.810296
-24.4,500,444.866444
-1.7,500,444.923337
-17.9,500,444.979506
-50.3,500,445.265516
-28.8,500,445.322132
-25.8,500,445.3795
-27.5,500,445.435629
-21.4,500,445.721981
-27.8,500,445.779649
-20.1,500,445.836137
-28.7,500,445.893448
-21.5,500,446.179458
-50.0,500,446.236975
-51.1,500,446.2929
-52.1,500,446.382269
-20.5,500,446.671077
-22.6,500,446.727637
-28.0,500,446.785061
-18.9,500,446.841297
-23.3,500,447.126939
-27.4,500,447.183663
-28.2,500,447.240966
-26.9,500,447.296683
-26.4,500,447.583156
-53.2,500,447.641549
-58.4,500,447.698166
-22.3,500,447.755347
-20.2,500,448.041448
-25.6,500,448.098471
-47.1,500,448.154563
-23.3,500,448.212175
-47.1,500,448.497832
-49.2,500,448.55528
-52.4,500,448.612266
-23.2,500,448.668563
-23.3,500,448.725107
-53.4,500,449.010416
-22.7,500,449.067674
-26.6,500,449.124516
-32.3,500,449.181633
-18.3,500,449.465652
-27.8,500,449.522588
-51.6,500,449.57947
-24.3,500,449.635686
19.1,500,449.922443
-25.6,500,449.978468
-47.5,500,450.035689
-27.7,500,450.092333
-27.5,500,450.37848
-27.4,500,450.435378
-17.6,500,450.49246
-29.0,500,450.548056
-22.3,500,450.834502
-26.2,500,450.891172
-27.3,500,450.947496
-22.6,500,451.004364
-24.3,500,451.289703
-48.4,500,451.347426
-3.6,500,451.403743
-48.0,500,451.461187
1.1,500,451.746212
-25.8,500,451.803137
-49.7,500,451.860109
-23.4,500,451.917408
-51.0,500,452.203348
-24.2,500,452.260673
-22.2,500,452.317487
-24.8,500,452.376185
-26.9,500,452.663558
-29.7,500,452.719736
-24.2,500,452.777374
-23.4,500,452.832926
-20.6,500,453.124408
-26.9,500,453.181885
-52.5,500,453.238635
-52.9,500,453.29572
-19.5,500,453.581766
-53.2,500,453.639904
-48.3,500,453.69879
-24.4,500,453.756666
-26.9,500,453.812493
-24.0,500,454.099009
-21.7,500,454.155897
-25.0,500,454.212498
-20.7,500,454.269051
-23.1,500,454.554618
-4.8,500,454.612152
-23.1,500,454.668306
-52.8,500,454.725394
-23.9,500,455.011499
-22.3,500,455.06909
-23.3,500,455.125813
-26.3,500,455.183334
-24.7,500,455.468936
-25.9,500,455.525417
-22.0,500,455.582437
-48.4,500,455.638765
-23.2,500,455.925203
-17.8,500,455.981837
-25.8,500,456.039094
-52.1,500,456.095921
-25.7,500,456.38144
-27.8,500,456.437949
-47.7,500,456.495237
-22.5,500,456.551496
-50.4,500,456.837453
-24.7,500,456.894567
-23.1,500,456.950271
-49.9,500,457.007529
-25.6,500,457.292395
-28.9,500,457.34969
-23.5,500,457.405201
-20.0,500,457.461724
-47.9,500,457.746833
-24.3,500,457.804446
-23.4,500,457.860724
-48.8,500,457.917826
-19.2,500,458.203869
-22.9,500,458.261019
-19.7,500,458.318119
-21.1,500,458.374504
-23.2,500,458.431281
-24.3,500,458.717483
-48.7,500,458.775521
-26.4,500,458.831741
-21.8,500,458.888831
-0.0,500,459.173779
-23.0,500,459.231514
-23.7,500,459.287441
-27.4,500,459.343924
-51.6,500,459.630028
-28.3,500,459.686585
-25.6,500,459.743291
-21.8,500,459.799547
-25.2,500,460.087215
-26.7,500,460.143184
-22.5,500,460.20046
-46.1,500,460.256667
-21.8,500,460.542752
-23.1,500,460.598905
-20.5,500,460.655864
-22.4,500,460.712362
-50.7,500,460.999043
-17.9,500,461.056089
-27.7,500,461.112762
-24.0,500,461.170125
-48.0,500,461.455209
-23.4,500,461.513
-12.7,500,461.569332
-24.0,500,461.626655
-48.6,500,461.912745
-14.4,500,461.969303
-23.7,500,462.025891
-22.7,500,462.08193
-22.8,500,462.368376
-28.8,500,462.42454
-20.5,500,462.481812
-53.3,500,462.538375
-25.9,500,462.824004
-54.6,500,462.880573
-25.6,500,462.93742
-27.0,500,462.994084
-24.1,500,463.049863
-22.6,500,463.337928
-19.7,500,463.394194
-47.2,500,463.451902
-23.0,500,463.50813
-51.2,500,463.794658
-23.0,500,463.850675
-29.2,500,463.907408
-21.6,500,463.963296
-24.9,500,464.290346
-17.4,500,464.34693
-26.1,500,464.40247
-23.4,500,464.45957
-22.1,500,464.74484
-48.0,500,464.800683
-27.2,500,464.857746
-18.8,500,464.913921
-51.9,500,465.199451
-47.8,500,465.255643
-23.0,500,465.313016
-22.6,500,465.369298
-22.8,500,465.65553
-20.8,500,465.712979
-23.6,500,465.769452
-21.2,500,465.826439
-23.7,500,466.111376
-49.4,500,466.169098
-21.7,500,466.225355
-11.6,500,466.282411
-24.9,500,466.566436
-24.2,500,466.623297
-20.3,500,466.679292
-22.6,500,466.736484
-25.9,500,467.022416
-49.2,500,467.078626
-46.6,500,467.134974
-49.0,500,467.191742
-50.1,500,467.477472
4.4,500,467.532923
-24.7,500,467.589611
-52.0,500,467.646169
-19.5,500,467.931903
-27.7,500,467.988303
-20.7,500,468.046034
-25.0,500,468.101875
-28.1,500,468.159072
-19.8,500,468.447807
-20.8,500,468.504349
-22.9,500,468.561248
-24.8,500,468.617144
-27.2,500,468.903246
-23.1,500,468.9591
-21.5,500,469.016033
-1.4,500,469.071638
-22.0,500,469.356996
-20.9,500,469.412777
-25.2,500,469.470112
-18.1,500,469.526858
-28.5,500,469.812405
-12.6,500,469.869931
-23.5,500,469.926508
-24.9,500,469.98406
-26.2,500,470.269144
-19.6,500,470.327117
-24.0,500,470.382984
-50.9,500,470.440732
-25.2,500,470.729143
-18.8,500,470.785853
-15.7,500,470.843034
-45.8,500,470.899528
-25.2,500,471.184844
-21.0,500,471.240428
-24.2,500,471.297708
-19.4,500,471.353742
-51.4,500,471.639733
-23.0,500,471.696032
-22.1,500,471.753271
-26.1,500,471.810154
-49.4,500,472.09561
-17.8,500,472.152881
-20.8,500,472.209318
-23.4,500,472.265994
-52.4,500,472.550752
-28.0,500,472.608337
-24.0,500,472.664192
-46.4,500,472.721861
-24.9,500,472.777325
-24.2,500,473.063166
-16.0,500,473.120276
-20.9,500,473.176355
-23.3,500,473.233217
-27.2,500,473.519874
-18.3,500,473.57752
-53.8,500,473.633615
-49.5,500,473.690661
-50.6,500,473.975859
-31.0,500,474.033482
-25.2,500,474.089994
-24.7,500,474.146205
-23.3,500,474.432704
-55.9,500,474.489035
-17.1,500,474.545643
-17.3,500,474.601623
-27.2,500,474.887085
-26.0,500,474.944229
-20.8,500,475.001927
-17.7,500,475.05855
-30.6,500,475.34384
-50.4,500,475.40167
-21.3,500,475.457672
-23.1,500,475.514899
-50.4,500,475.800447
-20.0,500,475.858204
-25.6,500,475.915084
-52.1,500,475.972217
-48.6,500,476.25715
-26.2,500,476.31523
-22.6,500,476.371609
-53.5,500,476.428655
-19.6,500,476.713139
-25.9,500,476.76945
-24.1,500,476.826538
-21.2,500,476.882651
-22.6,500,477.167921
-17.9,500,477.224586
-52.3,500,477.282734
-21.1,500,477.339625
-22.6,500,477.625559
-24.8,500,477.68245
-17.5,500,477.73922
-50.9,500,477.796984
-20.6,500,477.852899
-23.1,500,478.138367
-22.9,500,478.193557
-22.0,500,478.250913
-47.8,500,478.30665
-20.2,500,478.593688
-54.2,500,478.649338
-52.2,500,478.705256
-50.5,500,478.760808
-21.6,500,479.046209
-48.2,500,479.10364
-24.8,500,479.159944
-53.9,500,479.216759
-23.1,500,479.501894
-53.0,500,479.559718
-29.1,500,479.616348
-26.1,500,479.673624
-20.9,500,479.960579
-22.9,500,480.016971
-26.7,500,480.074216
4.5,500,480.13055
-25.8,500,480.416055
-53.6,500,480.472721
-22.8,500,480.529984
-58.9,500,480.586039
-21.6,500,480.872028
-45.9,500,480.928938
-25.2,500,480.985251
-51.3,500,481.04177
-51.2,500,481.326494
-28.0,500,481.383931
-50.8,500,481.440444
-15.3,500,481.497645
-20.2,500,481.782275
-49.1,500,481.840048
-20.9,500,481.895882
-18.5,500,481.952993
-51.3,500,482.239891
-24.4,500,482.295699
-57.3,500,482.353103
-20.8,500,482.409385
-25.3,500,482.466312
-51.5,500,482.751208
-25.8,500,482.808752
-19.5,500,482.865059
-51.9,500,482.922182
-48.5,500,483.208488
-21.7,500,483.265568
-23.3,500,483.322636
-24.6,500,483.377801
-23.1,500,483.663849
-50.8,500,483.719736
-23.6,500,483.77651
-20.2,500,483.831789
-26.0,500,484.117183
-23.1,500,484.173617
-24.3,500,484.230071
-23.4,500,484.287623
-47.2,500,484.572769
-48.3,500,484.630673
-17.9,500,484.686536
-21.8,500,484.74576
-27.2,500,485.030366
-23.8,500,485.087927
-21.4,500,485.143345
-26.6,500,485.200378
-49.6,500,485.485718
-24.4,500,485.541704
-21.2,500,485.59787
-21.1,500,485.6539
-24.4,500,485.939819
-55.7,500,485.995807
-50.6,500,486.053136
-48.5,500,486.109042
-25.6,500,486.395336
-25.3,500,486.451528
-20.5,500,486.509192
-52.7,500,486.566549
-21.6,500,486.851037
-25.3,500,486.909006
-22.2,500,486.965548
-22.2,500,487.022819
-21.9,500,487.307688
-20.2,500,487.365358
-27.2,500,487.421185
-41.9,500,487.477959
-21.6,500,487.533763
-24.9,500,487.820093
-20.5,500,487.877264
-25.6,500,487.933026
-22.5,500,487.990145
-25.3,500,488.276532
-22.7,500,488.334718
-24.6,500,488.390932
-22.6,500,488.44789
-52.2,500,488.73259
-47.2,500,488.790126
-22.7,500,488.847031
-28.5,500,488.903163
-48.2,500,489.188268
-20.9,500,489.24468
-23.5,500,489.301948
-21.9,500,489.357966
-25.7,500,489.684035
-50.1,500,489.741187
-26.7,500,489.797061
-22.2,500,489.854807
-25.7,500,490.140579
-60.5,500,490.198703
-24.5,500,490.255241
-21.0,500,490.31228
-47.9,500,490.598034
-21.0,500,490.653707
-53.1,500,490.710721
-26.4,500,490.766525
-19.0,500,491.05149
-47.9,500,491.1076
-22.2,500,491.164799
-27.3,500,491.22069
-27.9,500,491.506636
-52.5,500,491.562243
-20.8,500,491.619094
-22.8,500,491.675827
-46.4,500,491.961291
-25.2,500,492.017894
-46.9,500,492.074698
-21.2,500,492.131345
-24.2,500,492.187181
-25.4,500,492.473558
-47.9,500,492.529141
-27.1,500,492.585781
-52.2,500,492.64193
-26.7,500,492.926365
-47.6,500,492.982661
-20.4,500,493.040425
-26.1,500,493.095714
-22.5,500,493.383723
-25.5,500,493.441326
-49.5,500,493.497669
-26.7,500,493.554406
-48.8,500,493.839642
1.2,500,493.897081
-22.9,500,493.953602
-21.5,500,494.010578
-23.9,500,494.295844
-20.4,500,494.353504
-26.3,500,494.409725
-23.4,500,494.46632
-21.9,500,494.751565
-21.9,500,494.806928
-23.8,500,494.863905
-22.6,500,494.920063
-27.3,500,495.204905
-0.6,500,495.261296
-49.4,500,495.319153
-50.4,500,495.374786
-50.3,500,495.661041
-23.5,500,495.71743
-22.9,500,495.775249
-20.4,500,495.832437
-48.8,500,496.117033
-25.2,500,496.174226
-24.6,500,496.230795
0.2,500,496.288022
-24.2,500,496.573706
-19.6,500,496.631259
-50.0,500,496.687458
-55.5,500,496.744095
-20.3,500,496.79916
-27.3,500,497.08539
-53.0,500,497.141411
-22.7,500,497.198338
-21.1,500,497.2548
-21.9,500,497.539825
-23.1,500,497.597049
-23.3,500,497.653462
-25.3,500,497.710589
-18.7,500,497.995364
-12.4,500,498.05309
-24.3,500,498.108605
-23.8,500,498.165795
-20.4,500,498.454227
-23.0,500,498.510423
-29.1,500,498.567956
-19.4,500,498.62377
-20.3,500,498.910288
-48.6,500,498.966226
-22.0,500,499.023107
-47.4,500,499.079073
-28.5,500,499.36424
-56.3,500,499.420169
-21.4,500,499.477305
-50.3,500,499.533832
-25.5,500,499.819353
-47.5,500,499.876148
-26.4,500,499.932665
-47.4,500,499.990031
-26.6,500,500.27508
-25.6,500,500.332409
-17.9,500,500.388532
-53.4,500,500.446107
-23.4,500,500.730734
-53.9,500,500.788388
-29.4,500,500.844438
-51.2,500,500.90197
-20.7,500,501.186676
-23.8,500,501.243126
-21.6,500,501.299946
-23.6,500,501.35595
-47.6,500,501.641442
-26.1,500,501.697513
-20.1,500,501.75482
-23.4,500,501.810741
-21.5,500,501.867447
18.2,500,502.152603
-25.7,500,502.209214
-30.4,500,502.266366
-51.2,500,502.322773
-28.1,500,502.608022
-25.2,500,502.663645
-18.5,500,502.721125
-19.0,500,502.777696
-23.2,500,503.061818
-23.4,500,503.117651
-22.8,500,503.175012
-25.3,500,503.230335
-21.8,500,503.519483
-24.6,500,503.575746
-19.2,500,503.632196
-19.3,500,503.68927
-22.4,500,503.973564
-30.2,500,504.031205
-25.2,500,504.087448
-46.6,500,504.144794
-24.3,500,504.428824
-55.0,500,504.486026
-18.8,500,504.541249
-23.1,500,504.597631
-29.4,500,504.881828
-26.7,500,504.938086
-20.1,500,504.995205
-22.1,500,505.051445
-21.9,500,505.335797
-25.6,500,505.392298
-27.7,500,505.449545
-17.6,500,505.505516
-21.8,500,505.790778
-25.9,500,505.846726
-16.1,500,505.904047
-26.7,500,505.960031
-26.2,500,506.245832
-49.0,500,506.302276
21.2,500,506.359143
-21.4,500,506.414366
-26.2,500,506.471729
-24.6,500,506.757172
-17.6,500,506.813367
-24.9,500,506.869863
-17.4,500,506.925784
-27.8,500,507.212114
-23.3,500,507.267849
-20.9,500,507.324876
-46.7,500,507.38075
-46.3,500,507.666173
-25.8,500,507.722122
-27.1,500,507.778862
-54.1,500,507.834816
-18.7,500,508.121415
-24.7,500,508.178695
-45.7,500,508.235272
-25.5,500,508.293497
6.1,500,508.578305
-48.0,500,508.63578
-50.2,500,508.692004
-27.8,500,508.748745
-21.6,500,509.033732
-22.0,500,509.091421
-24.8,500,509.148349
-28.8,500,509.204725
-23.6,500,509.489432
-27.0,500,509.546017
-24.3,500,509.602602
-46.9,500,509.659198
-18.8,500,509.944215
-22.1,500,509.999959
-21.9,500,510.057693
-24.0,500,510.113211
-21.2,500,510.398481
-65.9,500,510.454557
-21.9,500,510.511644
-24.1,500,510.567734
-24.9,500,510.853701
-4.3,500,510.910676
-22.8,500,510.967151
-21.2,500,511.024554
-52.7,500,511.309322
-23.2,500,511.366576
-63.8,500,511.422288
-27.8,500,511.479267
-17.7,500,511.534405
-19.2,500,511.819622
-23.6,500,511.876556
-48.7,500,511.932839
-22.4,500,511.990245
-17.9,500,512.275369
-22.0,500,512.332215
-48.9,500,512.38824
-19.4,500,512.445067
-24.0,500,512.728692
-22.8,500,512.786358
-18.1,500,512.843186
-22.7,500,512.899114
-24.7,500,513.184341
-21.4,500,513.240494
-52.9,500,513.298188
-44.1,500,513.354213
-21.9,500,513.640673
-20.6,500,513.695908
-49.1,500,513.753704
-24.3,500,513.809912
-50.4,500,514.096422
-23.8,500,514.153912
-52.2,500,514.209867
-19.8,500,514.267091
-26.6,500,514.551973
-24.2,500,514.609424
-21.9,500,514.665657
-24.4,500,514.723394
-26.9,500,515.051265
-23.8,500,515.107145
-25.1,500,515.164907
-26.3,500,515.221529
-20.2,500,515.505847
-21.4,500,515.562975
-25.9,500,515.620125
-55.3,500,515.677103
-19.8,500,515.96114
-49.9,500,516.018912
-19.2,500,516.07459
-26.2,500,516.131759
-28.1,500,516.187333
-17.9,500,516.472829
-22.8,500,516.529879
0.4,500,516.585974
-54.1,500,516.643333
-54.4,500,516.928302
-29.8,500,516.985415
-28.0,500,517.041014
-24.9,500,517.098031
-50.1,500,517.383939
-18.1,500,517.440344
-20.0,500,517.497415
-25.4,500,517.553269
-23.7,500,517.83946
-28.0,500,517.895379
-24.3,500,517.952499
-21.6,500,518.00816
-48.6,500,518.295088
-17.5,500,518.352674
-21.1,500,518.407961
-26.3,500,518.464628
-27.1,500,518.750379
-16.9,500,518.807174
-50.2,500,518.863084
-20.1,500,518.920023
4.7,500,519.204407
-18.9,500,519.261879
-16.4,500,519.31771
-25.4,500,519.374664
-19.8,500,519.659783
-46.2,500,519.71661
-51.3,500,519.774214
-24.6,500,519.829942
-24.8,500,520.114929
-50.2,500,520.171628
-20.0,500,520.229111
-21.1,500,520.284857
-25.7,500,520.571489
-23.4,500,520.62861
-45.8,500,520.68488
-22.9,500,520.741832
-23.1,500,520.798448
-25.5,500,521.084125
-26.1,500,521.140256
-52.3,500,521.197409
-49.6,500,521.253361
-47.9,500,521.539921
-51.0,500,521.595845
-24.9,500,521.652768
-23.4,500,521.70924
-47.2,500,521.994849
-26.9,500,522.052188
-21.4,500,522.10856
-29.2,500,522.165547
-26.4,500,522.450404
-24.6,500,522.507719
-24.6,500,522.564468
-21.9,500,522.621437
-25.4,500,522.905811
-21.6,500,522.963018
-47.2,500,523.018989
-53.0,500,523.076446
-23.3,500,523.363606
-51.3,500,523.42055
-24.9,500,523.477335
-25.0,500,523.533639
-48.1,500,523.819424
-20.2,500,523.875617
-24.8,500,523.932652
-15.0,500,523.988376
-22.3,500,524.273792
-22.5,500,524.330384
-25.6,500,524.387285
-19.9,500,524.444408
-21.3,500,524.729718
-21.6,500,524.787407
-22.8,500,524.84418
-26.8,500,524.901684
-22.1,500,525.187337
-52.7,500,525.244049
-20.0,500,525.301428
-24.5,500,525.357424
-25.5,500,525.643832
0.7,500,525.700291
-20.8,500,525.757776
-58.7,500,525.814294
-27.2,500,525.87138
-27.5,500,526.157267
-53.1,500,526.214845
-16.2,500,526.271529
-50.0,500,526.327602
-21.2,500,526.613634
-24.7,500,526.670177
-26.3,500,526.72728
-24.7,500,526.783398
-25.4,500,527.070054
-50.0,500,527.126598
-23.8,500,527.183715
-17.8,500,527.240347
-49.1,500,527.525532
-49.9,500,527.582837
-15.8,500,527.639462
-21.6,500,527.695805
-22.6,500,527.980743
-47.6,500,528.038342
-20.0,500,528.094874
-19.1,500,528.152008
-22.5,500,528.439841
-51.0,500,528.496612
-21.8,500,528.553695
-48.1,500,528.610174
-26.0,500,528.894377
-22.0,500,528.950123
25.3,500,529.007469
-26.8,500,529.063623
-20.3,500,529.350015
-51.6,500,529.406877
-26.5,500,529.464354
-27.1,500,529.52107
-22.2,500,529.806114
-27.4,500,529.862529
-24.9,500,529.918272
-52.4,500,529.975262
-24.2,500,530.259769
-21.2,500,530.317617
-19.6,500,530.373846
-52.4,500,530.430878
-23.1,500,530.487078
-27.1,500,530.771976
-22.1,500,530.827697
-48.5,500,530.884673
-23.3,500,530.941581
-23.2,500,531.226162
-18.2,500,531.282573
-55.3,500,531.338899
22.4,500,531.395624
-21.3,500,531.680619
-20.3,500,531.737634
-27.4,500,531.793831
-23.5,500,531.851052
-21.6,500,532.137385
-49.4,500,532.194245
-49.2,500,532.251633
20.7,500,532.308079
-20.2,500,532.595163
-22.4,500,532.651544
-24.0,500,532.70907
-29.4,500,532.765274
-26.6,500,533.051462
-48.1,500,533.107949
-24.5,500,533.164976
-25.5,500,533.221253
-52.5,500,533.507849
-51.4,500,533.56507
-23.8,500,533.621705
-23.5,500,533.678241
-24.5,500,533.962895
-22.1,500,534.020548
-1.5,500,534.076558
-27.9,500,534.133866
-53.2,500,534.419473
-53.5,500,534.476246
-23.0,500,534.533114
-50.4,500,534.589694
-24.1,500,534.875721
-30.2,500,534.932401
-25.8,500,534.990238
-53.0,500,535.046238
-25.0,500,535.331605
-26.6,500,535.388197
-20.6,500,535.444265
-26.5,500,535.501688
-24.9,500,535.557331
-24.1,500,535.84319
-24.9,500,535.899567
-22.0,500,535.956435
-19.2,500,536.01192
-25.6,500,536.298164
-27.8,500,536.354584
-21.1,500,536.411607
-49.5,500,536.467835
-18.4,500,536.752954
-19.9,500,536.808986
-22.4,500,536.865551
-43.7,500,536.922376
-25.9,500,537.207955
-18.9,500,537.265771
-50.1,500,537.322813
-23.8,500,537.379773
-22.7,500,537.664699
-25.6,500,537.722168
-24.3,500,537.778897
-27.7,500,537.836018
-19.8,500,538.121537
-27.6,500,538.178641
-18.8,500,538.235192
-21.9,500,538.292011
-21.0,500,538.577371
-25.4,500,538.633256
-48.9,500,538.690468
-22.2,500,538.746053
-21.0,500,539.031721
-52.1,500,539.088562
-22.1,500,539.147047
-25.2,500,539.206449
-26.4,500,539.493094
-18.9,500,539.550645
-47.2,500,539.607146
-24.6,500,539.663312
-49.0,500,539.947583
-24.2,500,540.0056
-20.4,500,540.061209
-49.9,500,540.118429
-2.4,500,540.17445
-51.2,500,540.459918
-23.5,500,540.51589
-29.6,500,540.5734
-27.4,500,540.629486
-51.9,500,540.957072
-20.6,500,541.013938
-24.6,500,541.069996
-49.2,500,541.126541
-24.4,500,541.412073
28.0,500,541.46838
-22.4,500,541.525557
-22.9,500,541.581823
-16.7,500,541.867597
-46.8,500,541.924316
-21.2,500,541.98147
-22.8,500,542.037113
-43.0,500,542.324062
-50.4,500,542.381916
-20.0,500,542.438614
-22.6,500,542.496016
-28.8,500,542.781175
-26.4,500,542.838553
15.7,500,542.894701
-21.6,500,542.951435
-22.6,500,543.237726
-23.5,500,543.294404
-14.6,500,543.35281
-27.3,500,543.409101
-23.1,500,543.694402
-22.0,500,543.750291
-25.7,500,543.806814
-25.2,500,543.862655
-22.1,500,544.148194
-27.2,500,544.205109
-22.0,500,544.262442
-24.7,500,544.317547
-25.5,500,544.603096
-49.3,500,544.660348
-24.8,500,544.716584
-17.7,500,544.773174
-47.7,500,545.057742
-26.6,500,545.115067
-27.1,500,545.171203
-15.2,500,545.228269
-22.7,500,545.284327
-47.0,500,545.569789
-23.8,500,545.626197
-26.8,500,545.683904
-22.2,500,545.740299
-27.3,500,546.025553
-53.8,500,546.082979
-22.2,500,546.139303
-22.8,500,546.196748
-26.9,500,546.482286
-24.4,500,546.539773
-28.2,500,546.596207
-24.9,500,546.652922
-18.5,500,546.937975
-15.0,500,546.995469
-28.6,500,547.05146
-52.1,500,547.109262
-19.8,500,547.395783
-53.3,500,547.453039
-52.8,500,547.510784
-51.5,500,547.566474
-24.6,500,547.851132
-53.0,500,547.907584
-26.7,500,547.964391
-49.6,500,548.020365
-25.1,500,548.307041
-21.4,500,548.363405
-23.9,500,548.420755
-22.0,500,548.478219
-23.9,500,548.763935
-29.3,500,548.8215
-33.9,500,548.877688
-51.0,500,548.934582
-47.8,500,549.219545
-21.2,500,549.277135
-48.8,500,549.333526
-26.3,500,549.390591
-22.8,500,549.675461
-25.6,500,549.732678
-18.3,500,549.790028
-21.8,500,549.846067
-24.1,500,549.902249
-22.0,500,550.187308
-51.0,500,550.244607
-24.5,500,550.299942
-24.9,500,550.356961
-22.5,500,550.641531
-19.9,500,550.69881
-17.1,500,550.755906
-27.0,500,550.812574
-19.4,500,551.0991
-53.3,500,551.155853
-57.1,500,551.213761
-49.5,500,551.270287
-22.2,500,551.555305
2.8,500,551.611059
-25.9,500,551.668027
-47.1,500,551.724586
-22.5,500,552.01084
-50.9,500,552.068389
-49.6,500,552.125288
-24.2,500,552.182533
-22.9,500,552.467298
-24.1,500,552.524574
-23.6,500,552.580845
-26.0,500,552.637997
-18.1,500,552.923968
-21.9,500,552.98014
-24.3,500,553.037184
-44.4,500,553.093856
-26.5,500,553.380195
-45.9,500,553.435644
-26.0,500,553.492561
-24.0,500,553.54844
-20.3,500,553.833374
-21.6,500,553.890173
-22.5,500,553.947284
-20.1,500,554.003393
-20.0,500,554.289354
-49.1,500,554.346954
-25.1,500,554.403483
-27.0,500,554.460098
-26.0,500,554.516303
-44.9,500,554.802004
-52.4,500,554.858327
-21.4,500,554.915404
-50.0,500,554.97191
-21.1,500,555.257912
-23.8,500,555.313945
-49.9,500,555.371461
-21.9,500,555.428279
-22.8,500,555.713381
-46.1,500,555.770051
-25.2,500,555.825504
-25.5,500,555.883186
-47.2,500,556.168669
-23.7,500,556.226511
-18.7,500,556.282889
-21.6,500,556.340075
-55.5,500,556.626403
-53.1,500,556.682775
-26.2,500,556.739407
-28.7,500,556.795368
-46.4,500,557.081242
-47.0,500,557.137941
-48.4,500,557.195071
-47.6,500,557.251376
-24.2,500,557.537757
-26.6,500,557.594141
-28.0,500,557.650731
-27.2,500,557.708026
-26.4,500,557.992168
-50.5,500,558.049144
-27.8,500,558.105112
-20.3,500,558.162126
-47.8,500,558.448978
-32.3,500,558.506302
-46.2,500,558.562426
-22.9,500,558.619531
-46.4,500,558.905045
-22.6,500,558.961374
-24.3,500,559.018687
-49.7,500,559.075398
-50.7,500,559.360846
-52.2,500,559.41737
-21.9,500,559.474631
-25.4,500,559.53032
-22.7,500,559.587304
-23.3,500,559.872659
-58.1,500,559.930015
-24.7,500,559.986759
-27.5,500,560.04335
-19.7,500,560.329072
-18.6,500,560.385015
-21.7,500,560.442614
22.2,500,560.498954
1.9,500,560.784665
-21.4,500,560.840969
-22.8,500,560.898118
-25.9,500,560.954069
-23.5,500,561.240222
-26.3,500,561.297023
-28.2,500,561.353546
-9.6,500,561.41048
-24.8,500,561.695472
-25.6,500,561.752788
-22.0,500,561.80946
-29.3,500,561.86697
-19.5,500,562.152845
6.0,500,562.2087
-25.4,500,562.265823
-48.9,500,562.322069
-48.0,500,562.607262
-23.4,500,562.663379
-23.8,500,562.718769
-47.6,500,562.775434
-21.8,500,563.060944
-23.7,500,563.117755
-22.4,500,563.174727
-27.6,500,563.22994
-25.5,500,563.518252
-24.3,500,563.575856
-27.5,500,563.632988
-23.2,500,563.689781
-19.3,500,563.974704
-23.9,500,564.031437
-51.8,500,564.087626
-24.8,500,564.144892
-57.5,500,564.200668
-26.8,500,564.486183
18.5,500,564.542945
-24.1,500,564.600214
-55.0,500,564.655982
-23.9,500,564.941544
-24.4,500,564.998716
-28.4,500,565.055008
-22.9,500,565.112223
-24.4,500,565.396061
0.3,500,565.453089
-24.1,500,565.509769
-23.9,500,565.56703
-20.5,500,565.851982
-22.9,500,565.908842
-25.0,500,565.966063
-27.7,500,566.022553
-26.1,500,566.348704
-22.7,500,566.406461
-25.6,500,566.462473
-22.3,500,566.520027
-19.7,500,566.804311
-23.1,500,566.862054
-27.7,500,566.918158
-27.8,500,566.975172
-21.4,500,567.259172
-53.5,500,567.316929
-24.5,500,567.374122
-50.8,500,567.430955
-21.8,500,567.717208
-26.5,500,567.773529
-24.9,500,567.830737
-22.7,500,567.886249
-25.3,500,568.172343
-50.7,500,568.227939
-18.5,500,568.285551
-54.1,500,568.342504
-20.6,500,568.62915
-24.3,500,568.686277
0.3,500,568.741932
-23.6,500,568.798836
-24.9,500,569.083145
-50.2,500,569.141045
-24.6,500,569.196512
-23.8,500,569.253472
-14.5,500,569.309954
-25.3,500,569.595222
-50.1,500,569.651122
-21.2,500,569.708612
-20.6,500,569.76504
-22.3,500,570.05117
-33.6,500,570.113329
-25.5,500,570.17582
-20.6,500,570.238081
-50.5,500,570.554721
-23.4,500,570.611765
-25.5,500,570.672237
-21.6,500,570.732676
-22.9,500,571.025631
-18.9,500,571.083206
-28.2,500,571.140303
-20.6,500,571.197582
-48.6,500,571.483105
-25.7,500,571.540602
-22.7,500,571.5966
-20.6,500,571.653859
-49.9,500,571.942003
-47.3,500,572.005641
-47.8,500,572.064996
-24.3,500,572.121742
-22.5,500,572.408516
-60.2,500,572.465246
-53.7,500,572.522513
28.9,500,572.578742
-22.1,500,572.86529
-27.9,500,572.920685
-22.4,500,572.977494
-20.8,500,573.033294
-47.7,500,573.322297
-52.7,500,573.380372
-21.7,500,573.4373
-24.2,500,573.494304
-50.9,500,573.779512
-26.3,500,573.837693
-57.3,500,573.894078
-25.8,500,573.950889
-22.1,500,574.006837
-23.2,500,574.291847
-25.4,500,574.348307
-18.6,500,574.404956
-29.4,500,574.461583
-24.1,500,574.747643
-25.0,500,574.805115
-23.6,500,574.861144
-27.1,500,574.91845
-26.5,500,575.203807
-52.5,500,575.261199
-53.6,500,575.316711
-21.0,500,575.373668
-22.9,500,575.659331
-23.2,500,575.715492
-49.9,500,575.771251
-16.7,500,575.82675
-25.3,500,576.11147
-25.7,500,576.167235
-26.2,500,576.224563
-22.4,500,576.280241
-23.7,500,576.566765
-24.7,500,576.623099
-17.7,500,576.68054
-30.2,500,576.737329
-21.8,500,577.022094
-18.5,500,577.079135
27.4,500,577.135021
-19.2,500,577.192035
-20.9,500,577.476639
-22.6,500,577.534449
-25.5,500,577.590342
-50.6,500,577.647033
-24.2,500,577.932929
-26.0,500,577.989483
-17.9,500,578.046664
-19.4,500,578.102604
-22.8,500,578.390071
-64.0,500,578.44647
-46.8,500,578.503747
-22.0,500,578.560149
-23.5,500,578.617692
-64.1,500,578.90398
-22.6,500,578.961529
-19.5,500,579.01796
-55.1,500,579.076135
-21.1,500,579.362064
-23.2,500,579.41831
-21.2,500,579.475489
-26.1,500,579.531081
-28.0,500,579.81586
-24.7,500,579.871816
-24.5,500,579.929015
-18.9,500,579.984881
-17.1,500,580.271134
-19.3,500,580.327546
-26.4,500,580.384769
-24.2,500,580.441227
-26.7,500,580.72745
-27.1,500,580.784896
-52.4,500,580.840662
-42.4,500,580.897833
-27.6,500,581.183561
25.2,500,581.241235
-46.6,500,581.29808
-56.3,500,581.355774
-21.6,500,581.640766
-26.1,500,581.697119
-21.5,500,581.754626
-22.7,500,581.811063
-52.4,500,582.096982
-23.3,500,582.152658
-51.8,500,582.210119
-22.2,500,582.265548
-23.2,500,582.551105
-44.9,500,582.607565
-49.1,500,582.664428
-22.5,500,582.719657
-27.2,500,583.005283
-55.0,500,583.062775
-23.1,500,583.118994
-21.6,500,583.175777
-18.6,500,583.462421
-23.9,500,583.520428
-20.9,500,583.577019
-24.4,500,583.634209
-28.4,500,583.690196
-53.9,500,583.976413
-24.9,500,584.033245
-20.0,500,584.089276
-21.0,500,584.145982
-47.0,500,584.431258
-26.5,500,584.488572
-20.9,500,584.5445
-25.9,500,584.601316
-26.8,500,584.886498
-18.8,500,584.94399
-21.3,500,584.999679
-20.9,500,585.056979
-26.4,500,585.343028
-26.7,500,585.399494
-23.7,500,585.455982
-27.1,500,585.511712
-26.0,500,585.796251
-25.9,500,585.852418
-55.6,500,585.909639
-25.6,500,585.965752
-24.2,500,586.251589
-28.7,500,586.309053
-64.8,500,586.366231
-22.6,500,586.423282
-48.8,500,586.70715
-32.7,500,586.764628
-50.8,500,586.821196
-61.9,500,586.878403
-23.3,500,587.163869
-54.5,500,587.221166
-29.1,500,587.277274
-21.6,500,587.334408
-20.2,500,587.619335
-25.4,500,587.675549
-24.4,500,587.732532
-23.5,500,587.787982
-22.9,500,588.073176
-20.8,500,588.128894
-25.5,500,588.185831
-5.9,500,588.241848
-22.3,500,588.298839
-29.8,500,588.587535
-22.8,500,588.643296
-22.3,500,588.700284
-28.2,500,588.756122
-46.9,500,589.040973
-21.7,500,589.097317
-22.2,500,589.153683
-26.4,500,589.20966
-19.6,500,589.495718
-24.6,500,589.552075
-3.8,500,589.60895
-27.7,500,589.66436
-28.5,500,589.950439
-25.0,500,590.007689
-24.8,500,590.06405
-56.9,500,590.1212
-0.3,500,590.406788
-17.2,500,590.464056
-23.9,500,590.519893
-24.4,500,590.577311
16.7,500,590.861724
-18.1,500,590.918807
-20.7,500,590.975091
-24.7,500,591.032072
-23.8,500,591.317397
-50.2,500,591.373711
-25.6,500,591.430348
-25.0,500,591.486623
-23.4,500,591.771648
-22.4,500,591.827208
-22.5,500,591.884309
-23.8,500,591.940245
-44.3,500,592.226456
-50.0,500,592.283538
-5.9,500,592.340384
-20.6,500,592.397136
-50.6,500,592.683218
-18.8,500,592.740628
-51.8,500,592.797435
-24.1,500,592.854338
-26.8,500,593.186839
-20.4,500,593.242272
-35.0,500,593.299408
-51.5,500,593.355963
-23.0,500,593.413092
-23.7,500,593.698877
-21.7,500,593.756632
-24.1,500,593.813298
-24.0,500,593.868595
-23.9,500,594.154344
-23.5,500,594.209944
-21.3,500,594.266783
-23.5,500,594.322543
-28.3,500,594.608457
-53.8,500,594.664899
-47.2,500,594.722251
-20.0,500,594.778619
-29.4,500,595.064887
-23.5,500,595.122043
-27.9,500,595.177046
-53.9,500,595.233983
-27.4,500,595.519481
-18.4,500,595.576534
-28.6,500,595.632741
-24.1,500,595.690029
-23.0,500,595.97655
-21.4,500,596.033673
-19.9,500,596.090372
-47.6,500,596.146638
-21.5,500,596.432013
-26.6,500,596.487788
-50.4,500,596.544993
-21.3,500,596.600755
-22.5,500,596.886798
-28.3,500,596.942706
-49.4,500,596.99991
-24.9,500,597.056476
-25.6,500,597.342786
-23.3,500,597.400395
-22.9,500,597.457095
-22.6,500,597.513575
-29.1,500,597.798809
-24.8,500,597.856329
-27.4,500,597.912577
-51.1,500,597.969971
-25.4,500,598.026362
-24.0,500,598.311952
-50.9,500,598.369773
-26.4,500,598.425914
-15.8,500,598.481755
-23.2,500,598.766734
-31.5,500,598.82302
-25.1,500,598.878531
-19.8,500,598.935876
-23.9,500,599.221604
-24.2,500,599.278717
-21.4,500,599.33491
-25.3,500,599.392277
-27.5,500,599.677822
-20.9,500,599.733334
-51.9,500,599.790458
-26.2,500,599.84591
-22.6,500,600.131681
-52.2,500,600.187726
-24.6,500,600.245067
-26.9,500,600.303866
-21.2,500,600.590024
-54.5,500,600.647043
-28.3,500,600.703143
-47.9,500,600.759653
-47.1,500,601.048447
-25.7,500,601.105602
-19.9,500,601.160531
-52.6,500,601.217734
-24.2,500,601.503106
-23.4,500,601.560054
-24.2,500,601.61697
-26.5,500,601.672558
-48.1,500,601.95735
-49.9,500,602.014037
-52.3,500,602.071569
-22.6,500,602.127385
-23.7,500,602.413427
-26.4,500,602.470137
-25.4,500,602.527333
-23.3,500,602.583139
-27.7,500,602.869189
-21.2,500,602.926422
-23.0,500,602.982888
-25.4,500,603.039739
-5.8,500,603.095767
-21.5,500,603.383038
-25.2,500,603.438755
-23.7,500,603.49546
-21.5,500,603.551246
-19.6,500,603.837278
-20.2,500,603.894006
-23.6,500,603.949793
2.6,500,604.006719
-26.9,500,604.291863
-51.2,500,604.349447
-50.9,500,604.40582
-22.8,500,604.462606
-24.8,500,604.747332
-22.7,500,604.804548
-23.2,500,604.861059
-51.1,500,604.918209
-18.8,500,605.205019
-27.0,500,605.261342
-30.5,500,605.318315
-23.6,500,605.374185
-25.8,500,605.65927
-50.4,500,605.715975
-26.7,500,605.773266
-49.5,500,605.829256
-20.2,500,606.115239
-31.3,500,606.171996
-29.4,500,606.229476
-23.0,500,606.286173
-47.5,500,606.573086
-24.0,500,606.630198
-52.7,500,606.686143
-54.0,500,606.743272
-49.4,500,607.028965
-54.9,500,607.086668
-26.2,500,607.142445
-23.1,500,607.199218
-16.3,500,607.48419
-23.0,500,607.540666
-52.2,500,607.598327
-20.6,500,607.654612
-27.4,500,607.711545
-27.9,500,607.996398
-21.5,500,608.054182
-51.0,500,608.109873
-24.0,500,608.166563
-17.7,500,608.454581
-0.8,500,608.510708
-24.0,500,608.567117
-24.2,500,608.622662
-22.2,500,608.908026
-26.4,500,608.964147
-21.5,500,609.021069
-22.4,500,609.076853
-27.8,500,609.363076
-24.4,500,609.419507
-24.3,500,609.476677
-54.5,500,609.533207
-20.0,500,609.818234
-54.0,500,609.876247
-19.0,500,609.932811
-19.6,500,609.989556
-25.0,500,610.274213
-52.1,500,610.331911
-26.9,500,610.388221
-51.9,500,610.445938
-23.7,500,610.73029
-22.6,500,610.787834
-50.8,500,610.845033
-24.1,500,610.900731
-25.2,500,611.186508
-22.3,500,611.24276
-51.7,500,611.299384
-50.4,500,611.355313
-29.3,500,611.641122
-22.8,500,611.697378
-26.6,500,611.754519
-21.4,500,611.810592
-19.3,500,612.096759
-50.4,500,612.154237
-53.2,500,612.210662
-51.4,500,612.267439
-53.4,500,612.32372
-49.5,500,612.609672
-16.5,500,612.665965
-26.5,500,612.723215
-20.5,500,612.779118
-29.3,500,613.06634
-27.1,500,613.122708
-26.8,500,613.180362
-19.7,500,613.23664
-28.3,500,613.525321
-28.4,500,613.582648
-24.7,500,613.63872
-48.7,500,613.695977
-52.0,500,613.980903
-24.7,500,614.038591
-23.0,500,614.093777
-23.8,500,614.150698
-24.2,500,614.435604
-21.4,500,614.49226
-52.6,500,614.548914
-50.4,500,614.605478
-25.5,500,614.891328
-24.1,500,614.946744
-18.6,500,615.003731
-24.5,500,615.059928
-22.6,500,615.345122
-26.4,500,615.401207
-20.0,500,615.458228
-19.2,500,615.513814
-19.0,500,615.798363
-23.7,500,615.854284
-24.8,500,615.910557
-23.3,500,615.967633
-25.5,500,616.251819
-26.1,500,616.3091
-22.6,500,616.365061
-22.6,500,616.42183
-24.6,500,616.706883
-26.2,500,616.764212
-48.1,500,616.820069
-28.2,500,616.877352
-23.8,500,617.161906
-27.1,500,617.219425
-17.6,500,617.276456
-25.6,500,617.332475
-24.3,500,617.389402
-26.7,500,617.6753
-23.9,500,617.732891
-20.6,500,617.789014
-50.7,500,617.846625
-22.6,500,618.131039
-29.9,500,618.188114
-25.9,500,618.274012
-22.3,500,618.329773
-25.5,500,618.61786
-25.2,500,618.673584
-23.1,500,618.730438
-21.8,500,618.786336
-21.5,500,619.072236
-51.0,500,619.130123
-28.6,500,619.186699
-25.7,500,619.243636
-23.8,500,619.529352
-46.9,500,619.587052
-49.1,500,619.643666
-52.5,500,619.700983
-20.9,500,619.985055
-23.9,500,620.041887
-23.6,500,620.097863
-48.4,500,620.155548
-21.2,500,620.440849
-23.7,500,620.497389
-23.6,500,620.554176
-52.8,500,620.610331
-47.6,500,620.896973
-20.6,500,620.953197
-20.9,500,621.010128
-23.2,500,621.065783
-23.0,500,621.351158
-23.0,500,621.407496
-26.1,500,621.463563
-18.8,500,621.520036
-46.8,500,621.805849
-16.2,500,621.862959
-24.2,500,621.919147
-21.1,500,621.976077
-22.9,500,622.031998
-24.9,500,622.317969
-27.4,500,622.373991
-21.3,500,622.431035
-20.0,500,622.486825
-53.7,500,622.771714
-51.0,500,622.828639
-27.0,500,622.884539
3.2,500,622.940723
-23.3,500,623.225384
-52.9,500,623.282784
-50.8,500,623.338968
-28.2,500,623.396427
-25.1,500,623.682105
-23.0,500,623.739677
-55.3,500,623.796064
-51.0,500,623.853297
-24.2,500,624.139544
-17.7,500,624.196406
-16.2,500,624.252651
-22.7,500,624.309179
-21.7,500,624.595492
-28.9,500,624.651517
-29.6,500,624.708514
-20.9,500,624.764527
-22.6,500,625.050099
-20.0,500,625.106589
-21.5,500,625.16381
-23.7,500,625.219829
-21.3,500,625.506481
-27.6,500,625.564091
-50.3,500,625.620536
-49.1,500,625.677587
-24.0,500,625.96221
-21.2,500,626.019433
-51.0,500,626.074468
-27.2,500,626.131199
-22.1,500,626.416101
29.4,500,626.473593
-3.1,500,626.53004
-24.5,500,626.586685
-24.1,500,626.871526
-23.1,500,626.928614
-21.5,500,626.985576
-19.6,500,627.042488
-17.0,500,627.098804
-43.4,500,627.385509
-21.8,500,627.443118
-27.3,500,627.499422
-21.6,500,627.556714
-54.1,500,627.842191
-47.0,500,627.899117
-49.8,500,627.956273
-18.6,500,628.012091
-24.0,500,628.297914
-26.0,500,628.354336
-23.6,500,628.412741
-21.6,500,628.468783
-23.2,500,628.755523
-31.5,500,628.812219
-50.1,500,628.869887
3.2,500,628.925623
-22.4,500,629.211282
-53.0,500,629.2679
-23.2,500,629.323616
-22.4,500,629.38058
-19.0,500,629.6658
-46.5,500,629.723646
15.8,500,629.779132
-48.9,500,629.836104
-47.8,500,630.121382
-24.5,500,630.17785
-23.7,500,630.234971
-49.4,500,630.291984
-18.6,500,630.57616
-51.6,500,630.633127
-26.7,500,630.690806
-54.3,500,630.747271
-21.6,500,631.033191
-19.6,500,631.089452
-20.7,500,631.146678
-26.7,500,631.202947
-21.3,500,631.488842
-25.6,500,631.546734
-21.3,500,631.60325
-22.7,500,631.660336
-49.0,500,631.716512
-23.9,500,632.002569
-18.0,500,632.058785
-49.4,500,632.1162
-21.2,500,632.172269
-48.2,500,632.457625
-52.0,500,632.515033
-24.8,500,632.571231
-18.9,500,632.628455
-23.6,500,632.913419
-20.8,500,632.970856
-25.5,500,633.026116
-19.1,500,633.083294
-21.9,500,633.367348
-20.5,500,633.42436
-23.5,500,633.48128
-50.1,500,633.53786
-19.9,500,633.823608
-50.4,500,633.879471
-27.2,500,633.936984
-19.0,500,633.993682
-24.6,500,634.280508
-27.1,500,634.337773
-23.7,500,634.394593
-50.7,500,634.451353
-47.3,500,634.736776
-24.3,500,634.794297
-25.3,500,634.851092
-18.7,500,634.908692
-20.5,500,635.193322
-22.0,500,635.25089
-21.5,500,635.306859
-47.6,500,635.364135
-23.7,500,635.649331
-15.2,500,635.70628
-52.6,500,635.763369
-47.4,500,635.819432
-21.5,500,636.104093
20.8,500,636.160285
-53.3,500,636.217986
-22.3,500,636.273638
-27.0,500,636.330445
-27.3,500,636.615744
-23.5,500,636.672251
-24.8,500,636.72934
-23.4,500,636.785112
-22.3,500,637.070448
-52.1,500,637.126929
-24.5,500,637.184279
-24.8,500,637.239833
-20.3,500,637.52615
-23.3,500,637.583066
-24.5,500,637.639635
-48.1,500,637.696226
-20.4,500,637.981475
-23.3,500,638.039089
-51.7,500,638.095465
-25.8,500,638.15238
-23.0,500,638.439504
-21.2,500,638.496766
-50.4,500,638.552749
-24.5,500,638.610172
-25.6,500,638.895874
-50.7,500,638.95304
-45.2,500,639.009847
-57.4,500,639.066297
-22.3,500,639.351088
-21.6,500,639.408065
-23.0,500,639.465796
-24.0,500,639.521179
-50.4,500,639.807628
-24.2,500,639.864972
-21.8,500,639.921278
-17.1,500,639.977547
-24.2,500,640.261894
-49.0,500,640.31934
-24.7,500,640.375364
-48.8,500,640.4329
-23.5,500,640.717544
-18.9,500,640.77483
-15.8,500,640.830457
-23.5,500,640.887409
-26.2,500,641.172719
-26.0,500,641.228792
-21.9,500,641.285763
-24.8,500,641.341755
-22.3,500,641.398373
-24.1,500,641.683571
-52.3,500,641.741204
-23.4,500,641.797797
-23.7,500,641.854852
17.9,500,642.140005
-25.6,500,642.197687
-25.2,500,642.253741
-54.0,500,642.310928
-21.7,500,642.596907
-24.6,500,642.653429
-50.4,500,642.710698
-51.2,500,642.767331
-27.5,500,643.053153
-21.7,500,643.109586
-20.9,500,643.208915
-17.5,500,643.265302
-22.4,500,643.553101
-24.1,500,643.610302
-20.3,500,643.666349
-20.0,500,643.723716
-26.0,500,644.010012
-21.7,500,644.065787
-24.8,500,644.122916
-47.2,500,644.179057
-50.7,500,644.465537
-20.9,500,644.52217
-50.0,500,644.579607
-26.4,500,644.635954
-47.9,500,644.921874
-26.2,500,644.978534
-20.9,500,645.035308
-49.9,500,645.091877
-22.5,500,645.377724
-46.8,500,645.435185
-26.0,500,645.491282
-22.3,500,645.548303
3.3,500,645.832709
-20.6,500,645.889871
-27.1,500,645.946284
-51.4,500,646.003414
-23.1,500,646.058763
-21.2,500,646.344165
-50.9,500,646.401603
-23.9,500,646.45748
-25.9,500,646.514902
-26.8,500,646.799864
-24.4,500,646.857421
-23.0,500,646.913882
-23.0,500,646.970883
-46.5,500,647.256575
-22.6,500,647.313024
-53.4,500,647.370114
-22.6,500,647.426767
-24.8,500,647.713401
-25.9,500,647.769502
-21.3,500,647.826732
-48.0,500,647.882695
-23.8,500,648.168445
-21.3,500,648.224389
-24.4,500,648.281257
-54.5,500,648.337249
-23.9,500,648.625056
-26.7,500,648.681998
-21.5,500,648.738528
-22.6,500,648.79613
-23.7,500,649.081921
-47.8,500,649.139817
-27.7,500,649.196198
-23.4,500,649.253387
-51.6,500,649.537833
1.5,500,649.595127
-22.2,500,649.651807
-19.7,500,649.709222
-48.9,500,649.994349
-28.4,500,650.050601
-23.0,500,650.10771
-25.3,500,650.164023
-18.9,500,650.449147
-26.4,500,650.505208
-51.2,500,650.562706
-47.7,500,650.618886
19.4,500,650.904419
-17.8,500,650.962192
-26.4,500,651.01876
-16.0,500,651.076046
-46.7,500,651.132553
-20.2,500,651.418412
-49.8,500,651.474314
-24.8,500,651.531254
-24.4,500,651.587532
-22.8,500,651.871805
-21.5,500,651.928059
-22.8,500,651.985857
-24.0,500,652.041664
-24.0,500,652.32706
-30.1,500,652.384517
-20.7,500,652.440193
28.1,500,652.49696
-22.7,500,652.781764
-21.5,500,652.839198
-21.3,500,652.895672
-49.8,500,652.952933
-17.6,500,653.239295
-50.6,500,653.29596
-24.6,500,653.353435
-50.1,500,653.409739
-18.6,500,653.695544
-22.7,500,653.752112
-26.9,500,653.80914
-25.1,500,653.86488
-47.1,500,654.150855
-22.3,500,654.208425
-18.8,500,654.264478
-60.5,500,654.321393
-17.2,500,654.605689
-24.8,500,654.663411
-22.6,500,654.71988
-49.6,500,654.777743
-25.0,500,655.061693
-47.7,500,655.119747
-27.1,500,655.175686
-18.5,500,655.233015
-25.2,500,655.517178
-50.7,500,655.573996
-50.9,500,655.631394
-23.4,500,655.687397
-45.5,500,655.744431
-51.1,500,656.029403
-23.6,500,656.086065
-21.1,500,656.142551
-27.3,500,656.199807
-23.6,500,656.483501
-21.5,500,656.540835
-22.1,500,656.596146
-26.9,500,656.653072
-26.0,500,656.938991
-53.3,500,656.994847
-18.5,500,657.052082
-21.4,500,657.10812
28.9,500,657.39327
-28.8,500,657.449784
-49.4,500,657.507509
21.8,500,657.563144
-49.6,500,657.850099
-27.9,500,657.90741
-25.1,500,657.963704
-18.4,500,658.020769
-15.9,500,658.305495
-24.2,500,658.362937
-26.6,500,658.419008
-25.2,500,658.476166
-20.6,500,658.761777
-54.3,500,658.819651
-21.8,500,658.876429
-47.0,500,658.932374
-49.0,500,659.217524
-25.3,500,659.273162
-23.4,500,659.330007
26.6,500,659.386029
-50.3,500,659.671811
-47.4,500,659.728272
0.7,500,659.784385
-22.8,500,659.840577
-22.1,500,660.126537
-52.4,500,660.183267
-23.3,500,660.239466
-26.7,500,660.296068
-20.2,500,660.580243
-27.3,500,660.637954
-14.5,500,660.693596
-20.6,500,660.750346
-26.5,500,660.806503
-24.5,500,661.092451
-22.9,500,661.149029
-24.1,500,661.206306
-19.0,500,661.262598
-51.8,500,661.547753
19.4,500,661.604602
-47.7,500,661.660936
-27.2,500,661.717989
-18.2,500,662.002131
-21.5,500,662.059878
-27.7,500,662.116135
-54.5,500,662.173226
-22.8,500,662.459355
-48.1,500,662.516882
-52.5,500,662.573755
-49.9,500,662.630305
-25.7,500,662.915954
-23.8,500,662.972514
-23.2,500,663.029909
-26.1,500,663.086705
-21.7,500,663.37235
-23.3,500,663.429771
-51.3,500,663.487572
-24.6,500,663.543298
-20.7,500,663.829139
-25.9,500,663.886247
-18.1,500,663.94237
-50.9,500,663.998861
-20.1,500,664.283206
-22.1,500,664.340037
-20.7,500,664.39651
-21.1,500,664.4535
-19.2,500,664.737813
-23.4,500,664.795283
-23.8,500,664.851264
-24.4,500,664.907953
-23.7,500,665.192694
-58.5,500,665.249139
-22.3,500,665.305565
-50.0,500,665.362203
-24.2,500,665.418825
-53.0,500,665.704563
-21.5,500,665.762445
-25.4,500,665.818401
-47.7,500,665.87628
-48.2,500,666.16975
-24.6,500,666.225875
-27.2,500,666.283138
-1.8,500,666.338198
-1.2,500,666.62988
2.8,500,666.693461
-19.8,500,666.755492
-24.8,500,666.815825
-21.9,500,667.13278
-24.5,500,667.19193
-28.5,500,667.253354
-27.3,500,667.31469
-19.8,500,667.602884
-24.1,500,667.659042
-45.9,500,667.715834
-47.6,500,667.772321
-50.4,500,668.05817
-27.7,500,668.114108
-49.9,500,668.171844
-21.1,500,668.228032
-53.3,500,668.529978
-20.6,500,668.588832
-48.5,500,668.688156
-25.4,500,668.911466
-26.0,500,669.377802
-23.4,500,669.434822
-23.8,500,669.491679
-26.4,500,669.548259
-22.3,500,669.870976
-18.8,500,669.927567
-45.8,500,669.98466
-22.0,500,670.040399
-21.0,500,670.326676
-54.8,500,670.383014
-51.5,500,670.440397
-23.5,500,670.496457
-47.4,500,670.554262
-48.1,500,670.840461
-22.3,500,670.898483
-23.8,500,670.95386
-23.9,500,671.010449
-51.4,500,671.297791
-19.6,500,671.35382
-51.6,500,671.411214
-23.6,500,671.467302
-50.2,500,671.754854
-22.2,500,671.81118
-21.1,500,671.868164
-22.1,500,671.923753
-48.2,500,672.211136
-46.8,500,672.268475
-22.0,500,672.323896
-26.9,500,672.380885
-22.1,500,672.666108
-21.3,500,672.723373
-21.7,500,672.779076
-24.3,500,672.835749
-47.6,500,673.120824
-23.4,500,673.178469
-51.4,500,673.234542
-47.1,500,673.29158
-49.7,500,673.580068
-25.0,500,673.636368
-53.1,500,673.693793
-22.1,500,673.74997
-24.3,500,674.036383
8.9,500,674.092964
-48.1,500,674.150401
-21.7,500,674.205992
-23.3,500,674.492517
-48.4,500,674.550002
-24.7,500,674.605584
-43.9,500,674.662195
-19.2,500,674.947626
-29.2,500,675.00509
-23.1,500,675.06171
-28.0,500,675.11847
-23.8,500,675.402904
-24.5,500,675.459731
-45.2,500,675.515813
-23.6,500,675.572644
-25.5,500,675.628913
-19.6,500,675.913344
-27.5,500,675.970492
-24.2,500,676.026146
-46.2,500,676.083243
-21.9,500,676.369366
-62.9,500,676.426956
-21.2,500,676.482595
-51.6,500,676.539518
-23.5,500,676.824668
-49.4,500,676.881095
-24.9,500,676.938325
-50.1,500,676.995011
-49.6,500,677.281514
-18.9,500,677.337778
-45.8,500,677.394911
-26.3,500,677.451153
-47.4,500,677.737631
-24.7,500,677.794834
-51.3,500,677.850797
-23.3,500,677.90743
-22.4,500,678.192674
-25.8,500,678.250217
-27.4,500,678.306272
-24.0,500,678.363155
-57.9,500,678.650615
-47.2,500,678.707275
-20.1,500,678.76246
3.5,500,678.818945
-27.7,500,679.104239
-49.0,500,679.160993
-24.1,500,679.217692
-46.4,500,679.273894
-54.5,500,679.559568
-19.8,500,679.616212
-21.6,500,679.673311
-24.4,500,679.729711
-23.7,500,680.015239
-22.3,500,680.071291
-47.4,500,680.12791
20.0,500,680.184269
-27.3,500,680.239439
-21.2,500,680.524376
-48.2,500,680.581663
-24.6,500,680.63825
-46.3,500,680.694005
-51.6,500,680.979597
-22.2,500,681.035792
-27.7,500,681.093068
-26.5,500,681.148981
-21.3,500,681.434698
-24.0,500,681.49121
7.4,500,681.547532
-23.3,500,681.604262
-28.5,500,681.888415
-26.6,500,681.946083
-21.1,500,682.002201
-26.5,500,682.05932
-47.9,500,682.344538
-50.7,500,682.401839
-24.1,500,682.458285
-21.0,500,682.514354
-57.0,500,682.799908
-19.5,500,682.855899
-23.1,500,682.912585
-20.0,500,682.968351
-51.2,500,683.255643
-21.2,500,683.311817
-19.6,500,683.36817
-1.1,500,683.424502
-21.7,500,683.711995
-48.0,500,683.769833
-24.3,500,683.826074
-23.0,500,683.883305
-44.6,500,684.168449
-25.1,500,684.226503
-33.1,500,684.282334
-24.0,500,684.338956
-22.3,500,684.625126
-18.2,500,684.681691
-26.6,500,684.738402
-22.7,500,684.793639
-48.9,500,685.079616
-51.4,500,685.136412
-2.7,500,685.193398
-21.5,500,685.249392
-20.0,500,685.305948
-57.0,500,685.592345
23.8,500,685.648682
-24.7,500,685.705911
-52.7,500,685.762315
-27.1,500,686.04826
-28.7,500,686.104652
-20.1,500,686.161965
-52.5,500,686.21799
-25.0,500,686.503493
-26.0,500,686.560131
-20.2,500,686.617494
-52.7,500,686.673367
-22.2,500,686.958855
-50.1,500,687.01638
-21.6,500,687.073158
-50.8,500,687.129277
-23.5,500,687.414503
-24.1,500,687.47244
-24.1,500,687.528608
-25.8,500,687.585304
-24.0,500,687.870379
-19.2,500,687.927987
-26.6,500,687.984126
-19.9,500,688.04149
-20.8,500,688.327876
-22.3,500,688.38392
-21.6,500,688.441349
-47.8,500,688.497314
-22.4,500,688.783643
-51.1,500,688.83988
-21.6,500,688.896932
-21.3,500,688.952965
-54.4,500,689.239458
-19.7,500,689.295945
-27.2,500,689.352344
-23.0,500,689.408104
-48.5,500,689.693118
-24.3,500,689.750007
-24.1,500,689.806337
-48.8,500,689.863573
-23.7,500,689.919284
-46.0,500,690.206561
-21.5,500,690.261771
-48.5,500,690.318711
-27.2,500,690.374918
-19.8,500,690.660784
-25.0,500,690.717929
-18.9,500,690.774182
-27.9,500,690.831046
-23.4,500,691.115852
-55.5,500,691.173531
-54.7,500,691.228941
-47.0,500,691.285574
-28.3,500,691.57034
-15.3,500,691.627568
-25.8,500,691.683197
-25.5,500,691.740807
-49.0,500,692.026837
-26.2,500,692.083519
-51.0,500,692.140732
-47.4,500,692.196992
-23.7,500,692.483025
-25.1,500,692.538717
-50.1,500,692.596701
-24.4,500,692.653694
-23.0,500,692.939703
-20.7,500,692.997425
-24.4,500,693.053221
-22.1,500,693.11011
-50.5,500,693.394769
-51.7,500,693.45337
-45.1,500,693.510461
-18.7,500,693.567191
-26.3,500,693.853847
-49.9,500,693.91038
19.8,500,693.967333
-25.4,500,694.023831
-20.2,500,694.309705
-28.0,500,694.36591
-24.5,500,694.422309
-18.8,500,694.478532
-21.6,500,694.534999
-48.8,500,694.820837
-23.7,500,694.87728
-22.8,500,694.934773
-22.8,500,694.991883
-44.3,500,695.277851
-24.7,500,695.334447
-19.4,500,695.391196
-25.4,500,695.447663
-22.2,500,695.732782
-23.6,500,695.7886
-28.0,500,695.845696
-19.4,500,695.901401
-22.7,500,696.229283
-22.8,500,696.286651
-18.4,500,696.342198
-19.4,500,696.399281
-26.8,500,696.684309
-23.5,500,696.741014
-20.4,500,696.800931
-48.1,500,696.85731
-25.6,500,697.143009
-24.8,500,697.199383
-50.2,500,697.256716
-17.7,500,697.31254
-24.0,500,697.602771
-46.1,500,697.660348
-48.7,500,697.717136
-23.9,500,697.773603
-23.0,500,698.058376
-26.5,500,698.115685
-15.9,500,698.172045
-19.3,500,698.228303
-25.0,500,698.514881
-53.1,500,698.572338
-24.4,500,698.627343
-27.3,500,698.683702
-24.5,500,698.968489
-47.6,500,699.024592
-26.4,500,699.081669
-26.8,500,699.137801
-51.4,500,699.422431
-23.6,500,699.478255
-21.3,500,699.534911
-27.8,500,699.590587
-20.6,500,699.647391
-23.6,500,699.9321
-25.3,500,699.989085
-51.4,500,700.04575
-22.5,500,700.101759
-26.5,500,700.387318
-48.4,500,700.443029
-51.6,500,700.500373
-25.5,500,700.555865
-25.2,500,700.840911
-50.0,500,700.897164
-19.1,500,700.954646
-53.1,500,701.010965
-22.7,500,701.296505
-26.5,500,701.353869
-26.8,500,701.409625
-23.7,500,701.466553
-26.7,500,701.751188
-26.6,500,701.808735
-15.1,500,701.865134
-21.3,500,701.92234
-19.4,500,702.207814
-45.9,500,702.265242
-14.5,500,702.322165
-46.7,500,702.37895
-20.0,500,702.664297
-53.1,500,702.72115
-20.4,500,702.777615
-24.4,500,702.833824
-23.1,500,703.120092
-47.3,500,703.175512
-20.6,500,703.232679
-51.5,500,703.289243
-23.7,500,703.577985
-14.6,500,703.634913
-23.5,500,703.690264
-23.0,500,703.747174
-23.8,500,704.031694
-50.7,500,704.089245
-24.7,500,704.145036
-22.6,500,704.202459
-14.2,500,704.258561
-22.1,500,704.54509
28.2,500,704.60163
-24.8,500,704.658313
-23.9,500,704.715158
-53.7,500,704.999998
-25.3,500,705.057418
-20.8,500,705.113423
-25.1,500,705.170211
-23.4,500,705.454405
-49.1,500,705.511975
-21.5,500,705.567691
-21.8,500,705.625077
-24.2,500,705.909823
-21.5,500,705.967546
-52.3,500,706.025034
-24.7,500,706.080671
-23.8,500,706.366767
-24.0,500,706.422923
-21.7,500,706.480082
-48.0,500,706.53665
-19.4,500,706.82352
-18.9,500,706.880386
-21.4,500,706.937792
-22.1,500,706.993617
-20.2,500,707.280141
-20.2,500,707.338071
-22.1,500,707.394538
-19.8,500,707.451739
-46.7,500,707.737356
-50.0,500,707.795395
-25.8,500,707.851766
-52.5,500,707.909476
-21.8,500,708.193974
-27.0,500,708.251336
-19.5,500,708.308379
-25.7,500,708.364586
-23.1,500,708.651596
-21.4,500,708.708416
-24.1,500,708.765409
-28.2,500,708.821956
-13.9,500,709.107739
-20.5,500,709.163295
-19.0,500,709.220438
-46.6,500,709.276572
-23.6,500,709.33356
-21.5,500,709.619569
-48.9,500,709.67559
-22.4,500,709.73187
-16.4,500,709.787975
-48.5,500,710.074142
-26.2,500,710.130725
3.8,500,710.187558
-29.6,500,710.243623
-27.6,500,710.528873
-50.8,500,710.585894
-23.5,500,710.642439
-23.9,500,710.698752
-25.6,500,710.983318
-20.6,500,711.040652
-14.1,500,711.096307
-20.4,500,711.153724
-46.1,500,711.439047
-24.1,500,711.49605
-25.1,500,711.551993
-23.6,500,711.608811
27.6,500,711.895746
-27.8,500,711.952457
-27.1,500,712.00972
-28.2,500,712.066032
-26.4,500,712.351741
-49.3,500,712.408135
-21.4,500,712.465246
-26.0,500,712.520474
-23.8,500,712.806543
-52.3,500,712.862752
-22.2,500,712.919609
-24.2,500,712.976009
-22.2,500,713.260928
-22.6,500,713.318334
-22.9,500,713.375025
-21.2,500,713.432732
26.1,500,713.719025
-24.6,500,713.775904
-55.4,500,713.832332
-17.1,500,713.888059
-23.5,500,713.943537
-20.4,500,714.228931
-26.8,500,714.285658
-22.4,500,714.341807
-24.2,500,714.398249
-25.3,500,714.683527
-21.1,500,714.740801
-22.1,500,714.796492
-28.1,500,714.85347
-53.3,500,715.138275
-22.7,500,715.195702
-49.6,500,715.25189
-53.1,500,715.308919
-24.7,500,715.594274
-24.5,500,715.650366
-20.0,500,715.707273
-20.0,500,715.763132
-19.1,500,716.049264
-51.9,500,716.105861
-26.0,500,716.162949
-48.8,500,716.218532
-22.5,500,716.504878
-21.0,500,716.560332
-24.1,500,716.616884
-22.3,500,716.673175
-24.3,500,716.959208
-20.2,500,717.016795
-49.8,500,717.073203
-26.1,500,717.130092
-21.5,500,717.413983
-55.0,500,717.471155
-27.7,500,717.528516
-46.0,500,717.585416
-22.5,500,717.870468
-53.2,500,717.927175
-23.2,500,717.984349
-23.0,500,718.04044
-22.8,500,718.326108
-22.3,500,718.382371
-26.3,500,718.439876
-52.9,500,718.495679
-48.6,500,718.782199
-48.5,500,718.839397
-26.0,500,718.89518
-27.2,500,718.952013
-23.4,500,719.008451
-52.5,500,719.294657
-51.5,500,719.351005
-19.4,500,719.407848
-23.7,500,719.463849
-27.8,500,719.749172
-18.2,500,719.805062
-47.5,500,719.861643
-25.7,500,719.918417
-24.3,500,720.203056
-21.0,500,720.260451
-24.4,500,720.316216
-49.6,500,720.373385
-21.4,500,720.658922
-23.1,500,720.716245
-55.5,500,720.772748
-20.5,500,720.830236
-23.9,500,721.156889
-49.1,500,721.214045
-22.9,500,721.270412
-48.3,500,721.327978
-45.8,500,721.613462
-21.1,500,721.670814
-21.9,500,721.726947
25.1,500,721.783765
-17.8,500,722.067639
-16.7,500,722.124966
-20.7,500,722.181568
-21.0,500,722.238571
-23.5,500,722.523925
-27.4,500,722.579966
-48.7,500,722.637062
-23.1,500,722.693232
-24.7,500,722.978535
-24.9,500,723.03398
22.0,500,723.09004
-25.9,500,723.146129
-51.8,500,723.432124
-25.7,500,723.488824
19.9,500,723.545252
-25.7,500,723.601455
-16.6,500,723.65713
-27.4,500,723.944046
-22.1,500,723.999894
-25.5,500,724.056991
-21.4,500,724.112899
-28.4,500,724.397946
-53.7,500,724.455086
-26.8,500,724.51129
-30.0,500,724.567999
-22.5,500,724.853532
-28.1,500,724.911099
-19.5,500,724.966741
-19.2,500,725.023385
-23.0,500,725.307784
-23.7,500,725.365553
-19.5,500,725.421552
-16.4,500,725.47879
-25.6,500,725.76389
-24.4,500,725.820939
-26.9,500,725.877047
-20.1,500,725.933269
-20.1,500,726.218129
-22.2,500,726.274166
1.8,500,726.331135
-22.4,500,726.387126
-26.8,500,726.672234
-24.9,500,726.729333
-23.7,500,726.786113
-25.4,500,726.842524
23.5,500,727.127894
-48.7,500,727.185976
-20.3,500,727.242151
-21.7,500,727.299353
26.3,500,727.58378
-24.1,500,727.641074
-25.0,500,727.697079
-24.0,500,727.754682
-13.5,500,728.039581
-25.6,500,728.096275
-44.0,500,728.153504
-15.8,500,728.209362
-25.3,500,728.266229
-53.4,500,728.554371
-51.7,500,728.611948
-17.9,500,728.668156
-46.2,500,728.725148
-25.7,500,729.010885
-21.2,500,729.067208
-27.2,500,729.124087
-21.8,500,729.179939
-23.2,500,729.464594
-20.3,500,729.521321
3.3,500,729.577608
-50.6,500,729.634185
-24.8,500,729.918251
-53.3,500,729.974799
38.8,500,730.030681
-20.6,500,730.087894
-25.7,500,730.37314
-11.7,500,730.430356
-50.1,500,730.486387
-27.2,500,730.543675
-23.9,500,730.83209
-26.3,500,730.888198
-24.7,500,730.944823
-21.5,500,731.000511
-47.2,500,731.285859
-54.4,500,731.342413
-49.1,500,731.399865
-26.7,500,731.455636
-20.9,500,731.742135
-28.1,500,731.798529
-26.8,500,731.856012
-47.8,500,731.912759
-51.7,500,732.19734
-19.2,500,732.254258
-27.1,500,732.310114
-20.9,500,732.366872
-26.7,500,732.65259
-27.5,500,732.709643
-22.8,500,732.765206
-18.8,500,732.821506
3.6,500,733.10633
-15.6,500,733.163937
-47.9,500,733.221432
27.3,500,733.277521
-48.6,500,733.334558
-20.2,500,733.62346
-19.0,500,733.680833
-46.9,500,733.737037
22.5,500,733.79386
-23.6,500,734.078368
-51.1,500,734.135382
-23.0,500,734.190862
-23.6,500,734.247612
-56.7,500,734.533216
-21.7,500,734.588823
-20.6,500,734.645279
-23.0,500,734.701127
-21.8,500,734.986224
25.3,500,735.042219
-26.4,500,735.099721
-25.1,500,735.155561
-24.8,500,735.441459
-24.9,500,735.498656
-24.6,500,735.555506
-25.6,500,735.612767
-26.6,500,735.897598
-23.7,500,735.955538
-53.6,500,736.011531
-22.4,500,736.068787
-19.5,500,736.354061
-20.9,500,736.411324
6.5,500,736.468264
-19.9,500,736.524669
-18.6,500,736.809722
-21.4,500,736.866061
-49.6,500,736.922928
-21.4,500,736.979261
-26.4,500,737.2662
-49.6,500,737.32195
-23.3,500,737.378638
-26.1,500,737.434815
-22.8,500,737.720768
-21.1,500,737.777155
-25.4,500,737.83507
-25.7,500,737.891277
-24.4,500,737.947703
-48.4,500,738.234103
2.0,500,738.289943
-26.2,500,738.347273
-23.4,500,738.40324
-24.5,500,738.693885
-43.3,500,738.749794
-51.4,500,738.807013
-25.1,500,738.863446
-25.1,500,739.149769
-25.6,500,739.20614
-21.8,500,739.262851
-16.5,500,739.320149
-25.9,500,739.604821
-23.2,500,739.660832
6.2,500,739.716164
-26.1,500,739.773236
-47.8,500,740.05951
-20.0,500,740.116132
-20.0,500,740.171934
-55.9,500,740.229369
-26.5,500,740.513616
-28.4,500,740.5701
-47.8,500,740.6265
-21.4,500,740.682676
-22.0,500,740.967823
-27.5,500,741.02398
-32.4,500,741.080635
-21.6,500,741.136049
-14.1,500,741.421304
-55.8,500,741.477827
-30.2,500,741.534254
-25.8,500,741.59053
-19.7,500,741.875259
-49.1,500,741.932677
-22.7,500,741.988758
-23.8,500,742.046293
-22.4,500,742.33087
-23.1,500,742.388587
-19.5,500,742.444281
12.2,500,742.500999
-13.9,500,742.7851
-30.5,500,742.842885
-27.7,500,742.89932
-36.4,500,742.956865
-27.3,500,743.014443
-20.5,500,743.30001
-47.1,500,743.357381
-27.9,500,743.41379
-25.9,500,743.472225
-22.9,500,743.757304
-23.3,500,743.814454
-0.1,500,743.870956
-22.8,500,743.927974
-28.1,500,744.215059
-22.6,500,744.272223
-24.8,500,744.329742
-20.9,500,744.385801
-25.5,500,744.671727
-24.2,500,744.727603
-16.0,500,744.784272
-25.0,500,744.840251
-22.2,500,745.126736
-26.0,500,745.183668
26.4,500,745.239697
-16.6,500,745.296015
-51.3,500,745.581183
-21.0,500,745.638721
-26.6,500,745.694799
-23.4,500,745.751797
-26.4,500,746.035898
-24.4,500,746.093487
-27.3,500,746.150009
-22.2,500,746.207048
0.4,500,746.53068
-23.0,500,746.586665
-24.3,500,746.644033
-25.2,500,746.700395
-25.2,500,746.986882
-23.5,500,747.044819
-50.9,500,747.101571
-19.7,500,747.158842
-26.7,500,747.443897
-19.8,500,747.501187
-21.9,500,747.55676
-23.6,500,747.613376
-50.8,500,747.669934
-20.8,500,747.955577
-19.7,500,748.012749
-26.2,500,748.069067
-27.1,500,748.125328
-22.5,500,748.410767
-46.5,500,748.468724
-50.6,500,748.525565
-21.5,500,748.583245
-21.0,500,748.869672
-24.5,500,748.927326
-25.9,500,748.983124
-47.5,500,749.040443
-50.9,500,749.326104
-51.8,500,749.382636
-25.5,500,749.439917
-48.1,500,749.496761
-51.7,500,749.783022
-21.6,500,749.839129
-21.7,500,749.896021
-25.1,500,749.95182
2.5,500,750.23742
-23.6,500,750.293008
-23.2,500,750.350594
-24.9,500,750.406741
-25.1,500,750.695097
-27.0,500,750.752793
-25.8,500,750.808746
-26.3,500,750.865598
-22.2,500,751.152731
-25.9,500,751.21036
-44.5,500,751.266058
-18.3,500,751.322782
-22.2,500,751.608073
-21.6,500,751.664272
-52.6,500,751.720682
-23.2,500,751.776805
-19.3,500,752.06296
-52.0,500,752.1198
-48.1,500,752.177107
-52.6,500,752.2337
-45.0,500,752.290495
-28.0,500,752.575044
-22.4,500,752.6321
-19.0,500,752.687978
-21.7,500,752.745151
-52.5,500,753.032286
-27.1,500,753.088729
-28.5,500,753.146128
-24.8,500,753.202097
-28.1,500,753.490064
-49.9,500,753.545825
-55.3,500,753.602484
-50.5,500,753.659261
-24.4,500,753.945478
-26.7,500,754.002431
-23.9,500,754.058803
-26.1,500,754.116359
-21.1,500,754.401636
-48.8,500,754.459267
-47.2,500,754.515633
-49.9,500,754.572286
-22.9,500,754.857352
-23.2,500,754.91429
-22.1,500,754.970223
-26.2,500,755.027881
-20.3,500,755.314836
-54.5,500,755.371229
-19.3,500,755.428117
-53.1,500,755.48449
-52.8,500,755.770643
-18.5,500,755.826181
-20.9,500,755.883377
-24.3,500,755.938858
-25.7,500,756.22571
-26.9,500,756.283483
-27.8,500,756.339894
-19.4,500,756.396892
-47.3,500,756.683125
-25.1,500,756.74045
-48.4,500,756.797154
-20.2,500,756.854775
-25.1,500,757.140323
-52.6,500,757.19728
-25.2,500,757.25397
-49.6,500,757.310119
-23.5,500,757.366413
-24.0,500,757.651806
-29.6,500,757.708576
-28.1,500,757.764919
-23.9,500,757.821776
-29.5,500,758.1062
-22.7,500,758.163689
-20.8,500,758.219237
-18.4,500,758.276555
-22.8,500,758.564343
-25.3,500,758.620385
-21.2,500,758.677798
-19.9,500,758.733591
-17.9,500,759.019934
-47.4,500,759.076662
-21.6,500,759.133623
-49.9,500,759.189841
-22.9,500,759.475689
-52.3,500,759.532443
-21.0,500,759.589993
-24.3,500,759.646421
-49.8,500,759.932891
-47.3,500,759.990464
-49.7,500,760.047521
-24.2,500,760.104357
-51.9,500,760.389984
-25.0,500,760.447002
-20.4,500,760.503137
-22.7,500,760.560417
-18.4,500,760.84482
-23.7,500,760.901917
-22.5,500,760.959334
-16.3,500,761.015869
-17.9,500,761.301962
-18.0,500,761.357901
-47.3,500,761.415014
-19.2,500,761.471477
-22.0,500,761.757084
-18.8,500,761.812753
-25.6,500,761.86989
-18.9,500,761.925893
-21.4,500,761.982908
-23.5,500,762.269408
-22.4,500,762.325362
9.9,500,762.382245
-47.3,500,762.43886
-47.6,500,762.724295
-28.3,500,762.780747
-27.8,500,762.837696
-26.6,500,762.893772
-23.7,500,763.179016
21.1,500,763.234533
-28.7,500,763.292161
-26.5,500,763.347571
-22.1,500,763.635849
-23.2,500,763.693488
-26.1,500,763.74947
-24.3,500,763.806313
-50.5,500,764.091414
-18.8,500,764.148791
-51.6,500,764.205225
-25.2,500,764.262028
-22.9,500,764.545628
-23.3,500,764.602365
-51.8,500,764.658832
-52.4,500,764.715227
-51.8,500,765.00026
-25.4,500,765.056692
-22.9,500,765.1136
-29.1,500,765.169034
-18.6,500,765.454142
-26.1,500,765.510235
-49.8,500,765.567513
-26.4,500,765.623624
-24.8,500,765.909044
-26.0,500,765.965502
-22.7,500,766.023145
-24.6,500,766.079907
-22.9,500,766.36441
-25.5,500,766.421116
-20.6,500,766.477087
-23.0,500,766.534035
-21.2,500,766.818747
-26.7,500,766.875489
-20.8,500,766.931026
-24.6,500,766.98871
19.3,500,767.044243
-22.8,500,767.329964
-21.6,500,767.385868
-29.0,500,767.442846
-24.3,500,767.500068
2.1,500,767.785872
-19.1,500,767.843037
-48.3,500,767.898769
-21.6,500,767.955492
-23.5,500,768.240726
-22.8,500,768.298393
-47.2,500,768.353776
-49.3,500,768.410806
-19.0,500,768.69856
-26.3,500,768.754856
-48.7,500,768.812312
-51.5,500,768.868663
-52.8,500,769.154685
-20.0,500,769.210473
-53.0,500,769.267816
-26.2,500,769.32435
-22.7,500,769.608891
-25.6,500,769.66626
-53.4,500,769.72314
-47.3,500,769.780491
-48.5,500,770.065961
-50.7,500,770.123212
26.2,500,770.179166
-45.1,500,770.236341
-27.4,500,770.521669
-27.1,500,770.57861
-25.3,500,770.635851
-23.8,500,770.691702
-22.7,500,770.977165
-25.6,500,771.033197
-23.1,500,771.090715
-27.6,500,771.145358
-25.4,500,771.430425
-21.2,500,771.486253
-18.3,500,771.543804
-15.0,500,771.600865
-24.8,500,771.657135
-21.1,500,771.985169
-25.2,500,772.042147
-54.6,500,772.098125
-25.1,500,772.154246
-22.9,500,772.439806
-26.0,500,772.497184
-18.6,500,772.553043
-25.6,500,772.610001
-26.8,500,772.894392
-23.6,500,772.951818
-19.6,500,773.008978
-19.9,500,773.065227
-23.2,500,773.35092
-23.3,500,773.407112
-51.6,500,773.464546
-19.8,500,773.521055
-20.0,500,773.80648
-26.2,500,773.862351
-54.5,500,773.919264
-53.4,500,773.975046
-19.5,500,774.260565
-24.6,500,774.317382
-24.4,500,774.373831
21.8,500,774.430011
-18.7,500,774.715654
-22.7,500,774.772809
-23.0,500,774.829079
-21.5,500,774.886128
-22.4,500,775.171027
-22.5,500,775.227868
-20.7,500,775.28358
-21.2,500,775.341082
-54.2,500,775.626826
-15.4,500,775.683024
-23.8,500,775.740009
-21.5,500,775.795905
-24.8,500,776.080863
-22.5,500,776.137219
-24.9,500,776.194554
-26.0,500,776.250525
-25.4,500,776.535687
-54.0,500,776.592543
-33.3,500,776.65031
-23.0,500,776.706116
-23.3,500,776.762837
-24.9,500,777.047164
-57.5,500,777.105057
-57.1,500,777.162372
-21.1,500,777.21841
-16.3,500,777.504909
-25.4,500,777.561351
-50.2,500,777.618397
-29.6,500,777.674575
-24.2,500,777.95935
-23.0,500,778.015037
-49.5,500,778.072808
-21.6,500,778.12881
-21.7,500,778.415057
-22.4,500,778.471949
-23.3,500,778.528459
-25.2,500,778.584677
-21.7,500,778.869153
-22.8,500,778.926368
-26.9,500,778.982759
-50.8,500,779.039642
-22.1,500,779.323936
-23.8,500,779.381226
-25.0,500,779.437002
-51.0,500,779.494454
-24.6,500,779.779539
-20.0,500,779.835696
-60.1,500,779.891888
-47.6,500,779.947776
-22.2,500,780.232542
-49.3,500,780.289257
-25.8,500,780.346594
-19.3,500,780.402166
-19.9,500,780.688574
-23.2,500,780.74494
-22.5,500,780.802148
-17.5,500,780.857769
-28.9,500,781.143596
-52.7,500,781.200992
-22.4,500,781.257392
-18.4,500,781.314348
-24.2,500,781.370079
-25.0,500,781.657123
-52.1,500,781.713707
-26.6,500,781.770646
-50.2,500,781.827106
-53.4,500,782.11272
-21.0,500,782.168672
-47.3,500,782.226016
-49.8,500,782.282893
-24.9,500,782.56848
-65.0,500,782.625699
-22.1,500,782.68202
-23.5,500,782.738412
-26.8,500,783.022434
-22.2,500,783.079539
-20.8,500,783.134815
-23.3,500,783.192252
-23.9,500,783.477635
-18.2,500,783.534405
-19.2,500,783.591539
-23.6,500,783.646935
-48.8,500,783.932383
-23.0,500,783.987594
-54.7,500,784.044671
-47.2,500,784.100373
-26.0,500,784.385563
-23.7,500,784.441626
-48.2,500,784.499156
-23.7,500,784.555523
-21.6,500,784.840555
-23.6,500,784.897471
-24.8,500,784.953724
-28.0,500,785.010804
-22.4,500,785.295311
-23.8,500,785.352183
-18.2,500,785.407392
-27.7,500,785.464622
-47.6,500,785.750049
-28.1,500,785.807835
-23.1,500,785.864899
-25.5,500,785.920919
-27.0,500,785.977214
-25.5,500,786.262202
-22.4,500,786.319954
-24.9,500,786.376081
-21.7,500,786.433093
-19.1,500,786.718383
-26.3,500,786.775023
-26.0,500,786.832135
-22.3,500,786.888832
-23.0,500,787.175456
-47.6,500,787.231948
-22.9,500,787.289031
-50.5,500,787.345141
-22.9,500,787.630758
-47.4,500,787.686932
-53.4,500,787.744182
-60.7,500,787.800238
-48.4,500,788.086224
-25.5,500,788.143773
-24.9,500,788.20001
-29.1,500,788.257044
-23.4,500,788.543755
-21.4,500,788.600748
-24.6,500,788.657522
-52.3,500,788.714968
-26.3,500,789.000026
-26.3,500,789.057612
-26.9,500,789.113818
-19.9,500,789.171025
-21.9,500,789.457071
-46.4,500,789.512983
-21.5,500,789.570207
-22.5,500,789.626444
-22.4,500,789.912794
26.5,500,789.96926
-51.9,500,790.027126
-25.6,500,790.084173
-50.3,500,790.370034
-52.2,500,790.428001
22.4,500,790.483549
-25.7,500,790.540912
-51.9,500,790.825238
-27.5,500,790.882642
-21.6,500,790.938155
-24.1,500,790.994673
-53.4,500,791.051286
-19.9,500,791.336761
-27.7,500,791.394241
27.5,500,791.450608
-25.4,500,791.507869
-51.2,500,791.792353
-24.7,500,791.849935
-24.8,500,791.905589
-50.8,500,791.962792
-50.6,500,792.247602
-26.4,500,792.304278
-48.5,500,792.361481
-21.9,500,792.418233
-26.2,500,792.704936
-23.4,500,792.760616
-47.9,500,792.817974
-52.6,500,792.874107
-21.5,500,793.168533
-26.0,500,793.225298
-47.0,500,793.282246
-19.3,500,793.338994
-24.0,500,793.627483
-48.2,500,793.685159
-47.2,500,793.741088
-26.9,500,793.798371
-49.2,500,794.083874
-25.1,500,794.141622
-23.3,500,794.197703
-21.8,500,794.255343
-23.8,500,794.540691
-30.6,500,794.597565
-23.0,500,794.655004
-51.6,500,794.711666
-46.2,500,794.997164
-52.9,500,795.053687
-26.5,500,795.111282
-28.7,500,795.167325
-51.7,500,795.452882
-27.0,500,795.510412
-25.2,500,795.566792
-21.2,500,795.62413
-21.1,500,795.680718
-29.2,500,795.966951
-49.9,500,796.023618
-23.7,500,796.080818
-25.7,500,796.136887
-24.9,500,796.422676
-23.5,500,796.478273
-49.6,500,796.535378
-24.9,500,796.590862
-24.1,500,796.87721
-24.0,500,796.934827
-20.1,500,796.991174
-27.7,500,797.048435
-50.2,500,797.333683
-29.0,500,797.425206
-22.6,500,797.482586
-48.7,500,797.539005
-19.4,500,797.824068
-49.4,500,797.88084
-23.2,500,797.937997
-22.8,500,797.994203
-25.2,500,798.279658
-24.2,500,798.336713
-15.7,500,798.393367
-50.8,500,798.450824
-24.3,500,798.737937
-59.2,500,798.795919
-48.8,500,798.852361
-30.3,500,798.909364
-22.3,500,799.19474
-22.6,500,799.251429
-52.5,500,799.30854
-21.0,500,799.364802
-26.8,500,799.650484
-49.3,500,799.70621
-24.5,500,799.763206
-27.0,500,799.819232
-23.2,500,800.105252
-25.8,500,800.160918
-27.1,500,800.218402
-19.4,500,800.274109
-23.2,500,800.55954
-49.0,500,800.616044
-24.2,500,800.673255
-18.7,500,800.729773
-20.0,500,800.78627
-21.1,500,801.072446
-24.0,500,801.128301
-26.0,500,801.185052
-25.5,500,801.240641
-20.9,500,801.526743
-24.9,500,801.583113
-25.9,500,801.639875
-26.0,500,801.695937
-22.6,500,801.98127
-20.1,500,802.038377
-28.8,500,802.094642
-51.5,500,802.151897
-23.1,500,802.435844
-51.1,500,802.4933
-21.0,500,802.548869
-26.5,500,802.605453
-23.2,500,802.890726
-1.1,500,802.947913
-24.6,500,803.004871
-19.3,500,803.061149
-24.8,500,803.346646
-53.3,500,803.40378
-26.0,500,803.460744
-53.8,500,803.517193
-48.0,500,803.804246
-23.7,500,803.861776
-23.4,500,803.917863
-22.5,500,803.974576
-46.5,500,804.280876
-20.3,500,804.343209
-22.9,500,804.405022
-47.6,500,804.468288
-46.6,500,804.782425
-49.0,500,804.839235
-27.6,500,804.896933
-49.5,500,804.953432
-51.9,500,805.240331
-21.9,500,805.297383
-22.5,500,805.354015
-48.5,500,805.411036
-20.1,500,805.466456
-19.6,500,805.753614
-26.7,500,805.809594
-22.3,500,805.867126
-22.3,500,805.924384
-25.2,500,806.230797
-27.7,500,806.287821
-28.2,500,806.344264
-25.4,500,806.401812
-28.3,500,806.687217
-20.9,500,806.744331
-52.8,500,806.801557
-19.5,500,806.857325
-24.3,500,807.144542
-22.1,500,807.200905
-23.8,500,807.257812
-30.9,500,807.313948
-22.0,500,807.599986
-20.7,500,807.656149
-20.5,500,807.713235
-21.4,500,807.769225
-22.5,500,808.055013
-51.3,500,808.111792
-24.1,500,808.168141
-23.4,500,808.225523
-22.5,500,808.510787
-49.2,500,808.569667
-25.5,500,808.625424
-27.1,500,808.682863
-25.3,500,808.969286
-21.3,500,809.025587
-24.4,500,809.082806
-49.2,500,809.139427
-22.3,500,809.425052
-19.7,500,809.481467
-20.3,500,809.539234
-52.6,500,809.595141
-21.1,500,809.879046
-49.9,500,809.934798
-20.3,500,809.991878
-24.5,500,810.048276
-26.4,500,810.10493
-24.5,500,810.390259
-22.3,500,810.446441
-25.1,500,810.503872
-23.5,500,810.559173
-49.5,500,810.844965
-21.2,500,810.901213
-24.1,500,810.957968
-49.3,500,811.013941
-21.8,500,811.298457
-27.3,500,811.355329
-21.9,500,811.412051
-47.5,500,811.468991
-29.5,500,811.754977
-44.1,500,811.812569
-24.8,500,811.869029
-46.9,500,811.926317
-22.5,500,812.211275
-27.4,500,812.268631
-47.7,500,812.32615
-47.6,500,812.382511
-19.6,500,812.667988
-25.5,500,812.723729
-21.9,500,812.780722
-26.7,500,812.836172
-48.7,500,813.122131
-20.6,500,813.179146
-23.8,500,813.236726
-26.5,500,813.293043
-23.1,500,813.580144
-26.3,500,813.637449
-24.0,500,813.693063
-54.0,500,813.749641
-19.7,500,814.035432
-22.0,500,814.092816
-24.6,500,814.148425
-18.9,500,814.205713
-21.3,500,814.490833
-52.2,500,814.546808
-49.2,500,814.604318
-20.5,500,814.660309
-17.4,500,814.945898
-19.0,500,815.002267
-20.8,500,815.059549
-30.8,500,815.116307
-53.8,500,815.173432
-24.9,500,815.461525
-26.4,500,815.518676
-32.5,500,815.575225
-47.8,500,815.630832
-26.7,500,815.915945
-23.2,500,815.97255
-25.5,500,816.029292
-21.2,500,816.085767
-24.9,500,816.371448
-25.5,500,816.428712
-22.1,500,816.485145
-25.8,500,816.541911
-50.2,500,816.82637
-18.3,500,816.883624
-25.9,500,816.939998
-23.2,500,816.997551
-19.1,500,817.283003
-23.8,500,817.339951
-26.3,500,817.397384
-25.7,500,817.453517
-21.4,500,817.738692
-21.7,500,817.794282
-52.1,500,817.851599
-30.2,500,817.907156
-19.9,500,818.193127
-21.3,500,818.249598
-20.8,500,818.307213
-26.7,500,818.363042
-24.3,500,818.650962
-23.4,500,818.707835
-24.6,500,818.764
-49.6,500,818.820534
-25.5,500,819.104954
-50.4,500,819.162158
-48.5,500,819.21802
-24.4,500,819.275092
-21.9,500,819.559062
-27.7,500,819.616992
-24.5,500,819.672645
-20.7,500,819.729655
-14.6,500,819.784765
-22.3,500,820.070451
-24.3,500,820.12754
-28.5,500,820.183669
-25.0,500,820.239855
-19.8,500,820.52428
-24.3,500,820.581568
-26.2,500,820.637354
-22.3,500,820.694547
-11.9,500,820.97953
-24.3,500,821.036511
-25.6,500,821.092366
-46.4,500,821.14998
-25.8,500,821.435532
-20.1,500,821.491611
-23.4,500,821.548722
-49.7,500,821.605125
-25.0,500,821.889928
-24.3,500,821.946118
-50.0,500,822.00287
-23.2,500,822.058835
-26.8,500,822.344151
-43.9,500,822.400299
-24.8,500,822.457396
-23.6,500,822.514212
-27.9,500,822.799628
-22.0,500,822.857099
-22.9,500,822.912578
-21.4,500,823.00698
-23.3,500,823.293655
-20.8,500,823.349568
-61.4,500,823.407149
3.0,500,823.463478
-18.7,500,823.752706
-22.9,500,823.80988
-23.5,500,823.865909
-20.0,500,823.923209
-50.6,500,824.208254
-18.7,500,824.264731
-25.1,500,824.320347
-27.9,500,824.377249
-22.0,500,824.66204
-26.8,500,824.720228
-19.5,500,824.776398
-50.7,500,824.833892
-22.4,500,824.890103
-22.8,500,825.175463
-27.7,500,825.230782
-21.1,500,825.287498
-24.3,500,825.344231
-25.6,500,825.629822
-25.5,500,825.686859
-20.9,500,825.74289
-24.1,500,825.800392
-19.7,500,826.08588
-47.7,500,826.143715
-17.8,500,826.20125
-17.1,500,826.257361
-17.2,500,826.544247
-16.4,500,826.600988
-52.1,500,826.658413
-23.6,500,826.714779
-24.9,500,826.999525
-24.5,500,827.055921
-22.7,500,827.113094
-25.4,500,827.169552
-15.3,500,827.455517
-49.9,500,827.512579
-21.1,500,827.570189
-48.3,500,827.627063
-23.4,500,827.913051
-19.7,500,827.970189
-22.3,500,828.026073
-48.7,500,828.083696
-22.8,500,828.369246
-27.3,500,828.427299
-49.8,500,828.484018
-21.9,500,828.541399
-22.1,500,828.828331
-24.6,500,828.88505
-52.3,500,828.942527
-49.2,500,828.99871
-26.6,500,829.285015
-24.1,500,829.341018
-27.4,500,829.398465
-26.2,500,829.454268
-24.8,500,829.511678
-18.7,500,829.797011
-21.2,500,829.854278
-20.1,500,829.91066
-22.4,500,829.966963
-21.2,500,830.252142
-23.3,500,830.308925
-20.6,500,830.366016
-19.9,500,830.423023
-46.9,500,830.709357
-26.5,500,830.766033
-19.8,500,830.823466
19.2,500,830.879576
-19.0,500,831.164891
-24.9,500,831.221953
-19.6,500,831.278774
-20.6,500,831.335529
-19.3,500,831.620447
-24.7,500,831.6773
-21.6,500,831.73315
-24.3,500,831.789995
-19.6,500,832.076401
-51.9,500,832.13396
-22.7,500,832.189992
-20.4,500,832.247912
-49.3,500,832.534264
-30.5,500,832.591026
-24.5,500,832.648054
-22.4,500,832.70443
22.9,500,832.99063
-25.2,500,833.047136
-52.3,500,833.104896
-23.5,500,833.160417
-23.3,500,833.447505
-24.7,500,833.50461
-26.5,500,833.561015
-58.0,500,833.619591
-48.6,500,833.906021
-18.3,500,833.963672
47.0,500,834.01958
-25.4,500,834.07666
-48.0,500,834.364279
-52.0,500,834.420982
-26.1,500,834.477694
-47.8,500,834.534439
-20.1,500,834.591531
-26.0,500,834.876381
-22.1,500,834.936865
-21.0,500,834.992932
-22.9,500,835.050166
-52.5,500,835.336479
-52.4,500,835.393658
-55.0,500,835.45032
-26.4,500,835.506464
-21.5,500,835.793179
-24.2,500,835.849367
-27.5,500,835.906588
-22.4,500,835.963032
-25.2,500,836.249859
-24.6,500,836.306502
-27.6,500,836.363236
21.4,500,836.419842
-21.8,500,836.705776
-29.0,500,836.763164
-22.2,500,836.819325
-24.8,500,836.876871
-49.5,500,837.161489
-23.8,500,837.219077
-27.1,500,837.27485
-51.8,500,837.332079
-26.4,500,837.618397
-48.7,500,837.675348
-22.0,500,837.732619
-23.3,500,837.788725
-17.3,500,838.074959
-20.6,500,838.131339
-19.0,500,838.188481
-28.8,500,838.244651
-21.3,500,838.529929
-24.4,500,838.587135
-25.9,500,838.644697
-26.4,500,838.70114
-28.8,500,838.987916
-48.9,500,839.043786
-19.4,500,839.100775
-20.3,500,839.158632
-22.1,500,839.215372
-23.9,500,839.501399
-20.0,500,839.557976
-20.4,500,839.614996
-20.6,500,839.671345
-22.0,500,839.956901
-23.9,500,840.01452
-53.2,500,840.071506
-22.8,500,840.128521
21.4,500,840.41372
-52.0,500,840.470855
-55.3,500,840.527061
-48.7,500,840.5849
-23.9,500,840.869118
24.9,500,840.926635
-53.3,500,840.983763
-26.4,500,841.040727
-20.8,500,841.325545
-48.7,500,841.382966
-23.0,500,841.439152
-19.2,500,841.495848
-26.1,500,841.782196
-21.2,500,841.838743
-25.0,500,841.895906
-27.1,500,841.952492
-49.9,500,842.238829
-25.2,500,842.295223
-0.1,500,842.352427
23.1,500,842.40826
-18.6,500,842.694707
-17.1,500,842.751312
-56.3,500,842.807485
16.6,500,842.86433
-22.5,500,843.150028
-29.9,500,843.207672
-46.5,500,843.264489
-18.9,500,843.32164
-50.8,500,843.609549
-46.2,500,843.66645
-23.7,500,843.723475
-25.7,500,843.779778
-52.4,500,843.837005
23.7,500,844.122432
-54.1,500,844.180419
-26.7,500,844.236597
-26.9,500,844.293734
19.5,500,844.579732
-20.1,500,844.635606
-27.8,500,844.692568
-50.6,500,844.749096
9.3,500,845.03537
-18.1,500,845.091921
-19.9,500,845.14872
-25.5,500,845.204365
-23.7,500,845.489055
-22.4,500,845.546641
-26.0,500,845.603322
-23.1,500,845.660178
-28.1,500,845.944921
-26.5,500,846.002074
-50.3,500,846.058894
-25.8,500,846.116006
-20.8,500,846.400572
-21.6,500,846.457423
-28.2,500,846.513748
-25.4,500,846.569768
-46.6,500,846.855593
-25.5,500,846.911611
-27.0,500,846.968894
-23.6,500,847.024832
-19.0,500,847.310154
-22.2,500,847.366378
-24.5,500,847.42298
-20.2,500,847.478908
-29.1,500,847.765035
-24.6,500,847.822785
18.6,500,847.878686
-20.9,500,847.936018
-28.6,500,848.221551
-56.4,500,848.278636
-15.8,500,848.334109
-24.4,500,848.391194
-26.7,500,848.67733
-57.2,500,848.735084
-19.5,500,848.790645
-48.1,500,848.890234
-25.7,500,848.947422
-47.4,500,849.232511
-20.2,500,849.290286
-51.6,500,849.345837
-27.0,500,849.403149
-24.5,500,849.689111
-49.6,500,849.745555
-23.2,500,849.802815
-26.1,500,849.858288
-22.8,500,850.14467
-27.5,500,850.200689
-20.0,500,850.25772
-24.7,500,850.313687
-52.5,500,850.598808
-23.3,500,850.655473
-53.3,500,850.711947
-22.8,500,850.769323
-21.5,500,851.05481
-26.3,500,851.112214
-24.8,500,851.169034
-21.5,500,851.226152
-21.3,500,851.511491
-25.8,500,851.56945
-21.1,500,851.625764
-47.1,500,851.683239
-18.4,500,851.969971
-3.5,500,852.026316
-48.0,500,852.083768
-24.7,500,852.139473
-24.5,500,852.425632
-25.2,500,852.481368
-26.0,500,852.538218
-25.9,500,852.594439
-17.5,500,852.880663
-55.3,500,852.938652
-22.4,500,852.99504
-18.5,500,853.0526
-51.5,500,853.33821
-48.2,500,853.395664
-46.3,500,853.451483
-25.8,500,853.508677
-25.0,500,853.564772
-23.7,500,853.853516
-48.7,500,853.910667
-29.2,500,853.967125
-26.3,500,854.024316
-20.4,500,854.308774
-19.9,500,854.366117
-27.3,500,854.422054
-51.2,500,854.478875
-22.3,500,854.764316
-48.1,500,854.821886
-19.6,500,854.878616
-24.4,500,854.935746
-26.4,500,855.220464
-25.2,500,855.277555
-24.3,500,855.334473
-52.2,500,855.391209
-23.2,500,855.677543
-49.2,500,855.734037
-19.6,500,855.791048
-0.8,500,855.847049
-35.9,500,856.132011
-21.4,500,856.188039
-47.3,500,856.245134
-23.5,500,856.301177
-24.5,500,856.586813
-23.5,500,856.644083
-46.5,500,856.700079
-48.3,500,856.756934
-21.1,500,857.04207
-24.4,500,857.098877
-22.3,500,857.154898
-23.5,500,857.211896
-52.2,500,857.497663
-22.9,500,857.55524
-25.2,500,857.612333
-29.5,500,857.668362
-24.6,500,858.001003
-28.2,500,858.058398
-25.2,500,858.114819
-21.4,500,858.171605
-20.1,500,858.455939
-48.9,500,858.513259
-23.2,500,858.569974
-29.0,500,858.627683
-28.4,500,858.683513
-22.9,500,858.969895
-27.6,500,859.027138
-53.2,500,859.083199
-21.1,500,859.140448
-22.2,500,859.425938
-23.4,500,859.482861
-24.0,500,859.539197
-54.6,500,859.596677
-21.1,500,859.881806
-25.9,500,859.939118
-29.2,500,859.994876
-55.8,500,860.052773
-19.7,500,860.339621
-20.6,500,860.396049
-23.1,500,860.452666
-25.5,500,860.509129
-50.1,500,860.793804
-49.0,500,860.850018
-22.8,500,860.90787
-21.3,500,860.963807
-24.1,500,861.250193
-27.6,500,861.306495
-54.9,500,861.364426
-26.0,500,861.420006
-28.7,500,861.705338
-16.6,500,861.762745
-22.7,500,861.819261
-26.9,500,861.876645
-51.3,500,862.16103
-22.5,500,862.218333
-48.1,500,862.274649
-19.5,500,862.33193
-25.9,500,862.618119
-19.8,500,862.675177
-22.8,500,862.732078
-23.8,500,862.788505
-18.4,500,863.073985
-25.2,500,863.130169
-51.9,500,863.18754
-23.0,500,863.243549
-24.0,500,863.300646
-25.7,500,863.584795
-20.1,500,863.642924
-25.1,500,863.698665
-22.1,500,863.755765
-27.8,500,864.042346
-23.7,500,864.099567
-45.5,500,864.156009
-24.1,500,864.21193
-25.2,500,864.497909
-26.9,500,864.554244
-23.8,500,864.6115
-24.9,500,864.667548
-23.3,500,864.952922
-24.2,500,865.009217
-20.3,500,865.066112
-22.7,500,865.121897
-24.5,500,865.407249
-24.2,500,865.46495
-19.8,500,865.521336
-20.1,500,865.579085
-29.0,500,865.864002
-25.8,500,865.921786
-21.7,500,865.977526
-19.4,500,866.035328
-47.7,500,866.320506
-23.9,500,866.377362
-52.9,500,866.434721
-25.3,500,866.491254
-26.1,500,866.776831
-23.1,500,866.833498
-22.5,500,866.890569
-21.9,500,866.946521
-25.4,500,867.232356
-19.5,500,867.288146
-20.5,500,867.345612
-48.6,500,867.401049
-23.2,500,867.687385
-22.4,500,867.744141
-19.5,500,867.800476
-16.0,500,867.857454
-51.8,500,867.913991
22.9,500,868.200138
-26.1,500,868.256138
-30.0,500,868.313456
-21.2,500,868.369264
-26.9,500,868.657503
-54.4,500,868.714857
-26.5,500,868.771135
24.9,500,868.827991
-22.1,500,869.113676
-26.3,500,869.171358
-25.0,500,869.227432
-25.2,500,869.284412
-22.1,500,869.570681
-23.5,500,869.627984
-51.8,500,869.68419
-20.1,500,869.741645
-27.0,500,870.027641
-25.4,500,870.083816
1.9,500,870.140492
-23.9,500,870.196081
-23.4,500,870.481483
-23.7,500,870.537625
-23.5,500,870.594709
-25.6,500,870.65114
-17.9,500,870.936482
-51.3,500,870.992493
-23.6,500,871.049496
-52.8,500,871.106448
-52.5,500,871.391583
-29.2,500,871.449222
-24.0,500,871.505384
-49.5,500,871.562364
-14.8,500,871.847733
-24.7,500,871.905491
-27.1,500,871.961693
-26.8,500,872.018444
-27.8,500,872.303487
-23.7,500,872.35951
-25.7,500,872.415913
-20.5,500,872.472633
-23.8,500,872.757872
-29.2,500,872.814204
-17.2,500,872.871926
-26.8,500,872.928295
-17.8,500,872.985306
-48.7,500,873.271083
-24.0,500,873.327301
-22.7,500,873.383991
-29.4,500,873.440526
-19.0,500,873.729442
-17.8,500,873.784278
-51.8,500,873.841054
-18.7,500,873.89635
-48.7,500,874.18223
-15.8,500,874.238173
-24.5,500,874.295171
-48.9,500,874.351174
-19.9,500,874.636952
-20.7,500,874.694448
-19.9,500,874.750925
16.9,500,874.807266
-48.8,500,875.09243
-23.8,500,875.149757
-3.9,500,875.205361
-22.3,500,875.262715
-23.1,500,875.548149
-27.4,500,875.604549
-26.6,500,875.66117
-25.4,500,875.7172
-29.0,500,876.00237
-50.0,500,876.05904
-27.7,500,876.116251
-26.2,500,876.172629
-24.8,500,876.458198
-18.9,500,876.5148
-26.3,500,876.57202
-52.8,500,876.628006
-61.3,500,876.914123
-53.0,500,876.971563
-20.8,500,877.028105
-24.4,500,877.085233
-25.8,500,877.369902
-22.2,500,877.427508
-55.8,500,877.4837
-20.9,500,877.540951
-23.7,500,877.597037
-19.0,500,877.882927
-26.2,500,877.940251
-46.8,500,877.997297
-23.5,500,878.054259
-23.9,500,878.338886
-28.6,500,878.395403
-28.2,500,878.451883
-28.4,500,878.50922
-28.0,500,878.795387
-22.3,500,878.853093
-29.3,500,878.909149
-25.9,500,878.966438
-23.6,500,879.252391
-18.1,500,879.308584
-25.4,500,879.366244
-20.6,500,879.422486
-20.8,500,879.707419
-46.1,500,879.763401
-25.8,500,879.820631
-46.9,500,879.876123
-53.1,500,880.161908
-64.4,500,880.219478
-24.5,500,880.276308
-23.4,500,880.333452
-54.3,500,880.61824
-54.8,500,880.675999
-24.9,500,880.732744
-25.6,500,880.789837
-47.5,500,881.075378
-21.4,500,881.132896
-26.9,500,881.19019
-24.4,500,881.246297
-19.5,500,881.5311
-19.8,500,881.587738
-25.6,500,881.644883
-23.0,500,881.701466
-17.8,500,881.987469
-20.3,500,882.044117
-25.6,500,882.101556
-24.5,500,882.157075
-24.2,500,882.442876
-51.4,500,882.500067
-18.0,500,882.55701
-22.7,500,882.61384
-25.6,500,882.670195
-26.8,500,882.956305
-22.0,500,883.012758
-19.3,500,883.06956
-51.0,500,883.125529
-23.9,500,883.411424
0.9,500,883.46737
-21.2,500,883.559722
-26.1,500,883.617404
-19.5,500,883.904072
-26.7,500,883.960257
-25.8,500,884.016794
2.1,500,884.072896
-23.3,500,884.360055
-49.7,500,884.416187
-25.0,500,884.473481
-21.2,500,884.529939
0.5,500,884.81451
-24.7,500,884.871666
-22.4,500,884.927989
-18.7,500,884.985098
-50.5,500,885.269286
-22.3,500,885.326461
-22.0,500,885.382875
-22.6,500,885.440179
-45.7,500,885.723818
-22.7,500,885.780676
-23.1,500,885.836944
-49.7,500,885.893043
-53.3,500,886.176804
-21.2,500,886.232991
-28.5,500,886.289801
-27.3,500,886.346241
-26.6,500,886.632064
-28.1,500,886.688483
-29.5,500,886.746147
-20.8,500,886.802457
-27.4,500,887.087731
-49.7,500,887.144797
-23.0,500,887.201564
-24.5,500,887.2581
-49.7,500,887.313913
-27.8,500,887.599529
-50.8,500,887.655762
-54.4,500,887.712328
-25.0,500,887.769019
-24.8,500,888.054227
-27.2,500,888.110959
-22.5,500,888.167556
-49.2,500,888.224758
-49.0,500,888.511008
-21.9,500,888.568283
-22.2,500,888.624148
-23.1,500,888.681425
-24.8,500,888.967116
-21.5,500,889.023616
-21.9,500,889.080152
-46.3,500,889.13622
-26.9,500,889.421618
-26.7,500,889.477753
-22.8,500,889.534804
-48.1,500,889.590657
-24.2,500,889.875908
-24.6,500,889.932305
-25.7,500,889.989202
-20.6,500,890.046593
-23.7,500,890.330983
-19.9,500,890.388576
-28.9,500,890.44466
-21.6,500,890.501596
-50.1,500,890.786529
-22.3,500,890.844087
-52.1,500,890.901548
-25.6,500,890.957834
-22.7,500,891.243712
-26.3,500,891.300037
-22.8,500,891.357053
-20.8,500,891.412749
-25.1,500,891.698432
-27.5,500,891.756645
-19.5,500,891.813158
-21.1,500,891.869675
-27.6,500,892.154284
-24.1,500,892.211808
-24.7,500,892.267822
-48.8,500,892.325415
-47.7,500,892.38179
-26.4,500,892.667303
-52.0,500,892.72389
-25.7,500,892.781645
-17.5,500,892.837366
-20.4,500,893.121616
-49.7,500,893.178141
-19.1,500,893.234625
-21.4,500,893.291817
-23.5,500,893.576906
-47.6,500,893.63512
-20.3,500,893.691244
-20.8,500,893.748641
-28.6,500,894.033365
-24.7,500,894.090946
-26.1,500,894.148025
-52.3,500,894.205681
-53.3,500,894.49309
-22.1,500,894.549466
-51.4,500,894.60716
-26.6,500,894.663127
-46.7,500,894.949219
-24.3,500,895.006819
-26.2,500,895.063438
-48.2,500,895.120251
-20.8,500,895.404699
-25.9,500,895.462671
-19.3,500,895.519345
-23.1,500,895.576658
-51.7,500,895.861992
-26.4,500,895.919597
-23.3,500,895.976108
-19.0,500,896.032641
-16.3,500,896.317784
-25.7,500,896.374098
-22.4,500,896.430978
-17.5,500,896.487626
-22.3,500,896.773338
-48.3,500,896.829842
-24.3,500,896.887173
-27.3,500,896.943073
-25.9,500,897.000085
-25.1,500,897.284456
-16.9,500,897.341668
26.0,500,897.398352
-26.1,500,897.455234
-24.6,500,897.741166
-52.8,500,897.79817
-21.4,500,897.856036
-25.6,500,897.912421
-51.4,500,898.19857
-52.7,500,898.254649
-23.8,500,898.31123
-46.2,500,898.367194
-25.8,500,898.654294
-49.4,500,898.712003
7.3,500,898.768005
-25.3,500,898.824502
-21.4,500,899.109839
-23.4,500,899.167012
-24.9,500,899.222808
-24.0,500,899.279823
-2.6,500,899.56423
-25.7,500,899.621605
-22.3,500,899.677865
-20.6,500,899.734526
-47.4,500,900.020253
-25.1,500,900.076834
-22.2,500,900.133703
-46.5,500,900.189832
20.5,500,900.475584
-23.6,500,900.531906
-23.8,500,900.589259
-51.4,500,900.645408
-28.2,500,900.930824
-21.9,500,900.987878
-53.8,500,901.044896
-23.6,500,901.101606
-19.2,500,901.387423
-28.8,500,901.445281
-20.9,500,901.501628
-77.2,500,901.559415
-18.9,500,901.615289
-23.0,500,901.900946
-24.4,500,901.957909
-18.3,500,902.01395
-20.4,500,902.07085
-57.4,500,902.356257
-22.7,500,902.413287
-50.6,500,902.469416
-25.2,500,902.52628
-21.2,500,902.811801
-19.3,500,902.8693
-21.0,500,902.925063
-22.6,500,902.982469
-26.7,500,903.269188
-25.0,500,903.324747
-25.6,500,903.381141
-25.0,500,903.436801
-27.8,500,903.723335
-27.6,500,903.779538
-22.5,500,903.836522
22.2,500,903.891962
-20.8,500,904.178694
-21.5,500,904.237815
-24.2,500,904.293957
-22.2,500,904.350446
-20.9,500,904.635341
-23.6,500,904.692397
-24.4,500,904.74825
-22.5,500,904.804411
-22.1,500,905.089311
-50.2,500,905.146904
-23.2,500,905.202939
-25.8,500,905.260251
-48.0,500,905.546581
-22.7,500,905.603452
-17.5,500,905.660619
-26.2,500,905.716182
-26.9,500,906.00211
-51.2,500,906.05894
-51.3,500,906.116847
-54.6,500,906.173167
-47.7,500,906.458343
-12.3,500,906.514438
-21.5,500,906.571211
-24.6,500,906.627783
-26.9,500,906.683619
-26.6,500,906.968894
-20.9,500,907.024839
-26.9,500,907.082178
-20.9,500,907.138371
-24.3,500,907.424296
-26.5,500,907.480219
-20.4,500,907.537775
-23.9,500,907.593346
-22.3,500,907.879557
-46.8,500,907.936348
-21.7,500,907.992909
-25.7,500,908.048459
-25.3,500,908.334173
-28.4,500,908.392073
-24.2,500,908.448789
-22.3,500,908.505256
-17.6,500,908.792816
-49.9,500,908.85078
-24.6,500,908.906769
-24.0,500,908.963622
-47.5,500,909.247301
-23.5,500,909.304622
-28.7,500,909.361215
-23.9,500,909.417679
-26.2,500,909.70267
-21.9,500,909.75911
-46.2,500,909.816404
-23.3,500,909.872389
4.6,500,910.233143
-25.6,500,910.291999
-22.6,500,910.354166
-22.2,500,910.416495
-23.3,500,910.732385
-29.6,500,910.790331
-51.4,500,910.846812
-16.6,500,910.903799
-51.1,500,911.191142
-50.1,500,911.248672
-23.7,500,911.305227
-47.5,500,911.362916
-47.4,500,911.419184
-22.0,500,911.705347
-52.7,500,911.763055
-23.2,500,911.819231
-49.5,500,911.878448
-25.4,500,912.183606
-23.0,500,912.240713
-22.9,500,912.29781
-47.0,500,912.354356
-50.0,500,912.641727
-25.7,500,912.696901
-26.1,500,912.753943
-24.0,500,912.809817
-24.3,500,913.095188
-48.0,500,913.151619
-25.3,500,913.209042
-16.5,500,913.265458
-22.9,500,913.552017
-27.8,500,913.609464
-19.8,500,913.665855
-24.6,500,913.723541
-20.8,500,914.009193
-25.3,500,914.066906
-46.7,500,914.122919
-18.3,500,914.180348
-27.1,500,914.464816
-50.8,500,914.523096
-24.1,500,914.57945
-22.4,500,914.636455
-26.4,500,914.922789
-21.3,500,914.9796
-26.1,500,915.036528
-49.4,500,915.093661
-23.2,500,915.379874
-23.3,500,915.436098
-48.9,500,915.492116
-48.9,500,915.548522
-24.2,500,915.833562
-20.5,500,915.891248
-20.9,500,915.94717
-46.8,500,916.00441
-28.0,500,916.289292
23.3,500,916.346965
-20.2,500,916.403751
-26.4,500,916.460897
-20.0,500,916.517888
-24.5,500,916.803079
-51.2,500,916.859961
-25.6,500,916.916504
-26.2,500,916.974169
-22.5,500,917.259474
-16.4,500,917.316827
-29.9,500,917.372968
-23.0,500,917.430081
-20.4,500,917.716716
-27.2,500,917.772657
-24.7,500,917.829293
-22.4,500,917.885945
-22.2,500,918.171839
-19.8,500,918.22738
-18.2,500,918.284405
26.8,500,918.339608
-21.4,500,918.62555
-20.4,500,918.682701
-49.8,500,918.739904
-50.8,500,918.795929
-20.7,500,919.082285
-46.4,500,919.139782
-45.8,500,919.195925
-19.9,500,919.253023
-22.6,500,919.536533
-15.5,500,919.593699
-21.5,500,919.649983
-47.8,500,919.707695
-21.0,500,919.991908
-16.7,500,920.049445
-19.2,500,920.105764
-23.5,500,920.161754
-26.1,500,920.446203
-23.7,500,920.502965
-18.1,500,920.559662
-22.3,500,920.615483
-22.5,500,920.90091
-22.2,500,920.957066
-25.3,500,921.014192
-23.9,500,921.070182
-21.8,500,921.127156
-22.6,500,921.41246
-24.7,500,921.47
-18.4,500,921.52594
-17.9,500,921.583178
-47.9,500,921.869919
-22.7,500,921.926162
-19.2,500,921.983224
-22.6,500,922.039108
-22.6,500,922.325539
-19.1,500,922.381228
-21.8,500,922.438746
-51.2,500,922.494921
-24.1,500,922.780102
-22.9,500,922.837441
-45.9,500,922.894029
-19.8,500,922.9505
-24.0,500,923.23575
-22.6,500,923.29337
-50.0,500,923.349084
-25.2,500,923.405658
-19.5,500,923.692177
-50.7,500,923.749362
-51.1,500,923.804935
-23.0,500,923.862315
-20.0,500,924.14875
-49.4,500,924.204995
-52.0,500,924.261999
-20.7,500,924.317357
-21.5,500,924.602306
-20.4,500,924.658463
-26.9,500,924.715945
-49.2,500,924.772064
-23.0,500,925.057692
-23.2,500,925.114571
-49.8,500,925.171273
-19.6,500,925.228467
-50.7,500,925.513378
24.7,500,925.571226
-27.3,500,925.627765
-22.6,500,925.684881
-27.7,500,925.741427
-23.1,500,926.02733
-20.5,500,926.083572
2.2,500,926.14094
-18.7,500,926.1973
-19.1,500,926.482609
-25.9,500,926.540163
-19.3,500,926.596768
-50.0,500,926.654073
-28.4,500,926.940581
-23.5,500,926.998487
-51.4,500,927.054807
-24.5,500,927.111565
-49.3,500,927.397041
-47.3,500,927.453911
-50.8,500,927.511106
-21.7,500,927.566672
-21.0,500,927.852717
-27.0,500,927.908274
-22.4,500,927.965315
-21.4,500,928.021151
-19.8,500,928.306529
-46.7,500,928.362685
-28.2,500,928.420233
-15.0,500,928.477256
-21.2,500,928.763858
-19.6,500,928.820972
-25.5,500,928.877461
-26.3,500,928.935178
-47.8,500,929.220672
-28.6,500,929.27791
-26.4,500,929.333696
-49.2,500,929.390572
-20.7,500,929.67694
-28.4,500,929.73273
-52.1,500,929.789677
-52.8,500,929.84596
-23.2,500,930.131661
-26.4,500,930.188502
-22.7,500,930.245922
-21.3,500,930.301822
-23.3,500,930.588081
-48.0,500,930.644316
-14.6,500,930.701669
-22.4,500,930.757276
-20.1,500,930.814177
-22.2,500,931.099774
-51.5,500,931.15624
-22.0,500,931.213438
2.2,500,931.268768
-20.7,500,931.555063
-53.5,500,931.611987
-25.6,500,931.669383
-29.0,500,931.725819
-23.0,500,932.010246
-23.2,500,932.067136
-23.7,500,932.123514
-23.1,500,932.18018
-24.1,500,932.464717
-4.5,500,932.522264
-18.7,500,932.578902
-24.0,500,932.636228
-2.0,500,932.921568
-22.2,500,932.979262
-52.0,500,933.036083
-24.2,500,933.093288
-51.6,500,933.378748
-23.4,500,933.435176
-53.0,500,933.491868
-52.8,500,933.548319
-22.0,500,933.836184
-62.0,500,933.891825
-54.7,500,933.948959
-21.6,500,934.0054
-18.1,500,934.291118
-50.0,500,934.34855
-28.7,500,934.405269
-22.4,500,934.462065
-52.9,500,934.746978
-23.2,500,934.804925
-54.4,500,934.860932
-22.8,500,934.917532
-52.1,500,935.201759
-24.2,500,935.258759
-18.5,500,935.315609
-18.2,500,935.37112
-51.2,500,935.428103
-18.1,500,935.76082
-14.7,500,935.81726
-25.1,500,935.874127
-26.9,500,935.930143
-20.9,500,936.216745
-22.1,500,936.273605
-27.6,500,936.330839
-20.2,500,936.386993
-25.3,500,936.672297
-28.4,500,936.728562
-29.0,500,936.78588
-22.1,500,936.841702
23.3,500,937.128296
-22.6,500,937.185447
-21.0,500,937.241357
-19.2,500,937.297724
-26.4,500,937.583445
-26.2,500,937.640935
-13.9,500,937.696909
-15.3,500,937.753852
-21.1,500,938.038562
-20.5,500,938.096391
-20.4,500,938.152865
-26.6,500,938.209885
-26.6,500,938.496282
-48.1,500,938.551832
-24.0,500,938.608904
-26.6,500,938.665168
-27.8,500,938.951964
-60.5,500,939.008648
25.6,500,939.065694
-24.8,500,939.12138
-25.2,500,939.408211
-23.4,500,939.464491
-51.5,500,939.522278
-22.6,500,939.578283
-3.0,500,939.864056
-28.9,500,939.921006
-0.0,500,939.977991
-27.0,500,940.03659
-23.0,500,940.324819
-23.3,500,940.382169
-55.3,500,940.43814
-19.8,500,940.495277
-27.4,500,940.551211
-24.4,500,940.838859
-23.3,500,940.894651
-25.4,500,940.951684
-46.4,500,941.008681
-15.6,500,941.294448
-21.3,500,941.352038
-14.3,500,941.408026
-29.0,500,941.464826
-20.7,500,941.749282
-23.0,500,941.806169
-48.0,500,941.861962
-48.3,500,941.919585
-22.6,500,942.204753
-18.7,500,942.261789
-23.9,500,942.318732
-21.0,500,942.374905
-21.3,500,942.662017
-23.2,500,942.718355
-23.1,500,942.775405
-25.6,500,942.831241
-51.3,500,943.118365
-50.3,500,943.175446
-48.0,500,943.231905
-51.8,500,943.289327
-25.0,500,943.574956
-26.5,500,943.632076
-23.1,500,943.688858
-48.6,500,943.746738
-19.7,500,944.032977
-22.6,500,944.090661
-23.6,500,944.146514
-23.9,500,944.204183
-52.6,500,944.488693
-22.4,500,944.544906
-25.7,500,944.60213
-47.9,500,944.657929
-53.6,500,944.942853
-23.0,500,945.000006
-14.2,500,945.056951
-24.9,500,945.113045
-23.6,500,945.170204
-24.3,500,945.455153
-52.0,500,945.513237
-29.7,500,945.569383
-20.5,500,945.626514
-25.4,500,945.91239
-25.9,500,945.968565
-22.4,500,946.026193
-52.7,500,946.08244
-50.2,500,946.368706
-46.1,500,946.42554
-46.4,500,946.482076
-21.2,500,946.538026
-21.1,500,946.823953
-20.0,500,946.880942
-51.0,500,946.937789
-24.7,500,946.994827
-18.6,500,947.279847
-22.8,500,947.337636
-46.8,500,947.393481
-22.4,500,947.450452
-22.0,500,947.735285
-18.3,500,947.793444
-20.7,500,947.850422
-52.8,500,947.906939
-54.8,500,948.193227
-22.5,500,948.249724
-25.8,500,948.306857
-22.8,500,948.36367
-25.1,500,948.649847
-23.6,500,948.707191
-21.4,500,948.765301
-24.1,500,948.821412
-17.1,500,949.107784
-53.3,500,949.165218
-21.1,500,949.222138
-27.1,500,949.279596
-30.2,500,949.565074
-20.6,500,949.622069
-26.7,500,949.677776
-25.7,500,949.735006
-20.0,500,950.018709
-18.7,500,950.076362
-22.0,500,950.132865
-20.3,500,950.189094
-27.6,500,950.245593
-19.0,500,950.530664
-21.7,500,950.587356
-20.6,500,950.643382
-20.9,500,950.700497
-24.6,500,950.986449
-19.7,500,951.044015
-25.7,500,951.101533
-53.7,500,951.158304
25.4,500,951.443487
-20.8,500,951.500441
-24.1,500,951.557942
-49.7,500,951.614737
-27.2,500,951.900043
-25.5,500,951.955745
-25.2,500,952.012972
-55.1,500,952.069387
-23.9,500,952.355272
-49.6,500,952.412665
-50.6,500,952.469348
-48.1,500,952.52635
-54.4,500,952.812048
-48.2,500,952.869946
-47.4,500,952.926599
-54.4,500,952.983816
-47.7,500,953.269737
21.7,500,953.326117
-20.2,500,953.382143
-18.0,500,953.438927
-20.5,500,953.726848
-51.2,500,953.782955
-25.1,500,953.840113
-55.5,500,953.896223
-48.4,500,954.183314
-53.5,500,954.239768
-24.0,500,954.297322
-21.5,500,954.354524
-22.0,500,954.638596
1.9,500,954.695694
-48.7,500,954.75236
-20.1,500,954.809876
-18.0,500,954.865801
-23.2,500,955.152638
-23.7,500,955.209932
-22.8,500,955.266491
-20.5,500,955.323326
-25.9,500,955.608337
-48.8,500,955.665136
-21.2,500,955.721004
-21.5,500,955.778374
-21.3,500,956.063259
-50.4,500,956.121101
-21.5,500,956.176952
-28.7,500,956.234359
-24.3,500,956.519823
-24.2,500,956.577055
-24.8,500,956.633237
-26.8,500,956.689885
-21.3,500,956.97601
-23.6,500,957.031987
-49.0,500,957.089376
-22.1,500,957.145685
-49.0,500,957.431454
-26.0,500,957.487653
-88.4,500,957.545516
-17.6,500,957.601891
-23.7,500,957.88733
-24.4,500,957.94411
-21.6,500,958.000877
-54.6,500,958.058319
-28.4,500,958.344938
-26.6,500,958.401838
-23.8,500,958.457222
-26.5,500,958.513949
-50.3,500,958.80131
-23.8,500,958.857793
-56.3,500,958.914494
-20.1,500,958.970139
-22.2,500,959.25599
-52.0,500,959.312972
-22.3,500,959.370843
-21.7,500,959.426571
-56.3,500,959.484174
-53.9,500,959.770475
-55.8,500,959.826865
-24.9,500,959.884444
-45.7,500,959.940792
-25.8,500,960.226546
-25.6,500,960.282987
-22.7,500,960.33963
-22.8,500,960.396368
-23.7,500,960.68116
-56.0,500,960.739181
-25.5,500,960.795395
-18.8,500,960.852617
-26.3,500,961.13778
-22.3,500,961.195952
-24.4,500,961.252387
-49.9,500,961.309967
-24.9,500,961.645788
-28.2,500,961.703335
-23.3,500,961.759265
-25.6,500,961.815758
-14.5,500,962.10103
-23.0,500,962.15859
-22.3,500,962.214188
-19.9,500,962.271405
-19.5,500,962.556111
-21.8,500,962.612924
-13.9,500,962.668486
-26.2,500,962.725427
-26.1,500,963.010839
-25.4,500,963.067494
-22.4,500,963.124024
-22.5,500,963.180048
-16.4,500,963.46764
-48.4,500,963.524154
-26.0,500,963.580951
-23.0,500,963.636959
-21.1,500,963.923993
-55.4,500,963.979826
-47.0,500,964.037725
-24.1,500,964.094199
-19.3,500,964.37976
-15.7,500,964.437446
-23.7,500,964.493377
-47.7,500,964.550215
-26.0,500,964.606524
-60.9,500,964.891466
-51.9,500,964.947247
-21.3,500,965.003919
-51.1,500,965.060422
-22.8,500,965.346316
-22.7,500,965.403205
-21.3,500,965.459549
-22.4,500,965.516407
5.4,500,965.800913
-26.1,500,965.858303
-16.0,500,965.914465
-46.3,500,965.97191
-25.3,500,966.256953
-21.6,500,966.314376
-24.9,500,966.370512
-23.2,500,966.427323
-25.0,500,966.713564
-17.3,500,966.77018
-23.1,500,966.827348
-21.4,500,966.883481
-21.9,500,967.168518
-20.1,500,967.224015
0.9,500,967.28149
-23.0,500,967.337488
-19.4,500,967.623165
-27.0,500,967.68022
-26.8,500,967.737299
-14.9,500,967.794113
-22.0,500,968.078614
-26.0,500,968.136105
-17.5,500,968.191371
-22.3,500,968.24785
-51.7,500,968.532005
-19.8,500,968.589626
-25.1,500,968.646308
-23.0,500,968.704002
-24.0,500,968.990155
-49.6,500,969.046802
-46.4,500,969.104429
-18.2,500,969.160387
-49.7,500,969.217165
-21.0,500,969.502425
-20.7,500,969.559277
-17.5,500,969.61565
-23.2,500,969.672745
-23.7,500,969.958212
-18.9,500,970.014634
-19.4,500,970.071327
-19.1,500,970.128074
-21.6,500,970.412744
-25.6,500,970.469251
-23.8,500,970.526435
-48.0,500,970.582683
-24.2,500,970.867777
-19.2,500,970.923748
-24.3,500,970.981111
-18.8,500,971.037689
-47.8,500,971.323111
-26.3,500,971.380573
-25.8,500,971.437167
-21.4,500,971.494045
-12.8,500,971.778073
-21.2,500,971.835332
-24.8,500,971.891087
-29.9,500,971.948569
-50.4,500,972.234733
-25.0,500,972.291865
-53.7,500,972.34919
-20.2,500,972.406366
-18.8,500,972.692274
-24.4,500,972.748318
-23.0,500,972.805795
21.6,500,972.862111
-50.5,500,973.147486
-26.1,500,973.203196
-25.2,500,973.260056
-27.7,500,973.31614
-25.2,500,973.60249
-25.2,500,973.660312
-49.8,500,973.717321
-28.4,500,973.77523
-30.7,500,974.060831
-20.2,500,974.118504
-22.8,500,974.175186
-21.3,500,974.232802
-19.3,500,974.289009
-20.7,500,974.573888
-21.0,500,974.630715
-53.6,500,974.6871
-54.7,500,974.744427
-27.4,500,975.029533
-20.3,500,975.087626
-19.1,500,975.144227
-52.7,500,975.201928
-23.3,500,975.488306
-29.2,500,975.544881
-24.9,500,975.602214
-23.9,500,975.658657
-27.3,500,975.943598
-29.0,500,975.999787
-22.6,500,976.057147
-19.5,500,976.113412
-22.5,500,976.398153
-18.6,500,976.454239
-23.3,500,976.511826
26.6,500,976.567937
-27.1,500,976.853689
-25.8,500,976.911152
-44.3,500,976.967759
-21.9,500,977.024981
-50.5,500,977.309664
21.6,500,977.366588
-29.1,500,977.422155
-50.1,500,977.479391
-50.0,500,977.763513
-20.0,500,977.82149
-18.6,500,977.877145
-27.4,500,977.934246
-20.1,500,978.218726
-25.1,500,978.274894
-19.3,500,978.33244
-21.7,500,978.387741
-46.3,500,978.672568
-19.6,500,978.729608
-56.1,500,978.786947
-23.7,500,978.843138
-46.3,500,978.900456
-25.8,500,979.185195
-27.2,500,979.242738
-24.9,500,979.299738
-28.1,500,979.355968
-24.0,500,979.640765
-54.6,500,979.696039
-23.9,500,979.752841
-53.1,500,979.809462
-16.2,500,980.095204
-24.8,500,980.150973
-47.1,500,980.208514
-19.5,500,980.264878
-22.8,500,980.550315
-47.7,500,980.608074
-48.7,500,980.664785
-24.0,500,980.72198
-24.9,500,981.006758
-23.6,500,981.064299
-46.6,500,981.121386
-27.3,500,981.178487
-19.4,500,981.463551
-22.5,500,981.521443
-22.8,500,981.577801
-24.5,500,981.633577
-48.8,500,981.918796
-25.1,500,981.975074
-21.7,500,982.032272
-50.6,500,982.088368
-20.0,500,982.373751
-19.3,500,982.429857
-21.4,500,982.487454
-26.8,500,982.543078
-19.9,500,982.828569
-25.2,500,982.886014
-50.0,500,982.941783
-26.4,500,982.999246
-25.8,500,983.283974
-25.6,500,983.341045
-19.3,500,983.397338
-50.0,500,983.454561
-46.0,500,983.511011
-20.7,500,983.799664
-21.1,500,983.856915
-21.8,500,983.912947
-29.3,500,983.969777
-25.7,500,984.267344
-20.7,500,984.325017
-30.3,500,984.380819
-16.8,500,984.438856
-24.4,500,984.724075
-27.2,500,984.781793
-21.6,500,984.838508
-18.4,500,984.894245
-17.4,500,985.179253
-21.8,500,985.235105
-47.3,500,985.292412
-47.5,500,985.348541
-23.1,500,985.635203
-47.9,500,985.691786
-49.6,500,985.748854
-21.6,500,985.804875
-20.3,500,986.090945
-23.1,500,986.147648
-23.4,500,986.204112
-21.6,500,986.260816
-21.7,500,986.545267
-48.9,500,986.603091
-21.8,500,986.659366
-4.5,500,986.715717
-22.5,500,987.000241
-24.2,500,987.057748
-24.3,500,987.11372
-0.2,500,987.170078
-20.0,500,987.455433
-53.8,500,987.511988
-18.2,500,987.569112
-65.4,500,987.625608
-54.1,500,987.911174
-52.0,500,987.968404
-22.3,500,988.025886
-20.6,500,988.081998
-23.3,500,988.411622
-23.5,500,988.467685
-21.3,500,988.524087
-17.5,500,988.580435
-1.5,500,988.637092
-25.0,500,988.925117
-22.0,500,988.982073
-51.2,500,989.037645
-23.2,500,989.094862
-22.7,500,989.380371
-26.0,500,989.436672
-25.3,500,989.493598
-31.8,500,989.549189
-20.4,500,989.835046
-52.0,500,989.89179
-51.5,500,989.949185
-15.3,500,990.005028
-18.2,500,990.290784
-23.4,500,990.34774
-23.4,500,990.404068
-23.9,500,990.460863
-12.7,500,990.745315
-23.8,500,990.802263
-50.2,500,990.859369
-23.0,500,990.916869
-51.4,500,991.201915
-24.7,500,991.258002
-26.0,500,991.314195
-19.9,500,991.370315
-23.8,500,991.655189
-25.8,500,991.711235
-22.3,500,991.768713
-28.9,500,991.824539
-21.9,500,992.109316
-25.4,500,992.165368
-24.3,500,992.22306
-22.5,500,992.27906
-19.3,500,992.565093
-55.4,500,992.622633
-53.5,500,992.679655
-52.7,500,992.73693
-27.5,500,993.020718
-26.6,500,993.078024
-19.2,500,993.134399
-25.5,500,993.190814
-18.7,500,993.246747
-23.8,500,993.532116
-27.6,500,993.589302
-22.0,500,993.645644
-24.5,500,993.70287
-21.3,500,993.989677
-26.8,500,994.047275
-17.5,500,994.102519
-22.7,500,994.159433
-27.6,500,994.445473
-23.7,500,994.502316
-49.2,500,994.559831
-19.8,500,994.616107
-21.4,500,994.901762
-23.2,500,994.957751
-19.8,500,995.015309
-18.5,500,995.07078
-49.3,500,995.356611
-22.0,500,995.413976
-25.9,500,995.470935
-48.3,500,995.527435
-19.6,500,995.811982
-24.9,500,995.86904
-20.4,500,995.925166
-21.9,500,995.982112
-25.5,500,996.266446
-19.8,500,996.323904
-24.9,500,996.380141
-21.0,500,996.437008
-28.3,500,996.722062
-23.2,500,996.778007
-23.5,500,996.835116
-21.9,500,996.891131
-26.4,500,997.176648
-19.7,500,997.233554
-22.5,500,997.291026
-23.2,500,997.346232
-24.3,500,997.630993
-49.4,500,997.687759
-20.4,500,997.744379
-47.2,500,997.80167
-23.8,500,998.086855
-21.1,500,998.143977
-47.3,500,998.199848
-20.5,500,998.256367
-51.4,500,998.312183
-24.4,500,998.597546
-26.2,500,998.653569
-25.6,500,998.710656
-20.9,500,998.767196
-20.8,500,999.052838
-23.9,500,999.108396
-52.6,500,999.165551
-19.7,500,999.222151
-26.3,500,999.50747
-25.0,500,999.56399
-20.5,500,999.620555
-22.1,500,999.677916
-27.8,500,999.963629
-24.4,500,1000.021418
-22.4,500,1000.077114
-47.7,500,1000.134369
-52.6,500,1000.419865
-18.3,500,1000.475956
-23.5,500,1000.532605
-52.0,500,1000.589037
-47.8,500,1000.874899
-24.0,500,1000.931063
-26.3,500,1000.988253
-26.9,500,1001.044534
-50.5,500,1001.329698
-49.0,500,1001.386088
-20.1,500,1001.443496
-29.3,500,1001.50092
-19.4,500,1001.786291
-28.6,500,1001.843429
-1.0,500,1001.899769
1.5,500,1001.956749
-20.5,500,1002.24197
-18.1,500,1002.298759
-22.9,500,1002.35425
-25.1,500,1002.411885
-26.3,500,1002.697109
-22.2,500,1002.75476
-24.4,500,1002.811282
-29.3,500,1002.868254
-24.4,500,1002.92444
-18.1,500,1003.210025
-22.9,500,1003.26708
-28.9,500,1003.322962
-26.1,500,1003.379656
-23.1,500,1003.665033
-18.9,500,1003.722831
-22.9,500,1003.779379
-22.7,500,1003.836325
-21.1,500,1004.122437
-55.6,500,1004.179439
-17.4,500,1004.236462
-16.6,500,1004.292508
-25.4,500,1004.577889
-50.7,500,1004.633998
-51.9,500,1004.691219
-21.2,500,1004.747755
-20.5,500,1005.034262
-51.3,500,1005.090828
-23.7,500,1005.146652
-24.5,500,1005.203224
-29.9,500,1005.48827
-20.3,500,1005.545952
-25.2,500,1005.602423
-26.9,500,1005.659605
-47.4,500,1005.944239
-21.8,500,1006.000832
-21.7,500,1006.057486
-24.2,500,1006.113574
-20.6,500,1006.398402
-22.8,500,1006.454128
-21.9,500,1006.511415
-50.8,500,1006.567819
2.6,500,1006.853491
-21.7,500,1006.909718
-49.6,500,1006.966849
-49.7,500,1007.024075
-21.1,500,1007.30889
-25.4,500,1007.366311
-21.6,500,1007.423264
-25.9,500,1007.480807
-49.1,500,1007.765717
-25.1,500,1007.823494
-21.7,500,1007.878464
-24.1,500,1007.935183
-25.5,500,1007.990126
-12.7,500,1008.275338
-26.1,500,1008.333199
-27.0,500,1008.389163
-49.3,500,1008.44568
-21.4,500,1008.73004
-20.4,500,1008.788327
-20.1,500,1008.845392
-23.7,500,1008.902217
-29.2,500,1009.185618
-25.4,500,1009.243372
-21.1,500,1009.300864
-48.7,500,1009.356817
-26.3,500,1009.64256
-23.7,500,1009.697841
-25.0,500,1009.754534
-54.9,500,1009.810811
-25.2,500,1010.095578
-26.1,500,1010.15123
-53.6,500,1010.20812
-19.0,500,1010.264158
-24.5,500,1010.550431
-18.7,500,1010.60651
-20.8,500,1010.663758
-23.7,500,1010.720742
-22.9,500,1011.004856
-51.6,500,1011.061744
-21.2,500,1011.118441
-25.5,500,1011.175389
-49.3,500,1011.459798
-45.7,500,1011.517216
-53.5,500,1011.573831
-47.2,500,1011.630479
-25.1,500,1011.914918
-24.5,500,1011.972375
-49.4,500,1012.028715
-22.0,500,1012.085951
-19.0,500,1012.370449
-52.8,500,1012.427122
-49.1,500,1012.483869
-18.7,500,1012.54021
-15.9,500,1012.596569
-0.0,500,1012.88138
-49.5,500,1012.939854
-23.1,500,1012.996122
-17.0,500,1013.05354
-50.9,500,1013.378813
-16.9,500,1013.434929
-52.6,500,1013.491873
-27.4,500,1013.547584
-22.6,500,1013.834983
-23.7,500,1013.892336
-23.3,500,1013.948242
-20.5,500,1014.005082
-24.0,500,1014.289956
-22.9,500,1014.347323
-50.3,500,1014.40319
-22.9,500,1014.459974
-48.5,500,1014.745533
-21.1,500,1014.802288
-24.3,500,1014.858646
-22.5,500,1014.914739
-16.8,500,1015.200701
-50.5,500,1015.256977
-21.0,500,1015.314383
-23.6,500,1015.370364
-3.0,500,1015.664894
-26.4,500,1015.720653
-22.2,500,1015.778371
-51.9,500,1015.835513
-22.6,500,1016.121246
-25.1,500,1016.178616
-19.3,500,1016.234792
-27.0,500,1016.291079
-47.5,500,1016.575373
-47.2,500,1016.633103
-17.1,500,1016.689239
-21.6,500,1016.746069
-26.7,500,1017.030949
-23.7,500,1017.087043
-48.7,500,1017.143236
-18.6,500,1017.199538
-48.4,500,1017.256262
-23.0,500,1017.541079
-26.2,500,1017.598338
-23.2,500,1017.654201
-24.2,500,1017.710226
-26.7,500,1017.994795
-22.9,500,1018.052207
-49.8,500,1018.107785
-20.5,500,1018.164928
-29.0,500,1018.451131
-22.1,500,1018.507531
-20.6,500,1018.564144
-18.7,500,1018.620167
-49.1,500,1018.907409
-48.1,500,1018.963781
-48.2,500,1019.021289
-49.0,500,1019.077765
-21.0,500,1019.363225
-47.1,500,1019.420292
-49.9,500,1019.476894
-19.3,500,1019.533589
-22.1,500,1019.817992
-24.6,500,1019.87508
-23.5,500,1019.930691
-50.0,500,1019.987858
-47.6,500,1020.272555
-51.0,500,1020.330446
-24.7,500,1020.386563
-44.5,500,1020.443067
-19.4,500,1020.729245
17.7,500,1020.784837
-19.1,500,1020.841637
-25.6,500,1020.897057
-25.1,500,1021.182422
-24.7,500,1021.238309
-55.0,500,1021.296114
-46.5,500,1021.352274
-47.8,500,1021.637901
-24.7,500,1021.695333
-14.0,500,1021.751307
-47.8,500,1021.807835
24.4,500,1022.092189
-22.7,500,1022.149512
-20.7,500,1022.205035
-48.1,500,1022.262161
-15.0,500,1022.318531
-52.4,500,1022.603235
-25.8,500,1022.659707
-23.2,500,1022.716009
-22.1,500,1022.772705
-52.3,500,1023.057927
-25.4,500,1023.11572
-47.1,500,1023.171726
-19.7,500,1023.228879
-24.5,500,1023.513639
-25.8,500,1023.570305
-24.3,500,1023.626529
-24.7,500,1023.683619
-19.2,500,1023.973307
-26.1,500,1024.029888
-47.0,500,1024.087172
-24.2,500,1024.142426
-21.6,500,1024.427009
-53.6,500,1024.482948
-22.7,500,1024.540191
-51.5,500,1024.596062
-50.4,500,1024.882135
-46.5,500,1024.939563
-26.3,500,1024.996323
-47.9,500,1025.053184
-20.6,500,1025.338282
-47.7,500,1025.395152
-49.5,500,1025.451228
-24.5,500,1025.508706
-25.6,500,1025.792756
-21.9,500,1025.850761
-23.1,500,1025.907404
-24.2,500,1025.964464
-20.4,500,1026.250252
-23.7,500,1026.307083
-25.9,500,1026.364139
-52.4,500,1026.420449
-16.7,500,1026.705563
-47.0,500,1026.762483
-21.2,500,1026.82006
-22.4,500,1026.875749
-49.6,500,1026.932874
1.0,500,1027.217469
-26.4,500,1027.274331
-21.9,500,1027.331616
-23.3,500,1027.388012
-27.7,500,1027.673517
-22.7,500,1027.729885
-19.5,500,1027.788146
-24.3,500,1027.843918
-31.4,500,1028.128784
-49.7,500,1028.185527
-65.2,500,1028.243004
-24.1,500,1028.298462
-25.4,500,1028.583414
-50.6,500,1028.640209
-25.2,500,1028.697465
-24.4,500,1028.75388
-47.8,500,1029.03931
-23.5,500,1029.095855
2.6,500,1029.152171
-54.3,500,1029.2089
-19.9,500,1029.492332
-22.5,500,1029.549544
-24.2,500,1029.605659
-52.4,500,1029.66292
-26.9,500,1029.9474
-50.5,500,1030.003346
-24.7,500,1030.06013
-19.1,500,1030.116426
-52.7,500,1030.400682
-19.2,500,1030.456776
-19.9,500,1030.514173
-21.0,500,1030.56963
-21.1,500,1030.854982
-24.8,500,1030.911716
-22.7,500,1030.967697
-22.4,500,1031.024741
-23.9,500,1031.308986
-25.6,500,1031.366258
-19.6,500,1031.421944
-21.6,500,1031.4784
-52.2,500,1031.762176
-52.6,500,1031.820105
-29.1,500,1031.876187
-28.5,500,1031.933245
-26.1,500,1031.989338
-19.8,500,1032.274733
-18.4,500,1032.331294
-21.9,500,1032.387759
-26.5,500,1032.445038
-21.8,500,1032.729312
-27.1,500,1032.786832
-17.8,500,1032.843065
-25.0,500,1032.899434
-19.6,500,1033.184372
-23.7,500,1033.241469
-23.9,500,1033.296736
-20.1,500,1033.354417
-23.3,500,1033.640932
-23.2,500,1033.697722
-20.0,500,1033.754721
-52.5,500,1033.811741
-16.8,500,1034.102977
-26.6,500,1034.164447
-21.3,500,1034.227597
-16.7,500,1034.287333
-21.3,500,1034.598032
-24.3,500,1034.661321
-47.4,500,1034.726891
-20.2,500,1034.784582
-18.9,500,1035.071012
18.8,500,1035.127612
-19.5,500,1035.18486
-53.3,500,1035.240978
-23.9,500,1035.528103
-54.6,500,1035.584987
-59.5,500,1035.641466
-22.3,500,1035.698138
-20.2,500,1035.986794
-23.7,500,1036.052985
-23.8,500,1036.110262
-22.8,500,1036.167177
-21.2,500,1036.456696
-24.2,500,1036.512521
-22.4,500,1036.569254
-26.5,500,1036.624974
-29.4,500,1036.681809
-51.6,500,1036.966622
-23.1,500,1037.023939
-24.1,500,1037.079772
-27.0,500,1037.136308
-18.7,500,1037.421028
-22.7,500,1037.477718
-66.3,500,1037.534215
-51.9,500,1037.591335
-21.3,500,1037.877671
-47.7,500,1037.934091
-24.2,500,1037.991006
-24.5,500,1038.046516
-22.8,500,1038.332843
-23.6,500,1038.388793
-22.4,500,1038.445351
-20.7,500,1038.50116
-21.7,500,1038.787168
-50.0,500,1038.844601
3.0,500,1038.900421
-21.1,500,1038.956603
-25.0,500,1039.241735
-22.4,500,1039.298721
-19.8,500,1039.354087
-26.9,500,1039.41109
-2.4,500,1039.73498
-21.1,500,1039.791118
-21.7,500,1039.847452
-51.6,500,1039.903384
-24.2,500,1040.189014
-21.7,500,1040.244564
-24.4,500,1040.301639
-53.9,500,1040.357757
-19.0,500,1040.643371
-58.1,500,1040.699957
-18.9,500,1040.756852
-22.3,500,1040.811709
-54.0,500,1041.097384
-19.4,500,1041.154103
-23.0,500,1041.210376
-19.5,500,1041.267594
-50.6,500,1041.323785
-29.1,500,1041.608696
-51.0,500,1041.664182
-22.3,500,1041.721642
-19.6,500,1041.778028
-25.4,500,1042.063335
-52.2,500,1042.120516
-22.1,500,1042.177139
-19.4,500,1042.233447
-16.6,500,1042.518099
-55.3,500,1042.575369
-21.2,500,1042.63089
-25.8,500,1042.687838
-48.8,500,1042.971903
-25.1,500,1043.0294
-23.4,500,1043.085015
-26.7,500,1043.141988
-15.5,500,1043.427404
-47.6,500,1043.484291
-51.4,500,1043.541483
-22.2,500,1043.597275
-15.2,500,1043.884662
-26.0,500,1043.941257
-22.9,500,1043.998397
-21.4,500,1044.054895
-22.4,500,1044.340956
-51.3,500,1044.396333
-19.8,500,1044.451784
-50.7,500,1044.508532
-18.3,500,1044.791974
-30.4,500,1044.84984
-50.9,500,1044.905279
-22.8,500,1044.961897
-20.1,500,1045.245858
-48.5,500,1045.303268
-48.3,500,1045.359903
-25.7,500,1045.416894
-26.7,500,1045.702744
-28.5,500,1045.758949
-22.8,500,1045.815441
-24.2,500,1045.871077
-53.1,500,1046.156855
-26.1,500,1046.212819
-16.5,500,1046.269332
-31.1,500,1046.324999
-28.6,500,1046.381696
-24.2,500,1046.666307
-47.1,500,1046.722507
-23.5,500,1046.779046
-22.3,500,1046.835087
-24.4,500,1047.119918
-21.8,500,1047.175964
-18.9,500,1047.232432
-22.2,500,1047.288594
-18.9,500,1047.574149
-25.6,500,1047.630021
-17.4,500,1047.686766
-22.4,500,1047.74241
-51.1,500,1048.02828
-31.3,500,1048.086033
-28.6,500,1048.142773
-28.3,500,1048.19954
-22.7,500,1048.483815
-58.5,500,1048.541563
-20.9,500,1048.596801
-53.5,500,1048.654054
-21.3,500,1048.93974
-27.8,500,1048.997457
-52.7,500,1049.053218
-23.7,500,1049.110296
-23.8,500,1049.394486
-49.3,500,1049.450383
-18.5,500,1049.506569
-26.4,500,1049.562608
-27.7,500,1049.845894
-50.2,500,1049.901847
-21.6,500,1049.958596
-23.9,500,1050.014457
-22.4,500,1050.299966
18.1,500,1050.355468
-21.0,500,1050.412839
-55.4,500,1050.469365
-52.1,500,1050.755142
-20.9,500,1050.811167
-50.1,500,1050.868958
-24.7,500,1050.925156
-24.7,500,1050.982077
-46.3,500,1051.267661
-47.7,500,1051.32344
-17.8,500,1051.381162
-21.0,500,1051.437484
-48.8,500,1051.722887
-21.1,500,1051.778358
-27.6,500,1051.83577
-17.1,500,1051.891825
-23.3,500,1052.176715
-20.6,500,1052.232624
-27.6,500,1052.289559
-49.0,500,1052.345521
-48.9,500,1052.630929
-55.9,500,1052.688249
-26.9,500,1052.744589
3.8,500,1052.802086
-22.9,500,1053.086152
-53.8,500,1053.143777
-16.5,500,1053.199518
-18.3,500,1053.256658
-21.8,500,1053.541565
-26.0,500,1053.598539
19.7,500,1053.653941
-22.2,500,1053.711062
-18.3,500,1053.999845
-20.1,500,1054.055153
-52.1,500,1054.112212
-21.9,500,1054.168452
-19.7,500,1054.453318
-47.2,500,1054.509976
-27.8,500,1054.567371
-53.3,500,1054.623317
-12.3,500,1054.908638
-24.8,500,1054.965848
-21.2,500,1055.022713
-24.3,500,1055.078861
-21.1,500,1055.363402
-52.3,500,1055.420676
-24.7,500,1055.477128
-51.3,500,1055.533987
-19.7,500,1055.81802
-16.6,500,1055.875934
-21.1,500,1055.932921
-52.9,500,1055.990604
-49.8,500,1056.047221
-27.8,500,1056.332958
-46.8,500,1056.390388
-22.1,500,1056.446974
-20.6,500,1056.503328
-22.0,500,1056.788194
-14.0,500,1056.844692
-21.1,500,1056.900521
-22.6,500,1056.957879
-19.8,500,1057.242085
-21.6,500,1057.29952
-19.3,500,1057.355174
-22.8,500,1057.411933
-24.0,500,1057.69622
-18.2,500,1057.752749
-17.1,500,1057.809711
-24.6,500,1057.865333
-49.2,500,1058.150629
22.1,500,1058.206043
-17.1,500,1058.262849
-49.0,500,1058.318499
-23.7,500,1058.603985
-26.0,500,1058.660286
-55.9,500,1058.717593
-49.3,500,1058.77313
-19.8,500,1059.059945
-23.9,500,1059.1173
-24.5,500,1059.173247
-50.5,500,1059.230531
-51.9,500,1059.514607
-21.6,500,1059.571566
-22.6,500,1059.627192
-22.7,500,1059.684523
-20.3,500,1059.969252
-55.3,500,1060.026432
-18.4,500,1060.082726
-19.7,500,1060.138822
-50.1,500,1060.424444
-52.3,500,1060.481044
-24.3,500,1060.53885
-54.7,500,1060.595057
-24.6,500,1060.651713
-46.6,500,1060.936811
-19.2,500,1060.993729
-20.6,500,1061.050635
-21.3,500,1061.106579
-29.0,500,1061.392413
-19.1,500,1061.448778
-20.3,500,1061.505703
6.4,500,1061.561607
-1.2,500,1061.846468
-25.0,500,1061.902686
-26.3,500,1061.959971
-16.5,500,1062.01567
-55.5,500,1062.301481
-20.6,500,1062.359012
-15.4,500,1062.414869
-30.4,500,1062.471633
-25.7,500,1062.755611
-29.5,500,1062.813038
-21.1,500,1062.869061
-21.1,500,1062.925729
-20.6,500,1063.209165
-20.6,500,1063.266871
-50.3,500,1063.322573
-23.9,500,1063.379541
-22.5,500,1063.665217
24.0,500,1063.721004
-20.4,500,1063.778254
-51.0,500,1063.835602
-23.6,500,1064.120959
-57.8,500,1064.17723
-55.2,500,1064.234534
-26.5,500,1064.293024
-25.6,500,1064.578811
3.7,500,1064.635966
-18.9,500,1064.691554
-21.4,500,1064.748073
-22.7,500,1065.075651
-22.1,500,1065.13157
25.3,500,1065.188217
-26.5,500,1065.243611
-51.6,500,1065.529137
-54.4,500,1065.585281
-50.6,500,1065.642797
-24.1,500,1065.698566
-24.2,500,1065.75485
-47.2,500,1066.040225
-28.5,500,1066.095977
0.4,500,1066.152797
-26.3,500,1066.208401
24.6,500,1066.493418
-24.7,500,1066.549626
-21.9,500,1066.606631
-27.2,500,1066.66256
-24.5,500,1066.947845
-25.2,500,1067.003927
-26.5,500,1067.061098
-24.2,500,1067.117781
-28.6,500,1067.402068
-20.5,500,1067.459333
-24.0,500,1067.515686
-21.0,500,1067.572506
-25.1,500,1067.856781
-18.0,500,1067.913993
-25.1,500,1067.969769
-51.5,500,1068.027212
-20.8,500,1068.311964
-47.9,500,1068.368839
-47.0,500,1068.425348
20.5,500,1068.481294
-19.9,500,1068.765761
-21.7,500,1068.822467
-46.7,500,1068.880313
-21.6,500,1068.936597
-18.9,500,1069.222577
-20.5,500,1069.278699
-49.0,500,1069.335661
-23.3,500,1069.391286
-24.4,500,1069.675799
-25.4,500,1069.732567
-102.6,500,1069.789473
-19.6,500,1069.845802
-46.2,500,1070.129775
-24.6,500,1070.187291
-28.2,500,1070.243337
-24.2,500,1070.30016
-48.4,500,1070.355967
-22.9,500,1070.640561
-18.3,500,1070.697561
-17.5,500,1070.753353
-23.0,500,1070.80999
-17.7,500,1071.093539
-51.4,500,1071.150365
-18.0,500,1071.205638
-18.5,500,1071.262755
-49.1,500,1071.547586
-55.3,500,1071.605477
-51.4,500,1071.661555
-20.8,500,1071.718259
-18.6,500,1072.003204
-24.6,500,1072.059723
3.6,500,1072.116825
-1.8,500,1072.17326
-21.7,500,1072.4591
-22.7,500,1072.515235
-51.7,500,1072.572564
-23.1,500,1072.629296
-23.6,500,1072.914169
20.1,500,1072.969481
-23.0,500,1073.026777
-29.1,500,1073.083534
24.2,500,1073.36839
-47.2,500,1073.425464
-49.0,500,1073.482564
-23.7,500,1073.539568
-24.2,500,1073.823906
-49.2,500,1073.882059
-25.7,500,1073.938178
-26.9,500,1073.995468
-25.5,500,1074.279662
-27.9,500,1074.336898
-24.4,500,1074.394348
-51.5,500,1074.450681
-23.3,500,1074.736101
-48.9,500,1074.793154
-24.4,500,1074.850386
-20.4,500,1074.906144
-21.2,500,1074.963345
-50.8,500,1075.249408
-27.2,500,1075.305916
-47.3,500,1075.362506
-23.9,500,1075.418665
-22.6,500,1075.704492
-20.3,500,1075.760745
-51.6,500,1075.817838
-23.6,500,1075.874424
-21.1,500,1076.159175
-22.8,500,1076.215037
-54.9,500,1076.272258
-18.2,500,1076.328233
-24.4,500,1076.613274
-54.1,500,1076.670191
-22.3,500,1076.725831
-21.6,500,1076.782811
-59.9,500,1077.067557
-77.4,500,1077.125306
-25.1,500,1077.180849
-25.0,500,1077.237871
-30.2,500,1077.52197
-24.4,500,1077.580035
-50.7,500,1077.636699
-26.7,500,1077.693433
-27.6,500,1077.978965
-51.5,500,1078.035193
-25.6,500,1078.092453
-19.2,500,1078.148107
-21.3,500,1078.434482
-27.1,500,1078.490045
-21.8,500,1078.547247
-21.1,500,1078.604181
-49.8,500,1078.904969
-26.8,500,1078.961616
-25.6,500,1079.017802
-22.4,500,1079.074205
-21.6,500,1079.360725
-18.3,500,1079.417448
-26.2,500,1079.474282
3.5,500,1079.531522
-48.7,500,1079.817317
-16.5,500,1079.874903
-21.8,500,1079.931537
-22.5,500,1079.987815
-22.9,500,1080.043937
-20.3,500,1080.330334
-24.0,500,1080.387481
-22.5,500,1080.443147
-25.1,500,1080.500214
-25.2,500,1080.784694
-28.5,500,1080.842708
-23.1,500,1080.899266
-20.2,500,1080.955963
-22.5,500,1081.241263
-21.1,500,1081.296863
-23.6,500,1081.353012
-18.9,500,1081.409092
-25.6,500,1081.694802
-23.9,500,1081.750864
-24.0,500,1081.808387
-21.8,500,1081.864149
-50.8,500,1082.150335
-56.0,500,1082.207402
-21.9,500,1082.262983
-27.1,500,1082.319721
-24.1,500,1082.605219
-49.6,500,1082.662744
-21.8,500,1082.718897
-23.0,500,1082.776119
-25.9,500,1083.060821
-26.6,500,1083.118069
-21.8,500,1083.173854
-23.9,500,1083.230843
-24.0,500,1083.516228
-25.7,500,1083.571935
-51.8,500,1083.629096
-21.5,500,1083.684437
-26.3,500,1083.97259
-19.2,500,1084.028644
-48.6,500,1084.085976
-29.2,500,1084.142347
-22.8,500,1084.427252
-20.3,500,1084.484132
-19.3,500,1084.540489
-24.3,500,1084.596906
-20.7,500,1084.652824
-25.6,500,1084.938663
-22.7,500,1084.995023
-21.4,500,1085.052184
-23.5,500,1085.107854
-24.1,500,1085.393614
-52.6,500,1085.450337
-52.8,500,1085.506892
-49.9,500,1085.562757
-23.5,500,1085.847666
-23.6,500,1085.904711
-22.5,500,1085.960299
-28.6,500,1086.017511
23.7,500,1086.302151
-18.1,500,1086.359142
-23.8,500,1086.414883
-26.1,500,1086.47184
-21.8,500,1086.757706
-17.2,500,1086.814076
-22.2,500,1086.870521
-51.4,500,1086.927023
-30.3,500,1087.212896
-26.7,500,1087.268321
-24.3,500,1087.325087
-28.8,500,1087.38178
-26.5,500,1087.667018
-23.1,500,1087.723191
-33.2,500,1087.780888
-20.4,500,1087.836501
-26.2,500,1088.121917
-14.4,500,1088.179223
-25.8,500,1088.235716
-23.4,500,1088.292664
-27.9,500,1088.577289
-4.9,500,1088.634397
-24.3,500,1088.689929
-22.6,500,1088.746284
-25.3,500,1089.033131
-20.3,500,1089.090317
-27.9,500,1089.14744
-50.1,500,1089.204163
-22.3,500,1089.489142
-18.7,500,1089.546409
-22.7,500,1089.603669
-21.8,500,1089.659739
-53.4,500,1089.716403
-23.6,500,1090.000838
-22.6,500,1090.058539
-24.1,500,1090.114679
-22.2,500,1090.171335
-23.5,500,1090.457592
-21.5,500,1090.513669
-22.9,500,1090.570449
-23.6,500,1090.626627
-22.2,500,1090.967593
-27.3,500,1091.024742
-28.4,500,1091.080407
-53.0,500,1091.137328
-44.3,500,1091.421262
-10.0,500,1091.478658
-18.9,500,1091.533891
-24.9,500,1091.590429
-23.2,500,1091.875681
-20.4,500,1091.931945
-24.3,500,1091.988481
-26.2,500,1092.043878
-59.4,500,1092.328621
-52.5,500,1092.384759
-27.7,500,1092.442033
-20.1,500,1092.497955
-23.0,500,1092.783654
-24.0,500,1092.839867
-28.1,500,1092.896236
-18.7,500,1092.952438
-22.4,500,1093.237831
-50.5,500,1093.294328
-23.1,500,1093.351004
-24.3,500,1093.406901
-22.9,500,1093.691534
-25.2,500,1093.747742
-49.4,500,1093.803471
-20.2,500,1093.860994
-23.8,500,1094.145978
-16.8,500,1094.20215
-52.2,500,1094.257768
-48.8,500,1094.314497
-20.8,500,1094.370161
-26.5,500,1094.656448
-22.8,500,1094.711801
-22.0,500,1094.768197
-24.3,500,1094.825089
-22.5,500,1095.109416
-22.4,500,1095.16721
-23.2,500,1095.222271
-16.3,500,1095.278814
-26.4,500,1095.56358
-19.1,500,1095.620946
-22.2,500,1095.676843
-23.1,500,1095.733452
-25.5,500,1096.019353
-21.0,500,1096.076201
-23.0,500,1096.132928
-49.5,500,1096.188704
-19.9,500,1096.474128
-23.0,500,1096.530219
-45.9,500,1096.587462
-50.2,500,1096.643087
-46.1,500,1096.928076
-20.0,500,1096.984614
-27.1,500,1097.041624
-25.6,500,1097.097999
-51.0,500,1097.383085
-27.1,500,1097.440162
-23.3,500,1097.49598
-26.6,500,1097.553207
-49.4,500,1097.837619
-23.5,500,1097.894155
-25.6,500,1097.949167
-23.3,500,1098.006064
-24.6,500,1098.290177
-23.6,500,1098.346896
-22.9,500,1098.402212
-52.1,500,1098.4593
-22.1,500,1098.743115
-23.2,500,1098.799454
-24.1,500,1098.857482
-21.3,500,1098.912828
-26.0,500,1098.968857
-26.7,500,1099.253439
-26.4,500,1099.310767
-20.5,500,1099.366753
-51.1,500,1099.423876
-24.8,500,1099.708586
-22.7,500,1099.765259
-51.3,500,1099.821479
-25.4,500,1099.877766
-26.6,500,1100.162664
-27.4,500,1100.219265
-23.8,500,1100.276302
-22.9,500,1100.332443
-24.2,500,1100.61792
-20.9,500,1100.674564
-23.3,500,1100.731667
-21.4,500,1100.787447
-26.7,500,1101.071865
-23.4,500,1101.129359
-24.7,500,1101.186072
-20.8,500,1101.243037
5.7,500,1101.526861
-21.5,500,1101.583933
-23.3,500,1101.639205
-21.9,500,1101.695741
-52.2,500,1101.980661
-26.7,500,1102.036632
-17.9,500,1102.092194
-18.8,500,1102.148136
-20.2,500,1102.431534
-27.0,500,1102.487521
-17.5,500,1102.544388
-22.3,500,1102.600435
-20.9,500,1102.884392
-25.9,500,1102.940693
-21.7,500,1102.998
-18.9,500,1103.053482
-0.5,500,1103.338265
-22.0,500,1103.394921
1.9,500,1103.452471
-22.1,500,1103.509088
-21.4,500,1103.793016
-29.1,500,1103.850627
-20.6,500,1103.906057
-53.1,500,1103.963079
-25.7,500,1104.018652
-20.4,500,1104.306137
-24.6,500,1104.361875
-46.9,500,1104.41862
-28.8,500,1104.473894
-24.8,500,1104.759081
-21.8,500,1104.814664
-22.7,500,1104.871636
-24.3,500,1104.927352
-50.2,500,1105.211905
-15.1,500,1105.268381
-24.6,500,1105.324304
-51.4,500,1105.38108
-20.8,500,1105.663925
-23.8,500,1105.721399
-51.6,500,1105.77727
-23.9,500,1105.833974
-27.3,500,1106.11737
-47.3,500,1106.174361
-25.3,500,1106.230559
-23.1,500,1106.287161
-22.9,500,1106.572228
-23.4,500,1106.628462
-24.4,500,1106.685145
-24.6,500,1106.741562
-27.4,500,1107.025464
-25.2,500,1107.081744
-55.3,500,1107.138826
-47.8,500,1107.194687
-19.4,500,1107.480191
-23.8,500,1107.536506
-21.8,500,1107.59359
-50.3,500,1107.649398
-29.7,500,1107.93549
-18.0,500,1107.992856
27.6,500,1108.049217
2.5,500,1108.10637
-25.2,500,1108.390547
-52.0,500,1108.447876
-20.4,500,1108.503955
-25.0,500,1108.561111
-18.4,500,1108.616869
-18.1,500,1108.902457
-55.2,500,1108.958993
-48.7,500,1109.014949
-60.1,500,1109.071159
-24.6,500,1109.355894
-26.3,500,1109.412674
-28.8,500,1109.468112
-50.9,500,1109.524838
-19.7,500,1109.809251
-53.4,500,1109.866105
-52.0,500,1109.921625
-56.4,500,1109.978744
-21.5,500,1110.261862
-11.5,500,1110.319222
-25.8,500,1110.374835
-24.2,500,1110.432066
2.2,500,1110.717065
-27.2,500,1110.773326
-48.9,500,1110.83035
-52.1,500,1110.886836
-48.2,500,1111.182245
-25.0,500,1111.237936
-18.9,500,1111.295455
-20.9,500,1111.351239
-25.9,500,1111.636834
-54.2,500,1111.694702
-21.6,500,1111.750956
-21.0,500,1111.807712
-25.3,500,1112.091802
-23.9,500,1112.149335
-26.3,500,1112.205623
-47.4,500,1112.262688
-50.5,500,1112.547033
-51.4,500,1112.604647
-26.6,500,1112.66119
-51.6,500,1112.718816
-47.4,500,1113.002918
-26.6,500,1113.0593
1.9,500,1113.116294
-29.0,500,1113.171984
-21.8,500,1113.4565
-19.7,500,1113.513367
-25.6,500,1113.57041
-2.7,500,1113.626311
30.8,500,1113.683127
-34.1,500,1113.970052
-54.6,500,1114.026106
27.2,500,1114.082559
-22.6,500,1114.138094
-57.4,500,1114.42412
-19.3,500,1114.479979
-25.4,500,1114.53716
-47.2,500,1114.593342
-47.4,500,1114.878699
-24.4,500,1114.934525
-25.7,500,1114.991715
-49.5,500,1115.047863
-31.9,500,1115.333543
-23.7,500,1115.390761
-23.7,500,1115.446698
-52.6,500,1115.503566
-24.2,500,1115.787139
-24.6,500,1115.844877
-22.1,500,1115.900519
-20.3,500,1115.995774
-23.1,500,1116.282437
-24.3,500,1116.339028
-51.3,500,1116.3962
-49.1,500,1116.451519
-24.2,500,1116.736748
-28.1,500,1116.793709
-19.9,500,1116.849647
-19.5,500,1116.906146
-23.6,500,1117.190858
-35.2,500,1117.248439
-22.0,500,1117.304637
-52.3,500,1117.361692
-19.8,500,1117.647058
-23.5,500,1117.703305
-18.8,500,1117.760202
-24.7,500,1117.815894
-21.5,500,1118.100776
-18.4,500,1118.156861
-24.9,500,1118.214262
-18.3,500,1118.26993
-17.4,500,1118.326965
-17.7,500,1118.610439
-48.2,500,1118.667324
-24.7,500,1118.72354
-24.5,500,1118.779861
-18.9,500,1119.06755
-18.4,500,1119.123558
-22.6,500,1119.18042
-15.3,500,1119.236509
-21.6,500,1119.521741
-50.6,500,1119.57735
-24.5,500,1119.634422
25.6,500,1119.689337
-24.8,500,1119.974911
-19.5,500,1120.031
-26.9,500,1120.086956
-26.0,500,1120.142969
-21.7,500,1120.427588
-21.1,500,1120.485419
-23.6,500,1120.541332
26.6,500,1120.598048
-25.0,500,1120.882597
-26.0,500,1120.940706
-49.6,500,1120.996644
-27.6,500,1121.053694
-25.2,500,1121.338348
-21.9,500,1121.394575
-25.9,500,1121.451464
-15.5,500,1121.507301
-19.7,500,1121.792403
-26.4,500,1121.848589
-25.1,500,1121.90559
-26.1,500,1121.961368
-49.6,500,1122.246925
-26.0,500,1122.304463
-23.3,500,1122.360407
-28.4,500,1122.417159
-51.6,500,1122.701912
-21.4,500,1122.759529
-19.1,500,1122.815566
-53.7,500,1122.872668
-26.5,500,1123.156912
-23.7,500,1123.21353
-18.9,500,1123.269726
-49.6,500,1123.326205
-24.5,500,1123.383157
-26.9,500,1123.667377
-24.6,500,1123.724573
-22.5,500,1123.780623
-25.1,500,1123.837491
-22.9,500,1124.123478
-27.4,500,1124.180276
-19.7,500,1124.235594
-21.0,500,1124.292236
-23.3,500,1124.576077
-20.4,500,1124.633253
-18.2,500,1124.689308
-52.3,500,1124.745974
-24.0,500,1125.030352
-57.3,500,1125.086908
-24.8,500,1125.1439
-24.7,500,1125.19994
-27.5,500,1125.484745
-46.7,500,1125.540271
-21.6,500,1125.597424
-50.9,500,1125.654259
-17.7,500,1125.939664
-13.5,500,1125.996147
-22.4,500,1126.05301
-22.9,500,1126.11005
-48.3,500,1126.393893
-24.8,500,1126.451265
-25.5,500,1126.507851
-49.3,500,1126.56492
-29.5,500,1126.848911
-22.6,500,1126.906342
-46.3,500,1126.962213
-21.1,500,1127.019985
-24.0,500,1127.304364
-22.1,500,1127.360669
-24.2,500,1127.417569
-22.7,500,1127.473627
-50.4,500,1127.758636
-24.2,500,1127.814263
-52.9,500,1127.871261
-53.0,500,1127.927189
-49.9,500,1127.983821
-21.5,500,1128.267963
-25.7,500,1128.324595
-51.8,500,1128.379827
-25.1,500,1128.437203
-23.6,500,1128.722866
-25.5,500,1128.779091
-22.7,500,1128.835901
-51.3,500,1128.89216
-26.1,500,1129.178706
-51.1,500,1129.235127
-19.7,500,1129.292583
-23.1,500,1129.348736
-22.1,500,1129.63464
-21.9,500,1129.690634
-57.7,500,1129.748402
-17.0,500,1129.805014
-46.9,500,1130.089944
-21.8,500,1130.146953
-22.6,500,1130.203178
-54.8,500,1130.260445
-20.4,500,1130.544985
-27.3,500,1130.602062
-23.8,500,1130.657781
-21.4,500,1130.714513
-25.6,500,1130.998898
-20.4,500,1131.056284
-45.2,500,1131.112784
-21.6,500,1131.169439
-18.6,500,1131.454554
-8.0,500,1131.509923
-52.8,500,1131.567021
-56.3,500,1131.623074
-49.6,500,1131.907866
-31.2,500,1131.964318
-47.4,500,1132.021461
-57.3,500,1132.077222
-26.1,500,1132.3627
-18.2,500,1132.419139
-25.5,500,1132.47521
-27.5,500,1132.532281
-25.5,500,1132.587895
-23.3,500,1132.872893
-48.0,500,1132.929264
-22.0,500,1132.986455
-48.8,500,1133.042495
-52.1,500,1133.328172
-25.4,500,1133.385519
-20.5,500,1133.442134
-50.9,500,1133.499543
-21.4,500,1133.783951
-20.0,500,1133.841141
-23.3,500,1133.897117
-23.5,500,1133.95455
-25.8,500,1134.239299
-52.6,500,1134.296704
-22.4,500,1134.352816
-26.5,500,1134.41004
-23.8,500,1134.694195
-49.0,500,1134.750585
-19.9,500,1134.807726
-24.0,500,1134.863957
-24.5,500,1135.148516
-20.1,500,1135.204298
-22.5,500,1135.26062
-52.1,500,1135.316309
-20.4,500,1135.602733
-30.5,500,1135.65906
-21.7,500,1135.716341
-23.2,500,1135.772144
-18.9,500,1136.057647
-25.6,500,1136.114289
-25.5,500,1136.17003
-24.4,500,1136.226623
-27.6,500,1136.511198
-26.8,500,1136.56854
-50.4,500,1136.624021
-20.9,500,1136.681021
-51.9,500,1136.965109
-51.1,500,1137.022241
-19.8,500,1137.07709
-20.4,500,1137.134038
-26.7,500,1137.418764
-25.5,500,1137.475254
-26.8,500,1137.53208
-25.4,500,1137.588325
-20.1,500,1137.645127
-24.1,500,1137.928549
-23.5,500,1137.985335
-24.5,500,1138.040892
-19.7,500,1138.097933
-13.5,500,1138.381248
-21.9,500,1138.438438
-51.1,500,1138.494417
-17.2,500,1138.55096
-22.2,500,1138.836731
-43.1,500,1138.893543
-21.7,500,1138.951138
-19.3,500,1139.006462
-23.9,500,1139.290667
-16.4,500,1139.346198
-21.1,500,1139.403661
-24.3,500,1139.459248
-25.8,500,1139.744434
-19.8,500,1139.801786
21.6,500,1139.858012
-20.5,500,1139.914779
-24.0,500,1140.198479
-23.1,500,1140.255134
-19.4,500,1140.311135
-23.1,500,1140.368032
-31.9,500,1140.65201
-22.1,500,1140.709614
-28.0,500,1140.765704
-51.3,500,1140.823222
-25.9,500,1141.107694
-23.7,500,1141.163954
-17.9,500,1141.220225
-52.7,500,1141.275902
-23.8,500,1141.561001
-18.7,500,1141.616889
-48.2,500,1141.674561
-55.4,500,1141.730492
24.8,500,1142.015748
-19.4,500,1142.073045
-25.5,500,1142.129668
-26.5,500,1142.186565
-19.7,500,1142.242314
-26.0,500,1142.569388
-21.1,500,1142.627159
-49.5,500,1142.682863
-26.0,500,1142.739122
0.9,500,1143.023287
-23.1,500,1143.080585
-24.8,500,1143.136192
-51.6,500,1143.193258
-18.6,500,1143.478996
-24.7,500,1143.535572
-26.2,500,1143.591865
-24.6,500,1143.647509
-25.9,500,1143.933343
-22.7,500,1143.989617
-23.8,500,1144.04626
-25.8,500,1144.103425
-48.4,500,1144.389598
-15.4,500,1144.446258
-20.0,500,1144.50322
-19.7,500,1144.560083
-27.4,500,1144.844808
-50.4,500,1144.901666
-26.0,500,1144.958004
2.7,500,1145.014727
-26.0,500,1145.298534
-25.6,500,1145.355987
-19.2,500,1145.412224
-17.6,500,1145.468874
-26.0,500,1145.753231
-19.3,500,1145.809767
-3.4,500,1145.866845
-20.0,500,1145.922948
-19.9,500,1146.208774
-28.8,500,1146.264767
-48.6,500,1146.321945
-54.7,500,1146.377678
-24.6,500,1146.662872
-20.8,500,1146.719069
-47.1,500,1146.77649
-55.9,500,1146.83394
-21.1,500,1147.118859
-49.9,500,1147.179532
-24.5,500,1147.235382
-20.2,500,1147.292042
-24.0,500,1147.347489
-21.0,500,1147.632225
-50.1,500,1147.688289
-22.7,500,1147.744999
-16.2,500,1147.800979
-25.4,500,1148.085616
-16.0,500,1148.142347
-13.5,500,1148.198015
-19.7,500,1148.25438
-21.6,500,1148.538155
1.9,500,1148.595019
-23.9,500,1148.651076
-19.2,500,1148.708231
-25.3,500,1148.994711
-23.7,500,1149.052307
2.8,500,1149.107942
-26.3,500,1149.164771
-23.0,500,1149.45021
-21.7,500,1149.506322
-43.3,500,1149.562844
-21.0,500,1149.618776
-22.6,500,1149.904221
-22.3,500,1149.960179
-52.2,500,1150.017514
-21.0,500,1150.073155
20.6,500,1150.35809
-47.2,500,1150.414379
-52.6,500,1150.471451
-24.4,500,1150.527545
-51.1,500,1150.812302
-23.5,500,1150.868411
-21.3,500,1150.925395
-18.4,500,1150.98047
-19.4,500,1151.265868
-20.6,500,1151.323154
-47.0,500,1151.379253
-46.9,500,1151.435813
-56.2,500,1151.719986
-24.7,500,1151.777378
2.6,500,1151.833797
-58.4,500,1151.891483
-24.2,500,1151.947706
-14.4,500,1152.233717
-50.8,500,1152.289982
-18.9,500,1152.346884
-23.2,500,1152.402706
-49.9,500,1152.688391
-52.7,500,1152.745857
-24.2,500,1152.801723
-22.2,500,1152.85858
-21.8,500,1153.143034
-23.7,500,1153.20034
-53.6,500,1153.256331
-18.6,500,1153.313188
-22.4,500,1153.598907
-30.6,500,1153.654987
-44.0,500,1153.711802
-28.0,500,1153.767619
-27.3,500,1154.055199
-20.6,500,1154.1107
-24.0,500,1154.167711
-23.4,500,1154.223122
-23.1,500,1154.50854
-19.5,500,1154.564403
-20.5,500,1154.6219
-23.7,500,1154.678788
-23.1,500,1154.962846
-20.5,500,1155.019681
-23.9,500,1155.076257
-21.0,500,1155.132921
-17.7,500,1155.416558
-21.1,500,1155.47368
-22.7,500,1155.529825
-51.1,500,1155.587428
-25.2,500,1155.871598
-25.6,500,1155.929674
-26.1,500,1155.992234
28.4,500,1156.056435
-23.0,500,1156.369639
-51.7,500,1156.432486
-23.3,500,1156.495056
-23.4,500,1156.553715
-23.4,500,1156.61825
-19.1,500,1156.905562
-53.5,500,1156.962352
-24.3,500,1157.017873
-24.7,500,1157.074684
-12.5,500,1157.360392
-19.1,500,1157.417505
-27.3,500,1157.473507
-23.8,500,1157.530949
-27.3,500,1157.818938
-16.6,500,1157.886496
-23.5,500,1157.94479
-46.7,500,1158.001225
-16.8,500,1158.288099
-26.8,500,1158.344369
-21.6,500,1158.40111
-19.8,500,1158.457146
-64.0,500,1158.74292
-24.7,500,1158.798754
-23.5,500,1158.855649
-21.1,500,1158.911609
-24.2,500,1159.198784
-26.9,500,1159.255487
-18.7,500,1159.311044
24.5,500,1159.367243
-24.2,500,1159.652145
-26.1,500,1159.709551
-20.8,500,1159.764838
-24.3,500,1159.821891
-25.7,500,1160.107649
-25.6,500,1160.16429
-25.3,500,1160.220235
-20.2,500,1160.276988
-21.7,500,1160.561
-30.3,500,1160.618011
-25.0,500,1160.674742
-68.3,500,1160.731226
-23.3,500,1161.015871
-69.3,500,1161.072346
-23.3,500,1161.128984
-21.4,500,1161.185296
24.2,500,1161.472099
-23.9,500,1161.528097
-25.4,500,1161.585115
-21.6,500,1161.640949
-25.6,500,1161.697349
-19.6,500,1161.983852
-52.0,500,1162.040466
-24.5,500,1162.097422
-14.2,500,1162.153314
-23.4,500,1162.439303
-51.9,500,1162.495369
8.0,500,1162.552888
-24.1,500,1162.608658
-23.4,500,1162.893508
-24.6,500,1162.948915
-51.2,500,1163.00599
-28.2,500,1163.061897
-20.6,500,1163.34726
-19.6,500,1163.403144
-19.1,500,1163.460504
-20.8,500,1163.517036
-29.0,500,1163.802065
-22.6,500,1163.859257
-27.1,500,1163.915788
-20.9,500,1163.973916
-19.0,500,1164.260179
-47.1,500,1164.317509
-24.6,500,1164.374682
-50.3,500,1164.430921
-22.5,500,1164.716322
-3.1,500,1164.772603
-23.2,500,1164.829659
-23.9,500,1164.885859
-25.5,500,1165.171432
-18.9,500,1165.227394
-21.2,500,1165.284034
-22.1,500,1165.340098
-50.8,500,1165.626078
-19.6,500,1165.682546
-25.9,500,1165.738371
-56.2,500,1165.795565
-18.7,500,1166.080148
-51.8,500,1166.137574
18.2,500,1166.193399
-49.8,500,1166.250491
-28.2,500,1166.306582
-26.7,500,1166.591411
-14.9,500,1166.647028
-22.4,500,1166.704125
-23.1,500,1166.761013
-23.9,500,1167.045799
-46.8,500,1167.102001
-50.8,500,1167.158206
-47.7,500,1167.215014
-25.6,500,1167.500086
-51.0,500,1167.55739
-53.0,500,1167.613446
-21.9,500,1167.670073
-19.8,500,1167.955049
-23.5,500,1168.011653
-21.2,500,1168.067967
-44.8,500,1168.124137
-22.0,500,1168.451035
-50.2,500,1168.508122
-54.6,500,1168.56454
-50.0,500,1168.621161
-18.5,500,1168.905719
-21.5,500,1168.963902
-23.0,500,1169.019893
-21.4,500,1169.077817
23.5,500,1169.364352
-24.3,500,1169.420721
-21.6,500,1169.477551
-50.7,500,1169.533654
-23.1,500,1169.819038
-18.8,500,1169.875368
-51.1,500,1169.932831
-23.0,500,1169.988544
-19.6,500,1170.274365
-23.4,500,1170.331564
-23.9,500,1170.387759
-22.1,500,1170.444827
20.7,500,1170.729148
-49.2,500,1170.786657
16.4,500,1170.842509
-52.0,500,1170.899613
-23.7,500,1171.183399
-25.4,500,1171.240832
-30.4,500,1171.296198
-27.0,500,1171.352774
-26.1,500,1171.409022
-21.2,500,1171.693239
-21.0,500,1171.749919
-49.8,500,1171.806148
-53.7,500,1171.863405
-22.5,500,1172.147572
-23.8,500,1172.204631
-21.4,500,1172.259806
-50.8,500,1172.316937
-26.4,500,1172.602059
-26.0,500,1172.658272
-20.2,500,1172.713659
-48.4,500,1172.769317
-22.5,500,1173.054211
-15.7,500,1173.110084
-50.4,500,1173.166985
-19.0,500,1173.223035
-23.6,500,1173.506776
-24.2,500,1173.562751
-23.9,500,1173.619477
-26.0,500,1173.675847
-51.6,500,1173.96245
-21.1,500,1174.018395
-20.1,500,1174.074746
-53.0,500,1174.131125
-22.2,500,1174.416803
-23.9,500,1174.474318
-25.3,500,1174.53092
-22.3,500,1174.587723
-23.0,500,1174.872275
-19.0,500,1174.92921
-20.0,500,1174.984932
-25.2,500,1175.041719
-21.1,500,1175.325494
-20.1,500,1175.383069
-23.9,500,1175.438751
-52.4,500,1175.49642
-45.7,500,1175.780134
-25.3,500,1175.837245
-25.1,500,1175.893042
-31.3,500,1175.949972
-33.1,500,1176.006471
-18.5,500,1176.290591
-24.7,500,1176.347827
-20.9,500,1176.403371
-23.7,500,1176.460299
-47.8,500,1176.746161
-22.4,500,1176.805868
-21.3,500,1176.861658
-29.8,500,1176.918893
-54.2,500,1177.207111
-21.3,500,1177.262868
-25.4,500,1177.319621
-20.5,500,1177.375723
-47.1,500,1177.663939
-25.7,500,1177.719322
-19.9,500,1177.776433
-24.2,500,1177.832434
-54.3,500,1178.118506
-46.7,500,1178.175546
-23.8,500,1178.231276
-49.2,500,1178.288219
-21.1,500,1178.572387
-47.5,500,1178.629844
-23.4,500,1178.685724
-23.6,500,1178.742152
-23.9,500,1179.028505
-49.5,500,1179.084961
-52.5,500,1179.142193
-26.9,500,1179.198249
-24.4,500,1179.483179
-20.9,500,1179.5401
-54.8,500,1179.597462
-18.0,500,1179.653086
-27.5,500,1179.937679
-23.8,500,1179.99348
-54.0,500,1180.050813
-25.9,500,1180.107629
-25.5,500,1180.391319
-19.8,500,1180.448032
24.0,500,1180.503713
-24.1,500,1180.560372
-13.1,500,1180.844505
-50.4,500,1180.901789
-1.7,500,1180.958093
-20.0,500,1181.014848
-49.1,500,1181.070409
-64.1,500,1181.35589
-24.7,500,1181.412011
-23.9,500,1181.469115
-27.6,500,1181.524469
-59.3,500,1181.809554
-25.9,500,1181.865581
-58.6,500,1181.923023
-22.9,500,1181.978789
-25.5,500,1182.264312
-18.7,500,1182.320505
-23.8,500,1182.377046
-23.7,500,1182.433576
-25.3,500,1182.718257
-27.8,500,1182.775616
-24.9,500,1182.831667
-21.1,500,1182.888838
-30.2,500,1183.174063
-19.5,500,1183.23152
-19.9,500,1183.287153
-29.5,500,1183.344052
-52.3,500,1183.629551
-23.7,500,1183.685979
-51.3,500,1183.743578
-18.6,500,1183.799666
-49.5,500,1184.087466
-25.2,500,1184.143231
-51.3,500,1184.200763
-24.5,500,1184.256587
3.2,500,1184.542158
-20.4,500,1184.598255
-27.9,500,1184.655241
-23.0,500,1184.71146
-24.5,500,1184.995813
-28.4,500,1185.053216
-51.4,500,1185.109361
-15.1,500,1185.166141
-24.7,500,1185.450245
-49.5,500,1185.507387
-24.5,500,1185.563887
-51.1,500,1185.621498
-53.1,500,1185.677497
-51.4,500,1185.962018
-22.4,500,1186.019222
-23.8,500,1186.075892
-48.2,500,1186.134981
-25.2,500,1186.419402
-53.2,500,1186.476633
-24.7,500,1186.531667
-18.3,500,1186.588033
-23.6,500,1186.877731
-23.2,500,1186.933654
-27.2,500,1186.990729
-19.0,500,1187.046921
-16.7,500,1187.33227
1.6,500,1187.387636
-17.8,500,1187.44493
-24.1,500,1187.500162
-26.1,500,1187.784817
-22.8,500,1187.841111
-26.4,500,1187.89704
-25.4,500,1187.953267
-49.5,500,1188.237599
-25.0,500,1188.295189
-24.9,500,1188.351518
-54.3,500,1188.408594
-25.3,500,1188.692419
-21.8,500,1188.749922
-22.8,500,1188.805501
-23.0,500,1188.862377
-21.7,500,1189.149256
-23.8,500,1189.20464
-55.6,500,1189.262325
-24.0,500,1189.318838
-25.8,500,1189.603613
-11.0,500,1189.660095
-23.2,500,1189.717536
-48.9,500,1189.773087
-22.5,500,1190.059129
-25.8,500,1190.115052
-24.6,500,1190.171297
-20.3,500,1190.227431
-25.7,500,1190.28445
-46.9,500,1190.569764
-48.6,500,1190.626295
-23.0,500,1190.683091
-24.6,500,1190.739089
-53.5,500,1191.024862
-19.7,500,1191.081205
-55.1,500,1191.138231
-25.1,500,1191.194277
-25.3,500,1191.479884
-51.2,500,1191.536399
-24.8,500,1191.593797
-19.7,500,1191.649182
-28.3,500,1191.934279
-27.5,500,1191.991439
-25.6,500,1192.048225
-27.6,500,1192.104714
-20.6,500,1192.388971
-27.6,500,1192.446394
30.5,500,1192.5019
-51.4,500,1192.559041
-53.0,500,1192.844048
-24.3,500,1192.900408
-16.8,500,1192.956849
-22.4,500,1193.012677
-26.4,500,1193.298508
-26.1,500,1193.354438
-22.9,500,1193.411889
-25.4,500,1193.467745
-24.1,500,1193.753088
-19.6,500,1193.808433
5.7,500,1193.8651
-23.8,500,1193.921712
-29.7,500,1194.20879
-22.9,500,1194.270171
-26.0,500,1194.365339
-21.4,500,1194.420744
-18.8,500,1194.706142
-23.0,500,1194.762677
-22.5,500,1194.819655
-23.3,500,1194.87537
-27.1,500,1195.159808
-53.3,500,1195.215831
1.9,500,1195.272956
-24.6,500,1195.328446
-49.5,500,1195.385139
-17.2,500,1195.668576
-24.7,500,1195.72627
-22.8,500,1195.782343
-28.6,500,1195.838512
-27.1,500,1196.124147
-51.8,500,1196.180003
-49.7,500,1196.236935
-22.2,500,1196.292646
-24.3,500,1196.577751
-22.3,500,1196.633642
-21.8,500,1196.690138
-22.1,500,1196.745763
-25.0,500,1197.030081
-26.0,500,1197.086612
-24.8,500,1197.142274
-29.7,500,1197.199588
-20.1,500,1197.483859
-51.5,500,1197.54045
-27.4,500,1197.596532
-21.5,500,1197.652963
-28.5,500,1197.937157
-20.1,500,1197.994555
-25.2,500,1198.050959
-20.3,500,1198.10785
-48.7,500,1198.392927
-24.1,500,1198.448638
-22.1,500,1198.504525
-54.8,500,1198.559792
-22.0,500,1198.844257
1.3,500,1198.90014
-51.1,500,1198.957956
-31.8,500,1199.014664
-48.9,500,1199.300137
-23.7,500,1199.357342
-20.5,500,1199.413557
-24.8,500,1199.470228
-24.8,500,1199.75434
-21.9,500,1199.811535
-50.8,500,1199.867987
-27.7,500,1199.924892
-23.7,500,1199.979824
-48.0,500,1200.26507
-51.8,500,1200.322208
-25.2,500,1200.3795
-22.7,500,1200.434793
-22.9,500,1200.719296
-23.0,500,1200.775702
-24.7,500,1200.831569
-24.6,500,1200.888246
-22.0,500,1201.172925
-23.0,500,1201.229126
-25.5,500,1201.285856
-50.4,500,1201.34311
-30.1,500,1201.627363
-48.8,500,1201.684618
-47.9,500,1201.740864
-24.9,500,1201.798057
-25.9,500,1202.083623
-24.7,500,1202.141121
-28.7,500,1202.197924
-20.7,500,1202.25414
-48.0,500,1202.539831
-23.3,500,1202.596207
-22.2,500,1202.65327
-19.2,500,1202.709226
-24.2,500,1202.994083
-22.6,500,1203.050599
24.7,500,1203.107416
-25.0,500,1203.164015
-54.0,500,1203.448973
-25.8,500,1203.505939
-19.1,500,1203.562025
-22.0,500,1203.619006
-25.7,500,1203.902504
-21.9,500,1203.960108
-50.9,500,1204.016871
-19.2,500,1204.074133
-22.5,500,1204.359233
-17.6,500,1204.415459
-22.8,500,1204.472655
-24.6,500,1204.528057
-48.7,500,1204.812935
-26.2,500,1204.869635
-23.0,500,1204.927037
-24.2,500,1204.982497
-55.8,500,1205.039637
-50.5,500,1205.324042
-47.4,500,1205.38133
-50.0,500,1205.437488
-48.8,500,1205.494945
1.1,500,1205.779771
-23.9,500,1205.836377
-51.9,500,1205.893359
-21.9,500,1205.949868
-21.9,500,1206.234982
-56.0,500,1206.291144
-24.8,500,1206.347936
-48.4,500,1206.404181
-28.3,500,1206.690415
-24.3,500,1206.746497
-23.1,500,1206.803891
-27.4,500,1206.860903
-23.3,500,1207.145436
-23.8,500,1207.202419
-23.7,500,1207.2585
-15.3,500,1207.314909
-28.0,500,1207.599832
-21.0,500,1207.656897
-49.5,500,1207.713141
-18.1,500,1207.769916
-63.3,500,1208.054707
-28.6,500,1208.110473
-19.3,500,1208.166681
8.6,500,1208.222536
-25.3,500,1208.506824
-27.9,500,1208.563421
-25.0,500,1208.620794
-20.1,500,1208.676211
-21.7,500,1208.962094
-21.1,500,1209.019081
-18.2,500,1209.076712
-29.0,500,1209.13222
-51.6,500,1209.416715
-20.6,500,1209.474082
-23.3,500,1209.529656
-22.4,500,1209.585956
-18.8,500,1209.642082
-18.5,500,1209.926397
-15.6,500,1209.981583
-26.6,500,1210.03889
-25.8,500,1210.095037
-24.7,500,1210.37995
-24.0,500,1210.436461
-17.5,500,1210.492074
-48.4,500,1210.548705
-48.1,500,1210.833221
-28.7,500,1210.890374
-25.2,500,1210.94586
-46.7,500,1211.002576
-24.0,500,1211.286931
-25.6,500,1211.344308
-20.0,500,1211.399711
-24.4,500,1211.456701
-48.8,500,1211.740903
-21.9,500,1211.797463
-46.1,500,1211.854429
-46.1,500,1211.910864
-21.0,500,1212.195707
-54.1,500,1212.252562
-22.3,500,1212.309027
-23.7,500,1212.364789
-24.4,500,1212.65039
-25.2,500,1212.707089
-25.1,500,1212.764029
-23.5,500,1212.81958
-24.3,500,1213.105374
4.6,500,1213.163119
-22.4,500,1213.219048
-28.7,500,1213.275861
-20.7,500,1213.559995
-51.5,500,1213.617616
-27.3,500,1213.673504
-22.6,500,1213.730623
-53.4,500,1214.017861
-49.7,500,1214.075078
-21.1,500,1214.132294
-26.0,500,1214.188468
-22.8,500,1214.245222
-24.4,500,1214.529342
-57.4,500,1214.58636
-22.5,500,1214.642331
1.7,500,1214.699002
-22.0,500,1214.982237
-26.2,500,1215.039242
-25.9,500,1215.095972
-24.6,500,1215.152099
-29.1,500,1215.436949
-26.5,500,1215.493093
-19.9,500,1215.550219
-22.2,500,1215.605713
-49.8,500,1215.891086
-21.9,500,1215.94712
-50.4,500,1216.00408
-20.1,500,1216.060174
-25.6,500,1216.345114
-51.0,500,1216.402529
-26.8,500,1216.458636
-20.4,500,1216.514975
-20.1,500,1216.799525
-23.9,500,1216.856954
-23.1,500,1216.912843
-25.0,500,1216.969423
-24.4,500,1217.253384
-18.5,500,1217.310557
-28.4,500,1217.36648
-23.3,500,1217.423682
-23.0,500,1217.708926
-23.7,500,1217.765358
-51.5,500,1217.823002
-24.2,500,1217.879215
-49.1,500,1218.165334
-21.6,500,1218.221596
-51.9,500,1218.278998
-49.5,500,1218.33523
-51.2,500,1218.619567
-21.5,500,1218.677042
-23.5,500,1218.733458
-20.9,500,1218.79012
-24.0,500,1219.075849
-19.2,500,1219.132838
-22.5,500,1219.188788
-24.3,500,1219.246159
-21.6,500,1219.30202
-21.1,500,1219.586403
-22.9,500,1219.642202
-20.7,500,1219.731167
-26.7,500,1219.788204
-24.8,500,1220.072718
-23.6,500,1220.130092
-23.3,500,1220.186355
-25.8,500,1220.243493
-26.1,500,1220.528552
-52.5,500,1220.584302
-28.0,500,1220.640675
19.9,500,1220.696208
-23.3,500,1220.980157
-22.5,500,1221.035577
-24.4,500,1221.092863
-24.2,500,1221.148255
-24.2,500,1221.432894
-23.2,500,1221.489428
-19.4,500,1221.545101
-26.1,500,1221.602177
-21.6,500,1221.885463
-22.8,500,1221.942278
-25.8,500,1221.998049
-26.8,500,1222.055373
-54.8,500,1222.339666
-24.5,500,1222.397319
-20.9,500,1222.452414
-21.6,500,1222.509353
-19.5,500,1222.794598
-22.4,500,1222.851117
-25.5,500,1222.908348
-50.0,500,1222.964834
21.1,500,1223.249629
-23.5,500,1223.306068
-17.6,500,1223.363341
-26.3,500,1223.418504
-49.1,500,1223.703747
-26.2,500,1223.759894
-19.6,500,1223.816747
-24.5,500,1223.873313
-21.2,500,1223.929411
-25.5,500,1224.217029
-21.2,500,1224.272843
-22.8,500,1224.329503
-21.8,500,1224.385524
-27.0,500,1224.671397
-25.3,500,1224.727494
17.0,500,1224.783584
-31.7,500,1224.840265
-25.9,500,1225.12429
-19.6,500,1225.18094
-23.6,500,1225.236815
-25.4,500,1225.293392
-25.1,500,1225.577692
-24.2,500,1225.634931
-24.4,500,1225.690061
-22.0,500,1225.746438
-22.9,500,1226.030258
-23.8,500,1226.087191
-21.7,500,1226.144454
16.4,500,1226.199795
6.9,500,1226.484666
-49.4,500,1226.541666
-60.9,500,1226.599057
-28.2,500,1226.65503
-25.7,500,1226.940141
-21.1,500,1226.996329
-50.1,500,1227.05376
-19.2,500,1227.109755
-21.7,500,1227.392437
-17.9,500,1227.449273
-29.2,500,1227.505464
-47.0,500,1227.563087
-48.7,500,1227.847664
-23.7,500,1227.90518
-23.0,500,1227.961614
-23.7,500,1228.018282
-20.6,500,1228.302631
-21.7,500,1228.359942
-48.9,500,1228.417026
-52.2,500,1228.473264
-26.9,500,1228.757651
-21.4,500,1228.814322
-19.3,500,1228.871243
-21.0,500,1228.926293
-20.3,500,1228.982939
-52.1,500,1229.268377
-20.8,500,1229.32553
-53.1,500,1229.381534
-19.2,500,1229.438099
-22.2,500,1229.722888
-26.4,500,1229.779516
-48.7,500,1229.836426
-22.6,500,1229.892563
-49.4,500,1230.177366
-17.5,500,1230.232885
-24.2,500,1230.290059
-23.1,500,1230.345567
-21.7,500,1230.630355
-20.5,500,1230.685968
-22.8,500,1230.742712
-17.4,500,1230.798467
-23.5,500,1231.083707
-27.9,500,1231.141002
-25.4,500,1231.1967
-24.8,500,1231.253402
-50.2,500,1231.537762
-22.2,500,1231.595193
-50.4,500,1231.651379
-54.6,500,1231.708502
-23.3,500,1231.992514
-18.7,500,1232.048562
-25.6,500,1232.103789
-27.0,500,1232.160193
-52.6,500,1232.445258
-21.8,500,1232.50151
-22.6,500,1232.559199
-22.9,500,1232.614898
-51.8,500,1232.899937
-26.1,500,1232.956623
-21.4,500,1233.014267
-17.9,500,1233.07051
-48.9,500,1233.355955
-50.0,500,1233.413295
-22.8,500,1233.469546
-20.7,500,1233.52699
-7.7,500,1233.583346
-24.1,500,1233.869891
-18.4,500,1233.926388
-23.1,500,1233.983004
-23.7,500,1234.039899
-23.2,500,1234.325071
-23.9,500,1234.381636
-48.6,500,1234.439506
-25.1,500,1234.496163
-46.9,500,1234.780812
-25.4,500,1234.838511
-52.4,500,1234.894572
-20.4,500,1234.951855
-18.0,500,1235.235683
-21.5,500,1235.292002
-51.0,500,1235.348023
-19.0,500,1235.405352
-22.5,500,1235.69042
-19.5,500,1235.746794
-51.6,500,1235.803577
-22.0,500,1235.859971
-27.5,500,1236.145568
-15.9,500,1236.200894
-19.9,500,1236.258285
-21.5,500,1236.314589
-22.9,500,1236.599842
8.0,500,1236.657464
-48.3,500,1236.713778
-20.3,500,1236.770716
-48.5,500,1237.054947
-51.2,500,1237.112259
-58.7,500,1237.167697
-21.2,500,1237.224399
-23.1,500,1237.507896
-50.5,500,1237.565081
-23.7,500,1237.621601
-50.6,500,1237.678537
-23.9,500,1237.963551
-19.0,500,1238.019391
-24.2,500,1238.077712
-26.4,500,1238.136267
-21.3,500,1238.426596
-21.2,500,1238.482479
-20.9,500,1238.539214
-14.0,500,1238.595447
-19.6,500,1238.652011
-52.7,500,1238.935842
-23.8,500,1238.991758
-1.4,500,1239.048536
-27.8,500,1239.104347
-19.4,500,1239.389936
-49.8,500,1239.445875
-51.9,500,1239.502672
-55.3,500,1239.558669
-20.3,500,1239.844026
-20.3,500,1239.900683
-15.8,500,1239.956651
-22.5,500,1240.012829
-50.3,500,1240.297763
16.9,500,1240.354674
-56.0,500,1240.410711
-22.9,500,1240.467867
-22.8,500,1240.750838
-26.4,500,1240.808416
-53.1,500,1240.86453
-19.4,500,1240.921255
-20.9,500,1241.206401
-21.3,500,1241.26318
-47.3,500,1241.319962
5.3,500,1241.375662
-23.1,500,1241.6613
22.8,500,1241.71747
-48.7,500,1241.774298
-23.9,500,1241.830665
-26.4,500,1242.115703
-23.8,500,1242.170851
-19.9,500,1242.228203
-22.4,500,1242.283808
-20.3,500,1242.568386
-22.5,500,1242.625054
-27.5,500,1242.681298
-21.7,500,1242.737863
-25.5,500,1243.022351
-19.8,500,1243.079593
-48.6,500,1243.135506
-19.6,500,1243.19287
-20.6,500,1243.248643
-18.0,500,1243.533821
-20.2,500,1243.590449
-50.1,500,1243.646487
-22.4,500,1243.703395
-17.4,500,1243.987807
-22.4,500,1244.045879
-10.8,500,1244.101077
22.0,500,1244.15735
-25.2,500,1244.441635
-22.0,500,1244.498505
-50.7,500,1244.55409
-26.1,500,1244.61133
-55.8,500,1244.895769
-50.0,500,1244.953478
-25.0,500,1245.010473
-47.8,500,1245.067495
-55.3,500,1245.399199
-19.8,500,1245.455613
-23.8,500,1245.511424
-22.4,500,1245.567917
-22.6,500,1245.851292
-28.0,500,1245.908871
-54.2,500,1245.96448
-26.4,500,1246.02094
-20.6,500,1246.306016
-21.8,500,1246.362607
-25.4,500,1246.419444
-20.8,500,1246.475784
-19.4,500,1246.759787
-50.0,500,1246.815943
-47.7,500,1246.872864
-23.9,500,1246.928745
-28.7,500,1247.21457
-25.4,500,1247.270454
-20.8,500,1247.327056
-21.5,500,1247.383499
-23.9,500,1247.667915
-23.1,500,1247.723217
-25.7,500,1247.78063
-24.5,500,1247.836407
-21.5,500,1247.89299
2.8,500,1248.178661
-16.1,500,1248.234469
-27.3,500,1248.291607
-22.8,500,1248.347739
-21.3,500,1248.63206
2.0,500,1248.68673
-25.5,500,1248.743391
-26.5,500,1248.799445
-23.0,500,1249.085056
-18.8,500,1249.140715
-17.0,500,1249.196983
24.4,500,1249.251712
-25.6,500,1249.536282
-23.2,500,1249.593249
-8.0,500,1249.64949
-52.7,500,1249.706063
-26.0,500,1249.991378
-47.1,500,1250.048687
-17.8,500,1250.104509
-50.7,500,1250.16153
-21.2,500,1250.4456
-23.0,500,1250.50323
-51.3,500,1250.559615
-21.3,500,1250.616473
-25.7,500,1250.901553
-47.2,500,1250.95822
-23.3,500,1251.015075
-22.7,500,1251.070457
-22.7,500,1251.355367
-18.1,500,1251.411511
-24.5,500,1251.468138
-22.2,500,1251.524245
-21.5,500,1251.837011
-21.8,500,1251.90014
22.0,500,1251.95609
-21.7,500,1252.018587
-11.7,500,1252.335163
-24.1,500,1252.391414
-24.6,500,1252.448322
-22.4,500,1252.504441
-23.0,500,1252.792254
-28.4,500,1252.849322
-53.2,500,1252.905553
-21.3,500,1252.962456
-49.7,500,1253.018434
-25.7,500,1253.305066
-45.7,500,1253.36073
-25.7,500,1253.418081
-21.8,500,1253.476566
-22.9,500,1253.776898
-27.2,500,1253.834436
-21.3,500,1253.890509
-19.4,500,1253.94741
-48.0,500,1254.233982
-19.2,500,1254.291308
-25.3,500,1254.347289
-48.5,500,1254.404368
-25.4,500,1254.689579
-24.8,500,1254.745408
-51.4,500,1254.802343
-0.7,500,1254.858431
-22.8,500,1255.142939
-17.9,500,1255.199352
-20.3,500,1255.256104
-24.0,500,1255.312133
-23.9,500,1255.59766
-58.0,500,1255.654563
-50.9,500,1255.711668
-48.2,500,1255.767854
-52.6,500,1256.052471
-51.2,500,1256.109842
-49.4,500,1256.166385
-18.7,500,1256.223763
-27.3,500,1256.508079
-29.7,500,1256.564916
-23.0,500,1256.620583
-23.3,500,1256.677687
-23.1,500,1256.962253
-26.3,500,1257.019453
-47.1,500,1257.077181
-19.3,500,1257.13334
-21.9,500,1257.418669
-19.2,500,1257.474696
22.2,500,1257.530671
-16.2,500,1257.586687
-47.8,500,1257.644108
-23.8,500,1257.92816
-20.6,500,1257.985757
-20.0,500,1258.042673
-25.0,500,1258.098925
-23.3,500,1258.384399
-25.8,500,1258.440841
-22.2,500,1258.497837
-52.3,500,1258.553967
-26.4,500,1258.844684
-24.0,500,1258.900979
-50.1,500,1258.958118
-24.4,500,1259.014604
-49.9,500,1259.301892
-24.4,500,1259.358801
-23.2,500,1259.414271
-50.3,500,1259.471087
-23.7,500,1259.754913
-22.1,500,1259.812362
-21.5,500,1259.868287
-25.5,500,1259.92592
-23.1,500,1260.211096
-49.0,500,1260.268153
-47.4,500,1260.324367
-19.2,500,1260.380595
-27.4,500,1260.666006
-20.6,500,1260.721996
-52.3,500,1260.778699
-20.5,500,1260.833496
-24.3,500,1261.118784
-23.2,500,1261.176275
-20.1,500,1261.233082
-21.0,500,1261.290036
-21.4,500,1261.573865
-50.6,500,1261.631289
-19.4,500,1261.687738
-20.0,500,1261.744983
-24.7,500,1262.029364
-26.6,500,1262.086358
-18.5,500,1262.142616
-24.2,500,1262.199644
-51.8,500,1262.484648
-48.7,500,1262.541557
-27.2,500,1262.598736
-53.6,500,1262.654758
-22.0,500,1262.711636
0.4,500,1262.995339
-23.2,500,1263.052845
-23.9,500,1263.108698
-22.3,500,1263.165095
-25.4,500,1263.4525
-26.4,500,1263.50968
-19.0,500,1263.565115
-46.7,500,1263.622199
-24.3,500,1263.907814
-20.6,500,1263.964603
-52.1,500,1264.023194
-19.5,500,1264.079415
-21.7,500,1264.365628
-52.9,500,1264.421204
-22.0,500,1264.477868
-26.6,500,1264.534341
-26.8,500,1264.819159
-24.3,500,1264.875221
-19.5,500,1264.931508
-52.1,500,1264.988063
-22.1,500,1265.272972
-23.2,500,1265.330187
-23.5,500,1265.385847
-18.5,500,1265.442662
-24.9,500,1265.72718
-22.5,500,1265.784391
-22.0,500,1265.840481
-21.2,500,1265.897894
-23.3,500,1266.18344
-18.9,500,1266.239635
-24.0,500,1266.296807
-51.4,500,1266.353602
-18.9,500,1266.6393
-22.9,500,1266.696057
-23.1,500,1266.753576
-25.3,500,1266.809601
-19.7,500,1267.094941
-18.5,500,1267.151431
-21.7,500,1267.208533
-24.0,500,1267.265132
-23.8,500,1267.321305
-18.7,500,1267.606477
-22.4,500,1267.662569
-51.1,500,1267.719549
-21.0,500,1267.775696
-27.2,500,1268.060635
-24.4,500,1268.116842
-24.3,500,1268.173641
-17.1,500,1268.230107
-53.0,500,1268.516034
-24.5,500,1268.57381
-26.2,500,1268.64495
-26.7,500,1268.786432
-45.4,500,1269.379493
-46.7,500,1269.43552
31.9,500,1269.49212
-28.8,500,1269.548658
-26.9,500,1269.832595
-47.3,500,1269.889963
-25.3,500,1269.945389
-21.7,500,1270.002836
-23.0,500,1270.287769
-21.1,500,1270.344504
-48.0,500,1270.401299
-18.9,500,1270.458269
-50.1,500,1270.742664
-26.2,500,1270.798857
-26.1,500,1270.855639
-49.6,500,1270.911519
-18.7,500,1271.197326
-18.8,500,1271.252894
-49.8,500,1271.30977
-23.1,500,1271.365505
-23.3,500,1271.693393
-25.0,500,1271.750408
-22.0,500,1271.80674
-22.2,500,1271.863466
-49.1,500,1272.148994
-47.7,500,1272.205616
-25.8,500,1272.262153
-48.9,500,1272.318071
-26.5,500,1272.375092
-23.1,500,1272.659176
-22.9,500,1272.716648
-21.4,500,1272.771832
-23.9,500,1272.828224
-18.3,500,1273.11338
-23.9,500,1273.171131
-19.5,500,1273.227674
-20.3,500,1273.284362
-19.7,500,1273.570118
-22.4,500,1273.626675
-52.9,500,1273.684417
-22.0,500,1273.740727
-24.5,500,1274.026482
-28.4,500,1274.083712
-21.3,500,1274.139288
-50.3,500,1274.195423
-29.2,500,1274.480744
21.0,500,1274.537203
-22.6,500,1274.593402
-22.3,500,1274.650153
-22.2,500,1274.933827
-19.8,500,1274.991126
-31.8,500,1275.047047
-23.7,500,1275.104103
-50.3,500,1275.389789
-22.6,500,1275.445811
-18.9,500,1275.502658
-20.8,500,1275.558446
-48.8,500,1275.844129
-24.2,500,1275.900408
-46.4,500,1275.957581
-46.6,500,1276.013719
-26.6,500,1276.299933
-24.1,500,1276.356938
-25.3,500,1276.41332
-15.3,500,1276.469879
-18.6,500,1276.753396
-23.1,500,1276.811152
-21.2,500,1276.867354
-52.3,500,1276.924359
-25.2,500,1277.20895
-22.9,500,1277.266463
-29.9,500,1277.323343
-51.8,500,1277.379539
-22.3,500,1277.435954
-25.0,500,1277.720887
17.7,500,1277.777604
-26.6,500,1277.833312
-47.3,500,1277.890043
-20.7,500,1278.174903
-21.5,500,1278.231062
-25.4,500,1278.286935
-51.4,500,1278.344311
-22.2,500,1278.62962
-25.3,500,1278.686496
-22.1,500,1278.743613
-19.4,500,1278.799761
-22.7,500,1279.087093
-19.1,500,1279.142995
-21.5,500,1279.199591
22.4,500,1279.254415
-28.9,500,1279.539691
-21.5,500,1279.596863
-47.1,500,1279.653078
-49.0,500,1279.709555
-52.2,500,1279.994163
-24.2,500,1280.0516
30.6,500,1280.107271
-25.7,500,1280.164558
-21.6,500,1280.451692
-61.2,500,1280.508636
-24.8,500,1280.563591
-21.6,500,1280.62043
-23.2,500,1280.906843
-23.3,500,1280.963021
-15.9,500,1281.020047
-11.8,500,1281.076311
-21.3,500,1281.361575
-20.0,500,1281.417006
24.5,500,1281.473586
-58.2,500,1281.529811
-55.5,500,1281.817704
-50.7,500,1281.874656
27.2,500,1281.930278
-24.3,500,1281.986586
-23.9,500,1282.042963
-21.4,500,1282.329623
-28.8,500,1282.385617
-21.9,500,1282.442906
-21.1,500,1282.499337
-52.9,500,1282.784973
-14.9,500,1282.840882
-23.5,500,1282.898113
-22.4,500,1282.95493
-16.5,500,1283.239578
30.0,500,1283.296653
-22.6,500,1283.352633
-21.0,500,1283.409082
-24.0,500,1283.692676
-51.1,500,1283.75048
-21.9,500,1283.806699
-21.8,500,1283.86309
-48.2,500,1284.149765
-22.6,500,1284.205971
-31.7,500,1284.261983
-25.8,500,1284.318166
-49.4,500,1284.60381
-54.9,500,1284.660016
-27.3,500,1284.717563
-58.0,500,1284.773586
-23.4,500,1285.05742
-52.0,500,1285.114171
-13.0,500,1285.171411
-47.1,500,1285.227045
-20.1,500,1285.512259
-25.0,500,1285.567807
-49.8,500,1285.624696
-23.9,500,1285.680678
-50.0,500,1285.966018
-24.2,500,1286.023392
-49.5,500,1286.079509
-46.8,500,1286.136196
-23.4,500,1286.420406
-26.2,500,1286.478171
-22.7,500,1286.533671
-52.5,500,1286.591265
-22.9,500,1286.875387
-27.3,500,1286.932524
-51.3,500,1286.989331
-18.5,500,1287.045752
-20.6,500,1287.10262
-21.5,500,1287.387161
-25.7,500,1287.445172
-21.4,500,1287.502011
-23.1,500,1287.559094
-47.1,500,1287.844175
-50.0,500,1287.900893
-22.6,500,1287.957555
-47.0,500,1288.013294
-47.7,500,1288.29959
-24.5,500,1288.355527
24.0,500,1288.411697
-50.5,500,1288.468261
-22.8,500,1288.75217
-23.1,500,1288.80799
-52.4,500,1288.864821
-20.0,500,1288.92079
-20.6,500,1289.208851
-23.5,500,1289.266871
-25.4,500,1289.32362
-24.5,500,1289.380572
-45.9,500,1289.665046
-19.7,500,1289.722465
23.8,500,1289.777858
-19.3,500,1289.83449
-21.9,500,1290.119392
-51.4,500,1290.177611
5.0,500,1290.233785
-2.7,500,1290.290786
-21.9,500,1290.575643
-0.9,500,1290.63098
-25.5,500,1290.687663
-23.3,500,1290.743848
-18.0,500,1291.028932
-3.4,500,1291.085536
-20.6,500,1291.142734
-53.5,500,1291.198581
-21.7,500,1291.484585
-25.7,500,1291.542059
-54.7,500,1291.59814
-58.3,500,1291.65482
-25.8,500,1291.710311
-25.0,500,1291.995177
-49.1,500,1292.052047
-24.4,500,1292.109639
-21.5,500,1292.165502
-19.6,500,1292.450521
-50.5,500,1292.506899
-49.5,500,1292.564465
-46.4,500,1292.619898
-23.8,500,1292.904202
-46.5,500,1292.961318
-22.7,500,1293.017791
-46.4,500,1293.075576
-22.5,500,1293.359309
-49.5,500,1293.416898
-21.7,500,1293.472782
20.7,500,1293.529631
-23.9,500,1293.813875
-18.9,500,1293.871206
-18.0,500,1293.927832
-48.9,500,1293.984898
-53.2,500,1294.272619
-16.8,500,1294.328882
-27.0,500,1294.386117
-48.1,500,1294.442129
-24.9,500,1294.727456
-19.9,500,1294.783708
-43.9,500,1294.840918
-25.6,500,1294.896552
-51.3,500,1295.182319
-26.8,500,1295.239284
-23.1,500,1295.295552
-25.4,500,1295.352722
-50.5,500,1295.638214
6.1,500,1295.695415
-46.3,500,1295.751843
-23.2,500,1295.808901
-47.1,500,1296.099097
-22.2,500,1296.16272
3.9,500,1296.223251
-23.6,500,1296.285647
-27.4,500,1296.597165
-1.9,500,1296.659188
-44.5,500,1296.720552
-27.5,500,1296.783255
-24.2,500,1296.838899
-23.3,500,1297.178884
-24.0,500,1297.236463
24.0,500,1297.292232
-23.2,500,1297.34938
-22.6,500,1297.634002
-49.3,500,1297.692127
-19.0,500,1297.747899
-54.3,500,1297.805123
-23.3,500,1298.108696
-26.9,500,1298.165361
-28.7,500,1298.222733
-24.5,500,1298.278719
-21.5,500,1298.564916
-21.4,500,1298.621094
-23.9,500,1298.678072
-18.1,500,1298.734164
-14.5,500,1299.019453
-49.4,500,1299.076965
-22.7,500,1299.13291
-20.2,500,1299.190012
-50.4,500,1299.474875
-23.8,500,1299.532001
-46.4,500,1299.588187
-22.2,500,1299.645502
-26.1,500,1299.9314
-18.9,500,1299.987273
-20.3,500,1300.04335
22.5,500,1300.09883
-48.9,500,1300.384572
-27.1,500,1300.440501
-14.2,500,1300.497392
-26.6,500,1300.552767
-50.6,500,1300.838395
-49.3,500,1300.89468
-22.9,500,1300.952091
-16.6,500,1301.007508
-21.9,500,1301.291969
-17.1,500,1301.349539
-21.3,500,1301.405681
-51.4,500,1301.462964
-21.1,500,1301.518383
-21.6,500,1301.804204
-53.2,500,1301.860876
-51.3,500,1301.917575
-21.5,500,1301.973294
-25.6,500,1302.259326
-22.1,500,1302.315764
-23.1,500,1302.373276
-22.8,500,1302.429005
-23.6,500,1302.714989
-52.2,500,1302.772488
-45.9,500,1302.829589
-24.4,500,1302.886873
-25.4,500,1303.171746
-6.9,500,1303.228463
-22.1,500,1303.284896
-22.3,500,1303.341975
-25.1,500,1303.626489
-24.0,500,1303.684358
-23.7,500,1303.740406
-18.2,500,1303.796639
-18.3,500,1304.082317
-46.1,500,1304.138944
-25.7,500,1304.196066
-18.6,500,1304.251768
-18.1,500,1304.536218
-18.3,500,1304.5919
-23.3,500,1304.648785
-20.0,500,1304.704185
-20.3,500,1304.989569
-52.3,500,1305.045867
-26.4,500,1305.102543
-48.0,500,1305.158134
-25.5,500,1305.44265
-21.4,500,1305.498264
-53.7,500,1305.555588
-19.0,500,1305.612245
-22.6,500,1305.895887
-21.8,500,1305.952677
-23.3,500,1306.00802
-26.0,500,1306.064991
-25.2,500,1306.121221
-24.9,500,1306.406745
22.8,500,1306.462143
-22.0,500,1306.518728
-18.0,500,1306.574854
-24.5,500,1306.860297
-25.2,500,1306.917788
-14.9,500,1306.973711
-26.5,500,1307.029867
-26.8,500,1307.315689
-20.2,500,1307.373118
-22.3,500,1307.429369
-26.5,500,1307.486349
-24.7,500,1307.770634
-49.6,500,1307.828247
-24.4,500,1307.885637
-47.8,500,1307.942169
-21.4,500,1308.227964
-15.8,500,1308.284344
-47.8,500,1308.341244
-18.4,500,1308.397682
-49.0,500,1308.683814
-21.1,500,1308.740141
21.5,500,1308.797232
-23.7,500,1308.853362
-50.6,500,1309.140907
-16.9,500,1309.197836
-25.0,500,1309.253956
-26.6,500,1309.310933
-25.0,500,1309.594867
-23.2,500,1309.651817
-19.8,500,1309.70774
-22.2,500,1309.764474
-21.5,500,1310.048296
-24.1,500,1310.105783
-26.4,500,1310.161468
-20.5,500,1310.21845
-19.1,500,1310.50191
-26.4,500,1310.558535
-30.0,500,1310.615242
-22.8,500,1310.671975
6.0,500,1310.957928
27.5,500,1311.014499
-21.0,500,1311.071993
-50.2,500,1311.128039
-21.6,500,1311.185018
-18.6,500,1311.469509
20.5,500,1311.526564
-24.8,500,1311.583529
-47.6,500,1311.64006
-49.3,500,1311.92515
-27.5,500,1311.981123
-22.4,500,1312.038592
-24.5,500,1312.094484
-29.7,500,1312.37998
-20.6,500,1312.435639
-26.5,500,1312.492104
-51.1,500,1312.548104
-25.6,500,1312.833692
-51.9,500,1312.890645
-22.0,500,1312.946977
-46.7,500,1313.003908
-20.9,500,1313.288078
-24.7,500,1313.345702
-22.2,500,1313.401131
-22.8,500,1313.458161
-51.2,500,1313.74282
-4.8,500,1313.799981
-49.8,500,1313.856469
-48.8,500,1313.913164
-48.2,500,1314.201133
-24.1,500,1314.257686
-54.3,500,1314.315126
-25.1,500,1314.371105
-24.1,500,1314.655872
22.4,500,1314.711468
-52.0,500,1314.768781
-22.3,500,1314.824125
-23.3,500,1315.109635
-23.1,500,1315.166835
-28.0,500,1315.223212
-23.8,500,1315.280145
-56.1,500,1315.564785
-49.9,500,1315.622655
-23.4,500,1315.678834
-25.8,500,1315.73611
-24.0,500,1315.792127
-25.6,500,1316.077863
-52.9,500,1316.135227
-23.6,500,1316.191154
-56.0,500,1316.247398
-24.4,500,1316.531854
-26.8,500,1316.588934
-26.7,500,1316.644372
-23.2,500,1316.700966
-21.0,500,1316.984717
2.7,500,1317.041386
-25.2,500,1317.097559
-28.2,500,1317.1544
-54.5,500,1317.439516
-52.1,500,1317.496768
-47.1,500,1317.553572
-26.5,500,1317.609845
-24.7,500,1317.89436
-23.8,500,1317.950432
-48.8,500,1318.007661
-24.1,500,1318.063511
-24.2,500,1318.348862
-26.8,500,1318.404929
-54.6,500,1318.461723
-24.9,500,1318.517168
-23.3,500,1318.802294
-27.0,500,1318.859128
-26.9,500,1318.915861
-53.2,500,1318.973083
-17.5,500,1319.260358
-51.1,500,1319.317296
-23.0,500,1319.373005
-20.2,500,1319.429895
-23.5,500,1319.714589
-23.6,500,1319.772362
-25.5,500,1319.827955
-18.3,500,1319.884799
-22.7,500,1320.167928
-19.8,500,1320.223783
-23.0,500,1320.280543
-19.2,500,1320.335748
-24.2,500,1320.620257
-27.7,500,1320.676554
24.5,500,1320.732985
-23.6,500,1320.788348
-25.5,500,1320.84501
-24.2,500,1321.128604
-22.9,500,1321.1862
-18.1,500,1321.242028
-49.9,500,1321.299196
-19.4,500,1321.584544
-26.1,500,1321.640821
-23.8,500,1321.697054
-21.7,500,1321.753056
-22.2,500,1322.038744
-56.9,500,1322.095269
-23.2,500,1322.152542
-24.9,500,1322.208458
-25.7,500,1322.547472
-48.6,500,1322.604036
-49.6,500,1322.661356
-56.8,500,1322.717014
-23.2,500,1323.00216
-19.9,500,1323.057929
-23.2,500,1323.11434
-21.6,500,1323.169659
-24.2,500,1323.455033
-18.7,500,1323.510662
-52.4,500,1323.568086
-25.1,500,1323.623851
-20.1,500,1323.91003
-21.9,500,1323.966903
-21.6,500,1324.022814
-23.9,500,1324.079566
-24.9,500,1324.365924
-20.1,500,1324.423205
-47.1,500,1324.479448
-21.3,500,1324.536431
-24.9,500,1324.820988
-25.8,500,1324.878358
-20.5,500,1324.933517
-24.4,500,1324.98989
-23.9,500,1325.274613
-46.5,500,1325.331055
-27.3,500,1325.388129
-25.1,500,1325.443728
-58.7,500,1325.500225
-44.6,500,1325.785073
-47.0,500,1325.842168
-52.3,500,1325.897809
-17.9,500,1325.955217
-25.6,500,1326.239405
-50.1,500,1326.298531
-24.9,500,1326.354336
-25.2,500,1326.410925
-24.8,500,1326.697675
-53.1,500,1326.753931
7.5,500,1326.811085
-24.9,500,1326.867287
-53.9,500,1327.155198
-20.9,500,1327.211549
-22.4,500,1327.26855
-29.5,500,1327.324519
-20.0,500,1327.610357
-23.1,500,1327.667754
-25.0,500,1327.723755
-49.2,500,1327.780724
-23.3,500,1328.065217
-48.4,500,1328.122437
-25.2,500,1328.17824
-24.8,500,1328.235166
-16.9,500,1328.519377
-23.7,500,1328.577271
-22.4,500,1328.633257
-21.2,500,1328.68956
-18.3,500,1328.975657
-57.0,500,1329.03187
-48.3,500,1329.088881
-22.8,500,1329.145137
-46.5,500,1329.431012
-20.8,500,1329.487467
-22.3,500,1329.544168
-21.8,500,1329.599586
-21.0,500,1329.884567
-22.3,500,1329.941371
-22.1,500,1329.997831
-50.2,500,1330.054931
-26.6,500,1330.110904
-46.8,500,1330.395432
-27.5,500,1330.451426
-19.1,500,1330.508003
-23.4,500,1330.564008
21.0,500,1330.849695
-17.4,500,1330.906149
-24.9,500,1330.963183
-24.1,500,1331.019278
-26.1,500,1331.304346
-22.1,500,1331.362064
-52.2,500,1331.417814
-26.2,500,1331.474616
-24.9,500,1331.759003
-47.3,500,1331.816432
-51.5,500,1331.872934
-24.6,500,1331.929911
-27.1,500,1332.215118
-17.2,500,1332.271162
-22.4,500,1332.327718
-47.2,500,1332.384
-47.3,500,1332.669073
-23.8,500,1332.725672
-22.4,500,1332.782474
-48.7,500,1332.839023
-21.1,500,1333.124793
-22.8,500,1333.180279
-20.1,500,1333.237013
-24.6,500,1333.2933
-19.8,500,1333.577933
-46.9,500,1333.635475
-22.0,500,1333.69147
-22.2,500,1333.748385
-26.1,500,1334.033354
-16.9,500,1334.091157
-20.2,500,1334.14812
-25.3,500,1334.204967
-19.3,500,1334.490261
-50.8,500,1334.546993
-20.4,500,1334.60356
-23.7,500,1334.659241
-26.5,500,1334.944704
-25.2,500,1335.000903
0.9,500,1335.058066
-26.5,500,1335.114175
-53.5,500,1335.171241
-14.6,500,1335.456115
-21.3,500,1335.513134
-27.0,500,1335.568866
-21.5,500,1335.625936
-26.3,500,1335.911479
-18.5,500,1335.967507
-51.9,500,1336.024352
-44.2,500,1336.080292
-20.7,500,1336.366274
-22.9,500,1336.422048
-20.5,500,1336.479094
-23.3,500,1336.534535
-27.9,500,1336.81977
-57.0,500,1336.876651
-18.4,500,1336.9333
-25.2,500,1336.990105
-22.4,500,1337.275398
-15.5,500,1337.332703
-15.9,500,1337.388324
-21.3,500,1337.445587
-27.6,500,1337.730116
-25.0,500,1337.786829
-21.7,500,1337.842015
-48.3,500,1337.899218
-20.3,500,1338.183949
-20.8,500,1338.241105
-19.6,500,1338.297551
-26.6,500,1338.35361
-28.5,500,1338.637343
-23.2,500,1338.693189
-23.6,500,1338.750076
-27.4,500,1338.805935
-21.9,500,1339.090819
-51.4,500,1339.147913
-24.5,500,1339.204805
-23.6,500,1339.260766
-15.5,500,1339.546919
1.5,500,1339.603702
-20.8,500,1339.659577
-22.5,500,1339.716152
-20.7,500,1339.771391
-25.0,500,1340.056763
-26.5,500,1340.112862
-47.9,500,1340.169458
-20.0,500,1340.225195
-20.8,500,1340.509527
-23.3,500,1340.566264
-19.2,500,1340.622087
-50.7,500,1340.679094
-18.2,500,1340.9638
-17.5,500,1341.020791
-26.0,500,1341.077611
-47.3,500,1341.134797
-53.4,500,1341.418367
-54.4,500,1341.475776
-23.2,500,1341.531604
-17.2,500,1341.588426
-23.6,500,1341.872578
-25.1,500,1341.92949
-17.7,500,1341.986264
-47.6,500,1342.043408
-17.4,500,1342.32945
-53.7,500,1342.386202
-16.8,500,1342.443485
-22.1,500,1342.499922
-51.9,500,1342.785899
-24.2,500,1342.842353
-50.0,500,1342.899546
-23.8,500,1342.956034
-47.0,500,1343.242186
-51.0,500,1343.299388
-21.9,500,1343.355906
-48.8,500,1343.413132
-21.7,500,1343.697883
-24.6,500,1343.754767
-18.1,500,1343.810687
-21.4,500,1343.867481
-21.0,500,1344.155985
-26.5,500,1344.212845
-23.1,500,1344.270126
-21.4,500,1344.326291
-49.9,500,1344.611883
-50.8,500,1344.668605
-26.5,500,1344.725783
-23.1,500,1344.781731
-26.4,500,1344.839169
-22.8,500,1345.123321
-24.5,500,1345.180721
-24.7,500,1345.237664
-19.3,500,1345.293524
-22.1,500,1345.578908
-22.4,500,1345.634991
-19.9,500,1345.691926
-20.5,500,1345.748271
-50.6,500,1346.033253
-23.2,500,1346.089262
-28.0,500,1346.145957
-51.8,500,1346.201533
-48.0,500,1346.4864
-20.8,500,1346.54306
-19.1,500,1346.599761
-27.2,500,1346.656839
-0.9,500,1346.941157
-23.1,500,1346.9984
-21.9,500,1347.054693
-26.8,500,1347.111744
-45.6,500,1347.395201
-23.9,500,1347.452318
-18.6,500,1347.508232
-23.0,500,1347.56584
-26.6,500,1347.854966
-12.3,500,1347.910911
-25.3,500,1347.968358
-24.4,500,1348.025061
-25.5,500,1348.310063
-24.2,500,1348.366631
-27.8,500,1348.424095
-23.9,500,1348.479601
24.9,500,1348.764456
-24.0,500,1348.820886
-25.7,500,1348.915264
-24.2,500,1348.972281
-47.9,500,1349.259789
-50.5,500,1349.316046
-24.4,500,1349.373096
-26.3,500,1349.428983
-49.1,500,1349.486254
-22.0,500,1349.768812
-21.0,500,1349.825781
-47.6,500,1349.881499
-19.2,500,1349.937939
-21.5,500,1350.222399
-28.0,500,1350.278839
-17.7,500,1350.335332
-26.1,500,1350.391584
-24.1,500,1350.67587
-27.0,500,1350.731519
-24.0,500,1350.788366
-22.9,500,1350.843785
-25.1,500,1351.128397
-24.6,500,1351.184257
-23.7,500,1351.241221
-41.4,500,1351.296989
-25.4,500,1351.581749
-51.2,500,1351.638592
-25.9,500,1351.694436
-25.9,500,1351.751002
-27.3,500,1352.035416
-51.0,500,1352.093315
-47.9,500,1352.149051
-22.3,500,1352.206132
-19.9,500,1352.491287
25.5,500,1352.547459
-23.3,500,1352.603496
-18.7,500,1352.660288
-48.6,500,1352.945179
-25.4,500,1353.001306
-21.1,500,1353.058085
-28.2,500,1353.113507
-21.2,500,1353.398856
-17.0,500,1353.455339
-23.3,500,1353.512846
-23.5,500,1353.568461
-52.4,500,1353.853279
-16.3,500,1353.910553
-25.0,500,1353.966398
-21.5,500,1354.023203
-21.5,500,1354.309309
-24.1,500,1354.366874
-29.5,500,1354.422618
-20.5,500,1354.479243
17.6,500,1354.53472
-23.2,500,1354.820306
-22.2,500,1354.877266
-23.1,500,1354.933254
-27.1,500,1354.990148
-48.2,500,1355.274289
-51.9,500,1355.332074
-25.6,500,1355.38732
-17.7,500,1355.447295
-24.3,500,1355.731672
-22.4,500,1355.788405
-26.2,500,1355.843788
-27.1,500,1355.901634
-21.7,500,1356.185642
-21.1,500,1356.242994
-53.7,500,1356.300648
-52.9,500,1356.357081
-20.9,500,1356.642656
-46.2,500,1356.698435
-24.0,500,1356.755585
-26.3,500,1356.811786
-26.3,500,1357.097364
-24.5,500,1357.15354
-18.5,500,1357.210462
-23.6,500,1357.26677
-21.6,500,1357.551682
-48.3,500,1357.608038
-27.2,500,1357.664603
-49.1,500,1357.722156
-51.6,500,1358.007267
-20.4,500,1358.064229
-24.5,500,1358.120455
-25.8,500,1358.177417
-50.9,500,1358.461619
-21.8,500,1358.518836
-22.2,500,1358.575425
-57.3,500,1358.632894
-50.1,500,1358.917867
-16.7,500,1358.974213
-46.2,500,1359.031045
-24.1,500,1359.086718
-23.8,500,1359.144647
-23.2,500,1359.429558
-51.9,500,1359.486715
-23.7,500,1359.542757
-11.5,500,1359.599506
-22.5,500,1359.883327
-25.9,500,1359.94036
-22.0,500,1359.996582
-25.0,500,1360.054079
-51.7,500,1360.340681
-23.3,500,1360.397155
-51.0,500,1360.454092
-23.3,500,1360.510269
-51.7,500,1360.794989
-53.5,500,1360.850832
-18.9,500,1360.908129
-26.4,500,1360.964029
-49.1,500,1361.249826
-18.7,500,1361.307309
-53.0,500,1361.363551
1.7,500,1361.420614
-25.3,500,1361.704482
-49.7,500,1361.762513
-25.3,500,1361.818399
-14.5,500,1361.875471
-48.8,500,1362.159349
-23.9,500,1362.216989
-26.9,500,1362.273726
-25.9,500,1362.330171
-27.1,500,1362.61532
-28.1,500,1362.671815
-20.6,500,1362.729284
-25.6,500,1362.785258
-19.2,500,1363.070358
-50.8,500,1363.126745
-22.6,500,1363.183359
-24.8,500,1363.239943
-20.0,500,1363.525683
-26.1,500,1363.581937
-24.5,500,1363.639523
-49.7,500,1363.696267
-21.9,500,1363.752187
-50.2,500,1364.037879
-26.6,500,1364.093934
17.3,500,1364.151215
-23.6,500,1364.20687
-21.8,500,1364.491714
-50.6,500,1364.5478
-22.1,500,1364.605064
-19.5,500,1364.660518
-23.1,500,1364.945452
-21.9,500,1365.00299
-25.3,500,1365.058958
-28.2,500,1365.117562
-20.7,500,1365.407832
-48.1,500,1365.464918
-22.2,500,1365.521979
-23.3,500,1365.577918
-25.4,500,1365.863507
-24.0,500,1365.919686
-53.7,500,1365.976875
-23.5,500,1366.032761
-54.2,500,1366.31769
-25.5,500,1366.373373
-26.0,500,1366.430271
-23.7,500,1366.485929
-50.9,500,1366.771784
-23.2,500,1366.828184
-20.2,500,1366.885223
-23.5,500,1366.942345
-23.8,500,1367.22667
-49.3,500,1367.283746
-0.7,500,1367.33952
-52.9,500,1367.396961
-21.3,500,1367.68164
-47.0,500,1367.739241
-50.2,500,1367.795456
-13.3,500,1367.852017
-20.3,500,1368.136307
-23.7,500,1368.193205
-21.8,500,1368.25017
-46.6,500,1368.306304
-20.2,500,1368.590902
-22.5,500,1368.647945
-26.7,500,1368.705608
-46.9,500,1368.762039
-27.8,500,1368.818809
-48.7,500,1369.103937
-20.0,500,1369.161361
-22.0,500,1369.218032
-23.8,500,1369.27467
-25.6,500,1369.560205
-25.5,500,1369.616733
-27.1,500,1369.673308
-20.5,500,1369.729181
-15.9,500,1370.013789
-49.2,500,1370.069969
-20.6,500,1370.12718
-25.8,500,1370.183457
-54.1,500,1370.468918
-19.1,500,1370.525929
-19.7,500,1370.581796
-46.1,500,1370.639055
-28.7,500,1370.922874
-22.8,500,1370.979999
-25.9,500,1371.035635
-50.7,500,1371.092844
-22.4,500,1371.378755
-50.1,500,1371.434649
-22.4,500,1371.492237
-18.8,500,1371.547954
1.2,500,1371.832274
-21.8,500,1371.888404
-49.0,500,1371.945998
-24.2,500,1372.003
-23.8,500,1372.287397
-24.1,500,1372.345
-47.2,500,1372.401096
-25.0,500,1372.457871
-20.0,500,1372.742266
-49.5,500,1372.799802
-22.0,500,1372.855438
-26.3,500,1372.912357
-23.2,500,1373.195597
-20.9,500,1373.252801
0.6,500,1373.309165
-27.3,500,1373.365064
-23.0,500,1373.422367
-22.7,500,1373.705348
-23.1,500,1373.76258
-26.3,500,1373.817881
-47.5,500,1373.874618
-51.8,500,1374.159724
-48.8,500,1374.217248
-25.7,500,1374.273459
8.1,500,1374.330092
-22.3,500,1374.656892
-23.9,500,1374.712945
-28.1,500,1374.769539
-17.3,500,1374.825
-52.8,500,1375.110671
-26.6,500,1375.16755
-24.2,500,1375.223936
-24.0,500,1375.280919
-22.7,500,1375.564862
-26.0,500,1375.622062
-22.3,500,1375.677895
-50.3,500,1375.734905
-19.8,500,1376.018535
-49.8,500,1376.076177
-23.2,500,1376.131776
-23.7,500,1376.189001
-24.4,500,1376.473357
-18.4,500,1376.52972
-25.0,500,1376.585985
-22.6,500,1376.64201
-24.6,500,1376.926769
-57.6,500,1376.982879
-53.9,500,1377.040571
-27.8,500,1377.096606
-21.5,500,1377.381812
-24.5,500,1377.437474
-25.9,500,1377.494874
-49.7,500,1377.551084
-24.1,500,1377.836277
-56.4,500,1377.893576
-25.9,500,1377.949779
-46.3,500,1378.007524
-21.9,500,1378.29186
-27.5,500,1378.349113
-22.3,500,1378.405583
-18.7,500,1378.462275
-24.7,500,1378.517721
-20.7,500,1378.80246
-20.6,500,1378.85974
-21.5,500,1378.916071
-16.4,500,1378.972674
-24.2,500,1379.259441
-25.2,500,1379.316543
-2.1,500,1379.372523
-23.6,500,1379.429375
-25.4,500,1379.713079
-48.6,500,1379.769721
-25.4,500,1379.825854
-18.7,500,1379.882305
-29.3,500,1380.167157
-23.6,500,1380.223639
-47.1,500,1380.280524
-24.4,500,1380.33636
4.0,500,1380.620908
-51.1,500,1380.677323
-27.6,500,1380.733589
-27.5,500,1380.789421
-18.7,500,1381.074128
-25.7,500,1381.130648
-24.5,500,1381.187982
-47.2,500,1381.24458
-17.5,500,1381.528723
-50.0,500,1381.586013
-28.0,500,1381.642009
-51.9,500,1381.698944
-19.2,500,1381.98214
-24.6,500,1382.039498
-24.1,500,1382.095477
-25.3,500,1382.152518
-52.8,500,1382.437668
-22.8,500,1382.493969
-27.9,500,1382.551391
-18.8,500,1382.607442
-49.9,500,1382.892439
-19.9,500,1382.948313
-23.3,500,1383.004966
-52.5,500,1383.060861
-21.6,500,1383.117971
14.7,500,1383.402636
-20.9,500,1383.459946
-23.1,500,1383.515896
-22.9,500,1383.57321
-22.7,500,1383.858857
22.8,500,1383.914388
-46.3,500,1383.971782
-23.0,500,1384.027533
-24.1,500,1384.315464
-24.7,500,1384.371742
-51.5,500,1384.428291
-19.4,500,1384.484837
-50.8,500,1384.769804
-26.7,500,1384.825684
-11.2,500,1384.882392
-24.9,500,1384.937714
-23.9,500,1385.222923
-25.8,500,1385.279466
-21.8,500,1385.334851
-23.3,500,1385.391916
-21.0,500,1385.67695
-48.2,500,1385.734186
-20.3,500,1385.79038
-47.3,500,1385.848044
-46.9,500,1386.132834
-23.7,500,1386.190495
-49.9,500,1386.246534
-49.7,500,1386.303172
-22.9,500,1386.588019
-20.9,500,1386.64496
-47.1,500,1386.702355
-47.9,500,1386.758136
-21.5,500,1387.044139
-46.3,500,1387.100411
-50.3,500,1387.157569
-49.7,500,1387.213245
-23.6,500,1387.498931
-22.1,500,1387.555637
-15.4,500,1387.611977
-53.2,500,1387.668923
-17.9,500,1387.725493
-46.0,500,1388.011472
-24.9,500,1388.067735
-27.9,500,1388.12564
-52.0,500,1388.18182
-20.2,500,1388.466891
-51.2,500,1388.523059
-21.7,500,1388.58038
-22.0,500,1388.636946
-25.6,500,1388.92066
-28.4,500,1388.97765
-24.0,500,1389.033401
-22.3,500,1389.091282
-16.2,500,1389.378278
-26.8,500,1389.435569
-50.9,500,1389.491896
-25.6,500,1389.549235
-26.6,500,1389.833947
-27.2,500,1389.890462
-27.0,500,1389.946866
-23.8,500,1390.002881
-26.0,500,1390.287699
-50.6,500,1390.344145
-22.9,500,1390.401085
-52.5,500,1390.456942
-48.8,500,1390.742471
-25.4,500,1390.799496
-21.5,500,1390.855505
-25.2,500,1390.912275
-22.1,500,1391.196801
-20.4,500,1391.253705
-21.6,500,1391.309762
-22.0,500,1391.365971
-26.2,500,1391.64959
-19.2,500,1391.707158
-22.5,500,1391.76364
-52.0,500,1391.820719
-28.0,500,1392.105732
-17.0,500,1392.162008
-21.9,500,1392.218857
-21.1,500,1392.275249
-21.2,500,1392.56011
-22.9,500,1392.616643
-49.7,500,1392.674154
-24.5,500,1392.72969
-26.8,500,1392.786535
-4.3,500,1393.072042
-22.3,500,1393.127908
-25.6,500,1393.184891
-57.2,500,1393.241383
-16.9,500,1393.526958
-20.3,500,1393.583242
-22.7,500,1393.640533
-23.0,500,1393.696293
-63.7,500,1393.981294
-22.6,500,1394.038139
-26.3,500,1394.094251
-22.6,500,1394.150287
22.1,500,1394.43602
-23.4,500,1394.493016
-22.0,500,1394.548696
-25.4,500,1394.605346
-27.5,500,1394.889327
-1.1,500,1394.946614
-24.6,500,1395.002108
-18.4,500,1395.058663
-19.6,500,1395.342509
-13.0,500,1395.39925
-68.5,500,1395.456131
-19.0,500,1395.511747
-21.1,500,1395.795816
-23.6,500,1395.852109
-22.2,500,1395.908252
-22.9,500,1395.963895
-22.2,500,1396.248462
-23.3,500,1396.303885
-22.1,500,1396.361273
-22.1,500,1396.417873
-46.9,500,1396.70253
-23.1,500,1396.759102
-27.6,500,1396.816394
-22.0,500,1396.872358
-23.7,500,1397.157681
-30.9,500,1397.214988
-22.4,500,1397.271825
-25.4,500,1397.328743
-19.9,500,1397.385304
-21.4,500,1397.669843
-50.2,500,1397.726705
-49.7,500,1397.784008
-51.0,500,1397.839588
-18.3,500,1398.12529
-62.5,500,1398.182154
-21.4,500,1398.2396
-47.7,500,1398.295325
-25.3,500,1398.580881
-56.7,500,1398.638735
-25.1,500,1398.695109
-22.3,500,1398.752059
-23.2,500,1399.036385
-54.8,500,1399.093954
-55.0,500,1399.150175
-55.1,500,1399.208407
-23.7,500,1399.492859
-79.2,500,1399.549693
-16.3,500,1399.605826
-25.4,500,1399.662924
-51.0,500,1399.947783
-20.2,500,1400.003921
-27.6,500,1400.060519
-53.0,500,1400.116735
-29.9,500,1400.401059
-1.1,500,1400.456699
-50.3,500,1400.514294
-23.0,500,1400.569667
-27.2,500,1400.853938
-25.4,500,1400.909919
-53.1,500,1400.967821
-25.8,500,1401.023719
-21.0,500,1401.351523
-18.8,500,1401.409128
-48.3,500,1401.464718
-18.6,500,1401.521262
-21.3,500,1401.803841
-48.4,500,1401.860173
-22.9,500,1401.916801
-55.2,500,1401.973299
-22.4,500,1402.257477
-46.4,500,1402.314145
-19.4,500,1402.370381
-24.6,500,1402.425915
-21.4,500,1402.482311
-48.9,500,1402.766675
-28.9,500,1402.823785
-19.2,500,1402.8795
26.5,500,1402.93618
-20.5,500,1403.219829
-26.7,500,1403.276533
-19.8,500,1403.331897
-20.1,500,1403.388811
-22.5,500,1403.673574
-22.0,500,1403.730272
-3.0,500,1403.787165
-15.4,500,1403.843427
-47.2,500,1404.128224
-47.2,500,1404.187213
7.0,500,1404.24518
-52.9,500,1404.30077
-24.8,500,1404.585385
-23.7,500,1404.641444
-21.9,500,1404.698519
-18.6,500,1404.75418
20.8,500,1405.038294
-47.8,500,1405.094573
-16.6,500,1405.151071
-22.6,500,1405.206224
-21.5,500,1405.49057
-55.0,500,1405.547591
-21.6,500,1405.604011
-48.5,500,1405.660678
-22.9,500,1405.94486
-49.8,500,1406.002257
-32.4,500,1406.058263
-22.3,500,1406.114648
-48.3,500,1406.399167
-22.9,500,1406.456274
-49.9,500,1406.512309
-49.5,500,1406.569017
-24.2,500,1406.854666
-20.9,500,1406.910609
-48.5,500,1406.967433
-24.9,500,1407.023284
-51.8,500,1407.080167
-51.7,500,1407.364589
-50.1,500,1407.421182
-25.7,500,1407.476896
-20.2,500,1407.533375
-25.4,500,1407.817471
-18.3,500,1407.874285
-19.9,500,1407.931139
-17.1,500,1407.987027
-25.0,500,1408.272334
-23.6,500,1408.328831
-21.1,500,1408.385193
-23.7,500,1408.44061
-23.2,500,1408.725374
-50.9,500,1408.782107
-22.3,500,1408.839192
-24.9,500,1408.895454
21.9,500,1409.181047
-15.1,500,1409.237494
-49.4,500,1409.293573
-25.3,500,1409.350084
-17.9,500,1409.634636
-46.6,500,1409.691929
-23.9,500,1409.748277
-51.3,500,1409.805713
-15.4,500,1410.090537
-47.3,500,1410.148463
-49.7,500,1410.205075
-22.7,500,1410.261799
-26.6,500,1410.54694
-26.2,500,1410.603436
-50.2,500,1410.660453
-26.1,500,1410.716262
-49.4,500,1411.001609
-48.1,500,1411.058519
-26.9,500,1411.116936
-20.1,500,1411.176155
-20.0,500,1411.465841
-57.1,500,1411.523543
-22.7,500,1411.579831
-48.8,500,1411.637024
-46.4,500,1411.92201
-27.5,500,1411.979553
-21.8,500,1412.036189
-51.2,500,1412.092137
-22.7,500,1412.149522
-19.9,500,1412.43334
-24.8,500,1412.491097
-22.2,500,1412.546677
-49.2,500,1412.603712
-50.5,500,1412.889477
-53.0,500,1412.947155
0.2,500,1413.003298
-23.8,500,1413.05974
-23.6,500,1413.345607
-14.7,500,1413.401733
-21.5,500,1413.45837
-19.9,500,1413.5142
-22.3,500,1413.799194
19.4,500,1413.85577
-21.4,500,1413.912829
-24.6,500,1413.968441
-23.0,500,1414.256398
-24.1,500,1414.313703
-26.5,500,1414.36998
-19.5,500,1414.427113
-24.7,500,1414.711369
-21.8,500,1414.767959
-53.6,500,1414.824152
-2.4,500,1414.881602
-21.1,500,1415.164973
-52.7,500,1415.222735
-46.6,500,1415.278328
-9.0,500,1415.334858
-18.1,500,1415.619857
-22.4,500,1415.675552
-51.8,500,1415.733029
-24.5,500,1415.788963
-26.8,500,1416.073168
-26.0,500,1416.129952
-27.0,500,1416.18759
-17.6,500,1416.243377
-51.8,500,1416.528683
-26.5,500,1416.586211
-51.8,500,1416.642074
-23.1,500,1416.699091
-19.6,500,1416.755123
-50.1,500,1417.040741
-23.2,500,1417.101302
-22.1,500,1417.164902
-22.4,500,1417.224519
-26.6,500,1417.541574
-21.0,500,1417.600079
-55.1,500,1417.662163
-23.7,500,1417.723034
-49.9,500,1418.015913
-18.8,500,1418.072035
-17.1,500,1418.128625
-24.2,500,1418.184858
-48.5,500,1418.470434
-21.8,500,1418.526032
-26.3,500,1418.582156
-19.9,500,1418.637806
-22.0,500,1418.925732
-24.5,500,1418.983853
-19.8,500,1419.051587
-21.6,500,1419.10865
-23.2,500,1419.394923
-22.7,500,1419.45189
-51.3,500,1419.50829
-24.2,500,1419.565467
-24.9,500,1419.850081
-24.8,500,1419.907
-53.3,500,1419.963138
-47.9,500,1420.020157
-25.2,500,1420.30546
-22.7,500,1420.361174
-53.1,500,1420.417979
-21.0,500,1420.473596
-19.4,500,1420.758093
-18.6,500,1420.813272
-22.0,500,1420.870381
-24.9,500,1420.925989
-22.6,500,1421.211981
-22.9,500,1421.268429
-28.8,500,1421.326059
-26.7,500,1421.382286
-50.1,500,1421.439509
-21.1,500,1421.724306
-22.6,500,1421.780651
-26.4,500,1421.837551
-18.7,500,1421.893257
-23.0,500,1422.178664
-25.1,500,1422.234373
-27.0,500,1422.29126
-23.6,500,1422.34698
-21.4,500,1422.631437
-27.5,500,1422.686996
-25.3,500,1422.743877
-22.5,500,1422.799067
-22.6,500,1423.08356
-26.9,500,1423.140347
-50.6,500,1423.19643
-23.8,500,1423.252807
-49.0,500,1423.538379
-23.0,500,1423.595054
-21.2,500,1423.651022
-24.5,500,1423.707967
-20.8,500,1423.991679
-17.6,500,1424.048534
-23.0,500,1424.10407
-18.1,500,1424.160534
-27.7,500,1424.446624
-25.8,500,1424.502407
-21.9,500,1424.558877
-27.6,500,1424.615115
-23.7,500,1424.899665
-24.1,500,1424.956385
-21.9,500,1425.013662
-49.5,500,1425.070101
-23.7,500,1425.35534
-50.5,500,1425.411715
-23.1,500,1425.469067
-22.7,500,1425.524949
-24.6,500,1425.810354
-18.6,500,1425.867425
-46.3,500,1425.924137
-51.9,500,1425.980952
-51.3,500,1426.265482
-51.4,500,1426.322982
-26.0,500,1426.378411
-27.6,500,1426.435048
-50.2,500,1426.491452
-22.9,500,1426.775105
-45.2,500,1426.831917
-51.9,500,1426.888115
-51.6,500,1426.944706
-21.1,500,1427.228783
-49.4,500,1427.286485
-25.9,500,1427.342643
-24.8,500,1427.399675
-50.9,500,1427.683371
-27.0,500,1427.740345
-17.1,500,1427.795651
-47.5,500,1427.852565
-24.8,500,1428.180988
-21.5,500,1428.238313
-16.2,500,1428.293937
-30.5,500,1428.351243
-24.0,500,1428.634571
-25.6,500,1428.6909
-18.0,500,1428.746533
-17.6,500,1428.804041
-52.9,500,1429.088206
-23.0,500,1429.145647
-21.6,500,1429.201387
-19.7,500,1429.258737
-18.0,500,1429.544035
-22.6,500,1429.600224
-25.3,500,1429.656918
-22.2,500,1429.712452
-20.5,500,1429.998332
-46.5,500,1430.054549
-20.0,500,1430.111362
-20.3,500,1430.167381
-22.6,500,1430.452348
-20.5,500,1430.509191
-14.8,500,1430.564592
-52.1,500,1430.621231
-25.3,500,1430.905011
-20.1,500,1430.962151
-26.3,500,1431.018668
-21.4,500,1431.075455
-26.5,500,1431.131164
-46.8,500,1431.416852
-22.8,500,1431.472524
-22.4,500,1431.529222
-25.6,500,1431.584982
-25.2,500,1431.869477
-49.3,500,1431.92635
8.6,500,1431.982964
-22.8,500,1432.039787
22.7,500,1432.324062
-20.0,500,1432.380528
-20.7,500,1432.435955
-25.0,500,1432.492627
-21.9,500,1432.776202
-25.5,500,1432.833539
-22.6,500,1432.889999
-24.3,500,1432.946459
-27.0,500,1433.230389
-50.6,500,1433.287906
-22.8,500,1433.344163
-46.7,500,1433.40116
-25.8,500,1433.686877
-46.7,500,1433.742878
-22.1,500,1433.799892
15.7,500,1433.855257
-25.8,500,1434.140059
-22.2,500,1434.195368
-25.1,500,1434.252715
-17.7,500,1434.308421
-20.1,500,1434.593871
-47.2,500,1434.649733
-16.7,500,1434.707168
-27.3,500,1434.763102
-21.3,500,1435.048222
-64.5,500,1435.105111
-28.2,500,1435.161423
-49.4,500,1435.218273
-21.1,500,1435.50254
-22.8,500,1435.559067
-22.6,500,1435.61506
-21.2,500,1435.672043
-26.8,500,1435.955474
-19.1,500,1436.012087
-27.2,500,1436.069042
-50.3,500,1436.124624
-30.0,500,1436.181216
-27.6,500,1436.465222
-26.3,500,1436.522229
-19.1,500,1436.578477
-23.0,500,1436.635764
-19.9,500,1436.92256
-22.8,500,1436.9791
-49.3,500,1437.035692
-29.4,500,1437.09237
-23.7,500,1437.378623
-18.9,500,1437.434273
-18.5,500,1437.49127
-4.6,500,1437.546261
-22.1,500,1437.83221
-53.5,500,1437.889036
-52.2,500,1437.946655
-28.5,500,1438.003048
-18.8,500,1438.288919
-50.3,500,1438.345882
-23.4,500,1438.402108
-19.0,500,1438.459046
-47.8,500,1438.743857
-24.3,500,1438.801092
-18.8,500,1438.857499
-52.8,500,1438.914611
-22.6,500,1439.200088
-47.7,500,1439.257382
-23.0,500,1439.313788
-22.6,500,1439.370272
-51.8,500,1439.655405
-48.0,500,1439.711836
-23.4,500,1439.76873
-52.5,500,1439.82508
-26.2,500,1440.111205
-49.9,500,1440.16839
-52.8,500,1440.225105
-24.1,500,1440.281908
-21.7,500,1440.566169
-24.9,500,1440.623877
-25.7,500,1440.679553
-52.4,500,1440.736293
-25.2,500,1440.79255
-21.9,500,1441.077077
-20.9,500,1441.133912
-25.7,500,1441.189922
-22.5,500,1441.246641
-23.9,500,1441.53134
-23.2,500,1441.588962
-48.8,500,1441.645245
-28.3,500,1441.702232
-17.1,500,1441.986334
-25.7,500,1442.04281
-22.4,500,1442.098739
-22.2,500,1442.155691
-27.3,500,1442.440314
-24.0,500,1442.497028
-50.5,500,1442.553568
-21.7,500,1442.609379
-19.1,500,1442.893809
-51.7,500,1442.95014
-51.5,500,1443.007356
-23.1,500,1443.063375
-19.6,500,1443.348184
-48.4,500,1443.404373
-21.9,500,1443.460633
-23.0,500,1443.517337
-23.6,500,1443.801653
-50.2,500,1443.859048
-52.5,500,1443.914981
-23.0,500,1443.971453
-50.6,500,1444.256521
-26.9,500,1444.313842
-52.0,500,1444.369861
-23.6,500,1444.426874
-51.1,500,1444.712745
-52.7,500,1444.768399
-65.3,500,1444.824682
-51.0,500,1444.879881
-51.0,500,1445.164525
-24.3,500,1445.219905
-50.0,500,1445.277289
-51.5,500,1445.333582
-20.6,500,1445.390262
-18.5,500,1445.674816
-51.9,500,1445.730976
-50.3,500,1445.787189
-27.9,500,1445.843225
-26.7,500,1446.127712
-24.0,500,1446.18436
-25.5,500,1446.240826
-48.9,500,1446.297121
-50.2,500,1446.58245
-20.2,500,1446.638061
-24.1,500,1446.695273
-24.3,500,1446.75077
-22.8,500,1447.035142
-25.2,500,1447.090903
-50.9,500,1447.147239
-28.1,500,1447.204205
-46.0,500,1447.491987
-22.3,500,1447.549363
-46.8,500,1447.605137
-23.4,500,1447.662055
-21.6,500,1447.948859
-23.9,500,1448.006386
-23.3,500,1448.062036
-22.2,500,1448.119294
4.1,500,1448.404136
-24.3,500,1448.460835
-23.6,500,1448.517549
-20.3,500,1448.573988
-24.5,500,1448.857718
-25.0,500,1448.913677
-24.9,500,1448.970595
-21.5,500,1449.026739
-50.9,500,1449.31398
-24.8,500,1449.370526
-18.1,500,1449.426821
-46.6,500,1449.483421
-22.3,500,1449.767505
-24.5,500,1449.82465
-47.5,500,1449.880931
-23.3,500,1449.937741
-26.3,500,1450.220384
-22.9,500,1450.277389
-21.2,500,1450.333279
-19.2,500,1450.390006
-49.5,500,1450.446264
-23.8,500,1450.729777
-52.9,500,1450.786289
-23.9,500,1450.842931
-19.3,500,1450.899549
-26.7,500,1451.183392
-23.8,500,1451.240374
-23.5,500,1451.296388
-23.4,500,1451.352797
-22.6,500,1451.636528
-25.9,500,1451.693362
-22.4,500,1451.748404
-33.2,500,1451.805565
-24.3,500,1452.089094
-24.5,500,1452.146072
-21.6,500,1452.201885
-20.2,500,1452.258293
-25.8,500,1452.542497
-22.6,500,1452.599213
-21.8,500,1452.656309
-20.6,500,1452.712385
-50.5,500,1452.996129
-51.1,500,1453.052489
-23.7,500,1453.109665
-23.6,500,1453.165604
-23.3,500,1453.449287
-25.5,500,1453.505422
-23.2,500,1453.562997
-22.6,500,1453.617723
-27.7,500,1453.902789
-49.0,500,1453.96053
-49.1,500,1454.016586
-18.6,500,1454.073333
-23.6,500,1454.404085
-17.1,500,1454.460675
-18.2,500,1454.517986
-50.5,500,1454.573488
-51.6,500,1454.859655
-25.6,500,1454.916986
-22.1,500,1454.972687
-29.7,500,1455.029006
-24.6,500,1455.084499
-21.2,500,1455.37009
-26.0,500,1455.426241
-22.4,500,1455.483147
-16.7,500,1455.5394
-50.5,500,1455.823702
-24.6,500,1455.880871
-52.7,500,1455.937101
-50.3,500,1455.994365
-22.8,500,1456.279197
1.3,500,1456.335874
-18.3,500,1456.391859
-22.5,500,1456.44845
-20.0,500,1456.732723
-26.1,500,1456.789787
-22.5,500,1456.845842
-24.0,500,1456.903169
-20.7,500,1457.188803
-53.4,500,1457.245233
-20.3,500,1457.301974
-55.6,500,1457.358306
-24.4,500,1457.643298
-27.0,500,1457.699551
-54.5,500,1457.7564
-27.2,500,1457.812333
-18.1,500,1458.097492
-23.2,500,1458.154629
-18.7,500,1458.210781
-22.6,500,1458.267048
-26.9,500,1458.550691
-25.4,500,1458.608282
-20.1,500,1458.664468
-24.3,500,1458.721025
-25.0,500,1459.004802
-27.3,500,1459.061995
-25.0,500,1459.117496
-24.3,500,1459.174549
-50.4,500,1459.461201
-21.5,500,1459.517219
-25.0,500,1459.574255
-25.4,500,1459.630573
-50.4,500,1459.914471
-22.4,500,1459.970364
-24.7,500,1460.026959
-25.1,500,1460.083132
-20.9,500,1460.139952
-53.3,500,1460.423505
-56.0,500,1460.480624
-19.7,500,1460.536076
-24.4,500,1460.592404
-21.9,500,1460.87616
-69.9,500,1460.932509
-62.1,500,1460.989391
-20.1,500,1461.044506
-1.3,500,1461.328335
-25.1,500,1461.384866
-22.9,500,1461.441358
-26.2,500,1461.496767
-53.0,500,1461.781038
-23.4,500,1461.837495
26.3,500,1461.894065
-27.0,500,1461.949911
-22.5,500,1462.233767
-24.5,500,1462.290332
-22.6,500,1462.346192
-54.1,500,1462.402145
-48.9,500,1462.686449
-16.1,500,1462.743486
-22.3,500,1462.799028
-21.1,500,1462.855348
-25.5,500,1463.138833
-26.3,500,1463.195707
-18.4,500,1463.251283
-25.4,500,1463.30865
-17.7,500,1463.591719
-19.7,500,1463.649161
-57.3,500,1463.704966
-25.2,500,1463.761393
-47.6,500,1464.046686
-25.1,500,1464.103439
-52.3,500,1464.160537
-20.5,500,1464.216272
-24.3,500,1464.503511
-25.7,500,1464.559512
-44.6,500,1464.616375
-25.5,500,1464.673052
-17.5,500,1464.72963
-52.7,500,1465.014771
-23.2,500,1465.071645
-26.5,500,1465.128207
-25.7,500,1465.184068
-22.0,500,1465.46858
-21.9,500,1465.524084
-25.0,500,1465.580725
-3.6,500,1465.6361
-51.2,500,1465.921585
-46.0,500,1465.977931
-17.6,500,1466.033948
-22.9,500,1466.091235
-20.4,500,1466.375949
-56.8,500,1466.433384
-47.8,500,1466.489156
-23.6,500,1466.546093
-24.9,500,1466.829615
-26.0,500,1466.886656
-22.9,500,1466.942349
-23.4,500,1466.999408
-55.8,500,1467.284932
-25.3,500,1467.34131
-25.2,500,1467.397606
-26.1,500,1467.454289
-24.5,500,1467.739963
-22.9,500,1467.796699
0.6,500,1467.85364
-46.7,500,1467.909728
-25.3,500,1468.195497
-52.2,500,1468.250985
-20.8,500,1468.307645
-25.6,500,1468.363169
-21.1,500,1468.648974
-24.0,500,1468.706285
-21.6,500,1468.762571
-22.5,500,1468.819728
-25.0,500,1469.103747
-21.3,500,1469.161812
-22.6,500,1469.21813
-26.5,500,1469.275199
-24.1,500,1469.55984
-24.8,500,1469.617377
-24.1,500,1469.673778
-22.4,500,1469.73007
-46.9,500,1469.786546
-52.3,500,1470.070366
-24.2,500,1470.127162
-2.1,500,1470.182906
-19.8,500,1470.240251
-55.3,500,1470.525105
-52.4,500,1470.582394
-21.2,500,1470.63782
-19.1,500,1470.69464
-24.1,500,1470.97884
22.2,500,1471.036661
-25.8,500,1471.092685
-23.8,500,1471.148899
-21.1,500,1471.434194
-26.8,500,1471.490212
-20.9,500,1471.547758
-19.5,500,1471.602912
-23.4,500,1471.887441
-21.9,500,1471.942917
-21.6,500,1471.99967
-21.8,500,1472.055895
-25.9,500,1472.341186
-21.7,500,1472.396725
-22.5,500,1472.453279
-52.2,500,1472.510272
-24.4,500,1472.795169
-47.6,500,1472.85207
-19.4,500,1472.907476
-27.7,500,1472.963943
-21.1,500,1473.248053
-25.0,500,1473.306048
-23.7,500,1473.362164
-21.4,500,1473.419249
-22.2,500,1473.70313
-47.0,500,1473.76085
-23.8,500,1473.817092
-24.9,500,1473.874208
-22.5,500,1474.161286
-52.9,500,1474.217988
-21.0,500,1474.274604
-23.1,500,1474.330815
-25.0,500,1474.38811
-23.3,500,1474.673478
-51.2,500,1474.730283
25.0,500,1474.78627
-25.5,500,1474.843805
-15.1,500,1475.127222
-18.5,500,1475.184528
-24.1,500,1475.2402
-19.0,500,1475.297403
-47.8,500,1475.581979
-17.0,500,1475.638485
-23.8,500,1475.695557
-23.9,500,1475.751208
-20.5,500,1476.036893
-23.4,500,1476.09293
-17.9,500,1476.150067
-49.2,500,1476.206654
-21.7,500,1476.491255
-52.5,500,1476.548473
-22.9,500,1476.60501
-21.9,500,1476.662112
-21.3,500,1476.945253
-50.5,500,1477.002993
-22.8,500,1477.059331
-51.1,500,1477.116317
-51.7,500,1477.400409
-22.4,500,1477.457041
20.4,500,1477.512497
-25.1,500,1477.569714
-16.3,500,1477.852969
-27.2,500,1477.910249
2.7,500,1477.966421
-19.0,500,1478.023554
-21.4,500,1478.30821
-26.2,500,1478.364691
-24.6,500,1478.421274
-22.5,500,1478.477178
-23.6,500,1478.764138
-23.7,500,1478.820493
-26.5,500,1478.877385
-22.9,500,1478.933497
-23.2,500,1478.990288
-24.8,500,1479.274841
-25.0,500,1479.332546
-25.3,500,1479.389118
-52.7,500,1479.444975
-24.6,500,1479.730726
-23.0,500,1479.787141
-22.4,500,1479.844454
21.6,500,1479.89994
-23.0,500,1480.185124
-18.4,500,1480.241174
-20.6,500,1480.298025
-51.7,500,1480.354346
-17.1,500,1480.682121
-27.9,500,1480.739804
-21.9,500,1480.79529
-20.7,500,1480.852013
-18.7,500,1481.136373
-24.1,500,1481.192593
-25.2,500,1481.249423
-29.2,500,1481.305026
-21.5,500,1481.589321
-21.2,500,1481.644787
4.6,500,1481.701544
-20.2,500,1481.757584
-17.6,500,1482.043706
-56.1,500,1482.100657
-23.4,500,1482.157375
-24.5,500,1482.213597
-29.3,500,1482.498877
-23.8,500,1482.555916
-48.9,500,1482.611965
-18.1,500,1482.669101
-54.0,500,1482.953092
-23.9,500,1483.010011
-17.0,500,1483.066178
-21.0,500,1483.123378
-24.1,500,1483.407397
-27.4,500,1483.464964
-52.8,500,1483.520706
-26.2,500,1483.577379
-18.6,500,1483.860411
-56.6,500,1483.917901
-21.0,500,1483.974647
-19.5,500,1484.03104
-14.5,500,1484.087665
-28.8,500,1484.373797
-25.9,500,1484.429605
-25.6,500,1484.485863
-15.1,500,1484.54293
-28.9,500,1484.827281
-21.9,500,1484.884405
-24.3,500,1484.940559
-52.4,500,1484.998393
-26.7,500,1485.281968
-22.4,500,1485.339311
-22.0,500,1485.395478
-24.5,500,1485.452577
-29.7,500,1485.735983
-21.3,500,1485.792153
-24.4,500,1485.84892
-24.2,500,1485.905119
-26.3,500,1486.190668
25.5,500,1486.246277
-21.1,500,1486.303428
-19.2,500,1486.359533
-24.1,500,1486.644204
-27.3,500,1486.700233
-51.3,500,1486.757242
-25.3,500,1486.813213
-23.4,500,1487.097273
-21.8,500,1487.154277
-20.6,500,1487.210577
-21.3,500,1487.267801
-23.7,500,1487.552523
-17.7,500,1487.609942
-14.0,500,1487.665976
-18.2,500,1487.722848
-56.6,500,1488.00766
-25.1,500,1488.065555
-54.6,500,1488.122696
-18.6,500,1488.178665
-50.2,500,1488.463125
-26.6,500,1488.519479
-22.6,500,1488.576256
-22.0,500,1488.632632
-18.3,500,1488.689345
-49.8,500,1488.974017
-24.0,500,1489.031244
-45.1,500,1489.08732
-18.6,500,1489.144537
-50.3,500,1489.431833
-24.3,500,1489.488777
-49.5,500,1489.545177
1.8,500,1489.601121
-27.0,500,1489.886346
-21.4,500,1489.942606
-28.4,500,1489.999328
-46.3,500,1490.054997
-50.1,500,1490.340057
-18.4,500,1490.395405
-50.6,500,1490.452806
-49.6,500,1490.508755
-21.3,500,1490.79504
-16.2,500,1490.85159
-24.5,500,1490.908248
-22.8,500,1490.965393
-21.0,500,1491.250216
-19.1,500,1491.307773
-21.3,500,1491.363828
-20.2,500,1491.420783
-21.9,500,1491.704188
-47.5,500,1491.761472
-17.8,500,1491.817463
-17.7,500,1491.874259
-50.2,500,1492.168108
-44.2,500,1492.224855
-51.7,500,1492.282786
-25.2,500,1492.338119
-21.6,500,1492.623298
-25.5,500,1492.678412
-21.9,500,1492.735406
5.1,500,1492.790932
-23.0,500,1493.076039
-23.9,500,1493.132678
-22.5,500,1493.189079
-18.7,500,1493.245355
-20.2,500,1493.528462
-17.9,500,1493.584964
-20.6,500,1493.639999
-22.8,500,1493.696603
-25.0,500,1493.752921
-21.2,500,1494.038351
-19.2,500,1494.093576
-23.8,500,1494.150081
-18.4,500,1494.206389
-21.3,500,1494.492239
25.3,500,1494.5489
-20.9,500,1494.605427
22.3,500,1494.661508
-25.6,500,1494.945889
-19.1,500,1495.002389
-24.5,500,1495.057909
-27.7,500,1495.114568
-54.8,500,1495.400549
-22.7,500,1495.457518
-67.2,500,1495.514474
-27.7,500,1495.570743
-23.2,500,1495.855694
-50.7,500,1495.911829
-23.7,500,1495.974612
-24.3,500,1496.03627
-17.0,500,1496.353488
-25.1,500,1496.417542
-52.6,500,1496.480034
5.7,500,1496.537431
-50.9,500,1496.834264
-21.8,500,1496.890419
-19.5,500,1496.946739
-52.4,500,1497.00272
-24.5,500,1497.28965
-24.0,500,1497.344992
-19.7,500,1497.40228
-19.8,500,1497.458676
-27.2,500,1497.744913
-22.4,500,1497.803135
24.7,500,1497.861463
-18.9,500,1497.927283
-49.8,500,1498.215538
-28.6,500,1498.271764
-19.5,500,1498.328732
-18.9,500,1498.38415
-56.2,500,1498.441687
-23.8,500,1498.726327
-22.2,500,1498.783311
-21.4,500,1498.840304
-16.1,500,1498.897044
-25.7,500,1499.182809
-64.1,500,1499.239406
-25.2,500,1499.295378
-48.3,500,1499.352544
-26.0,500,1499.638101
-51.8,500,1499.69441
-20.5,500,1499.751221
-24.4,500,1499.807172
-19.7,500,1500.093336
-21.6,500,1500.150208
-19.7,500,1500.206297
-48.8,500,1500.263645
-16.6,500,1500.548761
-22.7,500,1500.60627
-21.5,500,1500.662104
-21.7,500,1500.719549
-24.3,500,1501.004818
-23.8,500,1501.061601
-19.7,500,1501.118544
-22.9,500,1501.174603
-26.3,500,1501.459152
-25.4,500,1501.514941
-29.5,500,1501.572204
-23.7,500,1501.627665
-21.7,500,1501.911958
-26.4,500,1501.967674
-23.6,500,1502.024373
-17.9,500,1502.080597
-21.2,500,1502.36592
-50.4,500,1502.422409
-20.0,500,1502.478517
-47.8,500,1502.535113
-27.0,500,1502.819564
-21.6,500,1502.876723
-19.8,500,1502.932658
-50.6,500,1502.990161
-52.1,500,1503.046486
-22.0,500,1503.332567
-18.5,500,1503.389048
-16.6,500,1503.446297
-48.4,500,1503.502246
-47.8,500,1503.786909
-23.2,500,1503.844364
-24.5,500,1503.899726
-47.6,500,1503.956415
-51.5,500,1504.24155
-21.4,500,1504.29946
-22.2,500,1504.356198
-26.0,500,1504.41318
-26.2,500,1504.697931
-20.0,500,1504.754471
-21.3,500,1504.810921
-22.9,500,1504.866771
5.8,500,1505.151562
-19.2,500,1505.207086
-23.2,500,1505.264206
-45.6,500,1505.320069
-19.2,500,1505.604926
-20.6,500,1505.661005
-20.5,500,1505.718113
-26.2,500,1505.774152
-50.4,500,1506.059117
-23.6,500,1506.114619
-24.2,500,1506.171441
-50.5,500,1506.226731
-21.2,500,1506.512596
28.9,500,1506.569443
-48.6,500,1506.624975
5.3,500,1506.710612
-20.8,500,1507.006213
-47.7,500,1507.061784
-27.5,500,1507.118719
-49.9,500,1507.174633
-54.5,500,1507.45939
-22.6,500,1507.515155
-57.5,500,1507.573284
-17.3,500,1507.629507
20.8,500,1507.914342
-25.9,500,1507.971383
-26.6,500,1508.027207
-19.0,500,1508.084601
-31.0,500,1508.14026
-24.9,500,1508.426337
-52.1,500,1508.483183
-22.6,500,1508.539978
-26.8,500,1508.595633
-19.6,500,1508.880925
-24.3,500,1508.937547
-55.9,500,1508.994175
-19.0,500,1509.050623
-23.5,500,1509.336322
-24.1,500,1509.393794
-21.9,500,1509.450027
-50.6,500,1509.507098
-22.7,500,1509.791047
-61.4,500,1509.847925
-17.7,500,1509.903638
-22.4,500,1509.960256
-22.2,500,1510.244696
-20.8,500,1510.301063
-21.6,500,1510.357593
-22.6,500,1510.413585
-22.4,500,1510.697852
-20.6,500,1510.753825
-20.7,500,1510.810667
-21.7,500,1510.866853
-52.1,500,1511.152818
-47.6,500,1511.20898
-20.6,500,1511.265952
-24.7,500,1511.322849
-22.9,500,1511.607573
-22.8,500,1511.664739
-3.4,500,1511.720433
-25.1,500,1511.776841
-23.9,500,1512.059819
-11.4,500,1512.117404
-20.8,500,1512.173395
-18.5,500,1512.230268
-19.3,500,1512.514448
-22.1,500,1512.571655
-51.6,500,1512.629005
-25.8,500,1512.68491
-47.4,500,1512.742037
-51.0,500,1513.026348
-21.9,500,1513.082826
-24.6,500,1513.138984
-49.4,500,1513.195554
-46.1,500,1513.479639
-17.2,500,1513.537054
-51.7,500,1513.592874
-46.7,500,1513.650515
-19.7,500,1513.936228
-21.6,500,1513.992615
-18.5,500,1514.049793
-23.6,500,1514.106077
-47.8,500,1514.392408
17.9,500,1514.447428
-51.4,500,1514.505082
-24.1,500,1514.560901
-21.5,500,1514.845524
-24.0,500,1514.90085
-0.9,500,1514.958065
-27.3,500,1515.013412
-19.0,500,1515.29837
-26.6,500,1515.356033
-25.2,500,1515.411999
-51.8,500,1515.468737
-52.4,500,1515.753208
0.8,500,1515.810145
-20.1,500,1515.865252
-53.9,500,1515.922672
9.8,500,1516.206488
-19.7,500,1516.26337
-24.3,500,1516.32033
23.1,500,1516.376781
-26.2,500,1516.660481
-46.3,500,1516.716622
-17.0,500,1516.773477
-24.8,500,1516.829284
-21.2,500,1517.114524
-24.8,500,1517.170106
-51.1,500,1517.227005
-24.7,500,1517.28279
-23.1,500,1517.568402
-20.0,500,1517.625227
-51.8,500,1517.681481
-24.7,500,1517.738542
-20.0,500,1517.794347
-51.9,500,1518.080352
-21.7,500,1518.136287
-21.4,500,1518.193102
-18.8,500,1518.248872
-23.2,500,1518.533944
-23.5,500,1518.590033
-15.9,500,1518.646825
-50.6,500,1518.70194
-21.4,500,1518.987022
-23.6,500,1519.043518
-26.8,500,1519.09989
-25.6,500,1519.15606
-23.3,500,1519.44228
-52.7,500,1519.499707
-25.7,500,1519.556224
-19.3,500,1519.61296
-26.9,500,1519.896714
-23.7,500,1519.954143
-23.5,500,1520.009868
-25.5,500,1520.066576
-49.1,500,1520.353008
-22.7,500,1520.410056
-52.0,500,1520.467139
-51.0,500,1520.522843
2.3,500,1520.807512
-47.1,500,1520.864389
-51.6,500,1520.921645
-49.0,500,1520.977296
-16.0,500,1521.261754
-25.0,500,1521.318631
-19.4,500,1521.375302
-48.7,500,1521.431767
-28.0,500,1521.715359
12.3,500,1521.771961
-20.0,500,1521.827864
-28.9,500,1521.885022
-20.3,500,1522.169045
-21.6,500,1522.225979
-18.1,500,1522.28137
-22.0,500,1522.338557
-26.0,500,1522.394549
-26.0,500,1522.679579
-22.8,500,1522.736604
-20.5,500,1522.792693
-26.0,500,1522.84961
-23.5,500,1523.134294
-20.8,500,1523.191907
-21.7,500,1523.247757
-24.6,500,1523.304336
-24.4,500,1523.588104
-49.2,500,1523.6454
-21.4,500,1523.70119
-23.6,500,1523.758028
-50.4,500,1524.042934
-24.2,500,1524.098842
-24.4,500,1524.155341
-24.6,500,1524.211624
-31.2,500,1524.498098
-24.1,500,1524.553875
-23.3,500,1524.61028
-20.7,500,1524.665688
-50.2,500,1524.949386
-26.1,500,1525.005412
-23.5,500,1525.062625
-26.2,500,1525.117787
-53.1,500,1525.402131
-21.7,500,1525.459118
-22.0,500,1525.516057
-25.3,500,1525.573028
-48.8,500,1525.856828
-19.5,500,1525.914306
-42.9,500,1525.970309
-18.8,500,1526.027466
-28.8,500,1526.312489
-28.8,500,1526.369017
-23.3,500,1526.425899
-25.1,500,1526.482214
-22.7,500,1526.767051
-26.1,500,1526.823177
-48.7,500,1526.880375
-18.3,500,1526.936558
26.2,500,1527.221501
-20.6,500,1527.278459
-24.7,500,1527.33507
-25.7,500,1527.391508
-25.5,500,1527.447072
-25.3,500,1527.732549
-22.1,500,1527.788327
-26.6,500,1527.84539
-18.4,500,1527.901009
-26.3,500,1528.187106
-24.9,500,1528.244075
-23.9,500,1528.300394
-24.2,500,1528.357287
-24.7,500,1528.641556
22.1,500,1528.698146
-14.6,500,1528.753935
-51.6,500,1528.810994
-19.0,500,1529.095635
-20.0,500,1529.153435
-24.3,500,1529.209341
25.1,500,1529.266446
-53.5,500,1529.553964
-22.6,500,1529.609582
-25.0,500,1529.666065
-54.3,500,1529.722357
-24.5,500,1530.006198
-25.3,500,1530.061906
-23.9,500,1530.118833
-49.4,500,1530.175045
-55.7,500,1530.460554
-24.9,500,1530.517022
-50.4,500,1530.574351
-50.5,500,1530.631065
-17.9,500,1530.914825
-17.3,500,1530.972487
-48.1,500,1531.028751
-24.8,500,1531.086374
24.4,500,1531.369834
-50.0,500,1531.42711
-21.4,500,1531.483344
-0.4,500,1531.54056
-22.9,500,1531.824496
-21.7,500,1531.881164
-20.4,500,1531.937928
-53.0,500,1531.994506
-21.3,500,1532.05154
-25.9,500,1532.336911
-17.7,500,1532.394212
-18.9,500,1532.450453
-23.9,500,1532.507238
-24.7,500,1532.83234
-22.9,500,1532.888306
-52.3,500,1532.945493
-25.9,500,1533.001345
-23.7,500,1533.2866
22.8,500,1533.342307
-26.9,500,1533.399067
-50.5,500,1533.454917
-47.9,500,1533.740186
-24.2,500,1533.79644
-25.2,500,1533.852596
-20.0,500,1533.909763
-23.2,500,1534.193768
-48.6,500,1534.250804
-19.7,500,1534.306172
-19.9,500,1534.363612
-25.5,500,1534.6468
-47.9,500,1534.703804
-25.7,500,1534.760656
-47.7,500,1534.816899
-46.9,500,1535.100895
-54.6,500,1535.158464
-21.5,500,1535.214557
-23.0,500,1535.270438
-19.3,500,1535.554944
-23.9,500,1535.611369
-46.5,500,1535.668703
-22.6,500,1535.724283
-24.0,500,1536.008936
-51.8,500,1536.064683
-46.1,500,1536.122091
-26.0,500,1536.178162
-51.1,500,1536.462777
-22.1,500,1536.519599
-25.5,500,1536.575812
-18.9,500,1536.632468
-23.4,500,1536.688064
-47.3,500,1536.973511
-22.0,500,1537.029019
-19.4,500,1537.086236
-22.7,500,1537.142498
-28.4,500,1537.426539
-47.0,500,1537.48272
-22.5,500,1537.538994
-22.4,500,1537.594571
-25.0,500,1537.878894
-46.4,500,1537.935993
-43.0,500,1537.992227
-23.9,500,1538.04931
29.8,500,1538.333808
-23.4,500,1538.390605
-48.4,500,1538.446285
-21.1,500,1538.503051
-48.5,500,1538.787745
-52.7,500,1538.844236
-50.1,500,1538.901382
-29.8,500,1538.957704
-48.8,500,1539.242019
-21.7,500,1539.298384
-53.0,500,1539.355697
-23.1,500,1539.412339
-24.8,500,1539.697654
-25.5,500,1539.753958
-50.3,500,1539.8111
-49.0,500,1539.86695
-24.3,500,1540.152518
-18.8,500,1540.209441
-54.2,500,1540.265391
-48.7,500,1540.323249
-26.4,500,1540.608488
-22.1,500,1540.665162
-51.8,500,1540.721585
-43.9,500,1540.778674
-20.3,500,1541.063182
4.1,500,1541.11948
-23.5,500,1541.176372
-20.2,500,1541.232381
-28.5,500,1541.517602
-20.5,500,1541.573108
-50.2,500,1541.63106
-27.1,500,1541.686753
-22.5,500,1541.74342
-26.3,500,1542.027329
-22.9,500,1542.084417
-24.0,500,1542.140723
-22.3,500,1542.197539
-0.2,500,1542.483079
-26.4,500,1542.538803
-26.5,500,1542.595672
-24.0,500,1542.651706
-22.7,500,1542.936728
-16.8,500,1542.992996
-19.6,500,1543.049991
-23.0,500,1543.105657
-25.9,500,1543.389869
-19.9,500,1543.44636
28.2,500,1543.503193
-21.4,500,1543.560071
-23.4,500,1543.842967
-24.0,500,1543.900034
-23.0,500,1543.956468
-27.1,500,1544.013808
-24.4,500,1544.29706
-46.7,500,1544.354653
-47.9,500,1544.411213
-20.2,500,1544.468379
23.5,500,1544.752539
-22.2,500,1544.809739
-24.3,500,1544.865324
-17.7,500,1544.921742
-50.5,500,1545.205456
-51.7,500,1545.26116
-23.0,500,1545.318102
-26.3,500,1545.374229
-25.0,500,1545.658652
-22.1,500,1545.714848
-20.9,500,1545.771589
-25.4,500,1545.826821
-50.7,500,1546.111346
-49.0,500,1546.16737
-48.9,500,1546.224216
-21.8,500,1546.281401
-25.7,500,1546.337065
-28.4,500,1546.621932
23.9,500,1546.677563
-48.0,500,1546.734016
-46.7,500,1546.790316
-19.3,500,1547.074144
-20.3,500,1547.129925
-28.2,500,1547.18693
-26.1,500,1547.242619
-21.8,500,1547.527419
-25.0,500,1547.5839
-24.5,500,1547.640603
22.9,500,1547.696543
-28.5,500,1547.981554
-20.1,500,1548.039067
-50.8,500,1548.09565
-25.0,500,1548.153059
-18.9,500,1548.438136
-22.3,500,1548.4952
-24.7,500,1548.55171
-25.3,500,1548.609085
-20.1,500,1548.893333
-44.6,500,1548.950104
3.9,500,1549.006455
-23.0,500,1549.063551
-54.6,500,1549.349131
-26.0,500,1549.405829
-23.6,500,1549.462865
-24.2,500,1549.51831
-23.1,500,1549.803664
-50.1,500,1549.858691
-27.3,500,1549.915749
-62.5,500,1549.971276
-54.0,500,1550.255948
-27.1,500,1550.312053
19.4,500,1550.369027
-22.9,500,1550.426189
17.8,500,1550.709848
-23.4,500,1550.76682
-53.8,500,1550.823385
-20.5,500,1550.880079
-26.7,500,1551.163335
-47.9,500,1551.221287
-26.6,500,1551.276695
17.6,500,1551.332914
-23.6,500,1551.389216
-22.8,500,1551.674535
-25.1,500,1551.730725
-20.9,500,1551.786775
-16.0,500,1551.843314
-26.6,500,1552.127727
-22.7,500,1552.184426
23.8,500,1552.23992
-21.9,500,1552.296639
-48.3,500,1552.581166
-23.8,500,1552.638683
-26.5,500,1552.694133
-18.0,500,1552.751428
-46.7,500,1553.037136
-19.8,500,1553.092772
-21.9,500,1553.150017
-21.2,500,1553.205853
-20.9,500,1553.490714
-22.7,500,1553.546958
-24.3,500,1553.604353
-25.1,500,1553.660219
-23.5,500,1553.945914
-26.2,500,1554.003437
-51.7,500,1554.0599
-26.5,500,1554.116833
-47.0,500,1554.40295
-21.8,500,1554.460503
-47.1,500,1554.51642
-0.2,500,1554.573123
-20.9,500,1554.856178
-24.4,500,1554.913309
-21.0,500,1554.969239
-23.0,500,1555.025836
-29.3,500,1555.31109
-48.5,500,1555.366642
-26.1,500,1555.423612
-20.6,500,1555.479586
-20.3,500,1555.763989
-25.7,500,1555.82059
24.2,500,1555.87797
-22.5,500,1555.933922
-21.3,500,1555.991185
-49.2,500,1556.276377
-19.3,500,1556.332711
-24.3,500,1556.389211
-22.9,500,1556.44613
-26.7,500,1556.730701
21.4,500,1556.787312
-17.3,500,1556.844077
-50.8,500,1556.900555
-23.9,500,1557.186033
-18.3,500,1557.241804
-21.9,500,1557.299369
-20.3,500,1557.354985
-25.2,500,1557.639993
-14.2,500,1557.696765
-25.0,500,1557.753475
-67.0,500,1557.810863
-21.1,500,1558.095246
-20.0,500,1558.152728
-26.1,500,1558.208834
-49.4,500,1558.266578
-25.7,500,1558.551502
-25.9,500,1558.608274
-50.2,500,1558.66565
-22.9,500,1558.721494
-48.6,500,1559.006754
-28.2,500,1559.062713
-19.8,500,1559.119594
-24.0,500,1559.176081
-24.3,500,1559.464031
-20.7,500,1559.520012
-18.9,500,1559.612425
-23.4,500,1559.669958
-30.3,500,1559.954556
-53.3,500,1560.011631
-47.9,500,1560.067899
-23.9,500,1560.124587
-28.4,500,1560.408827
-56.7,500,1560.465025
-22.3,500,1560.522701
-18.8,500,1560.578443
-24.6,500,1560.63482
-27.1,500,1560.918843
-18.7,500,1560.975991
-24.7,500,1561.03161
-23.9,500,1561.088297
-26.1,500,1561.372413
-48.8,500,1561.429566
-18.3,500,1561.485771
-25.3,500,1561.541931
-22.2,500,1561.827193
-25.4,500,1561.883116
-24.4,500,1561.940267
-23.4,500,1561.996304
-25.2,500,1562.281319
-26.0,500,1562.337619
-17.2,500,1562.394909
-23.2,500,1562.450174
-23.1,500,1562.735992
-48.2,500,1562.791815
-21.8,500,1562.848192
-17.7,500,1562.904026
-19.7,500,1563.189398
18.8,500,1563.246881
-18.7,500,1563.302703
-16.9,500,1563.359598
-9.4,500,1563.643286
-20.7,500,1563.700909
-17.7,500,1563.75629
-20.0,500,1563.813302
-21.0,500,1564.097811
-20.6,500,1564.154055
-54.4,500,1564.211393
-57.9,500,1564.268175
-51.2,500,1564.5549
-54.2,500,1564.611568
-20.2,500,1564.66866
-22.0,500,1564.724576
-21.7,500,1565.010119
-27.3,500,1565.066378
-25.1,500,1565.12287
-52.6,500,1565.178617
-23.9,500,1565.464261
-47.1,500,1565.521502
-24.3,500,1565.578072
-47.1,500,1565.635188
-26.5,500,1565.691142
-20.5,500,1565.975703
-22.9,500,1566.032074
-22.1,500,1566.08911
-22.4,500,1566.14487
-22.1,500,1566.431167
-21.3,500,1566.488283
-52.7,500,1566.544856
-25.6,500,1566.60122
-25.8,500,1566.885345
-23.0,500,1566.94264
-52.5,500,1566.999028
-21.1,500,1567.055817
-53.1,500,1567.341012
-27.4,500,1567.397509
-50.5,500,1567.453887
-19.7,500,1567.510106
-21.5,500,1567.79451
-51.1,500,1567.850946
-21.9,500,1567.907851
-23.7,500,1567.963894
-49.8,500,1568.247716
-24.1,500,1568.304176
-51.1,500,1568.361985
-21.1,500,1568.418117
-22.5,500,1568.703376
-24.4,500,1568.760477
-25.4,500,1568.816116
-66.1,500,1568.872362
-23.0,500,1569.156389
-29.0,500,1569.213513
-26.5,500,1569.268685
-22.4,500,1569.325803
-24.0,500,1569.611345
-24.0,500,1569.668788
-19.5,500,1569.725338
-51.6,500,1569.781526
-20.1,500,1570.064305
-23.6,500,1570.121157
-49.7,500,1570.1775
-26.3,500,1570.233633
-21.3,500,1570.290561
-21.3,500,1570.574693
-26.0,500,1570.631445
-21.2,500,1570.68718
-47.9,500,1570.744335
-22.3,500,1571.026936
-58.1,500,1571.084515
-25.2,500,1571.141178
-22.0,500,1571.198028
-19.8,500,1571.482227
-25.0,500,1571.538235
-26.4,500,1571.595646
-16.9,500,1571.650955
-26.2,500,1571.936269
-23.2,500,1571.992446
-26.0,500,1572.049776
-19.3,500,1572.105714
-23.6,500,1572.390597
-15.0,500,1572.446852
-21.7,500,1572.503694
-52.1,500,1572.558986
-21.3,500,1572.844579
-27.3,500,1572.901225
-22.3,500,1572.957597
-20.6,500,1573.014547
-22.7,500,1573.298373
-24.2,500,1573.355138
-26.7,500,1573.411585
-51.1,500,1573.468514
-47.4,500,1573.753588
-19.6,500,1573.810363
-22.8,500,1573.866944
-21.9,500,1573.923512
-47.1,500,1574.208326
-23.7,500,1574.264829
-22.6,500,1574.321939
-17.8,500,1574.377866
-25.4,500,1574.664425
-24.8,500,1574.720773
-19.1,500,1574.778258
-26.4,500,1574.834405
-22.7,500,1575.119395
-53.4,500,1575.177174
-51.8,500,1575.233386
-24.7,500,1575.290515
-55.5,500,1575.346608
-24.9,500,1575.632474
-23.2,500,1575.688443
-56.6,500,1575.745431
-20.0,500,1575.801516
-21.2,500,1576.08563
-22.6,500,1576.142852
-51.9,500,1576.198976
-50.1,500,1576.255516
-25.5,500,1576.540537
-22.8,500,1576.59728
-26.8,500,1576.653729
-21.9,500,1576.711061
-24.9,500,1576.994133
-23.3,500,1577.051576
-53.9,500,1577.107703
-49.8,500,1577.164193
-22.6,500,1577.447349
-26.0,500,1577.504573
-23.3,500,1577.560319
-28.8,500,1577.617425
-28.1,500,1577.901709
-26.0,500,1577.957943
-26.3,500,1578.014585
-49.1,500,1578.070748
-25.0,500,1578.356528
-19.8,500,1578.41259
-52.3,500,1578.470226
-20.7,500,1578.526304
-50.3,500,1578.811656
-23.5,500,1578.867812
-17.6,500,1578.924677
-50.6,500,1578.979923
-23.5,500,1579.2651
-23.7,500,1579.322099
-26.5,500,1579.378294
-23.6,500,1579.435171
-23.8,500,1579.719898
-24.1,500,1579.777235
-26.7,500,1579.832697
-20.7,500,1579.890189
-22.2,500,1579.946735
-20.4,500,1580.23085
-19.6,500,1580.286719
-22.8,500,1580.34426
-25.7,500,1580.400443
-50.2,500,1580.68501
-53.4,500,1580.741848
-23.4,500,1580.797268
-22.1,500,1580.853458
-25.4,500,1581.137714
-22.7,500,1581.195198
-5.9,500,1581.250973
-21.6,500,1581.30816
-21.6,500,1581.594226
-27.2,500,1581.651244
-18.0,500,1581.707858
-22.0,500,1581.763156
-19.4,500,1582.048449
-52.2,500,1582.104797
-21.9,500,1582.161397
-22.3,500,1582.217032
-20.4,500,1582.501379
-21.1,500,1582.557079
-20.2,500,1582.613627
-24.7,500,1582.669753
-49.3,500,1582.953804
-19.9,500,1583.011278
-22.0,500,1583.067292
-26.1,500,1583.124549
-53.5,500,1583.408425
-29.5,500,1583.465524
-17.6,500,1583.521205
-2.5,500,1583.578495
-18.4,500,1583.862446
-17.9,500,1583.91945
-25.4,500,1583.976672
-13.8,500,1584.032431
-22.9,500,1584.316624
-18.0,500,1584.373485
-25.1,500,1584.431476
-21.9,500,1584.487282
-18.6,500,1584.771415
-21.9,500,1584.827249
-25.4,500,1584.884998
-23.5,500,1584.942247
-17.3,500,1584.998267
-20.3,500,1585.323792
-22.2,500,1585.380246
-49.6,500,1585.436804
-47.4,500,1585.493612
-29.3,500,1585.778093
-24.7,500,1585.835878
-49.3,500,1585.892156
-23.5,500,1585.949143
-20.1,500,1586.233429
-24.4,500,1586.291046
-27.9,500,1586.348316
-22.8,500,1586.404335
-51.4,500,1586.689664
-52.0,500,1586.745165
-23.4,500,1586.801494
-22.4,500,1586.857195
-21.6,500,1587.141709
-15.0,500,1587.197304
-22.8,500,1587.254601
-23.9,500,1587.309881
-25.7,500,1587.594896
-25.0,500,1587.651317
2.2,500,1587.709034
-21.1,500,1587.765671
-68.3,500,1588.049263
-20.9,500,1588.107493
-50.6,500,1588.164359
-55.4,500,1588.222192
-19.0,500,1588.505969
-51.1,500,1588.563942
-57.1,500,1588.620194
-23.3,500,1588.676973
-25.3,500,1588.96204
-22.7,500,1589.018552
-53.0,500,1589.075932
-51.1,500,1589.131853
-19.0,500,1589.418229
-50.9,500,1589.474198
-24.5,500,1589.531506
-21.0,500,1589.587503
-23.8,500,1589.644178
-21.2,500,1589.929423
-15.0,500,1589.98577
-16.6,500,1590.042832
-24.3,500,1590.09872
-29.3,500,1590.384325
-24.5,500,1590.440088
-19.9,500,1590.496898
-51.2,500,1590.552759
-53.3,500,1590.83706
-24.0,500,1590.893331
-18.7,500,1590.950473
-17.7,500,1591.007467
-25.7,500,1591.291604
-21.9,500,1591.348673
-25.3,500,1591.404845
-22.6,500,1591.46205
-25.9,500,1591.74558
-25.2,500,1591.802164
-21.3,500,1591.857958
-19.1,500,1591.915352
3.8,500,1592.200715
-52.6,500,1592.25759
-25.8,500,1592.314598
-25.9,500,1592.370453
-17.3,500,1592.654946
-22.0,500,1592.710924
-22.6,500,1592.767323
-45.7,500,1592.823541
-17.1,500,1593.108415
-51.2,500,1593.163814
-23.9,500,1593.220497
-24.6,500,1593.276192
-27.6,500,1593.56087
-27.1,500,1593.617704
-52.0,500,1593.673467
-23.9,500,1593.730518
-21.4,500,1594.014245
-51.8,500,1594.071718
-24.9,500,1594.127183
-21.0,500,1594.184251
-18.6,500,1594.240047
-25.7,500,1594.52638
-16.3,500,1594.583284
-20.9,500,1594.639439
-51.2,500,1594.696016
-21.9,500,1594.979853
-19.1,500,1595.036558
-20.0,500,1595.091716
-21.8,500,1595.148855
-16.7,500,1595.433036
-23.2,500,1595.490262
-24.9,500,1595.546231
-21.9,500,1595.602606
-19.5,500,1595.887221
-22.4,500,1595.943526
-46.3,500,1596.000252
-21.2,500,1596.056838
-45.2,500,1596.342888
-46.4,500,1596.398833
-26.8,500,1596.455871
-21.0,500,1596.511699
-23.4,500,1596.79682
-54.4,500,1596.854037
-15.3,500,1596.910381
-48.5,500,1596.967535
-20.3,500,1597.251809
-23.4,500,1597.308694
-20.4,500,1597.364446
-23.9,500,1597.421817
-24.6,500,1597.707078
-25.9,500,1597.764714
-20.0,500,1597.820817
11.1,500,1597.87772
-21.7,500,1598.162422
-22.0,500,1598.217965
-58.8,500,1598.275083
-49.4,500,1598.33152
-26.9,500,1598.615283
26.0,500,1598.672014
-27.7,500,1598.72915
-20.6,500,1598.784714
-24.6,500,1599.070423
-22.2,500,1599.126833
-52.6,500,1599.182977
-53.3,500,1599.23998
-18.3,500,1599.296394
-20.5,500,1599.584608
-27.7,500,1599.640896
-26.4,500,1599.698164
-19.4,500,1599.754157
-18.9,500,1600.039108
-25.0,500,1600.096719
-22.0,500,1600.152121
-23.3,500,1600.209303
-29.6,500,1600.493206
-21.3,500,1600.550532
-51.5,500,1600.606293
-18.0,500,1600.662622
-27.5,500,1600.946721
-21.9,500,1601.004173
-21.6,500,1601.059525
-22.9,500,1601.11647
-50.0,500,1601.400731
-21.1,500,1601.456975
-21.8,500,1601.513869
-22.4,500,1601.570346
-51.4,500,1601.8544
-21.2,500,1601.910757
-22.6,500,1601.967166
-25.0,500,1602.023078
-22.3,500,1602.308245
-16.2,500,1602.364173
-13.9,500,1602.421381
-19.7,500,1602.477595
-27.2,500,1602.761954
-27.2,500,1602.819773
-21.4,500,1602.876181
-47.1,500,1602.933203
30.3,500,1603.216605
-24.9,500,1603.273819
-48.2,500,1603.329686
-26.2,500,1603.386214
-27.7,500,1603.670587
-23.8,500,1603.727455
-23.6,500,1603.784615
-48.8,500,1603.841044
-17.3,500,1603.89821
-20.1,500,1604.182345
-25.0,500,1604.239631
-24.7,500,1604.296346
-53.2,500,1604.35359
-23.5,500,1604.641094
-21.2,500,1604.698291
-23.2,500,1604.753697
-22.3,500,1604.810716
-20.3,500,1605.095967
-19.0,500,1605.15224
-50.2,500,1605.209627
-22.7,500,1605.265401
-46.5,500,1605.550823
-24.5,500,1605.606516
-18.7,500,1605.663327
-17.1,500,1605.719939
-25.3,500,1606.005536
-26.1,500,1606.062693
-21.8,500,1606.118855
-19.5,500,1606.17618
-26.2,500,1606.476792
-46.2,500,1606.534936
-25.1,500,1606.59125
-18.4,500,1606.64846
15.0,500,1606.933179
-26.6,500,1606.989801
-22.1,500,1607.046702
-24.1,500,1607.102589
-51.0,500,1607.388063
-24.9,500,1607.444328
-27.4,500,1607.500715
-24.4,500,1607.556286
-22.6,500,1607.842057
-23.5,500,1607.898624
-19.9,500,1607.956412
-18.3,500,1608.012015
-50.0,500,1608.296372
-20.7,500,1608.352614
-22.6,500,1608.40894
-22.2,500,1608.466367
-22.4,500,1608.749378
-19.7,500,1608.805809
-21.4,500,1608.861712
-23.6,500,1608.918504
-50.1,500,1608.973895
-21.8,500,1609.257924
-25.0,500,1609.313028
-24.1,500,1609.36971
-50.2,500,1609.425773
-49.5,500,1609.711094
-42.7,500,1609.767548
-22.6,500,1609.82346
-20.5,500,1609.880557
-22.3,500,1610.164807
-24.5,500,1610.22191
-21.2,500,1610.278201
-61.6,500,1610.335993
-21.3,500,1610.619865
-25.0,500,1610.720381
-18.1,500,1610.777987
-22.4,500,1610.833904
-30.4,500,1611.119069
1.7,500,1611.176029
-53.3,500,1611.232929
-21.3,500,1611.289698
28.2,500,1611.573422
-27.2,500,1611.630697
-32.8,500,1611.687328
-21.1,500,1611.7446
-23.9,500,1612.028494
-51.7,500,1612.086174
-18.4,500,1612.141769
-24.4,500,1612.19888
-51.6,500,1612.483401
-24.0,500,1612.540167
-17.8,500,1612.5967
-26.6,500,1612.652172
-23.5,500,1612.936853
-24.2,500,1612.993036
-21.1,500,1613.049485
-21.9,500,1613.105177
-17.2,500,1613.390812
-21.2,500,1613.446985
-24.5,500,1613.504832
-23.7,500,1613.561351
-50.9,500,1613.618647
-53.7,500,1613.904461
-25.0,500,1613.960494
-0.5,500,1614.016748
-52.7,500,1614.073405
-20.1,500,1614.358065
-24.7,500,1614.413946
-25.7,500,1614.471853
-27.3,500,1614.52787
-16.2,500,1614.812444
-21.3,500,1614.869558
-48.5,500,1614.925766
-21.1,500,1614.981912
-25.9,500,1615.265921
-22.6,500,1615.322777
-20.0,500,1615.378784
-52.9,500,1615.435715
-23.2,500,1615.719661
-47.6,500,1615.777473
-21.6,500,1615.833347
-23.3,500,1615.890584
-22.7,500,1616.175038
-91.3,500,1616.23214
-20.8,500,1616.288915
-22.9,500,1616.34516
-18.2,500,1616.629968
-50.8,500,1616.686511
-23.9,500,1616.743845
-20.5,500,1616.799797
-22.7,500,1617.085016
-55.1,500,1617.141361
-26.4,500,1617.198977
-25.9,500,1617.255164
-28.1,500,1617.539953
-18.9,500,1617.595646
-22.8,500,1617.654095
-25.4,500,1617.710933
24.8,500,1617.995938
-24.8,500,1618.053759
-22.0,500,1618.110634
-55.3,500,1618.167826
-52.2,500,1618.223876
-22.5,500,1618.508652
-15.6,500,1618.564962
-51.3,500,1618.622223
-23.1,500,1618.677648
-26.7,500,1618.963394
-24.8,500,1619.020611
-21.7,500,1619.07732
-20.4,500,1619.135958
-20.7,500,1619.426173
-19.8,500,1619.483909
-28.5,500,1619.540289
-18.9,500,1619.596912
-22.7,500,1619.881515
-21.6,500,1619.937912
-21.1,500,1619.995136
-25.5,500,1620.050857
-22.3,500,1620.336613
-47.1,500,1620.392862
-22.1,500,1620.449329
-49.6,500,1620.505585
-27.1,500,1620.79066
-48.5,500,1620.846281
-51.0,500,1620.903756
-48.8,500,1620.95991
-22.5,500,1621.245031
-25.1,500,1621.302628
-48.4,500,1621.358682
-18.9,500,1621.415248
-52.8,500,1621.700462
-20.2,500,1621.757374
-52.1,500,1621.814153
-20.7,500,1621.870805
-17.2,500,1622.15427
-51.8,500,1622.211966
-26.4,500,1622.268649
-22.8,500,1622.325602
-15.9,500,1622.609908
-26.3,500,1622.66657
-26.1,500,1622.723707
-19.8,500,1622.780054
-26.2,500,1623.064854
-25.6,500,1623.120502
-26.4,500,1623.177938
-46.9,500,1623.234348
-50.5,500,1623.291704
-21.9,500,1623.57652
-23.1,500,1623.633772
-23.5,500,1623.690836
-18.4,500,1623.747488
-26.9,500,1624.032503
-50.9,500,1624.089262
-20.1,500,1624.146201
-51.7,500,1624.201539
-58.0,500,1624.487771
-19.8,500,1624.544044
-25.7,500,1624.600948
-24.9,500,1624.656782
-20.0,500,1624.942709
-25.1,500,1624.999755
21.0,500,1625.055741
-25.1,500,1625.11232
-25.3,500,1625.395844
-24.1,500,1625.455488
-48.5,500,1625.511905
-21.2,500,1625.568686
-20.3,500,1625.852524
-21.8,500,1625.909898
-28.1,500,1625.965666
-51.5,500,1626.022633
-23.4,500,1626.307609
-22.1,500,1626.364406
-24.7,500,1626.421924
-28.5,500,1626.478158
-20.0,500,1626.76266
-52.0,500,1626.819294
-24.2,500,1626.87664
-26.1,500,1626.932586
-47.4,500,1627.218051
-26.8,500,1627.274089
-22.7,500,1627.331843
-22.9,500,1627.387703
-27.3,500,1627.672685
-23.0,500,1627.730334
-23.7,500,1627.786698
-49.5,500,1627.843616
-47.9,500,1627.899275
-51.2,500,1628.185525
-18.7,500,1628.240853
-19.5,500,1628.297572
-19.8,500,1628.353875
-25.0,500,1628.638041
-20.6,500,1628.69445
-22.5,500,1628.750479
-20.5,500,1628.807129
-26.4,500,1629.09183
-24.1,500,1629.149423
-52.9,500,1629.20529
-18.2,500,1629.262009
-23.2,500,1629.548475
-19.5,500,1629.605284
-22.0,500,1629.661477
-22.1,500,1629.718391
-29.4,500,1630.003482
22.9,500,1630.059762
-20.6,500,1630.116291
-16.6,500,1630.171728
-50.1,500,1630.456837
-21.9,500,1630.512656
-21.0,500,1630.569355
-25.4,500,1630.62554
-53.5,500,1630.910342
-53.8,500,1630.96632
-17.5,500,1631.023385
-20.1,500,1631.080179
-24.2,500,1631.364326
-21.9,500,1631.42103
-19.0,500,1631.476435
-50.8,500,1631.53411
-52.1,500,1631.81699
-20.5,500,1631.874504
-25.2,500,1631.930646
-56.0,500,1631.987924
-24.2,500,1632.27135
-51.7,500,1632.329555
-18.9,500,1632.386524
22.7,500,1632.443045
-53.7,500,1632.72807
-19.7,500,1632.784304
-23.2,500,1632.841805
-27.8,500,1632.897977
-22.2,500,1632.954702
-19.1,500,1633.237973
-47.4,500,1633.29546
-46.9,500,1633.351502
-53.0,500,1633.409393
-24.9,500,1633.69367
-19.3,500,1633.750894
-27.7,500,1633.806876
-15.3,500,1633.863288
-18.7,500,1634.148693
-23.8,500,1634.205154
-29.6,500,1634.262285
-27.0,500,1634.318
-20.9,500,1634.605458
12.7,500,1634.661461
-51.1,500,1634.718991
-23.2,500,1634.774926
-20.7,500,1635.060252
-49.2,500,1635.117174
-21.3,500,1635.173841
-23.7,500,1635.230675
-22.0,500,1635.51466
-22.7,500,1635.57152
-59.1,500,1635.628419
-27.8,500,1635.685794
-24.2,500,1635.969578
-51.4,500,1636.027385
-1.6,500,1636.087897
-22.8,500,1636.148515
-23.8,500,1636.466734
-26.1,500,1636.524155
-17.0,500,1636.588214
-21.2,500,1636.651662
-24.2,500,1636.948258
-23.0,500,1637.005003
-23.0,500,1637.060924
-25.1,500,1637.118494
-18.7,500,1637.404457
-46.2,500,1637.462084
-27.3,500,1637.519004
-22.5,500,1637.574962
-21.9,500,1637.632404
-16.2,500,1637.968453
-22.5,500,1638.034148
-52.0,500,1638.094998
-26.6,500,1638.151206
-25.7,500,1638.437287
-45.9,500,1638.494226
-4.7,500,1638.549523
-16.2,500,1638.605951
-22.8,500,1638.890078
-54.0,500,1638.947186
-22.9,500,1639.002976
-18.8,500,1639.060553
-23.6,500,1639.345593
-23.3,500,1639.402726
-28.5,500,1639.459331
-25.1,500,1639.516198
-20.3,500,1639.802179
-24.2,500,1639.85789
-22.6,500,1639.915226
-20.2,500,1639.972171
-22.3,500,1640.257139
-19.8,500,1640.313268
-18.8,500,1640.370126
-21.8,500,1640.426151
-66.7,500,1640.712827
-22.0,500,1640.76984
-20.8,500,1640.826152
-28.3,500,1640.883366
-54.1,500,1641.168064
-50.3,500,1641.225586
-27.0,500,1641.281828
-21.5,500,1641.339031
-26.5,500,1641.62424
-25.2,500,1641.681525
-24.6,500,1641.738437
-28.9,500,1641.794468
-30.0,500,1642.079665
-13.2,500,1642.135864
-50.9,500,1642.193217
-53.3,500,1642.248784
-29.4,500,1642.53346
-50.6,500,1642.589868
-18.5,500,1642.647626
-17.1,500,1642.704963
-24.0,500,1642.761457
-23.9,500,1643.046754
-25.1,500,1643.103776
-25.0,500,1643.161022
-20.7,500,1643.216876
-26.4,500,1643.502498
-24.7,500,1643.558382
-55.3,500,1643.615944
-53.1,500,1643.671791
-26.7,500,1643.957167
-53.8,500,1644.014862
-47.9,500,1644.071711
-24.3,500,1644.128873
-56.7,500,1644.413893
-47.5,500,1644.472227
-58.9,500,1644.529325
-21.8,500,1644.586395
-19.2,500,1644.871563
-52.1,500,1644.928345
-22.4,500,1644.984771
-47.6,500,1645.040805
-25.4,500,1645.325863
-18.6,500,1645.381674
-19.6,500,1645.438446
-52.4,500,1645.494012
-19.4,500,1645.778294
-24.1,500,1645.83515
-49.9,500,1645.892459
-25.0,500,1645.948122
-50.7,500,1646.233949
-26.9,500,1646.291117
-29.6,500,1646.347555
-50.3,500,1646.404493
-24.5,500,1646.689094
-22.6,500,1646.746714
-21.6,500,1646.802191
-20.2,500,1646.859324
-20.7,500,1647.142752
-24.4,500,1647.199548
-23.8,500,1647.255687
-25.0,500,1647.313192
-25.8,500,1647.369246
-51.9,500,1647.654174
-23.7,500,1647.71062
-22.6,500,1647.767721
-22.8,500,1647.823409
-25.5,500,1648.108575
-22.3,500,1648.165341
-50.2,500,1648.221231
-48.2,500,1648.278446
-26.2,500,1648.563199
-24.1,500,1648.619426
-21.0,500,1648.674321
-20.4,500,1648.731683
-21.3,500,1649.01592
-51.0,500,1649.073678
-52.3,500,1649.129797
-24.3,500,1649.187155
-22.3,500,1649.471513
-22.2,500,1649.529388
-27.7,500,1649.586339
-26.6,500,1649.642963
24.9,500,1649.928735
-25.0,500,1649.985564
-20.2,500,1650.04285
-25.3,500,1650.098829
-21.5,500,1650.383498
-24.0,500,1650.439268
-52.7,500,1650.496457
-25.2,500,1650.552176
-21.5,500,1650.837377
-25.3,500,1650.893482
-53.6,500,1650.950865
-50.8,500,1651.008599
-58.7,500,1651.293625
25.8,500,1651.350515
-28.4,500,1651.406419
-23.7,500,1651.463472
-23.3,500,1651.749556
-22.4,500,1651.807194
-20.4,500,1651.862968
-54.5,500,1651.920658
-49.4,500,1651.976551
-23.4,500,1652.262137
-23.5,500,1652.319718
-109.5,500,1652.375916
-22.5,500,1652.433342
-53.2,500,1652.71874
-18.9,500,1652.776046
-51.9,500,1652.831794
-24.6,500,1652.888685
-23.6,500,1653.173918
-27.2,500,1653.23016
-51.4,500,1653.286672
-49.6,500,1653.343813
-50.5,500,1653.62989
-28.9,500,1653.686678
-22.4,500,1653.744068
-22.3,500,1653.800276
-20.9,500,1654.085939
-23.8,500,1654.142155
-21.1,500,1654.198818
-48.9,500,1654.254935
-27.5,500,1654.542323
-23.9,500,1654.600222
-23.5,500,1654.656891
-24.0,500,1654.713948
-51.7,500,1654.99797
-22.2,500,1655.055407
21.8,500,1655.111157
-47.6,500,1655.168211
-47.1,500,1655.453444
-18.3,500,1655.509639
-18.0,500,1655.566201
-46.5,500,1655.622343
-52.7,500,1655.907214
-24.2,500,1655.963568
-30.7,500,1656.020743
-21.8,500,1656.076509
-49.7,500,1656.361396
-52.0,500,1656.417714
-87.4,500,1656.475448
-27.3,500,1656.531741
-23.8,500,1656.816126
-24.0,500,1656.873044
-46.7,500,1656.930293
-49.0,500,1656.988036
-24.5,500,1657.043839
-25.7,500,1657.329619
-27.0,500,1657.386003
-28.1,500,1657.44342
-25.6,500,1657.498825
-54.7,500,1657.78392
-47.0,500,1657.841335
-48.1,500,1657.897193
-24.1,500,1657.954439
-23.5,500,1658.237955
-26.9,500,1658.295837
-45.8,500,1658.352948
-46.3,500,1658.410064
-23.6,500,1658.694989
-27.2,500,1658.752038
-21.1,500,1658.808045
-21.9,500,1658.86453
-20.7,500,1659.147931
-15.4,500,1659.204466
-46.2,500,1659.261303
-19.2,500,1659.317367
-5.2,500,1659.603354
-16.5,500,1659.658847
-23.3,500,1659.715755
-48.8,500,1659.772034
-50.8,500,1660.057348
-20.7,500,1660.11469
-20.1,500,1660.171064
-17.7,500,1660.226846
-21.6,500,1660.510158
-51.6,500,1660.568169
-18.7,500,1660.624419
-23.1,500,1660.681542
-21.4,500,1660.965378
-25.9,500,1661.022815
-42.9,500,1661.079059
-26.7,500,1661.135763
-55.4,500,1661.419883
-43.1,500,1661.477762
-21.9,500,1661.533622
-48.2,500,1661.590828
-20.9,500,1661.64702
4.4,500,1661.932425
-25.6,500,1661.988834
-47.3,500,1662.044743
-46.7,500,1662.102106
-23.9,500,1662.386299
-22.4,500,1662.44347
-21.6,500,1662.499197
-46.5,500,1662.556417
-20.2,500,1662.840765
-49.2,500,1662.897125
-16.8,500,1662.95485
-46.9,500,1663.010698
-22.1,500,1663.295759
-26.2,500,1663.351721
-24.5,500,1663.40872
-21.4,500,1663.465025
-23.4,500,1663.749305
-27.2,500,1663.806104
-50.2,500,1663.863828
-21.6,500,1663.921144
-22.5,500,1664.205419
-24.4,500,1664.262609
-22.0,500,1664.318744
-21.5,500,1664.375145
-52.1,500,1664.66083
-24.3,500,1664.756491
-21.2,500,1664.813537
-29.3,500,1664.869535
-48.7,500,1665.155907
-58.9,500,1665.212392
-23.5,500,1665.268992
-25.5,500,1665.324552
-64.4,500,1665.610305
-25.0,500,1665.6674
-18.2,500,1665.723723
-50.1,500,1665.781155
-29.2,500,1666.065053
-28.4,500,1666.122156
-21.0,500,1666.177761
-24.1,500,1666.23434
-18.3,500,1666.521449
-26.7,500,1666.577712
-22.8,500,1666.634731
-50.6,500,1666.690093
-22.0,500,1666.746705
-25.7,500,1667.034724
-24.5,500,1667.091728
-23.3,500,1667.147542
-19.4,500,1667.204415
-20.6,500,1667.489973
-16.9,500,1667.546684
-19.2,500,1667.603321
-18.5,500,1667.659407
-25.8,500,1667.944654
-24.4,500,1668.001122
-24.5,500,1668.058734
-22.8,500,1668.114039
-49.3,500,1668.400123
-26.6,500,1668.455972
-20.7,500,1668.513597
-29.0,500,1668.569798
-24.9,500,1668.855405
-20.4,500,1668.912548
-24.4,500,1668.96827
-21.1,500,1669.025719
-26.4,500,1669.310174
-24.9,500,1669.367396
-23.9,500,1669.423267
-18.1,500,1669.480838
-29.2,500,1669.766089
-20.2,500,1669.823993
-50.3,500,1669.879566
-22.0,500,1669.936354
-46.0,500,1670.220046
-21.7,500,1670.276795
-28.8,500,1670.333879
-21.1,500,1670.389874
-23.4,500,1670.674504
-25.8,500,1670.731019
-21.5,500,1670.78796
-23.5,500,1670.843972
-21.9,500,1671.128904
-18.7,500,1671.185497
-26.2,500,1671.242613
-27.1,500,1671.297982
-20.0,500,1671.354831
-25.5,500,1671.640085
-12.4,500,1671.696083
-18.7,500,1671.75305
-21.9,500,1671.808927
-27.0,500,1672.094545
-21.6,500,1672.149931
-20.8,500,1672.207136
-25.3,500,1672.263392
-22.1,500,1672.548184
-23.9,500,1672.604853
-25.5,500,1672.66065
-23.1,500,1672.717179
-21.9,500,1673.001484
-21.3,500,1673.059152
-49.6,500,1673.115597
-23.6,500,1673.172801
-22.7,500,1673.456696
-51.4,500,1673.51458
-25.8,500,1673.570477
-23.7,500,1673.627118
-24.2,500,1673.912862
-48.2,500,1673.969518
-27.2,500,1674.026327
-24.8,500,1674.082348
-18.9,500,1674.367655
-28.8,500,1674.424777
-22.0,500,1674.482436
-32.9,500,1674.538922
-26.9,500,1674.824221
-51.3,500,1674.881386
-48.4,500,1674.93792
-21.1,500,1674.994645
-50.8,500,1675.279149
-18.6,500,1675.336588
-22.3,500,1675.39304
-23.7,500,1675.449899
-48.8,500,1675.734127
-25.4,500,1675.791835
-23.1,500,1675.848098
24.8,500,1675.904451
-20.3,500,1675.960447
-48.0,500,1676.245665
-24.5,500,1676.30336
-23.8,500,1676.359361
-26.1,500,1676.415966
-23.5,500,1676.699916
-20.5,500,1676.756937
-24.2,500,1676.812206
-54.9,500,1676.869414
-60.6,500,1677.154526
-28.2,500,1677.210841
-23.0,500,1677.267449
-23.9,500,1677.323833
-61.0,500,1677.609767
-24.0,500,1677.666192
-26.5,500,1677.722802
-51.7,500,1677.778426
-17.4,500,1678.061721
-49.6,500,1678.117606
16.9,500,1678.173845
-47.2,500,1678.229535
23.8,500,1678.513251
-23.6,500,1678.56949
-26.5,500,1678.625717
-21.6,500,1678.6826
-54.3,500,1678.96695
-26.7,500,1679.023484
-21.3,500,1679.078868
-25.3,500,1679.13554
-49.7,500,1679.418981
-23.0,500,1679.476234
-27.6,500,1679.532107
-20.5,500,1679.589319
-22.7,500,1679.874804
-20.1,500,1679.930449
-49.9,500,1679.987741
-23.4,500,1680.043846
-24.0,500,1680.329749
-22.6,500,1680.386197
-22.7,500,1680.443261
-51.0,500,1680.4986
-53.4,500,1680.784298
-21.9,500,1680.841727
-21.9,500,1680.898229
-24.2,500,1680.955901
-52.9,500,1681.012188
-19.5,500,1681.297937
-20.0,500,1681.354105
-23.8,500,1681.410903
-23.3,500,1681.466538
-23.8,500,1681.751507
-23.0,500,1681.80858
25.5,500,1681.86591
-21.3,500,1681.921468
-22.9,500,1682.206594
-58.5,500,1682.263889
-26.3,500,1682.320373
-22.4,500,1682.377554
-59.5,500,1682.662248
-25.4,500,1682.719034
-24.2,500,1682.774642
-20.5,500,1682.831667
-48.9,500,1683.116028
-51.2,500,1683.173809
18.6,500,1683.228729
-24.7,500,1683.285645
-21.8,500,1683.57055
-54.2,500,1683.626206
-23.7,500,1683.683103
-19.8,500,1683.739022
-19.8,500,1684.023346
-25.1,500,1684.079485
-22.3,500,1684.136422
-22.1,500,1684.192372
-23.6,500,1684.477886
-22.9,500,1684.535099
-28.1,500,1684.591468
-21.6,500,1684.648827
-22.3,500,1684.932462
-19.6,500,1684.989291
-20.8,500,1685.044819
-19.3,500,1685.100839
-24.8,500,1685.385029
-0.0,500,1685.441988
-50.1,500,1685.498441
-48.9,500,1685.555817
-19.4,500,1685.61225
-27.8,500,1685.896779
-25.5,500,1685.953485
-16.2,500,1686.008917
-49.1,500,1686.065333
-53.5,500,1686.349959
20.6,500,1686.407224
-25.4,500,1686.463183
-25.2,500,1686.520313
-22.2,500,1686.804908
-22.8,500,1686.862483
-46.2,500,1686.917932
-22.9,500,1686.975183
-18.2,500,1687.260582
-53.4,500,1687.316835
-24.9,500,1687.374014
-22.0,500,1687.429742
-27.7,500,1687.714312
-20.9,500,1687.770826
-50.8,500,1687.82783
-18.9,500,1687.883579
-51.7,500,1688.168836
-18.7,500,1688.225604
-21.0,500,1688.281963
-52.2,500,1688.339013
-24.4,500,1688.623234
-51.3,500,1688.680995
-46.1,500,1688.737563
-27.7,500,1688.794865
-24.4,500,1689.079134
-20.0,500,1689.136851
-26.4,500,1689.192155
-21.3,500,1689.248371
-29.3,500,1689.534438
-22.3,500,1689.591527
-21.7,500,1689.648267
-19.7,500,1689.704698
-24.4,500,1689.989579
-22.3,500,1690.04642
-22.3,500,1690.103244
2.2,500,1690.158801
-26.5,500,1690.443026
-28.5,500,1690.499153
-26.2,500,1690.556982
-58.9,500,1690.612613
-52.8,500,1690.669694
-27.8,500,1691.000252
-18.6,500,1691.057598
-20.5,500,1691.113484
-25.7,500,1691.170478
-19.3,500,1691.455421
25.0,500,1691.512768
-25.4,500,1691.569258
-22.7,500,1691.625897
5.6,500,1691.909319
-21.9,500,1691.966126
2.4,500,1692.021973
-20.5,500,1692.079125
-52.3,500,1692.364303
-18.4,500,1692.419904
-25.2,500,1692.476753
-26.2,500,1692.532429
2.7,500,1692.817623
-26.9,500,1692.873634
-18.3,500,1692.930276
-19.9,500,1692.986486
-23.4,500,1693.271533
-27.7,500,1693.327445
-55.9,500,1693.384419
-27.7,500,1693.440565
-23.6,500,1693.725347
-21.2,500,1693.782454
-20.7,500,1693.838369
-25.7,500,1693.895506
-46.0,500,1694.179081
-22.4,500,1694.236211
-19.6,500,1694.291309
-24.2,500,1694.34792
-25.6,500,1694.633508
27.0,500,1694.689989
-23.1,500,1694.746916
-22.8,500,1694.802823
-48.2,500,1695.08683
-24.8,500,1695.142717
-24.4,500,1695.200248
-9.9,500,1695.256026
-21.6,500,1695.313128
-29.8,500,1695.597119
-24.9,500,1695.65406
-21.0,500,1695.708681
-28.9,500,1695.765995
-21.8,500,1696.049735
-47.4,500,1696.10725
-23.1,500,1696.163901
-22.8,500,1696.219635
-23.1,500,1696.504618
-24.8,500,1696.560593
-25.5,500,1696.616919
-22.2,500,1696.672912
-21.7,500,1696.95752
-47.1,500,1697.013627
-23.3,500,1697.071008
-50.4,500,1697.12687
-47.2,500,1697.412408
-24.5,500,1697.468577
-51.0,500,1697.525822
-24.1,500,1697.582472
-26.5,500,1697.867448
-47.6,500,1697.924682
-28.8,500,1697.981056
-46.4,500,1698.038293
-27.6,500,1698.322309
-22.7,500,1698.37947
-23.2,500,1698.435771
-22.2,500,1698.492122
-20.7,500,1698.777658
-25.0,500,1698.834105
-22.7,500,1698.89081
-22.3,500,1698.946669
-21.3,500,1699.232342
-18.9,500,1699.288949
-21.8,500,1699.345901
-25.1,500,1699.401958
-24.0,500,1699.688839
-28.2,500,1699.746018
-24.5,500,1699.802338
-22.8,500,1699.85874
-2.1,500,1700.14256
-49.2,500,1700.200562
-27.6,500,1700.25642
-19.5,500,1700.312975
-51.9,500,1700.368853
-25.6,500,1700.654177
-26.3,500,1700.709954
-53.2,500,1700.766866
0.3,500,1700.822245
-20.9,500,1701.107141
-50.1,500,1701.163968
-28.4,500,1701.220708
-24.1,500,1701.277851
-51.0,500,1701.562019
-29.0,500,1701.619613
-21.0,500,1701.675571
-22.0,500,1701.732371
-49.5,500,1702.015724
-24.3,500,1702.073132
-51.8,500,1702.130336
-26.0,500,1702.18707
-24.0,500,1702.471904
-21.5,500,1702.528351
-19.8,500,1702.585084
-19.7,500,1702.64054
-21.4,500,1702.925689
-22.9,500,1702.981728
-16.0,500,1703.038922
-24.5,500,1703.094025
-28.3,500,1703.379307
-50.1,500,1703.436825
-20.1,500,1703.493026
-53.4,500,1703.549707
-50.6,500,1703.83384
-46.1,500,1703.891215
-51.7,500,1703.947243
-2.1,500,1704.003847
-53.1,500,1704.290595
-22.9,500,1704.348365
20.9,500,1704.40394
-51.6,500,1704.460727
-24.3,500,1704.747253
-44.8,500,1704.803496
-21.2,500,1704.860533
-21.5,500,1704.916189
-18.3,500,1704.973385
-20.7,500,1705.257941
-22.0,500,1705.315505
-25.7,500,1705.371283
-27.1,500,1705.428352
-19.1,500,1705.712273
-22.7,500,1705.769247
-22.5,500,1705.825114
-26.2,500,1705.882004
-50.8,500,1706.166378
-24.2,500,1706.222903
-49.8,500,1706.279484
-19.9,500,1706.335588
-14.1,500,1706.619828
-20.3,500,1706.675343
-21.8,500,1706.732316
-20.5,500,1706.788169
-28.0,500,1707.072799
-49.9,500,1707.12952
-49.9,500,1707.185545
-23.4,500,1707.24248
-21.6,500,1707.526635
-22.0,500,1707.582621
-0.6,500,1707.63853
-23.9,500,1707.695635
-26.9,500,1707.980577
-19.5,500,1708.037676
-24.0,500,1708.093878
-50.8,500,1708.151753
-24.8,500,1708.436759
-22.0,500,1708.492617
-20.6,500,1708.549402
-48.1,500,1708.605499
-26.3,500,1708.889685
-21.8,500,1708.945962
-20.4,500,1709.003169
-23.0,500,1709.059346
-22.7,500,1709.344714
-20.1,500,1709.400575
-16.9,500,1709.457732
-18.7,500,1709.51326
-26.2,500,1709.571523
-55.9,500,1709.855343
-49.4,500,1709.912649
-20.5,500,1709.96915
-22.9,500,1710.025417
-22.7,500,1710.310266
-21.4,500,1710.36666
-22.2,500,1710.423214
-25.1,500,1710.479394
-25.4,500,1710.764531
-21.8,500,1710.820729
-49.7,500,1710.877736
-58.9,500,1710.933638
-49.1,500,1711.217533
-17.9,500,1711.274491
-47.7,500,1711.331121
-24.1,500,1711.388241
-26.6,500,1711.672004
-25.5,500,1711.72874
-21.3,500,1711.784945
-22.5,500,1711.841475
-20.8,500,1712.124959
-50.3,500,1712.18233
-53.5,500,1712.23808
21.4,500,1712.295427
-20.0,500,1712.581234
-21.2,500,1712.637285
-50.1,500,1712.694529
-22.6,500,1712.750596
-24.6,500,1713.034755
-21.0,500,1713.090429
-24.9,500,1713.147322
-20.2,500,1713.203639
-22.9,500,1713.488544
-48.0,500,1713.544845
-23.5,500,1713.601669
28.1,500,1713.657855
-21.8,500,1713.942251
-52.4,500,1713.999738
-22.0,500,1714.056278
-20.4,500,1714.11315
-23.1,500,1714.396269
-51.2,500,1714.455201
-22.9,500,1714.512106
-23.0,500,1714.570723
-20.4,500,1714.626818
-54.2,500,1714.912746
9.4,500,1714.970437
-14.1,500,1715.027888
-22.4,500,1715.085445
-52.6,500,1715.372453
-22.9,500,1715.429797
-49.6,500,1715.486517
-23.6,500,1715.542246
-27.5,500,1715.82865
-24.7,500,1715.885088
-22.2,500,1715.942272
-24.0,500,1715.998569
-52.7,500,1716.284564
-22.5,500,1716.340371
-16.4,500,1716.397498
-53.1,500,1716.453406
-51.2,500,1716.739207
-23.9,500,1716.805366
-55.5,500,1716.889042
25.1,500,1716.94643
-50.8,500,1717.232578
-25.5,500,1717.288389
-15.8,500,1717.345107
-56.0,500,1717.401437
-24.4,500,1717.686725
-59.6,500,1717.742978
-46.4,500,1717.799536
23.4,500,1717.855723
-24.7,500,1718.141828
-26.2,500,1718.198764
-15.6,500,1718.254837
-48.8,500,1718.312239
-28.3,500,1718.596647
-25.2,500,1718.653641
-50.1,500,1718.709679
-56.2,500,1718.767231
-19.6,500,1719.052963
-25.5,500,1719.10958
18.8,500,1719.165886
-49.3,500,1719.222707
-19.8,500,1719.279441
-21.4,500,1719.566683
-24.1,500,1719.624088
-49.5,500,1719.68016
-54.9,500,1719.736837
-27.0,500,1720.022144
-19.7,500,1720.078878
-24.4,500,1720.135729
-52.0,500,1720.192422
-20.9,500,1720.478087
-21.8,500,1720.535043
-23.1,500,1720.59267
-24.7,500,1720.648866
-25.0,500,1720.933652
-22.6,500,1720.989716
-27.8,500,1721.046353
-27.6,500,1721.102827
-21.8,500,1721.387053
-23.6,500,1721.443984
-20.0,500,1721.499011
-50.6,500,1721.556334
-22.9,500,1721.840794
23.9,500,1721.897961
-52.4,500,1721.954269
-23.6,500,1722.011081
-16.6,500,1722.295501
-20.3,500,1722.352707
-21.2,500,1722.408846
-23.5,500,1722.46632
-53.2,500,1722.75235
-51.4,500,1722.808114
-22.8,500,1722.865138
-49.7,500,1722.921234
-29.7,500,1723.207873
-20.8,500,1723.26312
-54.4,500,1723.319868
-65.9,500,1723.376291
-51.6,500,1723.662822
-22.5,500,1723.720131
-18.5,500,1723.776962
17.6,500,1723.833181
-20.0,500,1724.119135
-20.4,500,1724.176251
-22.3,500,1724.232208
-23.7,500,1724.289343
-26.6,500,1724.345043
-17.5,500,1724.633137
-23.1,500,1724.688623
29.9,500,1724.744945
-54.4,500,1724.80055
-20.8,500,1725.085696
-50.9,500,1725.142325
-21.8,500,1725.1993
-22.9,500,1725.255657
-24.6,500,1725.541035
-25.0,500,1725.598295
-20.3,500,1725.65385
-50.1,500,1725.711516
-20.4,500,1725.996686
-26.0,500,1726.054068
-25.0,500,1726.109727
-17.5,500,1726.166731
-26.2,500,1726.453027
-46.6,500,1726.508887
-25.0,500,1726.565423
-19.5,500,1726.621401
-58.8,500,1726.906645
-17.9,500,1726.963028
-19.4,500,1727.02066
-22.7,500,1727.076675
-27.9,500,1727.362781
-50.8,500,1727.420254
-27.3,500,1727.476773
-20.5,500,1727.53369
-21.8,500,1727.81773
-24.6,500,1727.874763
-27.6,500,1727.931958
-19.3,500,1727.989439
-25.1,500,1728.275022
-15.1,500,1728.331634
-23.5,500,1728.387968
-18.0,500,1728.443786
-50.4,500,1728.729527
-15.4,500,1728.78575
-23.6,500,1728.843192
-18.1,500,1728.8993
-49.0,500,1728.956488
-25.0,500,1729.24153
-24.7,500,1729.298499
-21.3,500,1729.354566
-22.7,500,1729.411108
-20.1,500,1729.698313
-20.8,500,1729.756286
-53.4,500,1729.813454
-48.3,500,1729.869639
-20.1,500,1730.156824
-23.9,500,1730.21279
-49.4,500,1730.270645
-21.7,500,1730.326687
-25.7,500,1730.613406
-20.6,500,1730.669876
-27.6,500,1730.726305
-52.2,500,1730.783021
-21.6,500,1731.067987
-21.1,500,1731.125837
-52.2,500,1731.181971
-19.5,500,1731.238795
-23.2,500,1731.523291
-21.6,500,1731.580552
-21.7,500,1731.63636
-21.0,500,1731.692766
-17.4,500,1731.977184
-48.3,500,1732.035339
-24.0,500,1732.092215
-20.1,500,1732.148825
-20.7,500,1732.433822
-22.0,500,1732.490348
-19.6,500,1732.547569
-16.1,500,1732.603605
-22.8,500,1732.888506
-18.8,500,1732.944532
-18.1,500,1733.001834
-17.7,500,1733.057718
-23.3,500,1733.343419
-50.2,500,1733.401096
-24.7,500,1733.457855
-26.1,500,1733.515367
-25.3,500,1733.572161
-48.3,500,1733.859708
-51.3,500,1733.91532
-25.6,500,1733.972221
-19.9,500,1734.027787
-24.2,500,1734.313089
-24.6,500,1734.370203
-32.3,500,1734.42675
-53.2,500,1734.483657
-26.5,500,1734.771845
-47.7,500,1734.828634
-30.8,500,1734.884157
-17.9,500,1734.941447
-21.2,500,1735.226507
-25.0,500,1735.284358
-49.8,500,1735.341835
-49.2,500,1735.3985
-19.3,500,1735.683545
-17.9,500,1735.739548
-26.1,500,1735.796632
-22.6,500,1735.852556
-17.5,500,1736.138077
-20.1,500,1736.194216
-20.6,500,1736.251289
-25.2,500,1736.307218
-28.4,500,1736.59258
-25.8,500,1736.649813
-22.4,500,1736.706492
-22.2,500,1736.763306
-53.9,500,1737.048003
-66.8,500,1737.10533
-24.1,500,1737.161136
-50.8,500,1737.217958
-57.0,500,1737.503705
-25.9,500,1737.561615
-50.0,500,1737.618925
-24.6,500,1737.675068
-48.8,500,1737.962698
-23.2,500,1738.019795
-27.9,500,1738.076866
-28.3,500,1738.132939
-49.5,500,1738.419659
-25.6,500,1738.47622
-19.8,500,1738.533697
-48.7,500,1738.590924
-22.6,500,1738.647413
-45.2,500,1738.93418
-22.9,500,1738.990359
-24.3,500,1739.046785
-48.8,500,1739.102954
-23.7,500,1739.389457
-14.8,500,1739.445653
-47.6,500,1739.503036
-20.5,500,1739.559207
-48.4,500,1739.847728
-19.2,500,1739.904526
-50.4,500,1739.961335
-17.0,500,1740.018462
-52.7,500,1740.304784
-47.3,500,1740.362743
-25.2,500,1740.418399
-26.6,500,1740.476495
-23.5,500,1740.763887
-24.9,500,1740.82039
-55.7,500,1740.877538
-23.2,500,1740.933872
-26.2,500,1741.219629
-50.2,500,1741.276123
-22.1,500,1741.333034
-27.0,500,1741.388995
-50.1,500,1741.675497
-27.1,500,1741.732649
-24.2,500,1741.788727
-22.1,500,1741.845983
-25.6,500,1742.131946
-26.6,500,1742.189623
-19.8,500,1742.245675
-23.5,500,1742.30221
-48.3,500,1742.587139
-24.2,500,1742.644218
-24.8,500,1742.699853
-46.8,500,1742.756072
-25.1,500,1743.041497
-21.1,500,1743.098118
-26.2,500,1743.155151
-51.3,500,1743.211767
-21.4,500,1743.268358
-0.6,500,1743.55542
21.0,500,1743.612555
-27.7,500,1743.668182
-24.1,500,1743.724696
-20.7,500,1744.052803
-48.7,500,1744.109092
-22.3,500,1744.165795
-23.0,500,1744.22129
-21.7,500,1744.506636
-22.5,500,1744.563974
-26.8,500,1744.621041
-23.4,500,1744.677615
-26.7,500,1744.963018
-21.5,500,1745.019985
-20.8,500,1745.076222
-24.7,500,1745.133228
-28.6,500,1745.419443
-21.9,500,1745.477046
-20.2,500,1745.533391
-23.7,500,1745.59075
-20.0,500,1745.876692
-22.9,500,1745.932279
-26.3,500,1745.989542
-24.2,500,1746.045451
-21.6,500,1746.343293
-51.0,500,1746.399669
-23.8,500,1746.456896
-20.0,500,1746.513522
-22.0,500,1746.800775
-19.9,500,1746.85781
-21.7,500,1746.913825
-18.5,500,1746.970488
2.0,500,1747.25451
-19.7,500,1747.311646
-25.3,500,1747.367333
-27.7,500,1747.424185
-50.7,500,1747.710679
-24.9,500,1747.766952
-19.0,500,1747.824071
-51.0,500,1747.879871
-18.3,500,1748.166151
-49.6,500,1748.22268
-23.2,500,1748.279702
-21.7,500,1748.335039
-22.1,500,1748.392026
-18.6,500,1748.677239
-51.8,500,1748.734538
-50.0,500,1748.791498
-20.2,500,1748.847539
-19.8,500,1749.133694
-19.3,500,1749.189811
-23.6,500,1749.246438
-25.9,500,1749.30274
-46.2,500,1749.59162
-50.3,500,1749.647681
-20.9,500,1749.704829
-26.2,500,1749.76021
-24.7,500,1750.046865
-23.6,500,1750.104696
-20.8,500,1750.161112
-51.5,500,1750.218106
-22.7,500,1750.502616
-27.0,500,1750.560794
-28.4,500,1750.617047
-14.4,500,1750.674147
-27.1,500,1750.959311
-23.8,500,1751.01748
-52.4,500,1751.074636
-56.5,500,1751.131315
-17.1,500,1751.417323
-26.3,500,1751.474076
-21.6,500,1751.531464
-25.3,500,1751.588036
-48.0,500,1751.874831
-15.8,500,1751.93098
-22.7,500,1751.98807
-25.2,500,1752.044153
-49.8,500,1752.332437
-21.5,500,1752.389496
-23.8,500,1752.445809
-22.3,500,1752.502384
-21.1,500,1752.810246
-17.3,500,1752.867831
-49.1,500,1752.924999
-49.1,500,1752.981591
-48.8,500,1753.038546
-22.2,500,1753.323754
-20.8,500,1753.380364
-28.4,500,1753.435873
-24.1,500,1753.492873
-22.9,500,1753.777512
-26.0,500,1753.835102
-25.1,500,1753.891294
-50.0,500,1753.94858
-17.1,500,1754.235484
-48.8,500,1754.292425
-19.7,500,1754.349994
-20.7,500,1754.407063
-24.8,500,1754.694653
-21.8,500,1754.751099
-23.9,500,1754.808016
-26.1,500,1754.864361
-25.3,500,1755.149859
-50.4,500,1755.206205
-22.5,500,1755.263548
-20.1,500,1755.319699
-25.3,500,1755.60515
-24.2,500,1755.661347
-22.2,500,1755.71787
-23.5,500,1755.774896
-22.6,500,1756.059691
-20.9,500,1756.117143
-26.0,500,1756.173794
-47.6,500,1756.231849
-20.2,500,1756.517105
-47.4,500,1756.574638
-62.4,500,1756.630217
-50.2,500,1756.687245
-19.4,500,1756.971578
-25.2,500,1757.028642
-50.0,500,1757.08599
-19.5,500,1757.142586
-22.6,500,1757.427975
-18.0,500,1757.484578
-21.9,500,1757.542
-20.1,500,1757.598147
-28.4,500,1757.884421
-27.9,500,1757.940977
-25.0,500,1757.998127
-24.4,500,1758.054091
-49.0,500,1758.110962
-52.0,500,1758.39687
-54.9,500,1758.454196
-50.6,500,1758.511556
-50.8,500,1758.568252
-17.9,500,1758.858452
-48.0,500,1758.914459
-51.5,500,1758.971824
-23.1,500,1759.027905
-47.6,500,1759.313845
-51.2,500,1759.36933
-21.8,500,1759.426871
-48.9,500,1759.483899
-48.8,500,1759.770705
-28.1,500,1759.828139
-26.6,500,1759.884233
-25.3,500,1759.941245
-19.6,500,1760.22676
-47.5,500,1760.284385
-51.5,500,1760.340342
-26.8,500,1760.397734
-24.8,500,1760.683512
-28.0,500,1760.739998
-47.1,500,1760.79709
-23.0,500,1760.853436
-28.2,500,1761.138903
-61.4,500,1761.195642
-23.5,500,1761.253052
-25.1,500,1761.308841
-25.6,500,1761.594537
-48.2,500,1761.651519
-25.9,500,1761.707638
-0.0,500,1761.764379
-20.9,500,1762.048591
-48.6,500,1762.105944
-20.3,500,1762.161611
-47.1,500,1762.218412
-46.5,500,1762.504996
-52.6,500,1762.562436
-27.1,500,1762.618732
-23.8,500,1762.674981
-50.7,500,1762.732973
-21.2,500,1763.018737
-24.1,500,1763.075771
-25.1,500,1763.131592
-22.3,500,1763.188653
-18.9,500,1763.473181
-21.8,500,1763.530814
-26.0,500,1763.588129
-23.2,500,1763.644006
24.4,500,1763.929837
-51.0,500,1763.986127
-22.6,500,1764.042714
-21.7,500,1764.098316
-22.1,500,1764.384082
-24.4,500,1764.439661
-50.0,500,1764.497407
-23.4,500,1764.552943
-25.4,500,1764.840777
-51.1,500,1764.898497
-27.7,500,1764.954841
-52.1,500,1765.011705
-25.2,500,1765.296847
-16.5,500,1765.354307
-20.3,500,1765.410179
-17.3,500,1765.4669
-26.5,500,1765.752115
-26.5,500,1765.808255
-22.7,500,1765.866683
-1.6,500,1765.923357
-22.8,500,1766.209404
-48.5,500,1766.264896
27.4,500,1766.322473
-20.8,500,1766.37874
-16.0,500,1766.664294
-46.7,500,1766.720795
-25.4,500,1766.778138
-30.9,500,1766.833542
-17.7,500,1767.118988
-51.7,500,1767.176557
-23.9,500,1767.232655
-26.0,500,1767.28967
-26.6,500,1767.34554
-24.6,500,1767.673723
-25.2,500,1767.73066
-24.5,500,1767.78765
-18.5,500,1767.844893
-24.6,500,1768.325975
-22.3,500,1768.382918
-44.7,500,1768.440609
-15.8,500,1768.499459
-19.0,500,1768.787193
-51.7,500,1768.844822
-21.4,500,1768.900144
-24.3,500,1768.957278
-51.4,500,1769.243459
-26.9,500,1769.300585
-23.5,500,1769.357924
-25.6,500,1769.41386
-26.2,500,1769.753714
-50.1,500,1769.811143
-26.9,500,1769.867062
-19.5,500,1769.924346
-27.7,500,1770.209369
-23.3,500,1770.265751
-53.3,500,1770.321757
-23.1,500,1770.378589
-27.8,500,1770.664763
-15.6,500,1770.720407
-52.0,500,1770.777576
-20.2,500,1770.833671
-47.0,500,1771.119711
-19.4,500,1771.176006
-27.3,500,1771.232796
-22.7,500,1771.288612
-18.3,500,1771.574497
-21.4,500,1771.631358
-21.2,500,1771.687617
-17.7,500,1771.743588
-21.0,500,1772.028605
-23.0,500,1772.086473
-20.7,500,1772.141662
-23.6,500,1772.198489
-24.6,500,1772.483661
-48.3,500,1772.541086
-11.4,500,1772.598232
-18.3,500,1772.654666
-19.9,500,1772.710995
-50.3,500,1772.996749
-22.0,500,1773.054703
-20.5,500,1773.111026
-24.0,500,1773.16794
-24.7,500,1773.454213
-16.5,500,1773.51018
-27.4,500,1773.566585
-25.0,500,1773.623076
-22.8,500,1773.909812
-52.5,500,1773.966017
22.7,500,1774.022704
-22.1,500,1774.07903
-24.5,500,1774.365501
-25.3,500,1774.421835
-50.5,500,1774.479523
-21.2,500,1774.53575
-20.3,500,1774.82456
-20.1,500,1774.882121
-19.9,500,1774.937483
-22.0,500,1774.99553
-26.3,500,1775.281951
-22.0,500,1775.339405
-19.3,500,1775.395768
-23.6,500,1775.452665
-22.9,500,1775.738612
-17.9,500,1775.794878
-24.5,500,1775.851224
-21.2,500,1775.907906
-52.2,500,1776.19241
-48.6,500,1776.249429
-19.6,500,1776.305877
-20.7,500,1776.361811
-22.6,500,1776.647311
-51.2,500,1776.703516
-22.7,500,1776.760955
-22.4,500,1776.816426
-49.1,500,1777.102804
-22.8,500,1777.159617
-19.7,500,1777.215209
-49.1,500,1777.272228
-18.7,500,1777.328947
-21.7,500,1777.615772
-23.1,500,1777.671113
-47.7,500,1777.727704
-56.4,500,1777.784048
-22.4,500,1778.070646
-25.2,500,1778.126759
-54.3,500,1778.184467
-53.1,500,1778.241527
-49.6,500,1778.527254
-25.1,500,1778.583569
-21.5,500,1778.63969
-24.8,500,1778.697223
-25.3,500,1778.982457
-19.0,500,1779.042042
-22.7,500,1779.099458
-51.5,500,1779.157314
-49.5,500,1779.444633
-24.6,500,1779.501006
-20.5,500,1779.558408
-22.1,500,1779.614497
-23.5,500,1779.901061
-21.6,500,1779.957404
-25.0,500,1780.0143
-22.1,500,1780.070534
-25.0,500,1780.356615
-17.4,500,1780.413483
-21.8,500,1780.470161
-21.5,500,1780.526319
-23.5,500,1780.811203
-26.7,500,1780.868546
-20.0,500,1780.92495
-27.2,500,1780.981727
-19.9,500,1781.266684
-21.4,500,1781.324694
-26.1,500,1781.380526
-16.5,500,1781.437378
-22.9,500,1781.723713
-22.5,500,1781.780233
-21.0,500,1781.837117
-58.0,500,1781.893176
-25.1,500,1782.181002
-16.6,500,1782.237419
-20.4,500,1782.294727
-23.1,500,1782.35001
-19.5,500,1782.407514
-21.5,500,1782.693533
-26.6,500,1782.751952
-20.2,500,1782.809963
-23.3,500,1782.86665
-23.1,500,1783.153042
-57.5,500,1783.208573
-69.5,500,1783.266399
-19.5,500,1783.323171
-16.9,500,1783.608511
-47.5,500,1783.664491
-29.2,500,1783.721532
-25.3,500,1783.777463
2.7,500,1784.063364
17.7,500,1784.1199
-22.7,500,1784.176111
-29.5,500,1784.232935
-23.1,500,1784.517505
-26.3,500,1784.574771
-25.0,500,1784.630709
-19.8,500,1784.688907
-26.5,500,1784.97471
-27.0,500,1785.032539
-24.9,500,1785.08919
-49.7,500,1785.145122
-25.5,500,1785.432986
-22.7,500,1785.48956
-58.4,500,1785.548165
-19.9,500,1785.604977
-25.2,500,1785.903097
-23.8,500,1785.958824
-24.7,500,1786.015915
-20.5,500,1786.072023
-50.3,500,1786.357481
-19.3,500,1786.414752
-25.9,500,1786.470373
-20.7,500,1786.527278
23.7,500,1786.812101
-22.2,500,1786.86978
-26.3,500,1786.926243
-47.2,500,1786.983963
-54.3,500,1787.041111
-58.4,500,1787.32653
-47.4,500,1787.383141
-23.5,500,1787.439912
-26.2,500,1787.497361
-25.6,500,1787.783207
-21.0,500,1787.84067
-26.1,500,1787.896926
-20.2,500,1787.954361
-49.0,500,1788.242071
-21.8,500,1788.298375
-61.1,500,1788.3559
-23.6,500,1788.411651
-18.2,500,1788.698138
-21.3,500,1788.754134
-50.6,500,1788.811071
-53.2,500,1788.867708
-21.0,500,1789.154294
-49.2,500,1789.211676
-25.0,500,1789.268432
-48.9,500,1789.324964
-21.1,500,1789.610791
-48.9,500,1789.669447
-25.1,500,1789.725983
-20.9,500,1789.782526
-52.5,500,1790.067972
-21.5,500,1790.125525
-26.7,500,1790.181166
-20.0,500,1790.238372
-25.9,500,1790.52347
-22.4,500,1790.579639
-22.5,500,1790.636886
-23.9,500,1790.692867
-48.5,500,1790.979368
-24.2,500,1791.035797
-27.3,500,1791.093068
-19.3,500,1791.149028
-24.4,500,1791.434998
-19.5,500,1791.49195
-51.9,500,1791.549251
-23.0,500,1791.606706
-23.8,500,1791.663147
-26.9,500,1791.950882
-51.2,500,1792.007934
-51.9,500,1792.065079
-21.7,500,1792.121135
-20.7,500,1792.406299
-47.6,500,1792.462475
-22.6,500,1792.519266
-21.3,500,1792.57498
-20.6,500,1792.860899
-20.8,500,1792.917916
-19.2,500,1792.97446
-21.7,500,1793.03096
-49.9,500,1793.316223
-20.0,500,1793.373001
-21.2,500,1793.429667
-23.8,500,1793.486015
-48.2,500,1793.774195
-20.9,500,1793.831142
-25.4,500,1793.886967
-19.8,500,1793.943451
-18.7,500,1794.23026
-47.3,500,1794.287155
-50.6,500,1794.344482
-26.6,500,1794.401441
-46.7,500,1794.691229
-26.8,500,1794.747188
-22.5,500,1794.804502
-46.4,500,1794.860462
-26.2,500,1795.146865
-49.6,500,1795.20464
-28.4,500,1795.260384
-26.0,500,1795.316961
-26.7,500,1795.603224
-20.2,500,1795.660304
-21.3,500,1795.71582
-26.5,500,1795.772813
-24.1,500,1796.101139
-25.8,500,1796.156993
-50.2,500,1796.21436
-21.2,500,1796.271705
-25.5,500,1796.556951
-49.6,500,1796.614816
-22.9,500,1796.670858
-25.2,500,1796.727594
-22.3,500,1796.783407
-19.4,500,1797.070327
-21.8,500,1797.126311
-17.3,500,1797.18308
-22.0,500,1797.238865
-51.5,500,1797.525177
-46.1,500,1797.58246
-25.0,500,1797.639303
-1.8,500,1797.696944
-20.6,500,1797.982416
-20.6,500,1798.039301
-48.5,500,1798.095966
-28.7,500,1798.153022
-24.8,500,1798.438307
-22.1,500,1798.495785
-52.5,500,1798.552779
-26.0,500,1798.608785
-24.9,500,1798.894789
-22.7,500,1798.951169
-23.0,500,1799.00815
-23.5,500,1799.0642
-18.7,500,1799.349236
-20.3,500,1799.404972
-22.2,500,1799.4618
-18.9,500,1799.517806
-17.3,500,1799.806618
-19.8,500,1799.862694
-23.1,500,1799.918702
-3.8,500,1799.975541
-20.4,500,1800.259948
-22.1,500,1800.316926
-16.5,500,1800.373113
-21.1,500,1800.429956
-27.5,500,1800.714078
-15.1,500,1800.771533
-25.1,500,1800.828806
-24.6,500,1800.88489
-25.6,500,1801.169756
-50.8,500,1801.226695
-24.6,500,1801.283226
-20.1,500,1801.339436
-22.9,500,1801.396518
-25.3,500,1801.680924
-50.1,500,1801.738747
-25.0,500,1801.794685
-19.4,500,1801.851291
-21.4,500,1802.137893
-28.7,500,1802.194411
-52.2,500,1802.250943
-24.1,500,1802.307528
-26.7,500,1802.594021
-18.6,500,1802.649809
-21.8,500,1802.707252
-23.3,500,1802.762785
-47.8,500,1803.049616
-48.9,500,1803.105865
-19.7,500,1803.162733
-55.0,500,1803.219674
-26.6,500,1803.505857
-24.8,500,1803.562318
-30.0,500,1803.619381
-16.9,500,1803.677368
2.2,500,1803.962683
-17.3,500,1804.01949
-50.0,500,1804.076007
-27.4,500,1804.133297
-53.6,500,1804.419514
-29.8,500,1804.476176
-25.8,500,1804.533068
-26.6,500,1804.589478
-19.6,500,1804.878053
-22.9,500,1804.934527
-24.4,500,1804.991938
-49.0,500,1805.048663
-47.6,500,1805.333919
-51.0,500,1805.39157
-24.2,500,1805.447579
-20.0,500,1805.504618
-52.2,500,1805.790158
-25.8,500,1805.84756
-26.6,500,1805.90431
-50.2,500,1805.96119
-21.8,500,1806.247793
-22.3,500,1806.304747
-30.3,500,1806.363894
-24.7,500,1806.41992
-23.1,500,1806.476738
-23.0,500,1806.762082
-18.5,500,1806.819733
-14.4,500,1806.876119
-24.8,500,1806.934945
-22.0,500,1807.222132
-22.5,500,1807.278704
-20.3,500,1807.335217
-52.4,500,1807.392024
-21.3,500,1807.679224
-22.4,500,1807.735573
-18.0,500,1807.792482
-27.4,500,1807.848296
-26.4,500,1808.135095
-28.0,500,1808.191617
-24.0,500,1808.248897
-24.0,500,1808.305534
-52.2,500,1808.592038
-24.6,500,1808.64957
-22.9,500,1808.705933
26.6,500,1808.762675
-51.2,500,1809.047949
-52.5,500,1809.105345
23.7,500,1809.161049
-22.1,500,1809.21835
-22.1,500,1809.50359
-21.6,500,1809.56009
-22.0,500,1809.617369
-21.3,500,1809.67523
-24.6,500,1809.962902
-21.7,500,1810.019184
-24.1,500,1810.076675
-26.1,500,1810.132956
-17.3,500,1810.419023
-50.0,500,1810.476374
-25.6,500,1810.533123
-24.3,500,1810.589388
-26.2,500,1810.874034
-19.6,500,1810.931079
-19.6,500,1810.987192
-22.7,500,1811.044205
-23.4,500,1811.09994
-51.9,500,1811.385873
-25.5,500,1811.442474
-14.8,500,1811.498316
-25.6,500,1811.554801
-47.2,500,1811.8392
-19.7,500,1811.895952
-25.4,500,1811.952245
-18.9,500,1812.009016
-22.4,500,1812.294037
-51.3,500,1812.351339
-53.3,500,1812.40728
-31.4,500,1812.464221
-16.6,500,1812.74995
-48.7,500,1812.805919
-26.8,500,1812.8624
-24.7,500,1812.918409
-21.7,500,1813.204605
-18.2,500,1813.260056
-23.5,500,1813.316297
-51.3,500,1813.372118
-19.3,500,1813.657982
-19.2,500,1813.713732
-53.7,500,1813.770701
-22.9,500,1813.826252
-20.7,500,1814.112061
-23.5,500,1814.169334
-21.9,500,1814.225748
-25.2,500,1814.282341
-52.8,500,1814.567995
-23.2,500,1814.624864
-26.3,500,1814.681108
-16.9,500,1814.738137
-21.9,500,1815.022884
-26.8,500,1815.079933
-23.5,500,1815.136439
-20.1,500,1815.191847
-20.2,500,1815.477375
-27.3,500,1815.533407
-20.9,500,1815.590562
29.5,500,1815.648069
-21.7,500,1815.934244
-24.9,500,1815.990996
-20.8,500,1816.047977
-23.3,500,1816.10452
-26.7,500,1816.161658
-23.1,500,1816.447925
-20.6,500,1816.50427
-27.2,500,1816.560991
-28.5,500,1816.61781
-22.6,500,1816.904602
-26.0,500,1816.960266
-19.3,500,1817.016511
-20.0,500,1817.072055
-26.3,500,1817.357364
-22.8,500,1817.413685
-21.1,500,1817.471376
-28.0,500,1817.528521
-28.0,500,1817.814411
-28.6,500,1817.871915
-53.7,500,1817.928386
-52.7,500,1817.985765
-24.6,500,1818.270478
-21.9,500,1818.32803
19.4,500,1818.38316
-20.9,500,1818.439958
-23.8,500,1818.726326
-47.7,500,1818.782564
-48.9,500,1818.839626
-23.3,500,1818.8956
-51.8,500,1819.182255
-28.0,500,1819.238213
-17.9,500,1819.295377
-18.6,500,1819.351444
-21.9,500,1819.637687
-20.5,500,1819.695068
-22.9,500,1819.751915
-18.3,500,1819.808463
-47.4,500,1820.095
-26.5,500,1820.152297
-23.8,500,1820.208484
-24.5,500,1820.264958
-51.9,500,1820.550176
-20.0,500,1820.607577
-52.7,500,1820.664512
-22.2,500,1820.720504
-53.0,500,1820.777696
-21.5,500,1821.06292
-52.5,500,1821.120225
-19.5,500,1821.175968
-52.0,500,1821.233278
-18.1,500,1821.561502
-22.1,500,1821.617845
-24.9,500,1821.67501
-23.4,500,1821.731312
-25.7,500,1822.015456
-24.3,500,1822.072534
-50.7,500,1822.129268
-27.6,500,1822.185972
8.1,500,1822.471482
-26.9,500,1822.52913
-19.3,500,1822.585934
-24.6,500,1822.64381
-28.0,500,1822.930057
-20.5,500,1822.986716
-20.7,500,1823.043014
30.4,500,1823.099579
-26.7,500,1823.385589
-49.4,500,1823.442199
-23.1,500,1823.499149
-19.9,500,1823.55492
-49.2,500,1823.840434
-20.2,500,1823.897048
-24.4,500,1823.953328
-22.8,500,1824.0108
-11.8,500,1824.298518
-9.7,500,1824.355937
-27.6,500,1824.411767
-10.3,500,1824.468504
-30.2,500,1824.755649
-24.7,500,1824.813244
-24.2,500,1824.870334
-26.9,500,1824.926717
-47.7,500,1825.212953
-25.3,500,1825.26914
-21.7,500,1825.326841
-23.0,500,1825.382815
-21.5,500,1825.440171
-54.6,500,1825.726225
-17.0,500,1825.783457
-21.9,500,1825.839288
-23.9,500,1825.8962
-26.7,500,1826.181959
-24.7,500,1826.238215
-21.7,500,1826.294852
-54.8,500,1826.351554
-24.1,500,1826.637261
-29.6,500,1826.693169
-25.8,500,1826.74959
-45.1,500,1826.805199
-27.7,500,1827.089965
-24.0,500,1827.14638
-22.2,500,1827.203972
-32.2,500,1827.260133
-23.5,500,1827.546049
-20.9,500,1827.602979
-21.2,500,1827.658932
-20.3,500,1827.715695
-25.1,500,1828.0023
7.0,500,1828.060351
-23.5,500,1828.116365
-24.1,500,1828.173904
23.3,500,1828.457993
-48.5,500,1828.515405
-22.7,500,1828.572641
-20.0,500,1828.628558
-27.0,500,1828.91368
-3.6,500,1828.969902
-25.8,500,1829.026499
-53.4,500,1829.081936
-25.7,500,1829.367712
-21.9,500,1829.423764
-20.1,500,1829.480755
-27.2,500,1829.536672
-26.4,500,1829.824461
-24.6,500,1829.881579
-19.2,500,1829.936981
-25.9,500,1829.993802
-18.6,500,1830.278971
-22.8,500,1830.336454
-49.6,500,1830.392028
-28.4,500,1830.448711
-49.8,500,1830.504129
-24.5,500,1830.790056
-24.4,500,1830.846988
-14.3,500,1830.902835
-20.2,500,1830.959356
-22.6,500,1831.243848
-21.0,500,1831.30107
-18.8,500,1831.356526
-2.5,500,1831.413002
-26.5,500,1831.697564
-24.2,500,1831.75545
-21.4,500,1831.811823
-18.6,500,1831.868456
-24.3,500,1832.153602
-25.1,500,1832.210262
-26.9,500,1832.266772
-49.1,500,1832.322573
-25.4,500,1832.608482
-21.5,500,1832.664728
-22.5,500,1832.720577
-53.7,500,1832.776318
-0.3,500,1833.061239
-26.7,500,1833.116888
-22.6,500,1833.173826
-26.7,500,1833.229966
-29.1,500,1833.516624
-31.0,500,1833.574372
-22.2,500,1833.630567
-22.6,500,1833.687016
-28.5,500,1833.973972
-22.3,500,1834.031014
-20.9,500,1834.087439
-22.1,500,1834.143968
-27.7,500,1834.428693
-21.8,500,1834.486278
-48.0,500,1834.541852
-26.5,500,1834.598577
-23.3,500,1834.8862
-21.8,500,1834.943212
-26.3,500,1835.000146
-24.2,500,1835.056401
-17.5,500,1835.113486
-26.3,500,1835.398287
-22.3,500,1835.455404
-24.2,500,1835.51232
-22.5,500,1835.56961
-20.0,500,1835.856061
-24.9,500,1835.911965
-22.6,500,1835.968629
-47.3,500,1836.024598
-48.5,500,1836.311552
-20.6,500,1836.367091
-19.4,500,1836.424284
-21.1,500,1836.479586
-27.0,500,1836.764843
-24.4,500,1836.821155
-52.6,500,1836.877917
-24.2,500,1836.933901
-26.4,500,1837.219914
-21.7,500,1837.277169
-49.5,500,1837.333318
-18.0,500,1837.39028
-17.6,500,1837.674939
-53.0,500,1837.732395
-23.1,500,1837.788388
-24.7,500,1837.845362
-22.6,500,1838.131153
-19.2,500,1838.187643
-21.3,500,1838.244359
-18.6,500,1838.300128
-19.9,500,1838.5848
-26.1,500,1838.641235
-18.0,500,1838.697828
-22.5,500,1838.754153
-20.5,500,1839.039087
-21.3,500,1839.094925
21.3,500,1839.151546
-54.2,500,1839.207186
-23.9,500,1839.493293
-52.7,500,1839.550225
28.3,500,1839.606546
-23.9,500,1839.663762
-26.6,500,1839.950659
-27.1,500,1840.00866
-25.8,500,1840.064449
-22.6,500,1840.121374
-22.0,500,1840.176468
-21.0,500,1840.462986
-20.0,500,1840.519788
-46.8,500,1840.576334
-11.1,500,1840.633433
-23.1,500,1840.918931
-14.3,500,1840.976091
-50.1,500,1841.032639
-12.1,500,1841.089407
-50.5,500,1841.374192
-47.9,500,1841.431696
-25.5,500,1841.487935
-22.5,500,1841.54522
-18.8,500,1841.831077
-26.5,500,1841.887422
-19.2,500,1841.944324
-26.2,500,1842.000522
-22.1,500,1842.286427
-20.3,500,1842.342398
-49.9,500,1842.399872
-26.1,500,1842.455605
-13.0,500,1842.741919
-54.0,500,1842.797635
-53.7,500,1842.855836
-28.8,500,1842.913012
-23.1,500,1843.198598
-20.4,500,1843.255385
-31.8,500,1843.311785
-21.3,500,1843.36928
-18.9,500,1843.653248
-22.2,500,1843.710532
-29.0,500,1843.766869
-16.1,500,1843.823092
-26.9,500,1844.109715
-24.0,500,1844.16673
-13.8,500,1844.224099
-23.7,500,1844.280472
-21.6,500,1844.5663
-18.6,500,1844.621925
-20.5,500,1844.67868
-20.1,500,1844.73446
-23.4,500,1844.791475
17.7,500,1845.076398
-22.8,500,1845.133851
-25.9,500,1845.190333
-15.5,500,1845.246473
-25.4,500,1845.532408
-23.5,500,1845.589745
-50.4,500,1845.64625
-22.8,500,1845.70233
23.3,500,1845.988346
-26.1,500,1846.045103
19.6,500,1846.103278
-21.3,500,1846.159351
-51.7,500,1846.444775
0.5,500,1846.501541
-27.8,500,1846.557662
-53.8,500,1846.614701
-23.6,500,1846.899067
-18.8,500,1846.956271
-25.3,500,1847.012441
-25.2,500,1847.069803
-30.5,500,1847.354884
-24.0,500,1847.412215
-25.9,500,1847.468433
20.2,500,1847.566697
-23.2,500,1847.852925
-17.8,500,1847.909706
-19.9,500,1847.966156
-49.0,500,1848.023637
-24.2,500,1848.308031
-21.8,500,1848.365266
-18.7,500,1848.421137
-17.2,500,1848.478013
-25.5,500,1848.761859
-23.0,500,1848.819074
-53.2,500,1848.875055
-24.1,500,1848.932028
-23.1,500,1849.216553
-26.3,500,1849.273632
-53.9,500,1849.330031
-39.9,500,1849.385382
-22.0,500,1849.442253
-21.5,500,1849.728226
-25.1,500,1849.785097
-20.8,500,1849.841065
-47.1,500,1849.898018
-23.5,500,1850.182863
0.2,500,1850.24042
-25.1,500,1850.296549
-23.0,500,1850.354235
-24.2,500,1850.640532
-19.4,500,1850.697112
-25.6,500,1850.754559
-53.3,500,1850.811138
-52.9,500,1851.095818
-23.8,500,1851.152224
-20.3,500,1851.209262
-24.4,500,1851.26516
-26.1,500,1851.550783
-18.3,500,1851.607625
-23.1,500,1851.663856
-20.6,500,1851.721549
-24.6,500,1852.005927
-46.4,500,1852.063192
-22.9,500,1852.119656
-22.3,500,1852.176563
-23.9,500,1852.461572
8.1,500,1852.518897
-21.1,500,1852.574975
-23.3,500,1852.632027
-21.7,500,1852.917674
-22.2,500,1852.973453
-55.2,500,1853.030207
-25.8,500,1853.086348
-25.3,500,1853.372375
-50.1,500,1853.427748
-62.9,500,1853.485217
-25.7,500,1853.540888
-27.6,500,1853.827384
-22.7,500,1853.883799
-20.6,500,1853.938981
-32.5,500,1853.99577
-25.9,500,1854.279475
-19.5,500,1854.336989
-45.8,500,1854.392655
-24.3,500,1854.449647
-1.8,500,1854.505368
21.1,500,1854.793984
-20.4,500,1854.849719
24.0,500,1854.906237
14.7,500,1854.96105
-29.5,500,1855.247305
-27.1,500,1855.304522
15.3,500,1855.360668
-20.9,500,1855.417927
-23.8,500,1855.70317
-17.8,500,1855.759959
-15.3,500,1855.815302
-22.9,500,1855.872172
-55.6,500,1856.169792
-18.2,500,1856.230345
-26.4,500,1856.293426
-22.2,500,1856.350823
-24.2,500,1856.669685
-20.8,500,1856.732365
-49.5,500,1856.794653
-16.7,500,1856.851335
-23.0,500,1857.13792
-55.3,500,1857.195605
24.6,500,1857.252031
-56.7,500,1857.308215
-20.9,500,1857.593913
-21.5,500,1857.649744
-27.1,500,1857.706505
-21.7,500,1857.761991
-20.0,500,1858.06564
-59.3,500,1858.123133
7.0,500,1858.179293
-19.9,500,1858.235587
-25.8,500,1858.521731
-49.8,500,1858.57919
-22.3,500,1858.634526
-19.5,500,1858.691859
-28.7,500,1858.976251
-46.3,500,1859.034197
-51.1,500,1859.090096
-27.5,500,1859.147104
-26.3,500,1859.203077
-24.2,500,1859.488287
-23.3,500,1859.545688
-28.6,500,1859.601731
-49.2,500,1859.658783
-24.2,500,1859.946499
-27.8,500,1860.003687
-16.2,500,1860.05922
-28.6,500,1860.11593
-51.6,500,1860.400978
-22.1,500,1860.457009
-24.2,500,1860.513581
-51.2,500,1860.570242
-19.3,500,1860.856866
-53.6,500,1860.913318
-24.4,500,1860.970234
-23.6,500,1861.026694
-52.1,500,1861.312816
-29.7,500,1861.368865
20.5,500,1861.42528
-22.7,500,1861.482316
-27.5,500,1861.767589
-49.0,500,1861.825441
-27.7,500,1861.881297
-47.2,500,1861.938166
-23.4,500,1862.222576
-19.3,500,1862.279854
-48.2,500,1862.335671
-51.8,500,1862.392463
-24.9,500,1862.677106
-24.9,500,1862.733069
-25.0,500,1862.789856
-22.0,500,1862.845688
-17.3,500,1863.131089
-19.8,500,1863.187645
-20.7,500,1863.245125
-24.2,500,1863.301101
-24.3,500,1863.586624
-23.3,500,1863.6422
-21.9,500,1863.699586
-21.2,500,1863.754943
-51.3,500,1864.04181
-23.1,500,1864.098847
-16.8,500,1864.155308
-21.5,500,1864.21197
-52.1,500,1864.267916
-47.0,500,1864.553795
-24.0,500,1864.609849
-24.9,500,1864.667969
-22.2,500,1864.72465
-18.3,500,1865.010915
-25.8,500,1865.067855
-25.0,500,1865.124811
-54.0,500,1865.182029
-26.4,500,1865.468161
-57.6,500,1865.525689
-24.1,500,1865.58145
-22.5,500,1865.638372
-16.6,500,1865.9229
-24.3,500,1865.980438
-22.6,500,1866.035864
-22.2,500,1866.093573
-22.1,500,1866.378693
-23.1,500,1866.434956
-22.1,500,1866.492154
-17.3,500,1866.547398
-22.6,500,1866.833255
-51.4,500,1866.889173
-1.3,500,1866.945891
-19.7,500,1867.001958
-18.9,500,1867.288349
-22.1,500,1867.344061
-17.0,500,1867.401645
-20.7,500,1867.45745
-24.0,500,1867.743253
-95.3,500,1867.801032
-18.2,500,1867.856312
-18.3,500,1867.913426
-47.3,500,1868.198334
-46.9,500,1868.255445
-49.3,500,1868.311585
-22.3,500,1868.36827
-25.6,500,1868.71377
-19.0,500,1868.93613
-26.3,500,1869.029237
-26.0,500,1869.155299
-21.0,500,1869.260166
-20.8,500,1869.546881
-22.3,500,1869.602927
-19.5,500,1869.659213
-22.6,500,1869.714454
-17.5,500,1870.001909
-24.3,500,1870.058121
-30.9,500,1870.115144
-51.1,500,1870.170858
-19.3,500,1870.456743
-20.0,500,1870.51321
-18.5,500,1870.570307
-49.8,500,1870.627803
-21.1,500,1870.912839
-24.3,500,1870.97009
-47.8,500,1871.02583
-24.8,500,1871.083436
-22.5,500,1871.369188
-19.3,500,1871.426652
-17.5,500,1871.482827
-26.9,500,1871.540019
-22.7,500,1871.826491
-23.6,500,1871.882877
-43.9,500,1871.939921
-26.3,500,1871.995681
-48.2,500,1872.282279
-26.0,500,1872.33783
-18.2,500,1872.394646
-19.5,500,1872.450619
0.5,500,1872.735892
-19.5,500,1872.792768
-53.3,500,1872.849837
-25.6,500,1872.907088
-26.0,500,1873.202166
-50.0,500,1873.260531
-22.8,500,1873.317161
-20.3,500,1873.37339
-18.9,500,1873.657526
-24.0,500,1873.713997
-19.3,500,1873.770637
-23.5,500,1873.826588
-22.8,500,1874.145795
-25.7,500,1874.211853
-20.6,500,1874.267435
-57.4,500,1874.324995
-23.3,500,1874.380842
-19.9,500,1874.667672
-51.4,500,1874.72437
-25.1,500,1874.782092
-27.1,500,1874.837572
-23.7,500,1875.124932
-21.3,500,1875.181571
-22.4,500,1875.238415
-25.6,500,1875.295058
-20.2,500,1875.579884
-45.7,500,1875.636468
-1.2,500,1875.692516
-24.5,500,1875.74903
-21.7,500,1876.033932
-24.5,500,1876.090428
-23.2,500,1876.147479
-17.8,500,1876.203171
-25.8,500,1876.488557
-20.9,500,1876.543871
-23.5,500,1876.6012
-26.2,500,1876.656784
-18.4,500,1876.942747
-24.2,500,1876.998922
22.2,500,1877.056296
-20.8,500,1877.112479
-25.6,500,1877.399978
-58.9,500,1877.457018
-21.9,500,1877.513064
-27.5,500,1877.570009
-55.4,500,1877.855456
-23.1,500,1877.912731
-25.5,500,1877.968831
-25.2,500,1878.025533
-19.7,500,1878.312092
-27.3,500,1878.369426
-25.7,500,1878.426185
-2.6,500,1878.48271
-20.7,500,1878.76861
-49.2,500,1878.824588
-20.7,500,1878.881391
-22.5,500,1878.937664
-50.6,500,1878.994436
-23.8,500,1879.280523
-19.0,500,1879.3376
-25.2,500,1879.393074
19.4,500,1879.450388
-27.2,500,1879.736765
-20.3,500,1879.792946
-21.2,500,1879.85011
-22.8,500,1879.906335
-12.3,500,1880.193971
-18.5,500,1880.249451
-17.9,500,1880.306276
-23.4,500,1880.362481
-25.4,500,1880.649164
-29.6,500,1880.706815
-22.1,500,1880.762594
-20.2,500,1880.819579
-46.7,500,1881.105519
1.7,500,1881.162975
-23.7,500,1881.21955
-22.1,500,1881.276872
-70.6,500,1881.563414
-24.0,500,1881.620861
-26.0,500,1881.677701
-46.6,500,1881.733474
-25.2,500,1882.017703
-24.9,500,1882.074434
-24.1,500,1882.131354
-26.2,500,1882.187433
-48.9,500,1882.474736
-55.0,500,1882.530383
-26.1,500,1882.587476
18.8,500,1882.642429
-21.7,500,1882.927334
-20.8,500,1882.984913
2.6,500,1883.04077
-53.4,500,1883.097879
-23.4,500,1883.382438
-22.8,500,1883.439309
-50.3,500,1883.495229
-23.6,500,1883.552423
-23.3,500,1883.609161
-24.2,500,1883.896102
-20.7,500,1883.952883
-30.2,500,1884.008918
-54.6,500,1884.066033
-23.9,500,1884.350751
-19.8,500,1884.406768
-18.4,500,1884.462997
-22.8,500,1884.520146
-54.4,500,1884.807395
-26.6,500,1884.864899
-25.4,500,1884.920362
-21.7,500,1884.977513
-22.5,500,1885.264075
-21.4,500,1885.320088
-25.5,500,1885.377034
-26.8,500,1885.433642
-21.7,500,1885.718463
-13.8,500,1885.775166
-23.5,500,1885.832757
-21.2,500,1885.88886
-20.4,500,1886.176567
-29.4,500,1886.234451
-21.2,500,1886.291967
-51.7,500,1886.349928
-36.8,500,1886.633826
-29.4,500,1886.691179
-49.0,500,1886.747312
-18.3,500,1886.80377
-25.1,500,1887.092771
-50.5,500,1887.149486
-23.8,500,1887.205989
-23.7,500,1887.262533
-49.0,500,1887.548764
-27.3,500,1887.605921
-22.1,500,1887.663417
-20.8,500,1887.718927
-17.2,500,1888.006161
-53.2,500,1888.063608
-21.3,500,1888.120024
-50.2,500,1888.17714
-24.3,500,1888.462665
-21.1,500,1888.520049
-27.4,500,1888.576058
-24.0,500,1888.633258
-49.5,500,1888.688475
-24.0,500,1888.973521
-22.6,500,1889.03048
-53.6,500,1889.086693
-20.4,500,1889.143687
-23.9,500,1889.428821
-23.9,500,1889.486536
-21.9,500,1889.541344
-20.9,500,1889.59851
-23.8,500,1889.887207
-23.0,500,1889.945583
-23.4,500,1890.002757
-19.0,500,1890.058991
-20.2,500,1890.346315
-19.6,500,1890.402424
-25.7,500,1890.459116
-47.0,500,1890.51468
-27.6,500,1890.800164
-25.7,500,1890.85657
-1.6,500,1890.913562
-21.5,500,1890.96895
-47.3,500,1891.256206
-51.1,500,1891.31392
-23.9,500,1891.370023
-23.7,500,1891.426891
-46.0,500,1891.711654
-54.4,500,1891.768816
-20.1,500,1891.82449
-20.5,500,1891.881332
-27.4,500,1892.165969
-23.2,500,1892.224096
1.1,500,1892.280921
-22.1,500,1892.337557
-15.2,500,1892.624093
-54.5,500,1892.680374
-26.8,500,1892.737303
-22.5,500,1892.793056
-18.3,500,1893.079104
-25.8,500,1893.135257
-21.7,500,1893.192405
-18.5,500,1893.249285
-46.8,500,1893.306359
-20.1,500,1893.593032
-21.2,500,1893.648887
-19.2,500,1893.705604
-27.4,500,1893.762401
-23.0,500,1894.048861
-23.1,500,1894.105091
-23.3,500,1894.162225
-22.3,500,1894.218556
-47.6,500,1894.504878
-22.7,500,1894.562447
27.2,500,1894.618037
-23.9,500,1894.675105
-15.8,500,1894.962549
-51.4,500,1895.02027
-24.3,500,1895.076053
-26.1,500,1895.132611
-19.0,500,1895.418016
-25.6,500,1895.474427
-25.2,500,1895.53181
-49.6,500,1895.587506
-29.5,500,1895.872608
-46.4,500,1895.92859
-49.6,500,1895.985419
-16.2,500,1896.041982
3.1,500,1896.329177
-22.4,500,1896.385622
-20.9,500,1896.442365
-23.2,500,1896.498078
-20.9,500,1896.784313
-20.5,500,1896.842426
-21.4,500,1896.898547
-25.2,500,1896.956206
-47.2,500,1897.242186
-24.9,500,1897.299924
-19.3,500,1897.356051
-20.4,500,1897.413276
-17.8,500,1897.698207
-21.1,500,1897.755199
21.9,500,1897.812692
-22.8,500,1897.86926
-49.7,500,1898.155766
-17.0,500,1898.212003
-26.3,500,1898.269029
-22.3,500,1898.325275
-20.5,500,1898.382004
-21.7,500,1898.668247
-25.1,500,1898.725457
-24.6,500,1898.780991
-14.0,500,1898.838001
-25.4,500,1899.124573
-22.4,500,1899.180707
-53.7,500,1899.23756
-49.4,500,1899.29337
-26.0,500,1899.579017
-50.0,500,1899.635286
-18.2,500,1899.69199
-22.8,500,1899.748305
-28.7,500,1900.035353
27.9,500,1900.090929
-47.9,500,1900.147853
-47.5,500,1900.203795
-26.2,500,1900.533189
-23.0,500,1900.59096
-26.2,500,1900.646821
-24.3,500,1900.703544
-48.2,500,1900.98869
-19.7,500,1901.045118
-28.2,500,1901.10204
-22.2,500,1901.158426
-25.4,500,1901.444052
-23.0,500,1901.499829
-21.6,500,1901.557347
-50.4,500,1901.613328
-22.2,500,1901.898652
-20.8,500,1901.954788
-24.9,500,1902.011979
-11.7,500,1902.068253
-47.6,500,1902.354194
-18.4,500,1902.411871
-27.5,500,1902.468655
-22.7,500,1902.526076
-23.5,500,1902.811265
-20.0,500,1902.868607
-20.2,500,1902.924351
-25.1,500,1902.981514
-51.6,500,1903.037987
-26.6,500,1903.32431
-26.5,500,1903.38063
-21.5,500,1903.437778
-21.7,500,1903.494608
-26.3,500,1903.779981
-20.4,500,1903.837625
-49.9,500,1903.893883
-45.7,500,1903.951052
-25.5,500,1904.236656
23.6,500,1904.293692
30.7,500,1904.349057
-44.1,500,1904.406701
-22.4,500,1904.692038
-25.5,500,1904.748849
-23.8,500,1904.80694
-20.6,500,1904.863011
17.7,500,1905.149565
-21.5,500,1905.205384
-26.6,500,1905.262379
-20.1,500,1905.318346
-20.4,500,1905.604429
-24.8,500,1905.661306
-18.8,500,1905.717817
3.3,500,1905.774983
-23.1,500,1906.059701
-46.7,500,1906.116989
-23.9,500,1906.173518
-25.9,500,1906.230461
-13.7,500,1906.514891
-19.5,500,1906.57231
-21.9,500,1906.628682
-21.4,500,1906.685397
-52.0,500,1906.970562
-25.9,500,1907.026697
-18.4,500,1907.084173
-19.5,500,1907.139742
26.3,500,1907.425795
-27.3,500,1907.482315
-24.6,500,1907.540314
-19.5,500,1907.595982
-23.2,500,1907.653585
-22.5,500,1907.939483
-23.2,500,1907.995452
-21.3,500,1908.052368
-24.3,500,1908.108115
-25.9,500,1908.394634
-25.6,500,1908.451743
-26.7,500,1908.509021
-23.2,500,1908.564721
-23.9,500,1908.850288
-20.3,500,1908.906217
-53.9,500,1908.963167
-18.8,500,1909.02043
-24.3,500,1909.30611
-29.5,500,1909.36342
-27.8,500,1909.419371
-19.2,500,1909.476437
-25.5,500,1909.762626
-51.1,500,1909.820338
-23.6,500,1909.876116
-17.4,500,1909.932807
-27.3,500,1910.218148
-53.1,500,1910.274558
-19.7,500,1910.331639
-20.0,500,1910.386998
-26.7,500,1910.672364
-51.3,500,1910.728544
-27.9,500,1910.785158
-50.8,500,1910.841006
23.9,500,1911.126106
-25.2,500,1911.182056
-23.1,500,1911.239697
-18.7,500,1911.295754
-24.9,500,1911.580096
-47.2,500,1911.637801
-27.3,500,1911.69371
-19.9,500,1911.750902
-13.3,500,1912.035558
-22.0,500,1912.092341
-52.9,500,1912.14862
-17.4,500,1912.205368
-54.1,500,1912.489717
-21.9,500,1912.546535
-26.0,500,1912.603881
-47.9,500,1912.660507
26.3,500,1912.717234
-26.8,500,1913.002359
-21.7,500,1913.059189
-46.8,500,1913.11535
-27.6,500,1913.172578
-28.6,500,1913.457468
-25.1,500,1913.513684
-18.2,500,1913.570515
-19.3,500,1913.626675
16.9,500,1913.912312
-19.2,500,1913.96806
-44.7,500,1914.024715
-12.7,500,1914.08133
-23.9,500,1914.366724
-22.2,500,1914.421994
-18.5,500,1914.479178
-23.3,500,1914.535417
-24.7,500,1914.824776
-49.9,500,1914.881665
-21.8,500,1914.937884
-21.1,500,1914.993902
-56.0,500,1915.278971
-47.0,500,1915.336432
-23.5,500,1915.391667
-20.8,500,1915.448289
23.1,500,1915.732562
-22.3,500,1915.790131
-20.7,500,1915.846857
-21.7,500,1915.903699
-20.0,500,1916.188579
-22.0,500,1916.24588
-51.0,500,1916.303514
26.6,500,1916.3601
-27.2,500,1916.646302
-52.3,500,1916.701992
-49.6,500,1916.75942
-25.9,500,1916.815225
-26.1,500,1917.100586
-20.0,500,1917.15673
-21.9,500,1917.213726
-18.9,500,1917.270834
-24.8,500,1917.327343
-21.7,500,1917.613578
-24.3,500,1917.67024
-17.3,500,1917.727337
-26.3,500,1917.783543
-27.1,500,1918.069817
-47.3,500,1918.126295
-52.1,500,1918.183624
-48.7,500,1918.24059
-20.4,500,1918.526101
-21.9,500,1918.583595
-28.2,500,1918.63992
-22.6,500,1918.697075
-20.7,500,1918.983317
-51.5,500,1919.041415
-51.4,500,1919.097739
-27.5,500,1919.155643
-24.5,500,1919.441695
-50.7,500,1919.497818
-22.7,500,1919.555399
-23.1,500,1919.611887
-19.0,500,1919.900308
-28.9,500,1919.956328
-21.5,500,1920.013431
-19.9,500,1920.069269
-18.4,500,1920.356172
18.4,500,1920.412446
-26.4,500,1920.470121
-22.1,500,1920.527169
-22.0,500,1920.812351
-24.4,500,1920.869899
-51.7,500,1920.926129
-18.9,500,1920.98298
-24.3,500,1921.268515
-52.6,500,1921.325687
-30.7,500,1921.382758
-47.2,500,1921.439468
-48.7,500,1921.725359
-26.3,500,1921.780688
-19.7,500,1921.838193
-25.6,500,1921.894318
-20.8,500,1922.180644
-21.0,500,1922.237043
-50.5,500,1922.294575
-49.5,500,1922.352186
-25.5,500,1922.408188
-48.7,500,1922.694872
-21.7,500,1922.751791
-21.4,500,1922.808815
-29.0,500,1922.864782
-20.0,500,1923.151314
4.3,500,1923.207488
-23.5,500,1923.265088
-27.4,500,1923.32149
-27.0,500,1923.608565
-26.2,500,1923.66596
-23.8,500,1923.722454
-49.5,500,1923.779527
-23.9,500,1924.065376
-52.1,500,1924.122939
-24.6,500,1924.179338
-25.4,500,1924.235721
-16.7,500,1924.52191
-13.3,500,1924.578065
-25.8,500,1924.635043
-49.5,500,1924.691507
-27.1,500,1924.978502
-19.1,500,1925.03511
18.8,500,1925.091993
-26.1,500,1925.148146
-46.6,500,1925.435596
-24.4,500,1925.492601
-16.9,500,1925.550503
-23.4,500,1925.60766
-49.9,500,1925.893382
-25.7,500,1925.950581
-22.4,500,1926.007216
-24.9,500,1926.064493
-52.2,500,1926.350088
-20.8,500,1926.40766
-23.8,500,1926.463466
-25.0,500,1926.520237
-50.4,500,1926.80536
-23.3,500,1926.90474
-51.7,500,1926.962352
29.2,500,1927.019482
-27.2,500,1927.075618
-20.8,500,1927.362216
-21.9,500,1927.41885
-52.3,500,1927.47633
1.3,500,1927.532306
-48.5,500,1927.819207
-19.7,500,1927.874951
-20.3,500,1927.931886
-19.3,500,1927.98863
-22.3,500,1928.274392
-20.5,500,1928.33161
-73.8,500,1928.388255
-25.4,500,1928.445424
-17.0,500,1928.730704
-47.9,500,1928.788209
-23.9,500,1928.844527
-21.0,500,1928.901498
-24.5,500,1929.187536
-51.5,500,1929.244431
-24.1,500,1929.302067
-21.7,500,1929.358116
-20.3,500,1929.644564
-26.5,500,1929.700563
-24.5,500,1929.757077
-50.2,500,1929.81411
-18.4,500,1930.100303
-24.0,500,1930.156958
-24.2,500,1930.214552
-23.1,500,1930.27153
-25.8,500,1930.556772
-25.3,500,1930.614316
-30.2,500,1930.670821
-21.4,500,1930.727876
-20.4,500,1931.012279
-23.3,500,1931.06978
-54.5,500,1931.12509
-23.2,500,1931.181709
-25.5,500,1931.466474
-25.9,500,1931.523094
3.9,500,1931.57919
23.6,500,1931.634911
-20.1,500,1931.920195
29.1,500,1931.97565
-15.9,500,1932.032329
-19.4,500,1932.088055
-22.2,500,1932.145119
-20.8,500,1932.429909
-22.5,500,1932.486661
-19.5,500,1932.542456
-20.9,500,1932.599365
-24.6,500,1932.885619
-22.9,500,1932.942009
-23.4,500,1932.99933
-17.9,500,1933.055878
4.1,500,1933.342274
-20.9,500,1933.398227
-28.0,500,1933.455085
-28.2,500,1933.511159
-20.6,500,1933.796863
-19.7,500,1933.853983
-24.6,500,1933.910953
-28.4,500,1933.967824
-50.6,500,1934.252812
-24.5,500,1934.311052
-19.2,500,1934.367603
-21.9,500,1934.425147
-22.1,500,1934.710748
-19.9,500,1934.767622
-21.5,500,1934.824649
-22.8,500,1934.881657
-21.9,500,1935.16714
21.2,500,1935.223257
-71.7,500,1935.280615
-26.6,500,1935.336277
-28.6,500,1935.62281
-20.8,500,1935.679218
23.0,500,1935.736882
-21.4,500,1935.793066
-23.4,500,1936.079061
19.9,500,1936.135414
-24.1,500,1936.192623
-22.9,500,1936.248755
-19.7,500,1936.533838
3.1,500,1936.590881
-17.6,500,1936.647026
-22.9,500,1936.703317
-55.3,500,1936.759589
-26.2,500,1937.045794
-21.5,500,1937.101647
-22.9,500,1937.158725
-20.3,500,1937.214124
-52.7,500,1937.499992
-24.8,500,1937.557151
-28.3,500,1937.613055
-18.9,500,1937.669856
-27.5,500,1937.954836
-51.3,500,1938.012318
-30.3,500,1938.068573
-21.5,500,1938.125929
-26.6,500,1938.410998
-20.6,500,1938.468087
22.4,500,1938.523646
-24.8,500,1938.58072
-26.7,500,1938.867611
-18.3,500,1938.924422
-22.1,500,1938.981546
-55.2,500,1939.038374
-23.1,500,1939.324523
-19.8,500,1939.380614
9.0,500,1939.437924
-26.1,500,1939.494226
-22.0,500,1939.780348
-22.9,500,1939.836435
-23.5,500,1939.893769
-16.1,500,1939.950927
-22.0,500,1940.236494
-55.9,500,1940.293458
-23.1,500,1940.348693
-23.0,500,1940.405608
-21.2,500,1940.688672
-27.1,500,1940.745544
-22.5,500,1940.80175
-17.6,500,1940.858725
-20.1,500,1941.143082
-18.7,500,1941.200077
-58.1,500,1941.257056
-25.0,500,1941.31243
-23.5,500,1941.369691
-20.1,500,1941.655533
-24.1,500,1941.712748
-48.3,500,1941.768571
-30.7,500,1941.825443
-20.5,500,1942.110212
-26.4,500,1942.16726
-26.4,500,1942.223423
-26.2,500,1942.280371
-24.7,500,1942.565332
-29.6,500,1942.622082
-24.4,500,1942.678669
-50.5,500,1942.735218
-20.3,500,1943.021371
-23.8,500,1943.077846
-19.4,500,1943.135048
0.3,500,1943.191124
-52.7,500,1943.477545
-21.9,500,1943.53373
-50.9,500,1943.590942
-20.5,500,1943.646725
-49.6,500,1943.933415
-23.6,500,1943.990969
-25.3,500,1944.047613
-49.5,500,1944.105768
-21.8,500,1944.392734
-23.4,500,1944.449689
-18.0,500,1944.505943
-24.4,500,1944.563309
-21.8,500,1944.850142
-26.7,500,1944.906556
-22.0,500,1944.963781
-21.1,500,1945.019933
-26.2,500,1945.3056
-24.4,500,1945.361196
-22.6,500,1945.418063
-25.0,500,1945.474792
-30.5,500,1945.760319
-21.8,500,1945.8165
-25.0,500,1945.873934
-24.0,500,1945.929955
-51.2,500,1946.215756
-46.6,500,1946.273107
-15.2,500,1946.329166
-50.4,500,1946.386088
-18.4,500,1946.441765
-24.1,500,1946.728554
-26.9,500,1946.784188
-25.1,500,1946.841419
-20.4,500,1946.897796
-28.8,500,1947.183824
-24.8,500,1947.23938
-19.7,500,1947.296377
-25.3,500,1947.352534
-22.6,500,1947.639404
-23.3,500,1947.696806
-52.4,500,1947.753558
-14.9,500,1947.810398
-24.6,500,1948.096807
-25.7,500,1948.153504
-22.1,500,1948.209826
-23.5,500,1948.267612
-24.0,500,1948.572486
-18.2,500,1948.628647
-24.6,500,1948.685574
-47.1,500,1948.742066
-25.0,500,1949.027883
-19.0,500,1949.083962
-26.0,500,1949.141467
-25.5,500,1949.197153
-21.2,500,1949.48276
-22.6,500,1949.539962
-56.6,500,1949.596595
-25.8,500,1949.653051
-19.0,500,1949.939058
-52.2,500,1949.996343
21.8,500,1950.052544
-20.3,500,1950.109847
-50.1,500,1950.395282
-49.8,500,1950.45303
20.9,500,1950.508816
-19.0,500,1950.565737
-49.5,500,1950.85221
-59.1,500,1950.908768
-23.9,500,1950.965415
-25.0,500,1951.021838
-28.0,500,1951.078833
-49.6,500,1951.363692
-20.0,500,1951.421123
-48.9,500,1951.477232
-25.0,500,1951.534042
-24.1,500,1951.818793
-21.4,500,1951.875962
-26.5,500,1951.931417
-25.8,500,1951.988321
-23.0,500,1952.273072
-22.9,500,1952.329672
-22.2,500,1952.386133
-58.4,500,1952.442308
-24.5,500,1952.728169
-32.1,500,1952.78409
-23.1,500,1952.840894
-21.0,500,1952.896695
-20.0,500,1953.182111
-25.6,500,1953.237747
-26.7,500,1953.294954
-19.4,500,1953.352106
-21.3,500,1953.678987
-47.7,500,1953.73453
-24.8,500,1953.790907
-24.2,500,1953.847515
-22.2,500,1954.132977
-20.9,500,1954.188631
-50.9,500,1954.245928
-24.3,500,1954.302151
-27.4,500,1954.587989
-27.2,500,1954.644247
-16.8,500,1954.701722
-49.1,500,1954.757919
-25.5,500,1955.045148
-24.9,500,1955.102675
-46.5,500,1955.158895
-22.9,500,1955.214993
-23.2,500,1955.499299
-27.1,500,1955.556709
-28.9,500,1955.612593
-26.2,500,1955.669386
4.7,500,1955.954672
-22.7,500,1956.010611
-24.2,500,1956.066779
-24.9,500,1956.123288
-25.1,500,1956.180249
-48.6,500,1956.465007
-26.6,500,1956.521895
-20.6,500,1956.577756
-23.9,500,1956.634632
-22.1,500,1956.919852
-23.7,500,1956.977089
-21.8,500,1957.033573
-26.4,500,1957.089796
-24.2,500,1957.375398
-51.6,500,1957.431525
-26.0,500,1957.48819
-22.9,500,1957.543446
-62.5,500,1957.828324
-25.3,500,1957.883723
-25.5,500,1957.940733
-23.8,500,1957.996779
-17.4,500,1958.283325
-22.6,500,1958.339515
-20.0,500,1958.396242
-47.9,500,1958.452598
-20.0,500,1958.737432
-22.4,500,1958.794294
-25.9,500,1958.849805
-22.5,500,1958.906498
1.4,500,1959.191919
-18.9,500,1959.24906
-23.0,500,1959.304771
-20.7,500,1959.361411
-23.2,500,1959.64686
-24.6,500,1959.703048
-22.0,500,1959.759981
20.5,500,1959.816108
-24.0,500,1960.102372
-19.2,500,1960.158209
-58.7,500,1960.215741
-21.8,500,1960.271101
-24.7,500,1960.557265
-24.0,500,1960.614297
24.8,500,1960.669777
-26.3,500,1960.72636
5.2,500,1960.782112
-21.7,500,1961.067541
-24.0,500,1961.123651
-23.4,500,1961.180513
-49.7,500,1961.236374
-19.4,500,1961.521628
-22.5,500,1961.577445
-22.2,500,1961.634475
-23.1,500,1961.690242
-51.4,500,1961.975765
-22.3,500,1962.032812
-55.9,500,1962.088986
-52.4,500,1962.146184
-50.8,500,1962.432139
-26.3,500,1962.489465
-23.8,500,1962.545461
-27.2,500,1962.602736
-25.7,500,1962.888163
-21.8,500,1962.945865
-47.8,500,1963.002721
-53.7,500,1963.058905
-22.0,500,1963.344775
-20.0,500,1963.400404
-23.9,500,1963.457127
-23.7,500,1963.512824
-25.1,500,1963.798685
-26.3,500,1963.853773
-25.8,500,1963.910242
-27.4,500,1963.967162
18.3,500,1964.251752
-17.4,500,1964.308858
-26.2,500,1964.365428
-21.2,500,1964.422563
-19.3,500,1964.70799
-19.3,500,1964.764994
-5.0,500,1964.821856
-22.5,500,1964.87907
-27.3,500,1965.16441
-49.4,500,1965.221802
-23.8,500,1965.278925
-20.2,500,1965.33551
-52.5,500,1965.392182
-22.9,500,1965.67692
-47.3,500,1965.733839
-22.6,500,1965.789758
-27.4,500,1965.846893
-47.5,500,1966.131684
-25.5,500,1966.188871
-27.2,500,1966.245324
-25.5,500,1966.301715
-23.8,500,1966.587117
-50.3,500,1966.642965
-24.6,500,1966.700736
-51.7,500,1966.756894
30.9,500,1967.042855
-15.8,500,1967.098392
-16.8,500,1967.15482
-52.0,500,1967.210769
-20.1,500,1967.496797
-23.5,500,1967.553729
-19.9,500,1967.609803
-25.1,500,1967.66556
-22.2,500,1967.950451
-45.2,500,1968.008028
-21.3,500,1968.063931
-26.9,500,1968.120725
-22.5,500,1968.404679
16.2,500,1968.462143
-22.6,500,1968.518023
-46.6,500,1968.575272
-48.3,500,1968.860943
-47.9,500,1968.917548
-25.3,500,1968.974618
-23.6,500,1969.029616
-28.8,500,1969.315509
-57.2,500,1969.37235
-25.0,500,1969.429493
-27.1,500,1969.485005
-47.5,500,1969.770239
-52.4,500,1969.827041
-28.8,500,1969.882888
-20.3,500,1969.93958
-25.3,500,1970.225317
-18.9,500,1970.281408
-54.0,500,1970.338324
-20.6,500,1970.395253
-26.2,500,1970.450992
-23.5,500,1970.736528
-22.4,500,1970.792968
-22.3,500,1970.849574
-50.6,500,1970.907003
-20.5,500,1971.191918
-26.1,500,1971.249436
-18.2,500,1971.305434
-17.7,500,1971.362759
-24.5,500,1971.647653
-28.9,500,1971.705032
-48.7,500,1971.761267
-24.0,500,1971.818884
-25.6,500,1972.10487
-25.6,500,1972.161312
-20.3,500,1972.218067
-22.0,500,1972.273955
-23.3,500,1972.55906
-50.1,500,1972.615619
-51.4,500,1972.672821
-27.4,500,1972.729128
-24.5,500,1973.015695
-52.8,500,1973.07313
-25.8,500,1973.129905
-49.8,500,1973.187226
-22.6,500,1973.472507
-48.9,500,1973.530264
-21.9,500,1973.586541
-25.3,500,1973.643694
-52.8,500,1973.928528
-24.3,500,1973.986017
-23.8,500,1974.041112
-22.8,500,1974.097988
-24.7,500,1974.38321
-24.0,500,1974.439896
-47.8,500,1974.497334
-20.4,500,1974.553316
-23.8,500,1974.840794
-19.9,500,1974.896956
21.7,500,1974.95351
-24.0,500,1975.009754
-15.1,500,1975.06693
-26.4,500,1975.352281
-54.6,500,1975.409531
-51.7,500,1975.464915
-52.0,500,1975.522235
-53.4,500,1975.809134
-51.2,500,1975.865679
24.1,500,1975.922523
-22.6,500,1975.978429
-29.8,500,1976.264415
-25.6,500,1976.320699
-47.0,500,1976.377071
-20.9,500,1976.432895
-25.3,500,1976.719199
-19.3,500,1976.775801
-22.1,500,1976.833162
-23.1,500,1976.889187
-26.2,500,1977.190895
-26.4,500,1977.254344
-18.9,500,1977.314516
-19.1,500,1977.37711
-22.3,500,1977.689293
-23.8,500,1977.75332
-17.3,500,1977.810655
-52.9,500,1977.867293
-48.0,500,1978.155749
24.8,500,1978.213045
-47.6,500,1978.269567
-22.9,500,1978.326537
-24.3,500,1978.612066
-50.6,500,1978.670336
-49.3,500,1978.727048
-26.5,500,1978.783706
-25.5,500,1979.090794
-49.9,500,1979.147165
-48.8,500,1979.20443
-26.5,500,1979.260092
-27.8,500,1979.548035
-22.9,500,1979.603553
-24.1,500,1979.66135
-21.7,500,1979.718179
-48.0,500,1980.050893
-53.0,500,1980.107625
-49.5,500,1980.164466
-27.5,500,1980.221047
-49.3,500,1980.277892
-28.3,500,1980.563645
-23.0,500,1980.620997
-20.0,500,1980.677011
-27.3,500,1980.734386
-23.9,500,1981.020819
-18.0,500,1981.076605
-18.5,500,1981.134219
-21.4,500,1981.190036
-27.0,500,1981.475249
-24.6,500,1981.531464
-24.5,500,1981.588055
-24.1,500,1981.643495
-24.7,500,1981.929207
-55.1,500,1981.985823
-23.5,500,1982.042595
-23.1,500,1982.098276
-24.7,500,1982.383387
-23.4,500,1982.440324
-20.7,500,1982.496302
-23.4,500,1982.552978
-20.3,500,1982.837395
-25.9,500,1982.894632
-63.5,500,1982.950767
-24.8,500,1983.007406
-21.3,500,1983.291442
-28.1,500,1983.34895
-19.4,500,1983.405417
-18.9,500,1983.461433
-24.3,500,1983.746883
-26.6,500,1983.803501
-23.6,500,1983.860707
-57.4,500,1983.916693
19.7,500,1984.202296
-24.5,500,1984.258408
-28.5,500,1984.315386
-22.0,500,1984.371096
-24.2,500,1984.656367
-27.5,500,1984.713389
-49.5,500,1984.769026
-56.9,500,1984.826601
-23.5,500,1984.883069
-23.0,500,1985.170654
-21.0,500,1985.226472
-24.7,500,1985.283623
-19.7,500,1985.339157
-28.5,500,1985.62417
-14.2,500,1985.680989
-24.7,500,1985.737943
-22.5,500,1985.795046
-25.1,500,1986.08017
-22.8,500,1986.136987
-52.4,500,1986.1934
-21.5,500,1986.250213
-24.2,500,1986.535117
-24.7,500,1986.592698
-22.4,500,1986.649043
-23.1,500,1986.705785
-24.5,500,1986.991598
-24.7,500,1987.048042
-0.9,500,1987.104601
-21.0,500,1987.160756
-55.3,500,1987.447242
-22.5,500,1987.503412
-21.3,500,1987.560211
-19.8,500,1987.615679
-19.3,500,1987.901293
-21.1,500,1987.956807
20.4,500,1988.013264
-18.1,500,1988.0684
-52.6,500,1988.355368
-26.4,500,1988.412671
-51.8,500,1988.469462
-47.3,500,1988.526348
-20.8,500,1988.811387
-17.7,500,1988.86902
-22.7,500,1988.92552
-19.3,500,1988.982215
-22.8,500,1989.26669
-48.0,500,1989.324864
-13.2,500,1989.381356
-2.4,500,1989.438016
-22.1,500,1989.723725
-47.4,500,1989.780196
-20.6,500,1989.837491
-51.6,500,1989.893576
-26.4,500,1989.950879
-23.1,500,1990.236924
-17.1,500,1990.293491
-15.2,500,1990.349103
-49.2,500,1990.40649
-21.6,500,1990.691741
-23.4,500,1990.748458
-22.5,500,1990.805663
-23.3,500,1990.862029
-17.7,500,1991.147141
-50.0,500,1991.202743
-25.0,500,1991.259398
-27.1,500,1991.314594
-20.5,500,1991.599045
-21.6,500,1991.65528
5.3,500,1991.712127
-27.7,500,1991.768576
-25.9,500,1992.053858
16.6,500,1992.110112
-22.3,500,1992.165654
-25.3,500,1992.222142
-45.3,500,1992.50619
-22.9,500,1992.563504
-24.5,500,1992.619143
-24.6,500,1992.676134
-21.5,500,1992.960809
-21.6,500,1993.017628
-20.3,500,1993.07475
-26.4,500,1993.130862
18.7,500,1993.417149
-20.7,500,1993.472862
-24.6,500,1993.529826
-18.7,500,1993.585404
-22.6,500,1993.870827
-17.6,500,1993.926345
-52.9,500,1993.983836
-23.6,500,1994.039595
-47.6,500,1994.325181
-18.7,500,1994.38173
-19.6,500,1994.438671
-21.6,500,1994.495374
-23.2,500,1994.551489
-23.4,500,1994.837353
-19.6,500,1994.893483
-49.1,500,1994.9512
-23.5,500,1995.007455
-49.8,500,1995.29454
-22.0,500,1995.351477
-19.4,500,1995.407191
-22.4,500,1995.464756
-51.2,500,1995.749488
-29.1,500,1995.806718
-21.3,500,1995.863236
-22.3,500,1995.919681
-23.4,500,1996.204617
-20.8,500,1996.261031
27.9,500,1996.31689
-54.4,500,1996.373049
-20.4,500,1996.658298
-21.4,500,1996.714016
-19.2,500,1996.771008
-22.7,500,1996.826912
-21.6,500,1997.112341
-51.3,500,1997.168924
-34.9,500,1997.225729
-16.2,500,1997.282119
-24.3,500,1997.56763
-26.5,500,1997.625012
-21.4,500,1997.680615
-18.2,500,1997.737768
-23.1,500,1998.021949
-25.2,500,1998.079225
-53.7,500,1998.135207
-19.0,500,1998.191598
-55.0,500,1998.477312
-22.2,500,1998.533765
-17.2,500,1998.590508
-26.6,500,1998.646754
-21.3,500,1998.933315
-24.1,500,1998.98991
-25.8,500,1999.046975
-24.2,500,1999.102842
-27.2,500,1999.159708
-13.5,500,1999.44526
-18.9,500,1999.500796
-21.9,500,1999.557554
0.8,500,1999.613753
-23.6,500,1999.902399
-24.0,500,1999.958543
-50.4,500,2000.016214
-14.6,500,2000.072579
-22.8,500,2000.358334
-13.7,500,2000.414516
-19.9,500,2000.47136
-21.2,500,2000.528062
-19.6,500,2000.812731
-24.6,500,2000.869477
-23.4,500,2000.925281
-13.1,500,2000.981825
-48.4,500,2001.267671
-22.8,500,2001.324563
-23.6,500,2001.380559
-20.8,500,2001.437411
-17.7,500,2001.721915
-53.2,500,2001.779147
-18.3,500,2001.834465
-25.8,500,2001.891689
-18.2,500,2002.177887
-16.8,500,2002.234182
-48.9,500,2002.291365
4.1,500,2002.347711
-51.1,500,2002.633259
-25.0,500,2002.688682
-21.0,500,2002.745569
-27.3,500,2002.801388
-19.6,500,2003.087128
-19.4,500,2003.143819
-50.0,500,2003.200458
-27.7,500,2003.256644
-53.8,500,2003.541929
-46.1,500,2003.599723
-25.7,500,2003.655993
-21.7,500,2003.712768
-52.8,500,2003.998052
-17.5,500,2004.05499
-29.0,500,2004.111072
-22.5,500,2004.168356
-24.6,500,2004.223915
-26.6,500,2004.510877
-50.0,500,2004.567535
-17.9,500,2004.623131
-21.0,500,2004.679849
-47.3,500,2004.966413
-58.4,500,2005.024057
-17.9,500,2005.080335
-21.6,500,2005.13704
-48.7,500,2005.42222
-27.3,500,2005.478715
-18.8,500,2005.534154
-20.3,500,2005.591352
-24.1,500,2005.876344
-24.3,500,2005.932973
-58.0,500,2005.989505
-22.4,500,2006.045198
-27.3,500,2006.37377
-22.1,500,2006.431426
-51.2,500,2006.487676
-23.2,500,2006.544863
-17.4,500,2006.830295
22.9,500,2006.886928
-47.1,500,2006.943741
-26.7,500,2006.999695
-30.8,500,2007.287894
-27.5,500,2007.343914
-47.4,500,2007.401208
-82.4,500,2007.457715
-28.0,500,2007.744291
1.1,500,2007.800628
-21.1,500,2007.857863
-22.9,500,2007.916337
-27.6,500,2008.2017
-20.0,500,2008.25731
-23.1,500,2008.314011
-50.6,500,2008.370915
-18.4,500,2008.656073
-26.9,500,2008.713023
-19.5,500,2008.768696
-20.4,500,2008.825107
-22.5,500,2008.880559
-24.1,500,2009.16749
-21.9,500,2009.223003
-20.0,500,2009.279799
-25.9,500,2009.336534
-20.8,500,2009.621656
-24.7,500,2009.679063
-19.5,500,2009.735311
-23.0,500,2009.792263
-47.2,500,2010.080872
-25.5,500,2010.138651
-19.9,500,2010.195439
-20.4,500,2010.251665
-26.2,500,2010.53746
-23.0,500,2010.593701
-19.7,500,2010.650486
-47.1,500,2010.70629
-12.8,500,2010.991564
-23.6,500,2011.047715
-22.5,500,2011.104578
18.8,500,2011.160148
-21.2,500,2011.446488
-25.7,500,2011.503417
-24.0,500,2011.559519
-26.6,500,2011.616192
-50.0,500,2011.901023
-50.9,500,2011.958478
23.9,500,2012.014654
-27.1,500,2012.071779
-22.4,500,2012.356078
-50.0,500,2012.413471
29.6,500,2012.468942
-24.5,500,2012.525606
-23.2,500,2012.810456
-23.6,500,2012.866696
-19.1,500,2012.923897
-26.5,500,2012.979905
-29.6,500,2013.265437
-24.4,500,2013.321593
-16.3,500,2013.378654
28.5,500,2013.434326
-50.5,500,2013.720366
-24.3,500,2013.776692
-18.4,500,2013.833185
0.7,500,2013.890328
-21.8,500,2013.946838
-25.0,500,2014.232259
-24.5,500,2014.288089
8.2,500,2014.344633
-22.0,500,2014.400455
-14.1,500,2014.686373
-25.6,500,2014.741939
-22.0,500,2014.798165
-22.0,500,2014.853916
-9.3,500,2015.140829
-47.0,500,2015.197004
-50.2,500,2015.253066
-54.1,500,2015.309964
-21.7,500,2015.594695
-26.4,500,2015.65246
-17.4,500,2015.708628
-51.0,500,2015.765656
-17.6,500,2016.049309
-27.8,500,2016.105925
-18.9,500,2016.161136
-27.6,500,2016.217964
-56.6,500,2016.503922
-23.6,500,2016.559582
-23.9,500,2016.616181
-26.9,500,2016.671684
-21.2,500,2016.956348
-24.3,500,2017.011873
-20.0,500,2017.068823
10.7,500,2017.125028
-27.2,500,2017.4107
-22.6,500,2017.466625
-50.4,500,2017.523475
-23.7,500,2017.578439
-47.1,500,2017.863885
-21.0,500,2017.920559
-23.4,500,2017.976474
-24.8,500,2018.032937
-51.4,500,2018.317268
-21.3,500,2018.374021
7.9,500,2018.42976
-15.9,500,2018.485984
-22.7,500,2018.542183
-27.0,500,2018.827728
-18.2,500,2018.883613
-22.8,500,2018.940684
-49.6,500,2018.99615
-21.9,500,2019.281837
-21.8,500,2019.338745
-54.4,500,2019.394701
-26.3,500,2019.451609
-23.2,500,2019.735462
-21.1,500,2019.792222
-49.1,500,2019.84806
-18.5,500,2019.905736
-26.1,500,2020.193036
-47.5,500,2020.248833
-23.0,500,2020.305684
-18.7,500,2020.361824
-54.1,500,2020.647183
19.2,500,2020.70253
-20.9,500,2020.759014
-24.8,500,2020.814585
-24.7,500,2021.099439
-21.8,500,2021.156272
-45.6,500,2021.21371
-23.2,500,2021.270287
-27.3,500,2021.554845
-20.8,500,2021.612226
-52.4,500,2021.668659
-20.0,500,2021.7253
-46.8,500,2022.010408
-50.8,500,2022.068546
-22.7,500,2022.123819
-26.0,500,2022.180127
-18.3,500,2022.465619
-50.4,500,2022.522717
-43.9,500,2022.580302
-21.8,500,2022.636268
-51.3,500,2022.921544
-49.6,500,2022.978274
-47.7,500,2023.035558
-24.3,500,2023.091794
-20.4,500,2023.148413
5.1,500,2023.434377
19.4,500,2023.490673
-16.6,500,2023.547299
-21.9,500,2023.603445
-23.7,500,2023.889319
-20.8,500,2023.945522
-20.2,500,2024.002131
-24.0,500,2024.057948
-30.5,500,2024.343818
24.7,500,2024.399695
-21.6,500,2024.456592
-17.7,500,2024.512304
-19.5,500,2024.798283
-18.5,500,2024.855322
-23.4,500,2024.912414
-24.6,500,2024.969566
-23.5,500,2025.254859
-20.0,500,2025.311854
4.0,500,2025.367834
-48.2,500,2025.425429
-20.8,500,2025.710917
22.7,500,2025.767771
-21.7,500,2025.823622
-23.9,500,2025.879832
-26.2,500,2026.16534
-25.2,500,2026.22171
-23.2,500,2026.279028
-15.6,500,2026.335506
-54.9,500,2026.621209
-26.4,500,2026.677818
-27.4,500,2026.735037
-22.1,500,2026.791438
-19.4,500,2027.078259
-22.5,500,2027.134703
-22.6,500,2027.190415
-25.8,500,2027.247354
-25.8,500,2027.53255
-20.6,500,2027.589599
-48.8,500,2027.64525
-21.2,500,2027.702189
-25.1,500,2027.986618
-23.0,500,2028.043925
0.3,500,2028.100233
-50.4,500,2028.156514
-49.9,500,2028.213609
-19.5,500,2028.498948
-50.6,500,2028.5559
-25.5,500,2028.611919
-20.9,500,2028.66929
4.1,500,2028.954385
-50.9,500,2029.011632
-26.4,500,2029.068332
-24.9,500,2029.125688
-17.8,500,2029.412033
-17.6,500,2029.468234
-23.4,500,2029.525114
-27.0,500,2029.581873
-20.9,500,2029.867659
-23.5,500,2029.924087
-20.8,500,2029.980694
-51.6,500,2030.036918
-22.0,500,2030.322644
-21.2,500,2030.378791
-22.0,500,2030.436096
-23.7,500,2030.492004
-55.2,500,2030.778037
-51.7,500,2030.834715
-27.4,500,2030.891738
-23.7,500,2030.947778
-25.4,500,2031.233537
-19.0,500,2031.290941
-22.8,500,2031.347701
-24.7,500,2031.405196
-24.4,500,2031.690789
-25.7,500,2031.747802
-19.7,500,2031.80376
-4.2,500,2031.860345
-49.7,500,2032.145075
-22.8,500,2032.20211
-25.0,500,2032.258046
23.2,500,2032.314723
-52.8,500,2032.64656
-27.6,500,2032.703132
-51.2,500,2032.759904
-23.3,500,2032.816596
-48.7,500,2032.872597
-24.7,500,2033.158297
-20.1,500,2033.21453
-27.2,500,2033.271662
-53.0,500,2033.327243
-25.9,500,2033.613691
-25.2,500,2033.669796
-1.4,500,2033.726326
-56.3,500,2033.783597
-25.3,500,2034.068382
-18.1,500,2034.125524
-23.0,500,2034.181203
-1.0,500,2034.238123
-51.7,500,2034.523526
-15.5,500,2034.580653
-24.7,500,2034.637012
-24.6,500,2034.694129
-15.3,500,2034.981738
-12.5,500,2035.038177
-18.2,500,2035.095376
-24.9,500,2035.15157
-27.4,500,2035.437068
-23.2,500,2035.493601
-23.4,500,2035.550875
-23.7,500,2035.60733
-21.6,500,2035.893765
-25.2,500,2035.950517
-27.1,500,2036.007417
-25.5,500,2036.06289
-50.3,500,2036.34932
-23.2,500,2036.406621
-34.2,500,2036.463705
26.5,500,2036.520525
-21.4,500,2036.805637
-29.5,500,2036.862914
-26.9,500,2036.918732
-21.7,500,2036.975606
-50.9,500,2037.260391
-22.2,500,2037.317993
-23.9,500,2037.37368
-19.8,500,2037.430976
-22.7,500,2037.716793
-28.2,500,2037.773083
-51.5,500,2037.83087
-17.7,500,2037.88696
-20.0,500,2037.944222
-19.1,500,2038.228647
-24.5,500,2038.285603
-22.7,500,2038.340428
-27.3,500,2038.396643
-29.2,500,2038.68319
-31.4,500,2038.739333
-24.0,500,2038.795384
-28.6,500,2038.851511
-24.8,500,2039.137028
-20.6,500,2039.193103
-22.0,500,2039.250984
-27.6,500,2039.306585
-23.2,500,2039.592977
-47.9,500,2039.650703
-22.3,500,2039.707446
-27.9,500,2039.764117
-28.6,500,2040.050936
-23.9,500,2040.108486
-21.3,500,2040.164301
-21.7,500,2040.221124
-26.8,500,2040.506355
-23.7,500,2040.563844
-23.4,500,2040.619754
-25.6,500,2040.676499
-20.6,500,2040.962089
-48.9,500,2041.019019
-22.9,500,2041.075882
-20.2,500,2041.132214
-22.3,500,2041.417767
-18.7,500,2041.473504
-50.8,500,2041.53042
-53.7,500,2041.587395
-46.8,500,2041.872691
-27.7,500,2041.928693
-52.0,500,2041.986163
-22.3,500,2042.041847
-52.0,500,2042.327288
-26.2,500,2042.384411
-18.6,500,2042.441682
-50.3,500,2042.498868
-23.4,500,2042.555199
-52.8,500,2042.841803
-24.9,500,2042.898353
-19.6,500,2042.954993
-19.1,500,2043.011004
-28.1,500,2043.29616
-25.0,500,2043.352756
-23.7,500,2043.410042
24.9,500,2043.466022
-19.1,500,2043.752532
-17.9,500,2043.809026
-27.4,500,2043.865988
-18.7,500,2043.923215
-24.0,500,2044.207898
-26.7,500,2044.26511
-25.5,500,2044.32108
-20.7,500,2044.378379
-49.4,500,2044.662611
-25.0,500,2044.719938
-27.6,500,2044.776595
-22.9,500,2044.833509
-27.5,500,2045.120346
-20.8,500,2045.176781
-28.7,500,2045.233679
-23.0,500,2045.290042
-20.5,500,2045.574164
-21.2,500,2045.63022
-22.5,500,2045.68707
-23.7,500,2045.743131
2.1,500,2046.028668
-27.5,500,2046.084812
-25.0,500,2046.141996
-24.4,500,2046.197696
-24.1,500,2046.48362
-23.1,500,2046.540939
-25.1,500,2046.596544
-0.5,500,2046.653544
-52.9,500,2046.93837
-22.7,500,2046.995996
-24.3,500,2047.05315
-22.4,500,2047.111239
-47.5,500,2047.396042
-53.3,500,2047.454044
-21.9,500,2047.509698
-21.4,500,2047.566978
8.1,500,2047.622647
-24.3,500,2047.907915
-25.1,500,2047.964423
-54.2,500,2048.022006
-23.8,500,2048.078804
-23.2,500,2048.364579
-55.3,500,2048.42151
-24.9,500,2048.47696
-52.2,500,2048.533943
-22.7,500,2048.818075
-21.1,500,2048.875383
-50.1,500,2048.931504
-21.0,500,2048.988272
-27.8,500,2049.273718
-16.8,500,2049.329882
-21.7,500,2049.38582
-24.5,500,2049.442557
-20.9,500,2049.728079
-21.7,500,2049.784247
-49.7,500,2049.84102
-23.3,500,2049.896932
-19.4,500,2050.183934
-17.7,500,2050.240111
-24.2,500,2050.297046
-24.7,500,2050.353152
-23.8,500,2050.638913
-22.8,500,2050.69528
-48.4,500,2050.750919
-48.8,500,2050.807702
-20.4,500,2051.09271
-50.9,500,2051.150518
-23.2,500,2051.206964
-24.6,500,2051.264265
-26.0,500,2051.549893
-50.6,500,2051.606612
-23.3,500,2051.663303
-25.8,500,2051.719441
-23.0,500,2052.005232
-23.1,500,2052.062059
-21.3,500,2052.119501
-18.5,500,2052.175523
-55.5,500,2052.232072
-47.8,500,2052.516835
-47.0,500,2052.57418
-21.1,500,2052.630931
-20.8,500,2052.687549
-46.5,500,2052.973273
-49.5,500,2053.029772
-22.0,500,2053.087433
-26.6,500,2053.143619
-52.6,500,2053.429352
-50.5,500,2053.485421
-50.7,500,2053.54236
-24.9,500,2053.598089
-0.4,500,2053.915631
-50.0,500,2053.972557
-26.1,500,2054.028473
-20.1,500,2054.085395
-47.7,500,2054.370943
-25.7,500,2054.426842
-24.1,500,2054.483179
-22.7,500,2054.539209
-52.4,500,2054.82383
-26.5,500,2054.87986
-22.6,500,2054.937793
-20.2,500,2054.993599
-26.3,500,2055.280702
-47.3,500,2055.337958
-20.4,500,2055.394179
-23.3,500,2055.450745
-27.0,500,2055.735318
-26.0,500,2055.792107
-21.1,500,2055.848002
-54.4,500,2055.905591
-23.3,500,2056.191558
-17.8,500,2056.248056
-19.2,500,2056.305531
-50.1,500,2056.361908
-22.7,500,2056.648103
-13.9,500,2056.7043
-51.4,500,2056.761408
-21.2,500,2056.817386
-24.3,500,2056.874006
-21.5,500,2057.158598
-19.7,500,2057.21597
-27.1,500,2057.271368
-1.2,500,2057.328288
-49.3,500,2057.614581
-19.1,500,2057.671293
-50.2,500,2057.728585
-21.7,500,2057.784333
-48.1,500,2058.070946
-45.8,500,2058.127167
-24.4,500,2058.183941
-52.9,500,2058.239605
-25.2,500,2058.525002
-19.3,500,2058.581262
-19.7,500,2058.637942
-22.6,500,2058.694819
-25.3,500,2058.97998
-47.3,500,2059.037452
-22.5,500,2059.09389
-53.7,500,2059.151019
-50.4,500,2059.435112
-25.2,500,2059.492074
-47.5,500,2059.548454
-24.3,500,2059.604922
-24.3,500,2059.93517
-22.9,500,2059.991843
-24.6,500,2060.048361
-20.8,500,2060.103634
-23.1,500,2060.389565
-24.6,500,2060.4462
-26.4,500,2060.502594
-47.9,500,2060.560336
-23.5,500,2060.844954
-23.2,500,2060.902009
-23.9,500,2060.957463
-18.2,500,2061.013971
-51.6,500,2061.299668
-23.8,500,2061.3566
-47.5,500,2061.412775
-23.6,500,2061.469673
-19.2,500,2061.753849
-23.8,500,2061.811033
-22.0,500,2061.868398
-22.9,500,2061.924158
-28.6,500,2061.981065
-22.4,500,2062.265684
-24.4,500,2062.323146
-25.8,500,2062.379168
-21.9,500,2062.435869
-52.1,500,2062.720969
-22.7,500,2062.779253
-26.1,500,2062.835211
-22.5,500,2062.891607
-23.4,500,2063.177484
-50.0,500,2063.234054
-22.0,500,2063.291256
-20.7,500,2063.346972
-22.5,500,2063.632851
-47.2,500,2063.688894
-27.5,500,2063.745428
-20.4,500,2063.801657
-26.9,500,2064.08991
-19.7,500,2064.147168
-21.1,500,2064.20968
-24.8,500,2064.267005
-51.1,500,2064.551995
-25.6,500,2064.609309
-48.6,500,2064.665182
-19.5,500,2064.722331
-49.4,500,2065.009588
-28.3,500,2065.065836
-20.9,500,2065.122304
-22.8,500,2065.178071
-26.6,500,2065.463107
-24.5,500,2065.519516
-22.1,500,2065.576427
-25.5,500,2065.631966
-27.7,500,2065.917419
-16.4,500,2065.973385
-25.8,500,2066.030616
-22.4,500,2066.086252
-29.0,500,2066.371816
-21.7,500,2066.428683
-26.2,500,2066.484774
-26.3,500,2066.541431
-26.0,500,2066.598145
-30.0,500,2066.883275
-25.7,500,2066.93964
-27.2,500,2066.996675
-26.2,500,2067.052556
-22.5,500,2067.337843
-21.7,500,2067.393827
-20.9,500,2067.449746
-20.2,500,2067.506105
-55.1,500,2067.792171
-21.9,500,2067.84879
-48.1,500,2067.905013
-47.0,500,2067.961666
-23.6,500,2068.246562
-51.1,500,2068.303285
-20.4,500,2068.3585
-50.0,500,2068.415863
-50.5,500,2068.702029
-53.1,500,2068.759044
-24.3,500,2068.815392
-25.8,500,2068.871284
-14.9,500,2069.155856
-49.3,500,2069.212236
-19.1,500,2069.269408
-48.2,500,2069.325857
-21.1,500,2069.611161
-16.7,500,2069.668402
-21.0,500,2069.72439
-28.5,500,2069.78159
-24.0,500,2070.069284
-27.5,500,2070.127246
-50.2,500,2070.183689
-20.9,500,2070.240245
-49.5,500,2070.525095
-22.2,500,2070.582472
-50.6,500,2070.639324
-19.7,500,2070.696036
-51.2,500,2070.98194
-21.7,500,2071.038239
-20.2,500,2071.094212
-20.2,500,2071.150091
-22.2,500,2071.435335
-21.7,500,2071.491853
-20.5,500,2071.549135
-21.8,500,2071.605619
-21.3,500,2071.662717
-24.7,500,2071.947897
-50.3,500,2072.005097
-21.4,500,2072.061161
-23.5,500,2072.116853
-53.7,500,2072.402264
-21.3,500,2072.458484
-22.5,500,2072.515127
-23.1,500,2072.571635
-23.0,500,2072.857315
-19.5,500,2072.91341
-20.3,500,2072.970421
-22.8,500,2073.026119
-21.6,500,2073.323236
-19.5,500,2073.380622
-49.0,500,2073.436817
-23.2,500,2073.493845
-28.3,500,2073.779746
-24.8,500,2073.836548
-53.0,500,2073.893134
-23.2,500,2073.950155
-50.3,500,2074.235537
-46.3,500,2074.293241
-22.1,500,2074.349996
-23.8,500,2074.406089
-29.7,500,2074.691082
-50.7,500,2074.747407
-23.8,500,2074.804028
-28.1,500,2074.859222
-24.6,500,2075.147447
-48.0,500,2075.203476
-47.8,500,2075.261081
-50.3,500,2075.317257
-24.7,500,2075.602787
-24.8,500,2075.659736
-21.0,500,2075.715494
-24.6,500,2075.772639
-19.5,500,2076.057867
-23.7,500,2076.114973
-46.0,500,2076.17132
-24.4,500,2076.22833
-22.4,500,2076.284618
-17.4,500,2076.572407
-52.4,500,2076.629074
-20.7,500,2076.685868
-16.7,500,2076.741888
-53.9,500,2077.028904
-53.0,500,2077.08626
-27.3,500,2077.142065
-24.5,500,2077.198697
-25.0,500,2077.484262
-19.6,500,2077.541753
-27.3,500,2077.598028
-29.3,500,2077.655556
-21.3,500,2077.942167
-23.2,500,2077.998612
-51.1,500,2078.055909
-22.0,500,2078.111604
-23.8,500,2078.3983
-20.5,500,2078.455173
-22.1,500,2078.512389
-22.1,500,2078.568145
-23.1,500,2078.855018
-53.1,500,2078.912638
-31.7,500,2078.968808
-25.0,500,2079.025185
-26.4,500,2079.309869
-22.0,500,2079.367225
-24.9,500,2079.423645
2.3,500,2079.480932
-47.7,500,2079.764924
-19.9,500,2079.821799
-26.2,500,2079.877929
-23.8,500,2079.935928
-26.1,500,2080.221788
-27.7,500,2080.278608
-23.4,500,2080.336091
-23.4,500,2080.392212
-27.7,500,2080.678236
-52.7,500,2080.735119
-22.3,500,2080.791768
-23.8,500,2080.847847
-15.8,500,2080.905391
-24.4,500,2081.191119
-24.0,500,2081.247094
-11.7,500,2081.303848
-23.9,500,2081.359893
-51.8,500,2081.646459
-23.1,500,2081.702387
-26.7,500,2081.759086
-53.0,500,2081.815282
-26.3,500,2082.10218
-23.5,500,2082.15784
-48.5,500,2082.214579
-25.2,500,2082.27062
-27.3,500,2082.556337
-22.1,500,2082.613631
-21.0,500,2082.669531
-21.8,500,2082.726511
-24.2,500,2083.012458
-25.8,500,2083.069904
-19.0,500,2083.126053
-24.9,500,2083.183092
-23.3,500,2083.468191
-26.5,500,2083.524006
-17.1,500,2083.580812
-23.2,500,2083.63714
-24.5,500,2083.922917
-24.1,500,2083.978561
-22.2,500,2084.035429
-26.7,500,2084.091041
-48.6,500,2084.377111
-27.0,500,2084.432975
-46.4,500,2084.490339
-51.2,500,2084.545799
-25.8,500,2084.831102
-18.1,500,2084.888122
-27.5,500,2084.944749
-26.9,500,2085.001454
-25.3,500,2085.286921
-20.6,500,2085.344652
-25.2,500,2085.400871
-24.0,500,2085.457625
23.3,500,2085.74243
-21.9,500,2085.799971
-20.2,500,2085.85681
-21.1,500,2085.955977
-23.1,500,2086.01273
-26.9,500,2086.298534
-23.9,500,2086.354531
-28.6,500,2086.411263
-26.2,500,2086.467337
-28.7,500,2086.753357
-24.6,500,2086.809997
-20.2,500,2086.867441
-25.2,500,2086.923391
-21.6,500,2087.208716
-20.7,500,2087.265021
-49.9,500,2087.321363
-27.7,500,2087.378567
-24.6,500,2087.663283
-19.7,500,2087.720417
-21.2,500,2087.776338
-19.6,500,2087.83381
-25.2,500,2088.119339
-18.7,500,2088.177017
-58.5,500,2088.233371
-19.6,500,2088.290334
-18.0,500,2088.574916
-22.2,500,2088.631452
-20.4,500,2088.688519
-22.1,500,2088.744221
-52.0,500,2089.028945
-25.3,500,2089.084733
-27.5,500,2089.142143
-23.0,500,2089.198101
-21.1,500,2089.483328
-23.2,500,2089.53956
-25.0,500,2089.596791
-19.0,500,2089.652826
-19.1,500,2089.938381
-24.7,500,2089.996355
-19.4,500,2090.052644
-46.3,500,2090.109934
-18.1,500,2090.39506
-23.1,500,2090.452291
-28.3,500,2090.508092
-21.4,500,2090.565072
-21.6,500,2090.621523
-23.2,500,2090.90683
-51.0,500,2090.964802
-23.3,500,2091.020695
-22.5,500,2091.077891
22.4,500,2091.362798
-50.9,500,2091.42023
-52.2,500,2091.476629
-21.9,500,2091.533883
-24.8,500,2091.819256
-24.2,500,2091.875695
-50.9,500,2091.932691
-24.0,500,2091.988702
-23.8,500,2092.274696
-21.0,500,2092.331173
-55.8,500,2092.388528
-23.0,500,2092.444652
-21.1,500,2092.730751
-23.1,500,2092.787368
-26.5,500,2092.843542
-25.0,500,2092.900327
-20.8,500,2093.184781
-21.7,500,2093.241208
-22.0,500,2093.296655
-20.8,500,2093.3539
-23.3,500,2093.638749
-25.4,500,2093.695727
-18.6,500,2093.751326
-47.8,500,2093.808282
-22.3,500,2094.094094
-24.0,500,2094.149992
-23.6,500,2094.206602
-2.2,500,2094.26252
-23.0,500,2094.548806
-24.7,500,2094.605326
-22.0,500,2094.662406
-20.5,500,2094.718094
-23.7,500,2095.005297
-20.3,500,2095.061918
-21.9,500,2095.118072
21.5,500,2095.17425
-51.5,500,2095.459499
-27.4,500,2095.516773
-22.5,500,2095.572875
-20.5,500,2095.629417
-22.8,500,2095.685389
-23.7,500,2095.971282
-54.7,500,2096.027139
-20.5,500,2096.083638
-23.7,500,2096.139656
-25.5,500,2096.426196
-26.4,500,2096.483575
-22.6,500,2096.539519
4.4,500,2096.596018
-29.3,500,2096.881227
-22.9,500,2096.938688
-28.3,500,2096.99449
-24.3,500,2097.051699
-28.4,500,2097.337054
-20.9,500,2097.393219
-25.8,500,2097.449682
-27.9,500,2097.505841
-52.5,500,2097.790638
-20.9,500,2097.846591
-51.1,500,2097.903619
-22.3,500,2097.959795
-25.9,500,2098.27085
-30.6,500,2098.332883
-24.4,500,2098.394667
-24.5,500,2098.453853
-22.9,500,2098.774099
-21.5,500,2098.830006
-21.0,500,2098.8876
-28.3,500,2098.944029
-24.3,500,2099.231637
-19.4,500,2099.287412
-23.3,500,2099.344545
-22.0,500,2099.401418
-24.4,500,2099.687066
-54.3,500,2099.743611
-22.8,500,2099.799206
-19.8,500,2099.856246
-21.8,500,2100.162863
-19.2,500,2100.218314
-23.7,500,2100.274629
-24.7,500,2100.329836
-20.1,500,2100.386197
-21.2,500,2100.672452
-21.8,500,2100.729714
-22.6,500,2100.785038
-20.8,500,2100.842392
-22.5,500,2101.12812
-26.7,500,2101.185392
-21.3,500,2101.242861
-18.9,500,2101.299171
-28.4,500,2101.585766
-21.8,500,2101.641959
-22.0,500,2101.699407
-26.7,500,2101.755155
-25.4,500,2102.040331
-50.4,500,2102.096875
-23.2,500,2102.154041
-25.8,500,2102.21006
-49.6,500,2102.496977
-26.8,500,2102.554029
-21.0,500,2102.6104
-28.2,500,2102.66758
-22.7,500,2102.95323
-24.1,500,2103.0109
-27.6,500,2103.06693
-45.3,500,2103.123743
-21.6,500,2103.40873
-21.5,500,2103.465667
-24.8,500,2103.52319
-22.2,500,2103.579694
-28.8,500,2103.865138
-52.5,500,2103.921784
-49.6,500,2103.978432
-52.0,500,2104.034626
-14.7,500,2104.32082
-22.8,500,2104.376945
21.7,500,2104.43443
-29.2,500,2104.490403
23.8,500,2104.77623
-28.1,500,2104.832879
-21.1,500,2104.888957
-22.0,500,2104.945631
-20.6,500,2105.231687
-24.0,500,2105.288844
-29.6,500,2105.345095
-48.6,500,2105.401558
-20.0,500,2105.457602
-52.5,500,2105.74305
-22.0,500,2105.800222
-52.5,500,2105.856332
-28.5,500,2105.913132
-28.7,500,2106.198425
-24.6,500,2106.256309
-22.1,500,2106.312834
-52.0,500,2106.370387
-25.7,500,2106.656783
-24.6,500,2106.714277
-24.4,500,2106.770608
-25.1,500,2106.827314
-25.5,500,2107.116246
-21.0,500,2107.172746
-19.9,500,2107.231669
-21.6,500,2107.286939
-17.6,500,2107.572478
-26.8,500,2107.628016
-26.4,500,2107.684629
-24.8,500,2107.740103
-21.7,500,2108.027929
-21.3,500,2108.084299
-16.4,500,2108.140844
-23.2,500,2108.196352
-19.9,500,2108.482862
-13.5,500,2108.54035
-22.1,500,2108.596242
-25.8,500,2108.652826
-18.1,500,2108.937894
-23.8,500,2108.994466
-22.0,500,2109.050824
-20.6,500,2109.107453
2.1,500,2109.392412
-26.3,500,2109.449331
-23.4,500,2109.505995
-22.2,500,2109.562228
-27.4,500,2109.847186
-52.5,500,2109.903726
-55.6,500,2109.961203
-20.7,500,2110.017541
-22.8,500,2110.074614
-23.2,500,2110.359951
-21.4,500,2110.417304
-47.8,500,2110.473684
-24.7,500,2110.530666
-20.1,500,2110.817533
-24.6,500,2110.873938
-25.7,500,2110.930711
-21.2,500,2110.986782
-50.2,500,2111.271816
-27.6,500,2111.327334
-19.0,500,2111.38417
-23.5,500,2111.439749
-27.4,500,2111.725014
-21.2,500,2111.781768
-19.0,500,2111.837596
-28.8,500,2111.894858
-21.0,500,2112.17972
-22.5,500,2112.279362
-20.6,500,2112.336032
-20.1,500,2112.39137
-21.5,500,2112.677022
-23.7,500,2112.733264
-27.9,500,2112.789894
-26.8,500,2112.845279
-23.0,500,2113.13127
-19.3,500,2113.188072
-16.1,500,2113.243709
-18.6,500,2113.299864
20.8,500,2113.584181
-25.6,500,2113.641018
-20.9,500,2113.69747
8.0,500,2113.754291
-23.5,500,2114.038593
-24.6,500,2114.096027
-50.4,500,2114.152434
-25.1,500,2114.20969
-27.7,500,2114.494785
-22.6,500,2114.551899
-51.6,500,2114.608752
-48.0,500,2114.66503
-24.2,500,2114.721921
-48.4,500,2115.007556
9.6,500,2115.064813
-27.4,500,2115.120552
25.3,500,2115.177655
-14.2,500,2115.462532
-21.0,500,2115.519433
-21.5,500,2115.574913
-24.2,500,2115.632294
-22.5,500,2115.917766
-24.0,500,2115.973144
-27.2,500,2116.029953
-21.6,500,2116.086518
-23.4,500,2116.372472
-19.4,500,2116.428206
-50.4,500,2116.485475
-15.4,500,2116.541337
-17.9,500,2116.827739
-23.7,500,2116.884129
-20.1,500,2116.941419
-28.2,500,2116.99787
-17.1,500,2117.282582
-21.8,500,2117.339382
-22.8,500,2117.395474
-21.3,500,2117.452219
-20.9,500,2117.736544
2.1,500,2117.794135
-51.7,500,2117.851265
-21.8,500,2117.90695
-25.1,500,2118.193708
-21.6,500,2118.249936
-22.0,500,2118.306506
-25.1,500,2118.362691
-22.1,500,2118.648438
-26.5,500,2118.704625
-21.4,500,2118.761795
-27.4,500,2118.817364
-25.6,500,2119.104229
23.8,500,2119.160595
-25.2,500,2119.218318
-19.6,500,2119.275557
-23.9,500,2119.561543
-25.2,500,2119.618934
-24.3,500,2119.675628
-23.9,500,2119.732866
-27.5,500,2119.78887
-21.3,500,2120.078198
-26.7,500,2120.134604
-18.6,500,2120.191563
-19.3,500,2120.247162
-19.3,500,2120.53354
-22.0,500,2120.59063
-20.0,500,2120.646775
-18.8,500,2120.703686
-21.9,500,2120.988663
-22.8,500,2121.046118
-22.7,500,2121.102215
-25.1,500,2121.158767
-29.3,500,2121.44397
-26.6,500,2121.502073
-20.1,500,2121.55812
-24.2,500,2121.615621
-45.5,500,2121.901792
-23.0,500,2121.957908
-21.4,500,2122.015012
-25.6,500,2122.071045
-23.5,500,2122.356233
-21.6,500,2122.412091
-52.4,500,2122.469617
-18.7,500,2122.525021
-25.8,500,2122.812292
-22.4,500,2122.869981
-22.9,500,2122.926217
-23.2,500,2122.983201
-25.8,500,2123.2681
-21.3,500,2123.325076
-51.6,500,2123.381018
1.9,500,2123.43825
-22.3,500,2123.724002
-52.2,500,2123.780357
-19.6,500,2123.837219
-17.7,500,2123.892965
23.1,500,2124.17841
-22.9,500,2124.234347
-24.1,500,2124.291493
-29.1,500,2124.347473
-20.5,500,2124.40474
-21.5,500,2124.68978
-22.4,500,2124.746442
-21.4,500,2124.802518
-24.1,500,2124.858493
-51.0,500,2125.146575
-22.7,500,2125.202447
-21.9,500,2125.259298
-16.6,500,2125.31521
-50.7,500,2125.601119
-23.9,500,2125.657033
-22.1,500,2125.714049
-25.7,500,2125.769526
-18.8,500,2126.056029
-20.8,500,2126.113685
-53.2,500,2126.169826
-22.9,500,2126.226383
-62.7,500,2126.511936
-48.9,500,2126.568936
-22.8,500,2126.62513
-20.6,500,2126.682368
-25.8,500,2126.967543
-19.9,500,2127.025012
-14.7,500,2127.080692
-23.9,500,2127.137209
-24.9,500,2127.422778
-23.8,500,2127.480045
-20.8,500,2127.535762
-21.4,500,2127.592426
-18.3,500,2127.877493
-21.0,500,2127.93384
-24.0,500,2127.990631
-27.7,500,2128.047094
-24.4,500,2128.336362
-24.5,500,2128.392332
-61.8,500,2128.450003
-25.4,500,2128.505722
-16.4,500,2128.791913
-51.5,500,2128.849003
-20.6,500,2128.905899
-26.4,500,2128.964085
-25.4,500,2129.24936
-21.8,500,2129.307136
-25.1,500,2129.363188
-18.7,500,2129.419637
-20.9,500,2129.476065
-24.8,500,2129.76305
-25.1,500,2129.820216
-24.0,500,2129.876158
-13.8,500,2129.932985
-54.4,500,2130.221337
-17.7,500,2130.278418
-20.9,500,2130.334716
-27.6,500,2130.392002
-52.3,500,2130.677642
-68.4,500,2130.73548
-53.6,500,2130.791597
-51.3,500,2130.849083
-21.2,500,2131.13497
-26.5,500,2131.191112
-46.1,500,2131.248458
-25.5,500,2131.304293
-22.8,500,2131.589576
-56.3,500,2131.646657
-51.9,500,2131.70375
-18.2,500,2131.759954
-24.9,500,2132.046496
-25.6,500,2132.102915
-28.4,500,2132.159254
-22.7,500,2132.215843
-15.0,500,2132.502389
-25.8,500,2132.559641
-24.8,500,2132.615892
-24.1,500,2132.672959
-51.3,500,2132.957835
-18.8,500,2133.015098
-25.6,500,2133.071144
-20.8,500,2133.128216
-17.9,500,2133.413163
-25.1,500,2133.469375
-51.2,500,2133.525966
-21.3,500,2133.582113
-26.3,500,2133.867483
-22.5,500,2133.923489
-52.3,500,2133.980749
-25.2,500,2134.036819
-25.0,500,2134.093526
-20.4,500,2134.379124
-27.1,500,2134.435631
3.3,500,2134.492292
-28.3,500,2134.548117
-48.0,500,2134.833377
-55.4,500,2134.889673
-25.1,500,2134.947228
-20.1,500,2135.004105
-22.0,500,2135.289763
-48.6,500,2135.345291
-26.6,500,2135.401635
-21.5,500,2135.458004
-24.6,500,2135.744525
-18.8,500,2135.801965
-22.2,500,2135.85693
-19.5,500,2135.914693
-21.6,500,2136.199695
-20.6,500,2136.256648
-53.1,500,2136.313381
-19.7,500,2136.370727
-22.5,500,2136.656724
-22.8,500,2136.713425
-20.6,500,2136.770507
-50.2,500,2136.826224
-48.5,500,2137.112176
-19.8,500,2137.168046
-23.2,500,2137.225923
-52.7,500,2137.282108
-26.0,500,2137.568833
-25.2,500,2137.626404
-26.8,500,2137.682536
-20.7,500,2137.739225
-24.6,500,2138.024479
-24.6,500,2138.082405
-46.9,500,2138.138928
-19.4,500,2138.196356
-25.4,500,2138.482723
-20.2,500,2138.539797
-22.6,500,2138.596893
-24.0,500,2138.653495
-24.8,500,2138.710534
-21.3,500,2138.996689
-47.6,500,2139.054533
-24.3,500,2139.111054
-28.6,500,2139.168362
-25.7,500,2139.496665
-19.3,500,2139.552027
-48.9,500,2139.60892
-19.7,500,2139.663622
-51.4,500,2139.94956
-48.2,500,2140.005816
-21.1,500,2140.062245
-45.6,500,2140.117255
-23.0,500,2140.403034
-25.8,500,2140.459644
-17.9,500,2140.515491
-23.5,500,2140.57247
-23.5,500,2140.857525
-21.4,500,2140.914309
-24.5,500,2140.970415
-52.9,500,2141.027336
-20.4,500,2141.312207
-23.0,500,2141.368649
-17.7,500,2141.426323
-23.8,500,2141.481994
-24.3,500,2141.766555
-21.6,500,2141.82209
-21.2,500,2141.878616
-22.9,500,2141.934104
-17.6,500,2142.220351
-29.6,500,2142.276183
-53.1,500,2142.333671
-17.7,500,2142.389221
22.5,500,2142.67584
16.0,500,2142.732319
-18.3,500,2142.788216
-24.9,500,2142.8453
-12.1,500,2143.130231
-25.9,500,2143.187622
28.0,500,2143.243989
-47.5,500,2143.301065
-14.3,500,2143.58487
-28.3,500,2143.64184
-22.0,500,2143.698455
-16.5,500,2143.753867
-47.8,500,2143.81045
-26.7,500,2144.095599
-20.4,500,2144.153028
-20.7,500,2144.208595
-27.1,500,2144.265021
-23.8,500,2144.549677
-21.1,500,2144.606556
-49.8,500,2144.662667
-24.7,500,2144.719174
-20.4,500,2145.003808
-23.0,500,2145.059906
-50.8,500,2145.117208
-54.9,500,2145.173086
-23.6,500,2145.459407
27.1,500,2145.514954
-25.3,500,2145.572318
-18.1,500,2145.628434
-21.8,500,2145.914439
-24.7,500,2145.970457
-22.8,500,2146.027124
-22.4,500,2146.083528
-25.2,500,2146.369515
-20.1,500,2146.42727
-17.9,500,2146.483312
-47.9,500,2146.540333
-20.9,500,2146.825924
-50.5,500,2146.882992
-19.3,500,2146.939178
-21.8,500,2146.99612
-20.9,500,2147.282125
-27.0,500,2147.337997
-52.5,500,2147.395856
-22.0,500,2147.451637
-46.1,500,2147.738665
-46.7,500,2147.795074
-22.5,500,2147.852736
-48.0,500,2147.909527
-25.7,500,2148.19509
-22.3,500,2148.25325
-16.0,500,2148.308794
-22.7,500,2148.366019
-50.6,500,2148.422169
24.3,500,2148.708725
-17.7,500,2148.764374
33.0,500,2148.821942
-28.3,500,2148.878599
-20.9,500,2149.165108
-22.4,500,2149.222506
-18.3,500,2149.278568
-26.1,500,2149.335413
-17.9,500,2149.621028
-17.9,500,2149.677344
-24.5,500,2149.73341
-19.5,500,2149.789096
-26.3,500,2150.077767
-25.3,500,2150.133825
-23.4,500,2150.190604
-20.5,500,2150.24644
-25.3,500,2150.532902
-46.0,500,2150.588723
-24.6,500,2150.646411
26.2,500,2150.702238
-28.4,500,2150.989736
-17.8,500,2151.047144
-22.9,500,2151.103823
-3.8,500,2151.160073
-23.7,500,2151.44505
-25.6,500,2151.502014
-26.0,500,2151.557951
-19.8,500,2151.614593
-21.9,500,2151.899814
-18.8,500,2151.955996
22.1,500,2152.012985
-20.1,500,2152.068644
-22.5,500,2152.355042
-49.8,500,2152.411637
29.3,500,2152.468494
-55.2,500,2152.524602
-14.2,500,2152.812039
-50.8,500,2152.869205
-56.4,500,2152.926066
-47.6,500,2152.983013
-26.3,500,2153.268554
-48.0,500,2153.326357
23.1,500,2153.382083
-22.4,500,2153.439038
-17.8,500,2153.494861
-19.2,500,2153.780341
-22.0,500,2153.837
-46.8,500,2153.893144
-23.0,500,2153.949538
-50.2,500,2154.235602
5.0,500,2154.29317
-25.6,500,2154.348739
-20.1,500,2154.405473
-22.5,500,2154.689504
-21.4,500,2154.746684
4.3,500,2154.802701
-25.9,500,2154.859486
-48.1,500,2155.147324
-29.0,500,2155.204101
-49.8,500,2155.261033
-56.5,500,2155.317868
-27.1,500,2155.604696
-51.4,500,2155.661277
-49.3,500,2155.718441
-47.7,500,2155.774916
-22.8,500,2156.061091
-26.0,500,2156.117982
-49.9,500,2156.174337
-23.0,500,2156.230954
-23.9,500,2156.515515
-53.2,500,2156.573381
-1.1,500,2156.629864
-33.4,500,2156.687362
-22.5,500,2156.97207
-18.5,500,2157.029476
-24.7,500,2157.085842
4.8,500,2157.142592
-23.4,500,2157.426822
-20.5,500,2157.483924
-49.3,500,2157.54096
-23.3,500,2157.597405
-23.3,500,2157.882566
-26.8,500,2157.939011
-23.7,500,2157.996284
-22.4,500,2158.051888
-22.6,500,2158.1087
-49.3,500,2158.393386
-21.9,500,2158.450125
-23.3,500,2158.505834
-18.4,500,2158.562477
-20.1,500,2158.850125
-30.7,500,2158.90658
-21.3,500,2158.96385
3.5,500,2159.019823
-22.3,500,2159.305743
-20.8,500,2159.361598
-15.9,500,2159.418481
-25.7,500,2159.474294
-26.0,500,2159.792033
-24.1,500,2159.849678
-45.1,500,2159.905744
-20.9,500,2159.961837
-46.0,500,2160.250142
-22.3,500,2160.306162
25.0,500,2160.363483
-55.3,500,2160.420051
-22.2,500,2160.705406
-22.0,500,2160.761959
-24.8,500,2160.818232
-51.9,500,2160.87498
-51.0,500,2161.160096
-17.3,500,2161.217503
-21.9,500,2161.273675
-49.7,500,2161.330338
-24.3,500,2161.615217
22.8,500,2161.672403
7.4,500,2161.728429
-22.7,500,2161.785886
-45.4,500,2162.071547
-25.8,500,2162.127895
-23.0,500,2162.184373
-23.2,500,2162.240611
23.1,500,2162.526793
-22.3,500,2162.582939
-24.6,500,2162.640035
-54.7,500,2162.696511
16.0,500,2162.981732
-22.9,500,2163.039165
-25.7,500,2163.095453
-18.5,500,2163.151879
19.9,500,2163.208038
-17.6,500,2163.494223
-21.1,500,2163.549562
-17.3,500,2163.606553
-54.9,500,2163.66233
-21.8,500,2163.948435
-55.6,500,2164.004827
-24.6,500,2164.061491
-50.9,500,2164.117856
-28.2,500,2164.403844
-26.3,500,2164.460729
-22.8,500,2164.516827
-21.1,500,2164.57397
-21.9,500,2164.858889
-23.0,500,2164.916251
-19.3,500,2164.972745
-21.8,500,2165.030831
-23.1,500,2165.317123
-22.5,500,2165.372993
-20.9,500,2165.429379
-24.8,500,2165.485828
-22.3,500,2165.772443
-25.8,500,2165.828951
-51.7,500,2165.886052
-21.9,500,2165.942277
-22.0,500,2166.227555
-21.4,500,2166.283685
-42.2,500,2166.340693
-17.4,500,2166.396854
-21.4,500,2166.724198
-19.0,500,2166.781179
-25.1,500,2166.838596
-51.5,500,2166.894429
-26.8,500,2167.17967
-23.2,500,2167.23659
-50.8,500,2167.294127
-25.1,500,2167.350574
-24.4,500,2167.636358
-48.1,500,2167.691167
-51.9,500,2167.748642
3.4,500,2167.804935
-16.5,500,2167.861783
-22.5,500,2168.148278
-20.7,500,2168.204218
-23.0,500,2168.261257
-24.5,500,2168.31704
-48.0,500,2168.603454
-23.6,500,2168.659815
-51.7,500,2168.716792
-46.1,500,2168.772136
-50.1,500,2169.057944
-51.7,500,2169.113243
-20.6,500,2169.170596
-17.3,500,2169.227327
-20.9,500,2169.511711
-22.0,500,2169.568467
-25.3,500,2169.624687
-27.4,500,2169.68212
-18.5,500,2169.965881
-21.7,500,2170.024041
-23.3,500,2170.080765
-52.9,500,2170.138552
-23.6,500,2170.423621
-24.7,500,2170.48072
-22.0,500,2170.536745
-53.1,500,2170.593761
-21.5,500,2170.877893
-19.5,500,2170.933454
-4.4,500,2170.990689
-56.6,500,2171.046565
-24.6,500,2171.332452
-17.8,500,2171.387982
-56.7,500,2171.445136
-24.9,500,2171.501492
-20.5,500,2171.785921
22.7,500,2171.842617
-23.8,500,2171.899005
-27.1,500,2171.95631
-21.7,500,2172.241168
-22.7,500,2172.298467
-15.3,500,2172.354771
-18.5,500,2172.411918
-18.5,500,2172.467714
-23.1,500,2172.753154
-17.4,500,2172.809593
-46.3,500,2172.865931
-24.1,500,2172.92318
-19.6,500,2173.208129
-23.1,500,2173.265276
-49.5,500,2173.32147
-24.8,500,2173.378361
-25.5,500,2173.662818
-24.5,500,2173.719907
-22.2,500,2173.776414
-48.0,500,2173.832258
-50.7,500,2174.118081
-17.7,500,2174.17442
-22.7,500,2174.231287
-60.6,500,2174.287505
0.1,500,2174.57306
17.4,500,2174.628954
-47.3,500,2174.686129
18.9,500,2174.741831
-24.2,500,2175.02829
-27.3,500,2175.08483
-30.3,500,2175.141688
-19.9,500,2175.198325
-14.0,500,2175.483751
-25.7,500,2175.541157
-23.9,500,2175.596313
-19.4,500,2175.652618
-20.8,500,2175.937148
-23.3,500,2175.994605
-21.3,500,2176.050175
-60.0,500,2176.107158
-16.7,500,2176.391536
-23.9,500,2176.447791
-21.7,500,2176.504461
-23.7,500,2176.560325
-22.8,500,2176.845188
-17.3,500,2176.901105
-47.4,500,2176.958565
-51.2,500,2177.014341
-20.7,500,2177.300251
-25.2,500,2177.357321
-24.5,500,2177.413773
-24.0,500,2177.471576
-23.0,500,2177.529281
-51.4,500,2177.815066
-25.3,500,2177.870824
-52.0,500,2177.927926
-23.5,500,2177.983678
-23.9,500,2178.26904
-47.8,500,2178.326341
28.4,500,2178.382536
-18.6,500,2178.439522
-46.3,500,2178.724749
-20.2,500,2178.782036
-24.3,500,2178.837655
-21.8,500,2178.894805
-21.7,500,2179.181049
-22.9,500,2179.237994
-24.0,500,2179.293754
-27.8,500,2179.350435
-1.3,500,2179.634949
-23.9,500,2179.692628
-54.2,500,2179.749837
-51.8,500,2179.806868
-46.5,500,2180.094124
-23.1,500,2180.150344
-24.4,500,2180.207455
-50.3,500,2180.263764
-23.1,500,2180.550397
-22.6,500,2180.606959
-49.8,500,2180.664718
-24.2,500,2180.720771
-50.9,500,2181.006632
-17.7,500,2181.06336
-20.8,500,2181.118762
-24.7,500,2181.17479
-25.0,500,2181.460286
-18.1,500,2181.517457
-18.3,500,2181.57333
-22.7,500,2181.630988
-47.8,500,2181.91635
-25.0,500,2181.973325
-21.2,500,2182.029524
-25.5,500,2182.085886
-21.0,500,2182.142667
-12.9,500,2182.427873
23.6,500,2182.485011
-21.6,500,2182.540359
-22.4,500,2182.597187
-20.2,500,2182.883761
-28.6,500,2182.940074
-28.0,500,2182.9972
-21.5,500,2183.05345
-18.7,500,2183.340616
-23.1,500,2183.396831
-21.5,500,2183.454083
-51.3,500,2183.510588
-23.4,500,2183.797605
-48.2,500,2183.854689
-22.4,500,2183.911703
-20.1,500,2183.968779
-18.5,500,2184.254964
-20.8,500,2184.312271
-26.8,500,2184.368934
-23.5,500,2184.42629
-26.1,500,2184.711425
-22.2,500,2184.768906
-24.8,500,2184.824699
-21.7,500,2184.881465
-22.9,500,2185.169803
-22.0,500,2185.226167
-48.8,500,2185.283703
-16.8,500,2185.340062
-49.4,500,2185.624724
-24.7,500,2185.68079
-26.8,500,2185.738243
-24.2,500,2185.794293
-24.6,500,2186.07995
-16.7,500,2186.136008
-5.9,500,2186.193172
-22.2,500,2186.249542
-45.9,500,2186.535055
-22.1,500,2186.592136
-21.0,500,2186.648493
-55.1,500,2186.705107
-16.1,500,2186.990013
-27.1,500,2187.0477
-23.2,500,2187.104495
-22.9,500,2187.161331
-21.5,500,2187.217684
-15.3,500,2187.503289
-46.3,500,2187.560424
-25.9,500,2187.616869
-24.9,500,2187.673715
-23.2,500,2187.95938
-24.1,500,2188.01693
-22.3,500,2188.072923
-26.5,500,2188.130117
-20.8,500,2188.416241
-24.9,500,2188.473633
-26.5,500,2188.530262
-56.1,500,2188.587066
17.0,500,2188.872516
-22.5,500,2188.929775
-24.0,500,2188.987054
-47.0,500,2189.04327
-21.7,500,2189.330278
-23.4,500,2189.387027
-24.2,500,2189.444038
-52.0,500,2189.500693
-49.4,500,2189.786691
-21.6,500,2189.843495
-25.0,500,2189.899836
-71.4,500,2189.956656
-21.2,500,2190.244922
-20.9,500,2190.302224
-26.4,500,2190.358552
-26.6,500,2190.415807
-23.2,500,2190.701256
-16.4,500,2190.758276
-18.5,500,2190.814515
-26.8,500,2190.870831
-23.5,500,2191.16027
-54.6,500,2191.221821
23.1,500,2191.278821
-23.0,500,2191.334974
-18.7,500,2191.621731
-51.7,500,2191.678012
-24.2,500,2191.735161
-19.3,500,2191.790799
-20.6,500,2191.847489
-22.8,500,2192.13329
-51.5,500,2192.189905
-23.1,500,2192.246612
-20.1,500,2192.303544
-22.2,500,2192.589285
-52.1,500,2192.645424
-22.4,500,2192.702105
-54.0,500,2192.758123
-26.1,500,2193.085777
-26.1,500,2193.143406
-20.3,500,2193.200601
-23.2,500,2193.256848
-23.2,500,2193.542309
-20.5,500,2193.599129
-50.5,500,2193.656246
-23.0,500,2193.711726
-21.7,500,2193.99685
-54.0,500,2194.053053
-19.2,500,2194.109642
-22.0,500,2194.165738
-23.3,500,2194.451945
-23.7,500,2194.509471
-21.9,500,2194.565454
-53.5,500,2194.62228
-24.9,500,2194.906724
-18.5,500,2194.963304
-18.1,500,2195.018796
-22.1,500,2195.077334
-23.6,500,2195.362881
-22.4,500,2195.419423
-49.8,500,2195.475895
-21.4,500,2195.531979
-23.8,500,2195.817079
-54.4,500,2195.874061
-26.7,500,2195.931209
-21.2,500,2195.98716
-51.6,500,2196.273368
-20.6,500,2196.329546
-51.4,500,2196.387427
-52.5,500,2196.442941
-17.6,500,2196.500005
-52.5,500,2196.785515
-51.3,500,2196.841898
-24.4,500,2196.898338
-23.8,500,2196.954492
-50.8,500,2197.240389
-22.1,500,2197.296613
-23.8,500,2197.353388
-25.1,500,2197.409552
-16.7,500,2197.693874
-26.3,500,2197.75077
-48.8,500,2197.807078
1.0,500,2197.863391
-22.7,500,2198.148463
-19.4,500,2198.20488
-24.8,500,2198.260816
-24.5,500,2198.317469
-46.4,500,2198.602682
-49.5,500,2198.659633
-24.7,500,2198.715515
-52.6,500,2198.772447
-18.1,500,2199.056698
2.2,500,2199.113406
-23.2,500,2199.169603
-49.6,500,2199.225623
-56.6,500,2199.512058
-27.2,500,2199.567983
-24.9,500,2199.624683
-14.7,500,2199.679764
-25.1,500,2199.96516
-22.5,500,2200.021328
-20.4,500,2200.079421
-24.9,500,2200.13493
-24.1,500,2200.420979
-23.8,500,2200.4771
-21.5,500,2200.53299
-25.1,500,2200.589225
-26.5,500,2200.874494
-21.4,500,2200.931882
-19.8,500,2200.987658
-21.8,500,2201.043898
-31.2,500,2201.328657
-22.0,500,2201.385889
-24.3,500,2201.441159
-51.6,500,2201.498539
-22.4,500,2201.553751
-23.9,500,2201.838872
-21.2,500,2201.895372
-25.6,500,2201.951197
-23.5,500,2202.008207
-23.6,500,2202.292854
-24.5,500,2202.350025
-47.6,500,2202.406672
-1.5,500,2202.463566
-24.2,500,2202.748214
-24.0,500,2202.805587
-22.5,500,2202.861354
-23.4,500,2202.918293
-25.3,500,2203.204028
-48.0,500,2203.260719
22.0,500,2203.317709
-71.7,500,2203.374051
22.4,500,2203.658936
-20.3,500,2203.714268
-23.8,500,2203.772134
-21.3,500,2203.828703
-46.7,500,2204.11578
-23.1,500,2204.171585
-20.6,500,2204.228535
-17.4,500,2204.28497
-20.5,500,2204.570129
-29.0,500,2204.627173
-21.1,500,2204.683065
-14.1,500,2204.739886
-23.3,500,2205.024741
-21.1,500,2205.082692
-53.6,500,2205.138778
-22.2,500,2205.195743
-20.6,500,2205.481179
-23.4,500,2205.536718
-27.2,500,2205.593746
-17.8,500,2205.649728
-31.9,500,2205.935033
-22.4,500,2205.990556
-19.9,500,2206.047981
-21.7,500,2206.10348
-46.2,500,2206.160471
-19.7,500,2206.445144
-18.1,500,2206.502494
-22.4,500,2206.558799
-14.4,500,2206.614548
-23.1,500,2206.899861
-25.0,500,2206.955975
-24.8,500,2207.012402
-54.7,500,2207.068189
-57.3,500,2207.354836
-24.0,500,2207.410464
-18.7,500,2207.466827
-52.3,500,2207.522868
-20.8,500,2207.808335
-58.0,500,2207.866424
-18.8,500,2207.922327
-20.1,500,2207.978853
-19.1,500,2208.263314
-25.1,500,2208.320627
-24.5,500,2208.376447
-22.1,500,2208.434156
-21.1,500,2208.719286
-55.6,500,2208.777252
-24.1,500,2208.834071
-23.4,500,2208.890527
-64.2,500,2209.177012
-11.7,500,2209.233289
-23.6,500,2209.290535
-24.5,500,2209.346458
-20.3,500,2209.632984
-21.5,500,2209.68927
-19.2,500,2209.746248
-22.0,500,2209.803099
-23.0,500,2210.090794
-51.7,500,2210.147884
25.7,500,2210.203192
-49.8,500,2210.260483
-22.6,500,2210.545445
-27.1,500,2210.60262
-22.6,500,2210.658291
-24.3,500,2210.715789
-21.2,500,2211.000648
-27.8,500,2211.057936
-51.8,500,2211.114283
-23.2,500,2211.17192
-18.2,500,2211.228891
-25.7,500,2211.514628
-22.8,500,2211.571708
23.9,500,2211.628098
-22.1,500,2211.684707
-23.6,500,2211.968922
-15.3,500,2212.025806
-19.6,500,2212.080539
-25.6,500,2212.137459
1.5,500,2212.421844
3.4,500,2212.479059
-21.8,500,2212.535205
-20.6,500,2212.592057
-21.1,500,2212.876729
-96.9,500,2212.934093
-76.3,500,2212.990951
-51.1,500,2213.047604
-22.4,500,2213.333731
-19.7,500,2213.390108
-51.8,500,2213.447069
-22.6,500,2213.503471
-23.1,500,2213.788153
-26.6,500,2213.843547
-12.9,500,2213.90064
-55.3,500,2213.956595
-18.0,500,2214.241746
-24.0,500,2214.298373
-54.6,500,2214.354468
-20.8,500,2214.41147
-53.6,500,2214.696843
-28.6,500,2214.754647
-25.4,500,2214.810611
-24.7,500,2214.867179
-21.9,500,2215.152795
-23.9,500,2215.209882
-23.6,500,2215.266681
-21.9,500,2215.323075
-20.6,500,2215.608523
-18.2,500,2215.66525
-53.9,500,2215.722469
-20.9,500,2215.777831
-21.4,500,2215.834795
-27.8,500,2216.119226
-48.8,500,2216.176492
-24.5,500,2216.23208
-19.0,500,2216.28832
-16.1,500,2216.574434
-14.4,500,2216.630168
-19.8,500,2216.686649
-19.3,500,2216.742552
-23.2,500,2217.027879
-24.8,500,2217.084255
-50.7,500,2217.141592
-23.1,500,2217.197309
-19.6,500,2217.482648
-26.3,500,2217.539376
-52.1,500,2217.596673
-22.3,500,2217.652184
-19.2,500,2217.936184
-20.9,500,2217.992868
-21.2,500,2218.049165
-48.6,500,2218.105983
-23.2,500,2218.390643
-48.4,500,2218.448244
-54.9,500,2218.50425
-23.0,500,2218.560571
-25.6,500,2218.886541
24.1,500,2218.942441
-22.8,500,2218.99945
-53.4,500,2219.054933
-23.5,500,2219.372341
-23.2,500,2219.431406
-17.5,500,2219.493596
-22.6,500,2219.557686
-54.0,500,2219.864301
-21.1,500,2219.920831
-25.6,500,2219.978056
-17.2,500,2220.034018
23.7,500,2220.321866
-20.8,500,2220.378744
-24.1,500,2220.434728
-19.8,500,2220.491458
-22.1,500,2220.777085
-25.2,500,2220.834045
-20.2,500,2220.889725
-20.3,500,2220.948713
-18.9,500,2221.012873
23.5,500,2221.30326
18.5,500,2221.35962
-52.6,500,2221.416104
-22.7,500,2221.472662
-48.6,500,2221.758813
-49.5,500,2221.816593
-54.0,500,2221.872381
-19.2,500,2221.930173
-23.3,500,2222.21705
-22.7,500,2222.273414
-19.1,500,2222.329698
-19.9,500,2222.385925
-24.0,500,2222.672483
-24.1,500,2222.728612
-24.2,500,2222.786
-45.2,500,2222.841977
-28.4,500,2223.129416
-53.3,500,2223.185942
-29.4,500,2223.243067
-51.5,500,2223.299772
-18.6,500,2223.586058
-27.8,500,2223.64288
-25.6,500,2223.698878
-20.1,500,2223.755431
-25.7,500,2224.040463
-22.9,500,2224.097001
-15.5,500,2224.152533
-26.9,500,2224.210148
-10.8,500,2224.495862
-22.3,500,2224.552297
-16.3,500,2224.60905
-24.2,500,2224.664622
-50.0,500,2224.949678
-23.0,500,2225.005795
-54.8,500,2225.063051
-26.8,500,2225.119116
-23.0,500,2225.404519
-24.3,500,2225.460723
-14.2,500,2225.518023
-18.8,500,2225.573228
-25.2,500,2225.629717
-24.5,500,2225.915545
-58.9,500,2225.971676
-21.1,500,2226.028999
22.8,500,2226.085432
-24.3,500,2226.371087
-19.4,500,2226.426713
-56.0,500,2226.483446
26.8,500,2226.538992
-18.0,500,2226.82594
-22.1,500,2226.883089
-21.2,500,2226.938858
-2.1,500,2226.995167
-23.5,500,2227.279302
-23.0,500,2227.336362
-52.6,500,2227.392367
-54.9,500,2227.449059
-27.0,500,2227.733734
-25.3,500,2227.791422
-20.0,500,2227.847039
-19.7,500,2227.903788
-24.2,500,2228.189499
-19.7,500,2228.246113
-52.4,500,2228.303278
-22.1,500,2228.359407
-23.5,500,2228.644356
6.9,500,2228.699984
-24.0,500,2228.757308
-22.6,500,2228.814023
-22.4,500,2229.099026
-51.5,500,2229.155349
-52.5,500,2229.21239
-52.0,500,2229.267711
-25.8,500,2229.55395
-25.4,500,2229.610384
-27.8,500,2229.66588
-22.2,500,2229.723529
-19.0,500,2230.00753
-24.8,500,2230.065681
-25.2,500,2230.121864
-29.7,500,2230.179515
-26.9,500,2230.23614
-24.8,500,2230.522933
-51.3,500,2230.579401
-21.6,500,2230.635158
-25.5,500,2230.691233
-20.4,500,2230.976003
-22.3,500,2231.033904
-19.0,500,2231.090128
-19.3,500,2231.146876
-18.0,500,2231.430515
-21.4,500,2231.488192
-21.3,500,2231.543745
-53.6,500,2231.600744
-20.8,500,2231.886795
-20.8,500,2231.943658
-23.3,500,2232.000482
-23.7,500,2232.057098
-50.1,500,2232.342742
-18.6,500,2232.398638
-21.1,500,2232.455145
-22.5,500,2232.511367
-21.5,500,2232.796844
-24.0,500,2232.854067
-22.0,500,2232.910646
-24.5,500,2232.967421
-23.3,500,2233.25162
-13.3,500,2233.308049
-20.8,500,2233.363246
-22.5,500,2233.420673
-18.6,500,2233.704428
-51.9,500,2233.762084
-25.9,500,2233.817996
-22.7,500,2233.875525
-23.7,500,2234.160743
-14.4,500,2234.216455
-51.0,500,2234.273604
-29.3,500,2234.329598
18.4,500,2234.616064
-19.2,500,2234.67171
-49.6,500,2234.7287
20.1,500,2234.7839
20.4,500,2235.069116
-24.1,500,2235.126807
-47.8,500,2235.183281
-21.8,500,2235.239775
-23.2,500,2235.296229
-21.1,500,2235.587332
-29.3,500,2235.643913
-22.3,500,2235.700379
19.1,500,2235.755818
-24.0,500,2236.041354
15.7,500,2236.096557
-20.4,500,2236.153034
-24.3,500,2236.209332
-51.7,500,2236.494768
-50.8,500,2236.551651
-49.5,500,2236.608084
19.8,500,2236.664785
-51.8,500,2236.950376
22.1,500,2237.00802
-25.6,500,2237.064066
-26.5,500,2237.121124
-18.8,500,2237.407579
-15.9,500,2237.46389
-47.1,500,2237.520417
26.0,500,2237.576418
-17.8,500,2237.862855
-50.2,500,2237.918708
-26.5,500,2237.975889
-16.0,500,2238.031463
-26.8,500,2238.318971
-56.0,500,2238.375741
-22.1,500,2238.433044
19.3,500,2238.489646
-51.1,500,2238.774479
-53.9,500,2238.832139
-56.9,500,2238.888459
-47.4,500,2238.946099
-23.4,500,2239.230369
-52.4,500,2239.287573
-47.4,500,2239.343934
-48.4,500,2239.400566
-27.0,500,2239.684811
-26.3,500,2239.741644
-46.6,500,2239.798719
-19.1,500,2239.854014
-18.4,500,2239.910666
-49.1,500,2240.198706
-27.7,500,2240.256075
-53.3,500,2240.312503
-21.1,500,2240.369622
-21.0,500,2240.653809
-22.5,500,2240.710269
-24.2,500,2240.767514
-23.4,500,2240.823392
-20.5,500,2241.109233
-15.8,500,2241.165919
-28.0,500,2241.222633
-23.3,500,2241.278507
-14.5,500,2241.564057
-19.9,500,2241.619626
25.4,500,2241.676235
-51.6,500,2241.732537
-18.0,500,2242.01838
-22.9,500,2242.076052
-23.3,500,2242.132549
-52.7,500,2242.189518
-24.6,500,2242.474077
-24.9,500,2242.531377
-23.4,500,2242.587307
-22.2,500,2242.643607
-23.7,500,2242.92809
-25.3,500,2242.984648
-17.9,500,2243.040716
-21.2,500,2243.098123
-23.1,500,2243.383887
-21.5,500,2243.440495
-23.6,500,2243.497387
-25.6,500,2243.552697
-23.3,500,2243.905822
-19.3,500,2243.963238
23.9,500,2244.020982
-17.1,500,2244.07815
-48.7,500,2244.365535
-26.2,500,2244.421834
-50.4,500,2244.478943
-20.7,500,2244.535513
-24.2,500,2244.864798
-19.0,500,2244.922079
-50.1,500,2244.977541
-16.7,500,2245.034626
-24.9,500,2245.090991
-20.9,500,2245.376984
-48.0,500,2245.433729
-21.4,500,2245.489152
-21.1,500,2245.545798
-22.7,500,2245.830562
-51.8,500,2245.887969
-23.8,500,2245.944054
-17.5,500,2246.001331
-22.9,500,2246.286689
-51.6,500,2246.342933
-26.7,500,2246.399946
-27.5,500,2246.456068
-24.7,500,2246.741533
-24.5,500,2246.797118
-54.3,500,2246.854682
-17.6,500,2246.910126
-53.2,500,2247.196419
-20.8,500,2247.252816
-17.7,500,2247.309297
-52.4,500,2247.366469
-27.9,500,2247.651294
-21.2,500,2247.707916
-25.4,500,2247.763113
-17.1,500,2247.819994
-55.7,500,2248.105647
-51.4,500,2248.16272
-51.6,500,2248.219173
-33.3,500,2248.276162
-22.2,500,2248.561146
-25.0,500,2248.617102
-26.1,500,2248.673456
-53.4,500,2248.730107
-22.5,500,2249.014937
-21.8,500,2249.071054
-21.7,500,2249.128231
-19.3,500,2249.183892
-53.6,500,2249.473417
-19.4,500,2249.52969
-18.6,500,2249.587219
25.2,500,2249.643845
-13.9,500,2249.700426
-22.3,500,2249.988835
-47.2,500,2250.044239
-53.2,500,2250.10151
-21.1,500,2250.157488
-21.7,500,2250.443909
-47.9,500,2250.500332
-16.0,500,2250.557336
-46.9,500,2250.613044
-22.8,500,2250.89947
-21.7,500,2250.956868
-19.4,500,2251.013305
-26.3,500,2251.070057
2.8,500,2251.353799
-25.7,500,2251.411232
-21.1,500,2251.466516
-18.7,500,2251.52317
-53.2,500,2251.807498
-21.7,500,2251.863795
-52.8,500,2251.919847
-26.8,500,2251.976213
-20.3,500,2252.261502
-22.0,500,2252.317633
-28.0,500,2252.374662
-23.5,500,2252.430958
-20.0,500,2252.717282
19.6,500,2252.77338
-53.5,500,2252.831079
-24.7,500,2252.887427
-24.0,500,2253.1731
-26.8,500,2253.230389
-49.0,500,2253.286783
-26.3,500,2253.343769
-21.2,500,2253.628384
-51.1,500,2253.685751
-20.3,500,2253.741569
-21.5,500,2253.798608
-25.8,500,2254.083353
-25.7,500,2254.140465
-20.3,500,2254.196034
-52.7,500,2254.253581
-28.4,500,2254.309254
-24.8,500,2254.595244
-27.3,500,2254.651346
-22.0,500,2254.707238
-27.8,500,2254.764096
-22.4,500,2255.048122
-22.8,500,2255.106516
-22.4,500,2255.162825
-15.3,500,2255.219884
-23.1,500,2255.504938
-48.6,500,2255.562387
8.8,500,2255.61924
-56.4,500,2255.675974
-18.8,500,2255.961358
-23.5,500,2256.017988
-25.1,500,2256.075011
-27.0,500,2256.130303
-26.4,500,2256.41547
-21.6,500,2256.471347
-24.8,500,2256.528168
-52.0,500,2256.584805
-27.3,500,2256.871146
-26.6,500,2256.92846
-46.3,500,2256.984683
-22.3,500,2257.041702
-20.7,500,2257.327149
-21.7,500,2257.384471
-25.7,500,2257.441153
2.0,500,2257.498278
-24.6,500,2257.783642
-20.1,500,2257.840761
-24.3,500,2257.89748
-49.7,500,2257.95382
