#{"t_start": 1767661684.1577861, "env_id": "None"}
r,l,t
-50.5,500,0.021551
-55.4,500,0.036128
-56.1,500,0.100488
-51.7,500,0.161937
-53.3,500,0.224372
-50.6,500,0.28588
-50.6,500,0.347555
-51.0,500,0.410596
-54.7,500,0.474813
-54.3,500,0.535652
-52.2,500,0.598165
-51.3,500,0.658899
-50.8,500,0.723616
-57.8,500,0.78784
-55.5,500,0.850029
-51.7,500,0.912198
-62.0,500,0.976249
-54.5,500,1.038763
-50.5,500,1.100998
-51.5,500,1.161945
-55.1,500,1.228293
-52.8,500,1.288936
-50.5,500,1.351533
-59.6,500,1.412304
-51.5,500,1.476442
-52.2,500,1.538172
-57.8,500,1.599665
-54.9,500,1.661593
-59.6,500,1.724641
-54.2,500,1.786548
-54.7,500,1.847691
-53.9,500,1.909517
-56.9,500,1.973495
-51.4,500,2.034949
-55.5,500,2.097178
-53.9,500,2.158183
-53.2,500,2.222298
-42.5,500,2.283193
-50.2,500,2.345445
-50.4,500,2.407341
-50.7,500,2.472027
-53.1,500,2.534176
-50.9,500,2.595636
-52.8,500,2.658063
-53.5,500,2.721468
-53.6,500,2.783714
-50.3,500,2.846383
-57.1,500,2.907765
-52.5,500,2.971504
-53.8,500,3.032076
-51.8,500,3.094502
-51.1,500,3.155449
-54.0,500,3.219504
-50.2,500,3.28109
-54.1,500,3.34192
-49.7,500,3.403879
-40.9,500,3.467362
-58.9,500,3.529981
-57.0,500,3.590966
-58.7,500,3.653083
-51.6,500,3.717321
-49.8,500,3.778586
-52.2,500,3.840631
-55.9,500,3.901615
-51.5,500,3.966191
-53.3,500,4.028041
-50.7,500,4.089451
-50.3,500,4.151557
-51.5,500,4.21509
-51.4,500,4.277096
-53.2,500,4.338572
-54.5,500,4.401242
-54.0,500,4.465508
-54.6,500,4.527317
-52.7,500,4.589849
-53.2,500,4.651498
-54.6,500,4.716253
-38.1,500,4.777843
-50.6,500,4.841215
-51.8,500,4.911029
-54.1,500,4.985253
-52.8,500,5.055326
-51.3,500,5.124717
-51.3,500,5.193118
-49.7,500,5.266351
-51.0,500,5.336582
-51.0,500,5.402084
-51.6,500,5.470325
-55.6,500,5.540366
-55.4,500,5.609666
-37.2,500,5.672632
-51.0,500,5.734669
-38.4,500,5.804214
-50.4,500,5.865908
-54.5,500,5.929212
-50.6,500,5.991157
-52.8,500,6.054417
-51.1,500,6.117429
-50.0,500,6.179224
-53.1,500,6.241394
-56.1,500,6.305023
-53.5,500,6.367721
-50.5,500,6.429728
-51.2,500,6.491628
-39.1,500,6.555839
-50.5,500,6.618047
-51.4,500,6.681223
-56.0,500,6.74503
-53.3,500,6.819026
-54.8,500,6.888988
-51.7,500,6.950739
-52.1,500,7.013778
-54.8,500,7.078317
-52.9,500,7.140658
-53.7,500,7.2035
-53.0,500,7.265454
-51.6,500,7.33078
-52.5,500,7.393436
-54.5,500,7.455306
-51.7,500,7.517878
-54.9,500,7.582071
-56.8,500,7.644959
-51.2,500,7.706394
-52.0,500,7.769386
-49.5,500,7.83446
-49.8,500,7.896728
-51.2,500,7.959697
-51.3,500,8.02149
-51.3,500,8.086464
-55.2,500,8.148899
-51.1,500,8.211555
-52.0,500,8.273784
-54.8,500,8.338604
-59.5,500,8.402441
-51.2,500,8.465043
-51.1,500,8.528707
-51.1,500,8.596954
-50.5,500,8.659185
-51.4,500,8.722654
-57.2,500,8.784225
-50.2,500,8.84981
-51.1,500,8.912751
-51.2,500,8.974857
-55.4,500,9.037905
-51.6,500,9.102084
-51.8,500,9.165754
-50.0,500,9.228237
-51.4,500,9.290371
-54.9,500,9.35488
-53.9,500,9.416512
-52.3,500,9.479696
-51.5,500,9.541289
-53.5,500,9.606433
-38.6,500,9.669103
-54.0,500,9.731305
-50.9,500,9.794055
-52.3,500,9.857525
-50.3,500,9.921098
-51.1,500,9.98298
-50.6,500,10.046067
-51.6,500,10.110681
-54.1,500,10.173044
-53.6,500,10.236078
-51.7,500,10.297879
-50.0,500,10.362842
-51.9,500,10.494923
-50.9,500,10.867157
-51.3,500,11.019444
-50.8,500,11.084493
-49.4,500,11.147136
-50.7,500,11.20963
-49.7,500,11.271558
-52.5,500,11.337098
-52.7,500,11.4001
-51.1,500,11.462204
-49.9,500,11.525071
-55.1,500,11.589181
-48.9,500,11.652855
-50.7,500,11.715127
-52.9,500,11.778278
-55.0,500,11.844068
-51.5,500,11.905725
-51.2,500,11.968751
-52.3,500,12.030624
-38.3,500,12.095153
-50.7,500,12.158153
-50.2,500,12.220934
-51.3,500,12.284427
-53.9,500,12.3486
-53.5,500,12.41195
-42.2,500,12.473652
-51.1,500,12.536311
-58.3,500,12.601493
-52.8,500,12.663437
-52.2,500,12.726039
-57.5,500,12.788378
-51.3,500,12.852498
-52.3,500,12.914946
-50.7,500,12.977835
-56.8,500,13.041229
-53.8,500,13.105815
-51.3,500,13.168948
-50.2,500,13.231544
-51.0,500,13.294481
-51.1,500,13.358972
-56.5,500,13.421304
-50.6,500,13.484809
-50.5,500,13.547052
-52.6,500,13.612459
-52.7,500,13.674551
-51.6,500,13.738297
-50.5,500,13.801786
-55.5,500,13.866322
-50.0,500,13.929636
-52.8,500,13.9923
-50.9,500,14.055425
-51.9,500,14.119891
-50.1,500,14.182738
-50.4,500,14.246522
-50.4,500,14.308653
-51.6,500,14.374959
-56.6,500,14.436804
-54.8,500,14.499969
-50.6,500,14.563131
-51.4,500,14.628054
-49.9,500,14.691686
-52.7,500,14.754808
-49.8,500,14.818362
-50.3,500,14.884137
-50.6,500,14.94707
-50.6,500,15.010126
-51.4,500,15.072755
-50.6,500,15.138671
-51.9,500,15.202138
-50.8,500,15.265223
-52.0,500,15.328192
-52.2,500,15.392989
-56.3,500,15.45628
-50.8,500,15.519241
-52.2,500,15.583271
-50.1,500,15.64926
-50.4,500,15.712361
-51.1,500,15.776372
-51.5,500,15.840563
-53.3,500,15.905776
-51.1,500,15.96881
-53.8,500,16.031302
-53.8,500,16.094325
-51.2,500,16.158954
-50.7,500,16.222459
-50.4,500,16.285219
-49.8,500,16.348611
-53.3,500,16.414788
-53.8,500,16.477237
-51.3,500,16.54025
-50.9,500,16.602896
-54.6,500,16.66854
-51.7,500,16.73213
-50.5,500,16.795437
-50.7,500,16.858879
-51.1,500,16.924396
-52.7,500,16.988197
-50.3,500,17.050778
-50.9,500,17.113775
-50.8,500,17.178935
-50.7,500,17.2418
-52.9,500,17.305352
-52.7,500,17.368068
-50.1,500,17.433488
-53.9,500,17.497473
-52.5,500,17.560522
-52.2,500,17.624349
-51.6,500,17.689443
-51.3,500,17.753538
-51.9,500,17.816495
-50.4,500,17.879396
-51.6,500,17.945334
-53.4,500,18.007587
-51.0,500,18.071556
-50.4,500,18.135579
-50.4,500,18.200926
-50.6,500,18.264174
-50.6,500,18.327242
-49.9,500,18.391277
-50.6,500,18.456574
-49.8,500,18.520579
-50.7,500,18.584982
-50.8,500,18.648
-51.5,500,18.7136
-50.4,500,18.775671
-54.2,500,18.840472
-50.1,500,18.903485
-50.6,500,18.968877
-51.2,500,19.033251
-51.3,500,19.095933
-50.7,500,19.15975
-52.3,500,19.224918
-50.4,500,19.288944
-52.2,500,19.352238
-52.4,500,19.415506
-50.7,500,19.482019
-52.2,500,19.544641
-51.0,500,19.608562
-55.2,500,19.671627
-51.9,500,19.737717
-49.9,500,19.801639
-51.1,500,19.865423
-50.6,500,19.928819
-50.5,500,19.994115
-49.7,500,20.058206
-52.2,500,20.122596
-54.1,500,20.185969
-50.3,500,20.252445
-51.1,500,20.315399
-53.0,500,20.379588
-52.0,500,20.443627
-50.5,500,20.50782
-50.7,500,20.57268
-53.3,500,20.636614
-50.3,500,20.701032
-50.9,500,20.76761
-51.9,500,20.832859
-50.9,500,20.897689
-53.9,500,20.960209
-52.6,500,21.026398
-51.4,500,21.090489
-51.3,500,21.154218
-50.4,500,21.218205
-50.6,500,21.283159
-52.4,500,21.347265
-51.3,500,21.410632
-51.2,500,21.4748
-50.9,500,21.54117
-51.6,500,21.604966
-50.4,500,21.668852
-50.8,500,21.731846
-53.9,500,21.796817
-51.4,500,21.860599
-51.0,500,21.923723
-50.8,500,21.987862
-50.4,500,22.05367
-50.4,500,22.117862
-51.0,500,22.182137
-51.1,500,22.245244
-50.5,500,22.311495
-51.6,500,22.374913
-50.6,500,22.439497
-49.5,500,22.502966
-53.1,500,22.56798
-51.3,500,22.632781
-50.2,500,22.696594
-49.9,500,22.761083
-49.4,500,22.826815
-52.5,500,22.890136
-51.1,500,22.954452
-52.6,500,23.018049
-51.3,500,23.083882
-50.1,500,23.148213
-50.6,500,23.211975
-51.6,500,23.276006
-50.1,500,23.34215
-51.3,500,23.406943
-49.7,500,23.471701
-52.4,500,23.53558
-54.9,500,23.601629
-50.5,500,23.664596
-51.2,500,23.729488
-52.0,500,23.793417
-50.6,500,23.858718
-52.3,500,23.923148
-50.2,500,23.986604
-50.9,500,24.05067
-50.6,500,24.11674
-52.1,500,24.180994
-50.9,500,24.245334
-49.6,500,24.308683
-51.2,500,24.375005
-51.8,500,24.438405
-53.7,500,24.503727
-50.7,500,24.568079
-50.2,500,24.633903
-51.1,500,24.698441
-50.6,500,24.762161
-51.3,500,24.827174
-50.9,500,24.893346
-51.5,500,24.957606
-53.9,500,25.021552
-54.2,500,25.084425
-51.7,500,25.150695
-51.8,500,25.214548
-50.2,500,25.278594
-50.7,500,25.34294
-51.1,500,25.408719
-52.6,500,25.473465
-49.9,500,25.537934
-56.0,500,25.601194
-51.3,500,25.66768
-51.2,500,25.73109
-49.8,500,25.796776
-51.7,500,25.86191
-51.4,500,25.927577
-51.4,500,25.991934
-51.8,500,26.055292
-49.2,500,26.119863
-51.0,500,26.186024
-55.4,500,26.250052
-51.1,500,26.314636
-52.7,500,26.377781
-50.4,500,26.444037
-52.0,500,26.507395
-49.8,500,26.572205
-50.7,500,26.636735
-51.8,500,26.703075
-49.6,500,26.767761
-50.3,500,26.831226
-50.3,500,26.895419
-51.4,500,26.961591
-50.7,500,27.0253
-51.2,500,27.090003
-51.4,500,27.153004
-51.5,500,27.22033
-53.4,500,27.284112
-50.9,500,27.348212
-52.0,500,27.412738
-50.6,500,27.511623
-52.1,500,27.575752
-58.2,500,27.640068
-51.7,500,27.703223
-51.1,500,27.769781
-50.5,500,27.835047
-52.1,500,27.899236
-51.6,500,27.963512
-53.1,500,28.029122
-52.9,500,28.093826
-51.8,500,28.158772
-50.8,500,28.222559
-50.9,500,28.289856
-50.1,500,28.35308
-50.9,500,28.417447
-52.9,500,28.481526
-50.7,500,28.547855
-50.9,500,28.612785
-50.9,500,28.676436
-51.3,500,28.741004
-52.7,500,28.806768
-51.5,500,28.870712
-51.3,500,28.935829
-50.1,500,28.999088
-50.7,500,29.06593
-49.9,500,29.1304
-50.5,500,29.194047
-51.1,500,29.258033
-50.9,500,29.324559
-49.7,500,29.390421
-52.1,500,29.45351
-51.3,500,29.518114
-51.0,500,29.584883
-50.9,500,29.648782
-51.1,500,29.713576
-51.0,500,29.77694
-51.4,500,29.844882
-51.2,500,29.910088
-50.1,500,29.974158
-50.7,500,30.039546
-53.1,500,30.105851
-50.2,500,30.169895
-51.4,500,30.235006
-50.1,500,30.298335
-50.7,500,30.365411
-50.8,500,30.429735
-52.1,500,30.494384
-49.6,500,30.559596
-51.6,500,30.625707
-54.3,500,30.691048
-51.6,500,30.755604
-51.8,500,30.822198
-51.3,500,30.890375
-52.2,500,30.954614
-52.0,500,31.019631
-50.9,500,31.085021
-51.2,500,31.15207
-50.8,500,31.217545
-51.2,500,31.281188
-51.7,500,31.346865
-51.9,500,31.414087
-53.1,500,31.477601
-51.1,500,31.543424
-52.3,500,31.606842
-52.3,500,31.673081
-51.6,500,31.737929
-51.6,500,31.801999
-51.7,500,31.866691
-50.8,500,31.933431
-50.6,500,31.998519
-52.5,500,32.064252
-51.1,500,32.127642
-51.1,500,32.195015
-51.6,500,32.260591
-49.6,500,32.325189
-50.7,500,32.390297
-51.4,500,32.456472
-51.0,500,32.521077
-53.1,500,32.584306
-52.4,500,32.649465
-50.6,500,32.716784
-52.5,500,32.781211
-50.8,500,32.84669
-51.0,500,32.911576
-56.5,500,32.97752
-49.8,500,33.04247
-50.1,500,33.106761
-51.5,500,33.171435
-50.1,500,33.23869
-51.6,500,33.303017
-49.9,500,33.368587
-50.0,500,33.432527
-51.2,500,33.499217
-50.5,500,33.563827
-51.8,500,33.62855
-48.8,500,33.693669
-51.3,500,33.760568
-51.7,500,33.825811
-49.4,500,33.89118
-51.8,500,33.955504
-50.7,500,34.021837
-52.0,500,34.086511
-50.3,500,34.151937
-51.1,500,34.21746
-50.0,500,34.28392
-52.0,500,34.349419
-50.4,500,34.413237
-52.0,500,34.478002
-52.9,500,34.54503
-51.0,500,34.609273
-51.9,500,34.674079
-50.9,500,34.73816
-51.5,500,34.805568
-38.9,500,34.870762
-50.2,500,34.935641
-51.9,500,35.000865
-50.6,500,35.071406
-51.1,500,35.136513
-51.7,500,35.201684
-51.1,500,35.266279
-50.1,500,35.334252
-50.1,500,35.399699
-51.0,500,35.46467
-51.3,500,35.530076
-51.4,500,35.596235
-52.1,500,35.662099
-50.2,500,35.730897
-50.6,500,35.794757
-51.2,500,35.864867
-50.8,500,35.929345
-52.1,500,35.994794
-50.8,500,36.060087
-51.7,500,36.126128
-50.3,500,36.190828
-52.5,500,36.254626
-51.5,500,36.319487
-50.2,500,36.387024
-50.8,500,36.450948
-49.6,500,36.516329
-50.7,500,36.580594
-51.1,500,36.647455
-52.2,500,36.71183
-51.0,500,36.776282
-53.3,500,36.841528
-52.2,500,36.908267
-50.5,500,36.973626
-52.0,500,37.039267
-50.5,500,37.104161
-51.4,500,37.171687
-50.6,500,37.237167
-50.8,500,37.302159
-49.6,500,37.367619
-51.5,500,37.43429
-50.8,500,37.499821
-52.1,500,37.565095
-50.5,500,37.629582
-50.3,500,37.698806
-50.7,500,37.763154
-52.5,500,37.829254
-52.8,500,37.894413
-51.1,500,37.960446
-50.6,500,38.026268
-51.3,500,38.090917
-50.9,500,38.156923
-51.0,500,38.224154
-51.2,500,38.289837
-52.0,500,38.355874
-51.5,500,38.42108
-52.1,500,38.488898
-50.9,500,38.554714
-53.7,500,38.619167
-52.0,500,38.684493
-49.9,500,38.750969
-51.3,500,38.816813
-51.4,500,38.891628
-51.9,500,38.964633
-50.7,500,39.04
-50.1,500,39.111727
-50.8,500,39.18235
-50.2,500,39.255292
-50.0,500,39.332943
-51.2,500,39.405
-51.5,500,39.476159
-52.2,500,39.550139
-50.9,500,39.617243
-51.3,500,39.683224
-50.7,500,39.749574
-50.9,500,39.813977
-55.0,500,39.882548
-50.0,500,39.947631
-50.8,500,40.014792
-51.9,500,40.080177
-51.6,500,40.147346
-50.1,500,40.213434
-49.6,500,40.278899
-50.9,500,40.345322
-50.2,500,40.414031
-50.6,500,40.479379
-51.2,500,40.545609
-50.3,500,40.61045
-50.3,500,40.68044
-51.6,500,40.750585
-52.3,500,40.83109
-51.0,500,40.897775
-50.2,500,40.966891
-49.7,500,41.031735
-50.4,500,41.098635
-50.7,500,41.164443
-53.7,500,41.232876
-49.5,500,41.299263
-52.1,500,41.364851
-49.6,500,41.430335
-50.0,500,41.497558
-50.4,500,41.56393
-50.9,500,41.630521
-49.9,500,41.695463
-51.4,500,41.763498
-52.0,500,41.829261
-52.5,500,41.893516
-51.6,500,41.959941
-51.1,500,42.026547
-50.0,500,42.092843
-51.7,500,42.158421
-49.5,500,42.223387
-50.7,500,42.291189
-50.9,500,42.356186
-50.8,500,42.422868
-51.2,500,42.488363
-51.1,500,42.554957
-51.8,500,42.620571
-51.0,500,42.685444
-50.8,500,42.75205
-51.6,500,42.819826
-50.2,500,42.884911
-50.8,500,42.951181
-50.0,500,43.01631
-50.8,500,43.084481
-50.8,500,43.149871
-49.4,500,43.215601
-51.3,500,43.281726
-51.6,500,43.349233
-50.1,500,43.415884
-49.7,500,43.482918
-50.2,500,43.547531
-50.8,500,43.615154
-50.0,500,43.681151
-51.6,500,43.747132
-51.0,500,43.813486
-51.0,500,43.880852
-51.1,500,43.947257
-53.0,500,44.014109
-52.1,500,44.079927
-50.3,500,44.14821
-50.4,500,44.213216
-50.2,500,44.280426
-50.7,500,44.346807
-51.9,500,44.455494
-49.8,500,44.520952
-51.6,500,44.587668
-50.5,500,44.653726
-51.5,500,44.719894
-49.4,500,44.786721
-51.0,500,44.851983
-51.9,500,44.918133
-50.4,500,44.986335
-50.2,500,45.051777
-50.7,500,45.118295
-50.3,500,45.18239
-50.9,500,45.250921
-50.0,500,45.317726
-52.0,500,45.383034
-50.9,500,45.449444
-50.8,500,45.516665
-50.8,500,45.5819
-52.2,500,45.648982
-51.4,500,45.713928
-51.1,500,45.782533
-51.8,500,45.850723
-51.1,500,45.916083
-50.6,500,45.982525
-49.7,500,46.049736
-52.1,500,46.115773
-50.4,500,46.182024
-51.0,500,46.246052
-50.9,500,46.314556
-50.5,500,46.380256
-52.2,500,46.446644
-51.4,500,46.512455
-49.2,500,46.580641
-51.4,500,46.646622
-52.4,500,46.712553
-51.7,500,46.779416
-50.6,500,46.848297
-51.7,500,46.913602
-50.6,500,46.980264
-51.8,500,47.046717
-51.0,500,47.115885
-51.6,500,47.181936
-51.7,500,47.246747
-51.6,500,47.312913
-54.8,500,47.380487
-50.2,500,47.446109
-51.2,500,47.512077
-51.4,500,47.577742
-49.3,500,47.645607
-52.0,500,47.711643
-50.7,500,47.776671
-51.2,500,47.843096
-54.7,500,47.912095
-52.4,500,47.978418
-51.6,500,48.04428
-52.2,500,48.110046
-49.8,500,48.178934
-51.5,500,48.245419
-49.9,500,48.311104
-49.7,500,48.377813
-52.9,500,48.446394
-51.9,500,48.513934
-50.4,500,48.580546
-51.0,500,48.64584
-50.9,500,48.714445
-50.3,500,48.780084
-49.6,500,48.847872
-51.6,500,48.914442
-50.5,500,48.982592
-51.7,500,49.0498
-49.3,500,49.116461
-49.7,500,49.182341
-51.2,500,49.250869
-49.9,500,49.316067
-54.7,500,49.383647
-48.7,500,49.450195
-50.2,500,49.517711
-51.9,500,49.584266
-52.1,500,49.651236
-50.1,500,49.717628
-49.8,500,49.786743
-50.4,500,49.853141
-49.6,500,49.919871
-49.9,500,49.986062
-50.4,500,50.054177
-50.1,500,50.121572
-50.1,500,50.188
-50.9,500,50.254968
-50.2,500,50.323453
-50.7,500,50.389604
-49.7,500,50.456783
-51.0,500,50.522338
-50.0,500,50.591727
-50.4,500,50.658933
-51.4,500,50.725093
-51.6,500,50.791427
-49.8,500,50.861337
-49.5,500,50.927998
-51.0,500,50.99537
-50.5,500,51.060141
-50.8,500,51.128963
-51.5,500,51.195558
-50.1,500,51.261526
-51.2,500,51.327941
-50.5,500,51.396349
-50.3,500,51.462608
-49.9,500,51.529434
-53.3,500,51.594272
-52.7,500,51.66278
-50.8,500,51.729257
-52.2,500,51.795383
-50.6,500,51.861529
-49.5,500,51.929696
-50.6,500,51.996113
-50.9,500,52.062036
-50.8,500,52.127301
-50.5,500,52.19581
-52.7,500,52.26144
-50.7,500,52.329284
-51.0,500,52.395677
-50.9,500,52.464164
-51.8,500,52.532287
-51.6,500,52.598959
-51.0,500,52.665104
-50.6,500,52.733924
-49.8,500,52.799417
-51.6,500,52.865491
-51.8,500,52.93165
-50.5,500,52.999347
-52.7,500,53.065853
-52.2,500,53.132085
-53.2,500,53.19883
-50.4,500,53.267799
-50.9,500,53.333781
-50.5,500,53.401018
-51.0,500,53.465962
-50.8,500,53.534386
-50.8,500,53.600367
-52.4,500,53.666615
-52.2,500,53.733641
-51.6,500,53.802756
-51.8,500,53.869046
-50.6,500,53.936559
-50.1,500,54.002053
-51.8,500,54.070906
-51.3,500,54.137597
-50.7,500,54.203445
-53.3,500,54.270628
-51.7,500,54.339333
-52.1,500,54.405226
-50.0,500,54.473023
-52.5,500,54.538749
-51.6,500,54.608325
-48.9,500,54.67596
-51.3,500,54.742554
-50.4,500,54.809396
-51.8,500,54.878315
-49.6,500,54.944439
-51.3,500,55.011008
-51.4,500,55.075996
-51.2,500,55.145164
-52.0,500,55.211995
-51.7,500,55.277711
-50.4,500,55.344918
-51.8,500,55.414655
-51.1,500,55.481502
-51.7,500,55.549358
-51.9,500,55.615939
-51.1,500,55.684888
-52.1,500,55.752299
-51.9,500,55.81958
-49.7,500,55.888484
-49.9,500,55.958243
-50.7,500,56.024133
-54.3,500,56.091521
-51.2,500,56.157195
-50.6,500,56.225852
-50.6,500,56.292061
-51.4,500,56.359405
-52.2,500,56.427032
-49.9,500,56.496934
-51.3,500,56.56329
-53.1,500,56.630605
-51.4,500,56.697409
-53.9,500,56.76675
-50.7,500,56.833864
-50.9,500,56.900084
-51.5,500,56.966991
-51.0,500,57.035524
-52.4,500,57.10316
-50.2,500,57.170949
-50.4,500,57.237443
-50.8,500,57.306735
-50.2,500,57.373978
-50.6,500,57.44127
-49.7,500,57.508574
-49.6,500,57.577601
-49.6,500,57.643218
-50.9,500,57.710255
-49.3,500,57.776241
-50.0,500,57.84481
-52.6,500,57.911712
-50.4,500,57.977905
-50.4,500,58.045192
-51.6,500,58.113475
-51.0,500,58.180028
-51.0,500,58.247421
-50.4,500,58.31367
-50.4,500,58.383158
-49.4,500,58.45074
-50.5,500,58.517568
-50.3,500,58.585407
-50.5,500,58.655533
-50.3,500,58.723009
-49.4,500,58.789893
-52.1,500,58.85682
-49.8,500,58.925261
-52.0,500,58.993367
-50.3,500,59.060848
-48.8,500,59.128678
-50.4,500,59.198316
-51.1,500,59.265325
-52.5,500,59.332504
-50.3,500,59.399872
-50.4,500,59.468304
-50.3,500,59.535317
-52.3,500,59.601858
-51.6,500,59.670607
-49.4,500,59.741021
-50.2,500,59.807408
-50.2,500,59.874778
-49.5,500,59.941257
-51.3,500,60.009919
-50.4,500,60.076481
-50.5,500,60.142513
-50.2,500,60.210189
-49.8,500,60.280625
-50.1,500,60.347183
-50.4,500,60.414981
-49.9,500,60.482775
-49.6,500,60.552321
-50.0,500,60.620466
-50.1,500,60.687836
-51.8,500,60.754944
-51.1,500,60.826058
-50.0,500,60.89406
-50.6,500,60.962641
-51.2,500,61.030364
-50.2,500,61.098664
-51.3,500,61.165557
-50.3,500,61.231262
-50.4,500,61.299529
-50.3,500,61.370075
-50.9,500,61.436128
-51.9,500,61.503567
-50.7,500,61.570714
-51.3,500,61.672617
-51.5,500,61.741106
-50.4,500,61.807825
-50.7,500,61.873992
-50.7,500,61.944275
-51.7,500,62.012208
-50.2,500,62.079157
-51.9,500,62.146715
-51.4,500,62.215937
-50.8,500,62.282832
-50.1,500,62.351785
-50.4,500,62.418317
-53.2,500,62.487498
-50.9,500,62.555195
-51.4,500,62.621787
-50.6,500,62.68923
-50.8,500,62.758504
-50.7,500,62.825399
-52.4,500,62.893377
-50.9,500,62.960116
-50.8,500,63.029743
-49.7,500,63.09709
-51.1,500,63.163046
-52.2,500,63.230914
-50.5,500,63.300362
-51.2,500,63.366658
-50.4,500,63.433119
-52.4,500,63.498933
-51.9,500,63.569227
-51.5,500,63.636832
-49.2,500,63.704273
-50.5,500,63.771959
-50.8,500,63.842041
-50.2,500,63.909059
-50.3,500,63.977438
-50.7,500,64.043555
-49.5,500,64.113604
-50.5,500,64.180885
-49.8,500,64.247525
-51.0,500,64.315408
-50.4,500,64.385083
-50.4,500,64.45245
-50.1,500,64.520797
-51.3,500,64.587686
-51.0,500,64.657942
-52.1,500,64.726419
-50.1,500,64.793356
-51.0,500,64.862041
-52.7,500,64.931679
-53.0,500,64.998162
-49.0,500,65.066086
-50.1,500,65.132809
-53.3,500,65.202464
-50.6,500,65.27097
-50.7,500,65.337741
-51.7,500,65.40493
-50.3,500,65.474422
-49.0,500,65.5409
-49.4,500,65.608864
-50.4,500,65.675847
-52.0,500,65.745475
-50.2,500,65.814318
-49.8,500,65.883477
-51.2,500,65.951608
-50.5,500,66.02207
-51.3,500,66.088897
-49.5,500,66.157095
-52.3,500,66.224498
-51.4,500,66.303403
-49.6,500,66.370553
-53.0,500,66.436398
-51.2,500,66.503731
-51.0,500,66.573655
-51.9,500,66.640353
-50.6,500,66.708012
-50.0,500,66.774093
-51.7,500,66.843133
-49.6,500,66.911383
-50.1,500,66.978741
-51.8,500,67.046489
-51.0,500,67.11607
-50.5,500,67.183029
-50.5,500,67.251084
-51.0,500,67.318876
-49.9,500,67.388543
-49.1,500,67.456254
-50.1,500,67.522662
-50.0,500,67.590651
-50.2,500,67.661236
-51.3,500,67.727497
-52.6,500,67.795266
-49.7,500,67.864247
-51.5,500,67.932839
-49.4,500,68.000872
-51.7,500,68.068061
-50.8,500,68.13547
-49.0,500,68.206197
-48.9,500,68.273607
-50.1,500,68.341598
-50.8,500,68.409705
-52.4,500,68.478789
-51.0,500,68.546881
-51.2,500,68.61365
-50.5,500,68.681176
-50.3,500,68.752321
-52.2,500,68.818796
-51.7,500,68.887166
-50.8,500,68.954631
-52.2,500,69.026361
-50.4,500,69.095668
-50.5,500,69.163228
-50.6,500,69.230868
-50.0,500,69.300795
-51.9,500,69.36818
-50.2,500,69.43571
-50.9,500,69.503798
-51.5,500,69.573277
-50.5,500,69.64142
-50.5,500,69.712868
-49.4,500,69.780708
-50.9,500,69.851977
-51.9,500,69.918873
-49.8,500,69.987117
-50.3,500,70.054982
-50.3,500,70.124299
-51.6,500,70.192691
-50.0,500,70.261678
-51.1,500,70.329709
-51.3,500,70.400404
-50.2,500,70.467127
-50.1,500,70.535528
-52.9,500,70.604669
-49.8,500,70.674312
-52.5,500,70.74416
-50.7,500,70.813062
-52.5,500,70.882118
-50.0,500,70.952814
-50.8,500,71.02082
-49.9,500,71.089103
-49.9,500,71.157756
-52.2,500,71.226469
-50.6,500,71.294896
-51.1,500,71.363217
-51.7,500,71.430609
-51.8,500,71.502273
-52.1,500,71.569873
-50.7,500,71.637974
-50.5,500,71.706157
-50.7,500,71.775484
-49.8,500,71.842776
-51.4,500,71.910622
-52.2,500,71.977482
-51.0,500,72.047691
-50.1,500,72.116096
-50.9,500,72.184175
-51.3,500,72.25237
-50.5,500,72.323147
-50.6,500,72.389742
-50.1,500,72.458725
-53.1,500,72.525802
-50.0,500,72.596401
-51.6,500,72.664294
-50.3,500,72.732192
-51.0,500,72.800975
-50.1,500,72.870742
-50.5,500,72.938798
-50.6,500,73.007394
-49.9,500,73.074992
-49.5,500,73.144913
-49.3,500,73.21309
-51.4,500,73.280923
-49.7,500,73.349542
-50.3,500,73.419898
-49.7,500,73.486854
-51.3,500,73.555293
-49.1,500,73.62415
-49.8,500,73.693765
-49.4,500,73.76232
-51.5,500,73.831063
-49.8,500,73.899787
-51.4,500,73.97076
-49.5,500,74.038719
-51.0,500,74.107665
-51.0,500,74.175732
-51.7,500,74.245976
-51.8,500,74.314679
-49.9,500,74.383025
-51.1,500,74.450761
-51.3,500,74.521191
-50.1,500,74.589054
-50.9,500,74.657311
-51.3,500,74.725862
-51.0,500,74.795753
-50.0,500,74.86519
-51.0,500,74.934482
-51.3,500,75.001698
-52.3,500,75.072687
-49.5,500,75.1416
-51.7,500,75.209521
-51.8,500,75.279103
-50.5,500,75.348779
-51.9,500,75.417281
-52.1,500,75.485933
-52.4,500,75.552311
-53.0,500,75.62418
-53.6,500,75.693091
-51.4,500,75.761457
-53.0,500,75.831392
-50.4,500,75.904593
-50.9,500,75.973135
-51.1,500,76.042647
-51.3,500,76.110243
-52.0,500,76.180533
-52.4,500,76.248805
-50.5,500,76.316299
-49.9,500,76.384785
-52.7,500,76.455767
-50.3,500,76.523163
-50.0,500,76.592103
-50.6,500,76.660238
-51.7,500,76.729913
-49.8,500,76.798928
-51.5,500,76.865663
-51.4,500,76.934298
-51.2,500,77.005186
-51.6,500,77.073545
-50.4,500,77.142398
-50.5,500,77.210358
-51.8,500,77.281384
-51.9,500,77.350263
-50.3,500,77.418776
-52.5,500,77.487257
-51.2,500,77.558711
-51.0,500,77.62703
-51.6,500,77.695718
-52.8,500,77.765771
-49.6,500,77.836315
-50.1,500,77.905473
-53.1,500,77.974477
-50.5,500,78.041308
-51.3,500,78.11118
-52.7,500,78.178843
-51.4,500,78.247982
-50.6,500,78.317423
-50.1,500,78.388368
-49.9,500,78.457954
-52.0,500,78.526902
-50.8,500,78.595169
-50.8,500,78.667333
-51.9,500,78.735273
-51.2,500,78.803502
-51.7,500,78.872071
-50.5,500,78.942241
-49.8,500,79.011152
-51.5,500,79.08112
-50.4,500,79.149404
-50.4,500,79.253319
-52.0,500,79.322707
-51.5,500,79.391687
-49.6,500,79.460194
-49.5,500,79.531499
-50.8,500,79.599919
-50.5,500,79.667279
-51.4,500,79.736497
-50.1,500,79.808757
-50.6,500,79.877944
-51.5,500,79.947746
-50.1,500,80.016121
-50.9,500,80.086019
-51.2,500,80.156192
-51.5,500,80.224252
-51.0,500,80.293317
-49.7,500,80.365319
-51.2,500,80.433477
-50.2,500,80.503284
-52.0,500,80.571724
-50.5,500,80.642788
-50.1,500,80.712364
-49.8,500,80.781943
-50.1,500,80.852468
-50.0,500,80.924655
-50.2,500,80.993014
-50.2,500,81.061494
-50.6,500,81.131523
-50.7,500,81.201865
-49.5,500,81.270674
-51.5,500,81.339463
-49.7,500,81.407338
-51.3,500,81.477904
-51.7,500,81.547289
-50.1,500,81.615336
-52.4,500,81.684636
-49.6,500,81.755658
-52.0,500,81.824672
-51.3,500,81.893678
-50.0,500,81.962202
-49.8,500,82.033262
-49.1,500,82.102814
-50.5,500,82.172354
-51.4,500,82.240952
-51.4,500,82.313082
-50.9,500,82.381155
-48.5,500,82.450927
-49.9,500,82.519123
-50.4,500,82.591309
-52.2,500,82.661257
-50.7,500,82.730871
-51.7,500,82.799315
-50.2,500,82.870484
-50.1,500,82.938305
-49.9,500,83.008128
-51.5,500,83.077833
-50.5,500,83.146784
-49.1,500,83.215703
-50.1,500,83.285475
-48.5,500,83.353662
-49.1,500,83.425745
-49.3,500,83.496155
-51.3,500,83.564692
-49.1,500,83.634278
-50.9,500,83.705101
-50.3,500,83.773388
-49.4,500,83.843846
-49.5,500,83.913122
-51.4,500,83.984599
-49.3,500,84.053755
-50.2,500,84.121634
-50.1,500,84.190508
-50.8,500,84.261202
-50.0,500,84.329125
-51.8,500,84.398692
-51.3,500,84.46775
-49.2,500,84.537874
-49.9,500,84.606685
-51.8,500,84.67517
-50.3,500,84.743543
-49.6,500,84.815428
-49.8,500,84.884763
-52.4,500,84.953734
-49.6,500,85.023846
-52.0,500,85.093492
-51.3,500,85.162481
-51.2,500,85.231405
-49.8,500,85.30093
-51.4,500,85.37259
-51.5,500,85.442499
-50.4,500,85.511091
-52.3,500,85.580413
-51.4,500,85.651861
-51.1,500,85.720791
-52.6,500,85.790325
-51.6,500,85.868397
-50.0,500,85.948839
-50.6,500,86.028024
-51.0,500,86.105246
-51.7,500,86.180627
-52.1,500,86.261404
-52.4,500,86.339917
-51.3,500,86.41593
-51.5,500,86.492269
-51.3,500,86.570281
-50.7,500,86.640274
-51.2,500,86.709611
-51.4,500,86.779292
-50.9,500,86.850564
-51.5,500,86.920514
-51.4,500,86.990758
-51.5,500,87.059074
-51.8,500,87.130725
-51.5,500,87.199828
-51.6,500,87.268086
-51.6,500,87.338644
-50.9,500,87.411148
-51.1,500,87.4802
-50.5,500,87.549557
-51.7,500,87.61743
-52.5,500,87.691457
-50.8,500,87.776749
-51.1,500,87.849314
-51.7,500,87.919417
-51.2,500,87.990469
-49.5,500,88.060897
-50.7,500,88.129924
-49.8,500,88.198744
-50.1,500,88.270413
-51.8,500,88.340539
-50.9,500,88.410371
-50.9,500,88.478522
-49.9,500,88.54984
-52.4,500,88.620173
-49.3,500,88.688325
-51.3,500,88.757832
-50.8,500,88.828541
-50.7,500,88.897813
-50.9,500,88.967611
-51.3,500,89.036992
-50.5,500,89.10828
-49.6,500,89.177666
-50.7,500,89.246539
-49.3,500,89.316707
-50.6,500,89.387697
-50.5,500,89.455999
-51.8,500,89.526748
-50.7,500,89.596573
-50.3,500,89.667499
-50.0,500,89.7369
-50.3,500,89.806897
-50.2,500,89.874951
-48.8,500,89.946202
-50.6,500,90.014666
-49.4,500,90.083532
-50.1,500,90.15264
-51.3,500,90.222844
-50.7,500,90.292962
-49.8,500,90.363029
-50.9,500,90.432118
-50.6,500,90.504078
-51.0,500,90.574507
-51.6,500,90.643087
-49.3,500,90.713377
-51.9,500,90.784945
-51.3,500,90.854986
-50.3,500,90.926749
-50.6,500,90.997213
-50.6,500,91.069354
-49.7,500,91.13926
-49.6,500,91.208672
-50.2,500,91.277808
-50.2,500,91.350225
-50.5,500,91.418922
-48.3,500,91.489589
-52.0,500,91.559393
-50.5,500,91.630001
-50.5,500,91.699718
-51.5,500,91.769537
-49.7,500,91.837964
-50.0,500,91.910235
-51.8,500,91.979366
-50.9,500,92.049175
-50.5,500,92.118954
-50.6,500,92.190351
-50.7,500,92.260154
-51.5,500,92.329962
-49.8,500,92.399879
-51.7,500,92.471095
-50.4,500,92.541076
-49.8,500,92.611402
-52.0,500,92.680357
-51.1,500,92.752298
-51.3,500,92.821832
-50.7,500,92.891699
-53.1,500,92.960711
-52.0,500,93.032406
-51.0,500,93.101585
-50.9,500,93.172545
-51.6,500,93.241782
-51.7,500,93.313775
-50.3,500,93.383184
-49.8,500,93.452757
-51.1,500,93.522957
-50.6,500,93.595445
-52.4,500,93.665545
-50.0,500,93.736213
-51.6,500,93.805358
-51.5,500,93.877403
-50.4,500,93.948171
-50.0,500,94.01827
-51.2,500,94.087588
-52.3,500,94.160724
-52.0,500,94.231269
-52.2,500,94.301175
-50.5,500,94.372139
-50.9,500,94.443894
-51.4,500,94.513877
-51.3,500,94.584624
-52.1,500,94.654172
-50.3,500,94.726231
-51.1,500,94.797065
-51.2,500,94.865496
-51.6,500,94.936776
-51.3,500,95.008969
-52.3,500,95.078451
-50.9,500,95.148669
-51.6,500,95.219799
-52.0,500,95.290592
-52.2,500,95.361532
-52.3,500,95.431503
-52.5,500,95.500443
-51.2,500,95.572392
-51.0,500,95.642646
-52.0,500,95.712799
-52.5,500,95.783857
-51.0,500,95.855985
-50.7,500,95.926442
-51.0,500,95.997729
-51.9,500,96.066915
-51.0,500,96.173605
-52.8,500,96.243004
-50.7,500,96.313218
-51.4,500,96.383588
-52.1,500,96.455024
-51.3,500,96.524694
-49.8,500,96.594281
-51.3,500,96.664535
-51.6,500,96.736964
-51.3,500,96.806181
-53.9,500,96.876744
-50.7,500,96.946515
-52.4,500,97.018258
-51.0,500,97.088389
-51.9,500,97.15907
-52.4,500,97.228968
-50.4,500,97.300569
-50.8,500,97.369982
-52.1,500,97.439234
-51.8,500,97.508857
-51.2,500,97.58038
-52.2,500,97.649259
-52.9,500,97.719964
-51.1,500,97.789733
-50.5,500,97.86159
-50.5,500,97.932194
-51.4,500,98.002376
-52.7,500,98.073375
-51.6,500,98.145876
-51.1,500,98.215182
-52.0,500,98.285742
-52.1,500,98.356034
-51.9,500,98.427394
-49.7,500,98.498157
-50.1,500,98.568355
-51.7,500,98.636793
-50.5,500,98.709888
-49.4,500,98.779277
-52.7,500,98.84944
-51.3,500,98.919537
-49.7,500,98.992059
-49.9,500,99.060774
-50.7,500,99.131578
-50.4,500,99.201243
-51.5,500,99.273836
-50.3,500,99.344797
-51.0,500,99.414908
-49.6,500,99.485029
-50.8,500,99.558239
-51.1,500,99.627615
-51.8,500,99.699078
-50.9,500,99.769547
-50.2,500,99.841836
-53.3,500,99.912787
-52.3,500,99.982872
-50.5,500,100.052911
-50.5,500,100.125258
-51.0,500,100.195738
-51.3,500,100.265531
-50.6,500,100.335844
-50.8,500,100.409153
-52.4,500,100.479465
-52.2,500,100.551335
-50.7,500,100.621089
-50.5,500,100.691797
-50.3,500,100.762347
-50.7,500,100.832608
-50.1,500,100.905189
-52.1,500,100.979719
-50.2,500,101.049869
-51.2,500,101.120703
-51.3,500,101.19154
-52.1,500,101.264157
-50.4,500,101.333707
-51.3,500,101.404762
-51.7,500,101.474545
-51.2,500,101.547913
-49.5,500,101.618166
-52.9,500,101.687758
-51.6,500,101.759236
-49.5,500,101.832124
-52.8,500,101.901274
-50.9,500,101.971795
-51.1,500,102.042495
-52.1,500,102.115315
-49.6,500,102.186096
-52.4,500,102.256236
-49.0,500,102.326418
-49.4,500,102.40009
-50.4,500,102.471434
-49.5,500,102.541933
-51.5,500,102.612862
-51.1,500,102.685297
-52.7,500,102.754464
-51.3,500,102.825024
-50.6,500,102.894046
-51.0,500,102.96638
-50.7,500,103.036763
-49.7,500,103.106632
-51.5,500,103.177486
-50.7,500,103.250699
-51.2,500,103.321213
-51.0,500,103.392773
-50.6,500,103.463514
-51.1,500,103.535661
-53.2,500,103.607513
-50.0,500,103.678316
-52.9,500,103.749092
-52.6,500,103.82286
-50.3,500,103.894745
-50.7,500,103.965963
-49.9,500,104.037168
-52.1,500,104.110682
-51.3,500,104.180228
-50.5,500,104.252221
-52.7,500,104.323226
-51.7,500,104.395456
-51.7,500,104.467043
-50.8,500,104.537498
-50.0,500,104.608194
-51.7,500,104.682132
-50.8,500,104.753523
-50.2,500,104.824802
-51.4,500,104.895885
-52.6,500,104.969356
-51.6,500,105.039567
-50.2,500,105.110803
-49.5,500,105.1799
-49.6,500,105.254121
-50.1,500,105.325139
-51.5,500,105.39398
-52.6,500,105.464288
-51.4,500,105.537445
-52.9,500,105.607541
-51.1,500,105.679296
-50.4,500,105.750921
-50.8,500,105.823296
-50.2,500,105.895942
-51.7,500,105.967097
-52.0,500,106.037008
-51.9,500,106.109769
-53.5,500,106.181695
-50.3,500,106.251084
-51.9,500,106.322591
-52.5,500,106.395217
-50.7,500,106.466067
-52.1,500,106.536637
-51.3,500,106.606905
-50.4,500,106.681314
-53.0,500,106.751993
-51.5,500,106.820642
-52.7,500,106.892261
-51.2,500,106.965671
-54.1,500,107.035607
-52.5,500,107.107556
-51.0,500,107.179002
-48.9,500,107.251174
-50.5,500,107.321376
-50.7,500,107.392174
-50.6,500,107.461553
-51.6,500,107.535604
-50.2,500,107.607396
-51.4,500,107.677438
-51.2,500,107.749364
-50.6,500,107.822549
-54.0,500,107.8938
-50.6,500,107.965902
-50.7,500,108.036362
-51.7,500,108.10818
-51.4,500,108.180207
-53.0,500,108.251317
-50.0,500,108.32185
-53.3,500,108.395317
-51.5,500,108.466483
-51.6,500,108.537903
-51.9,500,108.608637
-50.8,500,108.680934
-50.6,500,108.751935
-53.3,500,108.822833
-53.7,500,108.894303
-50.9,500,108.966888
-51.3,500,109.037673
-52.4,500,109.109548
-50.6,500,109.178954
-52.3,500,109.251607
-51.3,500,109.321916
-52.2,500,109.39387
-51.0,500,109.464971
-51.9,500,109.537966
-51.3,500,109.609496
-50.8,500,109.680575
-53.8,500,109.751698
-49.9,500,109.824745
-51.3,500,109.896844
-51.9,500,109.966785
-51.9,500,110.038985
-49.8,500,110.111688
-50.0,500,110.182693
-49.9,500,110.253489
-52.1,500,110.324109
-52.1,500,110.397336
-50.2,500,110.46827
-50.7,500,110.539497
-50.0,500,110.609935
-52.1,500,110.684004
-49.9,500,110.755793
-49.7,500,110.826677
-51.5,500,110.899709
-53.8,500,110.974456
-50.6,500,111.045204
-50.6,500,111.116502
-52.3,500,111.188075
-51.7,500,111.260792
-52.9,500,111.333346
-51.2,500,111.404925
-51.0,500,111.474943
-52.3,500,111.547788
-50.6,500,111.619747
-52.0,500,111.691238
-50.3,500,111.763113
-53.0,500,111.836139
-51.8,500,111.907266
-52.1,500,111.978082
-50.1,500,112.049439
-49.7,500,112.122684
-51.1,500,112.194495
-51.7,500,112.265037
-52.3,500,112.335551
-50.4,500,112.40903
-51.5,500,112.480469
-52.6,500,112.552021
-50.7,500,112.624098
-49.6,500,112.697363
-51.0,500,112.767809
-52.9,500,112.839229
-50.9,500,112.910334
-51.0,500,112.982641
-51.7,500,113.054619
-54.5,500,113.124952
-50.3,500,113.197488
-50.1,500,113.271289
-51.0,500,113.341911
-50.6,500,113.445587
-49.8,500,113.517526
-53.3,500,113.591822
-49.4,500,113.661751
-50.9,500,113.732668
-51.6,500,113.803587
-50.5,500,113.880379
-50.2,500,113.958942
-50.2,500,114.030902
-51.1,500,114.101112
-50.3,500,114.175707
-51.2,500,114.247863
-50.8,500,114.319207
-51.2,500,114.3905
-53.1,500,114.465137
-50.6,500,114.536334
-51.3,500,114.607557
-51.5,500,114.679496
-52.9,500,114.753017
-50.4,500,114.825458
-53.2,500,114.898053
-50.3,500,114.967451
-49.5,500,115.040045
-50.5,500,115.112219
-51.7,500,115.182599
-51.9,500,115.25463
-51.7,500,115.329792
-50.3,500,115.400096
-51.8,500,115.472905
-50.8,500,115.544483
-50.5,500,115.617613
-52.2,500,115.689786
-54.3,500,115.760881
-51.5,500,115.831669
-50.6,500,115.908022
-51.7,500,115.980194
-51.9,500,116.05456
-51.3,500,116.12676
-51.4,500,116.201402
-52.8,500,116.271948
-49.7,500,116.343188
-50.2,500,116.41359
-52.8,500,116.48768
-51.9,500,116.559136
-50.7,500,116.631142
-51.0,500,116.704698
-50.5,500,116.779484
-50.8,500,116.850675
-51.8,500,116.921159
-51.0,500,116.993509
-50.7,500,117.067329
-50.9,500,117.138616
-53.0,500,117.209856
-51.8,500,117.281848
-52.0,500,117.356209
-51.7,500,117.427879
-52.8,500,117.49984
-50.9,500,117.57005
-50.7,500,117.64371
-50.9,500,117.715599
-49.6,500,117.786174
-50.2,500,117.858668
-51.1,500,117.932809
-51.9,500,118.003859
-53.3,500,118.076413
-51.2,500,118.14816
-52.7,500,118.221156
-52.1,500,118.293625
-49.2,500,118.365765
-52.9,500,118.436639
-52.4,500,118.510649
-50.7,500,118.583557
-53.8,500,118.654734
-50.8,500,118.72623
-51.2,500,118.800593
-50.9,500,118.872359
-50.8,500,118.94445
-51.2,500,119.017357
-49.5,500,119.091101
-51.6,500,119.162913
-50.0,500,119.235896
-50.2,500,119.306158
-50.3,500,119.380893
-50.9,500,119.453302
-51.0,500,119.524226
-53.1,500,119.596566
-52.6,500,119.670422
-52.0,500,119.742861
-53.5,500,119.81474
-51.9,500,119.886659
-52.1,500,119.960423
-52.1,500,120.031442
-52.4,500,120.10343
-51.8,500,120.175047
-50.9,500,120.248408
-51.6,500,120.321027
-51.1,500,120.391961
-52.9,500,120.463483
-51.4,500,120.538402
-53.3,500,120.609814
-52.3,500,120.681378
-54.9,500,120.754034
-52.6,500,120.827079
-50.6,500,120.899118
-55.7,500,120.973202
-53.3,500,121.043425
-50.5,500,121.118215
-50.5,500,121.189654
-54.4,500,121.260251
-54.3,500,121.33289
-50.9,500,121.407424
-51.6,500,121.47825
-51.5,500,121.550045
-52.2,500,121.622175
-52.7,500,121.695194
-52.1,500,121.767147
-53.5,500,121.839652
-53.6,500,121.910184
-51.2,500,121.983692
-51.5,500,122.055794
-53.4,500,122.127124
-50.7,500,122.199318
-51.3,500,122.273797
-52.3,500,122.346322
-51.7,500,122.417504
-49.6,500,122.490369
-53.6,500,122.564902
-50.1,500,122.6359
-52.5,500,122.708539
-51.1,500,122.780024
-52.7,500,122.852701
-50.8,500,122.92499
-51.2,500,122.996239
-52.4,500,123.067615
-50.1,500,123.141478
-51.7,500,123.21406
-53.2,500,123.286836
-52.3,500,123.359134
-55.6,500,123.433697
-51.0,500,123.506025
-49.1,500,123.578206
-50.6,500,123.649348
-50.8,500,123.72174
-51.9,500,123.794124
-50.4,500,123.867289
-50.6,500,123.937971
-52.9,500,124.012357
-51.6,500,124.084538
-51.4,500,124.155974
-52.4,500,124.228638
-48.9,500,124.303341
-52.6,500,124.374506
-52.4,500,124.447219
-53.7,500,124.520083
-54.1,500,124.593778
-50.8,500,124.666325
-50.7,500,124.738962
-51.6,500,124.810786
-50.5,500,124.885745
-52.7,500,124.95747
-51.8,500,125.029535
-51.5,500,125.101484
-52.9,500,125.176763
-51.8,500,125.248622
-50.9,500,125.320991
-49.9,500,125.393168
-52.6,500,125.467863
-49.6,500,125.54051
-51.2,500,125.613511
-51.0,500,125.685256
-50.7,500,125.758816
-51.9,500,125.831503
-51.2,500,125.904116
-50.8,500,125.97806
-49.5,500,126.05321
-51.5,500,126.124592
-51.8,500,126.197291
-50.3,500,126.269561
-50.4,500,126.343854
-51.5,500,126.416637
-52.4,500,126.490532
-51.2,500,126.56288
-49.3,500,126.636077
-50.5,500,126.708586
-52.3,500,126.781743
-50.6,500,126.854648
-49.9,500,126.929582
-51.0,500,127.001156
-52.2,500,127.073682
-53.4,500,127.144838
-50.3,500,127.219767
-52.0,500,127.292042
-52.1,500,127.365175
-51.1,500,127.437041
-51.2,500,127.510649
-50.9,500,127.584295
-49.7,500,127.657422
-50.2,500,127.729764
-51.3,500,127.805336
-52.8,500,127.878572
-51.6,500,127.950287
-50.6,500,128.023974
-51.6,500,128.09841
-50.5,500,128.170074
-49.6,500,128.242331
-49.8,500,128.314782
-51.5,500,128.389022
-51.2,500,128.461137
-51.5,500,128.533799
-51.4,500,128.605186
-51.5,500,128.678937
-51.0,500,128.751919
-52.2,500,128.823475
-51.0,500,128.896088
-55.6,500,128.970568
-52.1,500,129.043323
-50.6,500,129.116241
-52.6,500,129.18932
-51.9,500,129.264095
-50.5,500,129.336873
-54.7,500,129.410411
-51.9,500,129.482406
-53.4,500,129.556201
-51.6,500,129.628959
-50.9,500,129.701172
-51.6,500,129.773572
-51.1,500,129.848409
-50.5,500,129.921177
-53.4,500,129.993501
-51.8,500,130.066494
-51.4,500,130.141599
-50.6,500,130.213462
-51.2,500,130.286207
-52.7,500,130.359186
-49.8,500,130.433062
-51.2,500,130.50621
-51.9,500,130.579029
-51.5,500,130.651345
-53.1,500,130.726712
-52.7,500,130.800358
-52.7,500,130.872995
-50.9,500,130.98365
-53.0,500,131.05859
-50.5,500,131.130847
-52.9,500,131.202321
-52.3,500,131.275235
-55.9,500,131.349973
-52.0,500,131.421869
-52.6,500,131.495271
-51.9,500,131.567453
-51.9,500,131.640808
-51.8,500,131.714121
-53.5,500,131.787961
-50.2,500,131.859385
-52.5,500,131.934744
-52.4,500,132.007612
-51.5,500,132.080373
-52.2,500,132.153246
-50.3,500,132.228032
-51.6,500,132.299496
-51.8,500,132.372061
-50.8,500,132.444643
-49.3,500,132.518245
-52.0,500,132.591075
-52.5,500,132.663849
-52.0,500,132.736725
-54.8,500,132.812002
-51.5,500,132.885125
-52.8,500,132.957102
-53.1,500,133.030352
-52.6,500,133.105522
-51.7,500,133.177633
-54.0,500,133.251811
-52.3,500,133.324999
-54.5,500,133.399576
-53.4,500,133.472706
-52.9,500,133.545143
-53.9,500,133.617502
-50.5,500,133.691856
-53.0,500,133.765218
-53.7,500,133.837406
-53.9,500,133.91105
-54.5,500,133.986049
-52.2,500,134.057827
-50.9,500,134.13118
-53.5,500,134.203813
-52.5,500,134.278512
-52.3,500,134.350469
-52.2,500,134.424385
-53.0,500,134.497492
-54.6,500,134.572047
-50.8,500,134.644555
-53.6,500,134.717401
-57.7,500,134.790041
-52.2,500,134.865418
-52.5,500,134.938036
-51.5,500,135.010071
-51.3,500,135.083222
-52.9,500,135.157608
-52.7,500,135.229624
-51.4,500,135.302144
-51.5,500,135.374431
-51.3,500,135.4492
-53.0,500,135.522712
-54.1,500,135.595448
-54.5,500,135.667625
-53.6,500,135.742577
-52.4,500,135.816062
-52.0,500,135.889277
-52.8,500,135.965365
-51.7,500,136.041073
-50.5,500,136.114796
-53.4,500,136.186785
-51.1,500,136.260201
-52.6,500,136.335504
-52.9,500,136.408265
-50.9,500,136.48252
-51.5,500,136.554972
-51.5,500,136.628022
-51.3,500,136.700896
-52.0,500,136.774226
-52.7,500,136.846708
-51.3,500,136.922328
-53.1,500,136.996094
-51.5,500,137.067577
-49.9,500,137.141253
-51.8,500,137.217213
-50.9,500,137.289354
-51.8,500,137.363332
-49.6,500,137.435866
-51.3,500,137.510199
-52.2,500,137.583466
-51.8,500,137.657549
-51.5,500,137.72889
-52.7,500,137.804469
-53.9,500,137.878281
-53.0,500,137.950808
-53.1,500,138.023452
-52.5,500,138.098838
-51.1,500,138.171409
-52.9,500,138.245388
-52.2,500,138.318845
-53.3,500,138.392228
-52.3,500,138.465596
-53.4,500,138.539156
-52.8,500,138.611621
-52.5,500,138.687127
-52.1,500,138.760491
-50.7,500,138.833138
-52.3,500,138.905081
-50.9,500,138.980169
-52.4,500,139.053577
-50.9,500,139.126164
-51.7,500,139.19943
-54.5,500,139.275536
-51.8,500,139.348238
-49.4,500,139.420086
-53.2,500,139.494132
-53.3,500,139.570232
-50.1,500,139.64317
-52.5,500,139.717217
-52.0,500,139.791219
-53.2,500,139.865823
-51.1,500,139.93932
-54.4,500,140.012799
-53.4,500,140.086285
-54.1,500,140.16358
-54.7,500,140.237146
-51.6,500,140.309517
-51.6,500,140.382141
-51.4,500,140.457498
-51.8,500,140.530446
-51.3,500,140.603773
-53.5,500,140.677568
-54.2,500,140.753304
-52.9,500,140.827355
-52.4,500,140.900684
-53.6,500,140.974848
-52.6,500,141.051617
-53.8,500,141.126076
-52.8,500,141.198967
-51.5,500,141.272791
-52.9,500,141.348045
-54.3,500,141.422443
-51.3,500,141.495921
-51.5,500,141.569387
-52.2,500,141.644195
-53.8,500,141.717342
-52.8,500,141.790568
-53.1,500,141.863886
-50.4,500,141.938214
-53.1,500,142.011239
-53.2,500,142.084166
-52.0,500,142.156379
-50.2,500,142.23321
-51.8,500,142.305779
-50.5,500,142.377938
-54.2,500,142.45109
-53.8,500,142.526919
-52.1,500,142.599669
-53.3,500,142.673025
-54.6,500,142.746345
-52.5,500,142.821006
-54.4,500,142.895206
-52.2,500,142.968789
-53.3,500,143.041954
-53.8,500,143.118811
-51.5,500,143.193609
-50.7,500,143.266604
-53.7,500,143.340343
-51.7,500,143.415425
-50.2,500,143.489219
-54.4,500,143.562003
-51.0,500,143.636234
-52.3,500,143.711901
-53.6,500,143.785502
-53.0,500,143.859189
-50.7,500,143.933153
-51.8,500,144.008776
-54.6,500,144.083647
-49.7,500,144.157446
-50.6,500,144.230412
-52.5,500,144.305679
-52.6,500,144.380465
-53.9,500,144.454232
-51.2,500,144.526729
-51.3,500,144.603005
-54.5,500,144.678112
-54.0,500,144.751774
-53.2,500,144.825734
-51.7,500,144.901157
-50.2,500,144.974074
-55.4,500,145.048397
-50.9,500,145.121711
-52.1,500,145.197328
-53.0,500,145.270837
-54.4,500,145.345162
-52.8,500,145.418281
-52.7,500,145.493652
-54.4,500,145.568365
-53.2,500,145.64141
-51.3,500,145.715935
-54.8,500,145.792505
-55.4,500,145.866805
-51.5,500,145.94276
-52.1,500,146.016959
-51.8,500,146.093141
-55.2,500,146.166353
-50.8,500,146.240123
-52.9,500,146.313934
-50.7,500,146.388194
-53.1,500,146.462333
-53.4,500,146.536597
-51.6,500,146.60887
-54.5,500,146.685418
-55.5,500,146.759072
-54.1,500,146.832431
-51.2,500,146.906736
-53.8,500,146.983146
-57.6,500,147.056613
-51.0,500,147.130687
-50.4,500,147.20317
-53.8,500,147.278093
-52.5,500,147.351502
-52.8,500,147.425748
-55.0,500,147.498078
-50.5,500,147.574929
-53.8,500,147.649259
-54.2,500,147.721382
-52.1,500,147.795458
-54.7,500,147.871769
-53.0,500,147.945675
-51.1,500,148.01903
-51.0,500,148.093729
-52.3,500,148.169338
-51.9,500,148.242539
-50.8,500,148.350854
-53.6,500,148.424981
-55.8,500,148.501335
-51.6,500,148.574772
-54.8,500,148.648831
-52.7,500,148.722315
-53.2,500,148.798177
-51.6,500,148.872624
-51.8,500,148.94745
-52.1,500,149.020781
-51.0,500,149.09764
-51.9,500,149.172431
-53.5,500,149.246245
-54.1,500,149.319403
-49.3,500,149.394933
-51.3,500,149.469847
-56.6,500,149.543237
-57.3,500,149.61795
-51.4,500,149.694518
-53.0,500,149.768423
-51.6,500,149.842949
-55.1,500,149.917045
-52.3,500,149.9937
-53.4,500,150.068434
-52.8,500,150.143143
-52.6,500,150.216259
-51.7,500,150.292158
-51.0,500,150.36708
-52.4,500,150.439877
-53.6,500,150.514192
-50.8,500,150.590924
-51.2,500,150.664895
-51.3,500,150.738921
-54.0,500,150.814262
-51.1,500,150.88942
-52.3,500,150.964915
-50.8,500,151.039024
-53.9,500,151.11266
-49.9,500,151.187749
-53.8,500,151.262131
-51.2,500,151.335857
-52.1,500,151.409132
-51.7,500,151.485904
-50.9,500,151.56038
-50.9,500,151.632514
-54.9,500,151.707532
-52.7,500,151.783688
-52.2,500,151.85767
-53.1,500,151.931331
-51.5,500,152.006211
-51.5,500,152.082948
-51.0,500,152.156199
-54.5,500,152.229982
-55.7,500,152.304088
-54.3,500,152.379325
-53.3,500,152.453756
-52.3,500,152.527433
-50.4,500,152.600623
-53.0,500,152.677559
-52.1,500,152.752312
-53.2,500,152.825739
-54.1,500,152.900793
-51.5,500,152.977502
-51.5,500,153.050594
-49.8,500,153.125142
-50.9,500,153.200163
-51.9,500,153.277026
-55.4,500,153.351547
-52.4,500,153.427242
-52.5,500,153.50163
-53.5,500,153.578367
-51.1,500,153.651957
-51.9,500,153.72671
-52.3,500,153.80074
-53.9,500,153.877439
-52.4,500,153.951904
-51.3,500,154.024742
-52.6,500,154.099231
-54.9,500,154.174366
-50.8,500,154.247823
-53.6,500,154.322737
-51.8,500,154.395823
-53.1,500,154.472203
-58.7,500,154.546231
-51.3,500,154.620775
-52.4,500,154.694995
-55.9,500,154.771182
-51.4,500,154.846289
-53.8,500,154.921582
-52.1,500,154.994793
-50.7,500,155.071728
-52.2,500,155.14574
-51.7,500,155.220207
-51.6,500,155.29427
-52.8,500,155.371912
-52.4,500,155.445794
-51.9,500,155.51864
-53.9,500,155.593453
-51.8,500,155.669804
-51.0,500,155.743271
-51.6,500,155.818331
-51.3,500,155.893276
-50.0,500,155.970602
-54.8,500,156.045058
-54.0,500,156.12092
-51.3,500,156.194963
-50.0,500,156.270548
-53.9,500,156.346264
-51.1,500,156.421154
-49.9,500,156.494579
-53.5,500,156.571857
-56.1,500,156.647817
-50.2,500,156.721149
-52.7,500,156.796719
-51.6,500,156.873002
-50.8,500,156.947519
-52.7,500,157.021423
-53.1,500,157.095848
-50.9,500,157.173146
-53.1,500,157.24724
-51.5,500,157.321925
-56.0,500,157.396949
-52.8,500,157.473334
-53.4,500,157.548468
-54.3,500,157.62326
-49.4,500,157.698457
-53.4,500,157.774639
-51.7,500,157.849939
-52.4,500,157.924954
-51.7,500,157.99904
-51.0,500,158.075998
-51.9,500,158.150177
-54.5,500,158.224072
-53.7,500,158.299224
-51.5,500,158.375509
-51.8,500,158.449581
-53.1,500,158.524332
-54.5,500,158.59979
-52.0,500,158.676288
-50.5,500,158.751666
-52.6,500,158.82605
-52.2,500,158.900578
-52.8,500,158.976692
-52.2,500,159.052403
-54.6,500,159.127989
-54.3,500,159.20193
-51.6,500,159.27798
-55.9,500,159.353453
-53.3,500,159.427204
-56.0,500,159.502915
-51.2,500,159.580132
-52.8,500,159.654269
-57.1,500,159.728745
-55.1,500,159.804198
-52.8,500,159.88175
-53.9,500,159.956431
-55.4,500,160.031566
-50.3,500,160.106584
-56.5,500,160.18289
-54.1,500,160.257457
-52.7,500,160.3333
-49.3,500,160.408714
-53.0,500,160.485589
-54.4,500,160.561358
-56.2,500,160.636861
-54.5,500,160.710863
-58.1,500,160.78875
-52.3,500,160.863581
-54.3,500,160.939708
-51.9,500,161.014661
-52.2,500,161.093257
-55.9,500,161.168293
-51.4,500,161.242683
-54.0,500,161.317565
-53.8,500,161.394054
-51.9,500,161.467846
-53.6,500,161.543084
-51.7,500,161.61786
-52.6,500,161.693582
-54.0,500,161.769365
-57.9,500,161.844969
-51.8,500,161.918236
-53.7,500,161.995482
-52.5,500,162.070812
-52.5,500,162.145862
-54.1,500,162.220302
-53.8,500,162.296798
-53.3,500,162.371655
-57.8,500,162.446511
-54.0,500,162.522082
-55.1,500,162.600199
-54.8,500,162.674904
-54.5,500,162.749166
-50.7,500,162.823296
-52.1,500,162.900307
-52.5,500,162.975385
-52.7,500,163.051076
-52.0,500,163.12473
-52.6,500,163.201249
-53.4,500,163.276522
-53.3,500,163.352409
-54.6,500,163.426741
-56.0,500,163.504296
-53.6,500,163.580112
-52.5,500,163.65433
-53.3,500,163.729386
-51.0,500,163.806845
-52.3,500,163.881459
-51.1,500,163.956468
-51.9,500,164.032134
-53.5,500,164.10997
-53.1,500,164.183944
-54.2,500,164.259664
-54.3,500,164.334052
-52.5,500,164.40947
-53.4,500,164.484702
-50.2,500,164.559765
-58.8,500,164.634281
-52.7,500,164.711216
-54.0,500,164.78772
-50.9,500,164.862982
-57.4,500,164.93828
-53.2,500,165.015279
-55.3,500,165.090657
-52.2,500,165.16585
-55.1,500,165.240647
-54.9,500,165.317674
-56.1,500,165.392179
-55.6,500,165.468036
-52.7,500,165.544949
-53.4,500,165.622119
-52.9,500,165.696355
-53.3,500,165.771124
-53.8,500,165.846201
-56.3,500,165.922496
-53.1,500,165.999657
-58.7,500,166.07542
-52.0,500,166.149855
-53.3,500,166.226271
-52.9,500,166.301975
-55.3,500,166.377885
-52.9,500,166.451378
-53.5,500,166.529423
-50.6,500,166.605151
-53.0,500,166.679741
-54.3,500,166.755127
-56.1,500,166.8671
-55.4,500,166.943896
-50.4,500,167.019101
-56.1,500,167.094117
-56.3,500,167.172297
-54.1,500,167.247058
-53.1,500,167.321276
-52.8,500,167.396027
-54.9,500,167.473024
-52.2,500,167.54674
-58.0,500,167.622189
-53.3,500,167.697237
-52.1,500,167.773918
-55.1,500,167.850029
-55.1,500,167.924576
-54.5,500,167.998139
-53.6,500,168.076678
-51.8,500,168.152186
-56.6,500,168.227548
-56.8,500,168.302456
-56.3,500,168.380183
-53.9,500,168.455482
-57.5,500,168.530774
-56.6,500,168.607081
-54.5,500,168.684257
-53.7,500,168.758014
-57.6,500,168.833843
-56.1,500,168.909663
-59.9,500,168.987415
-51.5,500,169.062799
-57.3,500,169.138974
-56.5,500,169.212771
-52.6,500,169.290358
-53.9,500,169.365402
-51.8,500,169.440357
-53.3,500,169.513896
-55.1,500,169.591956
-52.9,500,169.666818
-54.1,500,169.742354
-51.9,500,169.81786
-51.0,500,169.894607
-53.4,500,169.96901
-58.0,500,170.045287
-58.0,500,170.12154
-54.8,500,170.199237
-51.9,500,170.272708
-55.3,500,170.348696
-54.0,500,170.423926
-55.6,500,170.500824
-52.3,500,170.576614
-53.4,500,170.652231
-57.1,500,170.726822
-53.9,500,170.804877
-51.9,500,170.880996
-54.3,500,170.95806
-60.6,500,171.034029
-54.4,500,171.112527
-54.4,500,171.188788
-56.2,500,171.263357
-51.8,500,171.339371
-53.6,500,171.417565
-56.5,500,171.491906
-53.0,500,171.567632
-54.0,500,171.643165
-52.8,500,171.721531
-50.8,500,171.797325
-56.7,500,171.872943
-53.7,500,171.947439
-50.9,500,172.023461
-53.7,500,172.099802
-56.5,500,172.177149
-51.9,500,172.252289
-54.7,500,172.329904
-53.4,500,172.405962
-55.6,500,172.480638
-52.7,500,172.55665
-53.5,500,172.635196
-53.9,500,172.71044
-52.2,500,172.785484
-54.0,500,172.861639
-53.6,500,172.939478
-50.9,500,173.015385
-53.4,500,173.092038
-53.1,500,173.167314
-55.3,500,173.244781
-54.2,500,173.320922
-50.6,500,173.395099
-53.1,500,173.470731
-58.8,500,173.548001
-53.4,500,173.623886
-58.1,500,173.699961
-53.1,500,173.774651
-54.9,500,173.852777
-51.7,500,173.928214
-53.9,500,174.002707
-56.9,500,174.079328
-51.5,500,174.157102
-53.4,500,174.232603
-52.5,500,174.307017
-54.2,500,174.383032
-51.9,500,174.460977
-53.5,500,174.535988
-54.6,500,174.612936
-54.3,500,174.689017
-54.4,500,174.767587
-61.3,500,174.843952
-53.3,500,174.919814
-54.0,500,174.996262
-53.0,500,175.07241
-54.7,500,175.148559
-54.4,500,175.224927
-55.6,500,175.300845
-53.4,500,175.378044
-52.7,500,175.454134
-58.2,500,175.528105
-57.4,500,175.603428
-53.2,500,175.681895
-54.1,500,175.758306
-53.5,500,175.833225
-55.6,500,175.909775
-54.2,500,175.990094
-54.4,500,176.065254
-52.1,500,176.140724
-56.0,500,176.216645
-53.5,500,176.294229
-56.0,500,176.370113
-60.2,500,176.445441
-56.9,500,176.520452
-56.0,500,176.598156
-54.0,500,176.67372
-55.2,500,176.749542
-57.4,500,176.823781
-53.2,500,176.901916
-54.0,500,176.978179
-55.4,500,177.053428
-56.3,500,177.129811
-58.9,500,177.208092
-54.2,500,177.283128
-53.0,500,177.358253
-54.9,500,177.434126
-54.1,500,177.511648
-55.4,500,177.587666
-55.6,500,177.66365
-54.0,500,177.739634
-56.7,500,177.816529
-55.5,500,177.892471
-55.9,500,177.969515
-58.3,500,178.04463
-50.9,500,178.121602
-56.8,500,178.197283
-53.6,500,178.273708
-55.0,500,178.347935
-50.1,500,178.425537
-52.3,500,178.501293
-55.1,500,178.575037
-53.6,500,178.650311
-64.4,500,178.73011
-54.9,500,178.804671
-53.7,500,178.881491
-54.7,500,178.95734
-55.0,500,179.035184
-51.0,500,179.110998
-54.6,500,179.18739
-57.8,500,179.26289
-50.1,500,179.340091
-53.1,500,179.416695
-52.3,500,179.492952
-58.3,500,179.56976
-54.1,500,179.647262
-56.8,500,179.723049
-56.4,500,179.799234
-55.7,500,179.873762
-52.2,500,179.952126
-55.5,500,180.027934
-52.1,500,180.102844
-59.9,500,180.178948
-51.8,500,180.257561
-57.4,500,180.334356
-54.0,500,180.409302
-54.9,500,180.485597
-59.0,500,180.564449
-52.1,500,180.639705
-52.9,500,180.716841
-51.5,500,180.792431
-56.4,500,180.871249
-52.9,500,180.947647
-52.9,500,181.025153
-53.2,500,181.10162
-52.7,500,181.180588
-53.1,500,181.255806
-57.5,500,181.332407
-57.6,500,181.408656
-52.0,500,181.485122
-52.5,500,181.561269
-50.3,500,181.637061
-51.3,500,181.712081
-55.0,500,181.790108
-55.0,500,181.866246
-54.5,500,181.941986
-57.8,500,182.017857
-56.5,500,182.096209
-58.7,500,182.172323
-57.1,500,182.24781
-54.3,500,182.323628
-55.3,500,182.403179
-54.7,500,182.479211
-51.1,500,182.554474
-53.7,500,182.630873
-52.7,500,182.709327
-51.8,500,182.783907
-55.4,500,182.860826
-52.5,500,182.935851
-54.5,500,183.013006
-57.0,500,183.089006
-60.3,500,183.165582
-56.2,500,183.241676
-54.1,500,183.319442
-50.3,500,183.395699
-54.3,500,183.472656
-53.7,500,183.549063
-52.6,500,183.62633
-51.9,500,183.703219
-53.5,500,183.780366
-52.4,500,183.855472
-52.0,500,183.934654
-55.8,500,184.011256
-55.3,500,184.087305
-53.5,500,184.162624
-52.7,500,184.241335
-53.6,500,184.318528
-51.8,500,184.394539
-61.4,500,184.502049
-53.3,500,184.580254
-50.4,500,184.656164
-53.3,500,184.732281
-52.3,500,184.808267
-54.8,500,184.88734
-53.7,500,184.964958
-50.4,500,185.039571
-55.3,500,185.116874
-51.9,500,185.195063
-52.4,500,185.270296
-49.8,500,185.346411
-50.4,500,185.422767
-54.0,500,185.502314
-53.9,500,185.577496
-50.6,500,185.65389
-55.9,500,185.730762
-52.3,500,185.806652
-51.9,500,185.883999
-53.9,500,185.961344
-52.2,500,186.036748
-55.1,500,186.114475
-52.9,500,186.191674
-56.1,500,186.268417
-55.5,500,186.344348
-52.6,500,186.422897
-53.7,500,186.499497
-53.0,500,186.574546
-53.9,500,186.650781
-56.2,500,186.729056
-52.4,500,186.807952
-55.5,500,186.884213
-52.9,500,186.96018
-55.8,500,187.037915
-57.1,500,187.112917
-58.9,500,187.189279
-55.5,500,187.265588
-60.0,500,187.34393
-60.3,500,187.418997
-62.3,500,187.496817
-59.4,500,187.573416
-55.7,500,187.651725
-59.7,500,187.729126
-53.4,500,187.806078
-52.3,500,187.881467
-59.2,500,187.959575
-53.7,500,188.035787
-60.2,500,188.112674
-57.0,500,188.188991
-58.3,500,188.267702
-55.1,500,188.344947
-52.0,500,188.421385
-56.5,500,188.496238
-52.7,500,188.575301
-49.1,500,188.652197
-50.9,500,188.727664
-51.6,500,188.803765
-54.1,500,188.882716
-50.8,500,188.958445
-51.6,500,189.03526
-50.5,500,189.111639
-51.4,500,189.190695
-54.1,500,189.266749
-51.1,500,189.343763
-51.5,500,189.420493
-54.7,500,189.498528
-51.7,500,189.57557
-50.8,500,189.651792
-52.7,500,189.728616
-51.3,500,189.806896
-51.3,500,189.883868
-48.8,500,189.960032
-50.6,500,190.035542
-56.5,500,190.114489
-51.6,500,190.19033
-52.7,500,190.267513
-50.6,500,190.342854
-49.0,500,190.421802
-51.7,500,190.498855
-53.8,500,190.573553
-49.3,500,190.650567
-51.5,500,190.729932
-52.8,500,190.805189
-52.8,500,190.881943
-52.8,500,190.959629
-50.1,500,191.039123
-51.7,500,191.115799
-51.8,500,191.192641
-51.3,500,191.268873
-59.2,500,191.346975
-49.2,500,191.423922
-50.0,500,191.500291
-53.0,500,191.577244
-53.7,500,191.655886
-53.2,500,191.732407
-53.0,500,191.808328
-50.8,500,191.883205
-51.5,500,191.96225
-53.8,500,192.039853
-54.8,500,192.115428
-57.4,500,192.192671
-52.5,500,192.271559
-56.3,500,192.348059
-57.0,500,192.425107
-52.1,500,192.501761
-54.7,500,192.581148
-60.5,500,192.65716
-54.5,500,192.734142
-55.7,500,192.811446
-59.8,500,192.889533
-51.7,500,192.965756
-51.7,500,193.042469
-54.8,500,193.118493
-50.6,500,193.197041
-51.0,500,193.273402
-50.7,500,193.350377
-52.2,500,193.426653
-50.1,500,193.504991
-49.7,500,193.582094
-55.6,500,193.659145
-49.5,500,193.735657
-51.9,500,193.816174
-49.4,500,193.893367
-49.8,500,193.9695
-52.9,500,194.044829
-48.7,500,194.124249
-49.2,500,194.201135
-50.0,500,194.277471
-52.8,500,194.354945
-52.5,500,194.433425
-50.7,500,194.510764
-50.9,500,194.587371
-50.8,500,194.664815
-52.1,500,194.74368
-53.3,500,194.819818
-57.9,500,194.897387
-53.5,500,194.97417
-50.7,500,195.052744
-54.1,500,195.129912
-54.5,500,195.206976
-52.4,500,195.284187
-52.4,500,195.362766
-52.4,500,195.439126
-51.9,500,195.515798
-54.3,500,195.593076
-50.9,500,195.672364
-55.1,500,195.750517
-53.9,500,195.835601
-51.3,500,195.91329
-53.7,500,195.993002
-53.7,500,196.071288
-52.2,500,196.148223
-54.9,500,196.224702
-55.4,500,196.303727
-53.8,500,196.381076
-54.2,500,196.458845
-51.8,500,196.535266
-54.6,500,196.614753
-55.0,500,196.692925
-51.4,500,196.770388
-51.9,500,196.846075
-53.3,500,196.924795
-53.6,500,197.002709
-53.5,500,197.079856
-53.3,500,197.15594
-53.7,500,197.234896
-52.6,500,197.312713
-55.6,500,197.389078
-54.1,500,197.466352
-54.3,500,197.5455
-53.1,500,197.621165
-53.0,500,197.698095
-50.4,500,197.77505
-54.0,500,197.854746
-54.0,500,197.932078
-50.3,500,198.009452
-51.4,500,198.085588
-53.3,500,198.16383
-54.2,500,198.239952
-54.5,500,198.317188
-54.8,500,198.394604
-56.6,500,198.473794
-57.5,500,198.551875
-51.1,500,198.627786
-52.3,500,198.703394
-55.6,500,198.782563
-52.5,500,198.859336
-54.2,500,198.936312
-61.6,500,199.01303
-59.5,500,199.092725
-60.2,500,199.171802
-56.5,500,199.249627
-54.3,500,199.326674
-52.7,500,199.407435
-51.1,500,199.484819
-53.3,500,199.561479
-49.1,500,199.638181
-53.9,500,199.717742
-51.6,500,199.794301
-52.2,500,199.870743
-56.1,500,199.948468
-60.6,500,200.027853
-54.3,500,200.10432
-55.2,500,200.182348
-54.9,500,200.259373
-55.9,500,200.339971
-53.6,500,200.416917
-56.8,500,200.49424
-56.9,500,200.57166
-55.2,500,200.649921
-57.3,500,200.727287
-53.3,500,200.804556
-56.7,500,200.881297
-52.8,500,200.960009
-55.3,500,201.038417
-51.1,500,201.116093
-53.3,500,201.191955
-57.8,500,201.271257
-51.3,500,201.354926
-54.0,500,201.442162
-51.0,500,201.517666
-51.0,500,201.596769
-51.0,500,201.674139
-54.0,500,201.750812
-50.8,500,201.826659
-56.5,500,201.906692
-54.7,500,201.983062
-48.9,500,202.05865
-55.7,500,202.136258
-53.9,500,202.215021
-55.8,500,202.291834
-57.8,500,202.368605
-56.6,500,202.445594
-54.0,500,202.56404
-53.8,500,202.641902
-52.1,500,202.717857
-54.9,500,202.794826
-49.8,500,202.874729
-52.1,500,202.951522
-51.4,500,203.026458
-51.7,500,203.103274
-50.2,500,203.18241
-57.2,500,203.25952
-52.5,500,203.336709
-49.8,500,203.413738
-55.2,500,203.493282
-52.3,500,203.569745
-55.9,500,203.647103
-50.9,500,203.724657
-54.1,500,203.802539
-55.0,500,203.879935
-50.2,500,203.958023
-52.6,500,204.034943
-52.9,500,204.114635
-51.6,500,204.192022
-49.6,500,204.269399
-58.4,500,204.346441
-53.5,500,204.425623
-53.1,500,204.504017
-51.5,500,204.580473
-50.6,500,204.657303
-50.1,500,204.736975
-50.7,500,204.815872
-54.8,500,204.892649
-52.1,500,204.970079
-54.4,500,205.049689
-54.9,500,205.127474
-55.4,500,205.204118
-54.8,500,205.2816
-50.6,500,205.36044
-52.6,500,205.437644
-52.4,500,205.515172
-48.7,500,205.591971
-53.8,500,205.672612
-48.9,500,205.749702
-50.1,500,205.827682
-50.4,500,205.906262
-50.3,500,205.987591
-49.0,500,206.064824
-49.7,500,206.141636
-48.3,500,206.218638
-55.8,500,206.297763
-50.4,500,206.37567
-49.2,500,206.453298
-49.8,500,206.530284
-48.5,500,206.608142
-51.0,500,206.685832
-49.1,500,206.762906
-52.4,500,206.839691
-48.5,500,206.919088
-51.0,500,206.996607
-55.1,500,207.074406
-52.6,500,207.151011
-60.6,500,207.231445
-49.0,500,207.309441
-50.2,500,207.386287
-49.1,500,207.463367
-52.7,500,207.543326
-50.4,500,207.621904
-54.9,500,207.697856
-49.1,500,207.774979
-49.0,500,207.854275
-54.0,500,207.930714
-48.7,500,208.008753
-50.7,500,208.086258
-49.3,500,208.165646
-56.0,500,208.242519
-51.9,500,208.320525
-50.6,500,208.39781
-52.9,500,208.476148
-62.5,500,208.55443
-55.1,500,208.632323
-49.7,500,208.708735
-52.7,500,208.78865
-53.6,500,208.866639
-50.6,500,208.944143
-54.5,500,209.020356
-50.4,500,209.099729
-56.6,500,209.177791
-51.2,500,209.254846
-49.7,500,209.331045
-50.7,500,209.411407
-49.1,500,209.489818
-49.4,500,209.566643
-52.6,500,209.644511
-51.0,500,209.724761
-50.9,500,209.802735
-49.7,500,209.879796
-52.3,500,209.957837
-54.1,500,210.03799
-56.4,500,210.116124
-50.6,500,210.193519
-50.0,500,210.271557
-53.2,500,210.352678
-60.2,500,210.429808
-52.3,500,210.508153
-50.8,500,210.586056
-50.4,500,210.666418
-55.3,500,210.743829
-55.1,500,210.822149
-51.3,500,210.900242
-51.3,500,210.981939
-49.8,500,211.06056
-50.2,500,211.13869
-51.0,500,211.215934
-56.7,500,211.295575
-56.2,500,211.372874
-54.7,500,211.450127
-49.8,500,211.526996
-52.5,500,211.606341
-52.6,500,211.684053
-49.3,500,211.760536
-56.4,500,211.837573
-49.6,500,211.917559
-50.5,500,211.995937
-50.5,500,212.072966
-52.5,500,212.150422
-55.0,500,212.231002
-52.4,500,212.309163
-51.6,500,212.385779
-56.4,500,212.463505
-57.5,500,212.543916
-53.6,500,212.622302
-56.6,500,212.699208
-56.4,500,212.777355
-53.8,500,212.857839
-51.9,500,212.935189
-51.1,500,213.012988
-55.4,500,213.091029
-50.0,500,213.170271
-53.4,500,213.248259
-49.4,500,213.326113
-60.2,500,213.404394
-50.2,500,213.485197
-59.2,500,213.56228
-60.0,500,213.64057
-58.8,500,213.719107
-53.8,500,213.799233
-54.6,500,213.876947
-53.6,500,213.955271
-52.2,500,214.032734
-54.0,500,214.112078
-53.3,500,214.190118
-54.5,500,214.268699
-54.0,500,214.346087
-52.6,500,214.424937
-52.5,500,214.503042
-54.2,500,214.581273
-54.3,500,214.658597
-54.2,500,214.738583
-58.2,500,214.817108
-51.5,500,214.894719
-55.2,500,214.971937
-49.7,500,215.052178
-54.4,500,215.130145
-56.6,500,215.208407
-57.8,500,215.285463
-59.2,500,215.365667
-54.4,500,215.444533
-55.9,500,215.523165
-64.9,500,215.600278
-63.5,500,215.680364
-60.9,500,215.758982
-55.5,500,215.836079
-59.9,500,215.915056
-58.7,500,215.998048
-61.3,500,216.076785
-60.1,500,216.154607
-57.7,500,216.233167
-65.0,500,216.314353
-65.2,500,216.393047
-65.9,500,216.470428
-61.7,500,216.54945
-53.2,500,216.630567
-54.8,500,216.707788
-55.8,500,216.78673
-52.2,500,216.865262
-51.3,500,216.944944
-56.7,500,217.022172
-58.9,500,217.100844
-57.0,500,217.178961
-53.6,500,217.259133
-56.4,500,217.336864
-50.9,500,217.415495
-52.5,500,217.49336
-53.0,500,217.573549
-54.4,500,217.652426
-51.4,500,217.731224
-52.4,500,217.809207
-56.8,500,217.890032
-49.4,500,217.968524
-51.9,500,218.047518
-50.2,500,218.125493
-50.3,500,218.205965
-49.6,500,218.285111
-52.0,500,218.364005
-51.4,500,218.442338
-53.7,500,218.521152
-52.3,500,218.599476
-51.7,500,218.677515
-51.0,500,218.755152
-51.8,500,218.834173
-48.3,500,218.912993
-48.5,500,218.990683
-51.9,500,219.068285
-52.1,500,219.149674
-49.1,500,219.227926
-51.0,500,219.305566
-51.8,500,219.384093
-49.7,500,219.466251
-51.5,500,219.544921
-50.5,500,219.622753
-49.3,500,219.700789
-48.9,500,219.782707
-50.0,500,219.861469
-48.4,500,219.937988
-48.0,500,220.017157
-49.2,500,220.097421
-50.9,500,220.176456
-48.0,500,220.255717
-53.1,500,220.36842
-49.4,500,220.449715
-48.0,500,220.527982
-51.7,500,220.604812
-50.1,500,220.683097
-51.2,500,220.764615
-55.4,500,220.843151
-49.3,500,220.920268
-51.7,500,220.999393
-56.3,500,221.080655
-48.2,500,221.159732
-51.8,500,221.237634
-55.8,500,221.316462
-50.0,500,221.397355
-49.1,500,221.475539
-50.5,500,221.553052
-49.5,500,221.630933
-48.5,500,221.710278
-47.3,500,221.788231
-48.3,500,221.867316
-50.1,500,221.946198
-51.4,500,222.028324
-49.0,500,222.106739
-49.9,500,222.185492
-49.4,500,222.263742
-49.4,500,222.344913
-49.4,500,222.422816
-56.0,500,222.502075
-52.3,500,222.5812
-52.5,500,222.660579
-49.0,500,222.738836
-50.8,500,222.817597
-52.7,500,222.895089
-48.2,500,222.975512
-47.4,500,223.054245
-49.3,500,223.132023
-50.3,500,223.210149
-52.5,500,223.290442
-52.6,500,223.369769
-51.1,500,223.449001
-55.6,500,223.52701
-48.7,500,223.608287
-54.3,500,223.686932
-51.1,500,223.765773
-54.3,500,223.844087
-50.0,500,223.925638
-49.2,500,224.004162
-48.2,500,224.080875
-53.8,500,224.159596
-48.6,500,224.240519
-50.9,500,224.31855
-60.4,500,224.396055
-58.2,500,224.475021
-50.4,500,224.555859
-55.8,500,224.633989
-53.3,500,224.71293
-56.0,500,224.792159
-51.6,500,224.873396
-50.4,500,224.951296
-52.2,500,225.029327
-60.9,500,225.10957
-52.2,500,225.190334
-51.4,500,225.268856
-49.6,500,225.348073
-52.8,500,225.426858
-48.8,500,225.507392
-52.8,500,225.585123
-52.2,500,225.663443
-48.9,500,225.741786
-54.6,500,225.82258
-53.7,500,225.901753
-51.3,500,225.980653
-53.9,500,226.062263
-55.7,500,226.143662
-54.2,500,226.222904
-56.6,500,226.301427
-62.1,500,226.380241
-58.5,500,226.460157
-62.7,500,226.539632
-58.1,500,226.618585
-53.9,500,226.696723
-67.6,500,226.777093
-58.3,500,226.856873
-64.7,500,226.936263
-62.2,500,227.015325
-58.2,500,227.096453
-53.4,500,227.175271
-53.1,500,227.253265
-69.6,500,227.333392
-61.6,500,227.418908
-62.3,500,227.50144
-61.5,500,227.580138
-62.9,500,227.660439
-50.5,500,227.742511
-60.0,500,227.822057
-55.4,500,227.900272
-56.8,500,227.979766
-54.0,500,228.060745
-51.8,500,228.140214
-68.6,500,228.21922
-54.1,500,228.298554
-57.7,500,228.380261
-56.9,500,228.460163
-52.6,500,228.53914
-53.4,500,228.618095
-49.6,500,228.699141
-57.2,500,228.777409
-66.7,500,228.857255
-53.6,500,228.936095
-61.8,500,229.017411
-51.6,500,229.095998
-57.2,500,229.175254
-57.3,500,229.25458
-50.6,500,229.335781
-49.4,500,229.413631
-49.7,500,229.492895
-49.4,500,229.571327
-50.6,500,229.652371
-48.9,500,229.730271
-54.7,500,229.80974
-55.8,500,229.888887
-57.9,500,229.97084
-49.9,500,230.04954
-51.2,500,230.128596
-50.5,500,230.206784
-53.3,500,230.288264
-49.6,500,230.366737
-55.5,500,230.445615
-55.1,500,230.525105
-50.4,500,230.605719
-49.0,500,230.684174
-49.3,500,230.763491
-52.2,500,230.842871
-50.4,500,230.9242
-47.3,500,231.004468
-56.7,500,231.085236
-59.0,500,231.164775
-56.1,500,231.245786
-49.0,500,231.324832
-51.5,500,231.404594
-50.4,500,231.484793
-51.0,500,231.565973
-52.6,500,231.645465
-54.0,500,231.724884
-48.9,500,231.80422
-51.4,500,231.884518
-53.5,500,231.964983
-51.2,500,232.043847
-51.1,500,232.122758
-55.7,500,232.203237
-58.9,500,232.283304
-47.9,500,232.363143
-52.2,500,232.441676
-53.0,500,232.524234
-48.4,500,232.603282
-53.5,500,232.682563
-48.9,500,232.760754
-49.0,500,232.840511
-48.8,500,232.920304
-50.8,500,232.999412
-49.6,500,233.077267
-53.6,500,233.158932
-52.2,500,233.238758
-51.8,500,233.318161
-48.2,500,233.39718
-50.6,500,233.478379
-54.7,500,233.557929
-53.6,500,233.637265
-55.6,500,233.71571
-47.5,500,233.797217
-55.1,500,233.876969
-51.9,500,233.955937
-55.2,500,234.034495
-58.4,500,234.116734
-53.8,500,234.196247
-49.5,500,234.274234
-56.4,500,234.353033
-51.4,500,234.434374
-51.0,500,234.514626
-55.8,500,234.592615
-51.8,500,234.672049
-60.1,500,234.754803
-48.8,500,234.835311
-62.0,500,234.913881
-50.7,500,234.9946
-49.9,500,235.076819
-51.9,500,235.15609
-46.9,500,235.234376
-50.2,500,235.314383
-53.2,500,235.395826
-58.2,500,235.475338
-53.9,500,235.5546
-57.2,500,235.633967
-51.6,500,235.716565
-56.0,500,235.797054
-48.8,500,235.876328
-55.1,500,235.958511
-53.5,500,236.041097
-48.9,500,236.120871
-50.3,500,236.200085
-50.2,500,236.279392
-50.1,500,236.361322
-51.3,500,236.441152
-49.2,500,236.51951
-50.5,500,236.598787
-47.8,500,236.681347
-54.6,500,236.760496
-51.8,500,236.840122
-55.4,500,236.91965
-52.1,500,237.001453
-47.3,500,237.080903
-47.8,500,237.16049
-48.7,500,237.240189
-48.0,500,237.322381
-48.6,500,237.401219
-51.6,500,237.48097
-49.7,500,237.559865
-53.7,500,237.640806
-49.3,500,237.720369
-47.9,500,237.799852
-47.6,500,237.879932
-49.9,500,237.960382
-48.0,500,238.053424
-49.2,500,238.14944
-54.6,500,238.229202
-48.2,500,238.310938
-48.0,500,238.389445
-49.7,500,238.46879
-48.3,500,238.547341
-53.7,500,238.628197
-50.5,500,238.706401
-48.1,500,238.785709
-55.2,500,238.865517
-47.8,500,238.947488
-52.4,500,239.026992
-48.7,500,239.106833
-47.9,500,239.18665
-54.8,500,239.268411
-49.0,500,239.346804
-48.8,500,239.426504
-49.8,500,239.506141
-46.8,500,239.587367
-52.2,500,239.66709
-47.9,500,239.747154
-54.0,500,239.827142
-52.3,500,239.908839
-51.6,500,239.988204
-48.5,500,240.067569
-50.7,500,240.146635
-48.5,500,240.227178
-50.0,500,240.306844
-49.5,500,240.38664
-49.1,500,240.467059
-48.4,500,240.54833
-50.6,500,240.628113
-49.5,500,240.707166
-47.9,500,240.786824
-48.4,500,240.869505
-49.4,500,240.956594
-49.6,500,241.039009
-49.0,500,241.11824
-51.2,500,241.19924
-52.1,500,241.278907
-48.7,500,241.357996
-47.5,500,241.437041
-49.0,500,241.518446
-48.4,500,241.598394
-48.4,500,241.676943
-48.1,500,241.754785
-50.6,500,241.835989
-49.7,500,241.915302
-48.1,500,241.994652
-48.2,500,242.073484
-50.8,500,242.15604
-50.1,500,242.2351
-47.4,500,242.31486
-53.7,500,242.39432
-51.5,500,242.47586
-48.2,500,242.555049
-48.8,500,242.634202
-50.0,500,242.712804
-52.4,500,242.795051
-51.5,500,242.875337
-47.4,500,242.954426
-55.1,500,243.0334
-48.2,500,243.115377
-50.1,500,243.194784
-50.3,500,243.273367
-50.5,500,243.353054
-48.4,500,243.434358
-50.6,500,243.514207
-49.5,500,243.593275
-51.5,500,243.673459
-56.8,500,243.755971
-49.6,500,243.835826
-49.4,500,243.914551
-50.5,500,243.994507
-50.1,500,244.076041
-50.4,500,244.156302
-49.4,500,244.234621
-50.1,500,244.314899
-50.7,500,244.396788
-53.2,500,244.477019
-50.9,500,244.555702
-53.0,500,244.635619
-60.1,500,244.718058
-53.9,500,244.797174
-49.3,500,244.876139
-48.3,500,244.955672
-58.9,500,245.038244
-48.1,500,245.117646
-47.5,500,245.196731
-51.3,500,245.276743
-52.8,500,245.359543
-51.6,500,245.438624
-48.2,500,245.518046
-48.3,500,245.59723
-47.8,500,245.678327
-49.4,500,245.757913
-54.8,500,245.838659
-51.2,500,245.919228
-47.8,500,246.001644
-47.1,500,246.0818
-49.8,500,246.162194
-54.3,500,246.241962
-48.3,500,246.324638
-59.2,500,246.404731
-51.8,500,246.48499
-53.1,500,246.56473
-54.0,500,246.64732
-56.4,500,246.727046
-49.5,500,246.807146
-51.8,500,246.894589
-53.9,500,246.989623
-54.8,500,247.077543
-53.0,500,247.168018
-54.7,500,247.251837
-48.2,500,247.350255
-51.3,500,247.438322
-48.5,500,247.523687
-53.2,500,247.610692
-53.6,500,247.693277
-50.7,500,247.773171
-49.0,500,247.853172
-53.1,500,247.933039
-48.8,500,248.015864
-53.7,500,248.097209
-48.7,500,248.17821
-48.5,500,248.258043
-51.6,500,248.340506
-50.2,500,248.420369
-47.6,500,248.499815
-51.6,500,248.578381
-53.5,500,248.662282
-61.5,500,248.745564
-53.3,500,248.842045
-53.3,500,248.924142
-50.3,500,249.005789
-57.2,500,249.086052
-51.6,500,249.166718
-56.1,500,249.246248
-52.3,500,249.327448
-48.0,500,249.407925
-53.0,500,249.488169
-49.9,500,249.567385
-48.6,500,249.648852
-49.0,500,249.730114
-52.5,500,249.80969
-50.0,500,249.889486
-49.5,500,249.970596
-55.0,500,250.05111
-51.2,500,250.131366
-48.5,500,250.210823
-47.4,500,250.29319
-52.4,500,250.373679
-52.2,500,250.453957
-55.7,500,250.533414
-49.3,500,250.613696
-50.3,500,250.694929
-50.7,500,250.775084
-51.3,500,250.854763
-52.2,500,250.936433
-51.0,500,251.017575
-51.0,500,251.09781
-49.5,500,251.177775
-52.9,500,251.26033
-51.5,500,251.34148
-56.9,500,251.422108
-54.4,500,251.501071
-49.6,500,251.583723
-59.8,500,251.664004
-51.8,500,251.744585
-49.1,500,251.82387
-51.4,500,251.90717
-68.0,500,251.988092
-51.6,500,252.06816
-51.1,500,252.147507
-48.9,500,252.230462
-62.7,500,252.311421
-48.4,500,252.39121
-55.0,500,252.470916
-60.0,500,252.553936
-59.7,500,252.635431
-66.8,500,252.715867
-47.9,500,252.795526
-49.2,500,252.879012
-53.4,500,252.959218
-53.9,500,253.038448
-47.7,500,253.118733
-50.5,500,253.201402
-54.8,500,253.282264
-48.6,500,253.361342
-47.6,500,253.441404
-48.4,500,253.524745
-54.0,500,253.605341
-51.5,500,253.685357
-62.4,500,253.765658
-48.5,500,253.848649
-57.1,500,253.929405
-48.6,500,254.008156
-50.9,500,254.088646
-48.9,500,254.170831
-46.8,500,254.251492
-55.3,500,254.331123
-59.8,500,254.412006
-65.9,500,254.494942
-52.5,500,254.574926
-55.3,500,254.654187
-57.8,500,254.734232
-51.5,500,254.81632
-59.5,500,254.896503
-48.0,500,254.976431
-50.3,500,255.056831
-53.8,500,255.139417
-56.8,500,255.220232
-58.8,500,255.300257
-52.2,500,255.380816
-47.5,500,255.463404
-51.5,500,255.543066
-48.0,500,255.62292
-48.9,500,255.703969
-50.7,500,255.787306
-48.7,500,255.867856
-48.8,500,255.947818
-48.6,500,256.029697
-48.6,500,256.112679
-48.2,500,256.22329
-47.5,500,256.308752
-49.5,500,256.388501
-54.9,500,256.471686
-51.2,500,256.55293
-47.6,500,256.632698
-49.2,500,256.712494
-58.0,500,256.796099
-48.9,500,256.876852
-47.0,500,256.957084
-51.3,500,257.03697
-53.5,500,257.119342
-56.0,500,257.200288
-48.6,500,257.279695
-65.5,500,257.35974
-47.5,500,257.44236
-49.5,500,257.523428
-54.6,500,257.602939
-49.8,500,257.683015
-57.1,500,257.766271
-54.0,500,257.847165
-50.6,500,257.926637
-52.7,500,258.007476
-48.4,500,258.090433
-52.0,500,258.171306
-48.7,500,258.250029
-51.8,500,258.330363
-49.0,500,258.41383
-53.7,500,258.494144
-49.8,500,258.573051
-50.1,500,258.653415
-47.7,500,258.736136
-50.9,500,258.816412
-48.0,500,258.895836
-48.0,500,258.975865
-47.4,500,259.059014
-47.5,500,259.139772
-50.1,500,259.219264
-48.1,500,259.299903
-53.1,500,259.383602
-47.9,500,259.464476
-50.8,500,259.543848
-51.2,500,259.62416
-48.7,500,259.707849
-48.0,500,259.787532
-48.2,500,259.868174
-48.0,500,259.948131
-48.6,500,260.031708
-48.0,500,260.111868
-51.6,500,260.192694
-52.1,500,260.273189
-50.6,500,260.356152
-47.6,500,260.43488
-47.3,500,260.515551
-48.7,500,260.596453
-53.0,500,260.6821
-53.9,500,260.768908
-48.8,500,260.849705
-48.9,500,260.931524
-52.4,500,261.016782
-50.0,500,261.098146
-50.2,500,261.179108
-47.3,500,261.260193
-48.7,500,261.343281
-52.7,500,261.423335
-52.1,500,261.502915
-53.8,500,261.583359
-58.3,500,261.66841
-50.3,500,261.750393
-48.1,500,261.830698
-57.2,500,261.910664
-48.6,500,261.992968
-54.4,500,262.073518
-47.8,500,262.15233
-47.4,500,262.233555
-50.8,500,262.316995
-50.8,500,262.398648
-48.5,500,262.482877
-49.6,500,262.564115
-48.2,500,262.647422
-54.7,500,262.728631
-50.7,500,262.808827
-47.9,500,262.890508
-49.1,500,262.973476
-50.5,500,263.054837
-49.6,500,263.134548
-47.0,500,263.215919
-48.0,500,263.299931
-47.6,500,263.381215
-48.0,500,263.460294
-48.5,500,263.541002
-49.8,500,263.624242
-47.5,500,263.705415
-51.0,500,263.785089
-51.4,500,263.866056
-50.5,500,263.950247
-49.8,500,264.031505
-48.0,500,264.111373
-48.3,500,264.192373
-48.0,500,264.275595
-51.2,500,264.357092
-47.6,500,264.436701
-48.4,500,264.518102
-49.7,500,264.601035
-50.5,500,264.68205
-53.2,500,264.762657
-47.7,500,264.843596
-52.3,500,264.92817
-47.6,500,265.008356
-50.5,500,265.087723
-47.4,500,265.169208
-47.5,500,265.251389
-49.5,500,265.331843
-54.3,500,265.411852
-51.2,500,265.492751
-50.2,500,265.576217
-53.6,500,265.657612
-47.4,500,265.737477
-48.8,500,265.818473
-51.2,500,265.901937
-48.5,500,265.982895
-53.7,500,266.064869
-51.4,500,266.146126
-49.6,500,266.22994
-47.7,500,266.312131
-46.9,500,266.392628
-50.9,500,266.474134
-60.0,500,266.558652
-49.8,500,266.640191
-52.5,500,266.719579
-47.2,500,266.801455
-53.6,500,266.885112
-47.6,500,266.96628
-48.4,500,267.046004
-48.3,500,267.12657
-47.6,500,267.209833
-52.5,500,267.291886
-50.7,500,267.371645
-47.3,500,267.453184
-47.5,500,267.537459
-48.1,500,267.618364
-50.4,500,267.698187
-51.3,500,267.780143
-47.1,500,267.863835
-48.8,500,267.945637
-53.1,500,268.025808
-49.6,500,268.10753
-49.8,500,268.192063
-47.6,500,268.272645
-47.5,500,268.35293
-47.3,500,268.433855
-50.7,500,268.517683
-49.5,500,268.599781
-47.8,500,268.680781
-47.3,500,268.760856
-48.9,500,268.844766
-49.2,500,268.926059
-48.8,500,269.005646
-47.9,500,269.086951
-49.3,500,269.170629
-53.2,500,269.252334
-47.8,500,269.332016
-50.4,500,269.413083
-47.5,500,269.496498
-47.3,500,269.577464
-51.7,500,269.657753
-46.8,500,269.738756
-50.6,500,269.822685
-58.3,500,269.905258
-52.5,500,269.984911
-50.6,500,270.066833
-55.4,500,270.150642
-56.1,500,270.231934
-51.2,500,270.312043
-47.7,500,270.393587
-48.2,500,270.476755
-60.5,500,270.558643
-54.6,500,270.638956
-49.6,500,270.719678
-53.7,500,270.803971
-56.5,500,270.886268
-56.4,500,270.967725
-53.9,500,271.049993
-53.7,500,271.134008
-56.2,500,271.215202
-54.9,500,271.29608
-60.1,500,271.377193
-49.7,500,271.4611
-50.5,500,271.542833
-50.4,500,271.623864
-48.0,500,271.704224
-50.4,500,271.788226
-48.3,500,271.869926
-49.3,500,271.950914
-47.4,500,272.031657
-48.3,500,272.115333
-48.2,500,272.196458
-48.3,500,272.27784
-48.4,500,272.358232
-48.6,500,272.442379
-48.3,500,272.523935
-55.4,500,272.605297
-52.7,500,272.686081
-53.4,500,272.769954
-48.3,500,272.852077
-48.2,500,272.932789
-51.6,500,273.013408
-47.8,500,273.097755
-49.4,500,273.179811
-47.0,500,273.261728
-46.9,500,273.342809
-47.0,500,273.426061
-53.3,500,273.507349
-56.5,500,273.588403
-52.1,500,273.670058
-47.8,500,273.754066
-47.0,500,273.835732
-52.9,500,273.917985
-47.6,500,273.999804
-46.9,500,274.097366
-48.4,500,274.180103
-47.1,500,274.261478
-50.8,500,274.343168
-50.3,500,274.425824
-52.5,500,274.507104
-47.2,500,274.588183
-53.2,500,274.669659
-51.1,500,274.754364
-50.0,500,274.836195
-48.8,500,274.948997
-47.9,500,275.030206
-50.2,500,275.113866
-60.4,500,275.19617
-47.3,500,275.275859
-48.2,500,275.357871
-46.8,500,275.441142
-52.1,500,275.522255
-49.4,500,275.603041
-48.0,500,275.684444
-47.2,500,275.767829
-47.9,500,275.849088
-46.8,500,275.929425
-51.4,500,276.011002
-47.2,500,276.096005
-47.1,500,276.177849
-53.8,500,276.258647
-47.7,500,276.340636
-58.1,500,276.425744
-48.0,500,276.506992
-47.1,500,276.587251
-49.5,500,276.66856
-48.2,500,276.752554
-47.4,500,276.834348
-47.3,500,276.916761
-51.0,500,276.9982
-49.7,500,277.085516
-49.0,500,277.166633
-52.8,500,277.247345
-46.8,500,277.328765
-47.6,500,277.41301
-47.5,500,277.494124
-48.0,500,277.574889
-47.2,500,277.656197
-49.9,500,277.742964
-47.1,500,277.825242
-54.2,500,277.905867
-49.8,500,277.987556
-53.6,500,278.071927
-47.9,500,278.153122
-48.4,500,278.233425
-48.1,500,278.315231
-47.3,500,278.399603
-52.5,500,278.483144
-47.5,500,278.564082
-47.9,500,278.646796
-50.6,500,278.730912
-55.0,500,278.812649
-47.4,500,278.892959
-49.7,500,278.974552
-47.9,500,279.058166
-48.6,500,279.139551
-51.3,500,279.220533
-47.1,500,279.302296
-54.2,500,279.386339
-47.0,500,279.46827
-47.5,500,279.548287
-46.9,500,279.63036
-48.1,500,279.714066
-51.2,500,279.79569
-55.8,500,279.876714
-47.1,500,279.958821
-47.1,500,280.042205
-50.4,500,280.124025
-50.2,500,280.205135
-53.1,500,280.286754
-57.0,500,280.371108
-48.0,500,280.452678
-47.1,500,280.533678
-51.1,500,280.615664
-50.5,500,280.699954
-47.3,500,280.781466
-49.0,500,280.863129
-46.7,500,280.945538
-49.0,500,281.030918
-51.7,500,281.112938
-49.2,500,281.192658
-46.8,500,281.274436
-47.2,500,281.359029
-63.7,500,281.440536
-55.5,500,281.521541
-48.2,500,281.603066
-56.2,500,281.6873
-47.4,500,281.769206
-47.1,500,281.849445
-47.7,500,281.931049
-46.9,500,282.014687
-47.7,500,282.096195
-47.7,500,282.177505
-49.5,500,282.259465
-47.2,500,282.343426
-49.1,500,282.42539
-46.9,500,282.506129
-47.2,500,282.588694
-52.1,500,282.672711
-48.8,500,282.754382
-47.5,500,282.835737
-52.3,500,282.916818
-54.1,500,283.001024
-47.1,500,283.083712
-48.9,500,283.166646
-48.5,500,283.247729
-47.8,500,283.331062
-54.5,500,283.41327
-49.1,500,283.494839
-50.6,500,283.575962
-50.7,500,283.659325
-60.0,500,283.741586
-50.3,500,283.824013
-46.8,500,283.905459
-55.0,500,283.990027
-47.8,500,284.07254
-47.6,500,284.154883
-47.2,500,284.236338
-51.8,500,284.319783
-47.3,500,284.404403
-51.1,500,284.487062
-47.0,500,284.569016
-46.9,500,284.652709
-53.8,500,284.735684
-50.0,500,284.817925
-47.1,500,284.900455
-47.4,500,284.983517
-47.2,500,285.065733
-47.9,500,285.147638
-53.7,500,285.229502
-51.9,500,285.312997
-49.5,500,285.395678
-48.7,500,285.478265
-47.7,500,285.559787
-50.7,500,285.643222
-47.6,500,285.724854
-51.4,500,285.806964
-49.3,500,285.889277
-47.4,500,285.97269
-46.9,500,286.057158
-47.0,500,286.139356
-59.2,500,286.221165
-47.2,500,286.305591
-47.7,500,286.387833
-49.6,500,286.470429
-52.5,500,286.552622
-48.1,500,286.636424
-47.5,500,286.717408
-47.4,500,286.79967
-52.8,500,286.881549
-49.6,500,286.965865
-51.6,500,287.047353
-56.9,500,287.129759
-47.3,500,287.211803
-47.2,500,287.296263
-47.3,500,287.377172
-47.3,500,287.459247
-48.1,500,287.540416
-48.3,500,287.624456
-47.5,500,287.706145
-47.3,500,287.788779
-47.3,500,287.870524
-47.2,500,287.955634
-62.7,500,288.037413
-49.5,500,288.119907
-57.1,500,288.202399
-51.3,500,288.286652
-49.3,500,288.368745
-51.3,500,288.451594
-52.4,500,288.534288
-50.5,500,288.618541
-54.2,500,288.700752
-48.9,500,288.783481
-51.4,500,288.865889
-57.6,500,288.950597
-52.1,500,289.03319
-46.8,500,289.114633
-47.0,500,289.197164
-47.1,500,289.281996
-47.3,500,289.364097
-46.8,500,289.446051
-47.3,500,289.528452
-47.0,500,289.614043
-46.5,500,289.696914
-47.0,500,289.778202
-47.0,500,289.86105
-49.7,500,289.945727
-47.6,500,290.02817
-46.9,500,290.109496
-51.1,500,290.191777
-46.8,500,290.27639
-47.2,500,290.358705
-46.9,500,290.440635
-46.6,500,290.523368
-56.6,500,290.608534
-46.8,500,290.69129
-47.4,500,290.772832
-46.7,500,290.855649
-46.9,500,290.940299
-47.5,500,291.022997
-46.8,500,291.106879
-46.6,500,291.188099
-47.0,500,291.272436
-47.6,500,291.35493
-47.9,500,291.437447
-46.8,500,291.519316
-50.0,500,291.604409
-51.5,500,291.687326
-66.6,500,291.769993
-47.0,500,291.850827
-46.8,500,291.934345
-47.0,500,292.017216
-66.9,500,292.100064
-47.2,500,292.181867
-48.1,500,292.266262
-46.7,500,292.349224
-63.1,500,292.431688
-46.8,500,292.513127
-47.2,500,292.596753
-47.4,500,292.679562
-47.3,500,292.761792
-54.4,500,292.844233
-48.9,500,292.962265
-47.1,500,293.043462
-47.3,500,293.125837
-48.1,500,293.207868
-46.7,500,293.292789
-47.6,500,293.374562
-62.1,500,293.457187
-50.7,500,293.539599
-49.3,500,293.62474
-46.9,500,293.707411
-51.3,500,293.789983
-46.7,500,293.872888
-61.0,500,293.957931
-48.9,500,294.040627
-49.6,500,294.121575
-46.7,500,294.203905
-55.5,500,294.288679
-46.8,500,294.372056
-46.5,500,294.454232
-46.8,500,294.537106
-46.8,500,294.624314
-47.0,500,294.707375
-47.3,500,294.78828
-53.0,500,294.870543
-46.9,500,294.954897
-48.5,500,295.036923
-48.7,500,295.119048
-47.2,500,295.200352
-50.2,500,295.285436
-46.7,500,295.367982
-58.0,500,295.449349
-46.9,500,295.53114
-47.3,500,295.615727
-47.6,500,295.697547
-48.2,500,295.780665
-51.3,500,295.862208
-51.8,500,295.946301
-49.9,500,296.030453
-57.0,500,296.11437
-47.0,500,296.19687
-47.0,500,296.281014
-46.9,500,296.363358
-47.0,500,296.445339
-46.8,500,296.527785
-49.2,500,296.611328
-46.8,500,296.693885
-60.8,500,296.777117
-46.7,500,296.859999
-47.4,500,296.943282
-47.3,500,297.025591
-46.9,500,297.107993
-46.8,500,297.190113
-47.0,500,297.273558
-51.1,500,297.356281
-53.8,500,297.439005
-47.0,500,297.521361
-46.7,500,297.605042
-46.8,500,297.687974
-47.6,500,297.77065
-47.1,500,297.852883
-46.9,500,297.937555
-46.8,500,298.019233
-47.1,500,298.101618
-47.1,500,298.184036
-49.6,500,298.268609
-47.7,500,298.351152
-56.3,500,298.433587
-48.0,500,298.5159
-50.7,500,298.600477
-47.5,500,298.68148
-47.6,500,298.76383
-47.0,500,298.846536
-46.9,500,298.931136
-47.2,500,299.013175
-47.3,500,299.096042
-47.5,500,299.178601
-51.2,500,299.263279
-50.9,500,299.345226
-47.7,500,299.42831
-48.6,500,299.510562
-51.2,500,299.595652
-47.8,500,299.677207
-46.6,500,299.759348
-58.4,500,299.842471
-48.9,500,299.927845
-46.9,500,300.009038
-46.9,500,300.091879
-47.0,500,300.173738
-53.8,500,300.258302
-47.2,500,300.340755
-47.6,500,300.422394
-46.9,500,300.504904
-48.0,500,300.590075
-46.7,500,300.673072
-46.6,500,300.754997
-46.9,500,300.837418
-46.8,500,300.92254
-47.0,500,301.00522
-46.6,500,301.090339
-46.8,500,301.172576
-47.0,500,301.25795
-47.0,500,301.341348
-47.3,500,301.423789
-47.3,500,301.504847
-48.8,500,301.589503
-46.7,500,301.671898
-47.6,500,301.754541
-47.4,500,301.835968
-60.7,500,301.920118
-46.8,500,302.002885
-46.5,500,302.085743
-47.4,500,302.167574
-49.1,500,302.252376
-54.7,500,302.335357
-47.0,500,302.417819
-46.8,500,302.499415
-46.9,500,302.583
-47.5,500,302.665761
-47.3,500,302.748204
-58.9,500,302.830229
-47.0,500,302.914536
-47.6,500,302.997493
-54.0,500,303.079894
-46.7,500,303.162074
-46.6,500,303.245247
-47.1,500,303.327638
-47.6,500,303.409768
-46.8,500,303.492273
-46.7,500,303.577058
-46.8,500,303.6595
-46.6,500,303.742404
-46.6,500,303.824875
-47.5,500,303.910043
-47.3,500,303.991553
-46.8,500,304.074128
-46.9,500,304.15629
-47.1,500,304.241206
-47.0,500,304.322809
-47.8,500,304.405547
-46.9,500,304.488585
-47.0,500,304.573526
-46.8,500,304.654797
-47.8,500,304.737101
-47.1,500,304.820059
-47.1,500,304.904604
-46.9,500,304.985971
-47.5,500,305.068303
-50.5,500,305.151466
-46.9,500,305.236408
-47.1,500,305.318211
-47.5,500,305.400684
-47.8,500,305.482707
-50.8,500,305.567483
-47.3,500,305.650083
-47.1,500,305.731644
-47.1,500,305.814554
-47.9,500,305.899184
-47.1,500,305.981578
-46.8,500,306.064952
-47.2,500,306.147861
-46.9,500,306.233322
-60.0,500,306.316402
-47.4,500,306.397365
-51.9,500,306.480164
-46.6,500,306.56465
-48.3,500,306.647304
-47.7,500,306.728307
-48.1,500,306.811
-46.7,500,306.895581
-46.9,500,306.977837
-46.9,500,307.059574
-46.8,500,307.141631
-58.0,500,307.226931
-47.4,500,307.309397
-47.3,500,307.392047
-46.7,500,307.473807
-46.8,500,307.55891
-46.6,500,307.641543
-46.5,500,307.7241
-47.5,500,307.805523
-47.0,500,307.891667
-47.0,500,307.974433
-47.4,500,308.056453
-50.8,500,308.138356
-47.5,500,308.223389
-46.8,500,308.306527
-46.6,500,308.388889
-47.2,500,308.470246
-47.1,500,308.555151
-67.0,500,308.638286
-50.1,500,308.720229
-48.7,500,308.801662
-47.0,500,308.887137
-49.7,500,308.970358
-47.3,500,309.052469
-47.9,500,309.134217
-49.2,500,309.218211
-46.9,500,309.301089
-46.8,500,309.383777
-46.8,500,309.465478
-46.5,500,309.549463
-47.1,500,309.632419
-50.8,500,309.714973
-47.5,500,309.797558
-46.8,500,309.881539
-48.1,500,309.964157
-48.3,500,310.047226
-56.4,500,310.130042
-61.0,500,310.214697
-52.6,500,310.296601
-59.7,500,310.379467
-50.6,500,310.461477
-50.0,500,310.546152
-48.4,500,310.627751
-51.8,500,310.710227
-47.3,500,310.792911
-53.6,500,310.877412
-67.6,500,310.959843
-54.5,500,311.073944
-47.7,500,311.157097
-47.0,500,311.242666
-52.2,500,311.325707
-53.0,500,311.407123
-46.9,500,311.489485
-46.9,500,311.574538
-49.6,500,311.656969
-51.6,500,311.738332
-52.9,500,311.820055
-49.9,500,311.904829
-47.0,500,311.987607
-53.8,500,312.069351
-53.5,500,312.15081
-48.0,500,312.235251
-51.8,500,312.317864
-52.0,500,312.400174
-55.1,500,312.48186
-49.0,500,312.566204
-47.9,500,312.648505
-47.9,500,312.730972
-61.4,500,312.813527
-46.9,500,312.897218
-47.2,500,312.979402
-47.0,500,313.061681
-47.5,500,313.142893
-62.6,500,313.226395
-48.1,500,313.30853
-47.0,500,313.390555
-55.1,500,313.473244
-46.8,500,313.557097
-56.3,500,313.640171
-46.6,500,313.722979
-48.1,500,313.8054
-53.1,500,313.889193
-46.8,500,313.971777
-62.4,500,314.05465
-59.2,500,314.13734
-47.4,500,314.220871
-46.7,500,314.303731
-46.8,500,314.386447
-47.9,500,314.468363
-47.1,500,314.552979
-47.0,500,314.634973
-47.1,500,314.717388
-47.4,500,314.799886
-47.2,500,314.884118
-46.9,500,314.966714
-47.6,500,315.049527
-47.8,500,315.131923
-52.1,500,315.216412
-47.3,500,315.298251
-47.8,500,315.380748
-47.1,500,315.463203
-51.8,500,315.548045
-53.1,500,315.629652
-47.4,500,315.712255
-47.1,500,315.794559
-54.2,500,315.879808
-47.0,500,315.961901
-54.2,500,316.043938
-57.3,500,316.128508
-47.1,500,316.214125
-47.3,500,316.296093
-46.9,500,316.377456
-46.8,500,316.459941
-47.2,500,316.544598
-47.4,500,316.627158
-46.8,500,316.707864
-50.3,500,316.790325
-46.7,500,316.874555
-46.6,500,316.957407
-47.1,500,317.038781
-46.7,500,317.12167
-47.6,500,317.206326
-46.6,500,317.289152
-47.1,500,317.371712
-47.1,500,317.453399
-47.7,500,317.537415
-47.7,500,317.619871
-46.6,500,317.70167
-47.2,500,317.783657
-47.8,500,317.868428
-47.2,500,317.951163
-47.6,500,318.033388
-53.0,500,318.115378
-47.5,500,318.199784
-48.4,500,318.282257
-47.3,500,318.364857
-47.0,500,318.44642
-47.4,500,318.529816
-47.1,500,318.612427
-57.8,500,318.695165
-47.4,500,318.777297
-47.7,500,318.861424
-47.6,500,318.944101
-47.5,500,319.026613
-46.6,500,319.10856
-47.3,500,319.191574
-47.1,500,319.274155
-46.9,500,319.356892
-46.8,500,319.437932
-47.9,500,319.522678
-47.0,500,319.605636
-47.7,500,319.688303
-46.9,500,319.770254
-46.9,500,319.853875
-47.0,500,319.936517
-47.1,500,320.018645
-47.8,500,320.100628
-47.0,500,320.183719
-47.4,500,320.267002
-48.0,500,320.349351
-47.5,500,320.431675
-47.2,500,320.515284
-46.9,500,320.597785
-47.4,500,320.680319
-59.9,500,320.76301
-54.0,500,320.846889
-46.6,500,320.929488
-46.6,500,321.011991
-47.1,500,321.09608
-46.9,500,321.180434
-47.7,500,321.263205
-46.8,500,321.3455
-47.4,500,321.428236
-46.9,500,321.513348
-47.8,500,321.595253
-46.7,500,321.678265
-50.4,500,321.761041
-47.4,500,321.845553
-46.7,500,321.926874
-47.6,500,322.009331
-48.4,500,322.092037
-46.7,500,322.17678
-46.9,500,322.258695
-47.6,500,322.34156
-47.0,500,322.424326
-51.7,500,322.509457
-47.1,500,322.59089
-47.1,500,322.673925
-46.8,500,322.756167
-46.7,500,322.840932
-50.7,500,322.923601
-46.9,500,323.005408
-47.0,500,323.087883
-46.9,500,323.17219
-61.1,500,323.25469
-47.7,500,323.336229
-48.1,500,323.419117
-47.0,500,323.503438
-47.3,500,323.586679
-46.7,500,323.668371
-46.8,500,323.750922
-46.8,500,323.836217
-46.9,500,323.918616
-46.9,500,324.000804
-46.8,500,324.08325
-47.5,500,324.167807
-47.5,500,324.250572
-46.9,500,324.332616
-47.1,500,324.414322
-48.1,500,324.499514
-46.8,500,324.58228
-47.1,500,324.664866
-47.5,500,324.74682
-46.8,500,324.83203
-46.8,500,324.915026
-48.6,500,324.997363
-46.9,500,325.078777
-58.4,500,325.163575
-47.9,500,325.245995
-47.1,500,325.328193
-47.9,500,325.410044
-47.7,500,325.49458
-55.0,500,325.577707
-53.9,500,325.660367
-46.6,500,325.741308
-46.9,500,325.825971
-46.8,500,325.910445
-61.9,500,325.993073
-47.1,500,326.07573
-47.6,500,326.160671
-47.8,500,326.243384
-54.0,500,326.326099
-47.3,500,326.408756
-47.5,500,326.492105
-47.4,500,326.575051
-46.5,500,326.65739
-55.2,500,326.739703
-47.3,500,326.822999
-49.2,500,326.906378
-47.1,500,326.988764
-51.2,500,327.07091
-47.2,500,327.155483
-47.5,500,327.23793
-49.1,500,327.32105
-47.1,500,327.403784
-47.4,500,327.487151
-47.4,500,327.569912
-46.6,500,327.652068
-49.6,500,327.734011
-47.5,500,327.81768
-47.4,500,327.900593
-48.0,500,327.983209
-47.6,500,328.065754
-47.1,500,328.15029
-48.0,500,328.231925
-47.4,500,328.314851
-47.2,500,328.397623
-47.6,500,328.482226
-53.9,500,328.564982
-76.6,500,328.648582
-46.7,500,328.731564
-48.1,500,328.816578
-47.2,500,328.898925
-46.6,500,328.980335
-47.3,500,329.062794
-48.0,500,329.147309
-47.0,500,329.229894
-48.2,500,329.311022
-47.0,500,329.394018
-46.9,500,329.479595
-46.5,500,329.562338
-54.6,500,329.643665
-47.6,500,329.726219
-50.7,500,329.810954
-47.3,500,329.893269
-46.6,500,329.975695
-51.0,500,330.057791
-48.2,500,330.142366
-46.8,500,330.225224
-48.6,500,330.307454
-62.1,500,330.422652
-48.1,500,330.506269
-46.6,500,330.58867
-47.6,500,330.670774
-62.6,500,330.753599
-53.4,500,330.837145
-46.5,500,330.920436
-46.7,500,331.003121
-48.7,500,331.08653
-53.8,500,331.171982
-54.4,500,331.254341
-52.8,500,331.33665
-51.6,500,331.419094
-53.6,500,331.503859
-47.6,500,331.585093
-48.2,500,331.66727
-47.5,500,331.749557
-50.3,500,331.833977
-47.2,500,331.915529
-47.2,500,331.997597
-47.1,500,332.079493
-49.6,500,332.163875
-49.7,500,332.245358
-64.6,500,332.327923
-48.2,500,332.410464
-47.0,500,332.495278
-52.7,500,332.577141
-49.4,500,332.658939
-47.5,500,332.74158
-61.6,500,332.826732
-51.1,500,332.9088
-62.8,500,332.989718
-48.6,500,333.072441
-58.9,500,333.157371
-47.7,500,333.239781
-49.7,500,333.321535
-47.8,500,333.403482
-66.9,500,333.488544
-50.8,500,333.570944
-49.8,500,333.65208
-46.9,500,333.734629
-47.5,500,333.82013
-46.9,500,333.902985
-46.8,500,333.984838
-48.0,500,334.067097
-48.3,500,334.151585
-47.7,500,334.234044
-50.2,500,334.316335
-47.5,500,334.398334
-50.3,500,334.483817
-74.3,500,334.566761
-46.8,500,334.649361
-46.7,500,334.73105
-52.3,500,334.816026
-47.5,500,334.898769
-50.6,500,334.981327
-46.6,500,335.063747
-47.7,500,335.146867
-65.3,500,335.230015
-46.7,500,335.313288
-46.6,500,335.396073
-46.6,500,335.481563
-47.7,500,335.564364
-51.3,500,335.647073
-47.4,500,335.729458
-53.2,500,335.813065
-50.5,500,335.895922
-46.8,500,335.978096
-46.9,500,336.060359
-47.3,500,336.146796
-47.4,500,336.229371
-47.9,500,336.311421
-47.7,500,336.393885
-47.2,500,336.47724
-61.4,500,336.559714
-56.4,500,336.641878
-47.9,500,336.723673
-47.2,500,336.807049
-47.2,500,336.88961
-46.6,500,336.971969
-49.3,500,337.054605
-47.1,500,337.13919
-48.1,500,337.221094
-46.9,500,337.303842
-46.7,500,337.385979
-47.2,500,337.470515
-47.3,500,337.552162
-48.9,500,337.634516
-47.7,500,337.71723
-47.8,500,337.802017
-46.6,500,337.883976
-48.3,500,337.966138
-46.6,500,338.048403
-46.6,500,338.132899
-47.5,500,338.214321
-46.8,500,338.297042
-46.9,500,338.379949
-48.6,500,338.464914
-46.9,500,338.547322
-47.2,500,338.628668
-47.3,500,338.710846
-47.8,500,338.796244
-46.6,500,338.878615
-47.1,500,338.960852
-46.6,500,339.043066
-47.5,500,339.127887
-47.4,500,339.21118
-46.8,500,339.293082
-46.7,500,339.375658
-47.7,500,339.461202
-47.8,500,339.543909
-46.6,500,339.625688
-46.9,500,339.708331
-46.6,500,339.792906
-46.8,500,339.875429
-46.8,500,339.957891
-47.0,500,340.039575
-53.8,500,340.124649
-52.2,500,340.206901
-47.1,500,340.28923
-47.2,500,340.370715
-57.3,500,340.455638
-47.2,500,340.538398
-51.6,500,340.620685
-54.8,500,340.702771
-46.7,500,340.787363
-46.8,500,340.870363
-47.7,500,340.95302
-46.7,500,341.035621
-46.6,500,341.121826
-49.9,500,341.204868
-47.3,500,341.287468
-47.9,500,341.369799
-46.7,500,341.453944
-46.5,500,341.536978
-46.9,500,341.61978
-47.5,500,341.702143
-48.3,500,341.787027
-48.4,500,341.869305
-53.6,500,341.952028
-47.5,500,342.034589
-52.4,500,342.118981
-73.7,500,342.200976
-48.2,500,342.283948
-47.4,500,342.366226
-47.8,500,342.450902
-47.3,500,342.532679
-46.6,500,342.615128
-90.9,500,342.698526
-46.7,500,342.78398
-47.3,500,342.86584
-57.2,500,342.948995
-56.3,500,343.031695
-49.5,500,343.116571
-49.4,500,343.198619
-51.0,500,343.281448
-58.2,500,343.363967
-46.7,500,343.448818
-47.5,500,343.530799
-46.8,500,343.613298
-47.0,500,343.695825
-47.6,500,343.781179
-47.5,500,343.86278
-46.8,500,343.945694
-53.4,500,344.028231
-47.7,500,344.112746
-47.2,500,344.194288
-47.6,500,344.276409
-48.6,500,344.358846
-47.0,500,344.444211
-46.5,500,344.52582
-46.8,500,344.608683
-49.2,500,344.691302
-46.6,500,344.775907
-47.2,500,344.857232
-50.2,500,344.939863
-49.2,500,345.021864
-47.3,500,345.106916
-47.4,500,345.189544
-47.1,500,345.271853
-47.2,500,345.354824
-61.1,500,345.440565
-46.5,500,345.523533
-51.3,500,345.605435
-61.4,500,345.68747
-47.3,500,345.771921
-47.2,500,345.854626
-47.9,500,345.937198
-46.8,500,346.018802
-54.5,500,346.106111
-57.0,500,346.189129
-47.1,500,346.27146
-47.4,500,346.352841
-56.7,500,346.436872
-46.7,500,346.519831
-46.6,500,346.602831
-58.9,500,346.68549
-47.2,500,346.769234
-46.6,500,346.852231
-47.7,500,346.934777
-47.5,500,347.017169
-47.2,500,347.100958
-46.6,500,347.184141
-48.4,500,347.266713
-46.7,500,347.349372
-52.5,500,347.433895
-47.1,500,347.515866
-46.7,500,347.59884
-46.8,500,347.682018
-48.7,500,347.767295
-48.2,500,347.848841
-47.2,500,347.931098
-46.7,500,348.013498
-47.7,500,348.128179
-47.9,500,348.2112
-47.9,500,348.293072
-48.0,500,348.375486
-47.7,500,348.460158
-46.7,500,348.542925
-48.3,500,348.624508
-48.1,500,348.707109
-48.2,500,348.79206
-48.3,500,348.874234
-48.7,500,348.955061
-47.8,500,349.037812
-46.7,500,349.122213
-48.3,500,349.20539
-52.9,500,349.287298
-48.3,500,349.36894
-48.3,500,349.452972
-48.3,500,349.535203
-51.1,500,349.616935
-49.2,500,349.697487
-47.7,500,349.781788
-46.6,500,349.863769
-55.9,500,349.946438
-46.5,500,350.027763
-46.9,500,350.111872
-48.3,500,350.193835
-49.4,500,350.275747
-47.6,500,350.356446
-47.2,500,350.440999
-46.7,500,350.523529
-46.5,500,350.60611
-49.1,500,350.687229
-46.8,500,350.771267
-46.5,500,350.853706
-46.9,500,350.935809
-49.6,500,351.01795
-57.0,500,351.103072
-56.7,500,351.186399
-46.9,500,351.268806
-56.9,500,351.351352
-48.6,500,351.435328
-53.1,500,351.51812
-54.6,500,351.60053
-48.1,500,351.683111
-47.1,500,351.766306
-47.5,500,351.848932
-49.3,500,351.931378
-53.5,500,352.01356
-46.6,500,352.098096
-48.0,500,352.180188
-60.3,500,352.263245
-48.4,500,352.34492
-46.6,500,352.428738
-56.5,500,352.5104
-63.0,500,352.592516
-47.4,500,352.675022
-47.3,500,352.760505
-48.2,500,352.842666
-47.8,500,352.925632
-46.9,500,353.008602
-47.6,500,353.093362
-46.9,500,353.174664
-46.8,500,353.256822
-47.0,500,353.339598
-58.7,500,353.423784
-47.7,500,353.505488
-46.7,500,353.587917
-48.8,500,353.670158
-48.4,500,353.754725
-47.2,500,353.836837
-47.1,500,353.918622
-47.8,500,354.000654
-47.5,500,354.085319
-47.8,500,354.166854
-47.8,500,354.248512
-48.2,500,354.330725
-50.3,500,354.416068
-46.8,500,354.498516
-47.1,500,354.580308
-47.4,500,354.662723
-48.0,500,354.747482
-50.6,500,354.829855
-46.8,500,354.911987
-47.6,500,354.994461
-46.5,500,355.079736
-47.6,500,355.162231
-48.1,500,355.244229
-47.4,500,355.326804
-47.7,500,355.411264
-46.7,500,355.493934
-46.9,500,355.575602
-48.0,500,355.657695
-47.2,500,355.742892
-46.5,500,355.826164
-47.4,500,355.907669
-47.2,500,355.990361
-47.7,500,356.076182
-47.6,500,356.160906
-47.0,500,356.243639
-47.4,500,356.325261
-47.7,500,356.410283
-47.1,500,356.493293
-48.0,500,356.57528
-52.7,500,356.656709
-46.7,500,356.741754
-47.1,500,356.825137
-47.2,500,356.908453
-46.8,500,356.989913
-48.2,500,357.074452
-53.8,500,357.157171
-54.0,500,357.239423
-46.8,500,357.320922
-47.7,500,357.405083
-47.7,500,357.488033
-47.8,500,357.570719
-47.0,500,357.652773
-47.7,500,357.736671
-47.2,500,357.819785
-48.3,500,357.903088
-47.9,500,357.985398
-59.7,500,358.068828
-47.5,500,358.151434
-64.3,500,358.234817
-57.1,500,358.31793
-47.4,500,358.402458
-48.1,500,358.484117
-52.3,500,358.566518
-56.7,500,358.648992
-46.7,500,358.734624
-52.9,500,358.816809
-47.0,500,358.899793
-47.2,500,358.982878
-47.4,500,359.067262
-47.4,500,359.148769
-47.4,500,359.23129
-46.9,500,359.313636
-51.1,500,359.399128
-50.9,500,359.481292
-46.8,500,359.563174
-47.1,500,359.646378
-47.1,500,359.731023
-46.8,500,359.813503
-46.9,500,359.902961
-49.1,500,360.00123
-54.6,500,360.093953
-47.6,500,360.184128
-46.6,500,360.274697
-46.9,500,360.367305
-47.3,500,360.460269
-46.7,500,360.554023
-46.6,500,360.636696
-46.6,500,360.719522
-46.9,500,360.804016
-61.5,500,360.886475
-48.2,500,360.968857
-47.3,500,361.051429
-47.2,500,361.138726
-51.7,500,361.221405
-48.5,500,361.304498
-46.8,500,361.387256
-47.0,500,361.472374
-46.9,500,361.553305
-47.2,500,361.6436
-46.9,500,361.730034
-46.8,500,361.828456
-46.6,500,361.912816
-47.2,500,361.99524
-46.5,500,362.077043
-55.1,500,362.162411
-47.2,500,362.244731
-47.0,500,362.326911
-46.7,500,362.407837
-47.9,500,362.491922
-47.5,500,362.574331
-47.1,500,362.65653
-46.8,500,362.737509
-46.9,500,362.822996
-46.9,500,362.905906
-47.2,500,362.987833
-47.1,500,363.069575
-46.8,500,363.153859
-47.1,500,363.236172
-47.3,500,363.318206
-47.6,500,363.399269
-46.7,500,363.48422
-47.1,500,363.567104
-47.0,500,363.649527
-49.2,500,363.731055
-46.9,500,363.815555
-47.5,500,363.897968
-50.1,500,363.980495
-47.3,500,364.062256
-47.8,500,364.146906
-46.9,500,364.230184
-46.9,500,364.313036
-47.4,500,364.395444
-47.6,500,364.479704
-73.9,500,364.562543
-53.2,500,364.645134
-59.5,500,364.727462
-48.1,500,364.81038
-46.9,500,364.893598
-47.2,500,364.976566
-47.7,500,365.058739
-46.9,500,365.142918
-47.0,500,365.224815
-46.7,500,365.307314
-46.7,500,365.389629
-47.3,500,365.473794
-46.8,500,365.554852
-66.1,500,365.63781
-46.8,500,365.720172
-46.6,500,365.80413
-46.7,500,365.886594
-46.7,500,365.968672
-46.7,500,366.050457
-46.9,500,366.137559
-46.8,500,366.219216
-48.7,500,366.301841
-50.9,500,366.384229
-47.3,500,366.469341
-61.4,500,366.552332
-50.6,500,366.63426
-47.2,500,366.716261
-46.8,500,366.800476
-47.7,500,366.88284
-48.3,500,366.964305
-47.9,500,367.076068
-46.8,500,367.162033
-48.1,500,367.245064
-48.3,500,367.327466
-47.6,500,367.408676
-48.1,500,367.493008
-47.2,500,367.575354
-49.6,500,367.656873
-47.0,500,367.737755
-54.3,500,367.823202
-46.9,500,367.91177
-46.8,500,368.00184
-47.3,500,368.083682
-47.8,500,368.166966
-49.4,500,368.249375
-53.6,500,368.331753
-47.8,500,368.413529
-60.1,500,368.497371
-47.1,500,368.580024
-48.6,500,368.662831
-46.8,500,368.745612
-47.3,500,368.830175
-59.2,500,368.912603
-47.0,500,368.995347
-48.1,500,369.077684
-54.9,500,369.162699
-52.3,500,369.244253
-47.6,500,369.326938
-46.7,500,369.409178
-50.3,500,369.494717
-46.7,500,369.576428
-47.1,500,369.658726
-58.3,500,369.740829
-52.8,500,369.825576
-50.2,500,369.907052
-49.3,500,369.989559
-48.2,500,370.071959
-46.9,500,370.156874
-49.5,500,370.239548
-52.6,500,370.321723
-48.7,500,370.404498
-47.8,500,370.489263
-46.8,500,370.571843
-47.8,500,370.653344
-46.9,500,370.735966
-47.1,500,370.820952
-47.2,500,370.904272
-47.2,500,370.985931
-47.1,500,371.06885
-47.0,500,371.156876
-46.9,500,371.239654
-47.2,500,371.322161
-46.9,500,371.404111
-46.9,500,371.489217
-47.3,500,371.572015
-47.2,500,371.654445
-52.2,500,371.736693
-47.9,500,371.821275
-47.0,500,371.903447
-47.2,500,371.985592
-47.3,500,372.067262
-51.5,500,372.152227
-50.7,500,372.234581
-47.0,500,372.316506
-46.7,500,372.39811
-47.3,500,372.482487
-47.3,500,372.564931
-47.2,500,372.647426
-46.8,500,372.729294
-47.4,500,372.812677
-46.8,500,372.895622
-47.4,500,372.978183
-46.9,500,373.059504
-47.4,500,373.143528
-47.2,500,373.226399
-55.0,500,373.309329
-46.8,500,373.392199
-47.5,500,373.475332
-47.8,500,373.558138
-47.0,500,373.640655
-47.1,500,373.722769
-46.8,500,373.806799
-46.9,500,373.889532
-47.6,500,373.97248
-47.0,500,374.054895
-47.2,500,374.138672
-47.8,500,374.221276
-46.6,500,374.304572
-47.3,500,374.386273
-46.9,500,374.470287
-47.0,500,374.553231
-49.7,500,374.635802
-47.1,500,374.718084
-47.3,500,374.80237
-47.0,500,374.88508
-47.9,500,374.968233
-46.7,500,375.05113
-47.0,500,375.134752
-46.9,500,375.217385
-46.8,500,375.299995
-47.2,500,375.382316
-47.5,500,375.466818
-47.8,500,375.548669
-46.9,500,375.631897
-46.8,500,375.714819
-46.7,500,375.799917
-46.7,500,375.882174
-46.6,500,375.96483
-46.5,500,376.047441
-52.5,500,376.133369
-46.7,500,376.214372
-46.7,500,376.296515
-46.9,500,376.378215
-51.0,500,376.462577
-58.1,500,376.544136
-46.9,500,376.626351
-47.3,500,376.708921
-46.8,500,376.793415
-55.6,500,376.874825
-54.1,500,376.95731
-46.8,500,377.039158
-47.8,500,377.123912
-46.8,500,377.205485
-47.0,500,377.288222
-58.1,500,377.370825
-56.8,500,377.455654
-46.9,500,377.538136
-46.8,500,377.619544
-46.9,500,377.702313
-47.2,500,377.788187
-47.3,500,377.870826
-46.8,500,377.952294
-48.7,500,378.034916
-47.5,500,378.119494
-46.9,500,378.201439
-46.9,500,378.282913
-46.8,500,378.364867
-47.3,500,378.449625
-62.0,500,378.532542
-47.6,500,378.614031
-46.8,500,378.696252
-47.1,500,378.780694
-47.8,500,378.863121
-46.5,500,378.945506
-47.3,500,379.02689
-46.9,500,379.11172
-47.7,500,379.194149
-49.5,500,379.27643
-47.2,500,379.357745
-46.8,500,379.442503
-47.4,500,379.524579
-56.0,500,379.607171
-47.2,500,379.68836
-47.0,500,379.772213
-47.7,500,379.854618
-47.2,500,379.936869
-46.9,500,380.018655
-46.7,500,380.101793
-46.8,500,380.184674
-46.6,500,380.267342
-47.4,500,380.349368
-46.9,500,380.433158
-47.6,500,380.515466
-47.7,500,380.597725
-46.8,500,380.680071
-51.6,500,380.763316
-47.4,500,380.846569
-46.9,500,380.929042
-47.7,500,381.011366
-57.2,500,381.095788
-47.7,500,381.179708
-47.9,500,381.262217
-47.5,500,381.344688
-57.0,500,381.429903
-49.7,500,381.51181
-46.6,500,381.594882
-58.2,500,381.677987
-48.0,500,381.762088
-46.7,500,381.84409
-48.7,500,381.926962
-53.1,500,382.0094
-47.0,500,382.094018
-47.4,500,382.175444
-46.8,500,382.257643
-47.1,500,382.33961
-47.5,500,382.423974
-46.8,500,382.50549
-47.0,500,382.587989
-60.3,500,382.670742
-46.8,500,382.756295
-47.0,500,382.837724
-46.9,500,382.920384
-47.2,500,383.003066
-46.7,500,383.087569
-63.8,500,383.170009
-46.7,500,383.252536
-47.2,500,383.33514
-46.8,500,383.42
-50.6,500,383.503104
-47.1,500,383.584726
-47.0,500,383.667372
-50.1,500,383.75235
-47.4,500,383.835259
-47.5,500,383.917735
-48.6,500,383.999932
-47.7,500,384.084744
-46.7,500,384.167589
-47.2,500,384.249951
-47.3,500,384.331531
-46.5,500,384.417271
-46.9,500,384.500147
-52.8,500,384.583162
-47.2,500,384.664699
-46.8,500,384.749256
-46.7,500,384.831628
-47.0,500,384.91446
-47.2,500,384.995744
-46.9,500,385.080011
-47.5,500,385.16257
-49.9,500,385.245059
-47.1,500,385.326406
-46.8,500,385.4114
-46.9,500,385.49413
-55.2,500,385.576355
-46.7,500,385.688642
-56.8,500,385.772935
-46.7,500,385.855426
-48.0,500,385.937741
-47.4,500,386.020094
-61.5,500,386.104758
-47.8,500,386.189029
-46.9,500,386.271595
-46.6,500,386.354486
-58.5,500,386.438814
-55.7,500,386.520854
-47.2,500,386.60299
-47.2,500,386.68512
-46.7,500,386.770123
-47.6,500,386.851529
-47.0,500,386.934173
-47.2,500,387.016731
-47.5,500,387.101747
-47.7,500,387.182655
-47.2,500,387.264602
-46.9,500,387.347241
-46.8,500,387.431527
-47.7,500,387.51268
-55.5,500,387.595231
-46.8,500,387.67786
-55.5,500,387.76322
-52.7,500,387.845062
-51.8,500,387.927765
-48.0,500,388.009788
-48.6,500,388.093804
-58.2,500,388.176082
-52.8,500,388.258767
-46.6,500,388.341465
-47.4,500,388.426198
-47.8,500,388.507931
-47.0,500,388.591047
-47.0,500,388.673534
-54.9,500,388.758131
-50.0,500,388.840776
-57.7,500,388.922327
-48.9,500,389.004959
-48.8,500,389.089369
-46.9,500,389.17179
-46.8,500,389.253322
-47.8,500,389.336229
-54.6,500,389.42204
-46.9,500,389.504688
-47.2,500,389.585965
-48.0,500,389.668396
-51.4,500,389.753078
-49.1,500,389.835464
-59.6,500,389.917523
-50.5,500,389.999218
-47.2,500,390.084179
-47.1,500,390.166345
-51.3,500,390.24839
-47.3,500,390.32935
-53.8,500,390.414015
-47.7,500,390.49673
-47.0,500,390.579
-47.2,500,390.660145
-47.5,500,390.744057
-47.7,500,390.826791
-47.1,500,390.909428
-48.8,500,390.99118
-47.5,500,391.075254
-47.9,500,391.159662
-47.1,500,391.242257
-59.0,500,391.324109
-47.3,500,391.407492
-46.9,500,391.490624
-48.8,500,391.572737
-47.3,500,391.654761
-46.9,500,391.737627
-48.9,500,391.82039
-47.7,500,391.902408
-49.1,500,391.984659
-51.1,500,392.068502
-49.8,500,392.1513
-47.9,500,392.23413
-49.0,500,392.317004
-47.6,500,392.401557
-47.0,500,392.483318
-49.0,500,392.565507
-48.0,500,392.647598
-47.2,500,392.732709
-51.9,500,392.814494
-47.3,500,392.897187
-47.5,500,392.979567
-47.1,500,393.06409
-47.2,500,393.146461
-47.7,500,393.228134
-47.6,500,393.310265
-46.9,500,393.395245
-49.5,500,393.477302
-47.5,500,393.55881
-47.0,500,393.640707
-47.0,500,393.725768
-46.9,500,393.80868
-46.8,500,393.890111
-46.7,500,393.972352
-47.0,500,394.057059
-46.8,500,394.140504
-47.9,500,394.222013
-47.7,500,394.304858
-46.6,500,394.390195
-47.3,500,394.473128
-49.5,500,394.555559
-51.8,500,394.637381
-46.9,500,394.721449
-46.8,500,394.803863
-47.7,500,394.885545
-47.9,500,394.966797
-49.5,500,395.050705
-50.0,500,395.133284
-46.7,500,395.215999
-47.0,500,395.297188
-47.1,500,395.382067
-46.9,500,395.465176
-46.7,500,395.547969
-49.7,500,395.629775
-47.1,500,395.712954
-46.9,500,395.795783
-46.9,500,395.87805
-46.8,500,395.95987
-49.2,500,396.045204
-47.0,500,396.128352
-47.1,500,396.212848
-46.8,500,396.294917
-46.5,500,396.379238
-48.6,500,396.461859
-47.2,500,396.544144
-46.8,500,396.626378
-48.2,500,396.71048
-71.8,500,396.793741
-47.6,500,396.8761
-58.6,500,396.958699
-47.9,500,397.042997
-47.3,500,397.124632
-46.9,500,397.207645
-46.8,500,397.29053
-46.8,500,397.375223
-47.4,500,397.457322
-47.1,500,397.53983
-46.8,500,397.622915
-49.9,500,397.708489
-47.1,500,397.790832
-46.7,500,397.872755
-47.9,500,397.955415
-55.8,500,398.04028
-68.6,500,398.123589
-46.5,500,398.205949
-51.5,500,398.289106
-47.2,500,398.374055
-47.2,500,398.456946
-46.9,500,398.538588
-51.9,500,398.621566
-47.0,500,398.706491
-47.2,500,398.789225
-56.8,500,398.871373
-47.0,500,398.954506
-47.1,500,399.039514
-47.0,500,399.122342
-47.4,500,399.203923
-47.9,500,399.286425
-47.1,500,399.371291
-46.7,500,399.454482
-60.7,500,399.537164
-47.5,500,399.618991
-55.6,500,399.703431
-53.8,500,399.786682
-52.7,500,399.869883
-47.6,500,399.951618
-52.3,500,400.036416
-56.5,500,400.119644
-46.8,500,400.202218
-51.5,500,400.283585
-46.6,500,400.368208
-46.9,500,400.451046
-46.8,500,400.533787
-47.2,500,400.615594
-46.7,500,400.699698
-46.9,500,400.782819
-46.8,500,400.865624
-49.7,500,400.94762
-46.7,500,401.032252
-47.5,500,401.115585
-47.2,500,401.200207
-46.7,500,401.283486
-47.7,500,401.36735
-47.4,500,401.450447
-47.9,500,401.533449
-46.8,500,401.615988
-47.1,500,401.699832
-46.7,500,401.781802
-46.5,500,401.864596
-54.6,500,401.947068
-46.7,500,402.032224
-47.0,500,402.114478
-47.2,500,402.197312
-46.6,500,402.279613
-55.9,500,402.364378
-46.9,500,402.445757
-47.1,500,402.528101
-47.0,500,402.610543
-47.3,500,402.69626
-49.3,500,402.779143
-48.3,500,402.861703
-47.8,500,402.944594
-47.3,500,403.02892
-54.4,500,403.111338
-46.7,500,403.193503
-47.7,500,403.276077
-47.6,500,403.361572
-46.9,500,403.444246
-47.5,500,403.525797
-56.9,500,403.609229
-47.3,500,403.694387
-55.2,500,403.798403
-46.7,500,403.892555
-47.0,500,403.974338
-51.4,500,404.05769
-52.0,500,404.140609
-47.8,500,404.223281
-47.0,500,404.3054
-52.0,500,404.389614
-56.0,500,404.472591
-47.7,500,404.554689
-47.5,500,404.636634
-47.2,500,404.719742
-50.9,500,404.802428
-46.6,500,404.885017
-48.0,500,404.96687
-65.7,500,405.051233
-47.1,500,405.134442
-46.8,500,405.217241
-47.6,500,405.299366
-46.8,500,405.382333
-47.3,500,405.464791
-47.0,500,405.547487
-46.5,500,405.62984
-46.8,500,405.714219
-71.3,500,405.796098
-46.7,500,405.879121
-54.7,500,405.961488
-51.5,500,406.046409
-63.7,500,406.128396
-55.5,500,406.212783
-51.8,500,406.295294
-47.2,500,406.379816
-48.6,500,406.461169
-49.3,500,406.544265
-49.6,500,406.626988
-47.0,500,406.711294
-46.8,500,406.792981
-46.7,500,406.875522
-47.2,500,406.957898
-46.7,500,407.043336
-49.0,500,407.124468
-47.3,500,407.207034
-60.7,500,407.289457
-53.1,500,407.374424
-54.9,500,407.45727
-47.4,500,407.538878
-56.8,500,407.621782
-46.8,500,407.70724
-47.0,500,407.789376
-46.7,500,407.871251
-47.0,500,407.953603
-46.9,500,408.037987
-47.0,500,408.120812
-50.9,500,408.202728
-46.6,500,408.284425
-47.4,500,408.369655
-47.1,500,408.452171
-46.9,500,408.534638
-51.7,500,408.616174
-49.5,500,408.70136
-48.4,500,408.784264
-46.9,500,408.86653
-48.3,500,408.948523
-47.1,500,409.0335
-48.1,500,409.116052
-46.8,500,409.197931
-46.7,500,409.279554
-46.9,500,409.364751
-54.2,500,409.447786
-47.0,500,409.529464
-46.7,500,409.61162
-47.1,500,409.696594
-46.6,500,409.779836
-47.2,500,409.862556
-47.2,500,409.944218
-47.3,500,410.027963
-46.8,500,410.110312
-46.9,500,410.193115
-46.7,500,410.274653
-47.4,500,410.359267
-52.7,500,410.442231
-49.8,500,410.524546
-47.7,500,410.606496
-46.9,500,410.68937
-47.1,500,410.772535
-46.9,500,410.855244
-53.8,500,410.937452
-47.2,500,411.022336
-46.6,500,411.10527
-83.1,500,411.189854
-47.3,500,411.273139
-47.8,500,411.356521
-50.9,500,411.439469
-47.1,500,411.521944
-46.6,500,411.60482
-48.2,500,411.687189
-47.1,500,411.770029
-46.7,500,411.853314
-46.8,500,411.93578
-46.8,500,412.020364
-47.0,500,412.102385
-47.5,500,412.18514
-48.2,500,412.267965
-47.1,500,412.352501
-46.5,500,412.434473
-54.0,500,412.516822
-46.9,500,412.599112
-46.6,500,412.684661
-47.0,500,412.766199
-47.0,500,412.849241
-46.6,500,412.932257
-47.7,500,413.01698
-46.7,500,413.099738
-46.9,500,413.182109
-46.7,500,413.264442
-46.7,500,413.348987
-46.9,500,413.431275
-47.0,500,413.513603
-47.3,500,413.59714
-51.4,500,413.681798
-47.0,500,413.763905
-46.9,500,413.84492
-67.0,500,413.927527
-47.4,500,414.012205
-47.2,500,414.094635
-47.9,500,414.175926
-47.3,500,414.25893
-54.2,500,414.345372
-47.0,500,414.428541
-47.4,500,414.509877
-46.9,500,414.592734
-46.9,500,414.677163
-47.0,500,414.759979
-47.5,500,414.84166
-47.7,500,414.92445
-50.6,500,415.0091
-47.3,500,415.092386
-47.1,500,415.17415
-47.2,500,415.25573
-47.0,500,415.340335
-46.9,500,415.423374
-48.2,500,415.505562
-47.5,500,415.587142
-47.1,500,415.671889
-46.9,500,415.754879
-46.6,500,415.837665
-46.7,500,415.918968
-46.7,500,416.003585
-47.0,500,416.086031
-47.3,500,416.16828
-47.1,500,416.251749
-59.3,500,416.33656
-47.0,500,416.419594
-47.1,500,416.501939
-51.1,500,416.583756
-47.4,500,416.667991
-47.2,500,416.75062
-47.9,500,416.833626
-53.1,500,416.915529
-46.9,500,416.999513
-47.3,500,417.082239
-47.3,500,417.165039
-47.1,500,417.247301
-47.7,500,417.331358
-47.0,500,417.414272
-47.0,500,417.497078
-46.8,500,417.579567
-47.8,500,417.663687
-47.2,500,417.746845
-54.8,500,417.829473
-47.3,500,417.924869
-47.3,500,418.022037
-47.2,500,418.110018
-46.9,500,418.200346
-47.2,500,418.296982
-46.8,500,418.390307
-47.7,500,418.478581
-53.2,500,418.57096
-58.3,500,418.652998
-50.0,500,418.738454
-47.0,500,418.821772
-61.7,500,418.904711
-53.0,500,418.987311
-46.7,500,419.071572
-49.9,500,419.154388
-46.7,500,419.236955
-46.9,500,419.319715
-47.4,500,419.403586
-46.7,500,419.486432
-47.0,500,419.569683
-62.3,500,419.653526
-47.1,500,419.740973
-46.9,500,419.83726
-46.6,500,419.92305
-46.9,500,420.005479
-47.1,500,420.090168
-47.1,500,420.171618
-46.7,500,420.254234
-47.1,500,420.337003
-47.5,500,420.421632
-47.2,500,420.504125
-52.6,500,420.585879
-46.7,500,420.668423
-47.0,500,420.752808
-46.8,500,420.83592
-48.1,500,420.916944
-46.9,500,420.999621
-53.7,500,421.085301
-46.6,500,421.16768
-47.1,500,421.251081
-47.3,500,421.333435
-47.2,500,421.418437
-47.2,500,421.501137
-46.9,500,421.583009
-49.6,500,421.664586
-47.0,500,421.749295
-47.2,500,421.832373
-47.1,500,421.914809
-47.6,500,421.996563
-47.6,500,422.079909
-46.9,500,422.162335
-52.3,500,422.244633
-47.5,500,422.32528
-46.9,500,422.409523
-47.9,500,422.491846
-54.3,500,422.57413
-47.3,500,422.65519
-46.8,500,422.739823
-46.5,500,422.822315
-47.3,500,422.904621
-47.6,500,422.986639
-49.2,500,423.06989
-47.0,500,423.15234
-46.8,500,423.26585
-46.7,500,423.34902
-50.3,500,423.434146
-46.8,500,423.516864
-47.9,500,423.598026
-47.1,500,423.680497
-47.2,500,423.765594
-47.2,500,423.847799
-46.7,500,423.928929
-46.8,500,424.011495
-50.6,500,424.095999
-47.2,500,424.17861
-46.8,500,424.259506
-46.7,500,424.341963
-47.0,500,424.426706
-46.7,500,424.50908
-51.5,500,424.59071
-47.1,500,424.672522
-46.9,500,424.757152
-49.8,500,424.83959
-46.9,500,424.92183
-53.3,500,425.003937
-46.9,500,425.088704
-47.2,500,425.171389
-53.1,500,425.254011
-47.4,500,425.335296
-46.8,500,425.419378
-46.7,500,425.502252
-46.6,500,425.584922
-55.2,500,425.667234
-47.1,500,425.751426
-46.5,500,425.834182
-46.9,500,425.917121
-46.9,500,425.999946
-47.0,500,426.083803
-49.0,500,426.166149
-46.8,500,426.250722
-47.5,500,426.333713
-51.6,500,426.417797
-46.8,500,426.499984
-46.5,500,426.582325
-47.7,500,426.664507
-50.6,500,426.748436
-46.8,500,426.830068
-47.1,500,426.911846
-47.0,500,426.993929
-47.2,500,427.078834
-49.3,500,427.159888
-56.7,500,427.242395
-51.1,500,427.324246
-50.4,500,427.408227
-46.9,500,427.489258
-46.8,500,427.571289
-48.6,500,427.653104
-46.8,500,427.738154
-47.1,500,427.819244
-47.2,500,427.902187
-46.6,500,427.984722
-46.9,500,428.068815
-50.2,500,428.150903
-47.4,500,428.232181
-47.5,500,428.314079
-47.9,500,428.398714
-47.4,500,428.480644
-47.4,500,428.562404
-47.1,500,428.64467
-58.1,500,428.729867
-47.1,500,428.811934
-49.2,500,428.893773
-52.9,500,428.976526
-50.6,500,429.061141
-47.0,500,429.143715
-47.2,500,429.225477
-48.7,500,429.307336
-55.4,500,429.392498
-57.8,500,429.475172
-48.0,500,429.556563
-87.0,500,429.638698
-47.5,500,429.723564
-47.2,500,429.806754
-48.8,500,429.887771
-51.1,500,429.970274
-46.7,500,430.054996
-64.2,500,430.137684
-49.6,500,430.219568
-49.5,500,430.30127
-53.0,500,430.3862
-46.7,500,430.468919
-47.6,500,430.550402
-47.4,500,430.632069
-55.5,500,430.717168
-49.8,500,430.800066
-56.9,500,430.882714
-46.8,500,430.964221
-49.4,500,431.049629
-46.9,500,431.132205
-49.3,500,431.215467
-47.1,500,431.297034
-48.7,500,431.381356
-46.9,500,431.463929
-51.9,500,431.546582
-46.9,500,431.628096
-50.1,500,431.711744
-50.2,500,431.795246
-47.4,500,431.877851
-47.0,500,431.960242
-48.5,500,432.044115
-51.9,500,432.126247
-49.3,500,432.209096
-62.3,500,432.291322
-50.2,500,432.37502
-47.1,500,432.458152
-47.8,500,432.540862
-47.8,500,432.623053
-48.3,500,432.708071
-48.2,500,432.790186
-47.4,500,432.873044
-46.8,500,432.955134
-46.7,500,433.039497
-48.6,500,433.120821
-47.2,500,433.203316
-47.8,500,433.285897
-48.4,500,433.370189
-47.2,500,433.451696
-47.3,500,433.534304
-47.5,500,433.616647
-47.8,500,433.70144
-46.6,500,433.782782
-50.8,500,433.864724
-57.5,500,433.947142
-51.0,500,434.03143
-46.7,500,434.113232
-51.9,500,434.195152
-48.1,500,434.277359
-61.8,500,434.362696
-47.2,500,434.44518
-47.5,500,434.526804
-47.2,500,434.609678
-60.4,500,434.694605
-46.9,500,434.77777
-46.6,500,434.85985
-51.9,500,434.942026
-46.8,500,435.026585
-46.8,500,435.109155
-47.1,500,435.189892
-46.8,500,435.272022
-46.8,500,435.356982
-47.0,500,435.439435
-47.3,500,435.520984
-50.1,500,435.604239
-47.0,500,435.688809
-47.0,500,435.771853
-46.8,500,435.854321
-46.8,500,435.935741
-58.9,500,436.02115
-46.9,500,436.103417
-46.8,500,436.185833
-51.3,500,436.269407
-46.6,500,436.354834
-47.3,500,436.437655
-47.3,500,436.520111
-47.5,500,436.601476
-51.9,500,436.684815
-47.0,500,436.76691
-46.5,500,436.849626
-46.7,500,436.931625
-47.4,500,437.015546
-46.5,500,437.098473
-46.6,500,437.181017
-46.9,500,437.26368
-46.5,500,437.347421
-46.7,500,437.430054
-47.3,500,437.511958
-46.7,500,437.59454
-46.6,500,437.679038
-46.9,500,437.761907
-47.0,500,437.844998
-46.9,500,437.927286
-51.8,500,438.011086
-46.5,500,438.093595
-46.7,500,438.176276
-55.1,500,438.25917
-46.8,500,438.343011
-47.4,500,438.425265
-46.6,500,438.50779
-47.1,500,438.590635
-46.7,500,438.675587
-47.6,500,438.756665
-46.7,500,438.838954
-47.0,500,438.921242
-50.2,500,439.00553
-47.6,500,439.087374
-47.0,500,439.169746
-73.4,500,439.252819
-47.1,500,439.337476
-46.6,500,439.419387
-48.2,500,439.501883
-47.1,500,439.584654
-46.6,500,439.669892
-46.6,500,439.752007
-47.7,500,439.833856
-48.5,500,439.91668
-46.9,500,440.001722
-49.2,500,440.084725
-66.7,500,440.167125
-48.1,500,440.250029
-47.4,500,440.334759
-47.2,500,440.417887
-46.5,500,440.499568
-47.0,500,440.58198
-47.1,500,440.666609
-47.6,500,440.749575
-47.3,500,440.832409
-47.0,500,440.914997
-47.1,500,441.000727
-48.7,500,441.083286
-47.4,500,441.164911
-46.9,500,441.248289
-46.7,500,441.33373
-47.1,500,441.416687
-46.9,500,441.499516
-47.3,500,441.580674
-47.1,500,441.665674
-47.4,500,441.748584
-47.9,500,441.831106
-50.3,500,441.912286
-46.7,500,441.997301
-52.5,500,442.079838
-47.7,500,442.162166
-49.6,500,442.243958
-47.3,500,442.328673
-48.3,500,442.411674
-60.5,500,442.494294
-46.9,500,442.575413
-47.0,500,442.660197
-46.8,500,442.742869
-46.9,500,442.825575
-55.7,500,442.908374
-47.0,500,442.991346
-46.9,500,443.074258
-46.7,500,443.1894
-47.2,500,443.271863
-47.1,500,443.356639
-47.0,500,443.438402
-52.3,500,443.520779
-46.7,500,443.603229
-46.7,500,443.687691
-47.1,500,443.769405
-46.8,500,443.851738
-47.1,500,443.933877
-46.6,500,444.0183
-47.5,500,444.099476
-47.1,500,444.181879
-46.7,500,444.264176
-52.9,500,444.34936
-47.1,500,444.43085
-46.7,500,444.512509
-49.4,500,444.594506
-46.8,500,444.679303
-47.1,500,444.761039
-47.1,500,444.84276
-49.0,500,444.92515
-48.1,500,445.01005
-47.0,500,445.092686
-46.7,500,445.173601
-46.8,500,445.255931
-47.0,500,445.341108
-46.9,500,445.423387
-47.5,500,445.504329
-46.7,500,445.586275
-46.9,500,445.670726
-47.2,500,445.753275
-47.6,500,445.835014
-46.8,500,445.918311
-46.7,500,446.003214
-46.8,500,446.086099
-46.5,500,446.168231
-46.8,500,446.251319
-46.9,500,446.335673
-50.4,500,446.417812
-46.8,500,446.499572
-46.8,500,446.580287
-52.4,500,446.665799
-46.7,500,446.748642
-46.7,500,446.831541
-56.3,500,446.912556
-51.6,500,446.99741
-47.2,500,447.079608
-46.8,500,447.161196
-46.5,500,447.242933
-47.2,500,447.326622
-62.0,500,447.409201
-47.2,500,447.491112
-50.4,500,447.572353
-46.6,500,447.65784
-50.3,500,447.740574
-46.6,500,447.822949
-46.9,500,447.903983
-46.9,500,447.987426
-46.6,500,448.073011
-47.2,500,448.155161
-47.1,500,448.236192
-46.9,500,448.320484
-46.6,500,448.402808
-58.8,500,448.485795
-47.0,500,448.567437
-46.5,500,448.6519
-47.6,500,448.737732
-46.6,500,448.820543
-47.2,500,448.90282
-49.2,500,448.986663
-47.0,500,449.06998
-46.9,500,449.152577
-49.5,500,449.235248
-47.6,500,449.318871
-46.8,500,449.401375
-54.4,500,449.483298
-46.9,500,449.565498
-47.1,500,449.649389
-46.7,500,449.731572
-46.8,500,449.813594
-46.9,500,449.896163
-47.2,500,449.980168
-47.5,500,450.061824
-46.7,500,450.14393
-46.8,500,450.226046
-47.6,500,450.310864
-47.0,500,450.39217
-47.6,500,450.474306
-47.3,500,450.556704
-46.9,500,450.64092
-47.1,500,450.723032
-46.8,500,450.805786
-46.8,500,450.888249
-47.1,500,450.973067
-46.9,500,451.054266
-47.0,500,451.137032
-46.9,500,451.219244
-47.5,500,451.305093
-46.8,500,451.387508
-47.3,500,451.469582
-49.1,500,451.551944
-46.8,500,451.636907
-46.8,500,451.719444
-50.3,500,451.801085
-47.6,500,451.883586
-49.6,500,451.968283
-46.8,500,452.050906
-46.7,500,452.132762
-46.7,500,452.215913
-47.1,500,452.300428
-47.0,500,452.383854
-46.5,500,452.465961
-46.6,500,452.547768
-51.2,500,452.633305
-46.9,500,452.715663
-67.2,500,452.797887
-46.7,500,452.879655
-51.3,500,452.963796
-46.6,500,453.046962
-48.9,500,453.129395
-50.0,500,453.211463
-46.7,500,453.294607
-47.2,500,453.376397
-67.9,500,453.458872
-48.4,500,453.541003
-48.9,500,453.625461
-48.5,500,453.708121
-47.2,500,453.790327
-46.9,500,453.872613
-48.1,500,453.95579
-47.5,500,454.038521
-47.0,500,454.121078
-52.4,500,454.203972
-48.5,500,454.287833
-47.4,500,454.370712
-59.4,500,454.453972
-47.0,500,454.536836
-47.3,500,454.621148
-47.0,500,454.703285
-46.9,500,454.786282
-46.8,500,454.868904
-60.4,500,454.953593
-47.0,500,455.035446
-46.6,500,455.117999
-46.6,500,455.200691
-47.2,500,455.285006
-47.4,500,455.366537
-46.6,500,455.449393
-47.9,500,455.531502
-47.1,500,455.615371
-46.7,500,455.696897
-46.6,500,455.779226
-61.8,500,455.862033
-46.7,500,455.947062
-51.3,500,456.028998
-46.6,500,456.111435
-47.4,500,456.19348
-46.8,500,456.280056
-46.7,500,456.362979
-46.7,500,456.445191
-46.9,500,456.527702
-48.9,500,456.612463
-48.5,500,456.69524
-46.8,500,456.777262
-59.3,500,456.860585
-46.6,500,456.945866
-46.8,500,457.028578
-47.0,500,457.109582
-46.9,500,457.192096
-47.4,500,457.276377
-47.1,500,457.358499
-46.8,500,457.440979
-46.6,500,457.523152
-46.7,500,457.607956
-48.1,500,457.690781
-47.3,500,457.773266
-46.7,500,457.854667
-47.7,500,457.939752
-47.1,500,458.022742
-46.8,500,458.105611
-50.6,500,458.188152
-51.9,500,458.271802
-47.4,500,458.355001
-47.1,500,458.437843
-46.8,500,458.520436
-52.0,500,458.604731
-47.5,500,458.687592
-47.3,500,458.769778
-47.5,500,458.852177
-46.8,500,458.936354
-47.2,500,459.019801
-46.7,500,459.102427
-49.0,500,459.184893
-62.3,500,459.269316
-47.0,500,459.351708
-63.5,500,459.434362
-50.6,500,459.516815
-47.7,500,459.599941
-47.6,500,459.68283
-47.1,500,459.765349
-60.9,500,459.848419
-46.8,500,459.932274
-47.0,500,460.015392
-46.9,500,460.097935
-47.2,500,460.180547
-47.5,500,460.265943
-47.2,500,460.34782
-47.5,500,460.430489
-47.5,500,460.513861
-47.5,500,460.598505
-47.1,500,460.680588
-47.0,500,460.763526
-47.3,500,460.846531
-47.1,500,460.932061
-50.3,500,461.014931
-50.9,500,461.096829
-47.0,500,461.179361
-47.3,500,461.266594
-47.1,500,461.349763
-47.0,500,461.431612
-49.7,500,461.513943
-51.5,500,461.599002
-52.2,500,461.682079
-46.8,500,461.763815
-47.7,500,461.846743
-47.6,500,461.932051
-46.8,500,462.014559
-46.8,500,462.096863
-46.7,500,462.210779
-46.9,500,462.294983
-46.8,500,462.377804
-47.2,500,462.460393
-47.1,500,462.542408
-47.3,500,462.626358
-50.4,500,462.709607
-47.0,500,462.792895
-50.3,500,462.875603
-47.9,500,462.959498
-47.4,500,463.042602
-47.6,500,463.124573
-51.1,500,463.207327
-46.7,500,463.291994
-46.9,500,463.374114
-48.5,500,463.456391
-49.4,500,463.538667
-50.3,500,463.623229
-53.6,500,463.704886
-58.9,500,463.787761
-51.1,500,463.870125
-46.9,500,463.954296
-47.7,500,464.035966
-50.9,500,464.117909
-47.3,500,464.200121
-47.1,500,464.285759
-47.0,500,464.367958
-47.3,500,464.450147
-52.8,500,464.532785
-46.9,500,464.617711
-47.2,500,464.70009
-46.8,500,464.781746
-48.4,500,464.864096
-46.9,500,464.948281
-48.0,500,465.030789
-46.7,500,465.112168
-53.8,500,465.194923
-47.0,500,465.279111
-51.0,500,465.361927
-52.8,500,465.443115
-46.9,500,465.525258
-46.9,500,465.60993
-46.6,500,465.692626
-46.8,500,465.774279
-46.9,500,465.85708
-46.7,500,465.942221
-52.1,500,466.024781
-47.0,500,466.106192
-51.2,500,466.188131
-50.2,500,466.27468
-47.0,500,466.357157
-65.5,500,466.439605
-55.8,500,466.522185
-46.5,500,466.607009
-47.2,500,466.690051
-64.1,500,466.773033
-46.6,500,466.854523
-47.2,500,466.939204
-47.1,500,467.021685
-46.9,500,467.103981
-46.8,500,467.185561
-62.3,500,467.270351
-46.8,500,467.352981
-47.4,500,467.435875
-47.0,500,467.517862
-48.9,500,467.602054
-46.6,500,467.685058
-47.0,500,467.767278
-47.1,500,467.849939
-46.8,500,467.933898
-46.7,500,468.01643
-46.9,500,468.099208
-47.1,500,468.181849
-53.1,500,468.265673
-46.8,500,468.34852
-46.6,500,468.430447
-46.6,500,468.512635
-47.7,500,468.597559
-46.8,500,468.679495
-46.6,500,468.762335
-46.8,500,468.844624
-47.2,500,468.929168
-47.9,500,469.010494
-47.7,500,469.09296
-46.7,500,469.17585
-47.4,500,469.260771
-47.1,500,469.342773
-46.6,500,469.425441
-46.8,500,469.507659
-46.6,500,469.592675
-46.7,500,469.67459
-47.0,500,469.757384
-46.6,500,469.840046
-46.7,500,469.925413
-47.6,500,470.007926
-46.9,500,470.090011
-46.5,500,470.172442
-47.0,500,470.257386
-47.5,500,470.339425
-58.6,500,470.421646
-47.2,500,470.504237
-47.4,500,470.589205
-50.3,500,470.672314
-47.3,500,470.754045
-47.1,500,470.83666
-47.4,500,470.922078
-46.7,500,471.005431
-47.0,500,471.087146
-47.4,500,471.168987
-53.0,500,471.255218
-47.3,500,471.338861
-47.1,500,471.420998
-46.7,500,471.502465
-47.1,500,471.586913
-46.7,500,471.669637
-47.2,500,471.751786
-47.6,500,471.833571
-46.6,500,471.917749
-61.5,500,472.001216
-46.7,500,472.083501
-47.4,500,472.165622
-47.6,500,472.248599
-46.8,500,472.331403
-47.5,500,472.41414
-48.9,500,472.496725
-46.7,500,472.580955
-47.4,500,472.663945
-46.8,500,472.746808
-47.1,500,472.828752
-57.7,500,472.912305
-47.9,500,472.994983
-48.3,500,473.077534
-46.6,500,473.159825
-48.3,500,473.243161
-47.2,500,473.325782
-55.0,500,473.4083
-47.3,500,473.490754
-47.5,500,473.5755
-48.5,500,473.656724
-46.6,500,473.739145
-50.6,500,473.821871
-47.4,500,473.906179
-47.0,500,473.987772
-47.0,500,474.070031
-47.1,500,474.152928
-47.2,500,474.23821
-47.6,500,474.321009
-46.8,500,474.402595
-47.1,500,474.485047
-46.9,500,474.570038
-55.9,500,474.652175
-47.2,500,474.734115
-47.1,500,474.816766
-53.8,500,474.900996
-47.1,500,474.98406
-47.0,500,475.065854
-49.7,500,475.148355
-46.8,500,475.233297
-47.5,500,475.315654
-46.9,500,475.397307
-47.1,500,475.479716
-47.8,500,475.564163
-46.8,500,475.647113
-46.7,500,475.728983
-47.1,500,475.811768
-47.0,500,475.897529
-46.5,500,475.980287
-47.1,500,476.06178
-48.4,500,476.144668
-47.0,500,476.22922
-47.0,500,476.313767
-51.0,500,476.396615
-48.5,500,476.478435
-53.2,500,476.563124
-55.3,500,476.646029
-50.8,500,476.728187
-53.8,500,476.809456
-54.9,500,476.894876
-53.0,500,476.978807
-49.7,500,477.061764
-72.3,500,477.143604
-60.5,500,477.228042
-51.0,500,477.310889
-48.8,500,477.393642
-47.9,500,477.475542
-47.1,500,477.559795
-47.1,500,477.642542
-47.0,500,477.724951
-46.6,500,477.807324
-46.8,500,477.891115
-47.6,500,477.973969
-50.6,500,478.056588
-46.8,500,478.139352
-46.6,500,478.223017
-47.6,500,478.304085
-47.0,500,478.386486
-47.5,500,478.468756
-46.8,500,478.553393
-46.9,500,478.635242
-53.2,500,478.717812
-46.9,500,478.800359
-50.0,500,478.885078
-46.8,500,478.966605
-46.6,500,479.049135
-47.1,500,479.131226
-46.7,500,479.216452
-46.9,500,479.299213
-51.7,500,479.381551
-46.7,500,479.464397
-52.3,500,479.549721
-60.9,500,479.632482
-46.8,500,479.714069
-47.4,500,479.796168
-50.5,500,479.880761
-47.1,500,479.963332
-47.1,500,480.044982
-57.3,500,480.163683
-49.1,500,480.248554
-46.6,500,480.331176
-47.2,500,480.413817
-47.5,500,480.495958
-47.7,500,480.578777
-46.7,500,480.661079
-46.9,500,480.743332
-51.0,500,480.826084
-46.9,500,480.910636
-48.2,500,480.993515
-46.7,500,481.075299
-48.3,500,481.156964
-53.8,500,481.240234
-46.6,500,481.324114
-46.7,500,481.406437
-46.8,500,481.488355
-47.9,500,481.571796
-46.9,500,481.654894
-46.9,500,481.737768
-46.7,500,481.820383
-47.1,500,481.905199
-47.5,500,481.986582
-46.6,500,482.068801
-46.8,500,482.151056
-47.0,500,482.235819
-60.1,500,482.317341
-47.2,500,482.399517
-46.8,500,482.4814
-46.9,500,482.566656
-58.7,500,482.64912
-49.6,500,482.732023
-47.9,500,482.814416
-48.0,500,482.899077
-46.8,500,482.98096
-56.7,500,483.063652
-48.2,500,483.145854
-46.6,500,483.231397
-47.3,500,483.314361
-46.9,500,483.396364
-53.3,500,483.478554
-50.6,500,483.563765
-49.1,500,483.64627
-62.4,500,483.727602
-46.6,500,483.809847
-47.5,500,483.894356
-47.0,500,483.977222
-46.6,500,484.059052
-47.4,500,484.141921
-55.3,500,484.227876
-51.5,500,484.310915
-47.3,500,484.392987
-46.9,500,484.474844
-47.6,500,484.560048
-59.8,500,484.643244
-46.9,500,484.726368
-46.9,500,484.80813
-47.7,500,484.893113
-46.6,500,484.976227
-51.2,500,485.059366
-46.7,500,485.140843
-49.9,500,485.226032
-47.4,500,485.308831
-48.2,500,485.391553
-47.7,500,485.47385
-46.9,500,485.557875
-47.2,500,485.641207
-47.4,500,485.723614
-46.9,500,485.80576
-47.7,500,485.89021
-46.8,500,485.972806
-47.3,500,486.055067
-49.5,500,486.13759
-47.1,500,486.2214
-52.2,500,486.306838
-50.8,500,486.38994
-46.8,500,486.47273
-48.0,500,486.556874
-47.0,500,486.638796
-53.4,500,486.721399
-46.8,500,486.803595
-46.7,500,486.888047
-63.2,500,486.970182
-67.8,500,487.053341
-48.0,500,487.136181
-46.7,500,487.220539
-53.6,500,487.301886
-46.8,500,487.384787
-47.3,500,487.466657
-54.7,500,487.552038
-54.1,500,487.633606
-57.7,500,487.716314
-48.5,500,487.799473
-49.6,500,487.884423
-53.3,500,487.966212
-48.4,500,488.047566
-54.6,500,488.130076
-47.0,500,488.214439
-48.8,500,488.296778
-49.1,500,488.378879
-46.8,500,488.461115
-47.3,500,488.546443
-52.5,500,488.62925
-68.4,500,488.710874
-46.7,500,488.794083
-50.7,500,488.88694
-46.7,500,488.982429
-48.0,500,489.074793
-54.0,500,489.165321
-46.7,500,489.259125
-47.0,500,489.351258
-46.7,500,489.442342
-47.6,500,489.536466
-50.2,500,489.622431
-47.2,500,489.704763
-55.2,500,489.786514
-50.0,500,489.869351
-53.9,500,489.954298
-50.5,500,490.037269
-46.7,500,490.119173
-50.6,500,490.201875
-47.8,500,490.286537
-49.3,500,490.369065
-46.6,500,490.450657
-46.9,500,490.533343
-46.7,500,490.618537
-47.2,500,490.705829
-52.1,500,490.802508
-48.8,500,490.885165
-47.4,500,490.971175
-47.4,500,491.053616
-47.0,500,491.136154
-54.8,500,491.217478
-46.9,500,491.303399
-47.1,500,491.38643
-48.6,500,491.469116
-50.8,500,491.551621
-46.6,500,491.635267
-47.7,500,491.71846
-47.7,500,491.800435
-51.1,500,491.882638
-47.7,500,491.966549
-49.2,500,492.049095
-46.6,500,492.131685
-47.3,500,492.214431
-47.0,500,492.297708
-46.8,500,492.380515
-47.7,500,492.462566
-47.0,500,492.545007
-46.6,500,492.629551
-46.8,500,492.711289
-46.6,500,492.793256
-47.8,500,492.875428
-47.0,500,492.959963
-46.7,500,493.042135
-48.0,500,493.12495
-46.6,500,493.207526
-46.9,500,493.291798
-47.5,500,493.373928
-52.3,500,493.457101
-56.0,500,493.539061
-54.7,500,493.623931
-47.2,500,493.705196
-53.5,500,493.788263
-46.7,500,493.870652
-56.0,500,493.955298
-47.4,500,494.036735
-52.9,500,494.119336
-50.1,500,494.202137
-47.2,500,494.287319
-47.3,500,494.36898
-50.0,500,494.450999
-48.9,500,494.533536
-52.1,500,494.618182
-46.7,500,494.700631
-47.5,500,494.781848
-54.3,500,494.866793
-47.4,500,494.960514
-48.7,500,495.043765
-47.3,500,495.124932
-46.9,500,495.207033
-53.8,500,495.292524
-47.5,500,495.374895
-46.7,500,495.457225
-47.4,500,495.538944
-46.7,500,495.623631
-47.3,500,495.706225
-47.5,500,495.787397
-46.6,500,495.869279
-47.8,500,495.953997
-46.8,500,496.036299
-47.5,500,496.118643
-47.4,500,496.2009
-51.1,500,496.287828
-47.3,500,496.370781
-47.3,500,496.453884
-46.9,500,496.535277
-46.7,500,496.619371
-46.7,500,496.70213
-46.8,500,496.784231
-47.3,500,496.866426
-50.3,500,496.950952
-47.4,500,497.033419
-47.6,500,497.116155
-47.5,500,497.198248
-51.6,500,497.281776
-50.8,500,497.364628
-46.7,500,497.447244
-52.6,500,497.529922
-51.5,500,497.614304
-47.0,500,497.696944
-47.8,500,497.778718
-46.9,500,497.860962
-51.0,500,497.944619
-46.8,500,498.027086
-47.0,500,498.109224
-54.3,500,498.19141
-47.3,500,498.275516
-47.1,500,498.358195
-47.7,500,498.440484
-46.8,500,498.523233
-47.5,500,498.608074
-47.0,500,498.690104
-50.1,500,498.803303
-47.7,500,498.886256
-47.5,500,498.970779
-55.1,500,499.052761
-47.0,500,499.13424
-47.1,500,499.216473
-47.0,500,499.302029
-47.0,500,499.384109
-46.6,500,499.46562
-47.0,500,499.548688
-47.4,500,499.633562
-48.3,500,499.71631
-47.1,500,499.797407
-47.9,500,499.880194
-47.0,500,499.965153
-51.3,500,500.048239
-48.6,500,500.129271
-48.8,500,500.211743
-47.4,500,500.296654
-47.8,500,500.379405
-46.5,500,500.46089
-47.4,500,500.543223
-47.8,500,500.627911
-48.3,500,500.7101
-60.2,500,500.793135
-47.4,500,500.874808
-49.4,500,500.960048
-47.7,500,501.042463
-70.9,500,501.125289
-48.2,500,501.206293
-47.1,500,501.292847
-46.7,500,501.37569
-47.3,500,501.457751
-47.4,500,501.538995
-47.3,500,501.623374
-47.1,500,501.705504
-48.2,500,501.78743
-47.5,500,501.868907
-46.8,500,501.952289
-46.8,500,502.034472
-46.7,500,502.117165
-48.0,500,502.199256
-47.5,500,502.282434
-60.6,500,502.365086
-47.2,500,502.447128
-47.0,500,502.529119
-53.4,500,502.613006
-47.0,500,502.695976
-55.7,500,502.778262
-53.8,500,502.860418
-52.3,500,502.944758
-63.1,500,503.026495
-50.3,500,503.109034
-47.5,500,503.190974
-46.9,500,503.275073
-55.3,500,503.35663
-46.5,500,503.438826
-50.0,500,503.520674
-46.6,500,503.605513
-53.7,500,503.686871
-64.1,500,503.770107
-60.7,500,503.852636
-52.3,500,503.936896
-48.5,500,504.018618
-52.5,500,504.100296
-51.3,500,504.182691
-46.6,500,504.268365
-46.5,500,504.350889
-46.6,500,504.43272
-48.0,500,504.515573
-47.2,500,504.600075
-47.8,500,504.682701
-47.1,500,504.764389
-52.1,500,504.847124
-47.1,500,504.931932
-47.3,500,505.014469
-56.8,500,505.096248
-60.1,500,505.179301
-46.9,500,505.264526
-46.9,500,505.347374
-46.8,500,505.42933
-46.6,500,505.510931
-47.3,500,505.595166
-48.6,500,505.677559
-46.7,500,505.7594
-46.5,500,505.841721
-47.1,500,505.927188
-51.7,500,506.010304
-89.4,500,506.093379
-47.1,500,506.175418
-47.3,500,506.261124
-46.7,500,506.345514
-46.8,500,506.427964
-47.4,500,506.50892
-46.9,500,506.593543
-47.4,500,506.676564
-47.5,500,506.759158
-47.3,500,506.840868
-47.1,500,506.925354
-51.4,500,507.008055
-46.7,500,507.090984
-47.6,500,507.172809
-46.6,500,507.256563
-46.8,500,507.339029
-46.8,500,507.421485
-47.4,500,507.502408
-47.5,500,507.587171
-47.6,500,507.66948
-49.1,500,507.75195
-47.6,500,507.833895
-47.3,500,507.91703
-47.2,500,507.999419
-47.9,500,508.082068
-46.6,500,508.164588
-54.2,500,508.24874
-46.6,500,508.331355
-47.4,500,508.413179
-46.7,500,508.495405
-46.7,500,508.579563
-47.4,500,508.661746
-48.0,500,508.743952
-47.1,500,508.826005
-47.2,500,508.910191
-54.0,500,508.992978
-57.2,500,509.075746
-52.4,500,509.158043
-48.1,500,509.24259
-47.9,500,509.325447
-47.4,500,509.408211
-46.7,500,509.490339
-47.1,500,509.574697
-52.3,500,509.656691
-47.8,500,509.738858
-46.9,500,509.821092
-47.7,500,509.905942
-47.3,500,509.987252
-49.2,500,510.069375
-47.3,500,510.152102
-47.6,500,510.23657
-47.9,500,510.318223
-48.2,500,510.400898
-48.7,500,510.483956
-47.4,500,510.568023
-47.4,500,510.650041
-47.6,500,510.731527
-48.7,500,510.814217
-46.8,500,510.899505
-46.8,500,510.981828
-47.6,500,511.063241
-46.6,500,511.145581
-47.4,500,511.230923
-47.4,500,511.315626
-47.4,500,511.397335
-47.8,500,511.479962
-47.2,500,511.564385
-48.6,500,511.646262
-46.8,500,511.727814
-46.9,500,511.810588
-72.8,500,511.896091
-47.3,500,511.978665
-48.4,500,512.060779
-52.1,500,512.142603
-48.6,500,512.227378
-46.9,500,512.309718
-51.5,500,512.391741
-51.2,500,512.473043
-56.1,500,512.557977
-49.1,500,512.640406
-50.0,500,512.722606
-47.1,500,512.803888
-46.9,500,512.888648
-46.9,500,512.970926
-46.8,500,513.053036
-46.9,500,513.133998
-46.8,500,513.218283
-46.8,500,513.300713
-49.3,500,513.383314
-47.1,500,513.465947
-48.1,500,513.550463
-46.9,500,513.633071
-51.4,500,513.715484
-47.9,500,513.797849
-51.5,500,513.881461
-46.7,500,513.964907
-71.5,500,514.047781
-53.5,500,514.130304
-47.3,500,514.214754
-70.0,500,514.297707
-47.1,500,514.38037
-46.7,500,514.462567
-51.4,500,514.546457
-47.1,500,514.629769
-47.5,500,514.712422
-56.2,500,514.794689
-47.3,500,514.87949
-47.6,500,514.96115
-46.7,500,515.04423
-47.2,500,515.126538
-47.5,500,515.211057
-47.3,500,515.29262
-52.7,500,515.374739
-48.0,500,515.457259
-47.7,500,515.541879
-47.2,500,515.623503
-52.9,500,515.706268
-47.3,500,515.789035
-46.9,500,515.874641
-51.0,500,515.956014
-48.3,500,516.038207
-54.9,500,516.120481
-46.7,500,516.204396
-47.0,500,516.288147
-51.9,500,516.370861
-51.6,500,516.452959
-60.9,500,516.538365
-46.8,500,516.619865
-46.8,500,516.702658
-52.7,500,516.785031
-47.3,500,516.8706
-46.8,500,516.953103
-47.1,500,517.034622
-46.9,500,517.117353
-46.7,500,517.201813
-49.0,500,517.284275
-47.0,500,517.365391
-47.0,500,517.448022
-46.9,500,517.532878
-47.0,500,517.615224
-47.0,500,517.69712
-47.1,500,517.778375
-46.7,500,517.862805
-46.8,500,517.945808
-46.5,500,518.027842
-46.7,500,518.14766
-46.9,500,518.232096
-53.1,500,518.313712
-46.7,500,518.395773
-46.6,500,518.478067
-46.6,500,518.563291
-47.2,500,518.644546
-47.4,500,518.727036
-47.0,500,518.809509
-47.0,500,518.893965
-46.7,500,518.975487
-52.2,500,519.061589
-46.9,500,519.143731
-46.9,500,519.228596
-46.5,500,519.310431
-48.9,500,519.392678
-47.7,500,519.474823
-47.1,500,519.560266
-57.3,500,519.642696
-46.8,500,519.724025
-47.0,500,519.806645
-46.7,500,519.891276
-48.4,500,519.973974
-46.8,500,520.054932
-54.7,500,520.137476
-46.9,500,520.222943
-47.0,500,520.305414
-51.1,500,520.387387
-47.1,500,520.470481
-46.8,500,520.555519
-46.9,500,520.63843
-46.8,500,520.720425
-46.8,500,520.802002
-46.9,500,520.887661
-46.6,500,520.970555
-50.9,500,521.053104
-46.6,500,521.134479
-46.8,500,521.218499
-47.8,500,521.302754
-46.6,500,521.385573
-54.0,500,521.46794
-46.8,500,521.551642
-46.8,500,521.634405
-46.9,500,521.716924
-46.9,500,521.799518
-46.7,500,521.883941
-52.1,500,521.967176
-57.3,500,522.050029
-51.7,500,522.13272
-47.1,500,522.216394
-47.0,500,522.299566
-46.8,500,522.381814
-46.9,500,522.464544
-47.1,500,522.549284
-46.8,500,522.631117
-46.8,500,522.713344
-46.5,500,522.79619
-46.8,500,522.880866
-47.5,500,522.962243
-58.3,500,523.044956
-46.9,500,523.127442
-47.2,500,523.211608
-46.9,500,523.293169
-60.9,500,523.376123
-47.8,500,523.459291
-46.8,500,523.544861
-47.0,500,523.626422
-46.6,500,523.709036
-46.8,500,523.791538
-60.3,500,523.876875
-47.0,500,523.959283
-46.9,500,524.041147
-48.7,500,524.124053
-48.1,500,524.209258
-47.1,500,524.291905
-47.3,500,524.373869
-46.8,500,524.456141
-51.6,500,524.541254
-46.6,500,524.623981
-47.1,500,524.706094
-46.7,500,524.788215
-47.1,500,524.873614
-46.8,500,524.956051
-46.9,500,525.038633
-47.0,500,525.12046
-46.5,500,525.206105
-47.1,500,525.288563
-49.1,500,525.37145
-47.7,500,525.45249
-46.8,500,525.537091
-47.3,500,525.619748
-46.9,500,525.702422
-47.1,500,525.783657
-47.4,500,525.868462
-46.6,500,525.951341
-49.7,500,526.033619
-47.6,500,526.11524
-48.2,500,526.198348
-57.0,500,526.280663
-47.1,500,526.364666
-46.5,500,526.447277
-56.5,500,526.531195
-46.6,500,526.614244
-46.8,500,526.696701
-47.3,500,526.779095
-47.3,500,526.864779
-46.6,500,526.946994
-46.5,500,527.030054
-46.8,500,527.112811
-46.9,500,527.197788
-47.1,500,527.280123
-47.2,500,527.363026
-47.5,500,527.445698
-46.7,500,527.531822
-47.0,500,527.614208
-48.8,500,527.695783
-46.8,500,527.778622
-52.7,500,527.863242
-49.4,500,527.945872
-46.6,500,528.02802
-47.2,500,528.110363
-46.7,500,528.195158
-46.5,500,528.2781
-47.0,500,528.359947
-73.6,500,528.442634
-46.7,500,528.528363
-47.1,500,528.611383
-46.8,500,528.693975
-46.5,500,528.776113
-46.9,500,528.860305
-46.7,500,528.943064
-46.6,500,529.025429
-47.2,500,529.107291
-51.7,500,529.192225
-59.4,500,529.275427
-47.3,500,529.358256
-50.1,500,529.440639
-46.7,500,529.524382
-47.8,500,529.606897
-50.4,500,529.688732
-60.7,500,529.770762
-48.5,500,529.854888
-47.7,500,529.937404
-47.5,500,530.019792
-46.7,500,530.102416
-47.3,500,530.187058
-56.2,500,530.270521
-47.7,500,530.353295
-47.4,500,530.435577
-48.2,500,530.519392
-47.8,500,530.60211
-50.1,500,530.68477
-47.0,500,530.76694
-47.3,500,530.851192
-47.6,500,530.934007
-47.4,500,531.016674
-47.6,500,531.099075
-47.5,500,531.183512
-46.9,500,531.265167
-47.0,500,531.349608
-47.2,500,531.432405
-47.0,500,531.516313
-46.9,500,531.598376
-46.8,500,531.681134
-46.9,500,531.764067
-47.0,500,531.849297
-47.7,500,531.930551
-46.8,500,532.012676
-46.7,500,532.095201
-47.0,500,532.179787
-47.1,500,532.262384
-54.4,500,532.344064
-47.3,500,532.426468
-47.8,500,532.512064
-46.9,500,532.593994
-47.2,500,532.675409
-48.1,500,532.757551
-56.9,500,532.84244
-46.7,500,532.925352
-47.5,500,533.006398
-47.0,500,533.089036
-47.4,500,533.173377
-46.9,500,533.255772
-48.8,500,533.337395
-46.6,500,533.419893
-47.6,500,533.505131
-46.5,500,533.587822
-47.4,500,533.670053
-51.7,500,533.751656
-47.3,500,533.83639
-53.3,500,533.919532
-77.4,500,534.002734
-48.9,500,534.084495
-54.3,500,534.1696
-47.0,500,534.252473
-47.1,500,534.335367
-56.8,500,534.418268
-47.0,500,534.501684
-47.7,500,534.584982
-46.9,500,534.668045
-47.9,500,534.750634
-47.0,500,534.834557
-47.5,500,534.917204
-47.3,500,534.999937
-47.4,500,535.082686
-47.1,500,535.166357
-46.9,500,535.249436
-46.9,500,535.332232
-47.4,500,535.415299
-48.3,500,535.500408
-46.9,500,535.581945
-46.9,500,535.664638
-46.8,500,535.747435
-47.0,500,535.833145
-47.0,500,535.914811
-53.6,500,535.99798
-47.9,500,536.080543
-50.4,500,536.165569
-46.5,500,536.24859
-46.8,500,536.332314
-47.1,500,536.415115
-46.8,500,536.50059
-47.0,500,536.583185
-47.0,500,536.665229
-47.2,500,536.781062
-47.0,500,536.866451
-47.0,500,536.949283
-46.9,500,537.032416
-47.0,500,537.114849
-50.9,500,537.198571
-46.6,500,537.281757
-47.6,500,537.36373
-46.7,500,537.445648
-46.6,500,537.529664
-46.7,500,537.612221
-47.7,500,537.694833
-50.6,500,537.777414
-53.8,500,537.861131
-47.7,500,537.94286
-46.9,500,538.025517
-47.0,500,538.107621
-47.0,500,538.191924
-47.3,500,538.273972
-47.4,500,538.357166
-46.7,500,538.439989
-47.1,500,538.524906
-46.8,500,538.606663
-46.7,500,538.688902
-69.8,500,538.771787
-47.2,500,538.85672
-47.8,500,538.952951
-47.6,500,539.044857
-46.9,500,539.134713
-46.7,500,539.229006
-47.0,500,539.327093
-46.8,500,539.418482
-46.9,500,539.507228
-51.8,500,539.599861
-46.8,500,539.683388
-55.6,500,539.766647
-46.6,500,539.849822
-46.9,500,539.93378
-46.8,500,540.017099
-50.8,500,540.100222
-46.9,500,540.183159
-47.4,500,540.268236
-47.1,500,540.350235
-48.0,500,540.43274
-46.7,500,540.51515
-51.3,500,540.600235
-56.6,500,540.682744
-46.6,500,540.772545
-47.2,500,540.866684
-46.7,500,540.952538
-46.8,500,541.035103
-56.0,500,541.116316
-46.7,500,541.198819
-48.5,500,541.283633
-47.6,500,541.367512
-58.6,500,541.449276
-48.5,500,541.5323
-48.9,500,541.617682
-47.8,500,541.700753
-47.2,500,541.782513
-50.7,500,541.865797
-50.2,500,541.950804
-47.4,500,542.033357
-55.6,500,542.115082
-47.2,500,542.196841
-50.1,500,542.282069
-46.9,500,542.365216
-47.7,500,542.447713
-52.8,500,542.52884
-46.5,500,542.61345
-47.3,500,542.69604
-53.6,500,542.778379
-47.1,500,542.859548
-46.6,500,542.943251
-47.0,500,543.026471
-46.6,500,543.109499
-49.7,500,543.191522
-46.8,500,543.275693
-47.7,500,543.358362
-47.2,500,543.440878
-47.4,500,543.523247
-50.2,500,543.60773
-50.2,500,543.690027
-46.7,500,543.772603
-48.7,500,543.855116
-46.8,500,543.93919
-47.5,500,544.021317
-46.7,500,544.103151
-49.3,500,544.185534
-47.1,500,544.27015
-66.2,500,544.352501
-48.9,500,544.434967
-68.5,500,544.517311
-49.0,500,544.602066
-94.1,500,544.683972
-63.3,500,544.766241
-53.9,500,544.848862
-52.1,500,544.932834
-55.1,500,545.01463
-47.4,500,545.09751
-52.2,500,545.180825
-51.4,500,545.26565
-46.7,500,545.347857
-46.6,500,545.430758
-47.0,500,545.51333
-51.1,500,545.597656
-70.5,500,545.679628
-51.5,500,545.762222
-54.7,500,545.845018
-71.1,500,545.930796
-49.2,500,546.012926
-46.6,500,546.095695
-56.2,500,546.179384
-47.7,500,546.264222
-49.4,500,546.349062
-48.1,500,546.430663
-48.1,500,546.514273
-52.2,500,546.599316
-47.6,500,546.681533
-49.1,500,546.762922
-46.5,500,546.845649
-47.7,500,546.931275
-47.3,500,547.01353
-51.1,500,547.094655
-47.7,500,547.176967
-64.7,500,547.262517
-47.6,500,547.345771
-47.3,500,547.427817
-50.1,500,547.509937
-47.1,500,547.596085
-57.5,500,547.678934
-55.8,500,547.761081
-51.1,500,547.842267
-46.9,500,547.927234
-46.9,500,548.010019
-48.1,500,548.092628
-50.0,500,548.174184
-46.8,500,548.258424
-47.1,500,548.341289
-46.9,500,548.423943
-47.0,500,548.505209
-47.0,500,548.589944
-46.6,500,548.672657
-46.9,500,548.754817
-47.1,500,548.836363
-52.6,500,548.92065
-47.3,500,549.00327
-47.4,500,549.085911
-49.4,500,549.167654
-49.8,500,549.252556
-47.8,500,549.335454
-47.9,500,549.417632
-49.2,500,549.499977
-62.1,500,549.583656
-49.0,500,549.666788
-46.8,500,549.749619
-49.2,500,549.832253
-47.2,500,549.915716
-47.6,500,549.998799
-48.6,500,550.081421
-47.0,500,550.163896
-46.9,500,550.247701
-47.2,500,550.330128
-46.7,500,550.412754
-48.6,500,550.495345
-47.0,500,550.579102
-46.8,500,550.661929
-46.9,500,550.744665
-48.0,500,550.827106
-46.9,500,550.910995
-57.6,500,550.993756
-50.8,500,551.075974
-58.9,500,551.158581
-47.7,500,551.242573
-47.1,500,551.327606
-46.7,500,551.411489
-47.1,500,551.4942
-46.8,500,551.578816
-47.3,500,551.661013
-51.4,500,551.743639
-47.0,500,551.826129
-54.5,500,551.911957
-47.0,500,551.994448
-47.5,500,552.076889
-47.3,500,552.160166
-46.8,500,552.245298
-47.1,500,552.327256
-47.7,500,552.410354
-46.8,500,552.49265
-46.8,500,552.578611
-46.8,500,552.660872
-47.3,500,552.742583
-56.7,500,552.8257
-46.7,500,552.910985
-46.7,500,552.993237
-47.3,500,553.07543
-46.9,500,553.157928
-48.7,500,553.242542
-47.9,500,553.324715
-46.8,500,553.406334
-47.5,500,553.489209
-47.3,500,553.574737
-47.1,500,553.657656
-51.0,500,553.739757
-50.6,500,553.822468
-47.2,500,553.907589
-46.9,500,553.99043
-46.8,500,554.072893
-46.6,500,554.154624
-46.8,500,554.240349
-47.1,500,554.323279
-47.4,500,554.405603
-46.9,500,554.487794
-53.8,500,554.573155
-47.2,500,554.656107
-47.7,500,554.738498
-46.7,500,554.820163
-47.9,500,554.904998
-48.1,500,554.987552
-46.7,500,555.070238
-47.3,500,555.152036
-47.2,500,555.236899
-47.1,500,555.319971
-47.4,500,555.40282
-47.3,500,555.484344
-47.9,500,555.569032
-47.9,500,555.65193
-50.2,500,555.734649
-48.1,500,555.817265
-52.1,500,555.902737
-47.1,500,555.985926
-51.2,500,556.069002
-47.1,500,556.15163
-51.0,500,556.271186
-47.2,500,556.354622
-49.0,500,556.43677
-54.2,500,556.519302
-52.3,500,556.604794
-46.8,500,556.687616
-48.6,500,556.78503
-46.7,500,556.869399
-47.9,500,556.955302
-47.1,500,557.038264
-46.9,500,557.120491
-50.8,500,557.202434
-47.2,500,557.2877
-76.0,500,557.370875
-46.8,500,557.453688
-46.8,500,557.534802
-49.4,500,557.62103
-46.8,500,557.70458
-47.6,500,557.787296
-47.0,500,557.868841
-47.0,500,557.953374
-47.6,500,558.03601
-46.8,500,558.118822
-47.2,500,558.20104
-46.6,500,558.285885
-46.8,500,558.368986
-47.2,500,558.451574
-47.6,500,558.534169
-47.3,500,558.618647
-47.1,500,558.701824
-47.1,500,558.784431
-47.1,500,558.866843
-47.0,500,558.950971
-46.6,500,559.034206
-46.9,500,559.11705
-47.2,500,559.199804
-52.9,500,559.284451
-54.1,500,559.367758
-47.1,500,559.450787
-63.8,500,559.534543
-46.9,500,559.619597
-47.0,500,559.703119
-47.0,500,559.786715
-47.2,500,559.869693
-47.5,500,559.954701
-53.5,500,560.036758
-47.2,500,560.119678
-68.9,500,560.202697
-51.7,500,560.288037
-47.1,500,560.370282
-47.0,500,560.452855
-49.6,500,560.535817
-47.2,500,560.621829
-47.1,500,560.70347
-47.3,500,560.786478
-47.2,500,560.869586
-46.8,500,560.955221
-51.4,500,561.037757
-50.6,500,561.119338
-47.0,500,561.201969
-47.1,500,561.287361
-46.9,500,561.372347
-46.7,500,561.455179
-46.6,500,561.538498
-62.9,500,561.623917
-46.9,500,561.706876
-47.4,500,561.78968
-47.0,500,561.87204
-47.5,500,561.957771
-46.9,500,562.040654
-47.5,500,562.124521
-47.6,500,562.206192
-47.9,500,562.290834
-46.8,500,562.37369
-46.9,500,562.456893
-47.0,500,562.539227
-48.9,500,562.623989
-46.6,500,562.707252
-47.4,500,562.789805
-58.0,500,562.872704
-48.3,500,562.957231
-47.5,500,563.040304
-46.6,500,563.12376
-46.9,500,563.206378
-46.7,500,563.291506
-46.9,500,563.373826
-47.3,500,563.456226
-47.2,500,563.539107
-48.5,500,563.625115
-47.0,500,563.707856
-46.8,500,563.791416
-47.1,500,563.87416
-51.7,500,563.958967
-47.0,500,564.0415
-47.8,500,564.12357
-47.0,500,564.206511
-46.8,500,564.29296
-48.0,500,564.376167
-52.0,500,564.458191
-49.6,500,564.541295
-65.5,500,564.626998
-47.1,500,564.710082
-47.3,500,564.791473
-47.3,500,564.874961
-46.8,500,564.960652
-48.0,500,565.043181
-46.7,500,565.124883
-51.5,500,565.207905
-49.7,500,565.293899
-55.8,500,565.377894
-47.4,500,565.460039
-47.6,500,565.541942
-50.1,500,565.627105
-50.1,500,565.709806
-47.2,500,565.792468
-48.2,500,565.874094
-50.7,500,565.960476
-47.1,500,566.043556
-47.7,500,566.12642
-47.6,500,566.208154
-49.5,500,566.293269
-54.0,500,566.378062
-49.6,500,566.461193
-46.8,500,566.543506
-46.9,500,566.626991
-47.1,500,566.709832
-47.2,500,566.792673
-47.1,500,566.874916
-49.0,500,566.959194
-47.0,500,567.041479
-47.5,500,567.124031
-47.4,500,567.205801
-47.0,500,567.290251
-47.0,500,567.373589
-46.9,500,567.456185
-47.5,500,567.538655
-46.9,500,567.623784
-47.4,500,567.705589
-50.1,500,567.788534
-53.1,500,567.870838
-47.4,500,567.955159
-58.2,500,568.037733
-46.9,500,568.120191
-47.3,500,568.202995
-47.0,500,568.288009
-47.2,500,568.369715
-47.1,500,568.452401
-60.2,500,568.535315
-53.7,500,568.621162
-46.7,500,568.702739
-47.1,500,568.785414
-47.4,500,568.868045
-47.3,500,568.953158
-47.8,500,569.035521
-48.0,500,569.116873
-46.8,500,569.199276
-46.9,500,569.284821
-47.6,500,569.367424
-47.1,500,569.449069
-47.1,500,569.531493
-47.1,500,569.615998
-48.3,500,569.698504
-47.4,500,569.780941
-46.9,500,569.863052
-46.9,500,569.947889
-47.0,500,570.029817
-47.5,500,570.112392
-47.2,500,570.193554
-46.5,500,570.278833
-49.0,500,570.361762
-47.0,500,570.444237
-47.0,500,570.525452
-46.8,500,570.610339
-47.0,500,570.693237
-46.7,500,570.77579
-48.0,500,570.858447
-46.8,500,570.943702
-55.8,500,571.026009
-47.4,500,571.108435
-48.0,500,571.191133
-50.3,500,571.275361
-58.6,500,571.359638
-48.9,500,571.443589
-46.9,500,571.526493
-59.6,500,571.612026
-50.7,500,571.694962
-46.8,500,571.778443
-47.3,500,571.861281
-47.0,500,571.945535
-47.3,500,572.027641
-46.6,500,572.110164
-46.6,500,572.192933
-51.3,500,572.277768
-57.1,500,572.359743
-47.6,500,572.44294
-46.5,500,572.526113
-47.0,500,572.611754
-47.0,500,572.693279
-49.8,500,572.775591
-46.7,500,572.858264
-47.3,500,572.94329
-46.9,500,573.024587
-47.0,500,573.106947
-64.6,500,573.189944
-55.0,500,573.275721
-47.3,500,573.358083
-46.8,500,573.440195
-47.9,500,573.522532
-46.5,500,573.607853
-47.9,500,573.69049
-49.6,500,573.772408
-56.6,500,573.855521
-47.4,500,573.940281
-47.1,500,574.023064
-46.6,500,574.105247
-49.9,500,574.186595
-46.9,500,574.272601
-46.9,500,574.35526
-47.4,500,574.438313
-47.1,500,574.519652
-47.2,500,574.603862
-47.6,500,574.686562
-47.2,500,574.802406
-54.4,500,574.885722
-47.5,500,574.970701
-47.6,500,575.052383
-48.7,500,575.135531
-48.7,500,575.217864
-47.0,500,575.302902
-47.3,500,575.384363
-48.0,500,575.466933
-47.3,500,575.54965
-47.0,500,575.634512
-50.8,500,575.717297
-47.4,500,575.799708
-47.0,500,575.882435
-48.5,500,575.967633
-50.9,500,576.05065
-47.5,500,576.132546
-47.0,500,576.215327
-52.9,500,576.300685
-48.8,500,576.386095
-56.6,500,576.468515
-47.0,500,576.550102
-47.0,500,576.635424
-47.9,500,576.718611
-46.7,500,576.801569
-46.9,500,576.88299
-47.2,500,576.967861
-47.1,500,577.050449
-58.1,500,577.1327
-46.9,500,577.213987
-46.9,500,577.297639
-48.0,500,577.379973
-47.7,500,577.462253
-46.9,500,577.543168
-46.7,500,577.62879
-46.8,500,577.711116
-53.4,500,577.793021
-48.9,500,577.87576
-47.4,500,577.959069
-46.7,500,578.041818
-47.6,500,578.123887
-51.2,500,578.20614
-47.2,500,578.290016
-47.0,500,578.373107
-47.1,500,578.455118
-47.2,500,578.537332
-47.1,500,578.620993
-47.0,500,578.703845
-48.0,500,578.786742
-46.6,500,578.869826
-48.0,500,578.953566
-46.9,500,579.036385
-46.9,500,579.118974
-47.5,500,579.201591
-46.8,500,579.286395
-47.1,500,579.368295
-54.8,500,579.450888
-47.6,500,579.533016
-47.0,500,579.617661
-48.7,500,579.699457
-49.9,500,579.782388
-47.3,500,579.864644
-47.5,500,579.949834
-47.0,500,580.031956
-47.3,500,580.113861
-47.3,500,580.196507
-46.7,500,580.28151
-47.7,500,580.364042
-70.3,500,580.446735
-47.5,500,580.530035
-52.7,500,580.615699
-46.8,500,580.69847
-52.6,500,580.779938
-47.4,500,580.862563
-49.8,500,580.947878
-49.7,500,581.030596
-46.8,500,581.112799
-49.7,500,581.19522
-47.3,500,581.2803
-54.6,500,581.364911
-47.5,500,581.447707
-47.0,500,581.529645
-46.9,500,581.614886
-47.1,500,581.698114
-47.4,500,581.780947
-46.9,500,581.862808
-47.3,500,581.947822
-47.2,500,582.030768
-47.1,500,582.112931
-52.3,500,582.194401
-57.2,500,582.278684
-48.4,500,582.361191
-55.2,500,582.443645
-46.8,500,582.524865
-63.0,500,582.609551
-57.3,500,582.691775
-49.6,500,582.773864
-49.4,500,582.855887
-51.7,500,582.94063
-49.1,500,583.023041
-47.0,500,583.105382
-55.7,500,583.185936
-49.0,500,583.270307
-48.1,500,583.352799
-50.8,500,583.434826
-54.5,500,583.516735
-47.0,500,583.601077
-48.0,500,583.683509
-47.4,500,583.765418
-47.1,500,583.846436
-47.4,500,583.930353
-49.9,500,584.013
-48.1,500,584.095452
-46.8,500,584.177593
-47.4,500,584.262152
-46.6,500,584.345319
-47.6,500,584.428033
-48.5,500,584.51055
-48.1,500,584.594433
-47.4,500,584.677249
-47.3,500,584.759435
-50.7,500,584.841734
-47.2,500,584.925151
-47.0,500,585.007881
-46.6,500,585.090588
-47.1,500,585.173431
-47.7,500,585.258667
-46.9,500,585.340529
-46.9,500,585.42301
-50.7,500,585.505492
-47.1,500,585.589812
-46.8,500,585.671817
-46.8,500,585.753971
-47.3,500,585.837159
-46.5,500,585.923095
-58.1,500,586.004774
-47.0,500,586.086897
-46.7,500,586.169031
-47.1,500,586.253348
-47.1,500,586.335324
-50.5,500,586.418993
-47.2,500,586.501524
-47.1,500,586.586947
-47.0,500,586.668652
-47.7,500,586.751419
-47.3,500,586.834225
-50.0,500,586.919301
-47.3,500,587.000996
-47.7,500,587.083549
-56.7,500,587.165825
-49.0,500,587.250821
-48.0,500,587.333527
-50.0,500,587.415591
-52.7,500,587.498788
-49.9,500,587.584103
-48.9,500,587.666339
-46.7,500,587.747639
-47.1,500,587.830102
-47.7,500,587.914831
-46.7,500,587.997474
-47.0,500,588.079687
-47.4,500,588.161315
-47.1,500,588.245705
-46.8,500,588.328576
-46.6,500,588.410742
-51.6,500,588.492707
-47.2,500,588.577131
-46.8,500,588.659641
-58.4,500,588.741795
-46.7,500,588.823747
-46.8,500,588.908766
-47.1,500,588.991219
-47.7,500,589.073081
-46.9,500,589.154412
-59.7,500,589.239132
-51.0,500,589.321699
-50.1,500,589.40415
-49.2,500,589.485803
-47.1,500,589.569537
-47.6,500,589.652595
-52.9,500,589.735366
-47.0,500,589.817959
-58.2,500,589.901224
-47.5,500,589.983731
-50.8,500,590.065927
-46.8,500,590.148012
-47.0,500,590.23198
-47.0,500,590.314317
-46.8,500,590.397232
-47.0,500,590.480194
-47.5,500,590.564047
-46.8,500,590.646994
-47.7,500,590.729493
-47.0,500,590.811904
-46.9,500,590.896348
-47.5,500,590.978491
-47.0,500,591.061272
-51.1,500,591.143887
-46.9,500,591.228667
-46.9,500,591.310739
-48.7,500,591.395302
-46.8,500,591.478362
-47.2,500,591.562799
-48.8,500,591.645147
-59.7,500,591.727359
-46.7,500,591.80995
-47.4,500,591.895479
-47.1,500,591.978141
-46.7,500,592.059518
-46.9,500,592.142057
-47.3,500,592.226735
-47.1,500,592.309442
-47.0,500,592.391291
-46.9,500,592.474156
-47.0,500,592.559335
-52.0,500,592.641548
-46.7,500,592.724076
-47.5,500,592.805602
-47.1,500,592.890188
-47.9,500,592.972715
-52.2,500,593.055331
-47.9,500,593.136882
-46.5,500,593.222052
-46.9,500,593.304206
-46.7,500,593.386861
-50.2,500,593.468553
-46.7,500,593.593493
-47.2,500,593.675643
-47.4,500,593.758275
-47.0,500,593.84103
-46.7,500,593.925119
-55.8,500,594.006611
-50.4,500,594.089658
-47.1,500,594.172238
-55.6,500,594.256805
-47.3,500,594.338324
-47.6,500,594.420292
-47.2,500,594.502252
-47.0,500,594.586452
-53.2,500,594.66814
-52.9,500,594.750428
-47.9,500,594.832498
-47.1,500,594.91695
-47.0,500,594.998352
-46.7,500,595.080967
-46.8,500,595.163608
-46.6,500,595.248821
-48.6,500,595.331596
-47.6,500,595.413111
-47.0,500,595.495728
-47.2,500,595.580525
-47.0,500,595.663251
-46.8,500,595.744763
-47.0,500,595.827176
-48.3,500,595.912717
-47.0,500,595.995871
-57.4,500,596.076919
-47.0,500,596.159858
-49.8,500,596.24468
-46.8,500,596.327729
-50.7,500,596.411516
-47.7,500,596.494066
-47.8,500,596.579398
-60.0,500,596.662576
-53.7,500,596.745386
-48.2,500,596.826848
-47.0,500,596.912193
-46.9,500,596.994335
-49.6,500,597.076828
-47.1,500,597.15833
-47.5,500,597.242998
-46.7,500,597.325485
-47.1,500,597.408179
-47.6,500,597.490093
-49.0,500,597.574864
-51.4,500,597.657527
-47.2,500,597.739851
-47.1,500,597.822623
-50.0,500,597.907004
-46.8,500,597.990305
-47.6,500,598.072711
-46.6,500,598.155175
-47.3,500,598.238518
-57.7,500,598.321453
-46.7,500,598.404006
-47.0,500,598.485936
-52.1,500,598.570892
-47.0,500,598.652873
-47.3,500,598.735364
-47.5,500,598.818258
-47.3,500,598.902631
-47.3,500,598.984849
-51.9,500,599.067674
-46.9,500,599.150209
-46.8,500,599.235522
-47.3,500,599.31713
-46.7,500,599.39955
-46.9,500,599.482152
-46.8,500,599.566531
-46.5,500,599.648666
-46.9,500,599.730891
-47.0,500,599.813448
-47.0,500,599.898097
-48.6,500,599.980141
-47.5,500,600.062842
-46.9,500,600.145422
-47.5,500,600.230433
-46.9,500,600.312274
-47.3,500,600.395018
-46.8,500,600.477591
-55.0,500,600.562083
-47.0,500,600.643262
-48.5,500,600.725504
-47.2,500,600.808032
-49.3,500,600.893634
-46.6,500,600.975648
-46.6,500,601.057592
-47.3,500,601.140403
-46.7,500,601.225547
-47.4,500,601.308021
-46.7,500,601.389928
-51.7,500,601.476167
-46.7,500,601.561689
-71.2,500,601.644757
-46.5,500,601.726413
-46.6,500,601.809351
-46.7,500,601.894216
-46.6,500,601.976797
-46.5,500,602.057742
-46.7,500,602.139947
-46.5,500,602.224186
-48.7,500,602.306826
-50.7,500,602.387211
-46.8,500,602.46959
-46.7,500,602.555057
-46.6,500,602.637263
-47.5,500,602.719803
-52.3,500,602.801357
-46.9,500,602.885877
-73.6,500,602.969241
-51.0,500,603.051986
-47.6,500,603.133175
-47.4,500,603.217064
-49.4,500,603.29988
-50.2,500,603.382462
-47.8,500,603.463944
-50.4,500,603.547808
-46.7,500,603.630732
-49.3,500,603.713032
-57.0,500,603.795171
-46.7,500,603.878162
-47.0,500,603.960048
-46.9,500,604.042884
-47.3,500,604.125319
-47.3,500,604.210347
-47.6,500,604.292947
-46.7,500,604.375649
-58.5,500,604.458078
-52.7,500,604.541774
-55.1,500,604.6249
-88.0,500,604.707743
-47.1,500,604.78975
-48.1,500,604.873473
-47.3,500,604.95657
-48.5,500,605.039047
-53.5,500,605.122014
-47.0,500,605.207174
-48.3,500,605.289219
-48.3,500,605.371985
-48.1,500,605.454702
-47.7,500,605.539421
-52.5,500,605.62181
-53.1,500,605.704596
-47.3,500,605.78763
-48.1,500,605.873321
-47.7,500,605.955927
-48.6,500,606.038666
-47.9,500,606.120783
-46.7,500,606.205815
-53.2,500,606.287703
-51.3,500,606.370557
-47.4,500,606.455365
-50.6,500,606.540479
-50.7,500,606.622905
-53.9,500,606.704619
-47.3,500,606.787377
-50.3,500,606.872481
-46.8,500,606.954749
-46.6,500,607.036095
-62.7,500,607.118953
-50.8,500,607.203946
-48.2,500,607.286884
-56.5,500,607.368315
-54.1,500,607.450765
-54.0,500,607.535878
-47.1,500,607.618383
-46.8,500,607.699638
-46.7,500,607.782445
-47.5,500,607.867478
-53.7,500,607.950455
-46.8,500,608.033167
-47.7,500,608.115239
-48.5,500,608.199998
-48.9,500,608.282545
-47.3,500,608.365117
-46.8,500,608.4467
-47.7,500,608.532011
-47.1,500,608.614642
-59.8,500,608.697064
-46.5,500,608.779174
-46.9,500,608.864055
-47.6,500,608.946673
-47.6,500,609.028649
-49.6,500,609.109966
-49.4,500,609.194905
-52.4,500,609.277312
-46.9,500,609.360128
-46.6,500,609.442271
-48.2,500,609.525662
-58.7,500,609.608919
-46.7,500,609.690869
-48.8,500,609.772656
-78.5,500,609.857369
-46.6,500,609.954054
-47.5,500,610.048513
-46.7,500,610.138626
-46.7,500,610.232981
-47.0,500,610.33157
-60.9,500,610.465435
-46.7,500,610.804195
-46.6,500,611.025272
-47.5,500,611.10804
-49.2,500,611.190735
-46.6,500,611.273013
-46.7,500,611.358565
-46.6,500,611.442282
-46.7,500,611.525052
-46.9,500,611.606443
-46.7,500,611.691306
-46.7,500,611.775346
-47.5,500,611.874831
-50.6,500,611.960121
-46.7,500,612.043795
-50.2,500,612.126253
-48.8,500,612.209025
-46.8,500,612.291204
-47.2,500,612.375597
-48.2,500,612.457383
-51.3,500,612.540034
-47.0,500,612.622709
-46.9,500,612.707484
-62.9,500,612.789377
-46.9,500,612.872416
-56.2,500,612.95473
-52.5,500,613.040573
-51.4,500,613.122003
-48.5,500,613.236178
-46.9,500,613.319075
-47.1,500,613.403462
-48.0,500,613.485357
-47.0,500,613.567183
-46.9,500,613.64847
-49.7,500,613.733225
-46.6,500,613.815926
-47.2,500,613.897859
-60.3,500,613.979468
-47.0,500,614.064198
-47.6,500,614.147689
-47.3,500,614.229996
-47.2,500,614.311406
-46.9,500,614.396249
-47.2,500,614.478474
-47.3,500,614.560329
-47.3,500,614.641635
-47.5,500,614.726167
-46.8,500,614.808776
-47.9,500,614.891401
-46.6,500,614.973843
-48.3,500,615.057383
-50.1,500,615.14005
-46.6,500,615.222115
-49.3,500,615.304286
-55.2,500,615.387677
-47.7,500,615.470785
-48.6,500,615.553379
-50.8,500,615.636239
-47.2,500,615.720341
-47.4,500,615.803443
-46.6,500,615.886489
-47.7,500,615.968815
-46.9,500,616.05239
-47.7,500,616.135124
-46.7,500,616.217789
-52.2,500,616.300952
-47.6,500,616.387056
-49.9,500,616.471965
-47.0,500,616.554773
-63.2,500,616.637581
-46.8,500,616.723058
-47.0,500,616.80478
-46.9,500,616.887154
-48.3,500,616.969136
-47.7,500,617.052698
-46.7,500,617.13454
-47.6,500,617.217698
-46.9,500,617.300418
-46.7,500,617.385365
-47.3,500,617.467536
-46.6,500,617.550669
-47.1,500,617.633269
-47.6,500,617.717805
-48.1,500,617.800389
-47.5,500,617.882655
-46.8,500,617.965429
-46.9,500,618.05111
-47.4,500,618.133519
-47.1,500,618.21507
-47.3,500,618.297955
-46.7,500,618.383053
-46.7,500,618.465271
-47.3,500,618.547055
-47.2,500,618.630256
-46.7,500,618.71519
-46.6,500,618.797972
-47.9,500,618.879378
-53.1,500,618.961994
-57.5,500,619.046915
-46.6,500,619.129365
-47.7,500,619.211214
-50.7,500,619.29361
-46.5,500,619.378351
-46.8,500,619.460876
-46.6,500,619.542682
-49.2,500,619.624612
-46.8,500,619.710334
-46.5,500,619.793438
-47.3,500,619.875564
-46.7,500,619.958441
-46.7,500,620.043069
-47.3,500,620.126108
-47.0,500,620.207472
-47.4,500,620.290598
-46.6,500,620.375396
-46.7,500,620.457587
-46.9,500,620.539513
-46.9,500,620.621063
-46.5,500,620.706757
-46.8,500,620.789464
-46.8,500,620.872324
-46.6,500,620.954139
-46.7,500,621.039228
-46.6,500,621.122373
-69.1,500,621.205141
-46.7,500,621.286881
-46.7,500,621.371633
-55.7,500,621.456241
-47.0,500,621.538922
-46.5,500,621.621045
-47.3,500,621.705595
-46.9,500,621.788695
-56.4,500,621.871419
-47.0,500,621.953755
-46.5,500,622.037856
-51.6,500,622.120428
-46.8,500,622.202952
-47.9,500,622.284947
-47.2,500,622.36891
-48.2,500,622.452228
-46.7,500,622.535746
-46.9,500,622.617822
-46.7,500,622.701557
-65.5,500,622.784663
-46.8,500,622.867311
-48.2,500,622.950178
-46.7,500,623.034916
-47.6,500,623.117611
-49.1,500,623.200435
-46.8,500,623.283112
-47.2,500,623.367737
-46.8,500,623.450068
-46.7,500,623.532748
-47.5,500,623.615048
-46.5,500,623.699318
-47.1,500,623.781654
-46.5,500,623.863871
-49.1,500,623.946445
-63.2,500,624.031919
-47.1,500,624.114123
-47.1,500,624.195796
-47.3,500,624.27845
-46.7,500,624.363523
-47.0,500,624.446384
-53.5,500,624.528141
-46.6,500,624.610742
-47.3,500,624.696042
-47.0,500,624.77855
-52.4,500,624.859793
-46.9,500,624.942092
-46.7,500,625.026946
-47.4,500,625.110031
-47.0,500,625.191941
-47.7,500,625.274677
-47.1,500,625.359187
-47.4,500,625.442398
-48.3,500,625.524544
-47.6,500,625.605831
-47.0,500,625.690823
-46.9,500,625.773342
-47.6,500,625.855534
-46.7,500,625.93779
-48.7,500,626.023144
-47.2,500,626.106172
-46.6,500,626.18826
-48.9,500,626.270408
-47.4,500,626.355545
-58.2,500,626.440595
-51.9,500,626.523866
-47.3,500,626.605575
-54.2,500,626.690138
-47.0,500,626.773222
-46.8,500,626.855739
-47.6,500,626.936342
-49.3,500,627.02132
-52.3,500,627.104628
-58.2,500,627.187237
-47.0,500,627.268465
-47.7,500,627.352464
-46.6,500,627.435329
-46.8,500,627.517722
-58.1,500,627.599369
-46.6,500,627.683303
-47.1,500,627.766255
-46.8,500,627.848523
-51.4,500,627.930876
-47.5,500,628.016984
-46.8,500,628.099586
-49.8,500,628.181818
-63.4,500,628.263661
-47.2,500,628.347163
-49.2,500,628.43026
-47.0,500,628.513096
-46.6,500,628.595972
-46.8,500,628.679566
-63.7,500,628.762569
-52.3,500,628.845243
-47.4,500,628.927866
-47.1,500,629.012145
-46.6,500,629.095197
-47.3,500,629.177874
-47.2,500,629.260141
-47.2,500,629.3444
-47.5,500,629.42702
-46.9,500,629.509512
-47.8,500,629.592152
-47.1,500,629.676629
-46.8,500,629.759111
-47.1,500,629.841834
-47.7,500,629.9245
-49.8,500,630.009603
-47.4,500,630.091165
-46.9,500,630.174191
-60.6,500,630.25772
-47.5,500,630.34226
-47.0,500,630.424138
-47.1,500,630.50703
-47.5,500,630.589677
-47.7,500,630.674676
-47.3,500,630.756417
-46.7,500,630.839586
-46.9,500,630.921835
-47.0,500,631.006136
-46.9,500,631.088323
-46.9,500,631.169697
-47.0,500,631.252654
-47.4,500,631.338027
-47.4,500,631.422115
-46.6,500,631.503865
-46.8,500,631.586935
-46.8,500,631.671419
-47.6,500,631.753656
-46.9,500,631.835138
-46.8,500,631.917695
-47.3,500,632.002037
-47.7,500,632.084271
-47.3,500,632.166536
-47.1,500,632.284733
-46.5,500,632.369105
-46.9,500,632.451779
-47.0,500,632.533864
-52.3,500,632.616384
-46.7,500,632.700068
-46.6,500,632.78271
-46.8,500,632.865847
-50.2,500,632.948636
-47.3,500,633.0342
-53.0,500,633.116443
-46.8,500,633.198361
-46.9,500,633.280929
-47.4,500,633.364895
-46.8,500,633.446366
-47.1,500,633.529028
-46.8,500,633.611383
-47.2,500,633.696044
-47.2,500,633.7772
-46.7,500,633.859887
-60.9,500,633.942552
-47.2,500,634.027439
-47.0,500,634.109284
-46.7,500,634.192131
-46.8,500,634.274401
-51.8,500,634.359036
-46.8,500,634.440366
-47.3,500,634.523024
-47.0,500,634.606266
-46.7,500,634.691925
-46.7,500,634.773682
-47.2,500,634.856076
-46.6,500,634.938657
-47.3,500,635.023608
-49.9,500,635.106261
-47.9,500,635.187869
-47.0,500,635.271064
-46.9,500,635.35529
-47.3,500,635.438163
-48.1,500,635.519545
-47.4,500,635.601924
-50.8,500,635.687334
-47.1,500,635.770617
-47.4,500,635.851881
-47.0,500,635.934546
-47.5,500,636.019446
-46.7,500,636.102491
-50.4,500,636.184749
-46.9,500,636.266312
-46.8,500,636.351713
-47.8,500,636.435608
-46.9,500,636.517489
-46.7,500,636.598537
-55.0,500,636.683192
-46.6,500,636.765836
-47.1,500,636.848115
-46.7,500,636.929098
-47.7,500,637.012901
-58.1,500,637.095891
-46.7,500,637.178548
-46.6,500,637.260448
-47.3,500,637.344794
-47.3,500,637.427515
-46.8,500,637.510161
-49.8,500,637.593005
-46.9,500,637.677084
-47.2,500,637.759663
-46.5,500,637.841953
-46.6,500,637.924002
-46.8,500,638.008706
-47.1,500,638.091505
-47.0,500,638.174507
-47.3,500,638.256997
-53.7,500,638.340685
-46.5,500,638.423498
-62.6,500,638.506101
-47.3,500,638.588554
-47.1,500,638.67169
-46.7,500,638.754202
-57.6,500,638.83677
-51.7,500,638.919619
-58.9,500,639.003669
-47.1,500,639.086802
-47.3,500,639.169695
-49.0,500,639.251956
-49.8,500,639.335516
-46.5,500,639.418487
-50.0,500,639.501099
-46.6,500,639.583786
-46.9,500,639.668775
-50.8,500,639.750687
-48.1,500,639.833487
-47.3,500,639.916244
-46.8,500,640.000974
-50.1,500,640.085961
-47.0,500,640.168348
-46.8,500,640.250812
-49.1,500,640.335762
-47.3,500,640.418503
-46.6,500,640.500459
-52.0,500,640.582966
-47.3,500,640.668461
-47.2,500,640.753038
-47.1,500,640.834481
-47.2,500,640.916816
-47.0,500,641.001822
-47.2,500,641.084661
-51.2,500,641.165408
-54.3,500,641.247564
-47.2,500,641.332859
-47.3,500,641.415313
-46.7,500,641.498922
-46.8,500,641.581762
-49.9,500,641.666108
-47.2,500,641.748782
-46.5,500,641.831023
-46.8,500,641.912802
-46.7,500,641.99718
-47.6,500,642.079597
-54.8,500,642.161892
-47.6,500,642.243241
-46.7,500,642.32837
-47.4,500,642.411126
-47.4,500,642.493366
-47.0,500,642.574624
-46.7,500,642.659697
-46.7,500,642.742238
-47.4,500,642.825088
-46.7,500,642.907125
-46.6,500,642.991805
-50.4,500,643.074505
-47.1,500,643.156669
-46.8,500,643.237948
-46.9,500,643.321832
-46.9,500,643.403693
-55.4,500,643.485823
-46.8,500,643.567291
-52.7,500,643.650549
-52.0,500,643.733199
-55.3,500,643.815631
-75.9,500,643.89768
-51.8,500,643.981721
-46.8,500,644.064688
-47.0,500,644.147125
-47.5,500,644.228858
-47.9,500,644.312928
-47.1,500,644.395781
-52.8,500,644.478377
-47.1,500,644.560731
-47.1,500,644.644903
-46.8,500,644.727387
-46.6,500,644.809395
-47.0,500,644.891682
-47.6,500,644.975018
-46.8,500,645.057476
-52.2,500,645.139807
-52.2,500,645.222521
-47.0,500,645.306967
-54.0,500,645.388697
-46.9,500,645.470839
-53.5,500,645.552889
-46.7,500,645.637375
-47.7,500,645.718596
-46.7,500,645.801652
-48.0,500,645.884277
-46.7,500,645.969021
-47.7,500,646.050486
-47.7,500,646.132523
-47.1,500,646.21497
-49.5,500,646.300329
-58.6,500,646.381864
-46.6,500,646.466444
-49.7,500,646.549162
-50.5,500,646.633319
-46.8,500,646.715988
-47.3,500,646.797639
-46.9,500,646.880117
-49.7,500,646.964961
-46.6,500,647.047565
-47.2,500,647.12886
-47.0,500,647.21119
-47.3,500,647.296667
-70.2,500,647.379886
-47.7,500,647.461319
-47.1,500,647.544179
-46.8,500,647.629035
-46.8,500,647.712036
-47.0,500,647.793851
-47.2,500,647.876509
-47.0,500,647.962547
-50.7,500,648.045323
-50.8,500,648.126947
-46.6,500,648.210392
-46.9,500,648.295114
-46.9,500,648.377905
-51.3,500,648.459345
-46.8,500,648.541826
-56.1,500,648.626424
-46.9,500,648.709043
-63.7,500,648.791325
-53.0,500,648.873656
-54.2,500,648.959785
-56.7,500,649.042443
-67.1,500,649.125105
-49.2,500,649.206353
-50.6,500,649.290723
-46.9,500,649.373156
-52.1,500,649.455953
-48.3,500,649.536893
-49.8,500,649.621737
-47.7,500,649.705077
-56.6,500,649.788031
-48.5,500,649.87022
-47.6,500,649.953986
-46.7,500,650.036748
-46.7,500,650.119277
-47.1,500,650.201508
-53.0,500,650.284579
-56.5,500,650.367647
-46.7,500,650.45043
-46.9,500,650.533243
-47.1,500,650.616849
-47.2,500,650.699051
-46.7,500,650.781737
-47.2,500,650.864109
-47.0,500,650.947497
-46.9,500,651.030022
-46.8,500,651.112555
-46.8,500,651.194861
-46.9,500,651.279386
-51.9,500,651.362689
-47.0,500,651.446619
-46.8,500,651.529749
-47.5,500,651.61438
-46.5,500,651.696548
-46.8,500,651.779374
-57.1,500,651.862425
-47.5,500,651.947027
-46.7,500,652.029455
-46.5,500,652.111837
-46.7,500,652.194256
-47.0,500,652.278625
-46.8,500,652.39289
-49.3,500,652.473711
-46.9,500,652.555761
-46.9,500,652.640112
-49.7,500,652.722531
-47.0,500,652.803788
-47.1,500,652.886038
-55.2,500,652.970958
-46.9,500,653.052909
-52.3,500,653.134737
-47.0,500,653.215778
-46.8,500,653.300521
-46.7,500,653.383116
-47.1,500,653.465615
-46.5,500,653.547004
-46.8,500,653.63198
-47.0,500,653.714757
-46.8,500,653.796864
-46.6,500,653.878156
-46.6,500,653.962431
-46.6,500,654.044587
-46.7,500,654.127216
-46.9,500,654.208924
-56.4,500,654.292698
-47.1,500,654.37518
-46.6,500,654.457828
-47.1,500,654.539802
-46.9,500,654.62403
-46.7,500,654.706704
-46.6,500,654.789508
-47.5,500,654.871963
-46.8,500,654.95585
-46.7,500,655.038869
-47.3,500,655.120887
-54.6,500,655.203559
-47.2,500,655.287
-46.9,500,655.369731
-47.5,500,655.451845
-47.3,500,655.534105
-47.0,500,655.618508
-51.7,500,655.700748
-46.9,500,655.783677
-46.9,500,655.86556
-46.9,500,655.950214
-47.5,500,656.031737
-46.6,500,656.114544
-46.6,500,656.197099
-46.6,500,656.282328
-46.8,500,656.364598
-46.9,500,656.449268
-46.6,500,656.532632
-46.8,500,656.617594
-47.2,500,656.698862
-47.1,500,656.780839
-46.9,500,656.86396
-47.8,500,656.948449
-47.4,500,657.030601
-46.9,500,657.11225
-47.4,500,657.195107
-56.9,500,657.279656
-50.7,500,657.362011
-70.0,500,657.443694
-47.1,500,657.525628
-46.9,500,657.6102
-47.0,500,657.692682
-47.2,500,657.773955
-47.0,500,657.856589
-47.2,500,657.94159
-47.0,500,658.024458
-47.0,500,658.105976
-47.1,500,658.188233
-47.4,500,658.273347
-47.0,500,658.356179
-57.3,500,658.438565
-46.7,500,658.520128
-48.2,500,658.60528
-47.1,500,658.688169
-47.0,500,658.770815
-46.7,500,658.852487
-47.5,500,658.936775
-47.3,500,659.01991
-47.3,500,659.102434
-52.7,500,659.18386
-47.0,500,659.268436
-46.8,500,659.351153
-47.1,500,659.433707
-46.9,500,659.516151
-46.9,500,659.601687
-46.7,500,659.684666
-46.9,500,659.767236
-46.9,500,659.849649
-47.1,500,659.946573
-60.0,500,660.039772
-47.2,500,660.129938
-46.5,500,660.220728
-47.1,500,660.321168
-47.3,500,660.412133
-46.9,500,660.500973
-47.2,500,660.591567
-47.3,500,660.676928
-46.9,500,660.759874
-50.0,500,660.842774
-54.0,500,660.925796
-47.1,500,661.009385
-46.9,500,661.092931
-47.1,500,661.175493
-47.2,500,661.257759
-46.6,500,661.342814
-47.0,500,661.425223
-47.8,500,661.509543
-56.1,500,661.591942
-46.7,500,661.675635
-47.7,500,661.763941
-47.0,500,661.860526
-53.6,500,661.94381
-46.9,500,662.028328
-46.9,500,662.109599
-71.9,500,662.192538
-49.6,500,662.274402
-46.7,500,662.359881
-47.4,500,662.442157
-46.7,500,662.524946
-46.9,500,662.607484
-47.0,500,662.692399
-46.9,500,662.774398
-46.9,500,662.856647
-46.9,500,662.93919
-46.9,500,663.024475
-46.8,500,663.10598
-46.8,500,663.188241
-58.3,500,663.271162
-49.3,500,663.35588
-46.8,500,663.437277
-46.8,500,663.519724
-46.9,500,663.602257
-46.9,500,663.686546
-47.1,500,663.768113
-47.3,500,663.850556
-47.2,500,663.933237
-47.2,500,664.018893
-48.7,500,664.101288
-53.5,500,664.183343
-46.9,500,664.265849
-49.0,500,664.35058
-46.8,500,664.433195
-46.9,500,664.514271
-47.2,500,664.596395
-46.9,500,664.68163
-46.8,500,664.76463
-47.2,500,664.847278
-47.0,500,664.929615
-47.3,500,665.014607
-47.0,500,665.097516
-46.5,500,665.180226
-46.6,500,665.262016
-47.4,500,665.346432
-50.4,500,665.428586
-47.8,500,665.510983
-46.8,500,665.593047
-47.7,500,665.677961
-46.9,500,665.760552
-46.7,500,665.843217
-46.9,500,665.924644
-58.1,500,666.0095
-51.0,500,666.092098
-48.1,500,666.17447
-47.3,500,666.256119
-49.2,500,666.341748
-47.5,500,666.424395
-47.0,500,666.508769
-52.2,500,666.590419
-47.0,500,666.674536
-47.0,500,666.757397
-46.9,500,666.839806
-48.3,500,666.921202
-47.0,500,667.005252
-58.2,500,667.088207
-46.7,500,667.17073
-47.3,500,667.252797
-46.9,500,667.336971
-46.8,500,667.419818
-46.8,500,667.502106
-47.4,500,667.583593
-47.6,500,667.666443
-47.6,500,667.749525
-46.9,500,667.832669
-47.1,500,667.915004
-46.6,500,667.999219
-67.2,500,668.082598
-46.9,500,668.165371
-48.1,500,668.248044
-47.2,500,668.332181
-47.6,500,668.414309
-51.6,500,668.496943
-47.4,500,668.579513
-46.6,500,668.664237
-47.8,500,668.745735
-46.7,500,668.828284
-47.1,500,668.910539
-47.3,500,668.995098
-46.8,500,669.076871
-47.6,500,669.159555
-49.0,500,669.242551
-50.2,500,669.327376
-46.7,500,669.409206
-47.7,500,669.491949
-47.4,500,669.574686
-50.9,500,669.659718
-47.8,500,669.741968
-53.9,500,669.823321
-54.6,500,669.905696
-50.1,500,669.990485
-56.7,500,670.07326
-57.0,500,670.154822
-47.0,500,670.236987
-49.4,500,670.321421
-49.2,500,670.404315
-47.4,500,670.486422
-54.2,500,670.567934
-55.3,500,670.652767
-46.9,500,670.767334
-55.0,500,670.850627
-57.9,500,670.932851
-46.8,500,671.017128
-50.6,500,671.100242
-46.7,500,671.182799
-47.3,500,671.265157
-46.8,500,671.349307
-46.7,500,671.431838
-58.0,500,671.515424
-56.7,500,671.59811
-47.0,500,671.681664
-48.8,500,671.764331
-46.8,500,671.846587
-46.7,500,671.929259
-47.3,500,672.01264
-48.0,500,672.094866
-47.6,500,672.176455
-47.2,500,672.258288
-47.4,500,672.341536
-47.6,500,672.423942
-46.6,500,672.506232
-48.7,500,672.588654
-46.9,500,672.671586
-46.8,500,672.754165
-48.0,500,672.836435
-47.6,500,672.918253
-46.8,500,673.002917
-46.6,500,673.085251
-46.8,500,673.167982
-56.2,500,673.251031
-46.8,500,673.335205
-47.3,500,673.416219
-47.0,500,673.498726
-51.5,500,673.580967
-69.8,500,673.665536
-46.6,500,673.747411
-46.8,500,673.83059
-46.8,500,673.913174
-47.0,500,673.998223
-57.5,500,674.080558
-47.6,500,674.161914
-46.7,500,674.244117
-46.9,500,674.329346
-47.4,500,674.411975
-48.2,500,674.493692
-48.8,500,674.576068
-46.6,500,674.662276
-51.9,500,674.745067
-49.0,500,674.826579
-46.9,500,674.909343
-46.9,500,674.993196
-46.9,500,675.074677
-53.9,500,675.156163
-47.0,500,675.238444
-47.3,500,675.322798
-48.1,500,675.405195
-46.8,500,675.487779
-46.9,500,675.568764
-47.2,500,675.653195
-47.1,500,675.735739
-46.8,500,675.818253
-46.5,500,675.899829
-46.9,500,675.984491
-46.8,500,676.067363
-47.1,500,676.14966
-47.1,500,676.231518
-47.2,500,676.316499
-46.9,500,676.399281
-58.8,500,676.484159
-52.4,500,676.565747
-51.1,500,676.650574
-48.4,500,676.73314
-63.0,500,676.815704
-47.5,500,676.897733
-47.5,500,676.981667
-46.9,500,677.064204
-47.7,500,677.145807
-46.7,500,677.227046
-50.5,500,677.311075
-47.6,500,677.393304
-47.2,500,677.476385
-48.5,500,677.557272
-47.4,500,677.641262
-58.8,500,677.72424
-47.6,500,677.806257
-51.1,500,677.887793
-47.2,500,677.972565
-46.6,500,678.055464
-46.8,500,678.138056
-47.2,500,678.219485
-46.9,500,678.303768
-46.6,500,678.386163
-47.1,500,678.468329
-46.9,500,678.550666
-51.4,500,678.634202
-46.8,500,678.716332
-46.9,500,678.798321
-46.8,500,678.879846
-46.6,500,678.963463
-47.2,500,679.046236
-47.3,500,679.128605
-46.9,500,679.21061
-46.7,500,679.294173
-46.9,500,679.376563
-46.7,500,679.458845
-55.8,500,679.540522
-47.3,500,679.625344
-46.8,500,679.708235
-46.8,500,679.790753
-48.2,500,679.872802
-46.9,500,679.956664
-47.3,500,680.039034
-47.2,500,680.121507
-47.1,500,680.204027
-46.8,500,680.287311
-54.3,500,680.3701
-46.9,500,680.452433
-46.9,500,680.53466
-49.3,500,680.619422
-47.1,500,680.701559
-46.9,500,680.784684
-47.1,500,680.867096
-46.8,500,680.951574
-46.8,500,681.033153
-47.4,500,681.115278
-50.9,500,681.197454
-46.5,500,681.283183
-47.1,500,681.365075
-47.0,500,681.44765
-46.9,500,681.531371
-47.1,500,681.616245
-46.9,500,681.699526
-52.0,500,681.781701
-55.9,500,681.864147
-47.4,500,681.948669
-46.8,500,682.031026
-47.5,500,682.112192
-46.9,500,682.194845
-52.6,500,682.279754
-51.9,500,682.362718
-52.9,500,682.44425
-47.8,500,682.526735
-48.7,500,682.611799
-46.8,500,682.694131
-47.1,500,682.775495
-58.9,500,682.857912
-47.5,500,682.9436
-47.4,500,683.026554
-47.1,500,683.108931
-51.0,500,683.190662
-51.0,500,683.275447
-46.8,500,683.357991
-46.7,500,683.440209
-47.2,500,683.521524
-47.2,500,683.605839
-50.6,500,683.688562
-46.6,500,683.771343
-46.5,500,683.852401
-58.5,500,683.936764
-52.2,500,684.019491
-49.3,500,684.101873
-48.7,500,684.183957
-46.8,500,684.267517
-53.6,500,684.350698
-47.5,500,684.432965
-47.3,500,684.51527
-47.4,500,684.600219
-46.7,500,684.683297
-47.7,500,684.765376
-47.3,500,684.847562
-52.5,500,684.931055
-63.8,500,685.014113
-50.7,500,685.096108
-48.6,500,685.178555
-49.6,500,685.26327
-46.9,500,685.345672
-46.9,500,685.428244
-46.7,500,685.510688
-47.2,500,685.595527
-47.5,500,685.677186
-46.9,500,685.75959
-47.7,500,685.842189
-46.9,500,685.930943
-46.8,500,686.019516
-48.6,500,686.102927
-49.0,500,686.185672
-46.9,500,686.271166
-53.3,500,686.353438
-46.8,500,686.434963
-46.7,500,686.51947
-46.6,500,686.604217
-51.3,500,686.686661
-46.8,500,686.767515
-46.7,500,686.850191
-62.2,500,686.935105
-46.6,500,687.017303
-47.0,500,687.098087
-50.7,500,687.180495
-46.6,500,687.265306
-48.9,500,687.348317
-47.7,500,687.430411
-46.7,500,687.513039
-46.9,500,687.597053
-48.8,500,687.679183
-50.9,500,687.761476
-46.9,500,687.842955
-52.4,500,687.927523
-46.7,500,688.009587
-47.0,500,688.091923
-46.8,500,688.173131
-47.1,500,688.258145
-47.1,500,688.340947
-47.8,500,688.423235
-46.7,500,688.504566
-47.0,500,688.588568
-48.2,500,688.671196
-47.1,500,688.753762
-47.0,500,688.835017
-47.6,500,688.919538
-47.3,500,689.002094
-47.5,500,689.084556
-50.9,500,689.166609
-50.7,500,689.249436
-48.1,500,689.332358
-47.0,500,689.414606
-47.0,500,689.496855
-52.0,500,689.58068
-57.0,500,689.663699
-51.3,500,689.746254
-51.4,500,689.82836
-51.4,500,689.947201
-46.7,500,690.029219
-47.2,500,690.110435
-49.8,500,690.192598
-47.7,500,690.277168
-48.6,500,690.358836
-49.4,500,690.440932
-53.5,500,690.52402
-47.6,500,690.609219
-46.7,500,690.691394
-47.1,500,690.773357
-51.2,500,690.855984
-46.9,500,690.94064
-49.8,500,691.022786
-47.6,500,691.104314
-47.2,500,691.186443
-47.0,500,691.271763
-47.0,500,691.354564
-61.3,500,691.436485
-47.0,500,691.520982
-47.5,500,691.605903
-47.7,500,691.688639
-46.9,500,691.770652
-46.9,500,691.852788
-47.0,500,691.937766
-51.7,500,692.021437
-47.3,500,692.103734
-51.7,500,692.18555
-62.4,500,692.270632
-47.6,500,692.352753
-47.8,500,692.435269
-47.0,500,692.516172
-68.1,500,692.600428
-47.1,500,692.68354
-47.1,500,692.766088
-46.8,500,692.848495
-47.5,500,692.932664
-47.0,500,693.015378
-48.4,500,693.097836
-47.6,500,693.18002
-47.2,500,693.263637
-47.0,500,693.346248
-49.0,500,693.427835
-47.4,500,693.50943
-46.6,500,693.593335
-54.2,500,693.676546
-48.2,500,693.759518
-48.2,500,693.841269
-47.2,500,693.924409
-47.3,500,694.007399
-48.5,500,694.08994
-57.1,500,694.171914
-50.5,500,694.255494
-66.9,500,694.338706
-47.0,500,694.42173
-49.5,500,694.50411
-46.9,500,694.587717
-51.7,500,694.670269
-47.7,500,694.752552
-53.9,500,694.835234
-46.7,500,694.919433
-47.8,500,695.001264
-47.0,500,695.083986
-47.5,500,695.166328
-52.5,500,695.25113
-48.7,500,695.333319
-48.4,500,695.414487
-47.9,500,695.497197
-47.0,500,695.581857
-47.2,500,695.664565
-47.1,500,695.746048
-49.8,500,695.828563
-46.6,500,695.913476
-47.9,500,695.995665
-48.2,500,696.076663
-47.5,500,696.158835
-47.1,500,696.243924
-46.9,500,696.326272
-46.6,500,696.408019
-47.5,500,696.491065
-49.1,500,696.577461
-48.6,500,696.659925
-46.6,500,696.741585
-47.3,500,696.823787
-48.9,500,696.908449
-46.5,500,696.990792
-46.9,500,697.07207
-46.7,500,697.153956
-48.8,500,697.23887
-46.7,500,697.321812
-46.9,500,697.40355
-55.2,500,697.486098
-46.6,500,697.570751
-51.3,500,697.653364
-46.9,500,697.734083
-50.5,500,697.817097
-55.6,500,697.902648
-47.6,500,697.985011
-73.9,500,698.067466
-48.0,500,698.149811
-46.7,500,698.234824
-46.8,500,698.317674
-50.6,500,698.400175
-47.2,500,698.482078
-47.1,500,698.566344
-47.9,500,698.649336
-47.2,500,698.731789
-46.7,500,698.813837
-46.8,500,698.897721
-48.6,500,698.980538
-47.1,500,699.062792
-46.9,500,699.144522
-47.6,500,699.227961
-46.6,500,699.311253
-47.6,500,699.393805
-48.0,500,699.476363
-47.3,500,699.560844
-47.5,500,699.643631
-47.3,500,699.726226
-46.8,500,699.807886
-51.1,500,699.891274
-61.4,500,699.974315
-47.4,500,700.056784
-47.1,500,700.139388
-47.0,500,700.222723
-48.4,500,700.30554
-50.0,500,700.387922
-47.2,500,700.470731
-48.7,500,700.555254
-47.9,500,700.638898
-63.8,500,700.721786
-61.0,500,700.805002
-47.3,500,700.89014
-46.6,500,700.971736
-46.7,500,701.054516
-46.8,500,701.137001
-47.7,500,701.222029
-46.7,500,701.342294
-47.0,500,701.42316
-48.4,500,701.506453
-47.5,500,701.592047
-59.6,500,701.674605
-47.5,500,701.7567
-47.1,500,701.838452
-47.0,500,701.924071
-46.9,500,702.006536
-47.0,500,702.088282
-46.7,500,702.169496
-47.3,500,702.254097
-59.6,500,702.336743
-47.3,500,702.420001
-50.4,500,702.501723
-46.6,500,702.585413
-47.1,500,702.668342
-46.8,500,702.750962
-46.5,500,702.833381
-51.8,500,702.917429
-47.4,500,702.999566
-47.2,500,703.081769
-51.7,500,703.163911
-55.1,500,703.248497
-46.7,500,703.330701
-52.9,500,703.413149
-63.0,500,703.495506
-54.8,500,703.579495
-51.9,500,703.660754
-52.1,500,703.743743
-53.1,500,703.82624
-47.0,500,703.910461
-56.1,500,703.992411
-50.2,500,704.075376
-53.0,500,704.157982
-50.5,500,704.242518
-46.8,500,704.324129
-57.2,500,704.406971
-49.1,500,704.488502
-60.2,500,704.573714
-46.8,500,704.655059
-56.7,500,704.737809
-46.7,500,704.820249
-47.6,500,704.905203
-46.9,500,704.98671
-47.5,500,705.069605
-47.5,500,705.151928
-51.0,500,705.236319
-47.4,500,705.318546
-47.5,500,705.400327
-54.3,500,705.482929
-46.9,500,705.567721
-48.1,500,705.650263
-62.5,500,705.731941
-65.3,500,705.814888
-46.9,500,705.899352
-46.9,500,705.982011
-47.4,500,706.063349
-46.8,500,706.145285
-50.1,500,706.230766
-56.7,500,706.313837
-46.5,500,706.396348
-46.5,500,706.478126
-46.8,500,706.564165
-46.9,500,706.646962
-46.9,500,706.728469
-46.6,500,706.81007
-55.1,500,706.894659
-47.0,500,706.976796
-46.5,500,707.058711
-47.2,500,707.140354
-46.5,500,707.225095
-47.3,500,707.307282
-46.6,500,707.38951
-47.4,500,707.470935
-46.9,500,707.554875
-46.5,500,707.63737
-47.2,500,707.719432
-46.5,500,707.801759
-60.9,500,707.886285
-46.7,500,707.969462
-46.8,500,708.052451
-55.1,500,708.134673
-46.7,500,708.218389
-47.3,500,708.301289
-48.7,500,708.383968
-47.1,500,708.466015
-47.1,500,708.549607
-46.5,500,708.632814
-46.8,500,708.715443
-47.3,500,708.798155
-46.8,500,708.882278
-46.9,500,708.964977
-46.6,500,709.047687
-47.1,500,709.130038
-46.8,500,709.21449
-47.1,500,709.296187
-48.5,500,709.378918
-47.5,500,709.461437
-55.2,500,709.578214
-46.7,500,709.660377
-47.1,500,709.741334
-46.5,500,709.824144
-46.7,500,709.908748
-46.8,500,709.990392
-47.1,500,710.071475
-46.6,500,710.153953
-47.1,500,710.238809
-46.8,500,710.32115
-46.7,500,710.402284
-47.4,500,710.48415
-47.1,500,710.568811
-47.4,500,710.650952
-46.5,500,710.731932
-47.2,500,710.814393
-47.9,500,710.898748
-46.5,500,710.981732
-46.9,500,711.062892
-47.4,500,711.145244
-47.1,500,711.23002
-46.7,500,711.311547
-66.9,500,711.392823
-47.2,500,711.47507
-49.9,500,711.560815
-46.6,500,711.643652
-46.7,500,711.725189
-49.7,500,711.807947
-49.2,500,711.892678
-46.8,500,711.974684
-46.7,500,712.056608
-47.0,500,712.138178
-47.4,500,712.222608
-47.3,500,712.305757
-58.3,500,712.388328
-46.7,500,712.46939
-47.6,500,712.554282
-47.5,500,712.636903
-47.4,500,712.719675
-47.7,500,712.801557
-47.0,500,712.886533
-46.6,500,712.969109
-47.5,500,713.051692
-46.7,500,713.133192
-47.1,500,713.217418
-50.3,500,713.300301
-47.2,500,713.383395
-47.6,500,713.464197
-46.6,500,713.548037
-47.2,500,713.63073
-47.1,500,713.71338
-47.0,500,713.795355
-47.0,500,713.878957
-65.7,500,713.96269
-47.7,500,714.045514
-46.6,500,714.12795
-47.3,500,714.212018
-46.6,500,714.295228
-46.6,500,714.377581
-47.3,500,714.459739
-46.8,500,714.54375
-47.1,500,714.626176
-47.3,500,714.708623
-47.1,500,714.791171
-47.3,500,714.875182
-46.6,500,714.95827
-46.7,500,715.041124
-47.0,500,715.123813
-46.8,500,715.208037
-52.9,500,715.290204
-46.6,500,715.372596
-49.8,500,715.455721
-46.7,500,715.541036
-47.0,500,715.622999
-47.2,500,715.705775
-46.8,500,715.788548
-47.2,500,715.873332
-55.0,500,715.955383
-47.0,500,716.037913
-46.7,500,716.120556
-47.3,500,716.205317
-47.1,500,716.287221
-46.7,500,716.369999
-46.9,500,716.452618
-46.9,500,716.53897
-46.9,500,716.620796
-46.6,500,716.703497
-47.0,500,716.786059
-46.8,500,716.870908
-46.9,500,716.952717
-46.8,500,717.034893
-51.3,500,717.116679
-47.2,500,717.202445
-47.3,500,717.284583
-58.0,500,717.36653
-46.8,500,717.448434
-46.7,500,717.533283
-68.9,500,717.616015
-47.6,500,717.697014
-46.7,500,717.780252
-48.9,500,717.865951
-47.2,500,717.948482
-56.6,500,718.030804
-50.5,500,718.112815
-47.1,500,718.197902
-46.9,500,718.28061
-46.6,500,718.362688
-46.8,500,718.444182
-47.0,500,718.528815
-48.8,500,718.611516
-51.3,500,718.694066
-47.2,500,718.775453
-53.6,500,718.860038
-46.6,500,718.942727
-46.6,500,719.024995
-52.3,500,719.106659
-46.6,500,719.19151
-47.1,500,719.274413
-46.7,500,719.357201
-47.5,500,719.439125
-47.3,500,719.523272
-46.5,500,719.605662
-46.7,500,719.688076
-47.2,500,719.770267
-48.3,500,719.854809
-53.6,500,719.937814
-47.1,500,720.020528
-46.8,500,720.102801
-46.8,500,720.18652
-47.2,500,720.269324
-47.5,500,720.351425
-46.6,500,720.433895
-46.9,500,720.517194
-47.3,500,720.599612
-46.9,500,720.682376
-52.6,500,720.764811
-46.9,500,720.849108
-47.2,500,720.930999
-58.0,500,721.013991
-46.8,500,721.096342
-55.1,500,721.180912
-47.2,500,721.262517
-47.3,500,721.34515
-47.0,500,721.427447
-47.1,500,721.512952
-47.1,500,721.596264
-48.0,500,721.679044
-47.1,500,721.762021
-47.9,500,721.846836
-47.4,500,721.928194
-47.1,500,722.010726
-47.0,500,722.093306
-47.3,500,722.1795
-47.2,500,722.261356
-50.4,500,722.343387
-47.5,500,722.426268
-47.2,500,722.51129
-54.9,500,722.594224
-49.2,500,722.676346
-49.0,500,722.758588
-47.1,500,722.844103
-47.1,500,722.926924
-47.3,500,723.008781
-47.5,500,723.091627
-49.6,500,723.176837
-47.6,500,723.259471
-46.9,500,723.341479
-50.2,500,723.424103
-46.8,500,723.508978
-48.0,500,723.590947
-47.3,500,723.672445
-47.8,500,723.754597
-47.2,500,723.839669
-47.2,500,723.922159
-49.3,500,724.003905
-47.2,500,724.086193
-51.1,500,724.171539
-47.7,500,724.254222
-48.9,500,724.335487
-47.0,500,724.418429
-48.3,500,724.503534
-48.9,500,724.586376
-54.6,500,724.668073
-47.1,500,724.751337
-47.0,500,724.836075
-47.1,500,724.919064
-48.8,500,725.001378
-47.2,500,725.083492
-57.7,500,725.168523
-47.3,500,725.251027
-46.7,500,725.333617
-69.1,500,725.415961
-46.6,500,725.500358
-47.1,500,725.583131
-47.3,500,725.665835
-69.9,500,725.747703
-47.2,500,725.83232
-46.7,500,725.915733
-46.7,500,725.998274
-47.0,500,726.08005
-50.1,500,726.164546
-46.8,500,726.247545
-46.7,500,726.330057
-46.9,500,726.412512
-46.7,500,726.496225
-47.0,500,726.581134
-47.1,500,726.663962
-46.8,500,726.746578
-46.9,500,726.831491
-47.2,500,726.91415
-47.9,500,726.996834
-46.6,500,727.079118
-47.6,500,727.163952
-46.7,500,727.24617
-47.2,500,727.328355
-47.0,500,727.410809
-46.8,500,727.495843
-47.3,500,727.577688
-46.8,500,727.660206
-47.4,500,727.742605
-46.8,500,727.827251
-46.9,500,727.909564
-47.0,500,727.991676
-53.6,500,728.073997
-48.0,500,728.158319
-47.2,500,728.240258
-46.6,500,728.322708
-52.0,500,728.404685
-48.0,500,728.489328
-47.3,500,728.571582
-47.2,500,728.653272
-47.2,500,728.735824
-46.9,500,728.821365
-46.6,500,728.903886
-46.9,500,728.985468
-47.2,500,729.103865
-62.7,500,729.188587
-47.6,500,729.270962
-46.9,500,729.353494
-46.9,500,729.435793
-47.1,500,729.519964
-68.1,500,729.602662
-46.7,500,729.685117
-47.2,500,729.76715
-46.7,500,729.850635
-46.7,500,729.933605
-47.4,500,730.015947
-46.9,500,730.098679
-46.7,500,730.182284
-46.7,500,730.264607
-47.3,500,730.347176
-47.8,500,730.429257
-47.4,500,730.513368
-48.4,500,730.594642
-56.6,500,730.677288
-46.9,500,730.759306
-46.8,500,730.843811
-61.5,500,730.936725
-46.7,500,731.030776
-47.2,500,731.120261
-52.2,500,731.2153
-47.1,500,731.308245
-56.0,500,731.402011
-47.7,500,731.49006
-46.8,500,731.587363
-47.1,500,731.671022
-47.0,500,731.75425
-47.4,500,731.836785
-53.2,500,731.920781
-48.2,500,732.003647
-55.0,500,732.086093
-47.4,500,732.168658
-48.8,500,732.25221
-47.6,500,732.335326
-48.2,500,732.417815
-51.4,500,732.500108
-47.2,500,732.584849
-47.1,500,732.667443
-47.4,500,732.754171
-46.9,500,732.850997
-48.7,500,732.937332
-46.8,500,733.020183
-46.8,500,733.101951
-46.7,500,733.184602
-47.1,500,733.269634
-47.0,500,733.352778
-51.6,500,733.433893
-46.7,500,733.516413
-47.0,500,733.600853
-46.7,500,733.683664
-47.0,500,733.765863
-46.8,500,733.848104
-47.1,500,733.933169
-46.7,500,734.016096
-56.3,500,734.098679
-47.7,500,734.179657
-46.7,500,734.264753
-46.9,500,734.34765
-46.7,500,734.430244
-46.7,500,734.511964
-46.5,500,734.597422
-48.3,500,734.680094
-52.0,500,734.762153
-47.5,500,734.843743
-47.3,500,734.927712
-47.1,500,735.010378
-47.1,500,735.091765
-49.2,500,735.172748
-47.7,500,735.256771
-46.8,500,735.340095
-48.6,500,735.423155
-48.3,500,735.505305
-47.2,500,735.588819
-46.7,500,735.671652
-47.1,500,735.753961
-47.0,500,735.836783
-46.9,500,735.920725
-49.1,500,736.003713
-64.7,500,736.086734
-47.3,500,736.169422
-47.2,500,736.253798
-50.1,500,736.335696
-47.1,500,736.41824
-47.2,500,736.500069
-46.7,500,736.585965
-47.8,500,736.667056
-47.5,500,736.749309
-47.3,500,736.831409
-47.0,500,736.916099
-47.1,500,736.997566
-47.2,500,737.080094
-46.5,500,737.162841
-46.7,500,737.248344
-47.1,500,737.331056
-47.8,500,737.412771
-49.1,500,737.496302
-46.7,500,737.5824
-47.4,500,737.665064
-46.9,500,737.746426
-56.4,500,737.829044
-47.8,500,737.9137
-46.7,500,737.996224
-48.5,500,738.077071
-46.7,500,738.159443
-47.6,500,738.243894
-47.3,500,738.32653
-46.9,500,738.408906
-47.9,500,738.490255
-47.2,500,738.574258
-48.5,500,738.656774
-47.1,500,738.738734
-46.7,500,738.820605
-48.5,500,738.905804
-46.9,500,738.988489
-47.0,500,739.071323
-47.3,500,739.153381
-47.1,500,739.238134
-47.1,500,739.321407
-53.6,500,739.403796
-67.4,500,739.485116
-46.9,500,739.570515
-47.0,500,739.653112
-46.8,500,739.73558
-46.7,500,739.81701
-47.0,500,739.901625
-46.7,500,739.984509
-46.9,500,740.067119
-46.9,500,740.149546
-46.6,500,740.23312
-47.0,500,740.315843
-46.9,500,740.398068
-46.7,500,740.480336
-53.7,500,740.564415
-46.9,500,740.647746
-46.7,500,740.730154
-47.0,500,740.812074
-46.9,500,740.895877
-47.0,500,740.978031
-48.6,500,741.060286
-46.5,500,741.142302
-48.0,500,741.226681
-47.2,500,741.309898
-47.5,500,741.392255
-47.7,500,741.47419
-47.8,500,741.559541
-55.7,500,741.642786
-47.5,500,741.72551
-47.6,500,741.80859
-64.6,500,741.893187
-50.8,500,741.974852
-47.2,500,742.057848
-47.4,500,742.140632
-46.7,500,742.225826
-47.7,500,742.30809
-49.8,500,742.391102
-50.7,500,742.473653
-49.0,500,742.558273
-54.6,500,742.64029
-47.5,500,742.7228
-64.8,500,742.805085
-66.3,500,742.891016
-46.8,500,742.972983
-47.2,500,743.055917
-46.9,500,743.138691
-74.2,500,743.224505
-50.6,500,743.307768
-47.2,500,743.389314
-47.9,500,743.47192
-46.9,500,743.556297
-50.1,500,743.639374
-47.0,500,743.72054
-46.8,500,743.803203
-47.8,500,743.888097
-46.9,500,743.970925
-53.4,500,744.052938
-54.1,500,744.13498
-47.0,500,744.220501
-47.7,500,744.303686
-47.0,500,744.386065
-81.1,500,744.46894
-50.3,500,744.554136
-50.4,500,744.636948
-54.9,500,744.719356
-49.1,500,744.801133
-50.7,500,744.88585
-57.4,500,744.969083
-47.0,500,745.051325
-46.7,500,745.132874
-46.6,500,745.218057
-53.2,500,745.300729
-46.9,500,745.382733
-51.4,500,745.464493
-49.6,500,745.549893
-48.9,500,745.632255
-47.2,500,745.715049
-50.3,500,745.797878
-53.6,500,745.88139
-47.4,500,745.964078
-52.1,500,746.046635
-48.2,500,746.128375
-47.2,500,746.212793
-46.9,500,746.295725
-47.0,500,746.37779
-46.7,500,746.460337
-47.2,500,746.544681
-52.1,500,746.628622
-52.9,500,746.712065
-58.1,500,746.794529
-51.3,500,746.879553
-46.8,500,746.961533
-46.7,500,747.044132
-51.0,500,747.12679
-51.2,500,747.211391
-46.6,500,747.292921
-49.3,500,747.376125
-46.7,500,747.459069
-62.2,500,747.543958
-46.8,500,747.625386
-53.0,500,747.708615
-47.3,500,747.791274
-47.0,500,747.876776
-46.9,500,747.959481
-47.0,500,748.040998
-46.9,500,748.124043
-65.6,500,748.208967
-46.9,500,748.291594
-47.0,500,748.373117
-48.2,500,748.486385
-47.5,500,748.571058
-54.0,500,748.654047
-47.7,500,748.735966
-47.0,500,748.817429
-46.9,500,748.90238
-47.2,500,748.985169
-47.1,500,749.067346
-47.2,500,749.148625
-47.7,500,749.232628
-47.3,500,749.315163
-47.5,500,749.397539
-46.6,500,749.479431
-63.1,500,749.56424
-47.0,500,749.647567
-47.1,500,749.729966
-56.8,500,749.812366
-53.3,500,749.895578
-53.3,500,749.978554
-47.5,500,750.060552
-47.2,500,750.142989
-46.8,500,750.226824
-46.9,500,750.309877
-47.5,500,750.392182
-52.5,500,750.474974
-49.0,500,750.559526
-47.0,500,750.641527
-47.3,500,750.723897
-47.0,500,750.806636
-47.1,500,750.891575
-47.2,500,750.973267
-46.8,500,751.055901
-47.0,500,751.138708
-47.1,500,751.224114
-46.7,500,751.306201
-47.0,500,751.389744
-47.1,500,751.472605
-46.7,500,751.558978
-46.7,500,751.642304
-46.7,500,751.723783
-47.0,500,751.807028
-47.6,500,751.891941
-46.5,500,751.974595
-46.8,500,752.057478
-59.2,500,752.14059
-46.8,500,752.225852
-46.7,500,752.30819
-48.1,500,752.389027
-47.2,500,752.470928
-47.0,500,752.555484
-47.6,500,752.638726
-47.1,500,752.721041
-46.7,500,752.803052
-46.7,500,752.887874
-47.1,500,752.970668
-47.5,500,753.052587
-46.8,500,753.133897
-47.2,500,753.218907
-46.9,500,753.301381
-46.8,500,753.383564
-47.1,500,753.465861
-46.8,500,753.550671
-46.9,500,753.632961
-46.7,500,753.715215
-47.7,500,753.796839
-47.0,500,753.881441
-57.1,500,753.963214
-46.8,500,754.045137
-47.3,500,754.125996
-47.2,500,754.211255
-46.7,500,754.294296
-47.5,500,754.376297
-47.2,500,754.457459
-47.0,500,754.542462
-46.9,500,754.624396
-47.0,500,754.70687
-46.9,500,754.788187
-47.5,500,754.872192
-46.6,500,754.954715
-50.4,500,755.037517
-46.7,500,755.120005
-47.2,500,755.203946
-47.2,500,755.286645
-46.7,500,755.368808
-46.8,500,755.45066
-46.8,500,755.534379
-46.7,500,755.616748
-46.9,500,755.69977
-47.0,500,755.7821
-46.7,500,755.865887
-47.0,500,755.949065
-46.9,500,756.031181
-47.2,500,756.113194
-50.1,500,756.197345
-47.2,500,756.279896
-46.8,500,756.362885
-47.2,500,756.445289
-46.7,500,756.529302
-50.9,500,756.612456
-47.0,500,756.694905
-47.0,500,756.777626
-48.5,500,756.862499
-47.6,500,756.944255
-47.0,500,757.026576
-46.5,500,757.109327
-47.0,500,757.194661
-47.1,500,757.277022
-50.6,500,757.359886
-47.9,500,757.442399
-47.7,500,757.527403
-48.4,500,757.609346
-47.0,500,757.691329
-46.8,500,757.77397
-46.6,500,757.859504
-48.0,500,757.942212
-50.7,500,758.023688
-47.1,500,758.106831
-58.7,500,758.191139
-47.0,500,758.273738
-47.2,500,758.355287
-47.9,500,758.438068
-49.8,500,758.522192
-47.2,500,758.604935
-51.4,500,758.687602
-47.2,500,758.769537
-49.2,500,758.855225
-47.5,500,758.938377
-47.3,500,759.020286
-46.5,500,759.101757
-46.7,500,759.186407
-49.5,500,759.268831
-47.6,500,759.351153
-47.3,500,759.432853
-47.0,500,759.518645
-47.1,500,759.601823
-47.1,500,759.684387
-55.3,500,759.766205
-47.5,500,759.848774
-48.8,500,759.931242
-51.3,500,760.013643
-52.7,500,760.095542
-51.1,500,760.178943
-46.9,500,760.261875
-47.2,500,760.344361
-49.3,500,760.426154
-62.0,500,760.510259
-49.4,500,760.592248
-51.4,500,760.674643
-49.3,500,760.756786
-63.3,500,760.841293
-57.0,500,760.925135
-46.9,500,761.007354
-46.8,500,761.093512
-47.1,500,761.178666
-49.2,500,761.26028
-48.3,500,761.342406
-46.9,500,761.4248
-53.4,500,761.50841
-46.8,500,761.591571
-46.7,500,761.673952
-47.4,500,761.756377
-50.1,500,761.840857
-46.9,500,761.922939
-47.1,500,762.005483
-47.1,500,762.088379
-47.0,500,762.173368
-60.4,500,762.254938
-46.8,500,762.337667
-46.7,500,762.419788
-47.0,500,762.504599
-47.3,500,762.586444
-46.6,500,762.668012
-49.5,500,762.750508
-47.4,500,762.835361
-46.9,500,762.91795
-46.9,500,762.999648
-46.9,500,763.08207
-52.5,500,763.166564
-46.8,500,763.249499
-47.0,500,763.331594
-50.8,500,763.414638
-47.4,500,763.498995
-46.8,500,763.580703
-47.2,500,763.661585
-46.6,500,763.743924
-47.0,500,763.82856
-47.3,500,763.910997
-47.0,500,763.993187
-47.1,500,764.074966
-46.6,500,764.160639
-52.9,500,764.2433
-46.7,500,764.325037
-46.9,500,764.407259
-46.8,500,764.492162
-46.6,500,764.574703
-46.9,500,764.657581
-46.8,500,764.739058
-46.9,500,764.822964
-47.5,500,764.905522
-46.9,500,764.987407
-46.9,500,765.06904
-47.2,500,765.152697
-47.2,500,765.235449
-46.7,500,765.318282
-47.3,500,765.400358
-52.4,500,765.484196
-51.9,500,765.567086
-52.8,500,765.649518
-54.9,500,765.731978
-47.2,500,765.815794
-46.7,500,765.89879
-46.6,500,765.981448
-52.7,500,766.063819
-49.4,500,766.148037
-47.3,500,766.230692
-49.1,500,766.313041
-46.8,500,766.395943
-48.1,500,766.479449
-47.0,500,766.56214
-56.9,500,766.646371
-49.3,500,766.728805
-47.1,500,766.812878
-48.5,500,766.895455
-47.5,500,766.97798
-48.2,500,767.060533
-50.3,500,767.144357
-48.9,500,767.227168
-50.7,500,767.309406
-46.8,500,767.391526
-50.3,500,767.475899
-49.4,500,767.557907
-46.9,500,767.640502
-47.1,500,767.723609
-57.4,500,767.809104
-66.5,500,767.891979
-53.9,500,767.975435
-53.6,500,768.058531
-47.8,500,768.176603
-51.5,500,768.259292
-59.3,500,768.340976
-47.1,500,768.422465
-51.9,500,768.507627
-55.6,500,768.590514
-47.5,500,768.672846
-47.0,500,768.754437
-46.8,500,768.839163
-46.9,500,768.921905
-50.7,500,769.003979
-49.8,500,769.085021
-48.5,500,769.169793
-46.7,500,769.252542
-46.9,500,769.335537
-49.2,500,769.417783
-50.1,500,769.502196
-49.6,500,769.584707
-49.4,500,769.666901
-46.9,500,769.749003
-53.7,500,769.832968
-49.5,500,769.915821
-53.6,500,769.998189
-47.0,500,770.080265
-46.9,500,770.163995
-53.7,500,770.246516
-63.6,500,770.329489
-47.8,500,770.411625
-48.7,500,770.49582
-47.0,500,770.578683
-46.9,500,770.661119
-56.7,500,770.743523
-47.7,500,770.828283
-47.5,500,770.910151
-46.8,500,770.992895
-47.1,500,771.075921
-47.1,500,771.161366
-47.5,500,771.243033
-47.0,500,771.325477
-47.0,500,771.408956
-47.7,500,771.493808
-46.9,500,771.576362
-47.4,500,771.6604
-47.1,500,771.743406
-47.2,500,771.8286
-47.6,500,771.909453
-57.0,500,771.99177
-68.5,500,772.07451
-47.4,500,772.159445
-46.7,500,772.241754
-47.4,500,772.323055
-46.9,500,772.40545
-48.1,500,772.490746
-47.2,500,772.573036
-46.7,500,772.654772
-47.1,500,772.737734
-46.9,500,772.822472
-47.2,500,772.904654
-46.8,500,772.985923
-46.9,500,773.068505
-46.9,500,773.152822
-47.5,500,773.2355
-46.8,500,773.317026
-46.7,500,773.399462
-47.4,500,773.484458
-47.7,500,773.56681
-46.9,500,773.648813
-47.1,500,773.730284
-46.9,500,773.814822
-47.2,500,773.896932
-47.2,500,773.979436
-46.9,500,774.061005
-47.2,500,774.144555
-47.5,500,774.226439
-47.1,500,774.308507
-47.0,500,774.389196
-50.7,500,774.474009
-47.2,500,774.556789
-47.2,500,774.639308
-49.3,500,774.721148
-47.3,500,774.80559
-47.7,500,774.888072
-47.1,500,774.970736
-47.0,500,775.053029
-47.9,500,775.136137
-46.9,500,775.219054
-47.0,500,775.301748
-54.8,500,775.384031
-47.8,500,775.468012
-47.1,500,775.550862
-48.3,500,775.633339
-51.7,500,775.714975
-47.3,500,775.798103
-47.9,500,775.881168
-47.4,500,775.963628
-47.0,500,776.045918
-46.9,500,776.130403
-47.7,500,776.212853
-46.7,500,776.2953
-47.1,500,776.377051
-46.8,500,776.460618
-48.7,500,776.542898
-47.5,500,776.627045
-46.7,500,776.70974
-46.8,500,776.793916
-47.1,500,776.877029
-47.0,500,776.959704
-47.2,500,777.042381
-47.3,500,777.126962
-46.8,500,777.209119
-54.2,500,777.291838
-46.6,500,777.37508
-46.8,500,777.459806
-59.2,500,777.54176
-47.3,500,777.624309
-47.1,500,777.706928
-47.7,500,777.792411
-46.9,500,777.874201
-46.7,500,777.956877
-46.6,500,778.039298
-46.7,500,778.1234
-55.5,500,778.20443
-46.8,500,778.287015
-46.7,500,778.369348
-48.5,500,778.454197
-47.1,500,778.536777
-47.3,500,778.618355
-48.2,500,778.701029
-47.0,500,778.786051
-51.8,500,778.868738
-51.6,500,778.950751
-47.2,500,779.033662
-51.7,500,779.118356
-46.9,500,779.20107
-53.3,500,779.282437
-47.0,500,779.365101
-47.4,500,779.450858
-54.8,500,779.533541
-46.9,500,779.615073
-50.6,500,779.697428
-47.0,500,779.782009
-46.8,500,779.864335
-47.4,500,779.946314
-65.1,500,780.029342
-52.2,500,780.114508
-53.7,500,780.197217
-50.4,500,780.278683
-54.3,500,780.361915
-67.9,500,780.447311
-47.5,500,780.529666
-47.8,500,780.611469
-46.6,500,780.694306
-48.2,500,780.779115
-46.6,500,780.862632
-47.1,500,780.959536
-47.4,500,781.051815
-46.5,500,781.148215
-47.0,500,781.239984
-46.9,500,781.332319
-47.3,500,781.423686
-46.9,500,781.516665
-47.1,500,781.607013
-47.2,500,781.688378
-49.1,500,781.771297
-50.7,500,781.856134
-46.9,500,781.938832
-48.6,500,782.020902
-48.1,500,782.102313
-50.0,500,782.187151
-47.4,500,782.269685
-46.9,500,782.351981
-47.4,500,782.433447
-46.8,500,782.517948
-47.2,500,782.599971
-49.2,500,782.682833
-46.7,500,782.778012
-47.1,500,782.867448
-64.1,500,782.951066
-46.6,500,783.034504
-46.8,500,783.117219
-47.0,500,783.200802
-47.2,500,783.283722
-49.2,500,783.366448
-46.8,500,783.448769
-46.6,500,783.532238
-47.6,500,783.615009
-46.8,500,783.697187
-47.2,500,783.779476
-46.8,500,783.863858
-46.7,500,783.945118
-69.0,500,784.028017
-46.8,500,784.109894
-48.2,500,784.194075
-46.8,500,784.275712
-47.2,500,784.358356
-47.2,500,784.440629
-46.9,500,784.526498
-47.9,500,784.607771
-47.0,500,784.690071
-47.1,500,784.773116
-47.4,500,784.85773
-47.3,500,784.940065
-47.4,500,785.022235
-46.8,500,785.104738
-49.5,500,785.189378
-46.7,500,785.272253
-47.0,500,785.353514
-56.0,500,785.436596
-47.1,500,785.521546
-46.9,500,785.604103
-47.2,500,785.685198
-47.1,500,785.767698
-47.2,500,785.852322
-46.7,500,785.934824
-48.6,500,786.016722
-46.8,500,786.099369
-48.1,500,786.184513
-50.3,500,786.267383
-50.2,500,786.349548
-47.4,500,786.431448
-55.4,500,786.516131
-51.0,500,786.599238
-47.1,500,786.682574
-47.5,500,786.764195
-47.3,500,786.889664
-47.0,500,786.972849
-47.3,500,787.055339
-46.7,500,787.137787
-74.5,500,787.22322
-53.0,500,787.305014
-46.7,500,787.387824
-49.3,500,787.470809
-47.2,500,787.555841
-52.1,500,787.637932
-47.0,500,787.720897
-61.8,500,787.803986
-49.1,500,787.88943
-47.2,500,787.971861
-47.4,500,788.053616
-48.8,500,788.136225
-47.0,500,788.220104
-53.8,500,788.302417
-46.6,500,788.384014
-46.6,500,788.466333
-51.7,500,788.5507
-47.5,500,788.633043
-46.6,500,788.714042
-47.0,500,788.796267
-52.3,500,788.880817
-46.6,500,788.963173
-51.8,500,789.044809
-48.9,500,789.127861
-47.1,500,789.212807
-48.4,500,789.295209
-51.1,500,789.377673
-47.2,500,789.459225
-46.6,500,789.544534
-47.1,500,789.627215
-46.9,500,789.709373
-47.1,500,789.791037
-46.6,500,789.875701
-46.7,500,789.958845
-53.9,500,790.041052
-47.0,500,790.122693
-48.9,500,790.206575
-47.0,500,790.289377
-46.8,500,790.371915
-47.1,500,790.453966
-46.6,500,790.538666
-47.8,500,790.621733
-47.1,500,790.704105
-46.5,500,790.785926
-47.1,500,790.870316
-46.9,500,790.953339
-47.6,500,791.036326
-47.4,500,791.118287
-47.0,500,791.202689
-47.3,500,791.28577
-48.1,500,791.36867
-47.6,500,791.451301
-46.8,500,791.5356
-46.7,500,791.620541
-46.6,500,791.70409
-46.7,500,791.78653
-46.7,500,791.870545
-52.6,500,791.953217
-46.7,500,792.035621
-47.1,500,792.118238
-46.9,500,792.203393
-52.3,500,792.285602
-47.9,500,792.368212
-47.9,500,792.450509
-47.2,500,792.535062
-47.3,500,792.616525
-46.9,500,792.698919
-50.7,500,792.780952
-47.4,500,792.866665
-50.0,500,792.949182
-50.5,500,793.031593
-47.9,500,793.114116
-47.4,500,793.198643
-47.7,500,793.28026
-48.6,500,793.362941
-46.9,500,793.445435
-46.6,500,793.53029
-47.1,500,793.612349
-59.3,500,793.695376
-59.6,500,793.778233
-54.8,500,793.86389
-47.1,500,793.946549
-47.3,500,794.028385
-46.6,500,794.111227
-46.9,500,794.195747
-50.1,500,794.27842
-48.9,500,794.359786
-47.6,500,794.442444
-53.5,500,794.527653
-48.5,500,794.609898
-46.9,500,794.690292
-46.8,500,794.772881
-46.8,500,794.857601
-46.8,500,794.940116
-47.8,500,795.02181
-46.8,500,795.102836
-47.0,500,795.187605
-47.1,500,795.270588
-46.7,500,795.352304
-46.8,500,795.433382
-47.0,500,795.517908
-47.0,500,795.600485
-46.5,500,795.682544
-46.7,500,795.764299
-62.9,500,795.849145
-47.7,500,795.93164
-47.2,500,796.014385
-60.0,500,796.096539
-47.0,500,796.180732
-46.8,500,796.263558
-46.7,500,796.346199
-47.2,500,796.428868
-47.1,500,796.512395
-46.9,500,796.595006
-47.0,500,796.67963
-46.8,500,796.761931
-46.8,500,796.846032
-47.0,500,796.928843
-61.9,500,797.011444
-47.6,500,797.093603
-46.9,500,797.177616
-48.4,500,797.260579
-49.0,500,797.343475
-51.9,500,797.426244
-46.7,500,797.511412
-52.0,500,797.5931
-47.1,500,797.675525
-46.6,500,797.758203
-47.7,500,797.84326
-56.4,500,797.925492
-52.1,500,798.008274
-49.9,500,798.090713
-54.2,500,798.17614
-52.5,500,798.257492
-51.4,500,798.34025
-66.9,500,798.423026
-47.5,500,798.50788
-46.7,500,798.58991
-55.4,500,798.671488
-50.8,500,798.754113
-46.8,500,798.838817
-47.2,500,798.921441
-46.9,500,799.002756
-46.9,500,799.085225
-46.6,500,799.169711
-47.4,500,799.252295
-46.7,500,799.334612
-46.7,500,799.416468
-47.3,500,799.501709
-46.7,500,799.584365
-46.8,500,799.667051
-46.6,500,799.748839
-47.9,500,799.83296
-68.7,500,799.915366
-53.6,500,799.997643
-67.5,500,800.079963
-48.6,500,800.16353
-47.4,500,800.246452
-47.0,500,800.328973
-46.9,500,800.411569
-47.2,500,800.495571
-46.7,500,800.578573
-53.6,500,800.661156
-47.1,500,800.743088
-46.8,500,800.82683
-47.4,500,800.909205
-49.2,500,800.991691
-46.7,500,801.074056
-47.3,500,801.158486
-47.0,500,801.241041
-46.8,500,801.324096
-47.0,500,801.406477
-53.0,500,801.490271
-46.5,500,801.572777
-53.9,500,801.658088
-47.1,500,801.740839
-46.5,500,801.825864
-46.7,500,801.90775
-46.7,500,801.99088
-46.9,500,802.0739
-46.7,500,802.159313
-47.6,500,802.240917
-48.1,500,802.322989
-46.9,500,802.40496
-46.6,500,802.488722
-46.8,500,802.569997
-46.6,500,802.652823
-58.2,500,802.735892
-50.8,500,802.82139
-46.9,500,802.903472
-46.9,500,802.985264
-47.1,500,803.067389
-46.9,500,803.151943
-46.9,500,803.234521
-47.0,500,803.315697
-46.6,500,803.39834
-46.5,500,803.48322
-47.0,500,803.56634
-47.4,500,803.647321
-53.0,500,803.729691
-48.1,500,803.815051
-71.1,500,803.898036
-63.0,500,803.980382
-46.9,500,804.061964
-46.8,500,804.14689
-46.8,500,804.230376
-46.8,500,804.312984
-50.2,500,804.395235
-46.7,500,804.480461
-46.6,500,804.563187
-46.9,500,804.645673
-52.5,500,804.728058
-47.2,500,804.812608
-47.2,500,804.89502
-46.6,500,804.977627
-47.1,500,805.058714
-47.8,500,805.142897
-46.8,500,805.225907
-46.7,500,805.308291
-51.8,500,805.390463
-47.5,500,805.473729
-46.7,500,805.587388
-47.0,500,805.670385
-58.8,500,805.753085
-46.7,500,805.837802
-46.7,500,805.9209
-46.9,500,806.003264
-47.2,500,806.085615
-46.8,500,806.170586
-46.6,500,806.251704
-47.0,500,806.333865
-47.0,500,806.416006
-54.3,500,806.500786
-47.1,500,806.582975
-47.2,500,806.699339
-51.1,500,806.780819
-55.4,500,806.864951
-62.0,500,806.947414
-48.5,500,807.029732
-46.8,500,807.110844
-55.3,500,807.196718
-54.0,500,807.279434
-48.6,500,807.361635
-47.0,500,807.443173
-48.1,500,807.52766
-48.0,500,807.609969
-49.9,500,807.691731
-61.1,500,807.772717
-46.7,500,807.857896
-47.4,500,807.939934
-46.8,500,808.021985
-54.3,500,808.103284
-46.8,500,808.187221
-47.0,500,808.26952
-46.6,500,808.351751
-46.8,500,808.433872
-46.6,500,808.517446
-46.8,500,808.599597
-47.1,500,808.681985
-53.6,500,808.764689
-46.9,500,808.848538
-55.1,500,808.9319
-46.9,500,809.014257
-46.6,500,809.096397
-47.5,500,809.179947
-50.1,500,809.262324
-52.3,500,809.344854
-46.7,500,809.427217
-46.7,500,809.511686
-46.9,500,809.594925
-47.2,500,809.677412
-46.6,500,809.760021
-46.9,500,809.842923
-47.2,500,809.925743
-46.8,500,810.008223
-47.2,500,810.090783
-46.8,500,810.174422
-47.6,500,810.25723
-46.9,500,810.340042
-47.0,500,810.423291
-47.3,500,810.507588
-47.4,500,810.590213
-46.9,500,810.672705
-50.4,500,810.755535
-48.7,500,810.838947
-48.4,500,810.922031
-47.1,500,811.004762
-47.5,500,811.090709
-47.6,500,811.176084
-47.2,500,811.258083
-47.1,500,811.340096
-47.3,500,811.422173
-46.8,500,811.506099
-63.1,500,811.587765
-47.0,500,811.673109
-47.1,500,811.758334
-46.9,500,811.843159
-47.4,500,811.924609
-47.1,500,812.007212
-47.2,500,812.089467
-48.3,500,812.175079
-46.8,500,812.257633
-46.9,500,812.339642
-57.0,500,812.422128
-47.2,500,812.50707
-47.2,500,812.589649
-47.6,500,812.67123
-47.8,500,812.753591
-46.7,500,812.839246
-46.8,500,812.925625
-47.1,500,813.013575
-46.9,500,813.095443
-46.6,500,813.180528
-46.9,500,813.263164
-46.6,500,813.346295
-46.6,500,813.427877
-46.8,500,813.51327
-46.9,500,813.595623
-47.2,500,813.678098
-46.9,500,813.759508
-50.9,500,813.843925
-48.7,500,813.926658
-46.9,500,814.009211
-46.5,500,814.091477
-47.1,500,814.174239
-46.6,500,814.25729
-46.9,500,814.339364
-47.3,500,814.420968
-46.5,500,814.505992
-47.0,500,814.588537
-47.3,500,814.670466
-47.2,500,814.751963
-47.2,500,814.835763
-47.2,500,814.918784
-47.3,500,815.00144
-47.4,500,815.083529
-46.9,500,815.16714
-47.1,500,815.249973
-48.1,500,815.332414
-47.7,500,815.414774
-47.7,500,815.498915
-47.4,500,815.581593
-47.5,500,815.66434
-46.9,500,815.746945
-47.1,500,815.830382
-47.6,500,815.913187
-46.9,500,815.996216
-52.5,500,816.078649
-50.7,500,816.163924
-47.2,500,816.245485
-46.9,500,816.328268
-48.2,500,816.411152
-47.8,500,816.496016
-47.5,500,816.57779
-46.9,500,816.662156
-53.0,500,816.745118
-51.5,500,816.82966
-46.8,500,816.911372
-48.1,500,816.993432
-47.4,500,817.075615
-47.9,500,817.160455
-60.2,500,817.243431
-48.4,500,817.324736
-46.8,500,817.406935
-51.4,500,817.491359
-47.0,500,817.573747
-46.9,500,817.655144
-47.6,500,817.737453
-46.9,500,817.822693
-67.4,500,817.905923
-47.7,500,817.98837
-49.7,500,818.069957
-53.4,500,818.154469
-47.5,500,818.236504
-47.0,500,818.319085
-48.1,500,818.400828
-50.8,500,818.485153
-46.5,500,818.567816
-54.6,500,818.649968
-47.5,500,818.731567
-46.8,500,818.816043
-49.7,500,818.898972
-46.7,500,818.982036
-49.1,500,819.064168
-51.6,500,819.147728
-46.5,500,819.230599
-49.9,500,819.313043
-47.2,500,819.395484
-47.0,500,819.479706
-51.2,500,819.562397
-47.0,500,819.644318
-46.7,500,819.726735
-47.7,500,819.810187
-47.0,500,819.892773
-46.8,500,819.974984
-51.6,500,820.057292
-50.1,500,820.14197
-47.2,500,820.224042
-47.0,500,820.307407
-47.4,500,820.390135
-47.1,500,820.475067
-47.3,500,820.556693
-47.1,500,820.639556
-56.8,500,820.721611
-55.0,500,820.806363
-47.4,500,820.888544
-51.7,500,820.972117
-47.4,500,821.054688
-47.6,500,821.139523
-46.7,500,821.221215
-52.1,500,821.303873
-50.6,500,821.386362
-47.1,500,821.470975
-47.0,500,821.553434
-47.0,500,821.636236
-48.0,500,821.719888
-53.6,500,821.805529
-55.7,500,821.887931
-47.3,500,821.969745
-58.1,500,822.05225
-48.4,500,822.137221
-51.3,500,822.219476
-47.2,500,822.300663
-46.9,500,822.382889
-47.0,500,822.467297
-82.1,500,822.550298
-52.8,500,822.631884
-46.7,500,822.714288
-61.4,500,822.799374
-53.0,500,822.881706
-52.2,500,822.963718
-50.6,500,823.045337
-48.1,500,823.130073
-46.6,500,823.212816
-50.0,500,823.29505
-46.7,500,823.377261
-47.3,500,823.46138
-47.5,500,823.543866
-48.3,500,823.625857
-46.7,500,823.707115
-47.0,500,823.792202
-47.6,500,823.874717
-47.1,500,823.957277
-46.8,500,824.082095
-47.4,500,824.166628
-47.8,500,824.247981
-46.9,500,824.330208
-47.2,500,824.412693
-47.2,500,824.497081
-49.2,500,824.579159
-47.4,500,824.661427
-50.3,500,824.743884
-46.9,500,824.827759
-55.5,500,824.910034
-47.2,500,824.992172
-47.9,500,825.073885
-47.0,500,825.157492
-47.0,500,825.238927
-49.4,500,825.321324
-47.4,500,825.403856
-47.2,500,825.488604
-47.6,500,825.570702
-47.3,500,825.653482
-58.8,500,825.73604
-47.6,500,825.820928
-47.2,500,825.902387
-57.7,500,825.984918
-47.4,500,826.067007
-47.8,500,826.151919
-46.9,500,826.234443
-47.0,500,826.316392
-46.8,500,826.39933
-46.9,500,826.483269
-47.0,500,826.565911
-46.9,500,826.648828
-46.9,500,826.731704
-47.1,500,826.816252
-46.8,500,826.898967
-46.7,500,826.980455
-47.3,500,827.06253
-47.2,500,827.147855
-47.3,500,827.230167
-46.7,500,827.311205
-47.1,500,827.394119
-46.9,500,827.478276
-47.1,500,827.560512
-47.0,500,827.642906
-47.0,500,827.723841
-53.0,500,827.809569
-46.6,500,827.892227
-47.4,500,827.974555
-46.9,500,828.055969
-47.1,500,828.139985
-47.1,500,828.222531
-62.2,500,828.304936
-47.4,500,828.387
-47.0,500,828.470312
-47.1,500,828.552854
-46.7,500,828.635047
-46.7,500,828.716647
-46.7,500,828.800867
-46.7,500,828.88399
-47.8,500,828.966466
-56.5,500,829.048877
-46.8,500,829.132643
-47.8,500,829.215189
-46.7,500,829.298179
-58.6,500,829.381175
-47.5,500,829.465465
-46.7,500,829.548546
-46.5,500,829.631532
-53.3,500,829.714251
-47.0,500,829.798456
-46.7,500,829.880457
-46.5,500,829.963023
-46.8,500,830.045429
-47.0,500,830.129371
-47.0,500,830.210945
-47.7,500,830.292932
-46.9,500,830.375223
-46.7,500,830.459101
-46.9,500,830.540627
-47.1,500,830.622842
-46.8,500,830.705266
-46.9,500,830.789356
-47.0,500,830.871375
-46.6,500,830.954078
-53.5,500,831.03618
-46.8,500,831.121433
-46.9,500,831.202844
-47.1,500,831.285497
-48.1,500,831.368239
-46.7,500,831.452858
-46.8,500,831.534797
-47.4,500,831.61786
-48.1,500,831.702089
-57.5,500,831.786911
-46.6,500,831.869661
-55.2,500,831.951254
-47.4,500,832.033986
-47.9,500,832.119026
-47.5,500,832.201392
-47.3,500,832.282893
-47.3,500,832.366103
-46.9,500,832.451085
-72.7,500,832.534284
-46.8,500,832.6163
-47.6,500,832.697932
-47.6,500,832.783476
-47.3,500,832.865949
-57.7,500,832.948077
-47.4,500,833.029178
-46.7,500,833.113393
-46.9,500,833.196157
-46.9,500,833.278293
-49.8,500,833.360384
-49.8,500,833.443678
-47.0,500,833.526476
-47.1,500,833.608846
-47.0,500,833.691002
-46.7,500,833.775239
-47.3,500,833.858163
-46.9,500,833.940979
-47.3,500,834.022974
-46.7,500,834.106057
-50.4,500,834.188617
-46.9,500,834.270685
-47.5,500,834.352821
-46.6,500,834.437367
-47.0,500,834.520556
-47.8,500,834.60365
-47.1,500,834.686274
-47.5,500,834.770591
-46.7,500,834.852909
-47.0,500,834.934776
-47.2,500,835.017118
-48.2,500,835.101078
-47.7,500,835.182281
-47.8,500,835.264902
-47.5,500,835.347293
-47.3,500,835.432651
-47.7,500,835.514109
-47.1,500,835.596561
-62.5,500,835.679047
-46.6,500,835.763842
-47.7,500,835.845195
-47.6,500,835.927446
-47.8,500,836.010538
-47.0,500,836.095774
-47.0,500,836.178469
-47.3,500,836.260449
-50.1,500,836.343046
-46.7,500,836.42734
-55.8,500,836.509353
-49.4,500,836.590253
-46.7,500,836.674242
-46.7,500,836.758821
-46.8,500,836.840947
-46.7,500,836.922304
-46.7,500,837.004971
-46.8,500,837.089555
-46.6,500,837.172431
-54.1,500,837.254881
-46.7,500,837.336592
-47.2,500,837.421107
-46.8,500,837.50395
-46.9,500,837.585977
-47.3,500,837.667533
-47.2,500,837.752171
-46.7,500,837.834762
-46.9,500,837.916577
-47.0,500,837.997678
-47.1,500,838.081978
-46.8,500,838.164173
-47.2,500,838.246454
-47.2,500,838.328043
-47.6,500,838.412117
-48.1,500,838.494922
-46.8,500,838.577103
-47.2,500,838.65909
-47.2,500,838.742847
-46.8,500,838.825697
-50.3,500,838.908798
-46.7,500,838.991525
-47.3,500,839.075429
-47.3,500,839.157717
-47.3,500,839.240412
-49.7,500,839.322834
-47.1,500,839.406837
-51.5,500,839.489336
-48.0,500,839.57149
-46.8,500,839.65405
-46.9,500,839.737419
-47.1,500,839.820419
-48.1,500,839.903217
-46.6,500,839.986098
-47.6,500,840.069252
-47.0,500,840.151746
-60.6,500,840.234474
-47.4,500,840.316809
-47.6,500,840.401533
-47.8,500,840.483223
-47.4,500,840.565409
-47.5,500,840.647725
-46.9,500,840.731781
-47.5,500,840.813993
-47.0,500,840.895904
-52.4,500,840.978364
-48.5,500,841.064059
-54.2,500,841.145832
-50.4,500,841.228311
-65.4,500,841.31123
-46.8,500,841.395687
-51.6,500,841.47798
-47.4,500,841.559729
-47.6,500,841.64247
-47.7,500,841.728123
-46.5,500,841.810539
-50.5,500,841.892328
-47.7,500,841.975162
-46.8,500,842.060881
-47.3,500,842.143382
-47.2,500,842.225214
-50.8,500,842.340565
-47.4,500,842.424328
-47.3,500,842.506389
-47.6,500,842.588696
-47.8,500,842.670222
-53.8,500,842.755359
-46.9,500,842.838402
-47.0,500,842.921449
-47.0,500,843.003369
-47.4,500,843.087131
-46.8,500,843.169554
-49.5,500,843.251814
-47.3,500,843.33417
-46.9,500,843.418108
-46.6,500,843.500521
-47.1,500,843.583015
-47.1,500,843.665112
-47.1,500,843.749299
-49.0,500,843.832087
-46.8,500,843.914796
-47.1,500,843.997389
-47.0,500,844.081429
-47.6,500,844.16312
-47.3,500,844.24506
-46.8,500,844.327216
-48.1,500,844.412552
-47.0,500,844.494712
-46.8,500,844.577422
-47.6,500,844.659476
-60.7,500,844.744051
-53.7,500,844.825497
-46.9,500,844.908078
-54.7,500,844.990342
-46.7,500,845.075252
-46.9,500,845.156887
-56.3,500,845.240165
-46.9,500,845.322942
-47.5,500,845.407617
-47.5,500,845.489896
-46.9,500,845.571143
-47.1,500,845.653395
-47.3,500,845.738219
-48.4,500,845.820476
-48.2,500,845.902367
-47.6,500,845.985273
-49.1,500,846.070832
-48.7,500,846.153284
-48.9,500,846.234678
-54.0,500,846.31724
-60.0,500,846.402134
-47.6,500,846.48477
-46.7,500,846.566759
-47.4,500,846.648621
-47.5,500,846.735182
-49.1,500,846.818111
-46.8,500,846.900435
-48.1,500,846.981577
-47.3,500,847.066123
-47.6,500,847.148882
-46.9,500,847.231556
-47.3,500,847.312739
-63.9,500,847.396723
-47.2,500,847.479456
-47.4,500,847.561725
-53.1,500,847.643679
-51.6,500,847.727457
-47.8,500,847.809602
-49.3,500,847.891661
-48.3,500,847.973379
-46.8,500,848.056882
-47.5,500,848.139344
-46.8,500,848.221766
-47.1,500,848.303839
-61.8,500,848.387781
-47.6,500,848.470728
-47.1,500,848.553753
-49.1,500,848.63604
-46.8,500,848.720536
-48.7,500,848.802258
-49.9,500,848.884338
-46.7,500,848.967194
-50.9,500,849.052353
-48.7,500,849.133667
-64.1,500,849.216578
-47.1,500,849.298772
-47.1,500,849.383683
-48.2,500,849.465704
-50.2,500,849.547243
-47.0,500,849.630099
-51.5,500,849.715188
-53.0,500,849.797822
-53.2,500,849.87977
-47.1,500,849.962415
-47.1,500,850.047133
-51.3,500,850.129551
-46.7,500,850.211294
-47.5,500,850.29328
-80.1,500,850.378586
-49.7,500,850.461073
-48.2,500,850.542468
-47.0,500,850.625158
-46.8,500,850.710058
-47.2,500,850.793184
-47.1,500,850.87537
-52.2,500,850.95735
-48.0,500,851.042394
-51.7,500,851.124399
-49.2,500,851.206906
-47.6,500,851.288444
-47.7,500,851.373128
-47.5,500,851.455567
-47.0,500,851.537895
-47.1,500,851.619287
-47.1,500,851.705379
-59.2,500,851.788329
-46.8,500,851.870854
-46.6,500,851.966026
-47.3,500,852.060246
-49.5,500,852.150403
-59.7,500,852.240001
-49.2,500,852.337137
-49.3,500,852.430656
-48.3,500,852.520098
-47.7,500,852.609422
-46.7,500,852.692765
-47.8,500,852.779638
-46.6,500,852.862802
-56.3,500,852.944618
-47.8,500,853.0269
-47.9,500,853.111769
-53.0,500,853.19447
-50.8,500,853.276704
-53.4,500,853.358182
-47.3,500,853.442314
-47.2,500,853.525444
-72.7,500,853.608098
-50.2,500,853.6904
-51.0,500,853.780627
-47.5,500,853.878263
-47.1,500,853.961315
-46.7,500,854.043412
-47.2,500,854.127824
-48.5,500,854.210214
-50.9,500,854.292859
-49.6,500,854.374932
-47.3,500,854.459982
-46.9,500,854.542772
-46.8,500,854.625602
-46.9,500,854.708073
-54.1,500,854.791989
-46.8,500,854.874915
-47.2,500,854.957513
-47.1,500,855.039626
-46.8,500,855.12349
-47.8,500,855.206745
-46.9,500,855.289014
-47.4,500,855.371352
-47.0,500,855.454807
-46.6,500,855.53724
-46.8,500,855.62014
-46.7,500,855.702114
-46.9,500,855.786428
-47.0,500,855.868305
-46.8,500,855.951238
-46.7,500,856.03375
-49.9,500,856.118875
-47.0,500,856.200716
-47.3,500,856.282737
-46.9,500,856.364773
-47.8,500,856.44921
-48.7,500,856.530671
-50.8,500,856.613035
-47.3,500,856.696994
-47.3,500,856.781701
-50.8,500,856.864188
-47.1,500,856.945677
-48.1,500,857.028085
-54.4,500,857.113224
-83.5,500,857.196361
-47.1,500,857.278121
-47.0,500,857.360821
-46.8,500,857.446018
-47.1,500,857.528099
-47.0,500,857.6095
-47.7,500,857.692061
-47.5,500,857.777547
-46.7,500,857.859679
-46.6,500,857.941154
-47.0,500,858.023709
-46.8,500,858.10898
-47.1,500,858.191683
-46.8,500,858.273612
-46.7,500,858.355428
-46.9,500,858.440664
-46.7,500,858.523166
-47.5,500,858.605228
-50.3,500,858.686726
-52.9,500,858.771791
-46.9,500,858.854765
-46.8,500,858.937403
-46.8,500,859.019348
-49.5,500,859.103731
-48.1,500,859.186099
-46.8,500,859.268481
-47.9,500,859.350055
-48.6,500,859.435134
-47.0,500,859.517577
-46.9,500,859.59995
-48.2,500,859.682123
-51.1,500,859.766669
-49.7,500,859.850244
-48.3,500,859.932991
-50.7,500,860.015317
-50.9,500,860.09869
-50.6,500,860.181342
-64.3,500,860.263788
-79.1,500,860.346688
-46.8,500,860.430388
-50.3,500,860.513452
-47.3,500,860.595809
-47.0,500,860.678588
-47.9,500,860.796993
-47.6,500,860.879045
-47.9,500,860.960778
-48.3,500,861.043295
-47.3,500,861.129144
-47.6,500,861.212199
-47.2,500,861.294202
-47.2,500,861.377073
-47.3,500,861.461298
-48.1,500,861.543301
-47.4,500,861.624337
-47.4,500,861.708804
-47.1,500,861.793976
-47.1,500,861.87678
-47.0,500,861.959192
-48.2,500,862.040792
-47.4,500,862.125471
-47.2,500,862.207825
-47.2,500,862.289877
-46.9,500,862.371391
-75.8,500,862.456318
-46.7,500,862.539728
-47.7,500,862.622431
-47.2,500,862.704012
-46.9,500,862.788921
-47.1,500,862.871944
-46.9,500,862.954419
-47.7,500,863.036779
-63.0,500,863.121139
-47.7,500,863.203973
-57.9,500,863.28669
-47.3,500,863.368847
-47.2,500,863.452614
-47.4,500,863.535477
-47.5,500,863.617415
-46.6,500,863.699727
-47.4,500,863.783904
-46.8,500,863.866344
-46.7,500,863.948987
-47.4,500,864.032031
-47.0,500,864.115615
-47.7,500,864.198049
-54.5,500,864.281181
-47.2,500,864.364048
-48.4,500,864.449333
-49.7,500,864.530412
-48.6,500,864.613085
-47.0,500,864.69575
-46.8,500,864.779535
-47.1,500,864.861526
-47.7,500,864.943531
-47.0,500,865.025805
-46.8,500,865.109838
-46.8,500,865.19108
-59.5,500,865.274124
-47.0,500,865.35634
-47.1,500,865.440454
-54.9,500,865.52212
-55.9,500,865.604777
-54.2,500,865.687519
-47.0,500,865.772098
-47.0,500,865.853639
-46.9,500,865.936205
-47.4,500,866.018436
-46.8,500,866.104018
-50.6,500,866.18522
-47.3,500,866.268257
-46.7,500,866.351334
-46.6,500,866.436674
-47.2,500,866.518114
-46.9,500,866.600868
-47.1,500,866.684983
-46.8,500,866.770425
-47.3,500,866.852116
-47.5,500,866.933926
-49.1,500,867.016302
-46.8,500,867.101317
-47.2,500,867.183426
-54.3,500,867.265127
-50.1,500,867.347996
-49.6,500,867.43289
-46.6,500,867.515364
-47.1,500,867.596571
-51.1,500,867.67852
-48.3,500,867.763482
-46.5,500,867.846435
-46.7,500,867.92852
-47.4,500,868.011243
-47.4,500,868.095838
-46.8,500,868.177947
-46.9,500,868.259205
-46.9,500,868.34174
-46.7,500,868.42655
-46.7,500,868.508692
-46.9,500,868.590465
-47.7,500,868.672944
-58.4,500,868.758049
-54.7,500,868.841127
-47.2,500,868.922641
-47.1,500,869.005336
-47.2,500,869.090626
-51.0,500,869.173288
-46.9,500,869.255854
-47.7,500,869.337685
-46.8,500,869.422584
-46.9,500,869.505405
-46.6,500,869.588299
-53.1,500,869.670414
-47.3,500,869.755464
-74.0,500,869.838423
-47.3,500,869.920782
-46.9,500,870.002813
-49.1,500,870.087344
-48.5,500,870.169794
-47.1,500,870.252537
-47.2,500,870.333971
-46.9,500,870.41874
-47.4,500,870.501313
-47.5,500,870.583933
-47.3,500,870.66552
-47.7,500,870.749166
-48.6,500,870.831937
-47.8,500,870.914618
-47.2,500,870.997038
-46.9,500,871.082078
-47.0,500,871.165257
-61.9,500,871.247713
-47.2,500,871.330039
-46.8,500,871.413835
-48.9,500,871.496658
-53.0,500,871.579506
-47.1,500,871.661528
-48.0,500,871.748235
-47.1,500,871.830178
-49.7,500,871.912895
-47.2,500,871.994832
-46.8,500,872.079914
-55.8,500,872.161607
-49.1,500,872.244662
-53.4,500,872.326934
-48.8,500,872.411374
-51.2,500,872.49317
-47.0,500,872.576091
-47.2,500,872.658835
-47.4,500,872.743512
-47.5,500,872.825874
-46.9,500,872.909292
-47.1,500,872.991777
-51.3,500,873.076843
-47.1,500,873.158213
-46.8,500,873.241097
-46.7,500,873.324034
-47.0,500,873.408995
-47.9,500,873.491357
-47.7,500,873.572998
-47.2,500,873.655189
-56.7,500,873.741079
-69.0,500,873.824227
-52.7,500,873.906148
-48.0,500,873.988731
-48.4,500,874.073648
-52.0,500,874.156777
-47.3,500,874.238097
-55.2,500,874.320902
-46.9,500,874.405936
-47.1,500,874.488571
-47.3,500,874.570481
-46.9,500,874.652024
-46.8,500,874.737215
-47.6,500,874.819883
-48.1,500,874.902447
-47.6,500,874.983784
-46.9,500,875.068514
-51.7,500,875.151098
-47.1,500,875.23312
-47.9,500,875.314531
-47.4,500,875.398473
-58.4,500,875.481596
-53.5,500,875.563917
-46.7,500,875.646356
-58.6,500,875.72988
-47.8,500,875.812108
-47.5,500,875.894681
-47.1,500,875.975619
-51.4,500,876.060642
-47.2,500,876.143318
-48.1,500,876.225861
-47.5,500,876.307779
-47.0,500,876.392028
-46.5,500,876.474846
-47.0,500,876.557279
-47.1,500,876.638065
-47.0,500,876.723896
-47.4,500,876.806593
-47.0,500,876.88958
-59.3,500,876.971908
-48.1,500,877.055184
-47.6,500,877.137956
-47.3,500,877.220417
-51.5,500,877.302258
-47.3,500,877.385781
-46.7,500,877.468191
-47.1,500,877.550664
-48.4,500,877.632989
-46.6,500,877.717478
-52.4,500,877.800443
-46.8,500,877.882956
-47.6,500,877.96484
-47.0,500,878.049084
-46.7,500,878.130317
-47.4,500,878.212952
-50.2,500,878.295021
-46.7,500,878.379693
-47.0,500,878.462459
-47.3,500,878.544723
-50.1,500,878.627986
-46.6,500,878.713078
-46.5,500,878.79529
-47.4,500,878.877815
-47.7,500,878.960184
-47.2,500,879.045238
-60.7,500,879.127334
-47.0,500,879.21039
-46.8,500,879.293407
-47.2,500,879.379075
-46.9,500,879.460653
-47.0,500,879.543578
-51.4,500,879.626256
-46.5,500,879.710662
-46.7,500,879.792545
-46.8,500,879.874046
-46.8,500,879.956828
-46.7,500,880.04179
-56.2,500,880.124641
-47.0,500,880.206057
-47.5,500,880.288005
-46.9,500,880.411915
-46.7,500,880.494394
-46.6,500,880.57638
-47.2,500,880.658336
-47.2,500,880.743098
-47.6,500,880.825522
-47.8,500,880.908237
-46.9,500,880.990456
-47.2,500,881.074353
-46.7,500,881.1567
-47.1,500,881.239234
-47.0,500,881.321427
-47.1,500,881.404741
-47.3,500,881.487644
-46.7,500,881.570413
-46.9,500,881.653013
-48.1,500,881.738578
-47.7,500,881.821405
-47.5,500,881.903701
-50.3,500,881.985456
-47.2,500,882.07102
-46.8,500,882.154203
-46.9,500,882.236676
-47.2,500,882.31888
-46.9,500,882.402551
-47.8,500,882.485267
-47.6,500,882.567496
-47.5,500,882.650076
-46.8,500,882.738424
-47.2,500,882.820003
-47.4,500,882.903106
-46.7,500,882.985328
-63.7,500,883.069793
-51.6,500,883.151454
-47.0,500,883.23418
-46.7,500,883.316866
-47.3,500,883.400634
-48.3,500,883.482278
-47.1,500,883.563929
-47.0,500,883.646067
-48.9,500,883.730958
-47.0,500,883.812891
-46.8,500,883.894318
-47.4,500,883.97699
-46.9,500,884.061377
-46.8,500,884.143814
-46.7,500,884.2255
-46.7,500,884.308008
-47.3,500,884.393076
-47.1,500,884.475211
-47.2,500,884.557234
-46.9,500,884.638866
-47.4,500,884.723412
-46.7,500,884.805692
-47.5,500,884.887711
-47.4,500,884.968956
-47.2,500,885.053649
-47.1,500,885.136086
-46.8,500,885.218588
-47.0,500,885.300632
-47.2,500,885.384944
-47.4,500,885.468154
-46.9,500,885.549971
-47.3,500,885.631213
-46.8,500,885.714621
-47.8,500,885.797394
-46.9,500,885.880148
-47.1,500,885.962438
-46.9,500,886.046372
-47.0,500,886.128766
-47.8,500,886.211323
-47.9,500,886.293307
-47.0,500,886.377209
-46.9,500,886.459767
-47.5,500,886.541945
-55.5,500,886.624614
-57.3,500,886.710955
-52.1,500,886.793088
-58.5,500,886.875895
-48.2,500,886.958388
-47.5,500,887.043498
-50.7,500,887.124566
-52.8,500,887.207315
-47.7,500,887.289374
-47.0,500,887.373481
-47.2,500,887.454493
-47.8,500,887.537103
-46.5,500,887.619797
-50.6,500,887.705318
-48.9,500,887.787378
-47.0,500,887.868815
-50.4,500,887.951095
-72.1,500,888.035906
-47.1,500,888.117898
-50.4,500,888.199613
-52.7,500,888.282306
-48.9,500,888.366942
-56.9,500,888.449746
-47.4,500,888.531597
-47.3,500,888.613831
-46.7,500,888.699198
-47.7,500,888.7819
-52.8,500,888.862935
-46.9,500,888.945496
-46.6,500,889.030105
-46.7,500,889.113058
-48.2,500,889.194571
-49.3,500,889.277814
-47.4,500,889.363192
-47.4,500,889.445812
-47.0,500,889.527845
-47.0,500,889.609471
-46.5,500,889.693914
-47.2,500,889.776014
-46.7,500,889.858882
-47.4,500,889.940507
-48.3,500,890.025344
-47.1,500,890.107397
-47.2,500,890.189333
-46.9,500,890.270773
-47.4,500,890.355329
-48.6,500,890.437739
-46.8,500,890.520284
-47.7,500,890.602885
-47.8,500,890.687422
-47.1,500,890.770231
-48.7,500,890.853029
-53.4,500,890.935104
-46.6,500,891.02022
-47.0,500,891.10266
-47.4,500,891.184924
-47.7,500,891.266795
-47.0,500,891.350524
-51.6,500,891.433727
-46.9,500,891.516418
-46.9,500,891.598419
-46.8,500,891.682772
-46.9,500,891.766562
-46.8,500,891.84881
-49.3,500,891.931142
-47.2,500,892.016021
-59.5,500,892.097816
-46.8,500,892.180568
-47.3,500,892.263055
-46.5,500,892.348054
-47.4,500,892.430111
-47.0,500,892.512717
-46.5,500,892.595569
-47.5,500,892.680239
-49.2,500,892.762978
-47.0,500,892.844897
-46.8,500,892.92783
-47.0,500,893.012829
-47.2,500,893.094094
-47.9,500,893.176424
-47.5,500,893.258635
-47.9,500,893.343243
-51.7,500,893.425579
-46.7,500,893.507938
-50.2,500,893.59086
-47.9,500,893.67594
-47.2,500,893.758042
-47.3,500,893.84015
-59.5,500,893.922247
-47.0,500,894.007271
-46.5,500,894.089944
-48.0,500,894.1703
-47.3,500,894.25255
-54.6,500,894.337851
-55.6,500,894.420645
-48.8,500,894.502441
-52.4,500,894.585071
-50.8,500,894.669643
-54.5,500,894.751721
-47.0,500,894.833591
-47.9,500,894.916398
-47.3,500,895.000741
-47.6,500,895.083428
-47.2,500,895.16558
-47.2,500,895.247979
-50.9,500,895.333837
-47.6,500,895.416735
-48.3,500,895.499492
-48.5,500,895.580567
-47.4,500,895.665789
-47.4,500,895.749135
-48.0,500,895.831415
-47.5,500,895.91302
-46.7,500,895.998163
-47.0,500,896.080858
-47.2,500,896.163339
-46.8,500,896.244461
-65.6,500,896.328944
-46.7,500,896.411455
-47.4,500,896.493802
-57.6,500,896.575335
-53.5,500,896.658884
-52.9,500,896.744412
-48.6,500,896.827384
-58.1,500,896.909742
-47.0,500,896.993727
-47.0,500,897.076391
-47.4,500,897.158576
-47.0,500,897.240652
-47.9,500,897.324503
-47.6,500,897.405762
-46.8,500,897.48841
-46.7,500,897.57092
-46.7,500,897.65619
-47.8,500,897.738135
-47.4,500,897.82083
-47.6,500,897.902895
-46.7,500,897.987792
-47.5,500,898.06908
-47.4,500,898.151859
-54.5,500,898.234057
-49.7,500,898.318607
-48.3,500,898.400273
-49.1,500,898.482786
-47.1,500,898.565013
-47.4,500,898.67769
-47.1,500,898.765623
-47.1,500,898.848238
-49.7,500,898.929938
-53.8,500,899.014732
-48.1,500,899.097034
-47.3,500,899.178753
-47.9,500,899.260335
-47.6,500,899.345421
-49.8,500,899.427617
-47.1,500,899.509431
-46.9,500,899.590814
-46.9,500,899.674041
-46.6,500,899.757297
-46.7,500,899.840363
-47.4,500,899.922063
-50.0,500,900.005859
-49.2,500,900.088202
-46.6,500,900.170378
-53.9,500,900.252769
-47.2,500,900.336789
-46.6,500,900.419386
-46.8,500,900.501835
-54.1,500,900.584049
-47.2,500,900.668086
-47.4,500,900.749878
-46.9,500,900.832425
-47.6,500,900.914669
-46.7,500,900.999379
-47.2,500,901.08036
-48.8,500,901.162764
-50.0,500,901.244979
-48.6,500,901.328815
-46.6,500,901.410814
-51.2,500,901.492867
-47.1,500,901.574711
-47.4,500,901.658871
-56.9,500,901.742397
-47.6,500,901.824752
-47.1,500,901.907171
-47.0,500,901.991481
-46.8,500,902.073508
-46.6,500,902.157046
-48.9,500,902.239627
-47.4,500,902.32409
-47.4,500,902.405392
-47.3,500,902.487414
-47.5,500,902.569542
-47.8,500,902.653804
-47.3,500,902.736406
-47.6,500,902.817475
-46.8,500,902.899901
-47.2,500,902.984166
-58.2,500,903.066224
-48.9,500,903.147311
-49.5,500,903.229407
-47.1,500,903.313857
-46.7,500,903.396567
-47.2,500,903.477367
-46.9,500,903.559741
-46.8,500,903.644841
-46.8,500,903.727301
-48.5,500,903.809715
-47.0,500,903.891297
-46.7,500,903.976245
-47.2,500,904.059067
-46.7,500,904.141698
-47.0,500,904.223656
-47.3,500,904.308793
-49.0,500,904.391457
-47.8,500,904.473947
-48.6,500,904.555022
-46.7,500,904.639746
-46.7,500,904.722225
-64.9,500,904.804528
-46.8,500,904.88608
-46.6,500,904.970969
-47.7,500,905.053993
-49.0,500,905.136828
-52.4,500,905.218452
-46.5,500,905.303373
-47.2,500,905.386238
-58.5,500,905.469114
-48.3,500,905.552266
-47.2,500,905.637521
-47.0,500,905.721223
-46.9,500,905.804055
-47.4,500,905.886413
-48.2,500,905.970894
-47.1,500,906.053987
-56.7,500,906.136606
-47.3,500,906.218518
-47.5,500,906.301256
-52.0,500,906.384519
-53.5,500,906.467396
-47.1,500,906.549623
-48.3,500,906.632953
-47.2,500,906.717514
-47.9,500,906.800808
-47.7,500,906.882796
-47.7,500,906.967092
-47.5,500,907.049978
-47.1,500,907.132568
-47.8,500,907.214448
-50.1,500,907.299196
-47.3,500,907.381188
-48.7,500,907.464152
-48.0,500,907.546565
-46.8,500,907.631597
-67.8,500,907.713706
-46.9,500,907.796005
-46.7,500,907.878257
-61.4,500,907.963206
-47.1,500,908.04443
-46.6,500,908.126807
-47.1,500,908.209439
-46.8,500,908.293517
-47.0,500,908.374845
-46.6,500,908.457183
-46.8,500,908.539984
-46.9,500,908.625166
-46.8,500,908.705934
-46.6,500,908.788455
-46.5,500,908.871397
-46.6,500,908.95611
-47.4,500,909.038666
-46.6,500,909.12048
-46.6,500,909.202691
-47.0,500,909.288106
-47.0,500,909.370937
-47.3,500,909.452261
-47.4,500,909.534928
-47.3,500,909.619873
-51.2,500,909.702634
-47.9,500,909.784188
-46.9,500,909.86653
-51.2,500,909.951142
-47.9,500,910.033388
-61.1,500,910.114913
-47.0,500,910.196601
-48.1,500,910.281562
-47.5,500,910.364895
-46.9,500,910.446935
-47.3,500,910.528446
-46.9,500,910.613685
-46.9,500,910.69649
-46.8,500,910.778595
-46.8,500,910.860705
-50.8,500,910.945908
-58.0,500,911.02859
-46.8,500,911.110712
-47.0,500,911.193058
-47.7,500,911.27807
-46.7,500,911.360719
-47.2,500,911.442825
-47.9,500,911.524348
-46.8,500,911.608603
-46.7,500,911.690497
-55.1,500,911.775291
-46.8,500,911.857028
-46.9,500,911.942145
-46.9,500,912.024838
-46.7,500,912.106956
-46.7,500,912.188511
-68.9,500,912.273623
-46.8,500,912.35622
-47.0,500,912.438168
-47.0,500,912.519224
-47.2,500,912.636466
-47.8,500,912.718965
-46.8,500,912.80167
-48.3,500,912.884079
-47.5,500,912.96798
-47.9,500,913.049198
-49.2,500,913.131695
-57.1,500,913.214163
-47.3,500,913.298721
-53.0,500,913.380276
-47.2,500,913.463041
-48.7,500,913.545811
-47.4,500,913.630282
-48.5,500,913.712894
-47.8,500,913.793883
-46.6,500,913.876003
-47.5,500,913.95986
-47.5,500,914.041212
-47.4,500,914.123023
-47.0,500,914.205555
-54.5,500,914.290432
-49.5,500,914.372777
-49.2,500,914.454498
-47.0,500,914.53668
-46.6,500,914.621003
-46.9,500,914.703443
-46.6,500,914.785075
-48.9,500,914.867707
-46.7,500,914.952812
-47.0,500,915.035272
-50.9,500,915.117041
-57.0,500,915.200086
-59.5,500,915.285356
-46.9,500,915.367671
-47.5,500,915.449086
-46.6,500,915.531
-46.9,500,915.615911
-46.7,500,915.698939
-50.0,500,915.780895
-46.7,500,915.862746
-47.4,500,915.948073
-46.6,500,916.03139
-46.8,500,916.114154
-54.8,500,916.195935
-47.5,500,916.280603
-46.8,500,916.363228
-47.1,500,916.445803
-46.7,500,916.527407
-46.7,500,916.612676
-47.2,500,916.695364
-46.9,500,916.779401
-46.9,500,916.860973
-46.5,500,916.945426
-46.6,500,917.028256
-46.7,500,917.111131
-46.7,500,917.192677
-46.6,500,917.276757
-46.8,500,917.359438
-46.7,500,917.4417
-51.3,500,917.523556
-47.0,500,917.607688
-47.2,500,917.690221
-53.8,500,917.772817
-48.6,500,917.855493
-46.8,500,917.939103
-50.1,500,918.021848
-47.0,500,918.10468
-46.5,500,918.213534
-46.7,500,918.302007
-46.8,500,918.383893
-47.7,500,918.465787
-55.2,500,918.548642
-54.5,500,918.634487
-46.7,500,918.71671
-47.0,500,918.798567
-47.2,500,918.8815
-46.8,500,918.966034
-47.0,500,919.048679
-46.7,500,919.130102
-46.8,500,919.212654
-47.5,500,919.2975
-46.5,500,919.380691
-47.0,500,919.462383
-47.4,500,919.544823
-46.5,500,919.629646
-46.9,500,919.711678
-47.0,500,919.792968
-53.4,500,919.875746
-47.0,500,919.959919
-47.0,500,920.042716
-47.1,500,920.124402
-47.1,500,920.206736
-46.9,500,920.290904
-46.8,500,920.374258
-47.4,500,920.455425
-47.1,500,920.537274
-47.1,500,920.621845
-47.1,500,920.704573
-46.6,500,920.786963
-47.4,500,920.868413
-48.4,500,920.953581
-47.1,500,921.036709
-47.2,500,921.119865
-47.4,500,921.201192
-48.1,500,921.285901
-47.2,500,921.369402
-47.2,500,921.451466
-47.1,500,921.532768
-47.0,500,921.61726
-47.8,500,921.699496
-47.5,500,921.783798
-47.2,500,921.865974
-47.2,500,921.949457
-61.9,500,922.032424
-46.7,500,922.115201
-47.8,500,922.19693
-48.2,500,922.279995
-47.7,500,922.361849
-46.8,500,922.444292
-47.3,500,922.527057
-46.8,500,922.611251
-46.9,500,922.693738
-49.7,500,922.775702
-46.9,500,922.857436
-47.0,500,922.940784
-52.5,500,923.023649
-46.8,500,923.106246
-46.9,500,923.189122
-46.9,500,923.273246
-46.9,500,923.355379
-46.6,500,923.437774
-46.7,500,923.52041
-46.6,500,923.605117
-46.9,500,923.687056
-46.6,500,923.769681
-46.7,500,923.852517
-46.9,500,923.938186
-46.7,500,924.020252
-46.5,500,924.103907
-46.5,500,924.186572
-58.5,500,924.271957
-49.6,500,924.353023
-47.5,500,924.435051
-50.6,500,924.517272
-48.2,500,924.601413
-56.3,500,924.684117
-47.6,500,924.766087
-47.3,500,924.848689
-47.4,500,924.933657
-46.7,500,925.01618
-47.3,500,925.097763
-47.2,500,925.179982
-49.3,500,925.265136
-46.8,500,925.347606
-47.1,500,925.429677
-47.7,500,925.511342
-46.9,500,925.596005
-46.9,500,925.678824
-57.8,500,925.759928
-47.1,500,925.842314
-46.8,500,925.928979
-47.5,500,926.011656
-47.8,500,926.093396
-47.3,500,926.174856
-48.2,500,926.259726
-48.3,500,926.342221
-59.5,500,926.425107
-46.9,500,926.506219
-47.5,500,926.590188
-48.0,500,926.672203
-46.6,500,926.755575
-52.7,500,926.83805
-46.8,500,926.923015
-47.3,500,927.006159
-46.6,500,927.088709
-47.0,500,927.170124
-47.5,500,927.254863
-47.2,500,927.337912
-47.3,500,927.420112
-46.6,500,927.501021
-47.6,500,927.585801
-51.1,500,927.668435
-53.0,500,927.750354
-48.1,500,927.831564
-47.3,500,927.915346
-47.0,500,927.998073
-46.7,500,928.080736
-48.4,500,928.1624
-47.0,500,928.246323
-47.5,500,928.32829
-64.2,500,928.411081
-48.3,500,928.493296
-47.2,500,928.577749
-47.4,500,928.660623
-49.3,500,928.743227
-49.2,500,928.824874
-47.1,500,928.908607
-48.6,500,928.990892
-57.3,500,929.073566
-51.0,500,929.155702
-47.1,500,929.240536
-46.9,500,929.323052
-47.6,500,929.406138
-58.0,500,929.488838
-48.2,500,929.573222
-49.9,500,929.6547
-46.8,500,929.737336
-47.5,500,929.819753
-53.8,500,929.904312
-47.1,500,929.986078
-47.2,500,930.069098
-47.5,500,930.151855
-47.7,500,930.23679
-47.8,500,930.319754
-46.8,500,930.402603
-48.2,500,930.485241
-47.9,500,930.570059
-47.0,500,930.652721
-47.2,500,930.734808
-47.5,500,930.817157
-47.9,500,930.902497
-51.1,500,930.985343
-48.2,500,931.066977
-46.9,500,931.149566
-47.7,500,931.234517
-47.6,500,931.316786
-46.7,500,931.398512
-49.6,500,931.480823
-47.8,500,931.565507
-47.0,500,931.648
-47.2,500,931.730455
-47.3,500,931.814532
-48.6,500,931.899413
-49.7,500,931.982214
-47.4,500,932.064578
-47.4,500,932.145964
-48.6,500,932.231002
-47.0,500,932.31311
-46.9,500,932.395552
-68.5,500,932.477665
-47.2,500,932.562595
-64.6,500,932.645419
-46.8,500,932.727877
-47.1,500,932.809575
-60.7,500,932.893799
-46.5,500,932.976586
-47.0,500,933.058492
-57.5,500,933.14055
-61.2,500,933.223821
-46.8,500,933.306452
-47.0,500,933.388926
-46.7,500,933.47079
-46.9,500,933.55536
-47.3,500,933.637809
-46.5,500,933.720999
-46.8,500,933.803606
-46.7,500,933.887274
-46.7,500,933.970353
-46.9,500,934.052866
-46.6,500,934.134499
-46.8,500,934.219671
-46.7,500,934.302032
-50.5,500,934.384433
-46.9,500,934.466469
-47.0,500,934.549483
-50.9,500,934.632442
-47.3,500,934.715028
-49.3,500,934.797467
-47.8,500,934.880984
-46.9,500,934.963467
-48.4,500,935.045772
-46.9,500,935.128295
-47.0,500,935.212014
-50.8,500,935.294464
-47.6,500,935.376732
-47.0,500,935.459476
-47.0,500,935.544151
-66.1,500,935.626693
-52.0,500,935.709365
-47.3,500,935.792107
-55.9,500,935.877174
-47.5,500,935.958969
-47.0,500,936.041683
-47.2,500,936.124157
-48.4,500,936.209078
-50.5,500,936.291286
-47.4,500,936.373724
-47.5,500,936.45644
-51.6,500,936.54116
-67.0,500,936.623363
-47.8,500,936.705902
-50.3,500,936.78999
-48.4,500,936.875303
-52.0,500,936.957771
-48.5,500,937.039508
-47.9,500,937.122088
-52.3,500,937.206806
-53.0,500,937.316597
-47.4,500,937.401686
-48.0,500,937.484086
-51.0,500,937.569683
-47.5,500,937.652272
-48.0,500,937.73473
-47.2,500,937.816631
-47.1,500,937.900981
-48.0,500,937.982822
-55.2,500,938.065139
-46.7,500,938.145652
-46.8,500,938.230575
-47.0,500,938.31328
-48.0,500,938.395387
-49.9,500,938.477039
-46.9,500,938.561583
-47.2,500,938.643964
-46.9,500,938.726312
-47.6,500,938.808103
-46.7,500,938.891789
-48.6,500,938.974205
-47.2,500,939.056728
-56.2,500,939.138642
-51.1,500,939.222962
-54.5,500,939.305898
-48.5,500,939.388583
-47.6,500,939.470013
-47.2,500,939.553403
-47.5,500,939.63586
-47.3,500,939.718063
-46.8,500,939.800434
-47.6,500,939.885905
-47.3,500,939.976059
-47.2,500,940.059062
-47.7,500,940.141183
-47.0,500,940.226007
-46.7,500,940.30757
-47.2,500,940.390245
-46.9,500,940.472782
-47.1,500,940.557432
-47.1,500,940.638409
-47.6,500,940.720986
-47.0,500,940.803535
-47.2,500,940.88887
-47.7,500,940.970295
-47.2,500,941.052196
-46.7,500,941.134866
-47.8,500,941.218827
-55.0,500,941.300153
-47.0,500,941.382087
-48.0,500,941.464592
-61.3,500,941.549205
-47.8,500,941.630335
-47.3,500,941.71228
-47.1,500,941.796816
-47.2,500,941.882118
-47.6,500,941.963975
-47.2,500,942.045573
-46.8,500,942.128203
-47.7,500,942.212961
-47.1,500,942.295319
-55.3,500,942.376054
-47.8,500,942.458269
-47.2,500,942.543048
-46.8,500,942.624992
-46.9,500,942.706659
-47.3,500,942.789314
-49.3,500,942.873991
-47.7,500,942.956563
-47.6,500,943.037702
-47.8,500,943.120854
-47.2,500,943.206001
-47.2,500,943.288636
-46.8,500,943.370515
-47.3,500,943.452116
-47.7,500,943.537232
-47.3,500,943.619672
-47.4,500,943.701931
-47.0,500,943.784295
-46.8,500,943.86898
-47.1,500,943.951684
-47.8,500,944.033927
-47.4,500,944.115077
-56.4,500,944.200268
-47.7,500,944.282551
-49.7,500,944.365142
-48.3,500,944.446557
-47.3,500,944.530891
-52.4,500,944.613365
-59.7,500,944.695757
-47.6,500,944.777039
-46.9,500,944.860809
-48.6,500,944.943338
-57.2,500,945.026238
-46.7,500,945.10809
-49.7,500,945.192029
-47.4,500,945.274563
-46.8,500,945.357262
-46.8,500,945.43943
-46.9,500,945.522805
-46.7,500,945.605361
-46.9,500,945.68802
-46.7,500,945.770433
-47.0,500,945.85508
-55.7,500,945.938312
-47.0,500,946.021515
-47.5,500,946.10417
-47.2,500,946.188943
-47.5,500,946.270727
-47.6,500,946.352873
-53.3,500,946.435306
-47.5,500,946.519758
-58.9,500,946.601205
-47.2,500,946.684182
-47.0,500,946.767581
-47.0,500,946.853368
-51.8,500,946.935998
-46.9,500,947.017647
-47.2,500,947.100202
-47.4,500,947.185098
-47.7,500,947.266809
-47.1,500,947.348658
-47.0,500,947.431104
-47.2,500,947.516135
-47.8,500,947.598175
-46.7,500,947.680027
-46.9,500,947.762122
-46.7,500,947.846887
-46.8,500,947.929327
-47.9,500,948.010735
-47.1,500,948.093274
-47.1,500,948.177747
-47.2,500,948.260992
-47.0,500,948.342539
-47.4,500,948.424796
-54.7,500,948.509816
-47.0,500,948.592037
-47.2,500,948.672921
-52.1,500,948.755065
-46.8,500,948.839223
-46.9,500,948.92181
-49.4,500,949.003508
-46.5,500,949.086173
-47.0,500,949.171506
-56.8,500,949.254298
-46.8,500,949.335561
-47.2,500,949.418009
-46.5,500,949.502013
-57.0,500,949.584707
-47.2,500,949.666628
-47.3,500,949.748252
-47.6,500,949.832585
-47.3,500,949.915021
-47.3,500,949.996933
-47.7,500,950.078368
-46.9,500,950.163338
-48.3,500,950.245732
-62.2,500,950.328463
-47.2,500,950.410042
-53.5,500,950.494101
-46.9,500,950.576955
-68.2,500,950.659481
-52.5,500,950.741113
-47.4,500,950.82549
-47.2,500,950.908807
-53.1,500,950.991923
-52.3,500,951.074218
-47.7,500,951.157458
-50.3,500,951.240303
-49.0,500,951.322588
-47.6,500,951.404941
-47.0,500,951.488718
-46.9,500,951.571285
-47.9,500,951.65403
-46.8,500,951.736209
-46.7,500,951.822886
-46.7,500,951.90568
-47.1,500,951.988378
-46.9,500,952.0712
-47.0,500,952.155863
-47.0,500,952.237188
-47.5,500,952.319933
-55.3,500,952.402363
-46.7,500,952.487641
-46.9,500,952.569865
-47.2,500,952.65148
-47.5,500,952.733627
-47.1,500,952.818336
-48.2,500,952.900633
-47.5,500,952.982494
-47.0,500,953.065147
-51.5,500,953.149647
-47.4,500,953.232786
-49.1,500,953.314325
-46.8,500,953.396941
-47.3,500,953.481464
-47.0,500,953.564164
-47.4,500,953.645259
-47.5,500,953.727655
-47.1,500,953.812476
-47.8,500,953.894571
-48.1,500,953.976675
-47.3,500,954.058333
-52.2,500,954.143911
-47.6,500,954.226767
-46.7,500,954.309362
-47.2,500,954.391349
-47.8,500,954.475607
-50.4,500,954.55819
-47.0,500,954.640762
-47.3,500,954.72289
-46.6,500,954.806697
-46.8,500,954.88997
-47.1,500,954.972611
-46.9,500,955.054922
-56.3,500,955.1399
-46.8,500,955.222805
-47.3,500,955.304571
-47.2,500,955.386252
-46.8,500,955.470389
-46.6,500,955.553417
-48.4,500,955.63579
-46.8,500,955.718434
-47.3,500,955.802699
-46.8,500,955.885891
-46.5,500,955.968327
-46.7,500,956.050718
-47.0,500,956.135126
-46.9,500,956.216898
-46.6,500,956.299223
-47.1,500,956.38124
-46.8,500,956.465567
-47.3,500,956.547559
-51.3,500,956.630189
-47.6,500,956.712954
-47.1,500,956.799549
-46.7,500,956.881311
-46.7,500,956.964157
-46.8,500,957.046503
-50.1,500,957.13106
-46.7,500,957.212494
-46.7,500,957.295007
-47.1,500,957.377283
-58.6,500,957.462663
-62.5,500,957.582262
-46.6,500,957.664693
-47.1,500,957.745928
-47.8,500,957.829953
-46.9,500,957.912117
-47.5,500,957.993923
-47.2,500,958.075777
-47.4,500,958.160292
-54.8,500,958.242729
-53.9,500,958.325031
-47.0,500,958.406107
-46.7,500,958.491072
-46.7,500,958.57354
-58.5,500,958.655885
-52.5,500,958.737439
-47.6,500,958.82186
-47.2,500,958.904707
-46.8,500,958.987157
-50.3,500,959.069008
-54.9,500,959.153868
-51.0,500,959.236401
-47.0,500,959.318631
-47.6,500,959.400082
-48.6,500,959.483193
-47.5,500,959.565963
-46.6,500,959.648714
-47.1,500,959.731044
-46.6,500,959.815626
-46.7,500,959.897671
-46.7,500,959.97973
-46.9,500,960.061961
-49.4,500,960.146624
-47.4,500,960.227878
-46.9,500,960.310506
-46.7,500,960.393133
-47.0,500,960.477209
-47.1,500,960.558697
-52.9,500,960.641244
-47.5,500,960.723557
-46.8,500,960.810847
-46.7,500,960.892288
-46.9,500,960.974709
-47.6,500,961.057307
-46.7,500,961.142071
-46.9,500,961.223501
-46.7,500,961.30648
-46.9,500,961.388593
-47.0,500,961.473127
-46.5,500,961.554561
-47.3,500,961.637093
-46.9,500,961.719272
-46.7,500,961.806567
-48.3,500,961.897044
-46.9,500,961.987486
-52.3,500,962.082443
-46.7,500,962.17649
-46.8,500,962.267888
-46.7,500,962.359731
-47.0,500,962.449938
-46.6,500,962.547122
-47.5,500,962.629348
-50.0,500,962.712315
-47.1,500,962.795076
-55.7,500,962.879806
-47.1,500,962.961483
-48.5,500,963.043881
-48.8,500,963.1262
-50.4,500,963.210994
-48.4,500,963.29339
-46.7,500,963.375744
-47.3,500,963.458114
-53.7,500,963.543236
-47.7,500,963.626498
-47.3,500,963.709151
-53.5,500,963.806854
-50.1,500,963.896693
-47.4,500,963.979323
-46.8,500,964.061059
-46.5,500,964.142395
-49.0,500,964.228089
-59.6,500,964.311779
-46.8,500,964.3941
-47.6,500,964.474611
-46.6,500,964.558938
-47.2,500,964.64122
-46.7,500,964.723507
-47.2,500,964.804769
-46.9,500,964.889093
-46.9,500,964.97163
-47.3,500,965.054303
-46.8,500,965.13591
-46.8,500,965.220516
-47.6,500,965.303663
-60.9,500,965.386613
-47.4,500,965.467397
-47.0,500,965.550875
-47.1,500,965.633409
-47.3,500,965.71571
-46.9,500,965.797545
-46.8,500,965.882553
-46.8,500,965.964983
-47.1,500,966.047338
-49.2,500,966.129612
-47.1,500,966.213128
-47.3,500,966.295951
-54.9,500,966.378772
-46.8,500,966.460612
-46.8,500,966.54409
-46.9,500,966.627638
-46.8,500,966.709732
-46.7,500,966.793431
-46.9,500,966.878442
-48.2,500,966.961841
-46.8,500,967.044369
-48.0,500,967.125878
-47.2,500,967.209742
-46.6,500,967.292814
-46.8,500,967.375372
-53.4,500,967.45783
-47.4,500,967.542251
-48.3,500,967.625372
-46.8,500,967.707834
-47.4,500,967.79009
-47.0,500,967.87371
-46.7,500,967.957348
-47.1,500,968.039973
-46.7,500,968.122539
-47.1,500,968.206077
-53.7,500,968.28942
-47.5,500,968.371322
-46.7,500,968.454321
-47.2,500,968.539924
-47.4,500,968.621553
-48.2,500,968.703977
-53.0,500,968.786421
-47.4,500,968.871608
-47.2,500,968.95303
-47.0,500,969.03553
-47.0,500,969.118186
-47.0,500,969.203151
-46.6,500,969.284681
-46.8,500,969.367608
-47.2,500,969.449966
-65.5,500,969.534831
-47.0,500,969.616597
-46.8,500,969.698981
-46.8,500,969.781431
-47.2,500,969.866577
-46.9,500,969.948919
-47.3,500,970.031097
-47.6,500,970.114043
-46.5,500,970.199616
-47.5,500,970.282363
-47.0,500,970.364218
-47.3,500,970.446817
-47.5,500,970.531992
-47.3,500,970.6147
-46.6,500,970.695598
-47.0,500,970.778358
-47.7,500,970.864266
-52.5,500,970.947366
-47.4,500,971.028505
-46.8,500,971.110828
-47.1,500,971.195313
-47.1,500,971.277381
-46.9,500,971.359062
-62.3,500,971.441898
-47.8,500,971.526486
-46.9,500,971.609472
-47.1,500,971.692011
-47.1,500,971.773967
-47.1,500,971.861076
-52.0,500,971.944456
-47.6,500,972.026734
-46.7,500,972.108603
-46.6,500,972.193063
-58.1,500,972.275613
-53.9,500,972.357791
-47.7,500,972.439329
-47.2,500,972.524049
-53.0,500,972.607609
-47.5,500,972.690231
-49.0,500,972.772657
-48.5,500,972.856071
-48.7,500,972.938825
-47.0,500,973.021753
-47.6,500,973.104013
-49.1,500,973.187679
-47.4,500,973.270489
-46.7,500,973.353777
-46.6,500,973.436156
-50.9,500,973.52075
-47.0,500,973.603237
-47.3,500,973.685703
-51.3,500,973.768188
-46.9,500,973.851536
-46.9,500,973.934135
-47.0,500,974.016961
-46.9,500,974.099491
-46.8,500,974.183254
-46.9,500,974.265867
-52.0,500,974.348075
-47.8,500,974.430314
-56.0,500,974.51454
-46.9,500,974.596589
-53.1,500,974.678995
-46.6,500,974.762116
-47.4,500,974.846671
-46.9,500,974.928922
-50.5,500,975.011692
-47.1,500,975.093848
-47.2,500,975.178346
-46.9,500,975.260178
-46.9,500,975.34303
-46.9,500,975.425832
-47.0,500,975.510396
-47.0,500,975.59194
-50.3,500,975.675224
-47.4,500,975.757612
-47.1,500,975.842248
-46.8,500,975.924018
-47.6,500,976.006676
-46.8,500,976.124222
-46.7,500,976.209859
-47.1,500,976.293192
-48.6,500,976.376431
-46.8,500,976.458366
-47.9,500,976.542875
-52.0,500,976.625298
-46.6,500,976.708357
-55.3,500,976.791346
-46.8,500,976.876614
-46.6,500,976.959414
-46.7,500,977.042189
-48.4,500,977.12399
-47.5,500,977.207482
-47.3,500,977.289774
-46.6,500,977.372156
-47.0,500,977.453396
-46.8,500,977.537991
-52.1,500,977.620852
-56.7,500,977.703677
-46.8,500,977.785946
-47.7,500,977.869213
-47.2,500,977.951736
-47.1,500,978.033898
-46.8,500,978.116424
-47.0,500,978.199297
-47.0,500,978.282727
-47.2,500,978.36506
-46.9,500,978.447789
-46.7,500,978.531775
-47.0,500,978.614715
-46.9,500,978.697314
-47.1,500,978.779788
-48.7,500,978.864238
-49.8,500,978.946017
-47.6,500,979.028418
-47.0,500,979.110871
-46.6,500,979.196191
-77.0,500,979.279227
-46.8,500,979.362623
-47.2,500,979.445364
-46.8,500,979.5308
-50.8,500,979.612744
-47.2,500,979.695466
-46.7,500,979.77863
-46.9,500,979.863303
-50.4,500,979.945121
-46.9,500,980.027895
-46.8,500,980.11098
-46.9,500,980.196576
-47.0,500,980.278745
-47.3,500,980.360992
-46.8,500,980.443773
-46.7,500,980.529028
-47.5,500,980.61155
-47.4,500,980.692927
-56.9,500,980.776364
-47.3,500,980.86229
-48.4,500,980.945181
-50.5,500,981.027278
-55.1,500,981.11026
-47.0,500,981.194781
-46.8,500,981.277794
-47.1,500,981.360564
-47.2,500,981.442473
-47.0,500,981.527138
-46.7,500,981.610049
-47.2,500,981.6921
-47.2,500,981.773713
-47.3,500,981.860419
-47.0,500,981.943154
-46.9,500,982.025299
-46.8,500,982.106757
-56.0,500,982.191958
-49.7,500,982.274701
-47.2,500,982.357052
-46.7,500,982.438431
-47.5,500,982.523811
-47.1,500,982.60646
-47.3,500,982.689013
-47.6,500,982.771448
-47.0,500,982.855213
-46.9,500,982.938011
-56.0,500,983.0207
-51.7,500,983.102995
-47.4,500,983.186941
-47.4,500,983.269904
-49.5,500,983.352324
-46.7,500,983.435254
-46.5,500,983.519317
-46.6,500,983.602068
-47.1,500,983.684388
-48.0,500,983.766524
-48.7,500,983.850603
-46.9,500,983.933326
-46.7,500,984.015833
-46.6,500,984.098235
-47.0,500,984.182648
-46.8,500,984.263909
-52.4,500,984.346647
-53.2,500,984.428906
-50.7,500,984.513366
-48.9,500,984.595772
-47.5,500,984.678463
-46.9,500,984.761247
-47.5,500,984.846108
-47.8,500,984.92749
-47.0,500,985.009851
-54.9,500,985.092823
-47.0,500,985.177751
-47.3,500,985.260283
-46.9,500,985.342358
-47.1,500,985.424723
-46.9,500,985.509632
-47.0,500,985.592386
-47.0,500,985.674623
-47.0,500,985.757719
-46.7,500,985.843142
-48.1,500,985.925739
-47.7,500,986.007466
-47.7,500,986.090086
-47.0,500,986.174821
-47.1,500,986.257384
-47.7,500,986.33934
-50.2,500,986.421951
-47.3,500,986.506784
-46.7,500,986.589797
-46.8,500,986.672223
-56.3,500,986.753809
-46.8,500,986.840302
-46.9,500,986.923371
-47.7,500,987.005438
-47.2,500,987.086675
-48.8,500,987.171457
-51.8,500,987.254228
-51.0,500,987.336836
-46.8,500,987.418677
-46.9,500,987.503066
-50.3,500,987.585672
-60.1,500,987.668569
-46.8,500,987.749387
-47.0,500,987.833312
-47.1,500,987.9161
-46.9,500,987.99838
-49.2,500,988.079436
-47.0,500,988.163368
-46.8,500,988.24653
-57.2,500,988.32901
-46.8,500,988.411582
-46.5,500,988.495641
-46.7,500,988.578456
-51.0,500,988.6608
-47.5,500,988.743174
-47.4,500,988.827284
-46.7,500,988.910064
-46.7,500,988.992502
-46.7,500,989.074779
-46.9,500,989.159112
-47.2,500,989.242354
-47.4,500,989.324967
-48.2,500,989.407662
-47.5,500,989.49134
-48.3,500,989.574463
-61.3,500,989.656998
-46.8,500,989.739587
-47.4,500,989.823935
-58.6,500,989.90617
-49.5,500,989.988815
-60.1,500,990.071582
-46.9,500,990.15709
-47.4,500,990.238717
-52.9,500,990.321879
-47.5,500,990.404789
-46.9,500,990.489737
-47.0,500,990.570978
-56.6,500,990.654203
-52.9,500,990.737284
-46.9,500,990.822635
-46.9,500,990.905226
-53.6,500,990.987448
-47.2,500,991.070392
-47.4,500,991.155402
-46.7,500,991.237714
-47.9,500,991.320231
-47.3,500,991.4026
-55.1,500,991.487805
-46.6,500,991.570922
-54.1,500,991.653379
-47.5,500,991.734987
-46.9,500,991.821586
-46.8,500,991.904784
-47.5,500,991.987194
-46.8,500,992.071441
-47.4,500,992.155456
-48.0,500,992.237682
-47.5,500,992.320753
-47.4,500,992.402965
-47.5,500,992.486539
-47.0,500,992.569439
-48.5,500,992.651505
-46.8,500,992.736397
-47.8,500,992.820177
-47.2,500,992.902832
-47.0,500,992.985379
-48.1,500,993.067899
-46.7,500,993.151973
-46.5,500,993.23388
-47.3,500,993.316391
-46.9,500,993.398727
-46.8,500,993.484214
-47.3,500,993.565799
-55.2,500,993.648601
-47.2,500,993.730829
-46.9,500,993.815351
-47.3,500,993.896773
-46.8,500,993.979835
-46.8,500,994.062486
-46.8,500,994.147641
-46.8,500,994.229829
-46.6,500,994.311406
-46.5,500,994.394056
-46.9,500,994.478856
-49.5,500,994.561617
-46.9,500,994.643368
-47.4,500,994.725827
-46.6,500,994.810686
-48.4,500,994.893019
-47.5,500,994.97469
-47.1,500,995.057757
-46.8,500,995.142947
-47.5,500,995.22563
-47.7,500,995.307794
-46.8,500,995.389892
-47.0,500,995.474754
-46.7,500,995.577332
-61.7,500,995.672798
-46.7,500,995.755101
-50.6,500,995.839349
-47.4,500,995.922502
-47.1,500,996.005263
-48.2,500,996.08777
-46.8,500,996.172301
-50.9,500,996.253847
-47.0,500,996.335892
-61.2,500,996.418532
-47.4,500,996.503175
-46.9,500,996.585158
-49.3,500,996.668108
-47.2,500,996.750564
-46.6,500,996.838362
-47.5,500,996.919649
-46.8,500,997.00191
-46.8,500,997.084421
-46.6,500,997.169205
-46.9,500,997.250768
-47.6,500,997.333024
-47.0,500,997.415578
-47.8,500,997.50026
-47.1,500,997.582072
-48.2,500,997.664255
-61.6,500,997.746642
-47.1,500,997.831378
-50.5,500,997.913768
-48.5,500,997.995132
-47.8,500,998.077029
-47.9,500,998.161486
-47.2,500,998.244039
-46.7,500,998.32539
-46.8,500,998.408353
-46.6,500,998.492972
-46.7,500,998.57538
-46.9,500,998.65672
-46.9,500,998.738491
-47.2,500,998.823278
-46.5,500,998.906343
-46.6,500,998.988713
-46.8,500,999.070563
-48.4,500,999.155973
-48.9,500,999.23873
-46.7,500,999.321375
-46.8,500,999.403012
-47.1,500,999.487182
-47.3,500,999.569536
-47.4,500,999.651416
-47.6,500,999.732792
-63.5,500,999.818045
-46.7,500,999.900985
-47.8,500,999.983071
-46.5,500,1000.064355
-47.2,500,1000.149959
-47.2,500,1000.232969
-55.2,500,1000.315832
-47.7,500,1000.398629
-49.6,500,1000.482355
-48.5,500,1000.565114
-47.1,500,1000.648131
-47.4,500,1000.730272
-47.9,500,1000.814802
-48.2,500,1000.898587
-49.1,500,1000.981276
-59.0,500,1001.063094
-59.5,500,1001.147722
-52.4,500,1001.230524
-46.9,500,1001.313615
-49.0,500,1001.396335
-47.4,500,1001.479969
-53.6,500,1001.56273
-47.4,500,1001.645259
-47.7,500,1001.727169
-47.6,500,1001.811795
-46.9,500,1001.896288
-47.0,500,1001.978829
-46.9,500,1002.061514
-47.1,500,1002.145219
-47.2,500,1002.228031
-47.3,500,1002.311
-48.2,500,1002.393251
-46.8,500,1002.477576
-46.8,500,1002.559776
-48.4,500,1002.642917
-46.7,500,1002.72576
-46.9,500,1002.810857
-46.8,500,1002.893469
-47.7,500,1002.976522
-56.7,500,1003.059692
-57.8,500,1003.144191
-46.6,500,1003.226292
-46.8,500,1003.309525
-46.6,500,1003.392489
-47.2,500,1003.477375
-46.9,500,1003.559604
-47.2,500,1003.641731
-54.1,500,1003.72431
-46.9,500,1003.808951
-53.5,500,1003.891721
-47.1,500,1003.97352
-47.3,500,1004.055895
-50.9,500,1004.141281
-47.8,500,1004.223988
-46.9,500,1004.306452
-47.1,500,1004.389512
-47.2,500,1004.474215
-47.6,500,1004.556894
-47.4,500,1004.638763
-47.0,500,1004.720141
-47.1,500,1004.804892
-47.2,500,1004.887856
-46.6,500,1004.970823
-47.0,500,1005.053238
-69.7,500,1005.139243
-46.7,500,1005.222097
-47.5,500,1005.304421
-47.4,500,1005.385875
-46.7,500,1005.470912
-47.0,500,1005.553904
-47.3,500,1005.636555
-46.8,500,1005.718109
-47.3,500,1005.803096
-55.2,500,1005.886738
-51.2,500,1005.969418
-66.9,500,1006.0522
-47.3,500,1006.135731
-48.0,500,1006.219433
-46.8,500,1006.302437
-47.0,500,1006.385108
-46.7,500,1006.469189
-48.0,500,1006.552022
-47.3,500,1006.634839
-46.9,500,1006.717374
-47.7,500,1006.801304
-46.9,500,1006.88649
-47.0,500,1006.969296
-47.8,500,1007.051845
-48.4,500,1007.136631
-54.1,500,1007.219047
-48.5,500,1007.302109
-70.0,500,1007.385247
-47.3,500,1007.470894
-47.1,500,1007.552773
-47.1,500,1007.635001
-46.9,500,1007.717694
-47.8,500,1007.802437
-47.9,500,1007.883898
-47.7,500,1007.966754
-46.9,500,1008.049125
-47.8,500,1008.134125
-56.9,500,1008.21657
-57.6,500,1008.29861
-46.7,500,1008.381281
-53.8,500,1008.466394
-47.8,500,1008.54821
-52.7,500,1008.629968
-51.1,500,1008.712543
-46.9,500,1008.797141
-47.2,500,1008.88008
-54.9,500,1008.961407
-64.1,500,1009.04436
-47.8,500,1009.129591
-46.7,500,1009.212646
-56.6,500,1009.293649
-50.5,500,1009.376594
-50.6,500,1009.461481
-48.0,500,1009.544916
-50.8,500,1009.627204
-49.3,500,1009.708499
-47.5,500,1009.793173
-47.8,500,1009.875731
-49.1,500,1009.957857
-77.1,500,1010.03977
-47.9,500,1010.124134
-47.9,500,1010.206782
-47.1,500,1010.289163
-48.2,500,1010.370662
-58.9,500,1010.455738
-48.1,500,1010.538595
-50.8,500,1010.620595
-49.5,500,1010.702752
-46.8,500,1010.788193
-47.0,500,1010.871529
-52.0,500,1010.954168
-52.5,500,1011.036724
-48.8,500,1011.120681
-46.6,500,1011.204286
-47.2,500,1011.287418
-46.8,500,1011.369448
-47.1,500,1011.45362
-47.8,500,1011.536349
-47.2,500,1011.619121
-46.9,500,1011.701845
-47.3,500,1011.785563
-46.6,500,1011.870896
-46.6,500,1011.953523
-46.5,500,1012.036326
-47.5,500,1012.121393
-46.7,500,1012.203292
-47.1,500,1012.285636
-50.0,500,1012.368057
-46.6,500,1012.45339
-46.9,500,1012.534793
-47.0,500,1012.617853
-47.0,500,1012.700293
-46.8,500,1012.785153
-46.8,500,1012.867227
-57.5,500,1012.94914
-46.9,500,1013.032053
-47.4,500,1013.11705
-47.5,500,1013.199482
-47.0,500,1013.281617
-46.5,500,1013.36471
-47.2,500,1013.449847
-46.8,500,1013.532269
-46.7,500,1013.613706
-66.7,500,1013.697126
-47.0,500,1013.782164
-46.6,500,1013.86537
-52.2,500,1013.947603
-46.6,500,1014.029871
-46.7,500,1014.115498
-46.7,500,1014.198556
-46.8,500,1014.280535
-46.8,500,1014.361989
-76.6,500,1014.447136
-47.2,500,1014.530432
-46.6,500,1014.613192
-46.6,500,1014.694946
-47.1,500,1014.779265
-47.5,500,1014.862051
-47.2,500,1014.944931
-46.7,500,1015.026963
-46.7,500,1015.110654
-46.9,500,1015.22502
-46.9,500,1015.307763
-47.9,500,1015.390409
-46.7,500,1015.475168
-46.9,500,1015.557308
-46.9,500,1015.639832
-46.6,500,1015.723034
-46.9,500,1015.807987
-46.7,500,1015.889214
-49.4,500,1015.971948
-63.4,500,1016.054938
-47.7,500,1016.13961
-57.6,500,1016.222242
-47.3,500,1016.303919
-51.0,500,1016.386584
-47.9,500,1016.47158
-49.2,500,1016.553716
-48.3,500,1016.635166
-47.5,500,1016.717344
-47.5,500,1016.80177
-50.6,500,1016.886171
-56.7,500,1016.967383
-47.8,500,1017.049896
-47.0,500,1017.134394
-53.0,500,1017.217558
-46.7,500,1017.300037
-51.7,500,1017.38191
-47.6,500,1017.467058
-47.7,500,1017.549536
-46.7,500,1017.63102
-47.3,500,1017.712545
-46.6,500,1017.797241
-52.8,500,1017.879897
-46.7,500,1017.962129
-46.9,500,1018.043523
-47.0,500,1018.127892
-48.7,500,1018.210231
-46.8,500,1018.292558
-47.4,500,1018.374491
-47.0,500,1018.457659
-53.1,500,1018.540453
-47.2,500,1018.622772
-54.3,500,1018.704796
-53.0,500,1018.788312
-47.6,500,1018.871233
-47.2,500,1018.953753
-47.0,500,1019.036059
-47.0,500,1019.120121
-47.4,500,1019.202468
-46.7,500,1019.284079
-47.2,500,1019.367189
-51.6,500,1019.451481
-46.8,500,1019.533693
-46.8,500,1019.616342
-47.5,500,1019.69883
-47.4,500,1019.782512
-48.6,500,1019.864827
-46.9,500,1019.947531
-47.1,500,1020.030004
-46.7,500,1020.115076
-47.4,500,1020.196815
-46.8,500,1020.279232
-47.1,500,1020.362099
-47.0,500,1020.446587
-51.2,500,1020.528449
-46.8,500,1020.610976
-47.4,500,1020.693402
-47.1,500,1020.778652
-46.8,500,1020.860843
-47.2,500,1020.94355
-47.2,500,1021.026277
-48.0,500,1021.110613
-51.0,500,1021.192514
-50.6,500,1021.275392
-47.0,500,1021.358075
-47.3,500,1021.44272
-47.3,500,1021.52493
-47.0,500,1021.607028
-47.3,500,1021.690024
-47.0,500,1021.775966
-51.2,500,1021.860138
-56.3,500,1021.942104
-46.8,500,1022.024985
-47.4,500,1022.109909
-47.6,500,1022.192269
-57.8,500,1022.274328
-47.6,500,1022.356131
-47.3,500,1022.44139
-47.9,500,1022.524002
-47.0,500,1022.606389
-47.7,500,1022.687962
-46.6,500,1022.772476
-47.2,500,1022.855654
-69.8,500,1022.951787
-54.7,500,1023.045453
-46.6,500,1023.137493
-47.2,500,1023.228356
-47.7,500,1023.324469
-50.3,500,1023.415597
-46.7,500,1023.506896
-46.7,500,1023.597744
-50.4,500,1023.680382
-46.8,500,1023.762728
-48.9,500,1023.848977
-47.4,500,1023.932341
-50.9,500,1024.015732
-47.0,500,1024.097194
-47.6,500,1024.181483
-53.9,500,1024.264141
-46.8,500,1024.346512
-52.8,500,1024.428154
-48.2,500,1024.512535
-53.2,500,1024.59482
-47.0,500,1024.677596
-47.2,500,1024.764572
-47.1,500,1024.864859
-46.9,500,1024.947238
-47.3,500,1025.02953
-52.6,500,1025.112195
-48.8,500,1025.196258
-47.1,500,1025.27774
-50.5,500,1025.360436
-47.2,500,1025.443059
-46.6,500,1025.527451
-47.2,500,1025.609499
-46.9,500,1025.69208
-60.7,500,1025.774642
-46.9,500,1025.86053
-47.4,500,1025.941772
-46.9,500,1026.024389
-54.3,500,1026.106979
-47.1,500,1026.191696
-47.2,500,1026.273696
-46.8,500,1026.355566
-47.2,500,1026.437669
-55.4,500,1026.522842
-46.7,500,1026.605377
-46.8,500,1026.686303
-46.9,500,1026.768694
-47.5,500,1026.854378
-47.3,500,1026.938059
-47.0,500,1027.01986
-47.0,500,1027.102466
-47.0,500,1027.186742
-46.7,500,1027.269236
-47.0,500,1027.351111
-48.2,500,1027.432318
-46.9,500,1027.51768
-49.1,500,1027.600183
-56.6,500,1027.682271
-47.2,500,1027.76415
-47.0,500,1027.849089
-47.5,500,1027.932134
-48.0,500,1028.01471
-47.0,500,1028.095987
-48.4,500,1028.180822
-46.7,500,1028.263136
-47.6,500,1028.345814
-47.1,500,1028.427432
-46.9,500,1028.512081
-47.9,500,1028.594918
-52.8,500,1028.67753
-59.6,500,1028.759374
-52.7,500,1028.843534
-51.7,500,1028.926361
-47.1,500,1029.008336
-48.1,500,1029.090604
-49.0,500,1029.174475
-47.3,500,1029.257243
-49.6,500,1029.340017
-47.4,500,1029.422145
-47.0,500,1029.505383
-47.3,500,1029.58773
-47.7,500,1029.669725
-47.9,500,1029.751347
-46.6,500,1029.835043
-46.9,500,1029.917723
-52.3,500,1030.001205
-47.2,500,1030.083773
-47.0,500,1030.167871
-46.7,500,1030.250824
-46.7,500,1030.333669
-46.8,500,1030.416112
-46.8,500,1030.500514
-47.4,500,1030.582694
-52.5,500,1030.665531
-48.8,500,1030.748083
-47.0,500,1030.833666
-47.2,500,1030.915311
-52.1,500,1030.997876
-61.9,500,1031.080449
-46.8,500,1031.164878
-53.6,500,1031.24649
-47.1,500,1031.329004
-47.6,500,1031.411392
-46.7,500,1031.495934
-47.1,500,1031.57798
-46.8,500,1031.660548
-51.0,500,1031.742944
-46.7,500,1031.827906
-48.6,500,1031.911217
-49.4,500,1031.993453
-71.4,500,1032.076316
-47.2,500,1032.161498
-46.7,500,1032.244095
-56.9,500,1032.326578
-46.8,500,1032.409214
-51.1,500,1032.494374
-56.4,500,1032.57719
-49.4,500,1032.658881
-47.0,500,1032.741185
-47.6,500,1032.826127
-46.6,500,1032.908848
-47.4,500,1032.990201
-47.5,500,1033.072978
-46.7,500,1033.158105
-53.2,500,1033.240739
-47.1,500,1033.322791
-49.1,500,1033.40462
-46.6,500,1033.489426
-47.1,500,1033.593955
-46.8,500,1033.688134
-46.8,500,1033.77046
-59.9,500,1033.854281
-46.7,500,1033.936414
-47.2,500,1034.018606
-47.4,500,1034.100706
-49.2,500,1034.185218
-47.3,500,1034.268218
-46.9,500,1034.350944
-47.7,500,1034.434003
-47.4,500,1034.517836
-47.1,500,1034.600096
-47.3,500,1034.682351
-47.9,500,1034.764716
-51.2,500,1034.84864
-47.5,500,1034.93011
-47.6,500,1035.012664
-47.1,500,1035.095121
-46.8,500,1035.179289
-47.7,500,1035.260677
-46.9,500,1035.343357
-47.2,500,1035.426384
-47.2,500,1035.510474
-48.2,500,1035.592062
-46.7,500,1035.674589
-46.9,500,1035.757287
-47.1,500,1035.843362
-47.8,500,1035.925901
-47.2,500,1036.008156
-46.7,500,1036.091263
-47.8,500,1036.175825
-46.5,500,1036.258161
-46.6,500,1036.339444
-47.0,500,1036.421366
-47.1,500,1036.505939
-47.0,500,1036.588533
-46.9,500,1036.669939
-46.9,500,1036.752987
-47.1,500,1036.838007
-47.3,500,1036.922798
-46.5,500,1037.004674
-46.5,500,1037.087455
-47.3,500,1037.172443
-46.7,500,1037.254741
-53.9,500,1037.335581
-51.4,500,1037.417864
-48.0,500,1037.502866
-46.8,500,1037.585381
-47.0,500,1037.6668
-47.1,500,1037.748931
-46.9,500,1037.83319
-46.9,500,1037.915763
-47.1,500,1037.997168
-47.3,500,1038.078108
-46.9,500,1038.162498
-47.1,500,1038.244871
-47.6,500,1038.327159
-46.7,500,1038.408786
-47.3,500,1038.494241
-46.8,500,1038.576798
-47.6,500,1038.658394
-47.1,500,1038.738898
-47.2,500,1038.82289
-46.9,500,1038.905738
-55.0,500,1038.988699
-47.1,500,1039.070061
-47.2,500,1039.15453
-46.6,500,1039.236894
-47.0,500,1039.319206
-51.2,500,1039.40126
-53.4,500,1039.485152
-47.5,500,1039.567592
-49.8,500,1039.650083
-47.3,500,1039.732071
-47.2,500,1039.815987
-46.9,500,1039.89884
-51.0,500,1039.981636
-46.9,500,1040.064002
-46.9,500,1040.147378
-47.0,500,1040.229516
-51.9,500,1040.312121
-46.5,500,1040.394215
-47.2,500,1040.477597
-46.5,500,1040.559536
-52.0,500,1040.642357
-46.5,500,1040.725201
-47.1,500,1040.809861
-47.3,500,1040.891673
-47.7,500,1040.974325
-46.8,500,1041.056701
-47.1,500,1041.141111
-47.3,500,1041.222806
-47.2,500,1041.305073
-47.3,500,1041.387986
-46.9,500,1041.47242
-50.1,500,1041.553928
-47.2,500,1041.636707
-47.0,500,1041.718775
-47.3,500,1041.803022
-47.5,500,1041.887619
-57.4,500,1041.969312
-46.5,500,1042.052432
-63.9,500,1042.137934
-48.1,500,1042.219505
-47.7,500,1042.301182
-46.6,500,1042.383265
-57.5,500,1042.468194
-53.3,500,1042.551239
-46.9,500,1042.632567
-47.5,500,1042.71389
-47.0,500,1042.797985
-47.3,500,1042.88063
-46.9,500,1042.962266
-47.2,500,1043.043902
-47.0,500,1043.128296
-50.4,500,1043.210472
-46.8,500,1043.292879
-48.2,500,1043.374307
-46.8,500,1043.459209
-47.5,500,1043.541533
-47.0,500,1043.623874
-46.6,500,1043.705466
-47.4,500,1043.789501
-46.8,500,1043.871885
-47.4,500,1043.954731
-58.0,500,1044.036198
-47.0,500,1044.121255
-51.0,500,1044.203854
-49.5,500,1044.286095
-53.5,500,1044.368262
-47.6,500,1044.452067
-47.2,500,1044.534693
-46.9,500,1044.616945
-48.3,500,1044.699068
-47.9,500,1044.782114
-46.8,500,1044.864914
-47.5,500,1044.947115
-46.7,500,1045.029521
-47.2,500,1045.114316
-46.9,500,1045.196106
-46.5,500,1045.279157
-46.8,500,1045.361702
-47.2,500,1045.446277
-47.3,500,1045.528656
-59.0,500,1045.611393
-46.9,500,1045.693905
-46.8,500,1045.778568
-47.3,500,1045.860825
-46.5,500,1045.94444
-47.6,500,1046.02717
-47.4,500,1046.111577
-47.7,500,1046.193098
-46.9,500,1046.275644
-50.0,500,1046.35823
-47.2,500,1046.442713
-46.9,500,1046.524714
-50.3,500,1046.606864
-49.0,500,1046.689576
-47.3,500,1046.774412
-47.5,500,1046.85831
-49.4,500,1046.940487
-59.6,500,1047.023365
-46.6,500,1047.108912
-46.7,500,1047.19131
-47.2,500,1047.272039
-46.8,500,1047.353604
-47.8,500,1047.438766
-47.2,500,1047.521558
-49.9,500,1047.603235
-61.0,500,1047.686025
-47.0,500,1047.770623
-51.2,500,1047.852969
-47.7,500,1047.933991
-46.9,500,1048.016612
-47.3,500,1048.101258
-46.9,500,1048.184167
-53.0,500,1048.266287
-48.6,500,1048.348137
-53.5,500,1048.432799
-55.2,500,1048.515015
-48.2,500,1048.597393
-46.9,500,1048.678035
-55.5,500,1048.762911
-71.4,500,1048.845886
-69.9,500,1048.928423
-46.9,500,1049.010089
-47.2,500,1049.09482
-54.4,500,1049.177024
-54.3,500,1049.259074
-51.2,500,1049.340145
-47.7,500,1049.424361
-47.9,500,1049.506787
-47.3,500,1049.588751
-52.4,500,1049.670304
-56.0,500,1049.754478
-47.4,500,1049.837719
-47.3,500,1049.920116
-48.3,500,1050.001444
-47.1,500,1050.085623
-47.4,500,1050.167833
-48.6,500,1050.250169
-47.6,500,1050.332286
-47.5,500,1050.416277
-51.3,500,1050.499517
-49.1,500,1050.582452
-46.7,500,1050.664791
-47.0,500,1050.749345
-49.3,500,1050.832244
-58.7,500,1050.914807
-47.2,500,1050.997549
-47.0,500,1051.081051
-47.8,500,1051.163676
-47.1,500,1051.24615
-47.8,500,1051.328707
-47.7,500,1051.413404
-47.5,500,1051.495789
-46.9,500,1051.578436
-47.8,500,1051.661093
-47.3,500,1051.745887
-47.1,500,1051.828071
-55.2,500,1051.913456
-47.1,500,1051.996986
-47.0,500,1052.106508
-63.7,500,1052.197493
-46.6,500,1052.279061
-55.1,500,1052.361857
-50.4,500,1052.447376
-48.1,500,1052.530026
-55.0,500,1052.612032
-46.5,500,1052.694095
-46.9,500,1052.778821
-47.4,500,1052.861391
-47.2,500,1052.943995
-46.8,500,1053.025561
-46.9,500,1053.113283
-47.3,500,1053.195487
-46.5,500,1053.277457
-47.0,500,1053.35948
-46.7,500,1053.442881
-46.9,500,1053.525635
-48.3,500,1053.608605
-46.8,500,1053.693459
-47.0,500,1053.777134
-46.5,500,1053.860304
-46.8,500,1053.943034
-46.6,500,1054.025905
-47.1,500,1054.110723
-46.9,500,1054.193633
-47.1,500,1054.277054
-46.7,500,1054.360267
-48.4,500,1054.445337
-47.0,500,1054.527271
-47.0,500,1054.609575
-46.7,500,1054.692683
-47.4,500,1054.776541
-47.9,500,1054.858917
-56.5,500,1054.941382
-47.7,500,1055.023901
-47.2,500,1055.108728
-65.2,500,1055.191029
-46.7,500,1055.273774
-50.0,500,1055.356523
-53.1,500,1055.441412
-47.1,500,1055.522795
-55.0,500,1055.605397
-46.8,500,1055.687657
-48.9,500,1055.773145
-47.0,500,1055.855846
-47.2,500,1055.93803
-47.1,500,1056.020452
-47.4,500,1056.105119
-47.0,500,1056.188139
-48.4,500,1056.27
-46.7,500,1056.352798
-62.5,500,1056.437893
-46.8,500,1056.521066
-47.5,500,1056.603076
-49.1,500,1056.685538
-47.0,500,1056.770271
-47.1,500,1056.853552
-47.6,500,1056.938036
-46.8,500,1057.02061
-46.7,500,1057.105646
-47.1,500,1057.188636
-47.4,500,1057.270977
-47.1,500,1057.353131
-46.8,500,1057.438477
-47.8,500,1057.521602
-60.4,500,1057.604471
-57.9,500,1057.685814
-56.6,500,1057.769835
-47.3,500,1057.85247
-50.4,500,1057.935117
-47.0,500,1058.016526
-59.9,500,1058.100889
-46.9,500,1058.183504
-47.2,500,1058.266327
-46.5,500,1058.347251
-49.9,500,1058.431507
-46.7,500,1058.513809
-46.8,500,1058.596446
-46.6,500,1058.678196
-47.5,500,1058.762707
-46.9,500,1058.846305
-47.2,500,1058.928998
-47.2,500,1059.010896
-46.6,500,1059.095128
-48.1,500,1059.177807
-47.0,500,1059.260943
-47.3,500,1059.34365
-47.1,500,1059.42684
-46.5,500,1059.510037
-46.8,500,1059.592522
-72.7,500,1059.676038
-57.5,500,1059.761501
-47.5,500,1059.843627
-46.7,500,1059.926768
-47.2,500,1060.009517
-48.6,500,1060.094601
-52.7,500,1060.176584
-50.6,500,1060.259275
-47.0,500,1060.342167
-46.9,500,1060.427038
-47.0,500,1060.508672
-46.8,500,1060.591491
-46.7,500,1060.673822
-46.9,500,1060.759199
-46.9,500,1060.841257
-46.7,500,1060.923767
-47.2,500,1061.006317
-57.7,500,1061.091901
-46.8,500,1061.173779
-46.9,500,1061.256658
-47.1,500,1061.339693
-47.1,500,1061.424359
-47.4,500,1061.507526
-47.0,500,1061.589498
-46.7,500,1061.672943
-46.6,500,1061.758102
-47.0,500,1061.841526
-46.7,500,1061.92633
-46.9,500,1062.008058
-58.4,500,1062.093173
-46.9,500,1062.175906
-52.6,500,1062.258177
-46.9,500,1062.340127
-47.1,500,1062.425306
-47.3,500,1062.508197
-53.3,500,1062.591568
-47.9,500,1062.67403
-47.0,500,1062.758129
-47.2,500,1062.840866
-47.0,500,1062.92291
-46.9,500,1063.004938
-47.3,500,1063.088279
-47.4,500,1063.171424
-47.5,500,1063.253865
-47.0,500,1063.337075
-46.9,500,1063.421599
-46.8,500,1063.504657
-47.4,500,1063.587253
-49.6,500,1063.669973
-46.8,500,1063.754869
-46.8,500,1063.83636
-47.6,500,1063.919264
-47.1,500,1064.001809
-47.1,500,1064.087405
-46.9,500,1064.169128
-46.7,500,1064.251892
-46.8,500,1064.334247
-47.8,500,1064.418983
-46.9,500,1064.501113
-47.1,500,1064.582962
-46.9,500,1064.665743
-53.5,500,1064.750692
-47.0,500,1064.833378
-46.9,500,1064.9156
-46.8,500,1064.998187
-47.1,500,1065.082915
-47.4,500,1065.165481
-47.1,500,1065.246708
-50.7,500,1065.329767
-46.7,500,1065.414435
-53.4,500,1065.496702
-51.1,500,1065.578437
-54.0,500,1065.661408
-46.8,500,1065.747393
-50.8,500,1065.830198
-49.9,500,1065.912491
-47.2,500,1065.993854
-50.5,500,1066.078729
-59.9,500,1066.161634
-46.8,500,1066.244129
-63.4,500,1066.326578
-60.3,500,1066.410923
-51.9,500,1066.494321
-46.9,500,1066.576654
-47.0,500,1066.659307
-47.0,500,1066.743151
-48.7,500,1066.825699
-47.3,500,1066.91369
-47.0,500,1067.002595
-48.9,500,1067.087923
-47.0,500,1067.169137
-47.4,500,1067.251759
-46.9,500,1067.333917
-47.0,500,1067.41937
-58.7,500,1067.500958
-52.2,500,1067.583444
-70.5,500,1067.665726
-49.6,500,1067.750811
-75.7,500,1067.83299
-50.1,500,1067.915899
-53.5,500,1067.998581
-53.6,500,1068.083107
-55.7,500,1068.165485
-54.3,500,1068.247396
-46.9,500,1068.330218
-46.7,500,1068.415231
-55.6,500,1068.49729
-47.2,500,1068.57938
-47.4,500,1068.661366
-47.0,500,1068.745816
-47.1,500,1068.828059
-50.3,500,1068.90956
-47.3,500,1068.992121
-47.1,500,1069.077045
-59.8,500,1069.159583
-47.0,500,1069.241199
-51.2,500,1069.323988
-47.0,500,1069.408967
-46.8,500,1069.491469
-46.9,500,1069.572735
-47.1,500,1069.65536
-47.0,500,1069.74029
-46.8,500,1069.823207
-49.2,500,1069.905579
-46.7,500,1069.987061
-46.5,500,1070.072366
-47.2,500,1070.155119
-46.8,500,1070.237606
-46.8,500,1070.319049
-46.6,500,1070.403549
-46.8,500,1070.485642
-46.8,500,1070.567571
-46.6,500,1070.650265
-63.5,500,1070.73408
-46.7,500,1070.81694
-46.9,500,1070.899456
-46.9,500,1070.981398
-50.5,500,1071.065775
-46.8,500,1071.148868
-46.9,500,1071.230893
-46.7,500,1071.313128
-46.8,500,1071.39698
-46.9,500,1071.480214
-47.7,500,1071.562464
-46.8,500,1071.645262
-46.7,500,1071.730224
-50.2,500,1071.812275
-52.7,500,1071.896334
-46.8,500,1071.979219
-46.7,500,1072.063905
-49.8,500,1072.145146
-47.2,500,1072.260552
-46.8,500,1072.343334
-46.7,500,1072.428948
-47.4,500,1072.511628
-47.6,500,1072.59317
-46.9,500,1072.675595
-47.1,500,1072.760502
-46.6,500,1072.843219
-46.8,500,1072.924477
-64.9,500,1073.007324
-47.4,500,1073.091724
-46.8,500,1073.175088
-46.8,500,1073.256523
-54.1,500,1073.339377
-48.2,500,1073.424184
-46.9,500,1073.507007
-46.9,500,1073.5879
-47.3,500,1073.669822
-47.2,500,1073.754312
-46.6,500,1073.837122
-47.8,500,1073.919026
-48.1,500,1074.000904
-46.8,500,1074.086486
-47.0,500,1074.168777
-47.9,500,1074.250369
-47.0,500,1074.331584
-46.7,500,1074.415893
-47.3,500,1074.498507
-47.8,500,1074.580909
-47.4,500,1074.662011
-55.7,500,1074.746644
-46.8,500,1074.828778
-47.0,500,1074.911051
-53.7,500,1074.992305
-46.7,500,1075.076161
-50.0,500,1075.158505
-46.6,500,1075.240676
-47.3,500,1075.321628
-49.8,500,1075.406417
-46.9,500,1075.488965
-47.8,500,1075.571219
-67.3,500,1075.652901
-47.2,500,1075.737756
-48.6,500,1075.82
-46.6,500,1075.902994
-47.4,500,1075.98541
-47.5,500,1076.069232
-47.2,500,1076.152254
-47.9,500,1076.234184
-58.9,500,1076.316298
-46.6,500,1076.399783
-47.0,500,1076.481967
-47.4,500,1076.564357
-47.4,500,1076.64649
-47.1,500,1076.730475
-47.4,500,1076.813164
-46.7,500,1076.896884
-46.9,500,1076.980058
-47.1,500,1077.064475
-47.0,500,1077.146619
-46.9,500,1077.229593
-47.6,500,1077.31215
-47.0,500,1077.398205
-47.3,500,1077.480153
-47.5,500,1077.562351
-46.8,500,1077.644417
-47.5,500,1077.729371
-54.1,500,1077.811521
-47.4,500,1077.894574
-47.7,500,1077.976308
-62.7,500,1078.061121
-47.0,500,1078.14228
-49.5,500,1078.224442
-46.8,500,1078.306812
-50.4,500,1078.391475
-55.9,500,1078.472975
-48.1,500,1078.555786
-48.9,500,1078.638639
-46.8,500,1078.722966
-47.5,500,1078.805298
-47.6,500,1078.886861
-46.7,500,1078.969816
-47.8,500,1079.054967
-47.9,500,1079.137232
-47.8,500,1079.219173
-47.2,500,1079.302066
-47.8,500,1079.38701
-59.9,500,1079.46967
-46.8,500,1079.551368
-48.0,500,1079.63326
-47.6,500,1079.717542
-47.4,500,1079.799955
-47.3,500,1079.88205
-47.0,500,1079.963624
-47.2,500,1080.048281
-47.0,500,1080.130937
-48.1,500,1080.213006
-46.9,500,1080.294362
-47.5,500,1080.378449
-46.9,500,1080.460818
-47.5,500,1080.542347
-47.6,500,1080.623097
-49.6,500,1080.707904
-46.9,500,1080.790903
-47.7,500,1080.874045
-47.5,500,1080.956283
-46.7,500,1081.039554
-46.7,500,1081.12253
-46.9,500,1081.204809
-50.6,500,1081.287588
-53.6,500,1081.371433
-47.3,500,1081.453882
-67.2,500,1081.536802
-47.6,500,1081.619721
-47.4,500,1081.703857
-47.4,500,1081.786684
-47.0,500,1081.868855
-47.0,500,1081.953099
-46.9,500,1082.037793
-52.5,500,1082.119961
-59.7,500,1082.203304
-59.3,500,1082.286685
-46.7,500,1082.372281
-47.1,500,1082.453534
-47.6,500,1082.535825
-46.7,500,1082.617985
-47.6,500,1082.70245
-46.9,500,1082.783803
-47.0,500,1082.866458
-46.8,500,1082.948882
-46.7,500,1083.034102
-50.8,500,1083.116978
-47.1,500,1083.19857
-47.2,500,1083.280874
-47.5,500,1083.365278
-47.3,500,1083.447505
-46.8,500,1083.529245
-46.8,500,1083.61169
-46.6,500,1083.696488
-49.1,500,1083.779892
-46.7,500,1083.861898
-55.5,500,1083.944707
-47.1,500,1084.029747
-47.6,500,1084.112178
-47.0,500,1084.194055
-46.7,500,1084.276642
-46.8,500,1084.360877
-55.8,500,1084.4437
-47.2,500,1084.525631
-47.0,500,1084.607547
-47.0,500,1084.692493
-46.8,500,1084.775531
-46.5,500,1084.85775
-47.0,500,1084.939844
-49.6,500,1085.024516
-47.9,500,1085.106947
-47.1,500,1085.1888
-47.8,500,1085.2699
-47.2,500,1085.354882
-46.5,500,1085.438274
-47.8,500,1085.520435
-49.4,500,1085.601963
-47.2,500,1085.687054
-46.6,500,1085.769623
-47.4,500,1085.852391
-46.5,500,1085.934018
-46.9,500,1086.018547
-52.5,500,1086.101349
-46.6,500,1086.183998
-46.8,500,1086.266572
-46.7,500,1086.350211
-46.6,500,1086.433238
-47.0,500,1086.515764
-63.9,500,1086.598335
-46.7,500,1086.682494
-47.0,500,1086.765261
-46.6,500,1086.847946
-53.6,500,1086.932702
-47.1,500,1087.017611
-46.7,500,1087.099006
-47.1,500,1087.181338
-47.0,500,1087.263585
-46.7,500,1087.348759
-46.6,500,1087.430207
-55.0,500,1087.512938
-51.2,500,1087.595291
-47.0,500,1087.680067
-46.8,500,1087.761411
-46.8,500,1087.843952
-47.0,500,1087.927031
-47.8,500,1088.011655
-50.4,500,1088.093855
-47.1,500,1088.175826
-50.9,500,1088.258115
-47.0,500,1088.343446
-47.1,500,1088.425647
-47.1,500,1088.507233
-46.7,500,1088.589877
-46.9,500,1088.674247
-47.1,500,1088.756551
-47.3,500,1088.838218
-47.2,500,1088.920595
-47.1,500,1089.005578
-47.2,500,1089.088358
-46.8,500,1089.169976
-47.1,500,1089.252559
-46.8,500,1089.337022
-48.4,500,1089.419802
-46.9,500,1089.50174
-63.4,500,1089.583678
-46.7,500,1089.668427
-51.4,500,1089.750823
-53.1,500,1089.833192
-46.9,500,1089.91511
-53.9,500,1089.999794
-46.6,500,1090.081972
-46.7,500,1090.163568
-48.1,500,1090.245236
-46.9,500,1090.329857
-47.1,500,1090.412127
-47.4,500,1090.494249
-53.6,500,1090.575789
-54.2,500,1090.661204
-46.9,500,1090.743965
-47.0,500,1090.826561
-46.7,500,1090.908236
-47.0,500,1090.992586
-47.3,500,1091.075501
-47.4,500,1091.157731
-47.4,500,1091.239083
-47.3,500,1091.323694
-46.6,500,1091.406661
-46.9,500,1091.489167
-47.9,500,1091.571412
-58.7,500,1091.656146
-51.6,500,1091.738997
-46.6,500,1091.821913
-53.2,500,1091.904359
-48.0,500,1091.989111
-49.4,500,1092.072793
-47.7,500,1092.155308
-47.1,500,1092.238131
-46.7,500,1092.322486
-46.6,500,1092.405462
-47.1,500,1092.487794
-46.5,500,1092.570083
-46.7,500,1092.653773
-46.7,500,1092.736332
-46.7,500,1092.81947
-46.5,500,1092.902244
-63.5,500,1093.020401
-46.8,500,1093.10271
-47.0,500,1093.183873
-46.9,500,1093.266493
-47.2,500,1093.350681
-46.7,500,1093.432614
-46.9,500,1093.514104
-46.7,500,1093.596875
-48.5,500,1093.681545
-46.7,500,1093.763898
-47.7,500,1093.845057
-46.7,500,1093.932893
-46.9,500,1094.028872
-47.2,500,1094.120328
-46.9,500,1094.213823
-46.9,500,1094.305466
-47.1,500,1094.40023
-46.8,500,1094.490663
-46.7,500,1094.586013
-47.1,500,1094.669529
-47.0,500,1094.754559
-52.6,500,1094.837072
-47.1,500,1094.919036
-51.7,500,1095.00185
-46.7,500,1095.08707
-50.9,500,1095.169117
-67.3,500,1095.251266
-48.1,500,1095.333823
-46.9,500,1095.418908
-47.7,500,1095.500983
-46.6,500,1095.582518
-46.7,500,1095.680306
-47.7,500,1095.772331
-48.6,500,1095.881363
-46.5,500,1095.970838
-58.4,500,1096.056425
-46.5,500,1096.14218
-46.9,500,1096.227
-47.4,500,1096.311904
-46.7,500,1096.396472
-48.8,500,1096.483173
-50.3,500,1096.567026
-47.1,500,1096.652043
-46.5,500,1096.737114
-51.3,500,1096.825323
-46.6,500,1096.912422
-47.1,500,1097.019493
-47.0,500,1097.103007
-46.9,500,1097.188476
-46.8,500,1097.271201
-47.8,500,1097.353872
-47.8,500,1097.434908
-56.6,500,1097.520215
-49.6,500,1097.603493
-46.8,500,1097.685697
-46.5,500,1097.767869
-47.1,500,1097.851107
-46.8,500,1097.933613
-46.6,500,1098.016226
-46.9,500,1098.098154
-46.6,500,1098.182096
-54.5,500,1098.265172
-46.9,500,1098.347675
-51.9,500,1098.429919
-47.4,500,1098.513525
-47.2,500,1098.596078
-46.6,500,1098.678406
-47.0,500,1098.760475
-48.9,500,1098.844176
-46.6,500,1098.926984
-46.7,500,1099.009712
-46.9,500,1099.092364
-46.6,500,1099.177576
-47.7,500,1099.259644
-47.1,500,1099.342492
-46.7,500,1099.425434
-46.7,500,1099.509897
-46.9,500,1099.59123
-46.9,500,1099.67401
-46.7,500,1099.75629
-49.1,500,1099.841036
-47.4,500,1099.922551
-47.1,500,1100.004853
-46.6,500,1100.087286
-47.8,500,1100.17187
-52.4,500,1100.253102
-47.8,500,1100.33527
-48.4,500,1100.417611
-47.6,500,1100.502323
-52.1,500,1100.584857
-47.0,500,1100.666961
-58.0,500,1100.74966
-47.0,500,1100.83457
-46.9,500,1100.916825
-46.9,500,1100.998544
-47.2,500,1101.08107
-47.4,500,1101.166056
-51.9,500,1101.248283
-46.8,500,1101.330217
-46.8,500,1101.412859
-47.1,500,1101.497507
-46.9,500,1101.579652
-46.6,500,1101.661599
-47.0,500,1101.744701
-46.6,500,1101.829453
-46.7,500,1101.911698
-49.4,500,1101.995352
-47.0,500,1102.078048
-47.3,500,1102.162522
-48.2,500,1102.24449
-46.6,500,1102.326597
-46.9,500,1102.408504
-46.8,500,1102.493615
-46.9,500,1102.576784
-46.7,500,1102.658195
-58.5,500,1102.741083
-49.4,500,1102.826195
-52.2,500,1102.908822
-47.0,500,1102.990843
-46.7,500,1103.072561
-46.7,500,1103.157943
-48.7,500,1103.240054
-47.0,500,1103.322682
-46.6,500,1103.404516
-46.8,500,1103.48994
-46.8,500,1103.573318
-46.6,500,1103.655875
-46.6,500,1103.736826
-46.9,500,1103.820541
-46.9,500,1103.902798
-46.6,500,1103.985268
-46.8,500,1104.067259
-46.6,500,1104.152002
-52.5,500,1104.235319
-46.6,500,1104.318372
-46.9,500,1104.400415
-52.4,500,1104.483696
-47.1,500,1104.56665
-47.0,500,1104.64872
-46.8,500,1104.730775
-46.9,500,1104.81392
-46.7,500,1104.896673
-46.9,500,1104.979122
-47.5,500,1105.061397
-47.4,500,1105.146786
-46.9,500,1105.229209
-46.7,500,1105.312028
-47.2,500,1105.394105
-47.3,500,1105.478051
-46.9,500,1105.560607
-47.2,500,1105.643295
-47.6,500,1105.725806
-47.5,500,1105.810271
-47.9,500,1105.89352
-46.6,500,1105.976024
-48.4,500,1106.058473
-47.7,500,1106.142063
-46.6,500,1106.225077
-46.6,500,1106.30796
-67.1,500,1106.391209
-54.5,500,1106.476478
-53.4,500,1106.558438
-47.1,500,1106.64141
-48.1,500,1106.724036
-47.7,500,1106.809238
-46.7,500,1106.891076
-51.9,500,1106.975411
-48.3,500,1107.057848
-48.1,500,1107.142171
-46.9,500,1107.223947
-47.6,500,1107.30678
-51.1,500,1107.389402
-46.9,500,1107.475229
-55.7,500,1107.557759
-47.5,500,1107.639702
-46.9,500,1107.722332
-51.5,500,1107.806932
-47.5,500,1107.889439
-47.4,500,1107.971039
-47.4,500,1108.053395
-52.9,500,1108.138413
-47.1,500,1108.22072
-47.1,500,1108.301814
-48.8,500,1108.383857
-47.0,500,1108.468749
-50.4,500,1108.551123
-47.4,500,1108.632966
-47.9,500,1108.714699
-47.6,500,1108.79916
-51.0,500,1108.882155
-47.3,500,1108.963884
-47.0,500,1109.045639
-46.9,500,1109.13106
-51.1,500,1109.213394
-65.3,500,1109.294982
-48.1,500,1109.37617
-47.5,500,1109.46048
-48.5,500,1109.543105
-47.5,500,1109.625275
-47.4,500,1109.707362
-55.7,500,1109.792202
-47.0,500,1109.875008
-46.9,500,1109.957038
-47.4,500,1110.03839
-46.8,500,1110.123237
-47.6,500,1110.205718
-53.3,500,1110.288286
-53.0,500,1110.369937
-47.1,500,1110.453996
-50.3,500,1110.536729
-47.5,500,1110.61911
-56.1,500,1110.701599
-47.2,500,1110.786812
-47.0,500,1110.869728
-46.7,500,1110.952257
-46.8,500,1111.034225
-47.4,500,1111.117655
-47.1,500,1111.200306
-47.5,500,1111.282243
-47.1,500,1111.364022
-47.6,500,1111.447242
-52.6,500,1111.529732
-47.1,500,1111.612011
-47.7,500,1111.693923
-46.7,500,1111.777902
-47.1,500,1111.860786
-47.1,500,1111.94517
-47.0,500,1112.028045
-47.7,500,1112.111669
-47.4,500,1112.193672
-46.7,500,1112.276582
-46.8,500,1112.358673
-47.7,500,1112.442355
-46.9,500,1112.524408
-54.7,500,1112.606548
-53.5,500,1112.68868
-47.0,500,1112.802637
-47.5,500,1112.883925
-46.6,500,1112.965763
-50.3,500,1113.048222
-46.7,500,1113.132724
-46.8,500,1113.214872
-46.6,500,1113.296633
-46.8,500,1113.379234
-47.0,500,1113.463825
-47.0,500,1113.545118
-53.4,500,1113.626767
-47.0,500,1113.708932
-47.4,500,1113.793191
-47.5,500,1113.875516
-46.7,500,1113.957123
-51.1,500,1114.039131
-46.6,500,1114.124512
-54.9,500,1114.206563
-47.2,500,1114.28826
-52.1,500,1114.370427
-50.9,500,1114.4559
-46.9,500,1114.538988
-47.0,500,1114.620508
-52.3,500,1114.703292
-46.7,500,1114.78839
-47.2,500,1114.871614
-47.1,500,1114.953815
-47.1,500,1115.036152
-47.2,500,1115.120853
-60.1,500,1115.203442
-47.5,500,1115.2857
-46.8,500,1115.366828
-47.0,500,1115.450727
-47.2,500,1115.533331
-46.7,500,1115.615695
-47.0,500,1115.69702
-46.9,500,1115.782504
-48.2,500,1115.8654
-46.9,500,1115.948192
-48.2,500,1116.029402
-47.6,500,1116.114312
-47.8,500,1116.196779
-47.6,500,1116.278929
-47.7,500,1116.360425
-47.0,500,1116.445564
-47.5,500,1116.528113
-50.3,500,1116.610233
-47.4,500,1116.691525
-51.4,500,1116.776551
-47.2,500,1116.859298
-48.6,500,1116.94268
-46.9,500,1117.024589
-62.1,500,1117.109467
-46.9,500,1117.192199
-47.4,500,1117.274417
-47.4,500,1117.35514
-47.3,500,1117.439552
-46.9,500,1117.521842
-48.3,500,1117.60415
-47.2,500,1117.686017
-47.0,500,1117.769347
-47.0,500,1117.852655
-47.6,500,1117.935436
-47.0,500,1118.017882
-47.4,500,1118.101218
-47.2,500,1118.184118
-46.9,500,1118.266215
-48.9,500,1118.348385
-46.9,500,1118.432036
-47.7,500,1118.513909
-47.4,500,1118.595772
-48.9,500,1118.678084
-67.0,500,1118.761899
-47.6,500,1118.844584
-47.0,500,1118.92699
-48.0,500,1119.00901
-46.7,500,1119.092496
-47.3,500,1119.1748
-47.0,500,1119.25702
-47.0,500,1119.339444
-47.1,500,1119.423987
-47.3,500,1119.505448
-46.8,500,1119.588505
-46.5,500,1119.671178
-46.8,500,1119.756639
-46.7,500,1119.838401
-63.2,500,1119.921712
-46.6,500,1120.004032
-46.9,500,1120.08857
-46.6,500,1120.171162
-47.0,500,1120.253259
-47.0,500,1120.336194
-46.8,500,1120.421147
-46.7,500,1120.503749
-47.2,500,1120.585128
-46.9,500,1120.667135
-47.2,500,1120.752425
-47.1,500,1120.835022
-47.1,500,1120.916733
-47.6,500,1120.999791
-46.8,500,1121.086158
-47.0,500,1121.168982
-50.0,500,1121.251323
-49.7,500,1121.333485
-46.5,500,1121.419549
-47.1,500,1121.503036
-58.1,500,1121.586214
-47.1,500,1121.668032
-47.1,500,1121.752998
-52.5,500,1121.835984
-46.6,500,1121.918759
-57.9,500,1122.003552
-47.3,500,1122.088622
-51.9,500,1122.171704
-47.3,500,1122.254507
-47.0,500,1122.33747
-47.2,500,1122.423619
-52.5,500,1122.506501
-46.8,500,1122.589385
-47.2,500,1122.672244
-48.8,500,1122.757876
-47.7,500,1122.840389
-51.1,500,1122.923009
-47.9,500,1123.006542
-47.4,500,1123.092499
-47.3,500,1123.174535
-47.1,500,1123.257684
-52.4,500,1123.34112
-47.7,500,1123.426978
-47.0,500,1123.508808
-47.6,500,1123.592009
-54.9,500,1123.675121
-47.0,500,1123.761079
-47.1,500,1123.843161
-62.4,500,1123.926334
-47.0,500,1124.008916
-56.2,500,1124.09738
-47.3,500,1124.180861
-47.8,500,1124.263082
-46.6,500,1124.345922
-52.2,500,1124.430855
-65.3,500,1124.513758
-47.3,500,1124.59585
-46.8,500,1124.678765
-47.2,500,1124.767248
-47.2,500,1124.850211
-48.7,500,1124.931438
-46.7,500,1125.014273
-47.6,500,1125.099261
-47.3,500,1125.182187
-47.6,500,1125.26342
-56.2,500,1125.346324
-47.2,500,1125.431052
-49.6,500,1125.513515
-46.6,500,1125.595853
-47.1,500,1125.677437
-46.9,500,1125.762474
-46.7,500,1125.845704
-47.1,500,1125.928823
-46.7,500,1126.010475
-47.5,500,1126.095267
-47.1,500,1126.178127
-47.1,500,1126.260304
-47.4,500,1126.342153
-52.8,500,1126.426429
-47.9,500,1126.508661
-46.9,500,1126.590981
-48.0,500,1126.672026
-47.8,500,1126.756955
-48.5,500,1126.839606
-47.5,500,1126.922016
-50.9,500,1127.005036
-50.5,500,1127.088869
-49.3,500,1127.171912
-48.9,500,1127.254353
-47.7,500,1127.335917
-46.6,500,1127.420424
-55.2,500,1127.503289
-60.5,500,1127.585786
-47.8,500,1127.667156
-55.1,500,1127.751217
-47.0,500,1127.834009
-47.5,500,1127.916837
-47.0,500,1127.999181
-47.4,500,1128.082731
-47.2,500,1128.165461
-52.4,500,1128.248687
-47.0,500,1128.331201
-48.6,500,1128.414741
-47.5,500,1128.497582
-47.4,500,1128.580157
-47.0,500,1128.662438
-47.0,500,1128.746786
-46.9,500,1128.829548
-50.0,500,1128.912246
-47.8,500,1128.994699
-47.2,500,1129.079057
-57.1,500,1129.161876
-47.5,500,1129.24427
-47.7,500,1129.326515
-47.4,500,1129.410989
-47.2,500,1129.493064
-48.0,500,1129.575929
-47.0,500,1129.658854
-52.5,500,1129.743818
-49.3,500,1129.827091
-51.4,500,1129.909122
-47.0,500,1129.992444
-48.1,500,1130.077379
-50.5,500,1130.159775
-51.6,500,1130.241713
-46.9,500,1130.324255
-48.1,500,1130.409013
-47.8,500,1130.492111
-46.5,500,1130.574935
-51.9,500,1130.656697
-47.2,500,1130.741838
-46.9,500,1130.825039
-48.8,500,1130.90748
-47.4,500,1130.989107
-46.8,500,1131.073396
-46.6,500,1131.156703
-46.8,500,1131.239897
-47.0,500,1131.32228
-47.5,500,1131.40641
-50.2,500,1131.48901
-46.5,500,1131.571723
-46.6,500,1131.654249
-47.8,500,1131.738235
-46.7,500,1131.821393
-46.7,500,1131.903847
-58.1,500,1131.988215
-67.0,500,1132.072333
-47.2,500,1132.155268
-46.8,500,1132.237927
-46.7,500,1132.320821
-46.9,500,1132.406164
-46.9,500,1132.488208
-46.9,500,1132.570853
-47.0,500,1132.653246
-46.6,500,1132.738136
-48.7,500,1132.820415
-52.7,500,1132.903025
-47.2,500,1132.985823
-47.0,500,1133.070537
-47.1,500,1133.151989
-46.9,500,1133.234768
-46.7,500,1133.317739
-50.5,500,1133.435316
-68.5,500,1133.5185
-46.5,500,1133.601189
-47.0,500,1133.683063
-48.7,500,1133.768702
-46.9,500,1133.852011
-52.7,500,1133.934735
-46.8,500,1134.01719
-46.8,500,1134.102698
-47.2,500,1134.185531
-48.2,500,1134.267998
-49.0,500,1134.349619
-47.2,500,1134.433633
-46.8,500,1134.516019
-47.8,500,1134.59874
-46.9,500,1134.68109
-52.2,500,1134.764458
-46.7,500,1134.847124
-46.9,500,1134.929723
-47.2,500,1135.011597
-47.3,500,1135.096334
-48.4,500,1135.179182
-48.8,500,1135.261952
-46.9,500,1135.344504
-53.7,500,1135.428275
-46.9,500,1135.511351
-47.3,500,1135.59374
-57.6,500,1135.676537
-46.6,500,1135.761539
-54.7,500,1135.84534
-46.7,500,1135.92784
-46.8,500,1136.010909
-66.8,500,1136.096351
-47.0,500,1136.181412
-47.3,500,1136.264092
-47.0,500,1136.346674
-46.8,500,1136.431905
-46.9,500,1136.513839
-47.2,500,1136.596546
-49.3,500,1136.679214
-47.3,500,1136.764275
-47.3,500,1136.845855
-47.3,500,1136.928619
-46.9,500,1137.013319
-47.0,500,1137.098109
-47.5,500,1137.180371
-46.6,500,1137.262523
-46.8,500,1137.344572
-52.9,500,1137.430529
-46.5,500,1137.513374
-47.2,500,1137.594899
-46.7,500,1137.677477
-46.8,500,1137.761881
-46.8,500,1137.844585
-60.9,500,1137.926292
-46.5,500,1138.00875
-46.5,500,1138.093632
-47.0,500,1138.176481
-47.1,500,1138.258409
-47.4,500,1138.340118
-47.0,500,1138.425556
-61.3,500,1138.508499
-52.3,500,1138.590736
-47.0,500,1138.672339
-49.8,500,1138.756551
-46.9,500,1138.839708
-46.8,500,1138.920829
-48.7,500,1139.004233
-46.7,500,1139.089819
-47.0,500,1139.172149
-52.4,500,1139.254477
-49.1,500,1139.336349
-46.7,500,1139.42088
-46.6,500,1139.503833
-48.2,500,1139.586294
-47.4,500,1139.66774
-47.6,500,1139.751945
-46.9,500,1139.834832
-47.1,500,1139.91713
-47.0,500,1139.998829
-47.3,500,1140.084281
-47.2,500,1140.167067
-46.8,500,1140.250516
-47.8,500,1140.332031
-47.0,500,1140.416262
-47.2,500,1140.499274
-47.1,500,1140.582115
-47.4,500,1140.664012
-48.0,500,1140.747847
-46.9,500,1140.83076
-46.7,500,1140.913617
-47.7,500,1140.996346
-47.5,500,1141.080095
-50.1,500,1141.163008
-49.3,500,1141.245287
-46.9,500,1141.327663
-49.2,500,1141.411208
-47.4,500,1141.494474
-48.2,500,1141.57735
-47.1,500,1141.660463
-46.7,500,1141.744568
-47.7,500,1141.827655
-52.0,500,1141.910598
-51.9,500,1141.995472
-46.9,500,1142.08071
-46.9,500,1142.162768
-47.6,500,1142.245851
-47.3,500,1142.328287
-47.0,500,1142.413993
-49.9,500,1142.495409
-47.8,500,1142.577923
-46.8,500,1142.660181
-47.4,500,1142.744815
-46.9,500,1142.82673
-46.9,500,1142.909127
-46.6,500,1142.991821
-46.7,500,1143.076546
-46.8,500,1143.157957
-47.4,500,1143.240328
-46.8,500,1143.323184
-46.5,500,1143.408625
-47.3,500,1143.490966
-46.9,500,1143.573661
-46.8,500,1143.656528
-47.4,500,1143.74156
-46.7,500,1143.823041
-49.6,500,1143.905948
-47.1,500,1143.988677
-46.8,500,1144.074458
-48.5,500,1144.156571
-47.3,500,1144.239974
-47.3,500,1144.322712
-47.1,500,1144.407565
-46.6,500,1144.490145
-55.8,500,1144.572182
-51.9,500,1144.655016
-49.5,500,1144.73981
-50.4,500,1144.822266
-47.0,500,1144.903955
-48.6,500,1144.986639
-47.1,500,1145.071899
-46.9,500,1145.154787
-59.4,500,1145.236354
-47.5,500,1145.318743
-48.5,500,1145.403533
-47.4,500,1145.48708
-53.3,500,1145.569131
-47.1,500,1145.652104
-54.7,500,1145.737713
-49.8,500,1145.82026
-47.6,500,1145.903514
-48.0,500,1145.986384
-47.2,500,1146.071726
-53.7,500,1146.154809
-47.0,500,1146.237568
-46.7,500,1146.31928
-47.0,500,1146.403517
-46.9,500,1146.485958
-51.8,500,1146.568479
-47.1,500,1146.649947
-47.0,500,1146.734673
-52.7,500,1146.817529
-52.1,500,1146.900325
-48.0,500,1146.983567
-47.0,500,1147.06798
-46.9,500,1147.150726
-47.0,500,1147.233342
-47.1,500,1147.315043
-47.4,500,1147.399914
-47.4,500,1147.482947
-47.2,500,1147.565776
-47.5,500,1147.648137
-47.3,500,1147.731607
-46.7,500,1147.814196
-47.3,500,1147.896606
-49.1,500,1147.978921
-46.7,500,1148.062984
-47.3,500,1148.145477
-46.8,500,1148.227918
-46.9,500,1148.310043
-47.5,500,1148.393677
-46.6,500,1148.476528
-47.2,500,1148.559222
-47.0,500,1148.641684
-56.8,500,1148.725336
-46.7,500,1148.808338
-47.4,500,1148.890969
-47.3,500,1148.97374
-47.0,500,1149.05795
-46.9,500,1149.140977
-51.1,500,1149.224114
-50.0,500,1149.306974
-48.3,500,1149.391586
-52.0,500,1149.47437
-46.6,500,1149.55667
-47.4,500,1149.638978
-46.8,500,1149.723759
-50.5,500,1149.805384
-47.3,500,1149.887877
-47.1,500,1149.970116
-62.9,500,1150.05477
-48.3,500,1150.137217
-46.9,500,1150.219676
-46.9,500,1150.302455
-48.2,500,1150.386843
-47.1,500,1150.46851
-46.8,500,1150.550529
-47.0,500,1150.633121
-46.7,500,1150.718141
-59.9,500,1150.801124
-47.2,500,1150.882976
-56.6,500,1150.965722
-46.6,500,1151.051107
-46.7,500,1151.133336
-52.3,500,1151.214806
-46.9,500,1151.29714
-46.7,500,1151.381868
-46.8,500,1151.464543
-47.1,500,1151.545707
-47.8,500,1151.628541
-47.4,500,1151.713016
-46.8,500,1151.795703
-46.6,500,1151.878622
-58.9,500,1151.96074
-46.7,500,1152.046975
-46.9,500,1152.12995
-46.8,500,1152.212633
-46.7,500,1152.294124
-47.4,500,1152.378827
-52.9,500,1152.461706
-51.5,500,1152.544537
-47.6,500,1152.626652
-47.4,500,1152.71026
-47.5,500,1152.833185
-46.8,500,1152.915989
-46.7,500,1152.998577
-46.8,500,1153.083722
-47.1,500,1153.166072
-51.2,500,1153.248266
-49.2,500,1153.330981
-47.2,500,1153.416193
-47.4,500,1153.498584
-46.7,500,1153.579988
-47.1,500,1153.662541
-46.7,500,1153.747515
-47.2,500,1153.830174
-46.9,500,1153.911088
-46.7,500,1153.993517
-47.2,500,1154.079002
-46.9,500,1154.161685
-53.1,500,1154.243422
-47.8,500,1154.325562
-47.5,500,1154.41083
-49.9,500,1154.493895
-61.9,500,1154.576476
-54.0,500,1154.658623
-47.1,500,1154.74324
-46.6,500,1154.82624
-47.2,500,1154.909048
-54.5,500,1154.991466
-47.0,500,1155.076449
-47.0,500,1155.159281
-47.1,500,1155.241582
-46.7,500,1155.323201
-47.0,500,1155.407701
-46.9,500,1155.490572
-46.7,500,1155.573175
-46.8,500,1155.654553
-47.1,500,1155.739654
-47.1,500,1155.822714
-47.1,500,1155.905572
-47.2,500,1155.988341
-47.3,500,1156.071946
-62.8,500,1156.155392
-46.7,500,1156.237808
-46.7,500,1156.320704
-56.6,500,1156.40487
-46.8,500,1156.487748
-58.0,500,1156.570167
-53.3,500,1156.651939
-47.5,500,1156.735383
-47.0,500,1156.817798
-46.8,500,1156.900545
-47.2,500,1156.983994
-47.7,500,1157.068419
-47.4,500,1157.151779
-46.7,500,1157.234354
-47.0,500,1157.317089
-48.6,500,1157.401145
-47.4,500,1157.484446
-46.8,500,1157.566985
-51.1,500,1157.649755
-46.8,500,1157.734673
-47.3,500,1157.816964
-49.5,500,1157.899283
-47.1,500,1157.982263
-47.3,500,1158.066593
-47.0,500,1158.1482
-46.9,500,1158.230875
-47.4,500,1158.313166
-46.9,500,1158.397724
-47.5,500,1158.478968
-46.7,500,1158.561342
-52.9,500,1158.643619
-47.4,500,1158.727716
-54.7,500,1158.809616
-46.7,500,1158.891985
-47.8,500,1158.974372
-54.0,500,1159.059506
-46.7,500,1159.141407
-47.2,500,1159.223758
-46.9,500,1159.306104
-47.2,500,1159.390427
-47.1,500,1159.472412
-47.3,500,1159.555236
-48.0,500,1159.637859
-47.0,500,1159.72261
-46.9,500,1159.804197
-48.4,500,1159.887228
-47.6,500,1159.970606
-47.5,500,1160.056174
-46.7,500,1160.13993
-47.2,500,1160.222679
-48.1,500,1160.305331
-47.9,500,1160.390135
-46.9,500,1160.472703
-47.1,500,1160.554668
-47.2,500,1160.637065
-47.0,500,1160.722142
-46.9,500,1160.804741
-48.2,500,1160.886506
-47.4,500,1160.9695
-46.7,500,1161.054624
-46.9,500,1161.137126
-46.6,500,1161.219011
-46.7,500,1161.301965
-47.4,500,1161.386828
-46.5,500,1161.469818
-46.7,500,1161.55274
-48.9,500,1161.635002
-47.1,500,1161.720285
-46.9,500,1161.802739
-47.3,500,1161.88476
-51.3,500,1161.967282
-46.9,500,1162.054729
-57.5,500,1162.13834
-46.8,500,1162.220923
-47.1,500,1162.302868
-51.7,500,1162.387767
-47.5,500,1162.470513
-47.7,500,1162.552821
-51.9,500,1162.634067
-46.9,500,1162.718704
-48.4,500,1162.800705
-46.7,500,1162.883651
-47.0,500,1162.965288
-47.3,500,1163.048471
-47.0,500,1163.131538
-47.7,500,1163.213772
-48.6,500,1163.295844
-47.0,500,1163.379226
-47.5,500,1163.462055
-47.0,500,1163.544557
-47.5,500,1163.626851
-47.3,500,1163.710548
-46.9,500,1163.793332
-46.6,500,1163.876396
-54.4,500,1163.958794
-51.0,500,1164.043935
-47.3,500,1164.126209
-47.7,500,1164.208598
-47.6,500,1164.291242
-47.2,500,1164.375504
-47.2,500,1164.457561
-49.8,500,1164.54069
-47.9,500,1164.623743
-47.2,500,1164.708386
-47.1,500,1164.790054
-47.1,500,1164.872834
-47.1,500,1164.955769
-47.0,500,1165.040889
-46.7,500,1165.123627
-47.2,500,1165.205072
-50.6,500,1165.287633
-59.0,500,1165.371998
-47.6,500,1165.454863
-47.0,500,1165.536771
-47.3,500,1165.619594
-46.6,500,1165.705427
-47.2,500,1165.788039
-46.8,500,1165.869965
-48.2,500,1165.953667
-46.5,500,1166.038807
-47.1,500,1166.121268
-52.3,500,1166.203406
-46.6,500,1166.285238
-47.0,500,1166.370044
-46.7,500,1166.452038
-46.6,500,1166.53432
-47.2,500,1166.616263
-54.1,500,1166.701073
-50.8,500,1166.78325
-50.9,500,1166.865489
-46.9,500,1166.947776
-46.9,500,1167.034308
-46.8,500,1167.117767
-48.5,500,1167.200356
-50.3,500,1167.282288
-47.3,500,1167.367619
-53.9,500,1167.450678
-46.6,500,1167.533508
-49.3,500,1167.615762
-47.2,500,1167.698988
-46.9,500,1167.781694
-54.0,500,1167.864776
-47.1,500,1167.946779
-50.4,500,1168.030708
-46.9,500,1168.113522
-52.9,500,1168.19628
-59.0,500,1168.27906
-54.0,500,1168.363334
-49.3,500,1168.446259
-47.7,500,1168.528599
-47.4,500,1168.611069
-47.0,500,1168.694778
-47.7,500,1168.777808
-57.6,500,1168.861205
-47.3,500,1168.944134
-46.7,500,1169.029415
-55.5,500,1169.110648
-68.8,500,1169.193484
-54.7,500,1169.276334
-51.3,500,1169.360826
-49.1,500,1169.443378
-54.3,500,1169.526352
-46.8,500,1169.609262
-47.9,500,1169.693647
-48.3,500,1169.775883
-46.9,500,1169.858621
-46.5,500,1169.941163
-46.7,500,1170.026573
-47.1,500,1170.10829
-46.9,500,1170.191256
-46.7,500,1170.273726
-47.7,500,1170.359213
-47.4,500,1170.441359
-49.4,500,1170.523253
-46.8,500,1170.605944
-64.8,500,1170.691495
-46.6,500,1170.774959
-50.2,500,1170.856753
-51.5,500,1170.939863
-48.2,500,1171.024222
-47.3,500,1171.106989
-47.2,500,1171.189121
-51.9,500,1171.271249
-47.1,500,1171.356024
-47.2,500,1171.438597
-61.9,500,1171.521322
-47.8,500,1171.602851
-47.5,500,1171.687422
-47.0,500,1171.770476
-47.8,500,1171.853293
-47.9,500,1171.96721
-50.2,500,1172.053823
-53.0,500,1172.136412
-47.5,500,1172.219647
-47.2,500,1172.30225
-47.0,500,1172.387652
-49.7,500,1172.469569
-46.8,500,1172.552348
-47.3,500,1172.634893
-47.4,500,1172.719347
-47.0,500,1172.800826
-46.9,500,1172.883464
-47.2,500,1172.965499
-52.9,500,1173.049678
-47.2,500,1173.132152
-52.2,500,1173.214073
-48.9,500,1173.296244
-47.0,500,1173.381356
-47.1,500,1173.463684
-46.7,500,1173.545783
-57.3,500,1173.628782
-60.9,500,1173.713739
-48.3,500,1173.796062
-47.2,500,1173.877492
-47.0,500,1173.960789
-46.7,500,1174.045831
-50.8,500,1174.128021
-49.6,500,1174.209573
-53.4,500,1174.292799
-47.6,500,1174.377668
-46.8,500,1174.460561
-49.9,500,1174.542398
-47.0,500,1174.625083
-49.7,500,1174.70939
-49.8,500,1174.792137
-46.9,500,1174.874234
-46.7,500,1174.956977
-47.7,500,1175.041719
-47.6,500,1175.124573
-49.9,500,1175.206478
-48.7,500,1175.289393
-47.0,500,1175.374124
-46.7,500,1175.457243
-47.0,500,1175.539886
-49.5,500,1175.621811
-49.2,500,1175.707125
-47.3,500,1175.789981
-46.7,500,1175.872186
-46.7,500,1175.954091
-47.2,500,1176.038776
-46.7,500,1176.122126
-47.2,500,1176.204696
-52.5,500,1176.286114
-52.4,500,1176.370651
-47.8,500,1176.453591
-47.2,500,1176.536613
-46.8,500,1176.619589
-47.3,500,1176.70368
-57.0,500,1176.785953
-46.8,500,1176.86884
-53.1,500,1176.951464
-46.9,500,1177.036662
-52.2,500,1177.119995
-46.9,500,1177.203332
-47.0,500,1177.285799
-47.0,500,1177.370143
-49.1,500,1177.452758
-47.0,500,1177.535387
-46.9,500,1177.61794
-50.1,500,1177.702102
-47.2,500,1177.784356
-47.1,500,1177.867304
-52.2,500,1177.949951
-47.3,500,1178.034295
-47.0,500,1178.115823
-46.9,500,1178.198511
-73.6,500,1178.281246
-48.5,500,1178.366388
-47.6,500,1178.448599
-47.3,500,1178.531418
-49.1,500,1178.614177
-46.9,500,1178.698671
-47.1,500,1178.780066
-55.2,500,1178.86263
-46.5,500,1178.945697
-46.9,500,1179.030729
-46.8,500,1179.113028
-47.8,500,1179.195211
-47.0,500,1179.278252
-47.6,500,1179.363094
-49.9,500,1179.445764
-46.9,500,1179.527606
-48.3,500,1179.610556
-56.1,500,1179.695618
-47.4,500,1179.777713
-47.1,500,1179.85981
-47.0,500,1179.941798
-46.9,500,1180.026474
-46.9,500,1180.108934
-47.7,500,1180.190403
-47.2,500,1180.273427
-47.0,500,1180.358264
-47.0,500,1180.441294
-47.5,500,1180.522864
-48.4,500,1180.605843
-46.9,500,1180.691363
-47.1,500,1180.774199
-46.8,500,1180.85688
-46.8,500,1180.939537
-47.4,500,1181.024731
-46.9,500,1181.108438
-47.4,500,1181.190957
-46.8,500,1181.272616
-47.1,500,1181.357017
-47.1,500,1181.4398
-48.5,500,1181.522891
-50.5,500,1181.605899
-53.3,500,1181.689744
-47.0,500,1181.772421
-47.0,500,1181.855135
-46.8,500,1181.937849
-46.5,500,1182.024268
-49.7,500,1182.107668
-48.9,500,1182.190321
-46.8,500,1182.273112
-46.6,500,1182.358566
-46.8,500,1182.440397
-48.0,500,1182.522999
-47.3,500,1182.605501
-46.9,500,1182.689817
-47.7,500,1182.771661
-47.0,500,1182.854072
-58.2,500,1182.936862
-47.0,500,1183.021654
-47.0,500,1183.10359
-47.4,500,1183.185728
-47.0,500,1183.268192
-48.7,500,1183.35348
-46.7,500,1183.435394
-47.4,500,1183.517636
-47.3,500,1183.600169
-48.4,500,1183.685145
-49.5,500,1183.767101
-47.7,500,1183.850398
-48.0,500,1183.933077
-46.9,500,1184.018427
-51.4,500,1184.100957
-47.3,500,1184.182796
-58.9,500,1184.265568
-47.2,500,1184.350055
-46.7,500,1184.432447
-47.2,500,1184.51388
-56.5,500,1184.596175
-46.6,500,1184.68114
-47.1,500,1184.763968
-47.0,500,1184.84654
-47.0,500,1184.929735
-46.7,500,1185.014655
-46.8,500,1185.097063
-46.8,500,1185.178342
-46.7,500,1185.260951
-46.7,500,1185.345967
-47.0,500,1185.429037
-47.0,500,1185.510703
-47.3,500,1185.592969
-47.0,500,1185.678249
-47.5,500,1185.761159
-61.1,500,1185.842718
-49.8,500,1185.925428
-86.1,500,1186.010422
-77.0,500,1186.093375
-58.9,500,1186.17624
-46.8,500,1186.257671
-46.8,500,1186.342341
-48.3,500,1186.425353
-68.9,500,1186.50759
-47.6,500,1186.58932
-46.9,500,1186.674119
-50.1,500,1186.757503
-47.3,500,1186.840007
-46.8,500,1186.922175
-51.0,500,1187.007864
-47.5,500,1187.091912
-49.1,500,1187.17467
-47.1,500,1187.256588
-61.5,500,1187.342098
-47.8,500,1187.4246
-47.2,500,1187.506981
-49.4,500,1187.589339
-51.4,500,1187.673336
-50.3,500,1187.755993
-51.7,500,1187.838795
-48.0,500,1187.921033
-47.3,500,1188.005095
-54.4,500,1188.088402
-47.0,500,1188.171094
-48.3,500,1188.253054
-47.1,500,1188.336614
-46.8,500,1188.419548
-47.4,500,1188.501948
-47.4,500,1188.584553
-47.6,500,1188.668993
-47.0,500,1188.751493
-46.9,500,1188.834217
-47.1,500,1188.916986
-47.0,500,1189.001789
-46.7,500,1189.083512
-47.3,500,1189.166622
-47.6,500,1189.249281
-48.5,500,1189.333529
-46.8,500,1189.415092
-47.4,500,1189.497424
-47.3,500,1189.579973
-47.6,500,1189.664905
-47.9,500,1189.746454
-47.2,500,1189.828739
-48.1,500,1189.911188
-46.7,500,1189.996477
-47.0,500,1190.078334
-47.5,500,1190.160887
-46.9,500,1190.243505
-52.8,500,1190.328434
-46.8,500,1190.4105
-47.9,500,1190.53058
-49.0,500,1190.612887
-48.4,500,1190.698063
-47.0,500,1190.780817
-47.7,500,1190.862489
-47.8,500,1190.943499
-52.4,500,1191.028171
-46.9,500,1191.110888
-47.6,500,1191.193113
-46.9,500,1191.274741
-47.6,500,1191.359636
-48.1,500,1191.442524
-48.2,500,1191.525285
-50.9,500,1191.60641
-46.9,500,1191.691074
-46.9,500,1191.774326
-47.0,500,1191.856505
-48.4,500,1191.938208
-47.6,500,1192.024111
-47.7,500,1192.107216
-48.0,500,1192.189882
-46.8,500,1192.272582
-47.1,500,1192.356924
-47.3,500,1192.439421
-46.7,500,1192.522351
-46.9,500,1192.6051
-47.0,500,1192.688283
-50.2,500,1192.770334
-49.8,500,1192.853015
-52.3,500,1192.935182
-46.7,500,1193.019476
-52.1,500,1193.101602
-53.4,500,1193.183938
-47.2,500,1193.266482
-47.3,500,1193.350677
-50.3,500,1193.432092
-46.6,500,1193.514469
-47.1,500,1193.596469
-54.3,500,1193.681242
-49.8,500,1193.76277
-47.7,500,1193.845531
-56.0,500,1193.932681
-47.2,500,1194.024243
-47.4,500,1194.106808
-50.1,500,1194.188879
-46.9,500,1194.272117
-51.9,500,1194.357342
-48.3,500,1194.440042
-46.8,500,1194.521169
-50.3,500,1194.603703
-46.9,500,1194.688324
-47.9,500,1194.771145
-46.7,500,1194.852369
-46.7,500,1194.934712
-52.0,500,1195.020006
-47.9,500,1195.102828
-46.9,500,1195.184719
-47.4,500,1195.266048
-46.8,500,1195.350503
-52.2,500,1195.433587
-47.0,500,1195.515706
-46.5,500,1195.59718
-47.5,500,1195.682267
-62.2,500,1195.765162
-47.3,500,1195.847065
-47.2,500,1195.92886
-51.4,500,1196.013708
-46.8,500,1196.096606
-47.3,500,1196.178563
-46.9,500,1196.25975
-47.0,500,1196.344107
-46.8,500,1196.426448
-46.9,500,1196.508622
-47.2,500,1196.590287
-46.7,500,1196.674191
-46.7,500,1196.756699
-47.0,500,1196.839181
-46.7,500,1196.921066
-46.5,500,1197.005195
-47.1,500,1197.088585
-50.1,500,1197.171356
-46.6,500,1197.25453
-46.7,500,1197.338952
-47.4,500,1197.422571
-47.1,500,1197.505586
-47.9,500,1197.588336
-47.8,500,1197.67368
-46.9,500,1197.755586
-47.0,500,1197.838556
-46.6,500,1197.921228
-47.8,500,1198.006502
-48.5,500,1198.088751
-47.1,500,1198.171423
-47.6,500,1198.253542
-47.1,500,1198.337836
-46.8,500,1198.419874
-46.9,500,1198.502409
-56.2,500,1198.584959
-47.0,500,1198.668903
-47.7,500,1198.750366
-47.3,500,1198.833064
-46.9,500,1198.915595
-60.8,500,1199.001353
-47.2,500,1199.083993
-54.5,500,1199.165763
-46.9,500,1199.248373
-46.9,500,1199.335046
-46.9,500,1199.418079
-47.0,500,1199.499878
-47.3,500,1199.582756
-46.9,500,1199.66764
-46.6,500,1199.750434
-46.7,500,1199.832906
-52.1,500,1199.915509
-46.9,500,1200.000465
-47.1,500,1200.083487
-46.7,500,1200.165663
-47.0,500,1200.247644
-46.9,500,1200.332896
-46.8,500,1200.415263
-46.9,500,1200.498012
-47.2,500,1200.57932
-47.1,500,1200.664416
-46.7,500,1200.746992
-46.9,500,1200.82933
-47.0,500,1200.912172
-46.8,500,1200.996281
-46.8,500,1201.079034
-49.9,500,1201.1616
-48.0,500,1201.243745
-78.2,500,1201.328368
-46.7,500,1201.411384
-47.1,500,1201.494331
-47.3,500,1201.577045
-46.7,500,1201.661754
-47.4,500,1201.745161
-51.4,500,1201.828359
-49.2,500,1201.911186
-49.6,500,1201.995104
-47.5,500,1202.079878
-50.1,500,1202.162661
-62.4,500,1202.24578
-51.2,500,1202.331019
-47.5,500,1202.412417
-47.1,500,1202.494948
-46.9,500,1202.577166
-60.2,500,1202.662159
-55.0,500,1202.744158
-47.8,500,1202.826907
-46.9,500,1202.909502
-49.2,500,1202.994264
-47.6,500,1203.076437
-52.1,500,1203.158533
-47.0,500,1203.240778
-47.0,500,1203.32571
-49.3,500,1203.407969
-46.7,500,1203.490015
-46.9,500,1203.57242
-47.1,500,1203.6568
-46.6,500,1203.739779
-46.6,500,1203.822243
-47.3,500,1203.904768
-46.7,500,1203.99028
-46.7,500,1204.073735
-47.0,500,1204.156513
-46.7,500,1204.23812
-47.4,500,1204.322247
-50.1,500,1204.404614
-47.5,500,1204.486973
-47.7,500,1204.567589
-46.7,500,1204.651753
-48.8,500,1204.734685
-46.9,500,1204.817155
-48.3,500,1204.898904
-47.3,500,1204.983044
-50.2,500,1205.065994
-47.7,500,1205.148667
-46.9,500,1205.230816
-47.0,500,1205.314545
-47.2,500,1205.397211
-47.8,500,1205.480044
-46.7,500,1205.562293
-47.6,500,1205.646427
-47.0,500,1205.729086
-47.3,500,1205.811992
-49.1,500,1205.894349
-47.0,500,1205.978348
-62.6,500,1206.061607
-52.8,500,1206.14476
-46.9,500,1206.227305
-46.8,500,1206.311951
-47.1,500,1206.394117
-47.0,500,1206.476683
-47.1,500,1206.559528
-46.8,500,1206.64459
-47.2,500,1206.727173
-47.4,500,1206.810017
-46.9,500,1206.893253
-47.0,500,1206.978005
-46.9,500,1207.061611
-46.7,500,1207.144553
-51.8,500,1207.22747
-46.7,500,1207.312893
-46.8,500,1207.394867
-49.0,500,1207.47746
-48.3,500,1207.560065
-49.3,500,1207.644677
-47.5,500,1207.726531
-46.8,500,1207.809596
-47.5,500,1207.891878
-49.3,500,1207.977079
-47.0,500,1208.059099
-47.1,500,1208.141182
-52.9,500,1208.224153
-46.7,500,1208.309227
-50.7,500,1208.391504
-46.7,500,1208.473501
-68.2,500,1208.556508
-46.7,500,1208.641838
-47.1,500,1208.725086
-46.9,500,1208.807077
-56.6,500,1208.890054
-47.1,500,1208.975707
-47.2,500,1209.058724
-46.5,500,1209.141606
-47.1,500,1209.223454
-47.1,500,1209.308571
-48.7,500,1209.391893
-63.5,500,1209.474732
-47.3,500,1209.556551
-47.3,500,1209.641844
-47.1,500,1209.761488
-46.7,500,1209.844516
-47.4,500,1209.927349
-47.2,500,1210.012027
-47.1,500,1210.093084
-47.5,500,1210.175797
-46.7,500,1210.258542
-51.7,500,1210.343013
-47.4,500,1210.467594
-46.7,500,1210.771867
-47.3,500,1210.994843
-55.7,500,1211.081147
-48.2,500,1211.163851
-48.3,500,1211.245798
-49.5,500,1211.327093
-70.5,500,1211.412331
-46.6,500,1211.495467
-46.9,500,1211.577564
-48.6,500,1211.658704
-51.1,500,1211.74333
-59.2,500,1211.826106
-48.5,500,1211.908962
-46.8,500,1211.990123
-46.5,500,1212.07696
-53.4,500,1212.159903
-46.8,500,1212.242515
-46.8,500,1212.323524
-46.7,500,1212.407284
-51.6,500,1212.489805
-47.8,500,1212.571628
-49.7,500,1212.65355
-63.9,500,1212.737561
-54.4,500,1212.820137
-46.6,500,1212.902225
-51.4,500,1212.984062
-47.5,500,1213.066976
-47.1,500,1213.149392
-49.1,500,1213.23155
-46.8,500,1213.31381
-58.3,500,1213.39717
-47.2,500,1213.479782
-49.0,500,1213.561733
-50.3,500,1213.643941
-46.8,500,1213.727524
-46.8,500,1213.810306
-48.2,500,1213.892275
-47.8,500,1213.974046
-49.4,500,1214.058403
-47.7,500,1214.140242
-47.5,500,1214.222841
-47.2,500,1214.304802
-50.8,500,1214.389962
-47.9,500,1214.471402
-49.2,500,1214.554662
-47.2,500,1214.63705
-47.0,500,1214.721607
-47.2,500,1214.803112
-46.7,500,1214.891554
-53.3,500,1214.987421
-46.8,500,1215.081368
-47.3,500,1215.175755
-46.9,500,1215.267351
-46.9,500,1215.357908
-47.0,500,1215.4513
-47.0,500,1215.545247
-46.8,500,1215.630826
-47.0,500,1215.71342
-47.0,500,1215.797655
-47.3,500,1215.881207
-46.7,500,1215.963615
-48.0,500,1216.045833
-46.9,500,1216.130652
-47.2,500,1216.212403
-47.1,500,1216.295118
-63.5,500,1216.37823
-50.3,500,1216.462917
-46.7,500,1216.544847
-46.6,500,1216.628035
-47.2,500,1216.711026
-47.5,500,1216.799549
-46.9,500,1216.897017
-47.3,500,1216.980157
-47.5,500,1217.064514
-47.2,500,1217.149793
-46.8,500,1217.232196
-51.7,500,1217.312994
-47.4,500,1217.395385
-58.9,500,1217.479962
-47.4,500,1217.561916
-48.1,500,1217.64304
-48.6,500,1217.725578
-47.5,500,1217.810356
-52.1,500,1217.893146
-46.6,500,1217.975122
-47.8,500,1218.056776
-47.2,500,1218.141322
-46.6,500,1218.22452
-46.9,500,1218.306615
-47.2,500,1218.38884
-54.1,500,1218.473561
-47.6,500,1218.556595
-46.6,500,1218.639191
-50.8,500,1218.721064
-46.7,500,1218.806014
-47.3,500,1218.888586
-47.1,500,1218.970927
-46.6,500,1219.053101
-47.3,500,1219.135863
-47.3,500,1219.218967
-46.5,500,1219.301426
-46.5,500,1219.38396
-56.0,500,1219.468054
-46.7,500,1219.550972
-47.3,500,1219.633519
-46.7,500,1219.716142
-46.6,500,1219.799739
-49.0,500,1219.882779
-47.9,500,1219.965351
-54.7,500,1220.048303
-49.0,500,1220.133032
-66.2,500,1220.215793
-57.3,500,1220.298555
-47.2,500,1220.381364
-53.2,500,1220.465873
-46.6,500,1220.547744
-50.5,500,1220.63053
-46.6,500,1220.713217
-46.8,500,1220.797704
-47.7,500,1220.879723
-58.0,500,1220.96264
-46.6,500,1221.045097
-47.7,500,1221.130199
-47.1,500,1221.211482
-46.9,500,1221.294015
-47.0,500,1221.376336
-47.4,500,1221.461434
-47.4,500,1221.542777
-47.1,500,1221.625219
-46.9,500,1221.70767
-47.7,500,1221.791939
-47.2,500,1221.874119
-48.8,500,1221.955185
-47.7,500,1222.039069
-46.9,500,1222.124043
-47.2,500,1222.206644
-47.1,500,1222.288222
-46.8,500,1222.370478
-47.3,500,1222.454879
-47.0,500,1222.537363
-46.8,500,1222.619098
-46.9,500,1222.701951
-52.2,500,1222.787248
-52.7,500,1222.869754
-47.0,500,1222.950983
-47.0,500,1223.033482
-47.1,500,1223.118486
-46.7,500,1223.201207
-47.4,500,1223.283276
-47.1,500,1223.366286
-46.8,500,1223.450972
-47.2,500,1223.533854
-46.7,500,1223.616059
-50.7,500,1223.697905
-46.6,500,1223.782818
-46.7,500,1223.865179
-47.0,500,1223.94703
-47.2,500,1224.028848
-47.1,500,1224.113116
-47.3,500,1224.195506
-47.2,500,1224.277745
-47.0,500,1224.35904
-47.2,500,1224.443796
-46.7,500,1224.526226
-46.8,500,1224.608541
-51.7,500,1224.689682
-47.8,500,1224.774005
-47.0,500,1224.856675
-56.2,500,1224.939476
-50.4,500,1225.021121
-55.5,500,1225.105137
-51.2,500,1225.187933
-46.8,500,1225.270601
-46.9,500,1225.35173
-47.1,500,1225.435907
-46.9,500,1225.519064
-47.0,500,1225.601706
-50.5,500,1225.683958
-46.7,500,1225.767853
-47.1,500,1225.850884
-51.6,500,1225.933647
-47.4,500,1226.016
-47.8,500,1226.100343
-47.2,500,1226.182877
-46.7,500,1226.265732
-46.9,500,1226.348794
-47.5,500,1226.432816
-46.9,500,1226.51565
-46.7,500,1226.598147
-46.7,500,1226.681523
-46.9,500,1226.765941
-47.4,500,1226.849103
-46.5,500,1226.932161
-46.6,500,1227.014646
-46.6,500,1227.100339
-47.2,500,1227.183319
-48.8,500,1227.266383
-46.6,500,1227.349282
-47.0,500,1227.433602
-48.3,500,1227.515545
-46.7,500,1227.597693
-46.8,500,1227.679795
-46.6,500,1227.764782
-47.0,500,1227.84679
-55.1,500,1227.929368
-46.8,500,1228.011552
-46.8,500,1228.095862
-47.1,500,1228.177781
-47.5,500,1228.260547
-51.0,500,1228.343282
-47.4,500,1228.427587
-47.6,500,1228.51005
-47.8,500,1228.591858
-68.8,500,1228.675043
-46.8,500,1228.76037
-46.7,500,1228.843232
-46.9,500,1228.9251
-47.2,500,1229.007773
-47.4,500,1229.130331
-47.4,500,1229.213196
-46.9,500,1229.295352
-46.6,500,1229.377452
-47.2,500,1229.461613
-46.8,500,1229.544175
-46.7,500,1229.627021
-47.2,500,1229.709162
-47.3,500,1229.793263
-50.9,500,1229.87604
-60.2,500,1229.958825
-47.0,500,1230.041288
-47.6,500,1230.124835
-47.1,500,1230.207299
-47.0,500,1230.289955
-46.7,500,1230.372636
-47.2,500,1230.456352
-47.6,500,1230.538904
-46.8,500,1230.621297
-47.2,500,1230.704416
-56.3,500,1230.788975
-46.8,500,1230.871164
-47.0,500,1230.953639
-46.8,500,1231.036074
-47.7,500,1231.121364
-46.7,500,1231.20373
-49.4,500,1231.286529
-46.8,500,1231.369072
-52.0,500,1231.454187
-46.8,500,1231.535928
-57.6,500,1231.619059
-46.8,500,1231.70218
-46.8,500,1231.786696
-47.7,500,1231.868417
-47.2,500,1231.95142
-48.4,500,1232.035748
-49.1,500,1232.121768
-46.7,500,1232.204826
-48.0,500,1232.28631
-46.9,500,1232.369427
-49.7,500,1232.453892
-46.7,500,1232.536516
-49.6,500,1232.618158
-51.2,500,1232.701247
-49.1,500,1232.786242
-46.9,500,1232.868959
-46.8,500,1232.950547
-48.4,500,1233.033069
-46.9,500,1233.118026
-46.8,500,1233.200487
-56.1,500,1233.282209
-46.7,500,1233.364775
-46.7,500,1233.449805
-50.6,500,1233.533204
-47.0,500,1233.615453
-47.0,500,1233.696988
-47.3,500,1233.781896
-52.1,500,1233.865276
-46.8,500,1233.947629
-46.6,500,1234.029521
-51.2,500,1234.114395
-46.8,500,1234.197045
-46.8,500,1234.279758
-47.2,500,1234.361498
-46.7,500,1234.446787
-48.8,500,1234.529622
-46.6,500,1234.612564
-46.6,500,1234.695309
-46.6,500,1234.778913
-47.7,500,1234.862421
-48.3,500,1234.945416
-48.1,500,1235.027562
-47.5,500,1235.111202
-47.5,500,1235.193798
-46.9,500,1235.276704
-47.3,500,1235.359182
-47.9,500,1235.44363
-47.0,500,1235.526714
-47.2,500,1235.609795
-47.4,500,1235.692275
-47.2,500,1235.775826
-46.8,500,1235.858602
-47.0,500,1235.941652
-52.5,500,1236.024184
-47.0,500,1236.109865
-47.3,500,1236.192536
-46.9,500,1236.275526
-46.7,500,1236.358556
-47.5,500,1236.442945
-46.9,500,1236.524849
-48.4,500,1236.607623
-46.6,500,1236.690221
-49.6,500,1236.774931
-47.0,500,1236.857118
-51.5,500,1236.940067
-52.3,500,1237.023303
-49.9,500,1237.109602
-54.4,500,1237.19103
-47.4,500,1237.273699
-47.0,500,1237.356615
-48.0,500,1237.441172
-47.1,500,1237.524054
-51.4,500,1237.605477
-58.1,500,1237.688362
-46.7,500,1237.773295
-56.4,500,1237.856563
-47.0,500,1237.937757
-50.0,500,1238.020165
-47.1,500,1238.104742
-46.7,500,1238.187899
-46.8,500,1238.269824
-47.6,500,1238.352271
-56.9,500,1238.437873
-46.6,500,1238.520884
-46.8,500,1238.603299
-47.2,500,1238.685559
-46.8,500,1238.771162
-47.6,500,1238.854172
-46.7,500,1238.936771
-46.8,500,1239.018885
-46.7,500,1239.103533
-47.0,500,1239.186134
-46.6,500,1239.268906
-70.2,500,1239.351196
-46.9,500,1239.436296
-46.5,500,1239.518989
-46.9,500,1239.601012
-47.6,500,1239.682415
-46.6,500,1239.766762
-46.7,500,1239.849631
-47.1,500,1239.932564
-78.3,500,1240.01521
-48.9,500,1240.098931
-46.7,500,1240.1817
-47.0,500,1240.26415
-47.3,500,1240.346578
-47.2,500,1240.430285
-56.0,500,1240.513124
-46.7,500,1240.596434
-47.3,500,1240.67948
-47.6,500,1240.762962
-47.0,500,1240.845945
-47.9,500,1240.927712
-46.9,500,1241.010235
-46.6,500,1241.095002
-47.4,500,1241.176852
-52.7,500,1241.259166
-47.0,500,1241.3417
-47.2,500,1241.426242
-46.6,500,1241.507834
-47.2,500,1241.590013
-47.0,500,1241.672463
-46.7,500,1241.757428
-46.9,500,1241.838916
-46.7,500,1241.921789
-46.9,500,1242.003637
-46.5,500,1242.090113
-46.7,500,1242.172813
-46.8,500,1242.254575
-46.9,500,1242.337475
-46.6,500,1242.421945
-47.1,500,1242.504273
-50.6,500,1242.586011
-47.1,500,1242.66882
-47.1,500,1242.754725
-47.4,500,1242.837625
-47.0,500,1242.919578
-47.2,500,1243.00239
-47.2,500,1243.087705
-47.3,500,1243.170711
-47.0,500,1243.252316
-46.7,500,1243.335
-46.8,500,1243.420113
-52.1,500,1243.502613
-47.2,500,1243.584374
-46.7,500,1243.666051
-47.6,500,1243.750871
-47.2,500,1243.833874
-47.1,500,1243.91681
-46.7,500,1243.998485
-50.4,500,1244.083428
-47.4,500,1244.166095
-47.0,500,1244.248298
-46.7,500,1244.330494
-57.2,500,1244.414685
-57.2,500,1244.497275
-49.8,500,1244.580011
-55.8,500,1244.661313
-48.4,500,1244.746078
-47.2,500,1244.828707
-48.3,500,1244.911127
-47.0,500,1244.993622
-53.5,500,1245.080182
-49.5,500,1245.162694
-48.3,500,1245.244825
-49.3,500,1245.327668
-47.2,500,1245.411318
-47.9,500,1245.494175
-47.1,500,1245.576312
-49.9,500,1245.658666
-60.5,500,1245.743017
-46.9,500,1245.826197
-46.7,500,1245.908348
-46.5,500,1245.991043
-50.4,500,1246.076254
-47.2,500,1246.157978
-49.1,500,1246.240467
-46.8,500,1246.323182
-47.1,500,1246.407879
-47.0,500,1246.489587
-47.1,500,1246.57265
-48.2,500,1246.655036
-47.0,500,1246.739686
-49.0,500,1246.821884
-51.3,500,1246.905034
-47.0,500,1246.98794
-47.3,500,1247.074559
-46.8,500,1247.157423
-48.7,500,1247.239409
-47.2,500,1247.321875
-56.8,500,1247.406371
-46.7,500,1247.489384
-47.3,500,1247.571204
-46.6,500,1247.653815
-57.0,500,1247.739509
-48.8,500,1247.822235
-47.3,500,1247.904588
-46.7,500,1247.985995
-60.0,500,1248.071136
-70.7,500,1248.154083
-46.6,500,1248.236544
-46.9,500,1248.319169
-47.0,500,1248.403576
-46.8,500,1248.487422
-81.0,500,1248.570047
-65.6,500,1248.652145
-46.7,500,1248.737823
-46.5,500,1248.821367
-47.7,500,1248.904292
-47.6,500,1248.986843
-47.4,500,1249.070109
-47.8,500,1249.152343
-48.6,500,1249.276238
-47.2,500,1249.3591
-48.6,500,1249.444036
-47.2,500,1249.526004
-59.4,500,1249.609141
-47.2,500,1249.691902
-47.8,500,1249.776993
-47.0,500,1249.858371
-46.7,500,1249.941232
-46.8,500,1250.023743
-47.0,500,1250.107728
-47.2,500,1250.188812
-48.8,500,1250.271664
-47.9,500,1250.354477
-47.4,500,1250.439754
-49.1,500,1250.52122
-49.4,500,1250.603824
-47.8,500,1250.686539
-47.8,500,1250.771283
-49.7,500,1250.853626
-59.0,500,1250.935443
-47.8,500,1251.018146
-47.5,500,1251.103996
-46.6,500,1251.186538
-46.5,500,1251.268254
-47.5,500,1251.351004
-46.6,500,1251.43575
-46.6,500,1251.518721
-47.1,500,1251.599797
-47.9,500,1251.682407
-46.9,500,1251.767242
-47.8,500,1251.850162
-51.3,500,1251.932735
-46.9,500,1252.014655
-47.1,500,1252.101263
-47.1,500,1252.184224
-47.5,500,1252.266435
-47.1,500,1252.347831
-50.2,500,1252.431854
-47.4,500,1252.514524
-46.6,500,1252.597185
-46.7,500,1252.679385
-46.8,500,1252.765065
-66.3,500,1252.848534
-47.0,500,1252.93127
-47.5,500,1253.013584
-47.3,500,1253.096703
-48.5,500,1253.17926
-84.1,500,1253.2622
-46.9,500,1253.344749
-47.5,500,1253.429097
-47.4,500,1253.51206
-47.8,500,1253.594542
-47.3,500,1253.676984
-47.5,500,1253.761141
-47.4,500,1253.843472
-47.7,500,1253.926093
-46.8,500,1254.00871
-47.3,500,1254.093839
-47.7,500,1254.177326
-47.2,500,1254.25986
-47.7,500,1254.342204
-46.8,500,1254.427339
-47.0,500,1254.509068
-48.0,500,1254.591287
-48.1,500,1254.673384
-46.8,500,1254.757624
-46.6,500,1254.838997
-46.7,500,1254.921643
-47.3,500,1255.003945
-47.4,500,1255.088269
-47.0,500,1255.169204
-48.3,500,1255.251897
-46.8,500,1255.334476
-51.6,500,1255.419602
-50.9,500,1255.501777
-46.9,500,1255.583479
-47.6,500,1255.666026
-46.8,500,1255.750849
-48.2,500,1255.833217
-46.8,500,1255.915281
-48.3,500,1255.998028
-47.2,500,1256.083662
-47.5,500,1256.166566
-46.9,500,1256.247754
-47.4,500,1256.330317
-48.7,500,1256.414328
-46.9,500,1256.496821
-51.8,500,1256.578362
-46.8,500,1256.66079
-47.5,500,1256.745294
-47.3,500,1256.827864
-64.9,500,1256.911236
-47.8,500,1256.993427
-47.0,500,1257.080061
-47.3,500,1257.162937
-49.7,500,1257.245623
-47.2,500,1257.32745
-47.8,500,1257.411423
-48.4,500,1257.49405
-52.1,500,1257.576671
-47.0,500,1257.658774
-52.0,500,1257.743176
-64.4,500,1257.826588
-56.8,500,1257.909472
-47.0,500,1257.991785
-51.3,500,1258.075109
-47.8,500,1258.158158
-48.0,500,1258.240861
-47.7,500,1258.323704
-47.8,500,1258.407288
-49.0,500,1258.490299
-48.4,500,1258.572873
-48.1,500,1258.65553
-46.7,500,1258.739235
-49.2,500,1258.821896
-46.9,500,1258.904801
-52.0,500,1258.987131
-48.7,500,1259.071946
-49.5,500,1259.153754
-48.1,500,1259.236065
-46.8,500,1259.318185
-48.4,500,1259.40323
-56.1,500,1259.485047
-47.1,500,1259.567516
-46.9,500,1259.650467
-48.5,500,1259.735602
-47.0,500,1259.817434
-46.7,500,1259.90022
-53.6,500,1259.983321
-46.7,500,1260.067991
-50.0,500,1260.150078
-47.3,500,1260.232723
-49.8,500,1260.314943
-46.9,500,1260.400002
-46.7,500,1260.481574
-47.3,500,1260.563641
-46.8,500,1260.646119
-53.2,500,1260.731233
-47.0,500,1260.813386
-51.1,500,1260.895254
-47.3,500,1260.977741
-72.0,500,1261.063409
-76.7,500,1261.146115
-52.8,500,1261.228016
-49.0,500,1261.311168
-48.6,500,1261.396292
-47.4,500,1261.478991
-46.9,500,1261.560288
-46.8,500,1261.643063
-46.6,500,1261.728126
-47.3,500,1261.810616
-47.7,500,1261.892884
-47.3,500,1261.97505
-47.5,500,1262.06113
-47.0,500,1262.144126
-47.5,500,1262.225988
-47.3,500,1262.307444
-46.8,500,1262.391753
-47.0,500,1262.474171
-47.6,500,1262.556285
-47.5,500,1262.637921
-47.5,500,1262.723459
-47.2,500,1262.806664
-46.6,500,1262.88942
-46.8,500,1262.970985
-47.6,500,1263.054008
-46.6,500,1263.136858
-47.7,500,1263.219389
-46.8,500,1263.301586
-46.6,500,1263.385005
-46.7,500,1263.468259
-46.9,500,1263.550483
-52.1,500,1263.632691
-46.9,500,1263.716985
-46.7,500,1263.799469
-46.8,500,1263.882497
-47.0,500,1263.964839
-46.7,500,1264.048237
-47.1,500,1264.13111
-47.8,500,1264.213269
-46.7,500,1264.295416
-47.0,500,1264.380304
-47.6,500,1264.462616
-47.4,500,1264.545511
-47.4,500,1264.627543
-47.2,500,1264.711138
-47.8,500,1264.793887
-47.1,500,1264.882218
-46.8,500,1264.976554
-46.7,500,1265.071296
-47.0,500,1265.165566
-63.3,500,1265.255431
-47.2,500,1265.347766
-48.7,500,1265.441566
-47.2,500,1265.531662
-46.7,500,1265.620035
-47.3,500,1265.702898
-47.2,500,1265.787904
-50.0,500,1265.871336
-47.9,500,1265.953956
-47.5,500,1266.036269
-47.0,500,1266.120409
-47.5,500,1266.202951
-50.1,500,1266.284961
-51.4,500,1266.367373
-50.2,500,1266.451699
-58.2,500,1266.534289
-46.5,500,1266.617399
-47.2,500,1266.700385
-48.3,500,1266.789912
-47.5,500,1266.888492
-47.0,500,1266.970606
-54.4,500,1267.054891
-47.2,500,1267.141215
-53.1,500,1267.223539
-46.8,500,1267.305335
-47.6,500,1267.388367
-46.7,500,1267.473134
-47.5,500,1267.556131
-47.4,500,1267.637605
-47.2,500,1267.720089
-47.4,500,1267.805377
-47.3,500,1267.888621
-52.4,500,1267.970804
-49.3,500,1268.052735
-46.9,500,1268.137075
-56.0,500,1268.22005
-47.3,500,1268.302644
-48.1,500,1268.384516
-47.4,500,1268.469453
-47.7,500,1268.552239
-48.1,500,1268.634654
-50.7,500,1268.716223
-51.8,500,1268.80096
-55.6,500,1268.884083
-46.7,500,1268.966288
-59.5,500,1269.047748
-47.2,500,1269.132718
-56.3,500,1269.215689
-47.8,500,1269.297852
-46.7,500,1269.379833
-47.7,500,1269.464209
-47.3,500,1269.578439
-60.0,500,1269.661311
-46.9,500,1269.744077
-46.9,500,1269.828671
-47.4,500,1269.910398
-55.3,500,1269.993425
-46.9,500,1270.075527
-46.8,500,1270.159899
-50.7,500,1270.241278
-47.0,500,1270.323871
-48.2,500,1270.406175
-47.0,500,1270.490882
-47.3,500,1270.573367
-50.2,500,1270.654548
-47.1,500,1270.737355
-47.0,500,1270.822029
-47.2,500,1270.9039
-48.2,500,1270.986066
-47.3,500,1271.068606
-48.0,500,1271.154085
-48.7,500,1271.236219
-47.2,500,1271.318123
-48.6,500,1271.400323
-47.8,500,1271.485186
-48.1,500,1271.56793
-47.3,500,1271.650169
-47.1,500,1271.731979
-47.5,500,1271.816249
-47.1,500,1271.899223
-47.0,500,1271.981881
-47.8,500,1272.065359
-46.9,500,1272.151554
-47.6,500,1272.234548
-50.6,500,1272.317796
-59.1,500,1272.401969
-47.8,500,1272.485604
-46.8,500,1272.569126
-47.1,500,1272.651323
-47.3,500,1272.73311
-48.0,500,1272.817366
-47.3,500,1272.900295
-46.9,500,1272.982916
-47.4,500,1273.064387
-46.9,500,1273.14801
-46.8,500,1273.231389
-47.1,500,1273.313671
-46.9,500,1273.396193
-47.3,500,1273.479753
-46.9,500,1273.562236
-47.1,500,1273.644872
-47.0,500,1273.726776
-94.2,500,1273.811624
-47.4,500,1273.894527
-47.7,500,1273.976832
-47.3,500,1274.059131
-47.0,500,1274.143154
-47.1,500,1274.225606
-47.3,500,1274.308304
-46.9,500,1274.390843
-47.1,500,1274.476165
-47.4,500,1274.557749
-47.1,500,1274.640338
-48.2,500,1274.723054
-47.1,500,1274.808019
-46.6,500,1274.890075
-46.9,500,1274.972832
-46.8,500,1275.05505
-47.9,500,1275.139478
-46.9,500,1275.221204
-47.2,500,1275.304181
-47.0,500,1275.386214
-47.1,500,1275.470157
-46.6,500,1275.552171
-47.0,500,1275.634538
-71.1,500,1275.717544
-46.6,500,1275.802153
-46.9,500,1275.883586
-47.1,500,1275.966147
-47.8,500,1276.048902
-47.2,500,1276.134629
-47.7,500,1276.216411
-48.1,500,1276.298793
-56.3,500,1276.381128
-50.2,500,1276.466062
-51.5,500,1276.54805
-52.6,500,1276.629737
-47.2,500,1276.712205
-53.2,500,1276.796839
-62.6,500,1276.879809
-74.0,500,1276.962047
-65.9,500,1277.045645
-52.3,500,1277.132228
-57.0,500,1277.215594
-52.8,500,1277.297046
-51.9,500,1277.379553
-48.1,500,1277.464465
-47.3,500,1277.546929
-48.1,500,1277.627879
-47.9,500,1277.710263
-47.7,500,1277.795312
-47.6,500,1277.878007
-47.5,500,1277.960381
-47.1,500,1278.041895
-47.1,500,1278.1258
-47.3,500,1278.208195
-47.1,500,1278.290175
-47.2,500,1278.371594
-47.3,500,1278.455846
-47.5,500,1278.538752
-47.2,500,1278.62146
-46.7,500,1278.703109
-47.5,500,1278.787038
-46.8,500,1278.869822
-51.5,500,1278.951729
-46.9,500,1279.032467
-56.1,500,1279.116153
-47.5,500,1279.199074
-46.9,500,1279.282037
-48.0,500,1279.363937
-47.6,500,1279.44835
-46.7,500,1279.530564
-46.5,500,1279.613098
-48.5,500,1279.694935
-47.3,500,1279.778345
-57.5,500,1279.861358
-48.9,500,1279.944214
-47.5,500,1280.027021
-58.9,500,1280.110486
-47.0,500,1280.19349
-54.2,500,1280.276126
-46.7,500,1280.358319
-46.8,500,1280.44308
-47.9,500,1280.526308
-55.6,500,1280.609101
-46.9,500,1280.691343
-47.4,500,1280.77541
-46.7,500,1280.858319
-47.4,500,1280.941123
-48.0,500,1281.023205
-46.5,500,1281.107827
-58.4,500,1281.190881
-46.7,500,1281.27385
-48.1,500,1281.356356
-47.2,500,1281.439607
-47.3,500,1281.522153
-47.1,500,1281.605286
-46.8,500,1281.688069
-53.1,500,1281.772754
-47.5,500,1281.85508
-47.2,500,1281.938279
-46.9,500,1282.020846
-46.8,500,1282.107244
-47.7,500,1282.189415
-47.3,500,1282.271955
-55.2,500,1282.354577
-49.2,500,1282.438897
-46.7,500,1282.520437
-47.0,500,1282.602917
-48.9,500,1282.685601
-46.8,500,1282.770716
-57.4,500,1282.852288
-46.6,500,1282.934957
-47.3,500,1283.017743
-47.4,500,1283.102522
-46.9,500,1283.183744
-52.4,500,1283.266225
-51.1,500,1283.348946
-46.8,500,1283.433224
-47.1,500,1283.514505
-46.8,500,1283.597497
-46.8,500,1283.68021
-47.2,500,1283.765189
-46.8,500,1283.847212
-48.0,500,1283.928815
-46.9,500,1284.011508
-47.2,500,1284.095853
-46.9,500,1284.178354
-47.9,500,1284.259846
-46.8,500,1284.342235
-50.3,500,1284.427269
-46.9,500,1284.509826
-53.9,500,1284.591678
-50.7,500,1284.674811
-47.9,500,1284.759464
-47.7,500,1284.842485
-46.9,500,1284.924108
-47.4,500,1285.006606
-47.1,500,1285.091214
-57.3,500,1285.173968
-50.7,500,1285.255268
-46.9,500,1285.337914
-46.8,500,1285.422659
-47.4,500,1285.505646
-46.7,500,1285.587765
-46.6,500,1285.67045
-47.2,500,1285.755077
-46.9,500,1285.837813
-47.1,500,1285.922278
-47.0,500,1286.004613
-59.8,500,1286.09066
-47.1,500,1286.173318
-47.4,500,1286.255408
-47.1,500,1286.337481
-46.5,500,1286.422003
-47.1,500,1286.504918
-62.1,500,1286.587316
-47.2,500,1286.668969
-46.7,500,1286.753453
-46.8,500,1286.836675
-46.6,500,1286.91961
-47.1,500,1287.001643
-46.8,500,1287.088413
-46.7,500,1287.171204
-46.9,500,1287.253804
-47.3,500,1287.335232
-47.4,500,1287.4201
-66.4,500,1287.50388
-47.0,500,1287.586626
-46.9,500,1287.667811
-47.1,500,1287.752907
-47.5,500,1287.835694
-46.6,500,1287.918552
-51.8,500,1288.000319
-47.2,500,1288.11982
-46.8,500,1288.202387
-49.8,500,1288.285238
-47.8,500,1288.367818
-47.1,500,1288.451718
-47.2,500,1288.533752
-46.7,500,1288.615955
-47.5,500,1288.69811
-46.9,500,1288.782198
-52.1,500,1288.863823
-46.7,500,1288.946368
-46.7,500,1289.029192
-47.1,500,1289.114392
-46.9,500,1289.196229
-46.7,500,1289.278665
-46.9,500,1289.36147
-46.5,500,1289.446725
-46.6,500,1289.529033
-46.7,500,1289.611083
-48.1,500,1289.693977
-46.9,500,1289.778531
-46.6,500,1289.861481
-55.6,500,1289.943113
-47.0,500,1290.025774
-59.2,500,1290.110234
-60.9,500,1290.192857
-48.0,500,1290.274307
-51.8,500,1290.356939
-47.4,500,1290.441983
-47.4,500,1290.524626
-46.7,500,1290.606823
-47.2,500,1290.688351
-46.6,500,1290.77359
-46.8,500,1290.856943
-46.8,500,1290.939497
-46.9,500,1291.020847
-47.3,500,1291.106101
-46.9,500,1291.188485
-46.5,500,1291.271289
-46.9,500,1291.353368
-49.8,500,1291.438376
-46.7,500,1291.521042
-46.6,500,1291.603743
-46.5,500,1291.685944
-46.9,500,1291.769645
-47.6,500,1291.852437
-48.3,500,1291.93496
-50.2,500,1292.017423
-47.4,500,1292.103569
-47.6,500,1292.186449
-46.9,500,1292.269186
-46.8,500,1292.351695
-46.7,500,1292.435725
-59.6,500,1292.518471
-46.8,500,1292.600991
-46.6,500,1292.683556
-46.6,500,1292.767957
-47.3,500,1292.8511
-47.8,500,1292.934057
-47.6,500,1293.016662
-46.7,500,1293.100709
-47.1,500,1293.182667
-52.3,500,1293.265921
-46.8,500,1293.348824
-46.6,500,1293.43309
-46.6,500,1293.515286
-46.7,500,1293.598095
-47.0,500,1293.680392
-46.5,500,1293.765038
-47.0,500,1293.846962
-46.9,500,1293.929663
-47.2,500,1294.012435
-47.4,500,1294.096364
-46.5,500,1294.178535
-46.9,500,1294.261647
-46.6,500,1294.344348
-47.0,500,1294.432728
-47.0,500,1294.515428
-47.4,500,1294.597382
-46.8,500,1294.680205
-47.2,500,1294.765306
-47.0,500,1294.848638
-46.8,500,1294.93011
-46.9,500,1295.01266
-48.4,500,1295.10095
-47.7,500,1295.18371
-47.1,500,1295.264856
-46.8,500,1295.347465
-52.4,500,1295.43291
-77.8,500,1295.516623
-47.1,500,1295.598399
-47.0,500,1295.681594
-47.3,500,1295.769333
-47.3,500,1295.851804
-47.2,500,1295.934386
-47.0,500,1296.016298
-48.2,500,1296.101435
-47.6,500,1296.184276
-47.1,500,1296.266638
-47.4,500,1296.348571
-47.4,500,1296.433114
-47.2,500,1296.516328
-48.0,500,1296.598919
-47.4,500,1296.680909
-47.1,500,1296.763777
-46.9,500,1296.846789
-47.1,500,1296.928757
-48.0,500,1297.011065
-50.2,500,1297.097789
-47.0,500,1297.181054
-46.9,500,1297.263454
-47.0,500,1297.345757
-47.3,500,1297.428834
-48.2,500,1297.511324
-46.6,500,1297.593544
-60.6,500,1297.675916
-47.0,500,1297.759908
-47.7,500,1297.842428
-51.5,500,1297.925341
-47.3,500,1298.007713
-55.5,500,1298.091452
-46.5,500,1298.174401
-46.8,500,1298.257164
-46.7,500,1298.339582
-46.7,500,1298.424161
-46.9,500,1298.50641
-46.9,500,1298.589478
-47.4,500,1298.671845
-46.7,500,1298.75694
-47.2,500,1298.83876
-47.1,500,1298.921137
-48.1,500,1299.003311
-47.1,500,1299.088255
-47.0,500,1299.170152
-51.2,500,1299.252779
-46.9,500,1299.334864
-47.6,500,1299.420157
-46.7,500,1299.5016
-47.0,500,1299.584245
-47.0,500,1299.666806
-47.0,500,1299.751388
-47.0,500,1299.833741
-46.6,500,1299.91606
-47.3,500,1299.999075
-46.8,500,1300.084041
-47.5,500,1300.166929
-47.2,500,1300.248418
-46.9,500,1300.330907
-48.3,500,1300.416053
-46.5,500,1300.499032
-46.7,500,1300.580546
-46.8,500,1300.663227
-47.3,500,1300.748012
-46.7,500,1300.831022
-46.9,500,1300.913779
-47.0,500,1300.995133
-54.0,500,1301.081322
-47.0,500,1301.163801
-47.0,500,1301.246292
-47.8,500,1301.327715
-54.3,500,1301.413503
-47.3,500,1301.496731
-46.9,500,1301.57896
-47.7,500,1301.660859
-46.8,500,1301.746052
-46.8,500,1301.829447
-47.1,500,1301.911976
-46.7,500,1301.99484
-47.4,500,1302.080666
-48.0,500,1302.16457
-47.2,500,1302.247574
-51.7,500,1302.330177
-47.0,500,1302.414081
-46.7,500,1302.497112
-48.3,500,1302.579356
-46.9,500,1302.661844
-48.2,500,1302.746083
-46.9,500,1302.828944
-47.7,500,1302.911659
-47.1,500,1302.993559
-52.6,500,1303.07718
-47.3,500,1303.159859
-47.1,500,1303.241928
-48.7,500,1303.324607
-47.7,500,1303.408168
-47.4,500,1303.491173
-46.7,500,1303.573687
-47.2,500,1303.656023
-50.4,500,1303.739959
-47.8,500,1303.822867
-54.4,500,1303.905849
-49.9,500,1303.988681
-48.8,500,1304.073019
-48.0,500,1304.154405
-47.3,500,1304.237196
-60.8,500,1304.319697
-51.5,500,1304.404902
-52.7,500,1304.486884
-47.4,500,1304.569498
-50.0,500,1304.651127
-46.7,500,1304.735446
-49.5,500,1304.817892
-46.6,500,1304.899767
-46.6,500,1304.981981
-48.0,500,1305.066561
-65.2,500,1305.149617
-46.7,500,1305.232057
-48.2,500,1305.314627
-52.0,500,1305.399931
-51.5,500,1305.482547
-46.7,500,1305.564219
-48.8,500,1305.646883
-50.4,500,1305.731456
-51.0,500,1305.814368
-47.1,500,1305.896089
-46.9,500,1305.978684
-54.7,500,1306.064137
-59.1,500,1306.147231
-48.0,500,1306.229902
-54.0,500,1306.312161
-55.7,500,1306.396678
-57.3,500,1306.479274
-47.0,500,1306.561835
-50.4,500,1306.644069
-47.1,500,1306.727808
-47.5,500,1306.810371
-47.0,500,1306.89335
-62.7,500,1306.97568
-48.6,500,1307.060486
-47.0,500,1307.14484
-46.9,500,1307.260982
-47.1,500,1307.343826
-52.1,500,1307.429043
-47.5,500,1307.510863
-46.6,500,1307.593017
-48.7,500,1307.674973
-46.8,500,1307.760204
-47.2,500,1307.842003
-49.4,500,1307.924221
-55.9,500,1308.006904
-53.0,500,1308.091649
-53.8,500,1308.174172
-47.1,500,1308.255723
-46.9,500,1308.338672
-46.6,500,1308.424111
-47.7,500,1308.506559
-46.7,500,1308.58816
-47.1,500,1308.670655
-47.2,500,1308.755421
-47.2,500,1308.838175
-47.0,500,1308.920086
-49.6,500,1309.002705
-47.0,500,1309.086776
-46.9,500,1309.169605
-55.9,500,1309.250953
-48.2,500,1309.333276
-46.8,500,1309.418734
-47.1,500,1309.501342
-47.1,500,1309.582565
-46.9,500,1309.664881
-47.3,500,1309.749162
-47.2,500,1309.831987
-48.0,500,1309.914456
-47.3,500,1309.996118
-46.6,500,1310.080862
-47.5,500,1310.164055
-46.9,500,1310.246311
-47.0,500,1310.328278
-46.8,500,1310.412612
-47.0,500,1310.495368
-46.8,500,1310.577813
-46.7,500,1310.659271
-47.5,500,1310.74337
-52.7,500,1310.826205
-46.7,500,1310.908916
-46.8,500,1310.99073
-46.9,500,1311.075964
-48.3,500,1311.158976
-47.0,500,1311.242166
-46.8,500,1311.324265
-46.6,500,1311.407639
-46.6,500,1311.490279
-53.3,500,1311.572643
-46.9,500,1311.655074
-46.7,500,1311.738272
-61.1,500,1311.821649
-47.0,500,1311.903995
-47.2,500,1311.986297
-47.0,500,1312.071671
-46.9,500,1312.154229
-47.0,500,1312.237509
-50.7,500,1312.319931
-46.7,500,1312.404586
-50.7,500,1312.48609
-46.7,500,1312.569146
-47.1,500,1312.651902
-46.9,500,1312.737232
-47.0,500,1312.819594
-47.0,500,1312.902039
-46.7,500,1312.984329
-46.9,500,1313.069089
-46.8,500,1313.15154
-46.6,500,1313.233591
-47.0,500,1313.316318
-46.6,500,1313.401035
-46.8,500,1313.48395
-47.0,500,1313.564971
-46.7,500,1313.647599
-54.3,500,1313.732664
-47.5,500,1313.815479
-53.7,500,1313.89777
-54.8,500,1313.980477
-53.5,500,1314.06542
-47.5,500,1314.148223
-47.3,500,1314.230782
-47.0,500,1314.312269
-46.7,500,1314.39762
-46.8,500,1314.480267
-46.8,500,1314.562954
-46.9,500,1314.644734
-47.5,500,1314.728833
-46.9,500,1314.811361
-47.1,500,1314.894182
-47.1,500,1314.975693
-47.0,500,1315.060269
-46.8,500,1315.143205
-47.1,500,1315.225803
-48.6,500,1315.307478
-47.3,500,1315.392091
-50.1,500,1315.474879
-47.8,500,1315.557256
-52.7,500,1315.639587
-47.2,500,1315.722588
-46.7,500,1315.805482
-47.6,500,1315.88839
-47.0,500,1315.970592
-47.0,500,1316.054696
-47.3,500,1316.137428
-46.7,500,1316.2202
-46.7,500,1316.302119
-47.0,500,1316.385008
-47.0,500,1316.46761
-47.6,500,1316.549623
-47.4,500,1316.631297
-46.9,500,1316.714588
-47.4,500,1316.79699
-48.1,500,1316.878897
-49.8,500,1316.960984
-47.0,500,1317.04487
-47.3,500,1317.129104
-47.0,500,1317.211637
-46.9,500,1317.293644
-46.7,500,1317.377916
-47.3,500,1317.460092
-52.6,500,1317.542775
-46.8,500,1317.625354
-47.2,500,1317.710671
-47.7,500,1317.79206
-47.9,500,1317.874582
-49.3,500,1317.956544
-47.0,500,1318.040644
-46.7,500,1318.122486
-46.5,500,1318.205569
-47.4,500,1318.287972
-48.0,500,1318.37267
-46.9,500,1318.454288
-46.7,500,1318.537038
-50.4,500,1318.619272
-55.9,500,1318.704952
-61.9,500,1318.787564
-47.0,500,1318.869485
-47.1,500,1318.951851
-51.3,500,1319.036918
-49.5,500,1319.119595
-47.4,500,1319.201206
-47.1,500,1319.283937
-46.6,500,1319.369323
-47.9,500,1319.451773
-47.1,500,1319.533652
-47.1,500,1319.615657
-47.0,500,1319.700643
-46.7,500,1319.783275
-46.6,500,1319.865452
-46.8,500,1319.947308
-47.4,500,1320.031637
-47.0,500,1320.113899
-46.8,500,1320.196815
-46.8,500,1320.27937
-47.0,500,1320.364044
-47.0,500,1320.44617
-56.4,500,1320.528943
-52.0,500,1320.610894
-47.3,500,1320.694385
-46.7,500,1320.777449
-46.6,500,1320.860503
-47.4,500,1320.946952
-46.7,500,1321.036536
-46.7,500,1321.119498
-47.4,500,1321.202061
-47.5,500,1321.284074
-46.6,500,1321.36779
-47.3,500,1321.450508
-47.7,500,1321.532873
-47.1,500,1321.614699
-51.0,500,1321.69828
-57.1,500,1321.781339
-63.4,500,1321.863582
-47.1,500,1321.946034
-48.1,500,1322.029585
-50.9,500,1322.114039
-46.9,500,1322.196728
-46.9,500,1322.279538
-48.0,500,1322.364285
-47.1,500,1322.445952
-47.1,500,1322.528308
-47.4,500,1322.610669
-47.8,500,1322.695181
-46.8,500,1322.778079
-47.5,500,1322.860849
-46.8,500,1322.943452
-46.9,500,1323.027877
-46.6,500,1323.109688
-46.8,500,1323.192437
-47.7,500,1323.274977
-47.1,500,1323.359476
-47.5,500,1323.441381
-47.4,500,1323.52344
-46.6,500,1323.606274
-46.9,500,1323.690817
-46.6,500,1323.772321
-46.5,500,1323.855118
-47.5,500,1323.938456
-48.9,500,1324.023224
-46.8,500,1324.104826
-47.1,500,1324.187393
-46.6,500,1324.269933
-46.8,500,1324.355526
-46.9,500,1324.436483
-56.1,500,1324.518914
-47.9,500,1324.601208
-47.6,500,1324.685603
-46.7,500,1324.768177
-47.0,500,1324.849807
-46.8,500,1324.932809
-59.4,500,1325.018053
-50.7,500,1325.100634
-47.2,500,1325.182431
-53.4,500,1325.265395
-46.6,500,1325.350977
-47.0,500,1325.434371
-49.4,500,1325.515784
-48.2,500,1325.598296
-47.6,500,1325.683489
-47.0,500,1325.766626
-55.0,500,1325.84943
-48.0,500,1325.931115
-47.4,500,1326.016892
-55.9,500,1326.100083
-47.4,500,1326.18232
-47.3,500,1326.263624
-46.6,500,1326.347543
-46.6,500,1326.429948
-46.8,500,1326.512811
-47.3,500,1326.594347
-47.7,500,1326.678469
-46.9,500,1326.760759
-46.9,500,1326.843471
-46.7,500,1326.925251
-51.0,500,1327.010236
-46.7,500,1327.094654
-46.6,500,1327.177879
-46.5,500,1327.260341
-59.0,500,1327.385668
-47.0,500,1327.468145
-68.8,500,1327.550617
-47.7,500,1327.633029
-46.8,500,1327.718499
-47.0,500,1327.800395
-61.1,500,1327.881971
-46.7,500,1327.964835
-46.9,500,1328.049407
-47.5,500,1328.132143
-46.7,500,1328.21321
-47.0,500,1328.295921
-49.6,500,1328.380333
-47.4,500,1328.463168
-49.8,500,1328.544103
-48.1,500,1328.626215
-46.8,500,1328.711367
-46.7,500,1328.794267
-49.9,500,1328.876397
-46.6,500,1328.957752
-54.4,500,1329.042288
-47.7,500,1329.124523
-46.7,500,1329.206795
-46.5,500,1329.288634
-46.9,500,1329.374338
-47.2,500,1329.457545
-46.8,500,1329.539554
-48.2,500,1329.620717
-47.7,500,1329.705021
-47.1,500,1329.787654
-47.3,500,1329.869908
-50.6,500,1329.950826
-47.9,500,1330.035608
-47.5,500,1330.118053
-60.9,500,1330.200707
-53.5,500,1330.282889
-46.7,500,1330.366763
-47.0,500,1330.448873
-50.7,500,1330.531486
-46.9,500,1330.61357
-47.7,500,1330.696697
-53.4,500,1330.779591
-46.8,500,1330.862264
-47.0,500,1330.945221
-55.0,500,1331.031169
-53.8,500,1331.114349
-49.1,500,1331.196686
-47.1,500,1331.279285
-46.7,500,1331.363503
-46.9,500,1331.446322
-49.6,500,1331.528877
-47.2,500,1331.611345
-47.0,500,1331.695147
-54.0,500,1331.778306
-47.3,500,1331.861102
-51.3,500,1331.943555
-47.6,500,1332.027575
-47.1,500,1332.112587
-47.6,500,1332.194859
-47.1,500,1332.277427
-48.3,500,1332.362215
-47.1,500,1332.444647
-47.0,500,1332.527295
-46.5,500,1332.610065
-47.0,500,1332.695611
-46.8,500,1332.77751
-52.6,500,1332.86062
-47.0,500,1332.943663
-46.9,500,1333.028556
-47.6,500,1333.110452
-50.5,500,1333.192552
-47.5,500,1333.275746
-46.8,500,1333.361211
-47.1,500,1333.443302
-46.9,500,1333.525215
-47.1,500,1333.608346
-50.1,500,1333.693826
-47.0,500,1333.776511
-46.9,500,1333.858113
-47.0,500,1333.940795
-47.3,500,1334.025141
-47.3,500,1334.107271
-48.7,500,1334.188845
-47.6,500,1334.271179
-47.3,500,1334.357037
-47.1,500,1334.439464
-47.4,500,1334.52113
-47.2,500,1334.603918
-47.0,500,1334.688414
-47.1,500,1334.770817
-46.8,500,1334.852481
-47.3,500,1334.935219
-47.3,500,1335.020209
-47.6,500,1335.102928
-46.8,500,1335.185069
-47.0,500,1335.2666
-46.9,500,1335.351444
-46.6,500,1335.434621
-46.6,500,1335.51733
-48.7,500,1335.598677
-47.0,500,1335.683833
-47.9,500,1335.766692
-47.6,500,1335.849103
-47.1,500,1335.942544
-46.9,500,1336.039582
-47.1,500,1336.130439
-47.2,500,1336.220761
-48.3,500,1336.311841
-48.0,500,1336.40652
-49.6,500,1336.497633
-49.5,500,1336.588883
-47.7,500,1336.672412
-53.9,500,1336.758152
-47.6,500,1336.841149
-48.4,500,1336.92415
-47.5,500,1337.006111
-47.1,500,1337.092486
-47.3,500,1337.175474
-46.8,500,1337.258603
-47.6,500,1337.340447
-47.2,500,1337.424718
-48.5,500,1337.50753
-50.0,500,1337.590245
-47.1,500,1337.672317
-46.6,500,1337.760673
-47.1,500,1337.859057
-47.2,500,1337.943719
-46.6,500,1338.026717
-47.5,500,1338.110494
-50.2,500,1338.193859
-47.0,500,1338.276753
-47.4,500,1338.359317
-47.0,500,1338.442828
-46.8,500,1338.52568
-57.7,500,1338.608293
-63.3,500,1338.691052
-48.7,500,1338.7756
-47.1,500,1338.857828
-46.7,500,1338.940503
-46.8,500,1339.023446
-46.7,500,1339.108015
-46.9,500,1339.18955
-47.0,500,1339.272311
-46.7,500,1339.355106
-47.5,500,1339.440711
-47.2,500,1339.522886
-46.7,500,1339.605553
-49.3,500,1339.6882
-47.4,500,1339.772927
-46.6,500,1339.854682
-46.6,500,1339.93744
-46.6,500,1340.020396
-47.0,500,1340.105093
-46.7,500,1340.187397
-47.6,500,1340.269277
-47.0,500,1340.351976
-49.2,500,1340.436674
-46.6,500,1340.518979
-54.2,500,1340.600943
-47.3,500,1340.683515
-46.9,500,1340.768289
-46.7,500,1340.85095
-47.4,500,1340.931951
-50.0,500,1341.014465
-46.9,500,1341.1
-47.0,500,1341.182396
-47.7,500,1341.263579
-46.6,500,1341.346373
-47.6,500,1341.431458
-46.7,500,1341.51448
-57.9,500,1341.595958
-47.1,500,1341.678109
-63.9,500,1341.762877
-47.4,500,1341.845154
-49.0,500,1341.927434
-47.3,500,1342.009355
-58.7,500,1342.096341
-64.2,500,1342.179526
-46.7,500,1342.262224
-47.5,500,1342.343731
-46.9,500,1342.428066
-47.1,500,1342.510798
-46.9,500,1342.592802
-46.8,500,1342.674064
-47.3,500,1342.758512
-46.8,500,1342.841095
-47.2,500,1342.923514
-47.1,500,1343.005109
-51.0,500,1343.089472
-46.6,500,1343.17245
-47.5,500,1343.255303
-47.4,500,1343.337615
-46.8,500,1343.421154
-53.4,500,1343.50431
-47.1,500,1343.586935
-52.3,500,1343.669466
-46.9,500,1343.753557
-46.7,500,1343.836381
-47.5,500,1343.91922
-49.4,500,1344.001373
-47.4,500,1344.085042
-47.6,500,1344.168697
-46.9,500,1344.251269
-47.0,500,1344.334257
-46.9,500,1344.419491
-46.7,500,1344.501681
-55.4,500,1344.584593
-47.4,500,1344.66709
-51.6,500,1344.751461
-47.6,500,1344.833429
-46.9,500,1344.916391
-46.8,500,1344.999209
-47.0,500,1345.084
-47.3,500,1345.166483
-46.7,500,1345.248142
-46.9,500,1345.330626
-46.8,500,1345.415846
-46.8,500,1345.498467
-47.1,500,1345.580509
-46.7,500,1345.663333
-46.6,500,1345.74822
-46.8,500,1345.830842
-46.8,500,1345.9132
-46.6,500,1345.996035
-46.9,500,1346.081069
-46.9,500,1346.163906
-47.1,500,1346.246049
-46.8,500,1346.329186
-52.1,500,1346.446847
-47.0,500,1346.529978
-50.4,500,1346.613152
-50.8,500,1346.694332
-47.0,500,1346.778346
-46.7,500,1346.861463
-52.1,500,1346.944006
-46.9,500,1347.026091
-46.9,500,1347.111593
-47.1,500,1347.194378
-46.7,500,1347.277481
-47.3,500,1347.359643
-48.4,500,1347.442623
-47.0,500,1347.525182
-48.2,500,1347.608148
-47.1,500,1347.691061
-63.5,500,1347.7762
-58.7,500,1347.857895
-59.5,500,1347.940648
-54.7,500,1348.023435
-47.0,500,1348.107541
-47.0,500,1348.189596
-46.9,500,1348.272272
-47.1,500,1348.354724
-53.2,500,1348.439778
-50.2,500,1348.522431
-47.3,500,1348.603658
-46.6,500,1348.685854
-47.0,500,1348.770446
-46.7,500,1348.853148
-54.4,500,1348.934923
-46.8,500,1349.017458
-46.8,500,1349.101839
-46.8,500,1349.18473
-46.8,500,1349.26635
-46.7,500,1349.348772
-46.8,500,1349.434614
-46.8,500,1349.517813
-47.0,500,1349.600277
-47.1,500,1349.682498
-47.0,500,1349.767649
-47.1,500,1349.850455
-47.4,500,1349.933493
-46.9,500,1350.014861
-47.3,500,1350.098776
-46.8,500,1350.181843
-47.3,500,1350.264154
-58.1,500,1350.346373
-47.0,500,1350.430471
-46.5,500,1350.513993
-46.8,500,1350.596871
-47.4,500,1350.679374
-46.9,500,1350.763871
-47.6,500,1350.846867
-47.2,500,1350.929562
-47.0,500,1351.012321
-51.9,500,1351.097355
-46.7,500,1351.18033
-46.7,500,1351.263306
-47.0,500,1351.345774
-47.1,500,1351.429667
-46.6,500,1351.512718
-46.7,500,1351.595052
-48.0,500,1351.677722
-47.0,500,1351.761812
-47.4,500,1351.844513
-46.9,500,1351.927046
-46.9,500,1352.009346
-46.9,500,1352.09539
-47.1,500,1352.178089
-46.7,500,1352.261052
-46.9,500,1352.343877
-46.9,500,1352.428738
-46.9,500,1352.511637
-46.7,500,1352.594004
-49.1,500,1352.677193
-47.1,500,1352.76317
-47.3,500,1352.846287
-55.1,500,1352.92859
-47.3,500,1353.010842
-46.9,500,1353.095514
-47.1,500,1353.178362
-65.1,500,1353.260511
-47.3,500,1353.343479
-49.8,500,1353.428101
-47.1,500,1353.510881
-47.0,500,1353.592368
-47.2,500,1353.674918
-46.8,500,1353.760268
-47.5,500,1353.843001
-48.7,500,1353.924965
-47.2,500,1354.010477
-47.1,500,1354.095226
-47.1,500,1354.178228
-47.5,500,1354.260498
-50.8,500,1354.342604
-47.2,500,1354.427892
-46.8,500,1354.510948
-46.8,500,1354.593093
-48.5,500,1354.675156
-46.8,500,1354.76004
-46.9,500,1354.84299
-46.9,500,1354.925639
-48.9,500,1355.007587
-46.7,500,1355.092779
-47.0,500,1355.175573
-47.0,500,1355.258244
-47.0,500,1355.33961
-46.8,500,1355.423591
-47.1,500,1355.505993
-46.6,500,1355.588822
-47.0,500,1355.671149
-47.1,500,1355.755087
-46.6,500,1355.838072
-46.9,500,1355.921127
-46.7,500,1356.003484
-46.9,500,1356.087833
-46.7,500,1356.171
-49.7,500,1356.253872
-54.5,500,1356.337063
-46.7,500,1356.420395
-46.7,500,1356.503884
-47.0,500,1356.586291
-46.9,500,1356.669082
-46.9,500,1356.752399
-47.0,500,1356.835407
-46.8,500,1356.918314
-46.7,500,1357.000849
-46.7,500,1357.085185
-46.7,500,1357.170151
-52.0,500,1357.252868
-47.3,500,1357.33576
-46.8,500,1357.421114
-47.2,500,1357.503221
-52.3,500,1357.586602
-58.2,500,1357.669247
-47.0,500,1357.754207
-46.9,500,1357.835752
-47.6,500,1357.918222
-63.0,500,1358.000585
-46.7,500,1358.085089
-47.0,500,1358.166383
-46.8,500,1358.249149
-47.5,500,1358.331932
-46.9,500,1358.416902
-46.9,500,1358.499316
-48.2,500,1358.581193
-47.2,500,1358.664117
-46.8,500,1358.749298
-46.9,500,1358.831996
-47.7,500,1358.914261
-47.5,500,1358.997552
-47.2,500,1359.082749
-46.9,500,1359.165725
-53.8,500,1359.247522
-47.8,500,1359.330131
-47.9,500,1359.415781
-52.8,500,1359.498155
-47.8,500,1359.579553
-47.5,500,1359.662313
-46.5,500,1359.747649
-47.3,500,1359.829621
-46.8,500,1359.91173
-47.2,500,1359.994742
-49.7,500,1360.079685
-46.8,500,1360.162661
-46.6,500,1360.245772
-46.7,500,1360.327807
-47.6,500,1360.412638
-58.3,500,1360.495891
-53.2,500,1360.578621
-63.1,500,1360.660169
-46.8,500,1360.74446
-47.3,500,1360.827786
-49.2,500,1360.910509
-48.2,500,1360.992638
-47.0,500,1361.077971
-47.5,500,1361.161494
-47.1,500,1361.244295
-47.3,500,1361.327145
-47.2,500,1361.411382
-46.9,500,1361.494028
-68.0,500,1361.577333
-48.4,500,1361.660191
-46.7,500,1361.745118
-47.4,500,1361.826865
-47.3,500,1361.909811
-47.6,500,1361.992202
-47.3,500,1362.076733
-47.8,500,1362.160113
-47.7,500,1362.243235
-49.4,500,1362.325944
-47.6,500,1362.411131
-47.4,500,1362.49284
-47.1,500,1362.576094
-48.3,500,1362.658795
-47.3,500,1362.743869
-49.8,500,1362.826439
-47.5,500,1362.908662
-55.7,500,1362.991689
-50.5,500,1363.076364
-54.5,500,1363.15938
-46.9,500,1363.24105
-47.8,500,1363.323984
-51.5,500,1363.408982
-52.7,500,1363.49107
-50.2,500,1363.572761
-51.9,500,1363.655368
-49.6,500,1363.740473
-49.9,500,1363.82354
-48.1,500,1363.905561
-49.7,500,1363.987957
-47.2,500,1364.072832
-47.5,500,1364.154944
-46.6,500,1364.237424
-47.6,500,1364.31925
-51.4,500,1364.405084
-47.2,500,1364.48799
-47.2,500,1364.570847
-47.0,500,1364.651851
-59.2,500,1364.736322
-48.5,500,1364.819805
-47.3,500,1364.902582
-48.4,500,1364.983847
-46.9,500,1365.068602
-47.1,500,1365.151385
-48.6,500,1365.233816
-53.3,500,1365.348633
-61.9,500,1365.434163
-46.6,500,1365.51571
-47.3,500,1365.598001
-64.6,500,1365.680574
-47.8,500,1365.764822
-47.3,500,1365.847424
-46.5,500,1365.929606
-47.2,500,1366.012066
-61.3,500,1366.101048
-54.8,500,1366.18336
-54.1,500,1366.265344
-47.3,500,1366.347764
-47.1,500,1366.432753
-46.8,500,1366.515373
-47.7,500,1366.596541
-46.7,500,1366.679374
-46.6,500,1366.767333
-48.2,500,1366.850056
-47.7,500,1366.932174
-50.2,500,1367.013719
-47.3,500,1367.098573
-47.0,500,1367.183463
-55.7,500,1367.266124
-65.7,500,1367.348027
-47.7,500,1367.432021
-47.5,500,1367.515145
-47.6,500,1367.597625
-47.3,500,1367.680059
-47.3,500,1367.763524
-46.9,500,1367.846788
-47.4,500,1367.929376
-47.1,500,1368.011906
-49.6,500,1368.096224
-48.1,500,1368.179274
-47.5,500,1368.261275
-47.3,500,1368.343267
-47.0,500,1368.426539
-47.7,500,1368.509175
-47.3,500,1368.591549
-46.7,500,1368.673738
-48.8,500,1368.757531
-47.4,500,1368.84012
-46.6,500,1368.922764
-47.6,500,1369.005455
-47.2,500,1369.088873
-47.3,500,1369.171737
-47.7,500,1369.254152
-48.4,500,1369.336895
-48.4,500,1369.422098
-47.6,500,1369.504264
-47.5,500,1369.587123
-46.5,500,1369.670226
-46.9,500,1369.755434
-46.7,500,1369.837567
-54.2,500,1369.919243
-46.7,500,1370.00197
-54.0,500,1370.086507
-57.2,500,1370.167781
-46.7,500,1370.250331
-46.8,500,1370.333022
-48.6,500,1370.418389
-46.9,500,1370.501077
-46.8,500,1370.58297
-47.0,500,1370.66552
-47.0,500,1370.750347
-47.0,500,1370.83271
-46.9,500,1370.914526
-47.1,500,1370.99752
-47.3,500,1371.082594
-47.1,500,1371.165606
-51.5,500,1371.248075
-53.5,500,1371.330028
-50.6,500,1371.41502
-47.1,500,1371.497512
-47.0,500,1371.580087
-70.1,500,1371.661734
-47.2,500,1371.746085
-53.7,500,1371.828798
-48.0,500,1371.911299
-46.8,500,1371.992747
-47.9,500,1372.078117
-46.8,500,1372.162454
-47.3,500,1372.245234
-46.7,500,1372.327328
-54.9,500,1372.412369
-47.8,500,1372.495196
-47.1,500,1372.577733
-46.6,500,1372.659507
-46.6,500,1372.744646
-47.4,500,1372.827128
-48.0,500,1372.910307
-47.2,500,1372.99247
-46.6,500,1373.075558
-47.1,500,1373.158459
-47.3,500,1373.240854
-47.3,500,1373.322516
-47.0,500,1373.406272
-46.9,500,1373.488788
-46.8,500,1373.571427
-46.9,500,1373.653742
-49.3,500,1373.737356
-49.1,500,1373.81997
-48.4,500,1373.902388
-47.1,500,1373.984731
-48.3,500,1374.068506
-46.8,500,1374.151755
-47.2,500,1374.234278
-47.0,500,1374.316408
-47.4,500,1374.40046
-47.4,500,1374.483309
-47.0,500,1374.565995
-46.8,500,1374.648755
-46.9,500,1374.732675
-46.6,500,1374.81631
-47.1,500,1374.89943
-49.1,500,1374.982174
-46.9,500,1375.066447
-46.8,500,1375.148815
-46.8,500,1375.232042
-54.7,500,1375.314986
-46.9,500,1375.399923
-46.9,500,1375.482249
-47.0,500,1375.565056
-50.4,500,1375.64778
-55.0,500,1375.732744
-46.8,500,1375.815178
-54.3,500,1375.898394
-49.5,500,1375.98106
-47.1,500,1376.067343
-51.8,500,1376.149504
-46.8,500,1376.232468
-47.6,500,1376.314926
-47.6,500,1376.39896
-46.7,500,1376.48178
-46.9,500,1376.563776
-46.8,500,1376.646486
-46.6,500,1376.731234
-55.9,500,1376.813792
-46.7,500,1376.895959
-47.6,500,1376.978185
-50.5,500,1377.063306
-46.9,500,1377.147887
-46.8,500,1377.229364
-46.8,500,1377.312107
-46.6,500,1377.397292
-47.1,500,1377.479575
-46.8,500,1377.561204
-47.3,500,1377.643961
-46.9,500,1377.729463
-47.1,500,1377.812154
-54.3,500,1377.894646
-47.0,500,1377.976961
-47.0,500,1378.061714
-47.2,500,1378.144524
-53.3,500,1378.226921
-47.3,500,1378.308479
-46.7,500,1378.392533
-47.0,500,1378.475508
-46.9,500,1378.558218
-47.1,500,1378.639261
-46.9,500,1378.723285
-47.9,500,1378.805812
-47.0,500,1378.887991
-47.2,500,1378.969917
-46.9,500,1379.053536
-47.3,500,1379.136214
-47.0,500,1379.218894
-46.6,500,1379.301529
-46.8,500,1379.386306
-46.9,500,1379.469253
-46.6,500,1379.551614
-46.7,500,1379.634394
-46.9,500,1379.717853
-46.8,500,1379.80043
-49.9,500,1379.883319
-46.8,500,1379.965839
-47.1,500,1380.050157
-47.4,500,1380.132617
-46.9,500,1380.215874
-47.0,500,1380.29844
-47.2,500,1380.382934
-47.7,500,1380.464835
-47.2,500,1380.547781
-46.9,500,1380.630469
-47.1,500,1380.7152
-52.3,500,1380.797591
-62.5,500,1380.881124
-52.0,500,1380.964207
-47.1,500,1381.049631
-50.5,500,1381.132113
-47.4,500,1381.213765
-53.0,500,1381.29647
-47.3,500,1381.381328
-47.2,500,1381.463759
-50.7,500,1381.545255
-47.4,500,1381.628178
-47.1,500,1381.712777
-46.9,500,1381.795805
-54.2,500,1381.877759
-46.8,500,1381.961454
-49.2,500,1382.046294
-51.5,500,1382.130127
-54.6,500,1382.213018
-46.9,500,1382.295284
-46.7,500,1382.380232
-58.6,500,1382.463482
-47.0,500,1382.545815
-63.4,500,1382.628085
-52.7,500,1382.713767
-47.1,500,1382.79621
-46.7,500,1382.879367
-46.9,500,1382.960766
-47.1,500,1383.045348
-46.6,500,1383.127899
-46.8,500,1383.210379
-52.1,500,1383.292717
-46.6,500,1383.37762
-47.0,500,1383.460398
-46.7,500,1383.542948
-46.7,500,1383.624712
-46.6,500,1383.709207
-47.2,500,1383.792316
-51.6,500,1383.875114
-46.8,500,1383.956605
-54.3,500,1384.040695
-46.8,500,1384.123976
-47.7,500,1384.2067
-46.8,500,1384.289328
-60.0,500,1384.373759
-49.7,500,1384.456939
-46.8,500,1384.539883
-66.2,500,1384.622667
-46.9,500,1384.706744
-57.0,500,1384.790243
-46.8,500,1384.873286
-47.5,500,1384.956072
-46.9,500,1385.040734
-46.9,500,1385.122667
-46.7,500,1385.205737
-47.4,500,1385.288748
-46.7,500,1385.374034
-46.9,500,1385.455932
-47.0,500,1385.538556
-46.9,500,1385.62124
-47.5,500,1385.706091
-47.0,500,1385.813457
-52.1,500,1385.907763
-47.5,500,1385.989686
-47.1,500,1386.074245
-46.8,500,1386.157147
-46.7,500,1386.239496
-46.7,500,1386.322212
-46.9,500,1386.405498
-47.1,500,1386.488125
-47.5,500,1386.569775
-46.9,500,1386.652523
-47.6,500,1386.736667
-50.1,500,1386.818281
-52.9,500,1386.900996
-47.7,500,1386.983268
-46.9,500,1387.067894
-46.8,500,1387.150557
-49.6,500,1387.233321
-47.1,500,1387.315473
-46.7,500,1387.400104
-47.3,500,1387.481103
-47.0,500,1387.563495
-46.9,500,1387.645801
-47.0,500,1387.731063
-47.0,500,1387.812629
-47.5,500,1387.89499
-58.2,500,1387.977584
-47.0,500,1388.062677
-47.2,500,1388.144952
-47.4,500,1388.226918
-47.3,500,1388.310113
-46.7,500,1388.395389
-60.0,500,1388.477895
-56.2,500,1388.559509
-55.7,500,1388.642739
-47.1,500,1388.72776
-47.0,500,1388.810034
-46.5,500,1388.892268
-47.2,500,1388.974752
-47.0,500,1389.059633
-46.7,500,1389.142785
-48.6,500,1389.225129
-48.5,500,1389.308212
-47.0,500,1389.393447
-46.7,500,1389.475973
-46.9,500,1389.557461
-52.3,500,1389.640573
-51.6,500,1389.725392
-49.2,500,1389.808713
-47.2,500,1389.890123
-47.1,500,1389.973061
-59.0,500,1390.05795
-46.5,500,1390.140769
-48.4,500,1390.223073
-46.7,500,1390.304454
-51.4,500,1390.389924
-50.0,500,1390.472677
-47.6,500,1390.55464
-50.0,500,1390.636467
-50.6,500,1390.721412
-48.0,500,1390.804342
-47.1,500,1390.886767
-51.1,500,1390.969037
-46.6,500,1391.054006
-47.3,500,1391.137155
-47.7,500,1391.220026
-46.7,500,1391.302054
-47.1,500,1391.386104
-56.0,500,1391.469401
-46.7,500,1391.552675
-46.8,500,1391.635218
-46.9,500,1391.718864
-46.7,500,1391.801589
-47.5,500,1391.884477
-47.9,500,1391.966807
-46.8,500,1392.050788
-46.6,500,1392.134287
-47.8,500,1392.218881
-47.4,500,1392.301932
-56.4,500,1392.386316
-47.0,500,1392.469104
-57.9,500,1392.552305
-47.9,500,1392.63532
-46.5,500,1392.720279
-47.7,500,1392.80151
-54.4,500,1392.884198
-46.9,500,1392.967115
-53.2,500,1393.052284
-46.7,500,1393.134547
-46.7,500,1393.217371
-47.1,500,1393.29987
-46.6,500,1393.38427
-46.7,500,1393.466813
-47.3,500,1393.5483
-46.8,500,1393.630977
-47.1,500,1393.715994
-46.5,500,1393.798741
-46.9,500,1393.880484
-46.8,500,1393.963207
-47.2,500,1394.047789
-47.3,500,1394.130139
-48.2,500,1394.211509
-46.9,500,1394.294342
-47.2,500,1394.379593
-46.7,500,1394.462654
-46.6,500,1394.545164
-46.9,500,1394.626972
-47.2,500,1394.711408
-46.9,500,1394.794143
-46.8,500,1394.876482
-47.1,500,1394.958381
-47.3,500,1395.042889
-47.1,500,1395.126037
-47.5,500,1395.20842
-47.1,500,1395.289875
-46.7,500,1395.374646
-46.8,500,1395.45779
-47.0,500,1395.540503
-47.3,500,1395.623224
-47.4,500,1395.706748
-47.3,500,1395.789503
-47.7,500,1395.871991
-46.6,500,1395.954131
-47.0,500,1396.038644
-46.7,500,1396.121706
-46.8,500,1396.204648
-47.2,500,1396.286728
-47.0,500,1396.370093
-47.1,500,1396.452747
-47.0,500,1396.535213
-47.1,500,1396.617479
-54.5,500,1396.701298
-46.6,500,1396.784127
-46.5,500,1396.866884
-49.5,500,1396.949281
-47.5,500,1397.033932
-47.2,500,1397.115214
-46.8,500,1397.198929
-46.9,500,1397.281735
-55.8,500,1397.367011
-47.6,500,1397.449709
-46.7,500,1397.53168
-47.3,500,1397.614996
-48.0,500,1397.700388
-47.0,500,1397.782624
-47.4,500,1397.864251
-46.9,500,1397.94724
-47.1,500,1398.032116
-47.5,500,1398.114884
-48.0,500,1398.196242
-46.5,500,1398.279085
-46.7,500,1398.364114
-46.9,500,1398.446927
-47.0,500,1398.528034
-46.7,500,1398.611018
-47.0,500,1398.695874
-47.5,500,1398.778547
-46.5,500,1398.860604
-48.7,500,1398.94304
-47.8,500,1399.02778
-47.3,500,1399.110434
-47.3,500,1399.191683
-46.5,500,1399.274196
-47.3,500,1399.359352
-49.8,500,1399.442395
-46.6,500,1399.525018
-60.0,500,1399.607042
-46.8,500,1399.691388
-46.7,500,1399.774341
-46.6,500,1399.857348
-47.4,500,1399.939365
-47.4,500,1400.023688
-46.6,500,1400.106528
-46.7,500,1400.189258
-47.2,500,1400.270695
-52.4,500,1400.354995
-47.0,500,1400.437771
-47.5,500,1400.520113
-46.8,500,1400.601388
-46.7,500,1400.685675
-46.6,500,1400.768706
-46.7,500,1400.851472
-46.7,500,1400.933586
-46.6,500,1401.017929
-46.8,500,1401.101128
-53.7,500,1401.184123
-65.2,500,1401.265948
-67.2,500,1401.349948
-46.6,500,1401.432739
-46.6,500,1401.515522
-47.8,500,1401.597582
-52.3,500,1401.681595
-47.9,500,1401.765024
-46.9,500,1401.847623
-48.4,500,1401.930562
-46.9,500,1402.014428
-47.1,500,1402.09699
-49.5,500,1402.181535
-47.7,500,1402.264566
-52.6,500,1402.349486
-46.8,500,1402.43195
-47.3,500,1402.514756
-47.3,500,1402.597943
-48.1,500,1402.682997
-61.4,500,1402.764899
-47.5,500,1402.847638
-59.9,500,1402.930815
-46.6,500,1403.01573
-47.0,500,1403.097615
-47.2,500,1403.180724
-46.6,500,1403.263088
-47.2,500,1403.348055
-47.1,500,1403.42969
-48.5,500,1403.511674
-50.4,500,1403.594327
-47.3,500,1403.679148
-47.5,500,1403.760903
-46.8,500,1403.842743
-47.8,500,1403.925112
-47.4,500,1404.010257
-46.5,500,1404.092366
-47.5,500,1404.173448
-46.7,500,1404.256214
-47.5,500,1404.341314
-47.0,500,1404.424099
-46.8,500,1404.505974
-47.0,500,1404.58812
-50.8,500,1404.672719
-47.1,500,1404.755596
-46.7,500,1404.837857
-47.2,500,1404.919866
-52.6,500,1405.004669
-47.2,500,1405.087585
-47.1,500,1405.170301
-46.8,500,1405.252053
-53.3,500,1405.336874
-46.9,500,1405.419394
-47.7,500,1405.50207
-46.8,500,1405.583458
-49.0,500,1405.668295
-47.8,500,1405.750993
-47.2,500,1405.859307
-47.1,500,1405.957353
-49.8,500,1406.042973
-52.0,500,1406.124644
-47.4,500,1406.208403
-47.2,500,1406.291476
-46.7,500,1406.376801
-46.7,500,1406.458785
-47.6,500,1406.541546
-65.9,500,1406.624114
-47.5,500,1406.708344
-47.1,500,1406.78983
-47.3,500,1406.871843
-46.9,500,1406.954339
-47.3,500,1407.038838
-53.5,500,1407.120765
-53.8,500,1407.204124
-49.3,500,1407.286817
-46.8,500,1407.372051
-48.2,500,1407.453971
-47.3,500,1407.534998
-46.9,500,1407.617627
-47.3,500,1407.702658
-55.1,500,1407.78549
-47.2,500,1407.86801
-47.1,500,1407.950237
-49.9,500,1408.034894
-48.5,500,1408.118326
-47.6,500,1408.200298
-48.2,500,1408.282143
-46.9,500,1408.366311
-47.4,500,1408.448755
-49.3,500,1408.531485
-46.8,500,1408.613764
-46.7,500,1408.698017
-57.1,500,1408.780999
-47.0,500,1408.86378
-47.0,500,1408.946098
-47.3,500,1409.030288
-46.8,500,1409.113811
-47.0,500,1409.196564
-49.7,500,1409.278659
-52.6,500,1409.36304
-49.0,500,1409.445789
-46.8,500,1409.52877
-46.7,500,1409.611163
-47.0,500,1409.695156
-46.7,500,1409.777939
-47.2,500,1409.860878
-47.1,500,1409.94357
-47.4,500,1410.028567
-47.0,500,1410.110307
-49.2,500,1410.192814
-47.1,500,1410.275799
-47.2,500,1410.36056
-46.6,500,1410.442597
-47.2,500,1410.525478
-47.0,500,1410.607609
-49.0,500,1410.692401
-46.9,500,1410.775136
-47.6,500,1410.857143
-46.9,500,1410.939557
-47.5,500,1411.025038
-47.9,500,1411.107621
-47.1,500,1411.189419
-53.6,500,1411.272082
-47.1,500,1411.356543
-47.0,500,1411.439102
-48.3,500,1411.520843
-49.5,500,1411.603649
-56.6,500,1411.688766
-47.5,500,1411.771594
-47.1,500,1411.85395
-47.0,500,1411.935443
-46.9,500,1412.020395
-47.3,500,1412.102821
-47.4,500,1412.186587
-47.0,500,1412.268235
-47.0,500,1412.352559
-47.1,500,1412.434888
-47.8,500,1412.517197
-46.9,500,1412.599424
-47.3,500,1412.683396
-57.6,500,1412.766328
-47.0,500,1412.849087
-50.2,500,1412.931377
-46.9,500,1413.014785
-46.6,500,1413.098188
-53.1,500,1413.181017
-46.8,500,1413.263558
-64.4,500,1413.347633
-50.8,500,1413.430615
-50.3,500,1413.512881
-48.8,500,1413.595841
-47.4,500,1413.679687
-51.3,500,1413.76289
-47.4,500,1413.8458
-47.6,500,1413.928465
-49.6,500,1414.012647
-47.4,500,1414.095233
-57.6,500,1414.178079
-46.8,500,1414.260631
-47.6,500,1414.34518
-48.1,500,1414.428007
-47.2,500,1414.511075
-56.8,500,1414.593866
-48.1,500,1414.67881
-46.8,500,1414.761028
-48.3,500,1414.843788
-50.2,500,1414.926133
-47.8,500,1415.010457
-46.9,500,1415.091957
-47.4,500,1415.174745
-47.3,500,1415.257156
-47.1,500,1415.342366
-46.9,500,1415.424379
-46.8,500,1415.507138
-47.0,500,1415.589784
-46.8,500,1415.674589
-47.0,500,1415.756621
-57.8,500,1415.838891
-46.9,500,1415.921686
-46.9,500,1416.006926
-46.5,500,1416.089814
-47.2,500,1416.171258
-46.9,500,1416.254874
-47.1,500,1416.340662
-46.8,500,1416.423589
-46.5,500,1416.506045
-46.8,500,1416.587717
-46.6,500,1416.672426
-46.8,500,1416.755094
-46.9,500,1416.837667
-46.8,500,1416.91934
-46.7,500,1417.003568
-47.4,500,1417.086431
-47.8,500,1417.17018
-50.1,500,1417.253349
-50.8,500,1417.337294
-46.9,500,1417.420516
-52.9,500,1417.503785
-47.1,500,1417.586438
-51.6,500,1417.670657
-47.3,500,1417.753569
-47.2,500,1417.836411
-47.0,500,1417.919597
-48.5,500,1418.003686
-48.3,500,1418.086601
-48.6,500,1418.169653
-46.9,500,1418.252218
-50.3,500,1418.336529
-58.0,500,1418.418982
-47.2,500,1418.501591
-47.5,500,1418.584386
-47.0,500,1418.669353
-47.1,500,1418.751254
-47.4,500,1418.833799
-55.1,500,1418.916472
-47.2,500,1419.000906
-47.2,500,1419.082469
-47.6,500,1419.165443
-46.9,500,1419.248509
-48.7,500,1419.334434
-46.9,500,1419.416079
-47.2,500,1419.499008
-48.0,500,1419.581956
-52.8,500,1419.667425
-47.1,500,1419.749073
-47.1,500,1419.831645
-46.9,500,1419.914577
-46.9,500,1419.999789
-47.4,500,1420.082237
-46.9,500,1420.164021
-46.9,500,1420.247351
-46.7,500,1420.332924
-47.2,500,1420.41534
-47.1,500,1420.496831
-47.6,500,1420.579992
-47.8,500,1420.664947
-47.5,500,1420.747995
-47.8,500,1420.830023
-46.8,500,1420.912894
-47.1,500,1420.998657
-47.0,500,1421.081775
-47.0,500,1421.164533
-46.6,500,1421.246049
-53.0,500,1421.331229
-47.2,500,1421.414228
-46.6,500,1421.496767
-46.7,500,1421.578367
-46.5,500,1421.663215
-47.6,500,1421.746193
-47.3,500,1421.828696
-51.1,500,1421.910648
-56.8,500,1421.995249
-47.3,500,1422.078158
-47.1,500,1422.160708
-46.6,500,1422.244638
-47.0,500,1422.328334
-47.1,500,1422.410832
-47.4,500,1422.493476
-46.8,500,1422.575913
-47.0,500,1422.660471
-46.8,500,1422.743088
-46.7,500,1422.825596
-46.9,500,1422.908051
-46.9,500,1422.991565
-46.8,500,1423.073852
-46.8,500,1423.156198
-46.8,500,1423.238841
-51.1,500,1423.322305
-47.3,500,1423.405146
-46.9,500,1423.48772
-46.7,500,1423.570684
-46.6,500,1423.655734
-47.5,500,1423.738097
-46.9,500,1423.820764
-46.9,500,1423.903203
-46.9,500,1423.987408
-47.0,500,1424.069516
-54.7,500,1424.152748
-52.7,500,1424.235537
-47.2,500,1424.320594
-71.3,500,1424.403084
-52.3,500,1424.486216
-46.6,500,1424.603549
-60.0,500,1424.689372
-47.6,500,1424.77217
-48.4,500,1424.853784
-47.4,500,1424.93666
-47.4,500,1425.021358
-47.7,500,1425.103988
-47.0,500,1425.185584
-47.3,500,1425.267643
-47.2,500,1425.352284
-46.9,500,1425.434767
-48.9,500,1425.516527
-47.2,500,1425.597709
-46.7,500,1425.682142
-47.4,500,1425.764933
-46.9,500,1425.847862
-46.6,500,1425.930867
-48.2,500,1426.015037
-49.0,500,1426.097884
-47.9,500,1426.180314
-46.7,500,1426.262705
-52.5,500,1426.346866
-50.1,500,1426.429499
-46.7,500,1426.511586
-46.6,500,1426.594018
-47.5,500,1426.677167
-46.9,500,1426.759929
-47.2,500,1426.843056
-47.2,500,1426.925669
-47.9,500,1427.009115
-46.5,500,1427.092451
-46.8,500,1427.176004
-46.8,500,1427.259624
-47.4,500,1427.344489
-46.7,500,1427.426035
-46.8,500,1427.508729
-46.9,500,1427.591518
-47.9,500,1427.676696
-56.3,500,1427.757887
-47.6,500,1427.840425
-53.9,500,1427.923396
-47.0,500,1428.008385
-47.1,500,1428.089976
-51.7,500,1428.172522
-54.5,500,1428.255028
-54.1,500,1428.33915
-47.4,500,1428.420528
-50.5,500,1428.503292
-47.3,500,1428.585503
-54.3,500,1428.669734
-47.0,500,1428.752373
-46.7,500,1428.834282
-47.0,500,1428.917128
-46.8,500,1429.001805
-46.7,500,1429.084247
-46.6,500,1429.166097
-46.9,500,1429.248631
-46.9,500,1429.33386
-46.9,500,1429.416063
-47.6,500,1429.497598
-46.7,500,1429.580782
-53.7,500,1429.666017
-51.0,500,1429.749013
-46.8,500,1429.831175
-47.5,500,1429.913766
-48.1,500,1429.998384
-47.1,500,1430.080943
-46.7,500,1430.163226
-47.7,500,1430.244766
-48.4,500,1430.330634
-48.2,500,1430.413551
-47.1,500,1430.495969
-46.9,500,1430.577754
-46.8,500,1430.662431
-53.3,500,1430.745451
-47.3,500,1430.827992
-49.8,500,1430.909775
-47.1,500,1430.99527
-49.0,500,1431.078051
-47.2,500,1431.16058
-46.7,500,1431.242814
-46.7,500,1431.32714
-46.8,500,1431.410167
-46.5,500,1431.492543
-47.0,500,1431.573697
-46.8,500,1431.657979
-46.5,500,1431.741333
-52.0,500,1431.82386
-49.9,500,1431.90594
-49.7,500,1431.990612
-59.9,500,1432.073614
-47.9,500,1432.156586
-46.8,500,1432.240341
-46.6,500,1432.324496
-54.1,500,1432.407715
-47.0,500,1432.490413
-47.2,500,1432.572779
-47.0,500,1432.657589
-47.0,500,1432.74062
-47.1,500,1432.823017
-47.4,500,1432.905305
-47.4,500,1432.989283
-47.2,500,1433.072539
-47.2,500,1433.154821
-46.8,500,1433.237348
-47.1,500,1433.321914
-67.3,500,1433.404508
-46.8,500,1433.487292
-47.1,500,1433.569702
-46.7,500,1433.654272
-47.7,500,1433.736125
-47.3,500,1433.818835
-54.6,500,1433.901595
-46.7,500,1433.986394
-48.2,500,1434.068444
-47.9,500,1434.150837
-47.1,500,1434.233172
-47.6,500,1434.318833
-46.8,500,1434.401287
-47.3,500,1434.483024
-47.0,500,1434.5654
-46.8,500,1434.649974
-47.1,500,1434.7321
-47.2,500,1434.81401
-47.1,500,1434.89699
-51.3,500,1434.982315
-46.9,500,1435.065657
-46.9,500,1435.147114
-50.0,500,1435.229922
-46.7,500,1435.315459
-47.6,500,1435.397483
-46.8,500,1435.479764
-48.2,500,1435.562506
-46.5,500,1435.647062
-50.3,500,1435.729709
-46.8,500,1435.811162
-46.7,500,1435.893977
-47.8,500,1435.978974
-47.1,500,1436.061263
-46.9,500,1436.143971
-46.7,500,1436.22552
-47.6,500,1436.310195
-46.9,500,1436.393362
-46.8,500,1436.475627
-46.9,500,1436.557142
-46.8,500,1436.641335
-55.8,500,1436.723963
-50.6,500,1436.806948
-48.9,500,1436.888741
-46.9,500,1436.97306
-47.0,500,1437.05579
-46.9,500,1437.138959
-49.8,500,1437.224111
-46.9,500,1437.308511
-47.5,500,1437.391525
-46.5,500,1437.474293
-46.8,500,1437.557049
-55.6,500,1437.64171
-47.1,500,1437.724859
-47.1,500,1437.807751
-47.0,500,1437.890784
-46.7,500,1437.975578
-46.7,500,1438.057874
-46.6,500,1438.140789
-47.2,500,1438.223624
-52.2,500,1438.308854
-54.1,500,1438.390898
-47.1,500,1438.474293
-47.4,500,1438.556757
-46.9,500,1438.642465
-46.8,500,1438.725413
-47.3,500,1438.807587
-47.3,500,1438.890361
-47.5,500,1438.974852
-46.8,500,1439.057855
-47.1,500,1439.139011
-46.9,500,1439.221866
-63.9,500,1439.307265
-51.3,500,1439.390378
-49.9,500,1439.473058
-47.4,500,1439.555666
-48.6,500,1439.640472
-48.5,500,1439.723846
-51.3,500,1439.806123
-52.0,500,1439.887847
-47.3,500,1439.972373
-47.7,500,1440.05534
-47.6,500,1440.13793
-52.6,500,1440.219479
-47.1,500,1440.303813
-59.7,500,1440.386441
-47.1,500,1440.468838
-47.6,500,1440.551506
-50.0,500,1440.634934
-47.4,500,1440.717338
-52.8,500,1440.800141
-47.1,500,1440.882747
-50.3,500,1440.967634
-48.8,500,1441.05071
-47.2,500,1441.133825
-52.1,500,1441.217076
-48.8,500,1441.301209
-46.9,500,1441.384317
-52.0,500,1441.467005
-47.1,500,1441.549596
-62.8,500,1441.634281
-47.9,500,1441.716604
-46.8,500,1441.799678
-47.0,500,1441.882157
-52.0,500,1441.967635
-46.9,500,1442.049902
-47.4,500,1442.132861
-48.8,500,1442.217689
-47.1,500,1442.302473
-47.3,500,1442.384026
-46.9,500,1442.466499
-46.8,500,1442.549158
-57.1,500,1442.63506
-47.3,500,1442.716746
-47.5,500,1442.79894
-46.8,500,1442.881821
-46.8,500,1442.966713
-47.0,500,1443.049083
-50.3,500,1443.131143
-46.9,500,1443.213996
-49.6,500,1443.29861
-47.0,500,1443.380999
-47.2,500,1443.462963
-46.6,500,1443.546114
-47.8,500,1443.631115
-48.7,500,1443.713986
-50.6,500,1443.795423
-47.6,500,1443.878217
-49.5,500,1443.963163
-47.0,500,1444.045814
-48.2,500,1444.127855
-47.0,500,1444.210608
-47.3,500,1444.295976
-46.9,500,1444.378903
-46.8,500,1444.460334
-47.4,500,1444.54306
-47.4,500,1444.627628
-72.7,500,1444.710949
-46.5,500,1444.793507
-46.8,500,1444.876201
-47.1,500,1444.961077
-47.7,500,1445.074746
-50.3,500,1445.160465
-48.9,500,1445.242785
-47.0,500,1445.327207
-49.1,500,1445.409658
-46.8,500,1445.492419
-46.6,500,1445.574735
-48.0,500,1445.658404
-60.0,500,1445.741175
-47.8,500,1445.823854
-52.4,500,1445.906687
-46.8,500,1445.992082
-48.5,500,1446.074193
-47.1,500,1446.156914
-47.5,500,1446.23964
-46.7,500,1446.324726
-51.5,500,1446.405601
-47.4,500,1446.488187
-46.8,500,1446.571388
-47.5,500,1446.656373
-46.7,500,1446.738595
-49.0,500,1446.821614
-46.7,500,1446.904441
-48.4,500,1446.989828
-47.1,500,1447.072548
-57.1,500,1447.154682
-47.2,500,1447.239079
-49.2,500,1447.324488
-47.5,500,1447.407155
-47.6,500,1447.488544
-47.5,500,1447.570836
-48.4,500,1447.655837
-51.3,500,1447.739169
-48.7,500,1447.820247
-47.4,500,1447.905939
-48.3,500,1447.997717
-47.2,500,1448.081007
-48.1,500,1448.162938
-47.8,500,1448.244327
-48.1,500,1448.32854
-47.7,500,1448.411258
-47.2,500,1448.493723
-47.2,500,1448.574937
-46.9,500,1448.65924
-47.3,500,1448.741346
-46.9,500,1448.824311
-47.1,500,1448.906539
-47.6,500,1448.989975
-47.5,500,1449.0729
-47.5,500,1449.155107
-46.9,500,1449.237543
-48.8,500,1449.322283
-47.0,500,1449.404577
-48.2,500,1449.487342
-47.8,500,1449.569456
-47.0,500,1449.653379
-46.8,500,1449.736211
-47.1,500,1449.8187
-46.8,500,1449.901374
-47.4,500,1449.985013
-52.7,500,1450.067829
-46.9,500,1450.1501
-47.1,500,1450.232081
-48.8,500,1450.316119
-52.9,500,1450.398353
-54.2,500,1450.481111
-47.4,500,1450.563188
-47.2,500,1450.647549
-46.9,500,1450.72945
-46.9,500,1450.811455
-46.7,500,1450.894175
-47.3,500,1450.97907
-47.2,500,1451.061131
-47.0,500,1451.144111
-47.5,500,1451.226922
-63.6,500,1451.311836
-47.6,500,1451.393599
-49.3,500,1451.476169
-47.1,500,1451.558395
-47.6,500,1451.642817
-47.3,500,1451.724345
-47.2,500,1451.807189
-47.1,500,1451.889827
-47.2,500,1451.974901
-48.2,500,1452.056467
-47.8,500,1452.139429
-47.6,500,1452.223514
-46.9,500,1452.309054
-47.2,500,1452.391185
-47.4,500,1452.472862
-61.3,500,1452.555382
-47.1,500,1452.640283
-47.2,500,1452.722494
-46.9,500,1452.804144
-46.5,500,1452.887479
-46.7,500,1452.972278
-46.8,500,1453.054219
-46.8,500,1453.135976
-47.1,500,1453.218676
-47.1,500,1453.303073
-47.3,500,1453.385335
-52.5,500,1453.466656
-55.9,500,1453.549342
-46.9,500,1453.63404
-47.4,500,1453.716382
-47.1,500,1453.79764
-46.5,500,1453.880602
-47.0,500,1453.965722
-48.2,500,1454.048443
-46.8,500,1454.130781
-46.6,500,1454.212684
-46.8,500,1454.298424
-46.9,500,1454.381052
-47.1,500,1454.463587
-47.2,500,1454.544788
-46.7,500,1454.629745
-46.7,500,1454.712804
-54.2,500,1454.795616
-47.5,500,1454.877881
-47.5,500,1454.961131
-47.0,500,1455.043587
-47.4,500,1455.125701
-46.7,500,1455.206986
-46.7,500,1455.290963
-46.7,500,1455.374211
-46.8,500,1455.457098
-46.7,500,1455.539267
-47.0,500,1455.622896
-46.8,500,1455.706243
-46.6,500,1455.788819
-47.4,500,1455.871199
-46.9,500,1455.955504
-46.6,500,1456.03888
-46.6,500,1456.121134
-58.8,500,1456.203881
-46.6,500,1456.287843
-46.9,500,1456.371021
-46.9,500,1456.453627
-66.1,500,1456.536723
-46.8,500,1456.620524
-47.3,500,1456.70399
-47.0,500,1456.78688
-47.4,500,1456.870933
-46.9,500,1456.970879
-47.1,500,1457.060915
-46.6,500,1457.15073
-46.8,500,1457.242233
-46.6,500,1457.341432
-51.1,500,1457.433096
-49.2,500,1457.522475
-47.1,500,1457.611392
-47.5,500,1457.696382
-48.1,500,1457.779963
-46.5,500,1457.863412
-47.0,500,1457.945933
-47.3,500,1458.029779
-46.6,500,1458.112768
-46.6,500,1458.195474
-50.0,500,1458.278157
-53.7,500,1458.362004
-46.7,500,1458.444827
-46.8,500,1458.527651
-58.9,500,1458.609945
-47.2,500,1458.694438
-65.3,500,1458.787224
-46.7,500,1458.878345
-47.0,500,1458.961426
-47.5,500,1459.045716
-50.7,500,1459.127943
-47.2,500,1459.21085
-46.7,500,1459.29347
-47.2,500,1459.378518
-46.6,500,1459.460464
-49.6,500,1459.542783
-48.3,500,1459.624747
-47.8,500,1459.708941
-47.0,500,1459.790774
-55.1,500,1459.873159
-46.9,500,1459.9557
-47.4,500,1460.040483
-48.1,500,1460.121715
-56.0,500,1460.204326
-48.9,500,1460.287238
-52.0,500,1460.372958
-46.5,500,1460.456183
-47.5,500,1460.538657
-47.1,500,1460.621442
-47.6,500,1460.706533
-62.3,500,1460.789697
-47.3,500,1460.871371
-46.8,500,1460.954316
-47.4,500,1461.039549
-46.7,500,1461.122909
-47.1,500,1461.205172
-46.8,500,1461.287249
-47.1,500,1461.372156
-47.2,500,1461.455087
-47.2,500,1461.537192
-46.6,500,1461.618386
-46.7,500,1461.703268
-46.6,500,1461.785774
-46.6,500,1461.868097
-46.8,500,1461.949521
-46.9,500,1462.034825
-47.2,500,1462.117822
-46.9,500,1462.200586
-47.1,500,1462.284367
-47.4,500,1462.368665
-47.7,500,1462.451693
-46.9,500,1462.534723
-46.7,500,1462.616246
-46.8,500,1462.701184
-46.8,500,1462.784467
-54.3,500,1462.867511
-46.8,500,1462.950088
-47.4,500,1463.034203
-47.4,500,1463.116994
-47.2,500,1463.199735
-47.2,500,1463.282343
-46.5,500,1463.366441
-47.2,500,1463.449462
-48.8,500,1463.532308
-47.3,500,1463.615611
-47.0,500,1463.700025
-49.8,500,1463.782292
-47.1,500,1463.865123
-46.7,500,1463.947824
-46.9,500,1464.031946
-47.3,500,1464.11412
-49.3,500,1464.230036
-46.6,500,1464.312713
-46.6,500,1464.397711
-47.1,500,1464.480336
-55.7,500,1464.562016
-47.2,500,1464.643897
-47.9,500,1464.728329
-46.9,500,1464.81119
-48.3,500,1464.89344
-46.8,500,1464.974999
-47.1,500,1465.059276
-47.0,500,1465.141839
-46.8,500,1465.224395
-47.4,500,1465.305905
-46.7,500,1465.390678
-47.2,500,1465.473764
-46.9,500,1465.556866
-47.4,500,1465.63836
-47.0,500,1465.722705
-47.5,500,1465.805259
-47.2,500,1465.887542
-47.4,500,1465.969097
-49.2,500,1466.054278
-47.0,500,1466.137396
-46.8,500,1466.219791
-60.7,500,1466.302103
-52.4,500,1466.385859
-46.6,500,1466.468797
-46.8,500,1466.551599
-50.0,500,1466.634212
-46.7,500,1466.71747
-47.2,500,1466.800764
-46.9,500,1466.883352
-46.9,500,1466.965344
-46.9,500,1467.049765
-47.2,500,1467.131536
-46.7,500,1467.214378
-47.8,500,1467.298147
-47.4,500,1467.382324
-47.1,500,1467.464703
-47.2,500,1467.547079
-47.0,500,1467.629276
-47.2,500,1467.715212
-53.7,500,1467.796811
-47.8,500,1467.879606
-54.2,500,1467.961603
-46.9,500,1468.046535
-46.5,500,1468.128394
-48.0,500,1468.210481
-46.9,500,1468.293583
-46.8,500,1468.378104
-58.6,500,1468.460593
-47.2,500,1468.542714
-46.5,500,1468.625304
-47.2,500,1468.709948
-48.6,500,1468.793105
-47.5,500,1468.874735
-46.7,500,1468.9566
-51.0,500,1469.041701
-47.8,500,1469.124288
-48.3,500,1469.205831
-48.1,500,1469.288288
-46.8,500,1469.373347
-47.0,500,1469.455848
-59.0,500,1469.537564
-47.1,500,1469.620388
-53.6,500,1469.705362
-47.5,500,1469.787886
-47.5,500,1469.869834
-47.1,500,1469.95173
-47.4,500,1470.03631
-47.5,500,1470.118792
-47.3,500,1470.20132
-47.5,500,1470.28286
-47.2,500,1470.36685
-47.1,500,1470.449494
-47.6,500,1470.532339
-59.1,500,1470.614604
-46.9,500,1470.698003
-47.7,500,1470.781342
-47.7,500,1470.864453
-47.7,500,1470.947293
-47.4,500,1471.031369
-50.6,500,1471.114369
-53.2,500,1471.197521
-47.8,500,1471.280471
-47.7,500,1471.364372
-46.9,500,1471.447068
-47.9,500,1471.529469
-47.8,500,1471.612035
-47.0,500,1471.695798
-47.5,500,1471.778624
-46.9,500,1471.861278
-47.1,500,1471.943698
-47.3,500,1472.028119
-47.2,500,1472.110316
-47.3,500,1472.193138
-47.4,500,1472.278097
-46.8,500,1472.363791
-48.7,500,1472.445776
-47.7,500,1472.52833
-49.5,500,1472.610608
-47.4,500,1472.696006
-53.4,500,1472.777895
-47.6,500,1472.860179
-50.4,500,1472.942173
-46.5,500,1473.02657
-47.1,500,1473.107785
-55.7,500,1473.190368
-48.0,500,1473.27266
-47.6,500,1473.357428
-47.6,500,1473.439419
-49.3,500,1473.521315
-47.2,500,1473.603727
-46.5,500,1473.688471
-57.1,500,1473.770105
-51.2,500,1473.852079
-47.4,500,1473.93439
-47.6,500,1474.019379
-47.5,500,1474.101414
-47.3,500,1474.183371
-49.1,500,1474.266048
-49.5,500,1474.351655
-48.1,500,1474.434552
-47.2,500,1474.51607
-50.4,500,1474.59829
-46.7,500,1474.682918
-47.3,500,1474.765261
-47.1,500,1474.847955
-46.6,500,1474.929596
-47.4,500,1475.01835
-47.4,500,1475.101494
-52.6,500,1475.183755
-47.1,500,1475.265636
-46.5,500,1475.351017
-47.1,500,1475.433576
-46.8,500,1475.515993
-47.1,500,1475.597937
-47.6,500,1475.681363
-47.4,500,1475.76408
-47.4,500,1475.846703
-54.1,500,1475.928201
-46.9,500,1476.012917
-47.3,500,1476.095711
-47.6,500,1476.178051
-47.3,500,1476.260638
-47.9,500,1476.34397
-47.2,500,1476.427157
-46.8,500,1476.509365
-46.6,500,1476.591753
-47.0,500,1476.675331
-49.3,500,1476.758347
-51.2,500,1476.841246
-47.9,500,1476.92386
-51.0,500,1477.008884
-47.5,500,1477.090718
-47.3,500,1477.173285
-47.1,500,1477.257391
-64.6,500,1477.343035
-47.3,500,1477.424547
-48.2,500,1477.507133
-47.0,500,1477.589935
-69.3,500,1477.675412
-53.3,500,1477.757306
-46.6,500,1477.839864
-47.5,500,1477.922846
-52.8,500,1478.007912
-46.9,500,1478.089574
-47.2,500,1478.172416
-46.7,500,1478.255184
-55.1,500,1478.340352
-46.8,500,1478.423027
-47.1,500,1478.50465
-46.7,500,1478.58772
-53.3,500,1478.672806
-49.7,500,1478.755386
-47.2,500,1478.837019
-46.9,500,1478.919985
-46.8,500,1479.004653
-47.0,500,1479.086992
-47.8,500,1479.168367
-46.9,500,1479.251081
-47.0,500,1479.336575
-47.2,500,1479.419982
-47.2,500,1479.502252
-53.7,500,1479.583893
-47.3,500,1479.668561
-46.6,500,1479.752256
-46.8,500,1479.835364
-46.7,500,1479.917302
-46.7,500,1480.001635
-47.2,500,1480.084607
-47.2,500,1480.167675
-47.7,500,1480.249803
-46.8,500,1480.33453
-52.2,500,1480.417246
-68.6,500,1480.500112
-46.6,500,1480.582598
-48.1,500,1480.667144
-46.6,500,1480.750047
-46.9,500,1480.832997
-46.7,500,1480.915734
-46.5,500,1481.000536
-53.9,500,1481.083585
-47.4,500,1481.167483
-51.5,500,1481.250037
-46.6,500,1481.335041
-47.2,500,1481.416941
-46.9,500,1481.499775
-46.6,500,1481.582605
-46.8,500,1481.667235
-46.7,500,1481.749131
-46.7,500,1481.831971
-46.7,500,1481.914673
-47.2,500,1481.999686
-50.0,500,1482.081392
-47.7,500,1482.164175
-47.1,500,1482.248565
-46.8,500,1482.334461
-49.8,500,1482.417386
-46.5,500,1482.499274
-46.8,500,1482.58255
-69.7,500,1482.66805
-50.9,500,1482.751081
-46.9,500,1482.832967
-60.3,500,1482.916185
-51.9,500,1483.001485
-47.9,500,1483.084095
-46.7,500,1483.166616
-47.5,500,1483.249698
-70.4,500,1483.335524
-47.2,500,1483.419082
-51.1,500,1483.50146
-49.9,500,1483.583963
-50.3,500,1483.669242
-46.9,500,1483.752507
-47.4,500,1483.835334
-46.8,500,1483.917149
-46.7,500,1484.036533
-46.7,500,1484.120173
-47.7,500,1484.202775
-47.5,500,1484.285214
-53.7,500,1484.369454
-52.1,500,1484.452276
-47.4,500,1484.535058
-46.7,500,1484.617493
-47.6,500,1484.701792
-51.6,500,1484.784353
-57.6,500,1484.867379
-47.2,500,1484.949905
-47.8,500,1485.03426
-47.5,500,1485.115977
-47.5,500,1485.19815
-47.5,500,1485.280929
-48.5,500,1485.365734
-47.4,500,1485.447238
-46.8,500,1485.529881
-59.9,500,1485.612221
-47.1,500,1485.696636
-47.1,500,1485.778759
-47.3,500,1485.861663
-47.3,500,1485.944428
-47.5,500,1486.029602
-47.5,500,1486.11217
-47.0,500,1486.19389
-47.5,500,1486.276764
-47.6,500,1486.361095
-54.3,500,1486.444604
-47.2,500,1486.525917
-47.0,500,1486.60891
-47.4,500,1486.693865
-46.8,500,1486.776759
-46.9,500,1486.859578
-47.7,500,1486.9411
-47.4,500,1487.02575
-46.9,500,1487.11246
-47.4,500,1487.194682
-48.4,500,1487.277992
-48.2,500,1487.363124
-47.9,500,1487.445655
-47.3,500,1487.528171
-46.7,500,1487.609791
-48.2,500,1487.694333
-47.3,500,1487.777004
-46.9,500,1487.859998
-47.0,500,1487.942143
-47.3,500,1488.025899
-47.6,500,1488.108659
-47.1,500,1488.191488
-61.3,500,1488.274002
-46.6,500,1488.358085
-46.5,500,1488.440861
-46.8,500,1488.523926
-47.0,500,1488.606657
-46.9,500,1488.691341
-47.2,500,1488.773778
-47.0,500,1488.856598
-47.5,500,1488.938685
-47.4,500,1489.023454
-46.8,500,1489.105073
-47.1,500,1489.187368
-46.6,500,1489.269407
-46.9,500,1489.354647
-47.4,500,1489.436358
-47.6,500,1489.518786
-46.7,500,1489.601236
-46.7,500,1489.686083
-47.4,500,1489.768153
-47.0,500,1489.851043
-48.1,500,1489.933703
-46.8,500,1490.018224
-47.5,500,1490.099457
-47.0,500,1490.182218
-53.0,500,1490.265027
-47.6,500,1490.349854
-47.6,500,1490.432155
-49.3,500,1490.514019
-55.7,500,1490.596662
-47.2,500,1490.681489
-47.3,500,1490.76362
-50.4,500,1490.846041
-46.9,500,1490.929246
-47.0,500,1491.014423
-55.7,500,1491.097054
-47.1,500,1491.178853
-46.8,500,1491.261725
-46.9,500,1491.346736
-48.1,500,1491.428913
-47.5,500,1491.510427
-55.3,500,1491.593526
-47.1,500,1491.67874
-46.8,500,1491.76162
-46.7,500,1491.843063
-60.1,500,1491.92634
-47.2,500,1492.01134
-46.7,500,1492.094918
-47.7,500,1492.177278
-47.1,500,1492.260163
-46.6,500,1492.347189
-47.4,500,1492.430174
-47.1,500,1492.512725
-47.2,500,1492.594794
-47.1,500,1492.679994
-47.2,500,1492.762171
-47.0,500,1492.84369
-51.6,500,1492.926134
-46.8,500,1493.00978
-46.5,500,1493.092918
-47.5,500,1493.175121
-47.8,500,1493.257715
-47.1,500,1493.341292
-46.6,500,1493.424256
-47.3,500,1493.506848
-47.2,500,1493.589465
-47.2,500,1493.673567
-49.3,500,1493.756527
-47.1,500,1493.839077
-46.9,500,1493.92189
-47.5,500,1494.006327
-46.8,500,1494.088009
-46.8,500,1494.170841
-47.4,500,1494.253927
-46.9,500,1494.339262
-46.8,500,1494.420885
-47.0,500,1494.503299
-46.8,500,1494.585934
-47.6,500,1494.67139
-51.3,500,1494.753315
-46.7,500,1494.836332
-46.7,500,1494.919164
-46.5,500,1495.003936
-47.3,500,1495.086916
-46.8,500,1495.168858
-46.8,500,1495.251682
-53.4,500,1495.33694
-46.9,500,1495.419659
-46.8,500,1495.501335
-46.7,500,1495.583411
-46.5,500,1495.667964
-46.6,500,1495.750974
-46.7,500,1495.833495
-47.1,500,1495.915289
-46.9,500,1496.000718
-46.9,500,1496.083359
-47.1,500,1496.166243
-48.7,500,1496.247691
-53.7,500,1496.332446
-57.8,500,1496.415718
-47.4,500,1496.498039
-47.4,500,1496.579271
-46.9,500,1496.664568
-53.4,500,1496.747588
-46.8,500,1496.829974
-63.0,500,1496.911164
-58.8,500,1496.995441
-47.6,500,1497.078124
-47.0,500,1497.16103
-49.2,500,1497.243814
-47.7,500,1497.328672
-48.0,500,1497.411193
-47.3,500,1497.493781
-47.6,500,1497.5751
-47.2,500,1497.660003
-46.8,500,1497.74269
-53.3,500,1497.82548
-46.9,500,1497.90802
-47.7,500,1497.992461
-46.6,500,1498.075889
-46.5,500,1498.159024
-48.8,500,1498.24156
-46.5,500,1498.325611
-46.9,500,1498.409094
-46.8,500,1498.491884
-47.4,500,1498.574562
-46.8,500,1498.658126
-49.5,500,1498.741152
-52.9,500,1498.824289
-46.8,500,1498.906989
-47.4,500,1498.99118
-47.3,500,1499.072899
-46.8,500,1499.155279
-46.9,500,1499.238412
-47.5,500,1499.32295
-47.3,500,1499.405209
-46.7,500,1499.487862
-47.5,500,1499.570745
-47.1,500,1499.655489
-47.2,500,1499.737282
-47.4,500,1499.82135
-46.8,500,1499.905125
-54.7,500,1499.991143
-46.9,500,1500.074305
-46.9,500,1500.156281
-46.9,500,1500.238927
-55.0,500,1500.324137
-47.2,500,1500.406752
-51.4,500,1500.488365
-47.2,500,1500.571274
-47.3,500,1500.655938
-47.3,500,1500.73848
-58.1,500,1500.82067
-54.6,500,1500.902641
-47.4,500,1500.987763
-48.0,500,1501.070388
-52.5,500,1501.152732
-47.4,500,1501.234072
-59.8,500,1501.319128
-48.5,500,1501.401316
-51.0,500,1501.48387
-46.9,500,1501.565301
-46.8,500,1501.650103
-52.8,500,1501.732987
-70.4,500,1501.815817
-58.2,500,1501.897173
-48.3,500,1501.982482
-47.0,500,1502.065762
-46.6,500,1502.148499
-47.5,500,1502.229571
-47.4,500,1502.315264
-51.4,500,1502.398373
-47.7,500,1502.480847
-48.0,500,1502.562498
-46.8,500,1502.687125
-47.1,500,1502.768598
-46.8,500,1502.851117
-51.2,500,1502.933765
-47.5,500,1503.01808
-47.8,500,1503.100126
-50.4,500,1503.182471
-46.7,500,1503.265581
-47.9,500,1503.350496
-47.3,500,1503.432153
-46.6,500,1503.513176
-50.3,500,1503.595755
-46.8,500,1503.680776
-46.9,500,1503.76319
-47.4,500,1503.845054
-46.9,500,1503.927612
-48.1,500,1504.011694
-47.1,500,1504.094024
-47.2,500,1504.175104
-47.0,500,1504.257176
-47.6,500,1504.343011
-47.0,500,1504.425372
-47.1,500,1504.506495
-46.9,500,1504.589456
-47.1,500,1504.673717
-47.2,500,1504.75626
-46.5,500,1504.837972
-47.1,500,1504.919551
-46.9,500,1505.004257
-52.7,500,1505.087395
-47.3,500,1505.170094
-47.4,500,1505.251524
-46.6,500,1505.33602
-46.7,500,1505.419111
-46.9,500,1505.501863
-47.3,500,1505.584169
-47.6,500,1505.667893
-47.2,500,1505.750865
-46.9,500,1505.833604
-47.0,500,1505.916033
-55.1,500,1506.000297
-52.6,500,1506.083263
-47.0,500,1506.166405
-47.0,500,1506.248682
-47.4,500,1506.332471
-47.5,500,1506.415605
-47.0,500,1506.498229
-47.1,500,1506.580956
-48.9,500,1506.666064
-48.2,500,1506.747448
-47.3,500,1506.830682
-46.8,500,1506.922053
-46.9,500,1507.019383
-46.8,500,1507.111334
-47.2,500,1507.201118
-47.2,500,1507.294378
-66.4,500,1507.389138
-46.8,500,1507.481879
-46.9,500,1507.57485
-47.0,500,1507.656694
-50.0,500,1507.741935
-46.9,500,1507.825109
-46.8,500,1507.907699
-47.8,500,1507.990584
-46.8,500,1508.074002
-47.0,500,1508.157414
-48.3,500,1508.240682
-48.0,500,1508.323318
-47.2,500,1508.408073
-47.1,500,1508.49008
-46.6,500,1508.572544
-51.0,500,1508.655824
-50.6,500,1508.744241
-56.3,500,1508.840775
-46.8,500,1508.925551
-47.0,500,1509.008125
-48.3,500,1509.093099
-47.1,500,1509.17575
-47.2,500,1509.256765
-46.9,500,1509.339279
-47.2,500,1509.424892
-47.4,500,1509.507433
-47.3,500,1509.588234
-46.8,500,1509.670516
-52.4,500,1509.755136
-53.8,500,1509.838409
-46.7,500,1509.920422
-46.8,500,1510.002431
-47.8,500,1510.086692
-46.6,500,1510.169778
-46.8,500,1510.252531
-46.9,500,1510.333841
-47.4,500,1510.418916
-47.3,500,1510.501572
-47.0,500,1510.584416
-46.9,500,1510.666394
-48.0,500,1510.750364
-47.2,500,1510.833306
-46.7,500,1510.915893
-46.6,500,1510.998535
-46.6,500,1511.082966
-46.7,500,1511.16583
-46.9,500,1511.247964
-47.7,500,1511.330353
-47.1,500,1511.414022
-47.0,500,1511.496573
-47.1,500,1511.579278
-46.7,500,1511.6616
-46.7,500,1511.745322
-46.8,500,1511.827769
-46.8,500,1511.910464
-47.2,500,1511.992382
-47.0,500,1512.076199
-47.5,500,1512.158276
-48.2,500,1512.240598
-47.5,500,1512.324843
-48.8,500,1512.409797
-46.9,500,1512.491882
-47.4,500,1512.574665
-46.7,500,1512.657473
-46.7,500,1512.742203
-47.9,500,1512.823854
-46.8,500,1512.906213
-47.5,500,1512.988843
-47.4,500,1513.073056
-47.2,500,1513.155791
-49.8,500,1513.237668
-46.7,500,1513.320315
-47.1,500,1513.406249
-46.8,500,1513.488664
-46.8,500,1513.570298
-46.8,500,1513.653275
-46.8,500,1513.738142
-47.2,500,1513.820666
-46.6,500,1513.902255
-46.7,500,1513.984195
-46.6,500,1514.068839
-55.2,500,1514.151848
-55.8,500,1514.234187
-48.4,500,1514.316123
-47.2,500,1514.401133
-47.4,500,1514.483556
-47.6,500,1514.565875
-47.7,500,1514.647361
-49.2,500,1514.731598
-48.1,500,1514.814518
-73.8,500,1514.897081
-47.6,500,1514.979081
-47.1,500,1515.063734
-47.7,500,1515.146638
-47.0,500,1515.229208
-47.7,500,1515.310666
-48.0,500,1515.394722
-47.1,500,1515.477409
-46.8,500,1515.559723
-47.9,500,1515.64106
-47.9,500,1515.724974
-47.7,500,1515.807935
-47.9,500,1515.890312
-47.7,500,1515.971666
-46.9,500,1516.055932
-48.3,500,1516.138132
-47.3,500,1516.221008
-46.8,500,1516.303499
-46.5,500,1516.387545
-46.8,500,1516.470391
-49.8,500,1516.553307
-51.3,500,1516.635461
-46.9,500,1516.71875
-47.6,500,1516.801274
-47.9,500,1516.884186
-47.5,500,1516.966106
-46.5,500,1517.049485
-51.0,500,1517.131927
-49.7,500,1517.21467
-46.7,500,1517.299237
-48.2,500,1517.384089
-47.4,500,1517.466271
-47.7,500,1517.549221
-47.1,500,1517.632017
-51.2,500,1517.716894
-47.1,500,1517.799094
-47.5,500,1517.881933
-46.6,500,1517.964759
-46.8,500,1518.049496
-64.7,500,1518.131967
-48.3,500,1518.213769
-48.3,500,1518.296207
-46.6,500,1518.380954
-46.9,500,1518.463328
-47.1,500,1518.544554
-46.5,500,1518.626947
-49.3,500,1518.712053
-47.2,500,1518.794874
-47.8,500,1518.876609
-57.7,500,1518.959283
-50.2,500,1519.043506
-46.8,500,1519.126139
-49.5,500,1519.207227
-54.1,500,1519.290166
-46.8,500,1519.375933
-46.7,500,1519.459032
-46.7,500,1519.54148
-46.9,500,1519.623375
-46.5,500,1519.707806
-46.8,500,1519.790593
-46.8,500,1519.872788
-47.1,500,1519.955246
-49.0,500,1520.039835
-51.8,500,1520.122696
-47.0,500,1520.205262
-46.6,500,1520.287713
-46.9,500,1520.373406
-53.3,500,1520.456699
-46.8,500,1520.53922
-47.0,500,1520.620874
-47.0,500,1520.70546
-46.9,500,1520.788484
-46.8,500,1520.870761
-49.1,500,1520.952175
-55.8,500,1521.037071
-52.4,500,1521.119961
-47.1,500,1521.202897
-56.3,500,1521.28495
-46.6,500,1521.369026
-54.0,500,1521.452224
-49.7,500,1521.53528
-47.1,500,1521.617451
-46.8,500,1521.702015
-47.0,500,1521.785441
-46.7,500,1521.868326
-47.1,500,1521.950534
-56.0,500,1522.034915
-47.0,500,1522.117713
-46.6,500,1522.200588
-48.3,500,1522.283965
-46.7,500,1522.370142
-46.6,500,1522.452466
-47.3,500,1522.535209
-60.6,500,1522.618084
-46.8,500,1522.703404
-46.7,500,1522.785147
-46.7,500,1522.8677
-46.9,500,1522.950509
-47.3,500,1523.035992
-47.1,500,1523.118056
-46.6,500,1523.200885
-46.6,500,1523.318245
-58.3,500,1523.408855
-48.1,500,1523.492002
-47.4,500,1523.574537
-46.9,500,1523.65599
-46.7,500,1523.740299
-61.0,500,1523.822892
-46.6,500,1523.905203
-46.7,500,1523.987463
-46.7,500,1524.070898
-46.6,500,1524.153376
-54.5,500,1524.236279
-60.6,500,1524.319048
-47.9,500,1524.403306
-46.7,500,1524.486374
-46.5,500,1524.568846
-57.1,500,1524.651661
-47.8,500,1524.734866
-48.1,500,1524.817513
-47.6,500,1524.900029
-91.1,500,1524.982616
-46.9,500,1525.066242
-46.8,500,1525.14913
-47.0,500,1525.231786
-47.2,500,1525.314526
-46.6,500,1525.399517
-46.9,500,1525.482232
-47.8,500,1525.56525
-47.7,500,1525.64783
-46.7,500,1525.732617
-46.8,500,1525.814634
-47.6,500,1525.898234
-49.9,500,1525.981069
-47.1,500,1526.066432
-46.6,500,1526.14821
-51.1,500,1526.230858
-46.9,500,1526.313789
-47.9,500,1526.398875
-48.1,500,1526.481738
-55.2,500,1526.563741
-46.8,500,1526.645941
-46.7,500,1526.730576
-46.8,500,1526.812977
-46.6,500,1526.895044
-47.5,500,1526.977401
-50.1,500,1527.06248
-46.7,500,1527.144937
-46.8,500,1527.226118
-48.5,500,1527.31065
-46.6,500,1527.395544
-49.0,500,1527.478357
-46.9,500,1527.559851
-55.3,500,1527.642048
-46.9,500,1527.727345
-46.6,500,1527.81024
-46.7,500,1527.892503
-46.7,500,1527.973454
-51.7,500,1528.057942
-47.1,500,1528.140268
-46.8,500,1528.223026
-46.8,500,1528.305422
-56.6,500,1528.390163
-46.8,500,1528.472406
-56.4,500,1528.55488
-46.9,500,1528.63692
-48.0,500,1528.721154
-46.5,500,1528.804021
-52.7,500,1528.887284
-46.7,500,1528.969263
-46.8,500,1529.053048
-46.6,500,1529.135564
-46.5,500,1529.218405
-49.7,500,1529.300587
-50.9,500,1529.384955
-55.2,500,1529.467886
-46.7,500,1529.550019
-47.1,500,1529.632352
-47.9,500,1529.715501
-48.3,500,1529.797776
-47.8,500,1529.879676
-46.9,500,1529.962006
-46.9,500,1530.045276
-47.7,500,1530.128039
-46.5,500,1530.210823
-47.5,500,1530.292932
-47.1,500,1530.377211
-65.5,500,1530.459493
-48.2,500,1530.541623
-51.3,500,1530.624176
-55.9,500,1530.708251
-47.0,500,1530.790575
-47.1,500,1530.873415
-48.2,500,1530.956003
-47.3,500,1531.04131
-49.2,500,1531.123527
-49.2,500,1531.206358
-47.2,500,1531.28871
-47.0,500,1531.373052
-47.0,500,1531.454736
-46.6,500,1531.537193
-47.4,500,1531.619944
-53.4,500,1531.704598
-55.1,500,1531.786616
-61.6,500,1531.869153
-57.1,500,1531.952043
-59.2,500,1532.037251
-51.0,500,1532.119634
-50.4,500,1532.201514
-60.7,500,1532.284258
-46.6,500,1532.371205
-50.1,500,1532.453273
-50.0,500,1532.535306
-47.3,500,1532.617626
-51.2,500,1532.703736
-59.7,500,1532.78695
-46.6,500,1532.86862
-47.5,500,1532.951871
-46.8,500,1533.036501
-72.9,500,1533.119128
-46.6,500,1533.200466
-47.3,500,1533.283697
-46.7,500,1533.368634
-46.8,500,1533.451948
-46.5,500,1533.533822
-47.4,500,1533.61608
-46.6,500,1533.701263
-46.7,500,1533.784127
-47.0,500,1533.866258
-46.8,500,1533.948215
-47.2,500,1534.032738
-47.4,500,1534.115213
-46.9,500,1534.197274
-46.6,500,1534.278618
-46.9,500,1534.363414
-54.0,500,1534.446157
-46.5,500,1534.528669
-46.7,500,1534.610729
-46.7,500,1534.694923
-46.7,500,1534.777535
-46.6,500,1534.860094
-50.4,500,1534.941764
-46.6,500,1535.026821
-51.1,500,1535.109194
-47.4,500,1535.191681
-46.8,500,1535.273949
-46.7,500,1535.358487
-47.4,500,1535.440628
-46.7,500,1535.523232
-46.8,500,1535.604356
-47.1,500,1535.688983
-54.1,500,1535.77227
-46.8,500,1535.85504
-46.6,500,1535.937648
-53.5,500,1536.022384
-47.7,500,1536.104543
-46.6,500,1536.187303
-46.6,500,1536.269285
-46.7,500,1536.352705
-46.7,500,1536.435599
-46.9,500,1536.51822
-46.9,500,1536.599921
-46.7,500,1536.683544
-56.3,500,1536.767002
-46.6,500,1536.849999
-46.6,500,1536.932767
-47.4,500,1537.01708
-46.6,500,1537.103688
-46.6,500,1537.186882
-46.8,500,1537.270108
-46.8,500,1537.35628
-47.4,500,1537.437963
-46.8,500,1537.520388
-47.0,500,1537.602818
-46.7,500,1537.687973
-46.5,500,1537.772328
-47.4,500,1537.8548
-46.6,500,1537.937476
-46.9,500,1538.022193
-46.8,500,1538.103714
-46.9,500,1538.186491
-47.2,500,1538.268928
-46.8,500,1538.353698
-46.7,500,1538.435392
-47.1,500,1538.518126
-46.9,500,1538.601113
-47.5,500,1538.685986
-47.3,500,1538.767768
-48.8,500,1538.850027
-47.4,500,1538.933452
-46.6,500,1539.017447
-47.3,500,1539.100055
-46.8,500,1539.181728
-46.7,500,1539.264465
-46.7,500,1539.349812
-46.7,500,1539.432423
-47.2,500,1539.513781
-46.8,500,1539.596448
-46.8,500,1539.681386
-50.1,500,1539.763675
-46.5,500,1539.845689
-46.8,500,1539.927602
-46.7,500,1540.012382
-46.6,500,1540.095015
-46.9,500,1540.177158
-46.8,500,1540.258139
-46.9,500,1540.343212
-46.9,500,1540.42616
-46.8,500,1540.50858
-46.5,500,1540.590079
-46.6,500,1540.674396
-53.3,500,1540.75704
-47.0,500,1540.83952
-47.0,500,1540.921671
-47.6,500,1541.005945
-47.0,500,1541.088545
-54.4,500,1541.171703
-65.6,500,1541.254092
-46.8,500,1541.337953
-46.7,500,1541.420434
-47.0,500,1541.502439
-46.7,500,1541.584862
-46.9,500,1541.668375
-46.7,500,1541.751222
-51.2,500,1541.8338
-46.6,500,1541.916876
-46.6,500,1542.00176
-46.9,500,1542.08345
-46.6,500,1542.165782
-47.0,500,1542.248084
-46.6,500,1542.335197
-46.6,500,1542.417561
-46.7,500,1542.500378
-50.4,500,1542.583138
-49.6,500,1542.66876
-46.9,500,1542.750341
-46.6,500,1542.83321
-47.0,500,1542.916162
-47.7,500,1543.018043
-46.8,500,1543.117012
-46.9,500,1543.199105
-46.6,500,1543.281255
-47.0,500,1543.36572
-49.0,500,1543.448198
-55.4,500,1543.530159
-47.0,500,1543.61195
-46.7,500,1543.696692
-47.0,500,1543.779735
-46.9,500,1543.86237
-46.7,500,1543.944064
-46.5,500,1544.02866
-46.8,500,1544.112081
-46.8,500,1544.194471
-47.4,500,1544.276348
-46.6,500,1544.360891
-47.0,500,1544.443797
-61.0,500,1544.526155
-47.0,500,1544.606658
-46.8,500,1544.690604
-46.9,500,1544.772884
-46.7,500,1544.855408
-54.3,500,1544.937642
-59.0,500,1545.021207
-46.7,500,1545.1039
-46.9,500,1545.186336
-47.2,500,1545.268297
-46.9,500,1545.351801
-46.8,500,1545.434409
-47.8,500,1545.51711
-46.6,500,1545.599555
-46.6,500,1545.683771
-46.6,500,1545.766689
-47.2,500,1545.849158
-46.8,500,1545.931252
-46.9,500,1546.015867
-46.9,500,1546.097056
-47.4,500,1546.179639
-47.1,500,1546.262068
-47.2,500,1546.346612
-46.9,500,1546.427927
-49.0,500,1546.510323
-57.6,500,1546.592914
-48.4,500,1546.677361
-46.8,500,1546.758752
-47.5,500,1546.840587
-48.3,500,1546.922698
-48.3,500,1547.007587
-47.3,500,1547.088839
-47.0,500,1547.171051
-47.5,500,1547.253482
-46.7,500,1547.339767
-47.2,500,1547.421571
-47.2,500,1547.503838
-49.0,500,1547.58642
-46.7,500,1547.671742
-46.7,500,1547.753273
-49.7,500,1547.836013
-57.1,500,1547.918791
-46.7,500,1548.003985
-46.8,500,1548.086379
-46.7,500,1548.167933
-47.7,500,1548.250307
-66.9,500,1548.335497
-46.7,500,1548.417973
-59.3,500,1548.499934
-46.6,500,1548.582839
-47.2,500,1548.66786
-46.8,500,1548.750569
-58.6,500,1548.831922
-47.3,500,1548.914111
-46.8,500,1548.998447
-46.9,500,1549.080888
-46.6,500,1549.162445
-47.1,500,1549.245007
-46.9,500,1549.330112
-46.7,500,1549.412708
-46.8,500,1549.494008
-47.9,500,1549.576069
-46.9,500,1549.66072
-53.7,500,1549.743903
-47.5,500,1549.825775
-47.2,500,1549.907594
-47.1,500,1549.992346
-47.1,500,1550.075131
-47.7,500,1550.156937
-50.0,500,1550.237987
-46.8,500,1550.322665
-64.7,500,1550.405589
-47.4,500,1550.488137
-48.8,500,1550.569508
-47.2,500,1550.653641
-47.4,500,1550.736152
-46.8,500,1550.818876
-46.7,500,1550.901717
-48.2,500,1550.985741
-47.6,500,1551.068568
-46.8,500,1551.151753
-46.8,500,1551.234322
-47.0,500,1551.318302
-46.8,500,1551.401374
-47.5,500,1551.483797
-46.6,500,1551.566382
-70.3,500,1551.651651
-64.5,500,1551.734584
-46.9,500,1551.817247
-47.5,500,1551.899636
-47.0,500,1551.984806
-46.7,500,1552.066709
-46.6,500,1552.149499
-49.1,500,1552.231839
-48.0,500,1552.318403
-47.3,500,1552.400629
-46.7,500,1552.483853
-47.1,500,1552.566718
-46.9,500,1552.651958
-47.3,500,1552.732966
-48.8,500,1552.815753
-46.6,500,1552.897929
-46.7,500,1552.982603
-46.6,500,1553.064183
-47.2,500,1553.146057
-46.7,500,1553.227864
-46.7,500,1553.312229
-46.6,500,1553.394534
-46.7,500,1553.476114
-48.9,500,1553.558559
-58.4,500,1553.643363
-47.5,500,1553.725977
-46.8,500,1553.807038
-54.0,500,1553.88945
-46.9,500,1553.973946
-47.0,500,1554.05626
-47.0,500,1554.137656
-47.0,500,1554.220256
-47.8,500,1554.305561
-47.8,500,1554.38753
-54.5,500,1554.468639
-72.5,500,1554.551269
-50.0,500,1554.636377
-49.4,500,1554.71899
-46.6,500,1554.800884
-46.7,500,1554.882369
-47.4,500,1554.966975
-46.9,500,1555.049649
-46.9,500,1555.132264
-46.8,500,1555.214089
-53.0,500,1555.299172
-46.6,500,1555.381761
-46.6,500,1555.464516
-46.9,500,1555.54572
-46.7,500,1555.629125
-46.6,500,1555.711435
-47.9,500,1555.793857
-47.7,500,1555.875497
-47.4,500,1555.960379
-46.5,500,1556.043308
-46.5,500,1556.125918
-46.6,500,1556.20817
-46.8,500,1556.291985
-47.1,500,1556.374716
-46.7,500,1556.457074
-46.6,500,1556.539631
-47.2,500,1556.623149
-49.5,500,1556.705911
-46.8,500,1556.7883
-46.6,500,1556.870676
-46.6,500,1556.954546
-46.9,500,1557.037242
-46.5,500,1557.119713
-47.2,500,1557.20214
-46.8,500,1557.287034
-47.0,500,1557.371323
-46.6,500,1557.454324
-47.3,500,1557.536677
-87.8,500,1557.622967
-46.8,500,1557.704604
-47.4,500,1557.787804
-47.0,500,1557.870478
-47.6,500,1557.954917
-47.0,500,1558.036348
-46.7,500,1558.118947
-46.6,500,1558.201248
-46.8,500,1558.286102
-47.1,500,1558.367752
-46.9,500,1558.450631
-46.9,500,1558.533471
-47.1,500,1558.618368
-46.8,500,1558.700225
-57.8,500,1558.783229
-47.8,500,1558.865801
-48.5,500,1558.950409
-47.1,500,1559.031654
-46.8,500,1559.114151
-46.7,500,1559.197161
-46.9,500,1559.282645
-47.8,500,1559.365208
-47.2,500,1559.447433
-46.7,500,1559.52996
-48.3,500,1559.614859
-46.8,500,1559.698241
-47.3,500,1559.779891
-47.0,500,1559.863212
-48.1,500,1559.947734
-47.0,500,1560.030553
-47.3,500,1560.112196
-46.9,500,1560.195102
-47.4,500,1560.280015
-47.6,500,1560.363196
-47.0,500,1560.445746
-48.7,500,1560.527548
-47.0,500,1560.612842
-46.7,500,1560.695603
-47.1,500,1560.777654
-47.3,500,1560.859217
-46.8,500,1560.944066
-54.1,500,1561.026976
-51.3,500,1561.109495
-46.8,500,1561.190905
-47.0,500,1561.275144
-46.9,500,1561.358233
-46.9,500,1561.440718
-46.9,500,1561.523038
-47.6,500,1561.606606
-50.6,500,1561.689889
-46.9,500,1561.772617
-47.2,500,1561.85486
-47.5,500,1561.938566
-48.1,500,1562.021191
-47.1,500,1562.103826
-46.8,500,1562.186468
-47.2,500,1562.270032
-47.3,500,1562.354405
-46.7,500,1562.436877
-47.1,500,1562.519582
-47.2,500,1562.604352
-46.8,500,1562.686499
-46.6,500,1562.769423
-47.3,500,1562.851732
-46.7,500,1562.936419
-47.1,500,1563.018073
-46.7,500,1563.100699
-46.9,500,1563.182784
-49.6,500,1563.301564
-46.6,500,1563.384311
-62.2,500,1563.465806
-46.8,500,1563.548271
-46.8,500,1563.633597
-47.3,500,1563.716006
-48.3,500,1563.797003
-56.0,500,1563.879879
-47.5,500,1563.964837
-46.8,500,1564.048025
-47.2,500,1564.130155
-46.8,500,1564.212034
-48.4,500,1564.29741
-47.5,500,1564.380156
-47.6,500,1564.462777
-47.0,500,1564.544692
-47.1,500,1564.628569
-47.8,500,1564.711767
-47.1,500,1564.794684
-48.1,500,1564.877415
-47.9,500,1564.9617
-47.5,500,1565.044654
-47.5,500,1565.127531
-49.2,500,1565.209847
-49.2,500,1565.29359
-49.9,500,1565.376292
-51.1,500,1565.458771
-47.4,500,1565.541042
-46.6,500,1565.624876
-47.2,500,1565.707357
-47.4,500,1565.789596
-47.1,500,1565.87251
-51.6,500,1565.956956
-46.9,500,1566.039679
-47.7,500,1566.122065
-47.0,500,1566.204997
-46.8,500,1566.288625
-47.6,500,1566.371776
-46.8,500,1566.45409
-57.4,500,1566.536723
-47.1,500,1566.621186
-48.2,500,1566.703237
-53.1,500,1566.78615
-66.9,500,1566.868836
-52.7,500,1566.953953
-48.7,500,1567.035798
-47.2,500,1567.118447
-52.5,500,1567.201384
-47.3,500,1567.285949
-46.6,500,1567.369842
-47.0,500,1567.453383
-46.6,500,1567.536085
-46.7,500,1567.621946
-47.3,500,1567.703575
-47.1,500,1567.786453
-48.8,500,1567.869141
-51.1,500,1567.953926
-47.3,500,1568.03564
-47.3,500,1568.117944
-47.1,500,1568.200335
-49.8,500,1568.285436
-75.0,500,1568.368729
-64.9,500,1568.45094
-46.9,500,1568.533647
-47.2,500,1568.618699
-46.8,500,1568.701258
-47.0,500,1568.783111
-47.5,500,1568.865454
-47.5,500,1568.950262
-46.8,500,1569.03282
-47.0,500,1569.115208
-46.6,500,1569.196838
-49.1,500,1569.2823
-46.7,500,1569.36504
-46.9,500,1569.447753
-46.6,500,1569.529563
-46.6,500,1569.614234
-47.2,500,1569.696856
-46.8,500,1569.779479
-51.7,500,1569.86111
-54.1,500,1569.945539
-46.8,500,1570.028304
-46.7,500,1570.111031
-49.6,500,1570.193407
-47.3,500,1570.277727
-47.2,500,1570.360614
-47.3,500,1570.443096
-50.0,500,1570.525809
-50.1,500,1570.609641
-46.5,500,1570.692724
-46.5,500,1570.775783
-47.1,500,1570.858813
-46.7,500,1570.944401
-54.0,500,1571.027075
-46.9,500,1571.109981
-46.7,500,1571.193259
-56.1,500,1571.27825
-51.9,500,1571.360434
-46.7,500,1571.442721
-47.5,500,1571.525344
-46.9,500,1571.609818
-49.6,500,1571.691608
-48.6,500,1571.774161
-53.3,500,1571.857486
-47.0,500,1571.942829
-47.5,500,1572.024428
-47.6,500,1572.107214
-57.8,500,1572.190292
-46.6,500,1572.275279
-48.2,500,1572.360465
-47.1,500,1572.442147
-47.3,500,1572.524921
-47.1,500,1572.610728
-46.8,500,1572.693416
-46.6,500,1572.775171
-47.4,500,1572.857937
-46.7,500,1572.942658
-46.8,500,1573.02553
-47.9,500,1573.107242
-47.0,500,1573.189724
-47.1,500,1573.274057
-52.4,500,1573.357513
-46.8,500,1573.439456
-61.8,500,1573.522613
-47.1,500,1573.608069
-46.8,500,1573.69132
-49.0,500,1573.774366
-48.9,500,1573.856175
-47.5,500,1573.940772
-51.4,500,1574.023684
-71.0,500,1574.106474
-46.7,500,1574.18941
-50.2,500,1574.27517
-48.8,500,1574.358144
-48.3,500,1574.440768
-47.2,500,1574.523371
-53.9,500,1574.607132
-56.9,500,1574.690329
-54.4,500,1574.773504
-46.6,500,1574.855849
-47.6,500,1574.943582
-46.5,500,1575.031749
-46.9,500,1575.114358
-46.7,500,1575.196539
-46.8,500,1575.281854
-46.6,500,1575.36398
-46.9,500,1575.446401
-46.8,500,1575.52896
-46.9,500,1575.612882
-46.8,500,1575.694919
-46.6,500,1575.777571
-47.2,500,1575.859964
-46.7,500,1575.94506
-47.6,500,1576.026817
-50.1,500,1576.109842
-47.3,500,1576.192782
-46.8,500,1576.27727
-46.8,500,1576.358912
-46.7,500,1576.441524
-52.3,500,1576.524164
-47.2,500,1576.608987
-46.8,500,1576.690788
-46.8,500,1576.773766
-46.7,500,1576.856537
-47.8,500,1576.941445
-46.6,500,1577.023578
-47.1,500,1577.105971
-46.7,500,1577.188397
-46.5,500,1577.273381
-46.7,500,1577.357036
-47.1,500,1577.440276
-53.5,500,1577.523828
-47.3,500,1577.609298
-46.7,500,1577.691598
-46.9,500,1577.77358
-54.7,500,1577.85674
-47.2,500,1577.941045
-46.8,500,1578.023206
-46.9,500,1578.104359
-46.6,500,1578.186787
-46.8,500,1578.271728
-47.0,500,1578.353709
-47.0,500,1578.43579
-46.8,500,1578.518495
-47.5,500,1578.603627
-46.9,500,1578.686214
-47.0,500,1578.768165
-47.2,500,1578.850596
-46.6,500,1578.936012
-46.9,500,1579.018708
-46.8,500,1579.10038
-49.5,500,1579.183275
-55.2,500,1579.268675
-46.9,500,1579.351951
-46.8,500,1579.434358
-46.9,500,1579.516222
-46.9,500,1579.601039
-47.3,500,1579.683755
-46.8,500,1579.765742
-47.2,500,1579.847387
-47.4,500,1579.932718
-46.7,500,1580.01578
-47.6,500,1580.098551
-46.7,500,1580.180292
-46.8,500,1580.265277
-46.6,500,1580.348199
-50.1,500,1580.430723
-47.0,500,1580.511653
-46.7,500,1580.5959
-56.5,500,1580.678897
-47.8,500,1580.761218
-47.0,500,1580.842919
-47.0,500,1580.927498
-47.1,500,1581.010354
-46.8,500,1581.092329
-47.8,500,1581.173794
-50.9,500,1581.258317
-46.9,500,1581.3418
-46.9,500,1581.424474
-47.0,500,1581.506751
-47.4,500,1581.589796
-47.2,500,1581.672818
-47.2,500,1581.755481
-47.5,500,1581.838223
-47.5,500,1581.922139
-46.9,500,1582.005421
-46.9,500,1582.088262
-51.0,500,1582.170974
-47.2,500,1582.25566
-53.0,500,1582.338466
-50.5,500,1582.421503
-50.0,500,1582.504135
-50.4,500,1582.589803
-47.2,500,1582.671939
-46.9,500,1582.755594
-47.1,500,1582.838598
-46.6,500,1582.923791
-47.0,500,1583.005822
-47.9,500,1583.088453
-47.1,500,1583.170939
-47.1,500,1583.255624
-51.4,500,1583.337102
-46.6,500,1583.419898
-46.9,500,1583.502587
-46.8,500,1583.588102
-54.2,500,1583.670739
-47.5,500,1583.752649
-53.7,500,1583.83556
-47.1,500,1583.955676
-46.8,500,1584.038206
-46.9,500,1584.120838
-47.6,500,1584.202554
-48.3,500,1584.288127
-46.9,500,1584.370979
-46.9,500,1584.453799
-47.2,500,1584.535403
-47.7,500,1584.619515
-46.9,500,1584.702046
-46.7,500,1584.784516
-46.8,500,1584.866007
-47.5,500,1584.950335
-46.7,500,1585.033095
-56.0,500,1585.11538
-47.4,500,1585.197484
-46.6,500,1585.282302
-46.6,500,1585.364815
-46.7,500,1585.446703
-47.0,500,1585.529101
-47.4,500,1585.612328
-47.3,500,1585.695124
-46.6,500,1585.777578
-49.2,500,1585.859928
-51.0,500,1585.944705
-62.4,500,1586.027686
-47.0,500,1586.109463
-46.9,500,1586.191984
-47.4,500,1586.275201
-52.2,500,1586.358402
-46.9,500,1586.441011
-47.1,500,1586.523736
-55.4,500,1586.607284
-55.2,500,1586.69043
-47.4,500,1586.773194
-66.1,500,1586.856222
-47.0,500,1586.940111
-57.3,500,1587.023161
-58.8,500,1587.105699
-47.0,500,1587.18831
-48.0,500,1587.272007
-46.6,500,1587.355531
-47.0,500,1587.438434
-46.9,500,1587.520767
-50.3,500,1587.606138
-46.9,500,1587.687852
-58.7,500,1587.770922
-46.7,500,1587.853055
-47.1,500,1587.937137
-47.0,500,1588.019419
-47.0,500,1588.102455
-46.9,500,1588.184858
-47.1,500,1588.269363
-46.6,500,1588.351157
-46.6,500,1588.433696
-65.7,500,1588.516236
-49.2,500,1588.60189
-47.7,500,1588.684247
-46.6,500,1588.767948
-46.9,500,1588.85102
-47.3,500,1588.935614
-51.1,500,1589.018692
-46.6,500,1589.10016
-46.9,500,1589.182398
-46.9,500,1589.267652
-46.5,500,1589.350372
-47.8,500,1589.432208
-46.8,500,1589.514717
-47.8,500,1589.599614
-48.0,500,1589.682109
-46.6,500,1589.764754
-46.7,500,1589.846805
-46.8,500,1589.931635
-47.2,500,1590.014652
-54.2,500,1590.096744
-46.8,500,1590.178529
-47.5,500,1590.263853
-46.7,500,1590.34686
-51.0,500,1590.429889
-46.9,500,1590.511556
-46.9,500,1590.596713
-48.2,500,1590.67917
-71.2,500,1590.762136
-50.4,500,1590.84347
-47.1,500,1590.928418
-47.3,500,1591.011334
-47.9,500,1591.093595
-47.3,500,1591.17639
-46.7,500,1591.259938
-51.1,500,1591.343119
-46.7,500,1591.425879
-47.5,500,1591.508372
-52.0,500,1591.592412
-46.8,500,1591.675514
-47.7,500,1591.757827
-47.0,500,1591.840005
-56.6,500,1591.924313
-46.8,500,1592.007253
-46.8,500,1592.089646
-47.5,500,1592.172183
-47.4,500,1592.256184
-52.7,500,1592.34032
-48.2,500,1592.424896
-46.9,500,1592.507701
-46.6,500,1592.592602
-46.7,500,1592.674738
-74.6,500,1592.758038
-46.6,500,1592.84093
-62.6,500,1592.92596
-47.1,500,1593.008339
-47.1,500,1593.091032
-47.9,500,1593.173776
-46.6,500,1593.258633
-47.2,500,1593.340386
-46.8,500,1593.423499
-47.0,500,1593.505958
-46.6,500,1593.591124
-46.6,500,1593.673268
-47.3,500,1593.756271
-46.9,500,1593.83873
-46.7,500,1593.923388
-46.6,500,1594.004706
-47.0,500,1594.086919
-47.7,500,1594.169775
-46.9,500,1594.254417
-46.9,500,1594.336901
-47.2,500,1594.419168
-46.8,500,1594.502019
-48.6,500,1594.586766
-46.8,500,1594.669368
-46.7,500,1594.75156
-47.2,500,1594.834399
-47.0,500,1594.919664
-46.5,500,1595.002633
-46.7,500,1595.084926
-50.0,500,1595.166759
-48.7,500,1595.252359
-46.8,500,1595.336106
-47.9,500,1595.418321
-49.1,500,1595.500364
-46.8,500,1595.585172
-46.6,500,1595.667667
-47.0,500,1595.749619
-46.9,500,1595.831533
-46.9,500,1595.916334
-47.6,500,1595.998854
-47.4,500,1596.081435
-46.7,500,1596.16283
-47.5,500,1596.247694
-46.8,500,1596.330609
-46.7,500,1596.413461
-47.6,500,1596.495882
-47.1,500,1596.57918
-46.7,500,1596.662201
-46.8,500,1596.744877
-47.3,500,1596.827179
-55.5,500,1596.911786
-46.5,500,1596.994946
-46.9,500,1597.077915
-69.2,500,1597.160977
-46.9,500,1597.244794
-46.7,500,1597.327781
-46.8,500,1597.412884
-47.0,500,1597.495416
-49.4,500,1597.581032
-47.0,500,1597.663479
-46.7,500,1597.746434
-48.7,500,1597.828762
-49.0,500,1597.913361
-46.7,500,1597.995218
-51.0,500,1598.07766
-46.8,500,1598.160137
-47.5,500,1598.244626
-47.0,500,1598.326715
-46.8,500,1598.409552
-47.3,500,1598.492224
-46.7,500,1598.577369
-46.6,500,1598.65944
-48.2,500,1598.742178
-47.5,500,1598.824795
-47.0,500,1598.909322
-46.8,500,1598.991734
-46.6,500,1599.07333
-46.8,500,1599.156189
-54.7,500,1599.240684
-49.4,500,1599.323673
-47.1,500,1599.405058
-50.3,500,1599.487679
-46.9,500,1599.572335
-46.9,500,1599.655187
-47.1,500,1599.736395
-47.1,500,1599.819347
-54.8,500,1599.904222
-47.1,500,1599.987061
-51.7,500,1600.068158
-50.1,500,1600.150895
-46.8,500,1600.236253
-46.7,500,1600.318984
-47.9,500,1600.401797
-46.6,500,1600.48408
-47.1,500,1600.569331
-47.5,500,1600.652504
-50.1,500,1600.7349
-46.7,500,1600.817193
-47.2,500,1600.902236
-47.5,500,1600.984456
-46.8,500,1601.067117
-46.8,500,1601.148483
-63.8,500,1601.233487
-46.9,500,1601.316604
-46.8,500,1601.399623
-47.0,500,1601.482046
-48.9,500,1601.566206
-46.8,500,1601.649137
-47.4,500,1601.731547
-48.0,500,1601.814154
-48.8,500,1601.898222
-47.3,500,1601.981346
-58.0,500,1602.063997
-46.7,500,1602.146719
-46.9,500,1602.230905
-46.6,500,1602.314077
-47.4,500,1602.399413
-47.2,500,1602.482321
-47.3,500,1602.567358
-47.2,500,1602.649207
-46.9,500,1602.732002
-46.7,500,1602.814224
-47.7,500,1602.93901
-46.8,500,1603.020814
-47.2,500,1603.102243
-46.8,500,1603.18386
-46.7,500,1603.268249
-46.8,500,1603.350628
-46.8,500,1603.432868
-59.8,500,1603.514708
-46.9,500,1603.599095
-46.7,500,1603.681595
-61.6,500,1603.764093
-49.6,500,1603.846559
-46.8,500,1603.930786
-52.4,500,1604.013866
-46.5,500,1604.097178
-46.8,500,1604.180215
-46.5,500,1604.264399
-46.7,500,1604.347334
-46.6,500,1604.430178
-46.7,500,1604.512898
-46.9,500,1604.596842
-46.6,500,1604.679616
-46.8,500,1604.762238
-47.2,500,1604.844617
-46.7,500,1604.929389
-47.2,500,1605.011395
-46.7,500,1605.094613
-46.8,500,1605.177289
-46.8,500,1605.261856
-46.7,500,1605.344323
-46.7,500,1605.426715
-46.9,500,1605.509597
-47.0,500,1605.594132
-47.4,500,1605.67632
-47.0,500,1605.759057
-50.5,500,1605.842362
-54.3,500,1605.927873
-46.8,500,1606.009514
-54.4,500,1606.092322
-65.1,500,1606.175382
-46.8,500,1606.260676
-47.0,500,1606.343017
-46.7,500,1606.424638
-46.6,500,1606.507416
-50.6,500,1606.592597
-47.8,500,1606.674845
-46.7,500,1606.756738
-47.2,500,1606.839516
-47.0,500,1606.924583
-47.0,500,1607.007334
-46.7,500,1607.089055
-46.6,500,1607.171618
-59.4,500,1607.256796
-57.2,500,1607.339841
-46.8,500,1607.423782
-46.9,500,1607.505814
-47.8,500,1607.591395
-46.5,500,1607.673581
-47.0,500,1607.755994
-46.6,500,1607.837655
-46.6,500,1607.922301
-46.8,500,1608.005412
-46.9,500,1608.088064
-46.8,500,1608.170525
-46.7,500,1608.25388
-46.5,500,1608.336085
-52.5,500,1608.419145
-46.7,500,1608.501453
-47.7,500,1608.5851
-46.8,500,1608.667633
-47.1,500,1608.750164
-46.6,500,1608.832638
-46.8,500,1608.916505
-46.7,500,1608.999478
-46.7,500,1609.082591
-46.6,500,1609.165045
-49.3,500,1609.24966
-54.2,500,1609.33225
-46.7,500,1609.41476
-46.6,500,1609.496987
-46.8,500,1609.581562
-46.9,500,1609.663442
-46.7,500,1609.745985
-51.9,500,1609.828609
-46.9,500,1609.91347
-62.1,500,1609.995463
-47.0,500,1610.078017
-46.6,500,1610.160153
-46.5,500,1610.245438
-46.7,500,1610.327085
-47.0,500,1610.409817
-55.6,500,1610.492622
-46.7,500,1610.577452
-46.8,500,1610.658618
-46.8,500,1610.741605
-46.9,500,1610.823666
-46.6,500,1610.909109
-46.5,500,1610.990668
-46.8,500,1611.073148
-47.1,500,1611.1554
-46.5,500,1611.240157
-46.5,500,1611.32241
-46.6,500,1611.403999
-47.0,500,1611.486265
-46.8,500,1611.571112
-46.7,500,1611.653413
-46.5,500,1611.735222
-46.6,500,1611.81767
-51.8,500,1611.903208
-46.9,500,1611.985379
-47.0,500,1612.066897
-46.6,500,1612.149857
-46.5,500,1612.235031
-46.6,500,1612.317673
-46.7,500,1612.400308
-46.7,500,1612.483524
-47.0,500,1612.568914
-47.3,500,1612.650931
-50.0,500,1612.73293
-50.9,500,1612.81446
-47.1,500,1612.89896
-47.5,500,1612.981896
-46.8,500,1613.064435
-46.8,500,1613.146154
-46.7,500,1613.230636
-46.8,500,1613.3134
-47.4,500,1613.396014
-53.1,500,1613.477503
-46.6,500,1613.570542
-46.8,500,1613.668224
-46.7,500,1613.757932
-46.9,500,1613.849509
-46.8,500,1613.94367
-46.9,500,1614.033603
-46.9,500,1614.125188
-46.6,500,1614.218371
-46.6,500,1614.30507
-46.6,500,1614.388369
-47.0,500,1614.47072
-46.8,500,1614.552728
-46.8,500,1614.637764
-46.7,500,1614.720104
-63.0,500,1614.802882
-51.5,500,1614.884587
-48.5,500,1614.96982
-46.7,500,1615.052724
-48.8,500,1615.135549
-46.7,500,1615.216202
-47.1,500,1615.301301
-50.7,500,1615.387751
-46.6,500,1615.485236
-46.7,500,1615.568315
-46.7,500,1615.652305
-46.7,500,1615.735173
-47.2,500,1615.81776
-46.7,500,1615.900396
-46.9,500,1615.98474
-47.0,500,1616.066684
-50.7,500,1616.149471
-51.4,500,1616.232232
-51.5,500,1616.317015
-46.6,500,1616.399159
-46.6,500,1616.482109
-47.0,500,1616.56505
-46.7,500,1616.650008
-50.4,500,1616.732085
-46.8,500,1616.81462
-47.6,500,1616.897423
-46.8,500,1616.98302
-46.8,500,1617.065745
-65.8,500,1617.147499
-47.3,500,1617.229397
-46.7,500,1617.313884
-46.9,500,1617.397904
-61.5,500,1617.479493
-46.9,500,1617.561781
-46.7,500,1617.646936
-46.9,500,1617.729193
-46.6,500,1617.810643
-46.7,500,1617.893178
-62.4,500,1617.977893
-47.0,500,1618.060679
-47.1,500,1618.142825
-46.6,500,1618.224818
-47.0,500,1618.3094
-46.8,500,1618.392354
-47.0,500,1618.474296
-47.2,500,1618.555708
-46.7,500,1618.641031
-47.2,500,1618.724277
-46.9,500,1618.807055
-47.1,500,1618.888305
-47.0,500,1618.972545
-47.2,500,1619.055181
-47.1,500,1619.137909
-46.9,500,1619.219488
-47.4,500,1619.3041
-46.6,500,1619.386736
-47.0,500,1619.469147
-46.6,500,1619.551125
-47.1,500,1619.634151
-46.8,500,1619.71707
-47.4,500,1619.799723
-47.0,500,1619.882637
-47.0,500,1619.967164
-46.6,500,1620.06086
-49.4,500,1620.144127
-47.0,500,1620.226988
-46.8,500,1620.31215
-47.5,500,1620.395351
-46.6,500,1620.478613
-46.7,500,1620.56105
-47.0,500,1620.645552
-47.0,500,1620.728113
-46.8,500,1620.81075
-49.8,500,1620.893357
-50.2,500,1620.978692
-47.0,500,1621.060856
-46.9,500,1621.143418
-46.6,500,1621.22597
-46.7,500,1621.311116
-50.3,500,1621.392802
-60.6,500,1621.475559
-46.9,500,1621.55794
-46.6,500,1621.642802
-46.7,500,1621.72499
-50.8,500,1621.807534
-64.0,500,1621.890318
-46.9,500,1621.975238
-46.8,500,1622.057291
-46.7,500,1622.139222
-46.6,500,1622.221731
-47.6,500,1622.306238
-47.2,500,1622.389468
-46.9,500,1622.47235
-47.4,500,1622.555162
-54.4,500,1622.640469
-47.0,500,1622.76317
-47.0,500,1622.846657
-46.9,500,1622.929292
-48.5,500,1623.013556
-48.3,500,1623.096084
-47.0,500,1623.178624
-49.9,500,1623.260757
-53.6,500,1623.343997
-47.2,500,1623.426402
-47.2,500,1623.508525
-47.1,500,1623.590452
-47.3,500,1623.6743
-47.3,500,1623.756963
-47.1,500,1623.839297
-47.1,500,1623.921847
-47.9,500,1624.005928
-47.1,500,1624.090522
-47.0,500,1624.173601
-51.4,500,1624.256711
-65.7,500,1624.342131
-53.8,500,1624.423984
-47.5,500,1624.50663
-53.4,500,1624.589153
-52.0,500,1624.673993
-46.5,500,1624.756246
-46.9,500,1624.839079
-46.9,500,1624.921681
-46.9,500,1625.006329
-47.2,500,1625.088226
-47.3,500,1625.170756
-46.8,500,1625.253099
-46.7,500,1625.338135
-50.5,500,1625.420264
-54.0,500,1625.50275
-47.1,500,1625.585172
-46.7,500,1625.669437
-54.9,500,1625.751874
-46.8,500,1625.834339
-47.3,500,1625.916834
-47.2,500,1626.002037
-54.6,500,1626.084873
-46.9,500,1626.167155
-46.7,500,1626.249287
-47.7,500,1626.334263
-55.1,500,1626.417394
-47.3,500,1626.499428
-46.7,500,1626.581133
-47.7,500,1626.665958
-46.8,500,1626.748475
-46.7,500,1626.831187
-46.6,500,1626.912515
-47.0,500,1626.996728
-46.9,500,1627.079661
-64.7,500,1627.16305
-46.8,500,1627.245036
-46.8,500,1627.328276
-47.5,500,1627.412945
-56.5,500,1627.496245
-47.0,500,1627.578351
