#{"t_start": 1767659431.032779, "env_id": "None"}
r,l,t
-38.6,500,0.06493
-54.3,500,0.122096
-54.2,500,0.178942
-55.5,500,0.236158
-53.0,500,0.523989
-51.0,500,0.581498
-51.6,500,0.639161
-52.1,500,0.69613
-52.0,500,0.980384
-50.6,500,1.038048
-49.9,500,1.09384
-50.0,500,1.15042
-61.4,500,1.435127
-48.6,500,1.491523
-49.9,500,1.548141
-50.6,500,1.603894
-49.7,500,1.888508
-49.4,500,1.943933
-50.5,500,2.000843
-49.4,500,2.056593
-48.7,500,2.340829
-49.1,500,2.397115
-49.3,500,2.454408
-48.9,500,2.510721
-49.4,500,2.797219
-49.2,500,2.854157
-49.0,500,2.910589
-49.6,500,2.966714
-49.6,500,3.250115
-49.8,500,3.307103
-47.5,500,3.363502
-48.5,500,3.420307
-48.2,500,3.705231
-49.0,500,3.761641
-47.6,500,3.818639
-48.2,500,3.873751
-47.2,500,4.158428
-47.9,500,4.213554
-49.7,500,4.2707
-48.3,500,4.326358
-47.8,500,4.611745
-48.0,500,4.668462
-47.9,500,4.725969
-48.0,500,4.780942
-48.6,500,4.837592
-46.9,500,5.122344
-47.8,500,5.178202
-48.2,500,5.234895
-47.1,500,5.291082
-48.8,500,5.576224
-47.5,500,5.632812
-47.7,500,5.690465
-47.2,500,5.746947
-48.9,500,6.031
-48.5,500,6.087513
-47.2,500,6.144114
-47.6,500,6.201323
-48.3,500,6.485909
-48.4,500,6.543101
-48.6,500,6.599071
-47.7,500,6.656706
-47.5,500,6.942304
-49.3,500,7.000274
-47.9,500,7.056596
-46.9,500,7.114454
-48.0,500,7.398722
-47.4,500,7.455126
-47.5,500,7.511691
-47.4,500,7.567668
-47.1,500,7.851621
-47.5,500,7.907311
-46.9,500,7.964157
-47.7,500,8.020446
-47.6,500,8.305105
-49.0,500,8.362356
-47.3,500,8.419226
-48.0,500,8.475681
-47.7,500,8.797277
-47.8,500,8.853192
-47.8,500,8.909125
-49.2,500,8.965862
-47.0,500,9.250474
-46.9,500,9.307305
-47.0,500,9.36422
-47.9,500,9.42026
-47.1,500,9.477332
-46.9,500,9.761227
-46.8,500,9.818196
-47.7,500,9.873983
-47.1,500,9.930976
-46.9,500,10.215628
-47.6,500,10.272204
-47.1,500,10.329213
-47.3,500,10.384597
-47.4,500,10.667719
-47.0,500,10.723827
-47.5,500,10.780803
-47.1,500,10.837093
-47.0,500,11.121063
-47.7,500,11.176849
-46.8,500,11.232971
-47.0,500,11.289868
-46.9,500,11.573645
-46.9,500,11.629845
-47.3,500,11.684862
-47.4,500,11.74151
-47.9,500,12.025875
-47.8,500,12.083086
-47.0,500,12.139202
-47.2,500,12.196361
-47.5,500,12.479448
-46.8,500,12.536635
-46.9,500,12.593555
-46.8,500,12.649671
-46.6,500,12.932722
-47.3,500,12.989225
-46.9,500,13.046599
-47.5,500,13.102543
-46.8,500,13.387077
-47.1,500,13.443568
-48.3,500,13.500933
-47.1,500,13.556222
-47.2,500,13.840637
-47.8,500,13.89816
-46.9,500,13.954613
-47.0,500,14.011415
-47.0,500,14.293988
-47.0,500,14.351815
-47.2,500,14.408044
-47.1,500,14.465596
-47.9,500,14.521624
-47.0,500,14.807162
-47.7,500,14.864073
-46.8,500,14.92084
-47.4,500,14.977345
-47.4,500,15.261215
-46.9,500,15.318349
-47.1,500,15.374828
-47.0,500,15.431501
-46.8,500,15.715193
-49.2,500,15.77213
-47.3,500,15.827745
-46.9,500,15.884839
-46.7,500,16.168737
-47.5,500,16.225159
-47.2,500,16.281421
-47.1,500,16.337441
-47.3,500,16.621194
-47.1,500,16.676366
-46.8,500,16.732622
-47.1,500,16.789153
-47.1,500,17.073508
-46.6,500,17.12925
-47.1,500,17.186354
-46.8,500,17.241248
-47.4,500,17.523952
-46.8,500,17.579082
-46.6,500,17.635973
-47.0,500,17.693132
-47.1,500,17.976558
-46.8,500,18.034316
-47.0,500,18.090308
-46.6,500,18.147374
-46.7,500,18.430422
-47.4,500,18.487751
-47.0,500,18.543406
-47.0,500,18.599541
-47.5,500,18.883323
-47.0,500,18.939915
-47.3,500,18.996724
-46.8,500,19.052409
-47.5,500,19.108586
-46.6,500,19.392378
-48.1,500,19.449607
-47.1,500,19.505578
-47.1,500,19.56286
-47.2,500,19.845519
-46.9,500,19.90303
-46.8,500,19.95975
-47.3,500,20.015766
-48.0,500,20.299652
-47.3,500,20.355987
-47.9,500,20.412168
-47.0,500,20.468471
-48.1,500,20.751917
-47.0,500,20.808527
-47.8,500,20.865929
-47.0,500,20.921718
-47.2,500,21.203968
-47.5,500,21.261977
-46.7,500,21.3187
-47.5,500,21.376238
-48.9,500,21.65958
-47.0,500,21.717146
-47.6,500,21.774181
-46.8,500,21.831421
-46.8,500,22.113971
-47.0,500,22.171419
-46.9,500,22.22694
-47.2,500,22.284057
-46.8,500,22.568693
-46.5,500,22.625422
-46.7,500,22.682647
-46.7,500,22.738918
-46.8,500,23.022721
-48.8,500,23.078668
-47.1,500,23.135281
-47.2,500,23.191605
-47.3,500,23.474788
-47.7,500,23.53135
-47.6,500,23.588523
-46.9,500,23.645901
-46.6,500,23.930034
-46.9,500,23.98807
-47.1,500,24.044426
-47.0,500,24.101507
-46.9,500,24.157533
-47.1,500,24.44156
-47.5,500,24.497741
-46.6,500,24.554754
-47.0,500,24.610152
-46.6,500,24.894291
-46.8,500,24.951516
-46.7,500,25.007672
-48.7,500,25.064536
-46.9,500,25.347468
-47.8,500,25.404135
-46.8,500,25.460039
-46.6,500,25.516808
-46.9,500,25.799518
-46.8,500,25.856374
-46.5,500,25.912013
-47.3,500,25.969561
-47.2,500,26.2537
-46.5,500,26.310347
-46.8,500,26.367456
-46.9,500,26.423818
-47.6,500,26.70813
-46.9,500,26.764356
-46.8,500,26.822178
-46.5,500,26.878256
-46.5,500,27.189673
-46.7,500,27.246442
-46.6,500,27.302262
-47.3,500,27.359374
-47.4,500,27.642286
-48.0,500,27.698863
-48.1,500,27.755343
-46.7,500,27.812336
-47.0,500,28.096414
-46.9,500,28.153329
-47.0,500,28.209587
-46.7,500,28.266345
-46.7,500,28.54988
-47.5,500,28.606714
-46.5,500,28.663875
-47.4,500,28.720492
-47.1,500,28.777447
-48.0,500,29.061911
-47.1,500,29.119457
-46.7,500,29.176597
-47.6,500,29.234445
-46.8,500,29.517002
-47.3,500,29.574454
-47.2,500,29.629941
-47.4,500,29.687382
-47.7,500,29.971113
-46.8,500,30.026871
-47.1,500,30.083698
-47.7,500,30.14012
-46.6,500,30.424796
-47.6,500,30.48172
-47.0,500,30.539033
-46.9,500,30.595488
-46.7,500,30.879175
-47.0,500,30.936256
-47.3,500,30.992531
-47.4,500,31.0492
-47.5,500,31.333811
-46.5,500,31.391745
-46.8,500,31.448331
-46.6,500,31.505639
-47.1,500,31.789909
-47.2,500,31.847399
-47.3,500,31.903645
-47.0,500,31.960673
-47.2,500,32.244273
-47.0,500,32.301327
-47.2,500,32.358474
-46.8,500,32.413601
-48.2,500,32.698105
-46.9,500,32.753695
-46.5,500,32.81118
-46.9,500,32.867322
-47.6,500,33.151163
-47.3,500,33.207764
-46.9,500,33.265655
-47.0,500,33.321902
-46.7,500,33.377693
-46.9,500,33.662513
-47.0,500,33.719169
-47.0,500,33.776575
-46.8,500,33.832964
-47.1,500,34.117253
-46.8,500,34.173173
-46.5,500,34.229977
-46.8,500,34.285696
-48.4,500,34.568872
-47.9,500,34.623725
-49.2,500,34.680909
-48.1,500,34.737264
-47.3,500,35.020833
-47.3,500,35.077837
-47.5,500,35.134669
-47.3,500,35.191385
-48.0,500,35.474655
-46.9,500,35.532406
-46.8,500,35.589449
-48.5,500,35.647159
-47.0,500,35.929637
-46.7,500,35.987803
-47.9,500,36.045069
-46.6,500,36.101629
-48.1,500,36.385558
-46.8,500,36.442306
-46.5,500,36.499541
-46.7,500,36.556039
-46.8,500,36.841855
-47.0,500,36.898635
-47.1,500,36.955783
-46.6,500,37.011644
-46.9,500,37.296538
-46.8,500,37.352911
-47.0,500,37.410096
-46.9,500,37.467125
-46.6,500,37.749941
-47.0,500,37.807353
-46.9,500,37.862751
-47.1,500,37.920184
-46.9,500,38.2029
-47.1,500,38.260357
-46.7,500,38.317292
-46.6,500,38.373234
-47.0,500,38.429281
-47.4,500,38.711655
-47.4,500,38.769045
-47.5,500,38.824827
-46.9,500,38.882412
-47.0,500,39.164472
-47.1,500,39.221457
-47.6,500,39.277794
-46.6,500,39.334886
-47.0,500,39.619271
-47.6,500,39.675702
-46.9,500,39.733065
-46.6,500,39.789565
-47.2,500,40.072581
-46.7,500,40.12843
-48.1,500,40.185301
-46.8,500,40.240972
-47.6,500,40.525265
-47.5,500,40.581734
-46.6,500,40.637718
-46.8,500,40.694541
-47.2,500,40.978401
-46.9,500,41.03555
-47.1,500,41.091557
-46.8,500,41.148445
-46.9,500,41.431257
-47.0,500,41.488536
-47.1,500,41.544401
-47.0,500,41.601578
-46.8,500,41.887812
-47.1,500,41.945052
-46.8,500,42.002296
-47.5,500,42.058409
-46.6,500,42.341731
-46.5,500,42.397989
-47.5,500,42.455689
-46.7,500,42.512178
-46.5,500,42.796522
-46.7,500,42.852288
-46.9,500,42.910062
-46.7,500,42.966632
-46.5,500,43.023526
-47.4,500,43.307285
-48.1,500,43.363625
-49.8,500,43.420862
-47.8,500,43.477153
-48.1,500,43.760454
-47.1,500,43.817188
-47.2,500,43.873994
-48.1,500,43.929761
-47.8,500,44.214164
-47.1,500,44.271252
-46.8,500,44.327613
-47.0,500,44.384467
-47.5,500,44.667466
-47.6,500,44.724833
-47.0,500,44.781179
-47.1,500,44.838118
-46.8,500,45.120918
-47.3,500,45.179012
-48.1,500,45.23626
-47.0,500,45.29324
-46.9,500,45.607371
-47.1,500,45.663065
-47.6,500,45.720506
-46.9,500,45.776741
-47.2,500,46.060946
-47.1,500,46.118236
-47.8,500,46.17449
-46.6,500,46.231361
-46.9,500,46.514987
-48.0,500,46.57248
-47.5,500,46.628669
-46.8,500,46.685424
-47.0,500,46.97054
-47.1,500,47.028488
-46.8,500,47.085759
-47.7,500,47.142061
-46.8,500,47.424626
-47.6,500,47.481426
-46.8,500,47.538491
-47.4,500,47.594369
-47.3,500,47.878511
-47.0,500,47.935615
-46.7,500,47.99255
-46.6,500,48.048374
-46.7,500,48.105941
-47.6,500,48.390051
-46.5,500,48.446801
-46.8,500,48.503471
-47.4,500,48.560359
-47.0,500,48.843873
-47.1,500,48.900302
-47.0,500,48.957381
-46.8,500,49.014183
-47.4,500,49.299518
-48.1,500,49.355419
-47.7,500,49.412225
-48.0,500,49.468599
-47.6,500,49.753569
-47.0,500,49.811022
-47.1,500,49.867493
-47.0,500,49.924325
-47.1,500,50.208283
-48.1,500,50.266104
-47.1,500,50.322592
-47.4,500,50.379509
-47.2,500,50.663318
-47.9,500,50.72097
-46.9,500,50.777221
-47.4,500,50.834266
-46.6,500,51.117525
-46.8,500,51.174376
-46.6,500,51.231054
-46.9,500,51.287408
-46.5,500,51.570944
-46.7,500,51.627231
-47.1,500,51.684042
-47.1,500,51.739846
-47.4,500,52.026376
-46.8,500,52.082633
-46.5,500,52.139848
-46.9,500,52.195371
-46.8,500,52.479602
-47.1,500,52.537118
-47.5,500,52.593098
-47.1,500,52.649856
-46.8,500,52.706326
-47.4,500,52.990943
-47.1,500,53.047379
-47.6,500,53.10451
-48.4,500,53.161124
-46.8,500,53.445183
-46.7,500,53.501033
-46.9,500,53.558261
-47.0,500,53.614258
-46.5,500,53.898437
-46.5,500,53.953848
-47.0,500,54.01137
-46.7,500,54.068222
-47.1,500,54.351527
-47.0,500,54.409074
-47.3,500,54.46506
-46.7,500,54.52216
-46.5,500,54.805417
-47.3,500,54.863278
-46.6,500,54.919218
-47.5,500,54.976864
-46.8,500,55.259976
-46.9,500,55.318045
-46.6,500,55.374093
-46.6,500,55.431021
-47.0,500,55.715028
-47.5,500,55.771802
-47.7,500,55.828702
-48.0,500,55.885513
-47.6,500,56.169471
-47.3,500,56.226128
-47.6,500,56.283591
-47.8,500,56.339536
-47.1,500,56.624618
-47.1,500,56.680901
-46.5,500,56.738565
-47.2,500,56.795985
-46.8,500,57.08047
-47.5,500,57.138453
-47.4,500,57.194797
-47.4,500,57.251596
-47.3,500,57.307602
-46.7,500,57.592899
-47.4,500,57.65033
-46.5,500,57.706732
-47.1,500,57.763825
-46.5,500,58.047319
-46.9,500,58.105321
-46.9,500,58.161764
-46.5,500,58.21937
-46.7,500,58.502734
-47.1,500,58.559685
-46.7,500,58.616141
-47.1,500,58.672356
-46.6,500,58.960998
-47.0,500,59.021638
-47.1,500,59.085546
-46.9,500,59.145103
-46.8,500,59.457366
-47.0,500,59.519989
-46.8,500,59.578369
-46.7,500,59.643235
-47.1,500,59.931524
-47.6,500,59.98812
-46.8,500,60.045169
-47.1,500,60.101317
-47.7,500,60.386597
-47.0,500,60.443428
-47.4,500,60.500895
-47.3,500,60.557132
-47.3,500,60.846934
-46.6,500,60.91471
-47.0,500,60.971771
-46.9,500,61.029136
-46.6,500,61.31261
-46.5,500,61.36988
-46.6,500,61.425741
-46.7,500,61.482484
-46.9,500,61.767108
-47.6,500,61.823733
-48.2,500,61.880555
-47.9,500,61.937004
-47.6,500,62.221523
-47.6,500,62.278023
-47.8,500,62.334994
-47.5,500,62.390762
-47.8,500,62.447683
-46.8,500,62.730872
-46.9,500,62.787666
-47.3,500,62.844752
-47.5,500,62.901154
-47.4,500,63.186947
-47.0,500,63.243536
-47.4,500,63.301294
-46.6,500,63.357422
-47.2,500,63.67342
-47.0,500,63.73087
-47.7,500,63.787087
-47.4,500,63.844675
-47.0,500,64.128249
-47.1,500,64.185409
-47.1,500,64.24221
-47.6,500,64.299091
-46.9,500,64.584542
-47.1,500,64.640365
-46.9,500,64.697725
-47.4,500,64.754021
-46.6,500,65.037536
-47.3,500,65.094191
-46.7,500,65.151613
-46.7,500,65.208318
-47.4,500,65.492832
-47.0,500,65.548945
-46.7,500,65.606835
-48.2,500,65.663099
-47.2,500,65.947506
-47.1,500,66.004302
-46.5,500,66.061654
-46.7,500,66.118318
-46.8,500,66.401971
-48.0,500,66.458687
-47.7,500,66.515138
-47.4,500,66.571907
-48.7,500,66.856677
-47.4,500,66.914231
-47.6,500,66.970645
-46.6,500,67.027427
-47.3,500,67.083699
-47.0,500,67.367691
-46.9,500,67.423114
-48.1,500,67.480265
-47.0,500,67.536056
-47.2,500,67.81952
-47.1,500,67.87672
-47.2,500,67.933243
-47.0,500,67.99073
-46.9,500,68.273627
-46.9,500,68.331214
-46.8,500,68.387692
-46.8,500,68.444885
-46.7,500,68.729189
-46.7,500,68.785241
-49.2,500,68.842014
-47.2,500,68.898388
-47.1,500,69.182592
-46.8,500,69.238678
-47.0,500,69.295697
-47.9,500,69.352111
-46.7,500,69.636323
-47.0,500,69.692939
-46.8,500,69.750418
-46.9,500,69.807007
-46.9,500,70.090212
-46.8,500,70.147808
-46.6,500,70.204278
-46.9,500,70.261072
-47.1,500,70.544034
-48.0,500,70.601469
-47.7,500,70.657526
-48.3,500,70.714592
-47.5,500,70.998463
-47.6,500,71.055218
-46.7,500,71.11257
-47.9,500,71.169574
-47.1,500,71.453347
-47.0,500,71.510267
-47.0,500,71.567889
-46.7,500,71.624592
-46.9,500,71.911199
-47.5,500,71.967279
-47.2,500,72.024878
-47.1,500,72.081116
-47.5,500,72.138061
-46.8,500,72.421915
-47.2,500,72.477965
-47.1,500,72.534559
-47.7,500,72.591263
-47.2,500,72.87564
-46.8,500,72.931721
-47.1,500,72.991288
-47.3,500,73.052168
-48.4,500,73.337547
-47.5,500,73.393256
-47.0,500,73.450007
-47.7,500,73.507182
-47.5,500,73.789438
-46.7,500,73.846985
-47.6,500,73.903562
-47.9,500,73.960938
-47.3,500,74.243506
-48.9,500,74.300895
-47.5,500,74.357318
-46.9,500,74.414301
-47.5,500,74.697404
-47.2,500,74.75508
-47.7,500,74.811426
-47.5,500,74.868606
-46.9,500,75.152784
-47.7,500,75.209003
-48.0,500,75.265861
-47.1,500,75.322317
-47.5,500,75.606197
-47.3,500,75.662158
-47.6,500,75.719237
-46.9,500,75.775933
-47.0,500,76.059675
-46.7,500,76.116121
-47.0,500,76.173366
-47.2,500,76.229838
-47.0,500,76.512848
-48.2,500,76.570171
-47.4,500,76.627043
-48.2,500,76.684582
-48.6,500,76.741297
-48.2,500,77.028007
-47.5,500,77.083681
-48.1,500,77.140619
-47.2,500,77.197188
-47.0,500,77.481087
-47.2,500,77.53683
-46.9,500,77.594218
-47.2,500,77.649372
-47.2,500,77.933946
-46.7,500,77.991487
-47.7,500,78.048139
-46.6,500,78.104798
-46.9,500,78.388506
-47.0,500,78.446411
-47.1,500,78.50318
-47.5,500,78.56067
-46.6,500,78.843776
-47.0,500,78.901125
-47.5,500,78.956692
-47.7,500,79.013714
-46.9,500,79.296828
-46.9,500,79.354371
-47.0,500,79.41106
-47.4,500,79.467327
-47.1,500,79.750663
-47.6,500,79.806605
-46.6,500,79.863972
-47.1,500,79.919666
-46.6,500,80.204044
-47.2,500,80.260521
-46.7,500,80.317885
-46.6,500,80.373872
-47.3,500,80.657301
-46.7,500,80.713614
-46.9,500,80.771301
-47.0,500,80.827858
-46.6,500,81.112649
-46.7,500,81.169306
-47.0,500,81.225103
-47.5,500,81.281462
-47.3,500,81.564002
-47.3,500,81.621225
-47.2,500,81.677341
-46.8,500,81.734767
-46.8,500,81.790694
-46.9,500,82.076262
-48.0,500,82.131964
-47.2,500,82.188636
-46.6,500,82.244348
-47.3,500,82.528181
-46.7,500,82.584133
-46.8,500,82.640989
-47.1,500,82.696884
-47.1,500,82.980148
-46.7,500,83.037247
-46.9,500,83.093127
-46.5,500,83.149693
-46.8,500,83.432477
-47.1,500,83.490268
-46.6,500,83.54658
-46.9,500,83.603523
-46.5,500,83.886446
-47.1,500,83.944216
-47.1,500,84.000601
-46.5,500,84.056634
-46.7,500,84.37183
-47.4,500,84.428784
-47.1,500,84.485173
-47.2,500,84.542083
-47.5,500,84.825905
-47.3,500,84.883426
-47.1,500,84.938953
-47.1,500,84.995198
-47.4,500,85.277265
-46.8,500,85.335317
-46.9,500,85.391217
-46.7,500,85.448193
-47.8,500,85.731507
-48.8,500,85.78855
-48.3,500,85.845754
-48.3,500,85.902531
-47.9,500,86.186163
-48.0,500,86.243214
-47.7,500,86.300802
-47.6,500,86.357101
-48.0,500,86.414164
-47.9,500,86.697981
-49.0,500,86.755327
-47.7,500,86.812563
-48.2,500,86.869157
-47.5,500,87.154116
-47.3,500,87.21031
-47.0,500,87.266847
-47.9,500,87.32309
-47.0,500,87.606847
-46.6,500,87.663812
-46.7,500,87.721338
-47.5,500,87.776707
-46.6,500,88.061889
-47.0,500,88.118811
-47.0,500,88.175293
-46.5,500,88.232483
-46.9,500,88.515714
-46.7,500,88.573504
-47.0,500,88.629818
-46.5,500,88.686986
-47.6,500,88.970272
-47.3,500,89.028265
-47.1,500,89.084758
-46.5,500,89.143903
-47.1,500,89.428314
-46.7,500,89.484583
-47.1,500,89.541981
-48.1,500,89.598411
-47.6,500,89.886588
-46.8,500,89.942284
-46.9,500,90.000117
-46.9,500,90.055776
-47.1,500,90.339976
-47.4,500,90.397477
-48.0,500,90.453869
-47.7,500,90.510849
-49.0,500,90.793263
-47.5,500,90.85078
-47.6,500,90.906571
-47.3,500,90.962904
-47.3,500,91.01903
-47.0,500,91.302242
-47.6,500,91.357854
-46.8,500,91.414789
-46.5,500,91.471065
-47.1,500,91.753459
-47.8,500,91.808738
-47.3,500,91.865592
-47.8,500,91.922339
-46.9,500,92.206736
-47.1,500,92.263528
-47.3,500,92.319311
-46.6,500,92.375808
-47.4,500,92.658895
-46.8,500,92.716097
-46.9,500,92.772062
-47.4,500,92.829092
-47.0,500,93.112919
-47.4,500,93.169544
-46.9,500,93.226788
-46.5,500,93.282519
-47.4,500,93.566755
-46.8,500,93.622927
-46.5,500,93.67989
-46.7,500,93.735434
-46.9,500,94.01912
-47.1,500,94.075209
-47.9,500,94.132328
-46.9,500,94.188559
-47.9,500,94.472853
-47.3,500,94.529847
-48.0,500,94.586409
-47.4,500,94.643522
-47.5,500,94.927174
-46.9,500,94.984308
-47.0,500,95.040506
-46.8,500,95.097395
-46.8,500,95.380183
-46.8,500,95.437802
-47.0,500,95.49456
-46.8,500,95.550886
-47.3,500,95.835032
-47.3,500,95.891573
-46.6,500,95.948184
-47.1,500,96.004228
-46.5,500,96.061152
-48.0,500,96.344023
-48.4,500,96.401483
-48.0,500,96.456905
-48.2,500,96.514034
-49.9,500,96.798062
-47.2,500,96.854505
-47.2,500,96.911689
-47.5,500,96.967674
-47.5,500,97.252238
-46.9,500,97.308032
-46.9,500,97.365278
-47.4,500,97.42181
-48.9,500,97.70531
-47.6,500,97.761682
-48.0,500,97.819383
-48.3,500,97.875386
-47.5,500,98.160276
-47.8,500,98.217503
-47.4,500,98.2737
-46.6,500,98.330145
-47.0,500,98.61278
-47.6,500,98.669864
-47.2,500,98.726158
-46.8,500,98.782715
-46.7,500,99.067391
-47.1,500,99.125317
-47.4,500,99.18157
-47.3,500,99.239022
-47.3,500,99.521049
-46.7,500,99.57851
-47.5,500,99.635183
-47.3,500,99.691889
-47.0,500,99.975633
-48.8,500,100.032048
-48.4,500,100.089737
-48.1,500,100.145817
-48.6,500,100.430057
-47.2,500,100.486297
-47.9,500,100.544122
-47.3,500,100.600136
-47.7,500,100.657249
-47.6,500,100.941193
-47.1,500,100.998207
-47.6,500,101.055453
-47.0,500,101.111907
-48.0,500,101.397648
-48.0,500,101.453822
-48.4,500,101.51111
-47.9,500,101.56722
-48.0,500,101.850667
-47.1,500,101.907987
-47.5,500,101.964106
-47.2,500,102.021029
-47.4,500,102.303886
-47.8,500,102.379935
-46.5,500,102.442025
-47.0,500,102.499384
-48.0,500,102.784786
-46.7,500,102.841445
-47.5,500,102.897939
-47.5,500,102.954196
-46.9,500,103.238416
-47.0,500,103.294995
-46.6,500,103.352416
-47.0,500,103.407976
-47.9,500,103.691951
-46.9,500,103.74852
-46.9,500,103.805813
-47.1,500,103.863324
-47.3,500,104.147308
-47.0,500,104.204967
-46.5,500,104.26155
-46.7,500,104.318316
-47.7,500,104.600993
-47.3,500,104.658114
-47.0,500,104.713691
-47.8,500,104.770881
-46.9,500,105.055597
-46.8,500,105.11264
-47.1,500,105.169544
-46.7,500,105.226184
-47.0,500,105.510381
-46.5,500,105.566598
-47.3,500,105.624222
-46.9,500,105.681143
-46.7,500,105.738355
-47.6,500,106.020444
-48.2,500,106.07793
-47.5,500,106.134759
-47.8,500,106.191165
-48.1,500,106.474608
-47.2,500,106.530798
-47.0,500,106.587952
-48.1,500,106.64382
-47.7,500,106.928685
-47.6,500,106.985095
-47.9,500,107.042588
-47.0,500,107.098773
-46.8,500,107.382538
-47.0,500,107.438798
-46.9,500,107.495504
-47.4,500,107.551563
-47.4,500,107.834111
-48.1,500,107.891587
-49.5,500,107.947101
-47.5,500,108.004941
-47.9,500,108.28751
-47.4,500,108.344879
-47.9,500,108.401191
-48.0,500,108.458116
-47.7,500,108.74264
-47.5,500,108.799037
-47.5,500,108.855447
-46.9,500,108.912045
-47.8,500,109.195702
-47.1,500,109.251856
-46.8,500,109.308795
-47.6,500,109.364818
-48.2,500,109.648934
-47.5,500,109.705582
-48.2,500,109.763146
-47.6,500,109.819958
-47.1,500,110.104604
-46.6,500,110.162308
-46.6,500,110.218579
-46.7,500,110.275832
-46.9,500,110.331399
-47.6,500,110.615646
-47.7,500,110.672004
-47.7,500,110.729368
-48.2,500,110.785104
-47.4,500,111.069307
-47.4,500,111.126909
-47.3,500,111.183538
-47.4,500,111.240535
-46.8,500,111.523824
-47.4,500,111.581217
-46.8,500,111.637815
-46.9,500,111.694634
-47.0,500,111.977756
-47.0,500,112.035364
-46.6,500,112.092074
-47.2,500,112.148673
-47.6,500,112.433107
-47.3,500,112.489491
-48.3,500,112.546143
-47.8,500,112.602826
-47.3,500,112.886379
-46.7,500,112.942584
-47.9,500,112.999243
-47.1,500,113.055912
-47.2,500,113.338914
-47.3,500,113.394841
-46.8,500,113.452384
-46.8,500,113.50876
-47.4,500,113.792777
-46.7,500,113.850215
-47.2,500,113.907222
-47.4,500,113.964199
-47.2,500,114.247211
-46.9,500,114.305347
-46.7,500,114.361877
-46.5,500,114.419241
-46.9,500,114.701666
-46.8,500,114.759563
-46.7,500,114.815069
-47.0,500,114.87216
-46.9,500,114.927841
-46.7,500,115.210832
-46.6,500,115.267787
-47.3,500,115.323969
-46.7,500,115.38128
-46.7,500,115.665533
-46.5,500,115.722455
-46.9,500,115.778299
-47.2,500,115.835143
-47.4,500,116.119785
-46.7,500,116.177414
-47.1,500,116.233238
-47.1,500,116.29042
-47.1,500,116.573555
-46.9,500,116.630829
-47.2,500,116.688428
-46.6,500,116.744909
-47.1,500,117.032061
-48.0,500,117.088654
-47.8,500,117.145653
-47.3,500,117.202139
-47.5,500,117.485892
-47.6,500,117.54196
-47.4,500,117.599497
-47.7,500,117.656532
-47.1,500,117.940152
-46.7,500,117.997928
-47.5,500,118.054709
-47.5,500,118.112137
-47.1,500,118.395323
-47.0,500,118.452823
-47.2,500,118.508633
-47.4,500,118.56649
-47.9,500,118.849926
-47.3,500,118.906677
-47.3,500,118.96371
-47.1,500,119.020189
-46.8,500,119.304675
-46.7,500,119.36042
-46.7,500,119.418211
-47.3,500,119.474327
-47.0,500,119.758042
-47.2,500,119.815727
-47.1,500,119.872295
-47.2,500,119.929474
-47.0,500,119.985917
-47.1,500,120.297096
-47.4,500,120.354954
-47.0,500,120.411631
-46.7,500,120.468685
-46.8,500,120.752228
-46.7,500,120.809671
-46.7,500,120.8654
-48.1,500,120.923115
-47.1,500,121.206085
-46.9,500,121.263205
-47.3,500,121.319714
-46.8,500,121.376029
-47.2,500,121.660668
-46.5,500,121.715928
-46.5,500,121.773277
-47.0,500,121.828792
-47.3,500,122.11353
-48.4,500,122.169405
-48.6,500,122.226545
-47.4,500,122.283409
-47.3,500,122.56722
-47.6,500,122.624406
-47.4,500,122.681074
-47.6,500,122.738043
-47.1,500,123.022049
-47.8,500,123.079631
-47.1,500,123.13577
-46.9,500,123.192702
-47.1,500,123.475092
-47.3,500,123.532909
-47.5,500,123.588939
-47.5,500,123.645955
-47.3,500,123.929071
-46.9,500,123.986225
-47.4,500,124.043068
-47.3,500,124.099577
-46.6,500,124.382595
-47.0,500,124.439276
-47.5,500,124.496543
-46.8,500,124.552125
-47.1,500,124.608999
-47.1,500,124.891235
-48.2,500,124.948448
-48.1,500,125.00453
-47.5,500,125.061864
-47.1,500,125.345546
-46.8,500,125.402147
-47.1,500,125.458485
-46.9,500,125.515432
-47.1,500,125.799287
-47.5,500,125.855788
-47.7,500,125.913124
-46.8,500,125.969341
-46.8,500,126.253229
-47.5,500,126.309059
-46.9,500,126.366747
-46.9,500,126.42374
-46.9,500,126.707016
-46.8,500,126.7644
-46.8,500,126.820911
-47.2,500,126.878461
-46.8,500,127.161948
-47.3,500,127.219368
-46.8,500,127.275563
-46.8,500,127.332528
-46.7,500,127.616547
-46.9,500,127.672932
-47.4,500,127.730068
-46.8,500,127.786206
-46.7,500,128.069289
-47.2,500,128.126193
-46.7,500,128.183742
-47.5,500,128.240312
-47.1,500,128.52408
-47.1,500,128.580686
-46.5,500,128.638104
-46.9,500,128.693983
-46.9,500,128.97845
-46.9,500,129.035641
-48.1,500,129.09236
-47.6,500,129.149227
-47.4,500,129.432445
-46.7,500,129.490278
-47.1,500,129.54627
-47.1,500,129.603776
-48.3,500,129.659794
-47.2,500,129.94456
-47.0,500,130.001179
-46.6,500,130.058514
-47.2,500,130.11439
-47.0,500,130.397562
-47.1,500,130.454431
-47.5,500,130.511047
-46.8,500,130.567849
-46.8,500,130.851462
-46.9,500,130.909195
-47.6,500,130.965809
-46.9,500,131.023015
-46.9,500,131.306795
-47.0,500,131.363584
-47.5,500,131.419491
-47.8,500,131.476576
-47.0,500,131.761484
-47.6,500,131.817477
-47.0,500,131.873532
-46.8,500,131.929911
-46.5,500,132.214046
-46.6,500,132.270771
-47.8,500,132.32775
-46.6,500,132.383968
-47.1,500,132.66851
-46.8,500,132.725104
-46.7,500,132.782429
-47.3,500,132.839146
-47.2,500,133.122051
-46.9,500,133.179677
-48.0,500,133.235588
-46.9,500,133.292256
-46.5,500,133.575634
-46.5,500,133.632603
-46.8,500,133.688756
-46.7,500,133.745572
-47.3,500,134.028559
-46.8,500,134.086087
-46.5,500,134.143276
-46.8,500,134.199819
-46.7,500,134.256387
-47.2,500,134.53936
-47.3,500,134.596589
-46.8,500,134.652227
-47.1,500,134.709776
-46.9,500,134.993177
-47.2,500,135.050312
-47.5,500,135.106243
-47.0,500,135.163673
-46.6,500,135.447018
-47.4,500,135.503576
-47.3,500,135.560699
-46.6,500,135.616833
-46.9,500,135.899854
-47.7,500,135.955399
-46.6,500,136.012803
-46.9,500,136.069069
-47.1,500,136.353726
-47.3,500,136.411016
-47.4,500,136.467632
-47.2,500,136.524643
-47.7,500,136.807293
-47.9,500,136.864065
-47.9,500,136.921164
-47.6,500,136.978304
-47.3,500,137.262157
-47.5,500,137.320131
-47.0,500,137.377455
-47.9,500,137.434213
-47.1,500,137.717274
-47.4,500,137.772933
-46.7,500,137.829998
-47.3,500,137.886715
-46.9,500,138.170708
-48.1,500,138.226685
-46.6,500,138.283697
-47.2,500,138.340016
-46.7,500,138.623588
-47.4,500,138.679283
-47.8,500,138.736411
-47.5,500,138.7926
-48.5,500,139.075699
-48.9,500,139.132405
-47.1,500,139.215014
-47.7,500,139.272105
-48.2,500,139.327872
-47.8,500,139.611776
-48.4,500,139.668973
-49.0,500,139.726348
-47.9,500,139.782786
-48.0,500,140.066325
-47.8,500,140.12382
-47.2,500,140.180534
-47.6,500,140.237912
-47.0,500,140.521294
-47.5,500,140.578725
-47.8,500,140.634968
-46.8,500,140.691879
-47.0,500,140.97514
-46.6,500,141.032628
-47.4,500,141.089256
-46.9,500,141.145721
-47.4,500,141.44014
-46.9,500,141.496285
-47.0,500,141.552932
-46.6,500,141.608795
-46.9,500,141.893596
-47.4,500,141.950331
-46.7,500,142.007315
-47.0,500,142.063509
-46.7,500,142.346852
-46.7,500,142.403697
-47.0,500,142.459709
-46.6,500,142.51673
-46.9,500,142.798611
-46.9,500,142.85597
-47.0,500,142.911958
-46.6,500,142.969055
-47.0,500,143.252219
-46.7,500,143.309541
-46.7,500,143.365518
-47.0,500,143.422769
-46.8,500,143.704935
-46.8,500,143.762202
-47.1,500,143.819278
-46.6,500,143.875664
-47.2,500,143.932762
-47.4,500,144.216371
-46.9,500,144.272859
-47.3,500,144.328807
-47.5,500,144.386075
-47.0,500,144.668686
-47.0,500,144.726019
-46.7,500,144.782363
-46.7,500,144.839314
-46.8,500,145.123757
-46.9,500,145.180178
-46.8,500,145.237551
-47.3,500,145.293062
-47.2,500,145.576911
-46.8,500,145.632877
-47.1,500,145.689961
-46.8,500,145.745711
-47.3,500,146.029932
-46.6,500,146.085608
-47.8,500,146.142651
-47.0,500,146.199292
-47.1,500,146.482539
-46.8,500,146.539117
-46.8,500,146.594303
-46.7,500,146.651436
-46.9,500,146.935726
-46.8,500,146.993156
-46.7,500,147.049133
-47.5,500,147.106229
-46.8,500,147.389661
-46.7,500,147.447107
-47.1,500,147.502319
-47.0,500,147.55959
-47.3,500,147.843958
-47.3,500,147.90076
-47.4,500,147.958388
-48.1,500,148.014499
-47.1,500,148.298048
-46.8,500,148.355222
-47.9,500,148.412208
-47.2,500,148.468413
-47.1,500,148.525374
-46.7,500,148.808064
-46.7,500,148.865548
-46.7,500,148.922044
-47.2,500,148.979248
-48.0,500,149.262084
-47.4,500,149.31938
-48.2,500,149.37644
-48.1,500,149.432199
-47.1,500,149.7169
-47.4,500,149.77331
-47.8,500,149.830287
-47.0,500,149.885993
-46.9,500,150.169616
-48.1,500,150.226495
-47.3,500,150.284134
-46.8,500,150.339571
-47.0,500,150.625638
-47.1,500,150.683725
-46.7,500,150.740305
-47.1,500,150.797315
-47.0,500,151.080753
-46.6,500,151.138714
-48.2,500,151.194858
-47.0,500,151.251378
-47.0,500,151.534492
-47.3,500,151.591499
-47.1,500,151.648522
-47.1,500,151.705209
-47.1,500,151.991625
-47.1,500,152.048168
-47.8,500,152.105331
-46.8,500,152.162504
-46.9,500,152.446964
-47.3,500,152.50337
-46.7,500,152.561426
-46.7,500,152.616702
-46.7,500,152.902485
-47.4,500,152.959774
-47.0,500,153.016437
-46.9,500,153.074059
-47.1,500,153.357928
-49.9,500,153.415617
-49.1,500,153.472
-50.1,500,153.52901
-49.2,500,153.58543
-47.3,500,153.869732
-48.2,500,153.927087
-49.3,500,153.984342
-47.4,500,154.04151
-47.1,500,154.325109
-46.8,500,154.381888
-46.8,500,154.437497
-47.2,500,154.494649
-47.7,500,154.77743
-46.9,500,154.835189
-47.0,500,154.892139
-46.6,500,154.948975
-47.4,500,155.234461
-46.6,500,155.290649
-48.0,500,155.347363
-47.0,500,155.403997
-46.8,500,155.688572
-47.1,500,155.744388
-47.4,500,155.801546
-47.9,500,155.857595
-46.8,500,156.14171
-47.1,500,156.197685
-47.0,500,156.254811
-46.9,500,156.30976
-46.6,500,156.593481
-46.8,500,156.650751
-46.7,500,156.70758
-47.2,500,156.764987
-46.8,500,157.048277
-46.8,500,157.105799
-47.1,500,157.189441
-47.8,500,157.245045
-46.7,500,157.528807
-47.1,500,157.585743
-47.0,500,157.642108
-47.4,500,157.697642
-47.0,500,157.98096
-47.4,500,158.036942
-46.5,500,158.094304
-47.1,500,158.150261
-47.3,500,158.207076
-46.7,500,158.489649
-47.0,500,158.547842
-47.6,500,158.605505
-47.4,500,158.66223
-47.0,500,158.945631
-46.7,500,159.002346
-46.6,500,159.059623
-47.7,500,159.116205
-46.7,500,159.399019
-46.9,500,159.455355
-46.5,500,159.512787
-47.1,500,159.568786
-46.7,500,159.853703
-47.0,500,159.910936
-47.3,500,159.96737
-46.8,500,160.02437
-46.9,500,160.307308
-47.3,500,160.363991
-47.1,500,160.420678
-46.9,500,160.478246
-46.7,500,160.761769
-47.3,500,160.819456
-47.1,500,160.87597
-47.1,500,160.933308
-46.7,500,161.216774
-46.7,500,161.274107
-47.5,500,161.330139
-46.7,500,161.38692
-46.7,500,161.670307
-47.9,500,161.726916
-47.5,500,161.783948
-48.0,500,161.839997
-47.2,500,162.125991
-47.5,500,162.182249
-48.4,500,162.239804
-48.9,500,162.295837
-47.2,500,162.579296
-47.0,500,162.636197
-46.7,500,162.693768
-46.8,500,162.751109
-47.0,500,163.034706
-47.1,500,163.0927
-46.9,500,163.149126
-47.3,500,163.20554
-47.1,500,163.261997
-46.7,500,163.547523
-47.2,500,163.603641
-46.8,500,163.660722
-46.7,500,163.716755
-47.7,500,163.999791
-47.1,500,164.05493
-47.1,500,164.11217
-46.9,500,164.168384
-47.7,500,164.4519
-47.2,500,164.50899
-46.6,500,164.565764
-47.0,500,164.622211
-46.7,500,164.904296
-47.8,500,164.961768
-46.7,500,165.018037
-46.8,500,165.074822
-46.7,500,165.35678
-47.4,500,165.414752
-46.7,500,165.47214
-46.6,500,165.528722
-46.6,500,165.812747
-46.8,500,165.869982
-47.0,500,165.927456
-46.8,500,165.984513
-47.0,500,166.268725
-47.0,500,166.324113
-47.8,500,166.381385
-46.9,500,166.437478
-46.5,500,166.722701
-47.0,500,166.778807
-46.9,500,166.835649
-46.7,500,166.89296
-46.7,500,167.178556
-47.2,500,167.235966
-46.9,500,167.291828
-46.5,500,167.348807
-47.3,500,167.631795
-46.7,500,167.689647
-46.5,500,167.745808
-47.0,500,167.803007
-46.8,500,167.859544
-46.7,500,168.14384
-48.1,500,168.20093
-46.7,500,168.257361
-46.7,500,168.314417
-47.5,500,168.59714
-46.8,500,168.654519
-48.0,500,168.711212
-47.2,500,168.76871
-46.7,500,169.051566
-46.5,500,169.109716
-46.8,500,169.167156
-47.7,500,169.223744
-46.8,500,169.507967
-47.8,500,169.564682
-47.4,500,169.622554
-46.9,500,169.67912
-48.0,500,169.963194
-47.2,500,170.019282
-47.7,500,170.07706
-46.9,500,170.133214
-47.2,500,170.417494
-47.4,500,170.47507
-46.5,500,170.532337
-46.9,500,170.589586
-46.9,500,170.873246
-46.6,500,170.930547
-46.7,500,170.987387
-47.0,500,171.044759
-46.9,500,171.32796
-46.7,500,171.38576
-47.3,500,171.441494
-47.3,500,171.498037
-46.6,500,171.7822
-47.3,500,171.838664
-47.0,500,171.896028
-47.6,500,171.953588
-46.9,500,172.236505
-46.6,500,172.292449
-47.0,500,172.350249
-46.5,500,172.406026
-47.0,500,172.462982
-47.5,500,172.747844
-47.2,500,172.804332
-46.7,500,172.86167
-47.0,500,172.918354
-46.6,500,173.203069
-46.8,500,173.259553
-46.6,500,173.317217
-46.9,500,173.372999
-47.2,500,173.656894
-46.5,500,173.713054
-46.5,500,173.770617
-47.3,500,173.826723
-46.5,500,174.109835
-47.5,500,174.166822
-47.1,500,174.2229
-47.0,500,174.280107
-46.8,500,174.564246
-46.7,500,174.621379
-47.2,500,174.677344
-47.0,500,174.734531
-47.9,500,175.017266
-47.2,500,175.073914
-47.9,500,175.131143
-46.9,500,175.187255
-47.0,500,175.51161
-46.7,500,175.56859
-46.8,500,175.624887
-47.4,500,175.681238
-47.0,500,175.964218
-47.2,500,176.022288
-47.1,500,176.078138
-47.1,500,176.135591
-46.5,500,176.417978
-46.9,500,176.47456
-47.1,500,176.530028
-46.5,500,176.587685
-47.8,500,176.870439
-46.6,500,176.928559
-46.7,500,176.985416
-46.9,500,177.043364
-47.1,500,177.326346
-47.7,500,177.383132
-46.9,500,177.440286
-46.9,500,177.49664
-46.5,500,177.553534
-49.1,500,177.837562
-50.0,500,177.895504
-48.8,500,177.951755
-50.6,500,178.008902
-48.3,500,178.292396
-48.2,500,178.349922
-47.9,500,178.406603
-48.3,500,178.462915
-48.1,500,178.747396
-48.5,500,178.804127
-46.8,500,178.860894
-48.0,500,178.91743
-48.0,500,179.202
-47.1,500,179.257724
-47.4,500,179.315008
-47.9,500,179.370721
-46.6,500,179.653854
-46.6,500,179.711656
-46.5,500,179.768769
-46.7,500,179.826116
-46.9,500,180.108929
-46.5,500,180.166081
-46.8,500,180.221766
-46.5,500,180.279014
-46.7,500,180.561449
-46.8,500,180.619148
-48.1,500,180.675703
-46.6,500,180.733298
-46.9,500,181.016678
-46.5,500,181.073548
-47.9,500,181.130906
-47.0,500,181.187714
-47.0,500,181.471848
-47.6,500,181.527736
-47.2,500,181.585732
-47.4,500,181.641616
-47.5,500,181.925611
-47.1,500,181.982486
-47.7,500,182.039269
-47.5,500,182.095229
-47.2,500,182.152491
-47.1,500,182.437753
-47.2,500,182.493443
-47.6,500,182.550642
-47.6,500,182.606935
-47.5,500,182.891465
-47.1,500,182.947585
-47.2,500,183.004713
-47.7,500,183.061009
-47.2,500,183.344101
-47.6,500,183.401682
-46.8,500,183.457927
-47.4,500,183.514747
-47.1,500,183.798271
-47.2,500,183.856251
-47.2,500,183.912881
-46.9,500,183.970491
-47.1,500,184.253076
-46.6,500,184.310008
-46.5,500,184.366556
-47.2,500,184.422192
-47.1,500,184.705791
-46.7,500,184.761749
-47.4,500,184.818716
-46.9,500,184.874815
-47.1,500,185.15789
-47.1,500,185.213747
-47.3,500,185.271482
-47.5,500,185.328177
-47.3,500,185.613156
-46.7,500,185.669479
-47.3,500,185.726859
-46.9,500,185.784166
-46.9,500,186.067548
-46.7,500,186.125332
-46.8,500,186.181594
-46.9,500,186.238357
-46.5,500,186.521206
-46.6,500,186.578607
-46.5,500,186.635091
-47.2,500,186.692529
-47.1,500,186.977052
-46.5,500,187.035201
-46.5,500,187.092398
-46.7,500,187.149231
-46.7,500,187.206485
-46.9,500,187.490707
-46.9,500,187.547584
-46.6,500,187.604355
-46.9,500,187.661661
-46.5,500,187.945083
-47.3,500,188.002284
-47.3,500,188.05858
-46.5,500,188.115626
-47.1,500,188.399185
-46.9,500,188.455384
-47.7,500,188.513275
-48.6,500,188.569286
-46.7,500,188.853996
-46.7,500,188.910727
-46.5,500,188.968499
-46.6,500,189.024582
-46.7,500,189.309571
-46.9,500,189.366834
-46.5,500,189.423004
-46.7,500,189.479605
-48.6,500,189.763037
-47.1,500,189.819832
-46.7,500,189.876075
-46.7,500,189.933763
-46.8,500,190.216354
-46.5,500,190.274149
-46.6,500,190.329993
-46.9,500,190.3876
-46.9,500,190.671654
-46.7,500,190.729061
-46.9,500,190.786708
-46.7,500,190.842677
-46.5,500,191.126141
-46.7,500,191.183079
-46.5,500,191.24081
-46.5,500,191.297104
-46.5,500,191.581556
-47.1,500,191.638112
-46.5,500,191.69598
-46.5,500,191.752301
-46.7,500,191.809483
-50.8,500,192.096008
-50.3,500,192.152337
-50.5,500,192.209953
-49.0,500,192.265982
-47.6,500,192.550182
-51.1,500,192.606718
-49.6,500,192.663865
-49.5,500,192.720968
-48.9,500,193.003995
-47.3,500,193.061668
-47.2,500,193.118014
-47.6,500,193.175577
-47.0,500,193.457581
-47.0,500,193.51415
-48.0,500,193.570889
-47.6,500,193.62815
-46.8,500,193.91184
-46.9,500,193.968256
-47.0,500,194.025759
-47.5,500,194.081882
-47.0,500,194.365212
-46.7,500,194.421932
-47.4,500,194.479345
-46.8,500,194.535603
-46.8,500,194.845736
-47.2,500,194.90323
-47.1,500,194.959617
-47.4,500,195.016741
-47.2,500,195.299896
-46.8,500,195.357412
-46.9,500,195.41428
-47.3,500,195.471885
-47.0,500,195.755303
-47.0,500,195.81281
-46.8,500,195.868622
-46.7,500,195.926349
-47.4,500,196.209667
-47.1,500,196.266051
-46.6,500,196.32334
-47.1,500,196.379032
-46.9,500,196.663406
-47.1,500,196.720326
-46.7,500,196.777501
-46.7,500,196.833735
-46.8,500,196.890744
-46.9,500,197.176675
-47.3,500,197.232878
-47.2,500,197.290649
-46.7,500,197.347173
-47.2,500,197.630503
-47.0,500,197.686304
-46.7,500,197.743541
-47.1,500,197.800594
-47.7,500,198.083672
-46.6,500,198.140612
-46.5,500,198.196762
-46.7,500,198.25334
-47.1,500,198.53545
-47.1,500,198.593292
-46.6,500,198.64994
-46.8,500,198.706634
-47.1,500,198.989441
-46.5,500,199.047247
-46.9,500,199.103742
-46.7,500,199.160249
-47.3,500,199.444301
-48.9,500,199.500321
-48.4,500,199.556924
-48.7,500,199.613062
-47.3,500,199.897026
-47.0,500,199.95396
-47.5,500,200.012798
-47.8,500,200.073968
-47.2,500,200.3585
-47.1,500,200.41587
-48.0,500,200.471789
-48.3,500,200.52859
-47.4,500,200.811198
-48.1,500,200.868902
-48.1,500,200.925397
-48.3,500,200.988314
-48.1,500,201.300262
-47.5,500,201.36343
-47.3,500,201.426998
-47.2,500,201.484975
-47.2,500,201.546539
-47.4,500,201.845194
-47.0,500,201.901549
-46.7,500,201.96041
-47.2,500,202.017137
-47.0,500,202.303087
-47.2,500,202.360217
-47.6,500,202.41651
-47.2,500,202.473273
-46.9,500,202.758024
-47.0,500,202.817789
-47.2,500,202.881318
-46.9,500,202.941295
-46.8,500,203.22571
-47.5,500,203.283103
-48.1,500,203.339753
-46.8,500,203.395212
-47.2,500,203.680183
-46.7,500,203.736059
-47.7,500,203.792943
-46.8,500,203.848492
-47.5,500,204.132504
-47.4,500,204.188312
-47.9,500,204.244931
-47.4,500,204.301486
-46.7,500,204.585351
-46.7,500,204.642749
-47.3,500,204.700067
-46.6,500,204.756893
-47.2,500,205.040741
-47.4,500,205.097873
-46.9,500,205.154649
-47.4,500,205.211902
-47.1,500,205.495427
-46.6,500,205.553326
-46.6,500,205.609611
-46.8,500,205.667598
-47.4,500,205.951446
-47.2,500,206.007139
-47.3,500,206.064459
-47.5,500,206.120712
-46.6,500,206.177819
-47.2,500,206.462304
-47.3,500,206.51963
-47.6,500,206.575626
-47.6,500,206.632689
-47.1,500,206.916516
-48.3,500,206.974746
-46.6,500,207.030239
-46.6,500,207.087457
-46.9,500,207.372606
-46.7,500,207.428998
-48.1,500,207.486529
-47.2,500,207.542886
-46.9,500,207.826527
-47.3,500,207.882958
-46.6,500,207.940294
-46.6,500,207.997073
-46.5,500,208.281019
-47.6,500,208.338001
-46.7,500,208.393784
-46.8,500,208.450452
-46.8,500,208.734386
-47.1,500,208.791801
-46.6,500,208.847576
-46.9,500,208.904942
-46.8,500,209.187552
-46.8,500,209.245279
-47.0,500,209.302403
-46.7,500,209.358454
-47.0,500,209.642785
-46.8,500,209.699087
-46.7,500,209.755926
-46.7,500,209.811387
-47.2,500,210.095087
-47.4,500,210.152006
-47.3,500,210.20919
-47.4,500,210.26584
-47.3,500,210.550038
-47.4,500,210.607765
-47.3,500,210.663793
-46.8,500,210.720621
-47.2,500,211.004136
-47.4,500,211.061856
-46.8,500,211.118866
-47.2,500,211.175738
-46.6,500,211.231268
-46.7,500,211.515921
-47.0,500,211.572103
-46.8,500,211.629315
-46.7,500,211.685651
-46.9,500,211.970118
-47.0,500,212.026942
-46.7,500,212.083934
-46.9,500,212.141523
-46.7,500,212.425481
-46.7,500,212.482958
-46.6,500,212.539578
-47.4,500,212.597223
-46.9,500,212.880675
-46.7,500,212.938131
-47.1,500,212.994208
-47.0,500,213.079844
-47.3,500,213.364097
-46.9,500,213.420634
-46.7,500,213.477789
-47.1,500,213.533803
-48.0,500,213.824937
-48.0,500,213.881937
-49.1,500,213.939193
-47.6,500,213.995984
-47.9,500,214.28017
-47.6,500,214.337989
-47.4,500,214.393918
-47.0,500,214.45076
-47.1,500,214.73358
-47.1,500,214.791297
-47.7,500,214.848038
-47.8,500,214.904945
-47.2,500,215.189231
-46.8,500,215.246678
-46.7,500,215.304105
-47.3,500,215.360354
-47.0,500,215.644183
-47.5,500,215.700262
-46.5,500,215.757578
-47.3,500,215.814481
-46.9,500,215.871879
-46.9,500,216.15464
-46.9,500,216.21216
-47.1,500,216.269421
-46.8,500,216.326242
-46.7,500,216.609605
-46.8,500,216.666197
-47.2,500,216.723662
-46.9,500,216.779797
-46.7,500,217.06513
-46.7,500,217.121434
-47.0,500,217.178315
-47.1,500,217.233892
-47.2,500,217.519396
-47.7,500,217.577058
-47.2,500,217.633173
-46.6,500,217.689807
-48.3,500,217.97365
-48.5,500,218.031414
-48.2,500,218.08746
-48.5,500,218.144273
-47.6,500,218.42936
-48.5,500,218.486271
-47.4,500,218.542653
-47.4,500,218.598176
-47.0,500,218.881293
-46.7,500,218.938105
-47.0,500,218.995214
-47.4,500,219.051124
-47.2,500,219.334687
-46.7,500,219.391449
-46.9,500,219.44958
-46.8,500,219.505772
-47.3,500,219.790128
-47.0,500,219.847493
-47.7,500,219.904741
-46.7,500,219.962139
-47.2,500,220.245496
-47.1,500,220.303154
-47.3,500,220.359763
-46.7,500,220.417062
-46.6,500,220.700529
-46.7,500,220.75896
-46.5,500,220.81447
-47.0,500,220.871955
-47.8,500,220.928585
-46.5,500,221.211951
-46.8,500,221.26874
-46.5,500,221.324909
-46.8,500,221.381676
-47.5,500,221.665076
-48.4,500,221.722617
-48.0,500,221.77979
-48.2,500,221.836996
-47.6,500,222.122277
-47.4,500,222.179651
-48.1,500,222.236759
-47.8,500,222.292656
-47.2,500,222.575882
-47.3,500,222.63276
-46.9,500,222.689364
-47.0,500,222.745117
-47.8,500,223.029942
-47.1,500,223.086424
-47.6,500,223.14381
-48.4,500,223.199734
-47.4,500,223.483485
-46.8,500,223.539857
-47.3,500,223.597731
-46.6,500,223.654359
-46.9,500,223.941214
-49.0,500,223.998443
-47.4,500,224.055057
-47.2,500,224.111785
-48.7,500,224.39504
-46.9,500,224.45185
-47.1,500,224.508652
-47.7,500,224.565772
-47.2,500,224.848971
-47.3,500,224.906109
-46.5,500,224.962349
-47.0,500,225.019044
-47.0,500,225.302214
-46.5,500,225.358273
-46.5,500,225.416079
-46.9,500,225.472713
-46.5,500,225.529912
-46.6,500,225.812506
-47.0,500,225.869583
-46.5,500,225.925385
-46.7,500,225.982153
-48.0,500,226.266167
-46.9,500,226.32392
-47.4,500,226.380242
-47.3,500,226.437113
-47.1,500,226.721972
-48.1,500,226.778741
-47.0,500,226.836484
-47.7,500,226.892722
-46.8,500,227.178608
-46.9,500,227.235542
-47.0,500,227.292413
-47.1,500,227.348489
-46.9,500,227.632898
-46.8,500,227.689103
-47.0,500,227.744816
-47.7,500,227.800894
-47.7,500,228.0844
-46.8,500,228.142235
-47.7,500,228.199029
-47.0,500,228.256615
-46.8,500,228.539531
-46.8,500,228.596355
-46.8,500,228.652754
-46.9,500,228.710085
-47.5,500,228.995342
-47.1,500,229.051636
-46.5,500,229.108754
-47.1,500,229.16443
-46.6,500,229.446961
-47.0,500,229.503504
-47.2,500,229.5601
-47.0,500,229.616657
-46.5,500,229.901568
-47.1,500,229.958365
-47.1,500,230.015863
-47.2,500,230.071414
-46.7,500,230.12906
-46.6,500,230.412546
-46.8,500,230.469001
-46.8,500,230.526289
-46.7,500,230.582177
-48.4,500,230.86593
-47.3,500,230.921598
-48.0,500,230.979018
-47.8,500,231.034585
-47.4,500,231.325146
-47.8,500,231.381819
-47.3,500,231.438756
-47.8,500,231.496515
-47.9,500,231.81435
-46.6,500,231.871045
-46.8,500,231.928093
-48.0,500,231.984815
-47.8,500,232.269861
-47.2,500,232.32573
-46.8,500,232.383311
-46.9,500,232.439695
-46.9,500,232.724363
-47.6,500,232.781968
-47.1,500,232.83909
-46.9,500,232.896361
-46.7,500,233.179911
-46.9,500,233.237129
-46.6,500,233.294264
-47.0,500,233.351904
-46.8,500,233.635457
-46.9,500,233.692828
-47.3,500,233.749292
-46.9,500,233.806738
-47.1,500,234.091536
-47.5,500,234.148738
-47.3,500,234.205983
-47.3,500,234.262418
-48.0,500,234.545816
-47.0,500,234.602485
-47.7,500,234.659946
-47.2,500,234.716665
-47.8,500,235.00116
-47.2,500,235.058478
-47.6,500,235.116331
-47.1,500,235.172845
-47.2,500,235.230038
-47.0,500,235.513839
-46.9,500,235.569516
-47.0,500,235.62683
-47.2,500,235.682942
-46.6,500,235.967504
-47.3,500,236.024054
-48.2,500,236.080858
-46.9,500,236.13783
-46.8,500,236.422819
-46.7,500,236.479739
-46.5,500,236.537315
-46.9,500,236.594514
-47.6,500,236.878381
-47.1,500,236.936369
-46.7,500,236.993509
-46.6,500,237.050484
-47.7,500,237.334169
-47.2,500,237.392042
-47.7,500,237.447389
-48.6,500,237.504237
-48.0,500,237.788399
-46.9,500,237.844911
-47.8,500,237.901964
-47.1,500,237.957682
-47.1,500,238.241281
-46.8,500,238.297532
-47.3,500,238.35445
-47.2,500,238.410016
-46.9,500,238.694523
-46.6,500,238.751412
-47.0,500,238.80816
-48.0,500,238.865789
-46.8,500,239.148431
-47.2,500,239.206002
-47.4,500,239.261467
-46.9,500,239.318543
-47.1,500,239.600492
-46.7,500,239.657834
-46.6,500,239.714984
-46.7,500,239.772307
-46.8,500,239.828839
-47.1,500,240.113169
-47.5,500,240.170823
-46.9,500,240.226626
-47.2,500,240.283179
-46.8,500,240.566852
-46.6,500,240.624356
-46.7,500,240.679808
-47.4,500,240.737156
-46.7,500,241.022046
-47.1,500,241.079692
-47.5,500,241.136333
-46.7,500,241.193837
-46.6,500,241.477399
-46.7,500,241.533513
-46.9,500,241.59083
-46.5,500,241.647165
-46.8,500,241.931902
-47.0,500,241.988839
-46.8,500,242.046011
-47.1,500,242.101709
-47.8,500,242.386149
-46.8,500,242.443684
-46.7,500,242.500134
-46.7,500,242.557317
-47.3,500,242.840713
-46.5,500,242.897348
-46.6,500,242.953223
-46.6,500,243.0103
-47.5,500,243.292242
-46.5,500,243.349873
-47.1,500,243.406586
-47.1,500,243.463447
-47.0,500,243.746847
-47.1,500,243.803501
-47.0,500,243.860865
-48.3,500,243.916765
-46.9,500,244.201621
-48.0,500,244.257889
-47.1,500,244.315515
-47.0,500,244.371326
-47.3,500,244.655594
-47.3,500,244.713178
-46.6,500,244.769659
-46.6,500,244.826986
-47.2,500,244.882874
-47.0,500,245.167777
-48.3,500,245.224125
-47.6,500,245.281007
-47.7,500,245.337176
-47.4,500,245.622125
-48.5,500,245.678087
-47.0,500,245.735381
-47.7,500,245.791529
-47.4,500,246.075932
-47.1,500,246.133582
-47.5,500,246.190067
-46.7,500,246.247648
-47.4,500,246.531395
-47.5,500,246.588892
-47.5,500,246.645263
-47.2,500,246.703306
-47.1,500,246.9874
-47.2,500,247.045038
-46.7,500,247.101404
-46.9,500,247.157577
-47.1,500,247.442742
-47.6,500,247.499565
-47.0,500,247.557093
-47.3,500,247.613654
-46.9,500,247.898159
-47.3,500,247.954692
-46.9,500,248.011919
-47.8,500,248.067687
-47.5,500,248.351676
-47.0,500,248.409017
-46.8,500,248.465117
-46.5,500,248.522569
-47.2,500,248.80597
-47.3,500,248.86257
-46.6,500,248.91927
-46.6,500,248.976335
-47.3,500,249.258197
-46.7,500,249.31582
-46.5,500,249.371177
-46.6,500,249.428281
-46.8,500,249.484948
-46.8,500,249.768853
-47.3,500,249.826587
-47.7,500,249.882809
-46.6,500,249.93974
-46.9,500,250.222593
-46.7,500,250.280266
-46.6,500,250.337105
-46.9,500,250.421838
-48.5,500,250.70737
-47.3,500,250.763214
-47.9,500,250.820482
-48.0,500,250.876361
-47.6,500,251.160723
-47.3,500,251.218399
-47.8,500,251.27536
-47.5,500,251.33229
-47.5,500,251.615571
-47.0,500,251.673605
-47.2,500,251.730038
-47.0,500,251.786942
-47.1,500,252.073178
-47.4,500,252.130644
-47.6,500,252.187487
-47.0,500,252.243324
-46.7,500,252.527275
-47.2,500,252.58352
-47.8,500,252.640105
-47.7,500,252.695332
-46.6,500,252.979576
-47.0,500,253.036192
-46.5,500,253.094129
-47.2,500,253.150811
-46.8,500,253.434797
-47.0,500,253.491101
-47.1,500,253.548185
-46.6,500,253.605019
-47.2,500,253.889175
-47.2,500,253.946864
-46.7,500,254.003403
-47.4,500,254.060577
-47.4,500,254.343818
-46.9,500,254.401874
-47.0,500,254.458675
-46.7,500,254.516023
-46.7,500,254.572009
-47.8,500,254.857021
-46.8,500,254.914648
-47.3,500,254.971015
-47.4,500,255.027876
-47.5,500,255.310563
-47.0,500,255.367764
-47.1,500,255.423392
-47.5,500,255.480712
-47.2,500,255.764871
-46.7,500,255.821787
-46.9,500,255.878194
-47.6,500,255.935427
-46.7,500,256.219451
-46.5,500,256.276272
-47.0,500,256.33361
-46.6,500,256.38952
-46.9,500,256.6734
-47.1,500,256.729545
-47.0,500,256.786248
-47.0,500,256.841922
-47.2,500,257.128128
-46.7,500,257.185494
-47.7,500,257.241154
-47.1,500,257.297829
-46.9,500,257.580957
-46.8,500,257.637897
-47.0,500,257.69421
-46.7,500,257.751713
-46.7,500,258.034894
-46.9,500,258.092205
-47.3,500,258.148283
-46.8,500,258.205213
-47.4,500,258.488192
-46.7,500,258.544284
-46.7,500,258.60127
-46.7,500,258.657972
-46.9,500,258.942987
-47.2,500,258.999005
-47.2,500,259.05576
-47.4,500,259.111716
-47.2,500,259.168909
-47.3,500,259.452555
-47.2,500,259.508416
-46.5,500,259.564335
-48.2,500,259.621339
-46.7,500,259.906603
-46.9,500,259.962415
-46.7,500,260.019238
-47.0,500,260.075236
-46.5,500,260.358611
-48.1,500,260.414768
-47.1,500,260.471843
-46.6,500,260.527796
-47.8,500,260.81122
-47.1,500,260.868817
-48.0,500,260.925269
-47.2,500,260.981799
-48.2,500,261.265531
-48.2,500,261.322483
-47.5,500,261.378917
-47.5,500,261.435811
-47.6,500,261.718326
-47.4,500,261.775736
-48.0,500,261.832492
-46.9,500,261.888306
-46.9,500,262.174213
-46.9,500,262.229937
-47.8,500,262.287391
-47.0,500,262.342755
-47.1,500,262.626483
-46.9,500,262.683392
-47.1,500,262.740168
-47.8,500,262.796154
-47.0,500,263.079185
-46.8,500,263.136627
-47.5,500,263.193001
-46.9,500,263.25022
-46.9,500,263.533585
-47.7,500,263.591367
-47.1,500,263.647829
-47.1,500,263.704788
-46.6,500,263.761204
-47.2,500,264.045255
-46.6,500,264.101343
-46.7,500,264.158416
-48.1,500,264.21434
-47.1,500,264.499358
-46.6,500,264.556697
-46.8,500,264.612995
-46.8,500,264.670236
-48.0,500,264.953331
-46.9,500,265.010382
-46.8,500,265.066594
-46.5,500,265.123325
-47.0,500,265.406657
-47.5,500,265.463951
-46.8,500,265.520009
-47.6,500,265.577281
-47.1,500,265.862196
-46.6,500,265.91888
-47.0,500,265.975952
-46.9,500,266.032697
-47.9,500,266.316009
-46.7,500,266.372749
-47.5,500,266.430351
-46.5,500,266.486551
-47.5,500,266.770338
-47.4,500,266.826815
-46.7,500,266.88406
-46.9,500,266.94045
-46.9,500,267.226744
-46.6,500,267.284127
-46.8,500,267.340759
-47.2,500,267.398419
-47.5,500,267.681383
-46.7,500,267.738718
-47.1,500,267.794848
-47.5,500,267.851883
-46.5,500,268.136717
-46.7,500,268.193348
-46.5,500,268.250009
-46.7,500,268.306597
-46.6,500,268.590074
-46.6,500,268.645829
-46.8,500,268.703395
-47.0,500,268.759911
-47.0,500,268.81664
-46.7,500,269.132512
-48.4,500,269.188054
-46.9,500,269.245376
-46.9,500,269.301698
-46.8,500,269.585834
-46.7,500,269.641601
-46.8,500,269.69919
-47.2,500,269.755439
-46.7,500,270.040124
-47.0,500,270.097938
-46.6,500,270.153836
-47.1,500,270.21157
-47.3,500,270.494861
-46.7,500,270.552568
-47.0,500,270.608003
-46.8,500,270.665841
-46.6,500,270.949026
-47.0,500,271.005985
-46.8,500,271.061403
-47.0,500,271.119036
-46.9,500,271.403038
-47.4,500,271.459279
-47.9,500,271.516044
-47.2,500,271.572379
-47.1,500,271.856141
-47.2,500,271.912685
-48.0,500,271.970662
-47.2,500,272.027437
-47.2,500,272.312189
-47.7,500,272.368252
-46.7,500,272.425601
-46.6,500,272.481288
-47.6,500,272.765236
-47.3,500,272.821896
-47.2,500,272.878335
-46.9,500,272.935499
-46.8,500,273.218082
-46.9,500,273.275216
-47.6,500,273.331431
-47.0,500,273.388634
-46.9,500,273.444851
-47.0,500,273.728382
-46.7,500,273.785816
-47.2,500,273.842304
-46.6,500,273.899605
-46.7,500,274.182892
-46.7,500,274.240572
-47.0,500,274.297038
-47.3,500,274.354331
-46.6,500,274.638464
-47.5,500,274.696238
-47.1,500,274.753545
-47.5,500,274.810851
-47.4,500,275.095216
-47.0,500,275.151356
-47.4,500,275.208697
-46.6,500,275.265637
-46.5,500,275.548639
-47.1,500,275.6043
-47.6,500,275.661719
-47.3,500,275.717774
-46.9,500,276.002901
-47.4,500,276.059673
-47.4,500,276.116193
-47.1,500,276.172006
-46.5,500,276.456315
-47.9,500,276.514044
-47.1,500,276.570253
-47.6,500,276.627085
-47.5,500,276.910945
-46.9,500,276.968178
-48.1,500,277.02475
-46.9,500,277.08193
-46.9,500,277.366076
-47.6,500,277.423632
-47.8,500,277.479744
-48.5,500,277.537203
-46.8,500,277.820324
-46.9,500,277.876353
-47.1,500,277.93346
-47.3,500,277.989886
-48.3,500,278.273738
-46.8,500,278.330312
-47.0,500,278.387186
-47.5,500,278.443026
-46.8,500,278.500161
-46.8,500,278.783547
-46.8,500,278.84107
-47.1,500,278.896311
-47.1,500,278.952835
-47.0,500,279.237967
-46.9,500,279.294404
-46.8,500,279.351265
-46.7,500,279.407179
-47.8,500,279.690976
-48.0,500,279.746798
-48.2,500,279.803827
-47.8,500,279.85993
-47.3,500,280.144462
-47.2,500,280.201658
-47.7,500,280.257964
-47.5,500,280.314987
-47.1,500,280.597928
-47.1,500,280.654771
-47.3,500,280.711126
-48.4,500,280.768607
-47.2,500,281.051358
-46.9,500,281.10948
-46.9,500,281.16634
-46.7,500,281.222418
-46.7,500,281.507301
-47.4,500,281.563996
-47.7,500,281.620734
-49.8,500,281.676884
-48.0,500,281.96078
-47.5,500,282.017805
-47.2,500,282.075299
-47.1,500,282.131017
-48.1,500,282.417099
-47.4,500,282.47343
-47.9,500,282.531203
-47.7,500,282.588487
-48.0,500,282.871858
-47.3,500,282.929545
-48.0,500,282.985904
-48.1,500,283.043651
-47.4,500,283.099775
-47.9,500,283.384604
-47.3,500,283.44151
-48.2,500,283.497225
-47.7,500,283.553993
-47.4,500,283.838127
-47.8,500,283.895569
-47.0,500,283.952084
-47.1,500,284.009343
-47.4,500,284.292496
-47.1,500,284.349997
-47.5,500,284.406524
-47.9,500,284.463655
-46.8,500,284.748366
-46.7,500,284.805377
-46.7,500,284.86306
-47.2,500,284.919553
-47.4,500,285.203856
-46.8,500,285.259652
-46.9,500,285.317249
-47.1,500,285.373557
-46.9,500,285.658201
-48.0,500,285.715851
-46.8,500,285.773052
-46.7,500,285.830462
-46.6,500,286.114464
-46.8,500,286.172084
-46.7,500,286.228388
-47.1,500,286.285366
-46.7,500,286.568498
-46.8,500,286.626332
-47.1,500,286.683632
-46.9,500,286.739845
-47.1,500,287.025813
-46.9,500,287.082641
-46.7,500,287.140037
-46.7,500,287.195972
-46.8,500,287.48006
-46.9,500,287.535885
-47.9,500,287.593525
-46.7,500,287.650231
-46.9,500,287.70723
-47.7,500,287.991799
-47.6,500,288.048126
-48.0,500,288.104876
-47.7,500,288.161439
-47.4,500,288.446245
-47.4,500,288.502222
-47.3,500,288.559625
-47.1,500,288.615371
-47.0,500,288.930464
-47.6,500,288.98831
-47.0,500,289.044619
-48.1,500,289.102975
-47.4,500,289.399436
-47.0,500,289.455197
-46.5,500,289.512755
-46.6,500,289.56895
-47.0,500,289.853723
-46.7,500,289.910593
-46.8,500,289.967046
-46.8,500,290.022931
-47.1,500,290.306864
-46.9,500,290.363272
-46.9,500,290.420861
-47.0,500,290.478143
-46.6,500,290.761056
-47.0,500,290.818282
-46.7,500,290.874655
-47.6,500,290.931965
-47.1,500,291.215198
-46.5,500,291.272298
-46.7,500,291.327928
-46.7,500,291.385079
-47.1,500,291.667706
-47.0,500,291.725023
-46.8,500,291.781892
-46.8,500,291.837898
-47.2,500,292.12345
-46.9,500,292.180166
-46.8,500,292.237544
-47.1,500,292.293968
-47.4,500,292.57817
-46.8,500,292.635097
-47.0,500,292.692912
-46.6,500,292.749426
-46.8,500,292.805458
-46.8,500,293.090646
-47.5,500,293.146849
-47.1,500,293.203281
-47.4,500,293.259336
-46.8,500,293.543826
-46.9,500,293.600209
-46.8,500,293.657691
-47.5,500,293.714101
-46.7,500,293.997541
-47.3,500,294.053089
-48.2,500,294.110503
-46.8,500,294.166159
-47.5,500,294.449498
-46.9,500,294.505764
-47.5,500,294.56139
-47.3,500,294.61873
-47.0,500,294.902475
-46.7,500,294.959608
-47.3,500,295.01589
-46.7,500,295.072697
-46.6,500,295.356948
-46.5,500,295.413544
-46.8,500,295.470043
-46.5,500,295.526086
-47.3,500,295.809469
-46.9,500,295.864796
-47.0,500,295.922478
-46.5,500,295.979052
-46.5,500,296.262492
-46.7,500,296.319383
-46.7,500,296.376745
-46.5,500,296.432818
-46.7,500,296.716211
-47.5,500,296.773851
-47.8,500,296.830235
-47.6,500,296.886577
-47.5,500,297.171148
-47.3,500,297.228244
-46.6,500,297.284452
-46.7,500,297.341186
-46.9,500,297.397522
-47.6,500,297.681924
-46.8,500,297.739986
-47.1,500,297.796699
-47.5,500,297.853719
-47.3,500,298.137179
-47.5,500,298.194929
-46.8,500,298.251094
-46.7,500,298.308442
-47.0,500,298.591111
-47.2,500,298.648426
-46.8,500,298.704708
-46.6,500,298.762311
-46.8,500,299.047449
-46.5,500,299.104057
-47.1,500,299.161202
-46.9,500,299.217326
-46.7,500,299.501611
-46.9,500,299.557762
-46.5,500,299.615247
-46.6,500,299.670905
-47.3,500,299.954788
-46.9,500,300.011405
-47.1,500,300.068466
-46.8,500,300.124249
-47.1,500,300.408675
-46.5,500,300.46631
-46.8,500,300.521975
-46.9,500,300.579104
-46.9,500,300.86205
-46.9,500,300.918742
-46.9,500,300.97553
-47.2,500,301.033029
-47.0,500,301.316695
-46.5,500,301.373284
-47.2,500,301.430239
-47.2,500,301.487439
-47.4,500,301.771942
-47.0,500,301.827741
-46.9,500,301.885203
-46.8,500,301.941549
-47.1,500,302.227218
-46.8,500,302.283772
-47.2,500,302.34158
-47.4,500,302.398496
-46.7,500,302.455219
-47.1,500,302.740401
-47.3,500,302.796927
-47.1,500,302.85372
-46.7,500,302.909766
-47.3,500,303.194146
-46.7,500,303.250198
-47.0,500,303.307463
-46.7,500,303.363009
-48.2,500,303.645216
-47.6,500,303.701666
-48.0,500,303.758536
-48.3,500,303.816155
-47.5,500,304.099211
-47.6,500,304.155798
-47.8,500,304.212196
-47.3,500,304.269533
-47.1,500,304.552815
-47.0,500,304.610535
-47.0,500,304.666177
-46.6,500,304.722817
-47.9,500,305.00707
-47.2,500,305.063875
-47.1,500,305.120823
-47.5,500,305.177257
-46.9,500,305.46043
-46.7,500,305.517156
-46.6,500,305.574297
-47.4,500,305.62968
-47.1,500,305.91325
-47.0,500,305.970214
-46.6,500,306.027747
-46.9,500,306.084083
-47.4,500,306.368166
-46.9,500,306.424833
-46.9,500,306.481249
-47.4,500,306.538859
-47.2,500,306.822279
-46.8,500,306.879424
-47.2,500,306.935435
-47.7,500,306.992743
-46.9,500,307.049373
-46.9,500,307.334087
-46.7,500,307.390442
-47.2,500,307.447322
-46.8,500,307.50301
-47.0,500,307.786905
-47.7,500,307.844447
-47.1,500,307.90069
-47.5,500,307.957386
-47.0,500,308.240788
-46.8,500,308.298677
-47.1,500,308.354322
-47.4,500,308.411576
-46.9,500,308.695374
-47.5,500,308.752173
-46.7,500,308.809564
-47.6,500,308.866153
-47.0,500,309.151189
-46.9,500,309.207474
-47.0,500,309.26519
-47.3,500,309.321584
-46.8,500,309.636962
-46.8,500,309.69405
-47.2,500,309.750305
-47.6,500,309.807342
-46.6,500,310.08991
-46.7,500,310.147134
-46.9,500,310.203007
-47.2,500,310.260543
-47.2,500,310.54388
-47.3,500,310.601404
-46.5,500,310.656655
-46.5,500,310.713371
-46.9,500,310.997517
-47.2,500,311.054421
-47.1,500,311.111439
-47.4,500,311.167779
-47.6,500,311.452194
-47.6,500,311.508467
-47.7,500,311.566075
-46.8,500,311.622255
-47.1,500,311.906365
-47.5,500,311.963514
-46.9,500,312.019778
-46.9,500,312.076651
-46.9,500,312.13197
-47.3,500,312.417136
-47.1,500,312.473692
-47.8,500,312.530415
-47.3,500,312.585748
-48.3,500,312.869219
-46.8,500,312.92645
-47.2,500,312.982894
-46.7,500,313.0389
-46.6,500,313.322237
-47.0,500,313.379405
-48.4,500,313.435813
-46.7,500,313.492929
-46.9,500,313.775912
-47.8,500,313.834084
-47.0,500,313.890792
-47.3,500,313.948015
-47.5,500,314.23077
-47.6,500,314.28772
-47.9,500,314.344386
-46.9,500,314.401489
-47.6,500,314.685932
-46.6,500,314.742715
-47.0,500,314.800185
-46.7,500,314.85671
-47.5,500,315.140834
-47.0,500,315.19664
-47.5,500,315.254254
-47.4,500,315.309797
-47.5,500,315.594336
-46.8,500,315.651671
-46.8,500,315.707655
-47.6,500,315.765254
-47.1,500,316.048932
-47.3,500,316.106583
-47.2,500,316.162098
-46.9,500,316.218699
-46.6,500,316.501248
-46.7,500,316.558373
-46.5,500,316.615653
-46.9,500,316.671839
-46.7,500,316.728273
-46.8,500,317.012468
-47.1,500,317.070479
-47.1,500,317.126302
-46.7,500,317.182891
-47.2,500,317.465897
-48.1,500,317.523993
-47.3,500,317.580346
-47.5,500,317.637273
-47.7,500,317.921377
-46.9,500,317.978106
-47.4,500,318.034698
-47.4,500,318.091067
-47.6,500,318.376072
-47.3,500,318.432195
-47.5,500,318.489802
-47.1,500,318.545961
-47.7,500,318.830169
-48.8,500,318.88636
-48.5,500,318.94375
-46.6,500,319.000681
-46.7,500,319.285073
-47.5,500,319.342376
-46.5,500,319.398737
-47.0,500,319.456274
-47.2,500,319.739293
-46.7,500,319.796464
-47.5,500,319.853466
-46.9,500,319.911037
-47.4,500,320.194805
-46.9,500,320.252157
-46.9,500,320.308635
-46.7,500,320.365952
-47.2,500,320.649633
-46.8,500,320.70705
-46.5,500,320.764075
-47.7,500,320.820659
-47.5,500,321.103957
-46.8,500,321.160758
-46.7,500,321.218001
-49.2,500,321.274803
-48.1,500,321.332855
-46.7,500,321.615949
-46.5,500,321.673204
-47.5,500,321.729294
-46.7,500,321.786084
-48.0,500,322.089513
-48.6,500,322.150431
-48.0,500,322.212131
-48.0,500,322.273733
-48.2,500,322.585997
-47.6,500,322.652644
-48.3,500,322.709091
-47.5,500,322.766567
-48.3,500,323.052893
-47.9,500,323.109924
-47.2,500,323.167219
-47.4,500,323.223304
-46.7,500,323.508805
-46.5,500,323.564149
-47.0,500,323.622046
-46.7,500,323.677852
-47.1,500,323.982007
-47.0,500,324.039484
-47.0,500,324.096149
-46.7,500,324.153111
-47.0,500,324.438161
-47.1,500,324.495991
-48.1,500,324.553258
-47.2,500,324.609798
-46.6,500,324.893931
-46.6,500,324.95048
-47.1,500,325.007822
-46.5,500,325.064178
-47.3,500,325.347872
-47.3,500,325.404376
-47.6,500,325.461473
-46.9,500,325.51713
-46.6,500,325.801562
-46.8,500,325.858991
-47.2,500,325.916056
-47.3,500,325.972574
-46.9,500,326.255309
-46.6,500,326.313616
-47.1,500,326.370344
-47.6,500,326.427626
-47.2,500,326.48382
-47.2,500,326.768004
-46.6,500,326.825448
-46.5,500,326.88178
-46.7,500,326.939195
-46.8,500,327.233368
-47.1,500,327.290802
-47.2,500,327.346672
-46.6,500,327.404194
-47.1,500,327.689684
-46.5,500,327.746701
-47.2,500,327.804043
-46.5,500,327.860313
-48.4,500,328.174074
-46.5,500,328.230896
-46.8,500,328.287531
-46.9,500,328.344289
-47.3,500,328.628221
-47.4,500,328.685386
-47.1,500,328.741722
-48.2,500,328.798991
-47.3,500,329.082059
-46.8,500,329.139192
-46.6,500,329.195552
-47.3,500,329.25233
-47.4,500,329.535538
-47.5,500,329.591972
-46.9,500,329.648923
-47.2,500,329.705158
-46.9,500,329.988721
-47.4,500,330.045192
-47.2,500,330.102759
-47.4,500,330.159212
-47.5,500,330.443604
-47.3,500,330.500021
-46.5,500,330.557903
-46.6,500,330.615356
-47.2,500,330.89931
-46.9,500,330.956656
-47.4,500,331.013231
-46.7,500,331.070612
-46.9,500,331.126604
-47.0,500,331.411059
-46.7,500,331.466841
-46.8,500,331.524093
-47.1,500,331.580456
-46.6,500,331.864776
-47.2,500,331.921512
-46.6,500,331.979
-46.9,500,332.035989
-47.2,500,332.320479
-46.5,500,332.377995
-47.1,500,332.434709
-46.9,500,332.491934
-46.8,500,332.775338
-47.4,500,332.833155
-47.1,500,332.889892
-47.3,500,332.947165
-48.0,500,333.229353
-46.6,500,333.287169
-46.8,500,333.343292
-46.7,500,333.399912
-46.7,500,333.684368
-46.8,500,333.740654
-47.9,500,333.798104
-47.0,500,333.853966
-46.8,500,334.137255
-46.7,500,334.194284
-47.1,500,334.251834
-46.7,500,334.308156
-46.9,500,334.591675
-46.7,500,334.647611
-47.1,500,334.705737
-47.8,500,334.762225
-46.9,500,335.047036
-47.6,500,335.104275
-48.6,500,335.160162
-49.0,500,335.217913
-49.8,500,335.50145
-48.0,500,335.558758
-47.8,500,335.6155
-47.1,500,335.672881
-47.4,500,335.956569
-47.0,500,336.014761
-46.7,500,336.070596
-47.3,500,336.12832
-46.8,500,336.185552
-47.2,500,336.470081
-47.4,500,336.527506
-46.6,500,336.583205
-47.5,500,336.640147
-47.9,500,336.923244
-46.6,500,336.980088
-47.2,500,337.036172
-46.9,500,337.09396
-46.8,500,337.377817
-47.2,500,337.433744
-46.8,500,337.490432
-47.1,500,337.546708
-46.5,500,337.830543
-47.4,500,337.887022
-47.4,500,337.943649
-47.4,500,338.000564
-46.9,500,338.284603
-46.8,500,338.341257
-47.0,500,338.397688
-47.6,500,338.453807
-46.6,500,338.737488
-47.0,500,338.79488
-47.1,500,338.850368
-47.5,500,338.907389
-47.0,500,339.191024
-46.9,500,339.248331
-47.0,500,339.305108
-46.6,500,339.362335
-47.0,500,339.646632
-47.9,500,339.703329
-48.3,500,339.76019
-48.0,500,339.815923
-46.7,500,340.100522
-46.6,500,340.156232
-46.8,500,340.213991
-47.8,500,340.270348
-46.9,500,340.554455
-48.1,500,340.610309
-48.9,500,340.667021
-48.4,500,340.723229
-48.2,500,340.780258
-48.1,500,341.064995
-48.6,500,341.121626
-48.5,500,341.178372
-47.6,500,341.234364
-46.9,500,341.518385
-47.1,500,341.575113
-46.7,500,341.632822
-47.2,500,341.689036
-48.1,500,341.973602
-46.7,500,342.030944
-46.8,500,342.08775
-46.7,500,342.144497
-47.6,500,342.428784
-47.9,500,342.485502
-47.5,500,342.542358
-46.8,500,342.599625
-46.6,500,342.883043
-47.0,500,342.939875
-47.5,500,342.99672
-46.5,500,343.053152
-47.7,500,343.337858
-48.0,500,343.39377
-47.2,500,343.450594
-47.6,500,343.506974
-46.6,500,343.790614
-47.1,500,343.847498
-46.7,500,343.904988
-47.5,500,343.960728
-47.1,500,344.244409
-46.5,500,344.30275
-47.4,500,344.361951
-46.9,500,344.420186
-47.0,500,344.705487
-47.6,500,344.763023
-47.0,500,344.819487
-46.9,500,344.876967
-47.6,500,345.159717
-46.9,500,345.217469
-47.6,500,345.274361
-47.2,500,345.331647
-47.5,500,345.388108
-47.1,500,345.672721
-47.4,500,345.728959
-46.8,500,345.785125
-47.3,500,345.842154
-47.5,500,346.125515
-47.3,500,346.182592
-46.8,500,346.238502
-47.4,500,346.296052
-47.2,500,346.610665
-46.6,500,346.667384
-47.0,500,346.724101
-47.5,500,346.780869
-46.5,500,347.066491
-46.7,500,347.122902
-47.2,500,347.180467
-47.1,500,347.236846
-47.2,500,347.521966
-46.5,500,347.579439
-47.1,500,347.636206
-47.7,500,347.693741
-46.5,500,347.977746
-47.2,500,348.035795
-47.0,500,348.092346
-47.0,500,348.149356
-47.0,500,348.433556
-48.0,500,348.489654
-47.1,500,348.547497
-46.7,500,348.603896
-47.1,500,348.887513
-47.2,500,348.943782
-46.9,500,349.001087
-47.1,500,349.056782
-47.0,500,349.34111
-47.1,500,349.397601
-46.8,500,349.455388
-47.4,500,349.511678
-46.8,500,349.795383
-46.5,500,349.852127
-47.3,500,349.908836
-46.6,500,349.965689
-47.0,500,350.24885
-46.9,500,350.307022
-47.5,500,350.363192
-47.1,500,350.420417
-47.1,500,350.476645
-47.5,500,350.760814
-46.6,500,350.81726
-46.5,500,350.874064
-46.8,500,350.930987
-47.6,500,351.215149
-46.6,500,351.272827
-46.5,500,351.329049
-46.8,500,351.386292
-47.1,500,351.670636
-47.8,500,351.728095
-47.2,500,351.784489
-47.5,500,351.842044
-47.0,500,352.131164
-47.5,500,352.187609
-47.7,500,352.244265
-47.2,500,352.300424
-46.7,500,352.584682
-47.1,500,352.640643
-47.5,500,352.697856
-46.7,500,352.753845
-47.5,500,353.040485
-47.3,500,353.097548
-47.8,500,353.154667
-47.1,500,353.211122
-47.3,500,353.494164
-46.7,500,353.551237
-47.9,500,353.607177
-46.8,500,353.663792
-47.2,500,353.94673
-47.2,500,354.004645
-46.5,500,354.060579
-46.8,500,354.118343
-47.0,500,354.401784
-47.0,500,354.45885
-46.9,500,354.516254
-47.9,500,354.572252
-47.0,500,354.855883
-47.1,500,354.912097
-47.6,500,354.969315
-47.1,500,355.025382
-46.8,500,355.082284
-47.3,500,355.36636
-46.9,500,355.424294
-46.9,500,355.480556
-46.7,500,355.538325
-46.9,500,355.823212
-46.9,500,355.879981
-47.5,500,355.937152
-47.1,500,355.993
-46.9,500,356.277925
-47.3,500,356.334508
-48.1,500,356.391544
-47.0,500,356.447845
-47.1,500,356.732314
-47.0,500,356.78987
-46.6,500,356.846449
-47.0,500,356.903423
-46.5,500,357.188658
-47.3,500,357.24584
-46.8,500,357.303132
-47.2,500,357.359906
-46.6,500,357.64328
-46.7,500,357.700479
-47.3,500,357.756035
-46.6,500,357.81286
-47.7,500,358.097177
-47.3,500,358.153742
-47.4,500,358.210887
-47.6,500,358.266983
-47.5,500,358.550518
-47.6,500,358.606277
-47.9,500,358.663413
-48.3,500,358.719684
-48.5,500,359.004264
-47.1,500,359.060374
-47.3,500,359.117723
-47.7,500,359.173721
-46.8,500,359.457272
-46.6,500,359.514298
-46.9,500,359.570599
-46.6,500,359.627017
-46.7,500,359.910787
-47.1,500,359.968413
-46.7,500,360.024936
-47.6,500,360.08244
-46.9,500,360.138189
-47.4,500,360.422928
-48.1,500,360.479173
-47.8,500,360.536593
-49.1,500,360.593855
-47.5,500,360.876802
-47.2,500,360.934003
-47.0,500,360.990631
-47.3,500,361.047598
-47.3,500,361.332105
-47.3,500,361.389698
-47.2,500,361.446103
-49.1,500,361.503186
-46.9,500,361.78759
-46.9,500,361.844156
-47.2,500,361.900761
-46.9,500,361.956132
-46.9,500,362.241992
-47.0,500,362.297629
-47.2,500,362.354683
-46.9,500,362.411034
-46.7,500,362.695396
-47.3,500,362.75253
-47.3,500,362.808995
-47.6,500,362.86539
-47.2,500,363.148368
-47.6,500,363.205759
-47.0,500,363.262252
-47.0,500,363.319571
-47.4,500,363.602848
-47.0,500,363.65979
-47.3,500,363.716189
-47.0,500,363.772901
-47.2,500,364.058013
-46.6,500,364.114681
-46.8,500,364.171604
-46.8,500,364.227902
-46.5,500,364.515698
-46.5,500,364.571995
-47.4,500,364.630925
-46.9,500,364.687761
-47.0,500,364.744479
-46.8,500,365.03599
-47.2,500,365.092791
-47.1,500,365.173398
-46.9,500,365.2356
-46.7,500,365.523288
-47.5,500,365.580318
-47.7,500,365.63681
-47.0,500,365.693136
-46.7,500,365.9776
-47.1,500,366.034416
-46.6,500,366.090452
-47.3,500,366.147452
-47.4,500,366.432133
-46.9,500,366.488299
-47.1,500,366.545063
-46.9,500,366.601176
-46.9,500,366.886448
-46.5,500,366.942469
-46.6,500,366.999061
-46.7,500,367.054732
-48.4,500,367.339638
-49.5,500,367.39566
-49.6,500,367.452972
-49.1,500,367.508884
-48.7,500,367.793229
-48.1,500,367.850964
-48.3,500,367.907411
-49.0,500,367.963634
-48.1,500,368.247797
-47.5,500,368.30483
-47.4,500,368.36104
-47.5,500,368.418249
-48.2,500,368.701463
-47.5,500,368.759158
-47.0,500,368.815586
-47.3,500,368.87249
-46.9,500,369.158755
-46.7,500,369.2158
-47.0,500,369.271662
-46.5,500,369.328852
-46.7,500,369.612655
-47.1,500,369.669991
-46.5,500,369.727224
-46.6,500,369.78245
-46.7,500,369.838744
-46.9,500,370.122125
-46.9,500,370.179224
-47.2,500,370.2355
-46.9,500,370.29228
-47.6,500,370.5767
-47.0,500,370.634244
-46.8,500,370.691885
-46.6,500,370.748826
-46.6,500,371.034007
-47.4,500,371.090206
-46.8,500,371.146983
-47.2,500,371.203597
-46.7,500,371.488533
-47.0,500,371.545295
-46.9,500,371.602583
-47.8,500,371.658813
-46.9,500,371.944612
-46.7,500,372.000615
-46.5,500,372.057965
-47.3,500,372.114384
-46.8,500,372.397995
-46.6,500,372.455787
-46.6,500,372.511299
-47.2,500,372.568058
-46.8,500,372.851029
-46.9,500,372.908417
-46.6,500,372.965368
-47.3,500,373.022608
-46.9,500,373.306524
-47.0,500,373.363587
-46.7,500,373.419707
-47.0,500,373.476706
-47.8,500,373.759952
-49.7,500,373.815976
-48.3,500,373.872561
-48.5,500,373.928892
-48.3,500,374.213708
-47.9,500,374.270294
-47.1,500,374.327943
-48.0,500,374.384058
-48.7,500,374.440989
-46.8,500,374.725178
-46.9,500,374.782635
-47.2,500,374.839072
-46.8,500,374.89525
-46.6,500,375.179309
-46.9,500,375.235638
-47.0,500,375.292404
-47.0,500,375.348596
-46.9,500,375.632715
-47.3,500,375.689452
-46.6,500,375.74674
-46.9,500,375.803276
-46.7,500,376.086872
-47.0,500,376.144479
-47.1,500,376.200693
-46.8,500,376.257563
-47.5,500,376.541753
-47.6,500,376.599539
-47.7,500,376.655161
-47.1,500,376.712177
-47.8,500,376.996751
-49.0,500,377.053029
-47.7,500,377.111158
-47.8,500,377.167413
-47.5,500,377.452435
-47.3,500,377.509455
-47.8,500,377.567159
-47.3,500,377.623563
-47.4,500,377.908431
-48.1,500,377.965738
-47.2,500,378.022362
-47.4,500,378.078623
-46.8,500,378.362291
-46.9,500,378.419893
-47.2,500,378.47618
-47.1,500,378.53391
-46.6,500,378.817834
-48.1,500,378.875673
-46.8,500,378.932455
-47.6,500,378.989848
-46.8,500,379.046903
-47.8,500,379.330533
-46.9,500,379.38823
-47.9,500,379.444258
-46.5,500,379.501047
-46.5,500,379.78503
-46.9,500,379.842341
-46.7,500,379.898764
-46.7,500,379.955669
-48.5,500,380.240668
-48.0,500,380.297145
-47.9,500,380.354047
-48.1,500,380.409936
-47.9,500,380.694742
-47.8,500,380.750991
-47.7,500,380.808319
-47.6,500,380.864754
-47.2,500,381.14975
-47.4,500,381.207114
-47.2,500,381.264248
-47.6,500,381.321552
-47.0,500,381.606435
-46.8,500,381.664143
-48.0,500,381.720199
-46.9,500,381.777156
-47.5,500,382.059782
-46.9,500,382.118028
-47.5,500,382.174022
-47.2,500,382.230718
-47.1,500,382.51479
-47.9,500,382.571177
-48.2,500,382.628861
-47.1,500,382.684731
-46.8,500,382.968416
-46.9,500,383.025539
-46.7,500,383.083033
-47.8,500,383.138943
-47.6,500,383.453723
-46.5,500,383.510639
-46.7,500,383.567269
-46.7,500,383.624282
-47.0,500,383.908029
-47.2,500,383.96551
-46.9,500,384.021943
-46.7,500,384.077517
-46.9,500,384.13449
-47.9,500,384.41808
-46.6,500,384.475084
-47.1,500,384.531009
-46.9,500,384.587491
-47.2,500,384.87462
-46.7,500,384.932006
-46.9,500,384.987705
-46.7,500,385.045133
-46.8,500,385.328707
-47.4,500,385.386389
-46.7,500,385.443347
-47.5,500,385.500355
-46.9,500,385.784347
-46.7,500,385.840556
-47.2,500,385.897304
-46.5,500,385.952987
-46.8,500,386.237139
-47.6,500,386.293568
-46.9,500,386.351
-46.5,500,386.407416
-47.0,500,386.691404
-46.6,500,386.748364
-47.2,500,386.804907
-47.8,500,386.8608
-47.0,500,387.147039
-47.2,500,387.203239
-47.7,500,387.258835
-47.6,500,387.315719
-47.9,500,387.598784
-46.9,500,387.656311
-47.0,500,387.712466
-47.6,500,387.770158
-46.8,500,388.053362
-46.8,500,388.109276
-47.1,500,388.165693
-47.1,500,388.221314
-46.8,500,388.505942
-46.5,500,388.562515
-46.8,500,388.61965
-46.8,500,388.675699
-47.4,500,388.732225
-48.2,500,389.013556
-47.8,500,389.070137
-47.3,500,389.12695
-47.9,500,389.183638
-47.0,500,389.467255
-47.0,500,389.523985
-47.3,500,389.580269
-47.8,500,389.63571
-47.2,500,389.92019
-47.8,500,389.97738
-47.4,500,390.0348
-47.7,500,390.090564
-48.0,500,390.372548
-48.0,500,390.428162
-47.1,500,390.485407
-47.0,500,390.54223
-48.7,500,390.826771
-47.0,500,390.884444
-48.2,500,390.94074
-47.8,500,390.997115
-47.1,500,391.280958
-47.3,500,391.338725
-46.6,500,391.395185
-46.7,500,391.452189
-47.1,500,391.73541
-48.0,500,391.792119
-48.2,500,391.848684
-48.0,500,391.905958
-49.1,500,392.192792
-47.5,500,392.249168
-47.9,500,392.305484
-48.5,500,392.360712
-48.8,500,392.645415
-48.3,500,392.702419
-47.3,500,392.759411
-47.6,500,392.815684
-47.1,500,393.099472
-46.8,500,393.157022
-46.6,500,393.212879
-46.8,500,393.269227
-47.2,500,393.552417
-46.9,500,393.61021
-46.5,500,393.666707
-46.5,500,393.723215
-47.0,500,393.779545
-46.5,500,394.063393
-46.8,500,394.118635
-47.6,500,394.175878
-47.2,500,394.231978
-46.7,500,394.516557
-46.7,500,394.57317
-47.0,500,394.629997
-47.5,500,394.686829
-46.8,500,394.970435
-47.1,500,395.027583
-47.1,500,395.083995
-46.5,500,395.141335
-46.8,500,395.425095
-46.7,500,395.481948
-46.9,500,395.537801
-46.7,500,395.594517
-47.0,500,395.877996
-47.5,500,395.934608
-46.6,500,395.991726
-46.9,500,396.048248
-46.6,500,396.33159
-46.6,500,396.388389
-47.0,500,396.446213
-46.6,500,396.502526
-46.6,500,396.787695
-46.9,500,396.844702
-46.5,500,396.901913
-47.1,500,396.958838
-46.9,500,397.245248
-46.6,500,397.302716
-47.1,500,397.358973
-46.9,500,397.416214
-47.3,500,397.698043
-47.5,500,397.755678
-47.9,500,397.811739
-47.6,500,397.868885
-47.7,500,398.151828
-46.9,500,398.208581
-47.2,500,398.264828
-47.4,500,398.320458
-46.6,500,398.377643
-46.8,500,398.66094
-46.8,500,398.71708
-46.9,500,398.772625
-46.8,500,398.829826
-46.8,500,399.113096
-46.5,500,399.170183
-46.6,500,399.226327
-46.9,500,399.283182
-46.7,500,399.566938
-46.7,500,399.624064
-47.2,500,399.679973
-47.0,500,399.736605
-47.0,500,400.020172
-47.0,500,400.076776
-47.1,500,400.133338
-46.8,500,400.189568
-47.0,500,400.474789
-48.4,500,400.531424
-46.9,500,400.58857
-47.0,500,400.644966
-46.8,500,400.930075
-47.0,500,400.985874
-46.7,500,401.043142
-46.5,500,401.099433
-47.7,500,401.383306
-46.6,500,401.440278
-47.2,500,401.496036
-46.6,500,401.553353
-46.7,500,401.837098
-47.2,500,401.894562
-46.6,500,401.951239
-47.3,500,402.008653
-46.8,500,402.330836
-46.5,500,402.386479
-46.8,500,402.443784
-46.6,500,402.499517
-47.0,500,402.783766
-47.1,500,402.841064
-47.5,500,402.897123
-46.7,500,402.953018
-46.9,500,403.009176
-46.6,500,403.293771
-46.8,500,403.350033
-46.9,500,403.407411
-46.7,500,403.463229
-47.3,500,403.747563
-47.3,500,403.803932
-46.6,500,403.86075
-46.6,500,403.916114
-47.0,500,404.201925
-47.1,500,404.259497
-47.1,500,404.31641
-47.0,500,404.372843
-47.0,500,404.656065
-47.5,500,404.713372
-47.4,500,404.769399
-48.6,500,404.826772
-47.5,500,405.110495
-47.0,500,405.168004
-46.9,500,405.224049
-48.1,500,405.280876
-47.3,500,405.565376
-47.0,500,405.62177
-47.0,500,405.678084
-46.8,500,405.734467
-47.3,500,406.018075
-47.3,500,406.074875
-47.2,500,406.131739
-47.4,500,406.18659
-48.0,500,406.470742
-47.4,500,406.527039
-47.1,500,406.584783
-47.3,500,406.640271
-47.2,500,406.924213
-46.8,500,406.980563
-47.3,500,407.03832
-46.8,500,407.096153
-47.0,500,407.383992
-46.6,500,407.448638
-46.9,500,407.504985
-47.1,500,407.561909
-46.6,500,407.847073
-46.5,500,407.904611
-46.9,500,407.960996
-47.2,500,408.018921
-47.1,500,408.074631
-46.8,500,408.361283
-48.2,500,408.418587
-47.0,500,408.475179
-46.6,500,408.532432
-47.7,500,408.81808
-47.1,500,408.875893
-47.0,500,408.932208
-48.4,500,408.98915
-46.7,500,409.273404
-47.6,500,409.329723
-47.0,500,409.386869
-47.2,500,409.4436
-47.0,500,409.728418
-46.7,500,409.78442
-47.4,500,409.841598
-46.9,500,409.896926
-47.0,500,410.181062
-47.0,500,410.237373
-47.4,500,410.294581
-46.6,500,410.351157
-47.3,500,410.637336
-46.6,500,410.694967
-47.1,500,410.751397
-48.0,500,410.809105
-46.5,500,411.092615
-46.7,500,411.149508
-46.5,500,411.204892
-47.2,500,411.261984
-48.0,500,411.545744
-46.9,500,411.602807
-46.6,500,411.658714
-47.2,500,411.715243
-47.3,500,411.999845
-47.7,500,412.056441
-46.6,500,412.11493
-46.5,500,412.17061
-46.5,500,412.456033
-46.5,500,412.512464
-47.1,500,412.569927
-47.2,500,412.626602
-47.7,500,412.683564
-47.2,500,412.967345
-46.8,500,413.025011
-47.5,500,413.082186
-46.9,500,413.137914
-46.8,500,413.423215
-46.6,500,413.479239
-46.5,500,413.536679
-47.2,500,413.592822
-47.1,500,413.877045
-47.2,500,413.932678
-47.2,500,413.990338
-46.7,500,414.047244
-47.1,500,414.332176
-46.7,500,414.389672
-46.7,500,414.446356
-46.5,500,414.504665
-47.1,500,414.789821
-48.6,500,414.847402
-47.2,500,414.903896
-48.0,500,414.96109
-47.7,500,415.24429
-47.5,500,415.300806
-48.4,500,415.358343
-47.2,500,415.414837
-47.9,500,415.698278
-47.7,500,415.754986
-48.5,500,415.812518
-47.0,500,415.868064
-46.8,500,416.152436
-47.7,500,416.208075
-47.5,500,416.264894
-46.7,500,416.320998
-47.0,500,416.604387
-47.1,500,416.659807
-46.9,500,416.718135
-46.8,500,416.7746
-46.8,500,417.059126
-47.0,500,417.116248
-46.9,500,417.173219
-47.0,500,417.230512
-47.6,500,417.515252
-47.1,500,417.573114
-46.6,500,417.629552
-46.6,500,417.686425
-47.0,500,417.74229
-46.6,500,418.027423
-47.2,500,418.083184
-48.2,500,418.140858
-47.2,500,418.196271
-48.5,500,418.481984
-46.6,500,418.539761
-47.3,500,418.595219
-47.0,500,418.651777
-46.9,500,418.93634
-46.7,500,418.999957
-46.7,500,419.063982
-47.1,500,419.125185
-46.5,500,419.439255
-47.1,500,419.501424
-48.1,500,419.559349
-46.8,500,419.625655
-46.7,500,419.913162
-46.9,500,419.970577
-46.6,500,420.027129
-46.8,500,420.084415
-46.7,500,420.368644
-47.2,500,420.425746
-46.9,500,420.482088
-47.2,500,420.538463
-46.8,500,420.826179
-48.0,500,420.884213
-47.3,500,420.950078
-46.5,500,421.006013
-46.8,500,421.291948
-46.5,500,421.348098
-47.4,500,421.405394
-46.5,500,421.462902
-46.9,500,421.746716
-46.7,500,421.804227
-47.0,500,421.86054
-46.9,500,421.923968
-46.7,500,422.228732
-46.6,500,422.285692
-46.7,500,422.343093
-46.8,500,422.398901
-46.7,500,422.45614
-46.8,500,422.739748
-46.8,500,422.796829
-46.6,500,422.851672
-50.0,500,422.907718
-47.0,500,423.191108
-47.4,500,423.248666
-47.1,500,423.304056
-46.5,500,423.361279
-47.2,500,423.643397
-47.8,500,423.700625
-47.5,500,423.757363
-47.1,500,423.814322
-47.2,500,424.098796
-47.0,500,424.154866
-47.1,500,424.212172
-46.8,500,424.268356
-46.8,500,424.553609
-47.5,500,424.609718
-46.8,500,424.667134
-46.5,500,424.723683
-46.7,500,425.008367
-47.5,500,425.064727
-47.1,500,425.122166
-46.7,500,425.179232
-46.6,500,425.464563
-47.1,500,425.522077
-46.9,500,425.57837
-46.5,500,425.634849
-46.6,500,425.918068
-47.0,500,425.975984
-47.1,500,426.032077
-46.7,500,426.089369
-46.6,500,426.375704
-47.4,500,426.432424
-47.6,500,426.488927
-46.7,500,426.544992
-46.6,500,426.829925
-46.5,500,426.886045
-46.7,500,426.943066
-46.8,500,426.999965
-46.9,500,427.286654
-49.0,500,427.344294
-48.4,500,427.400859
-47.8,500,427.458606
-48.1,500,427.51511
-48.2,500,427.800194
-47.8,500,427.85691
-48.3,500,427.914199
-47.2,500,427.971519
-47.3,500,428.254882
-47.6,500,428.312783
-47.1,500,428.368862
-47.3,500,428.426415
-47.5,500,428.70974
-47.9,500,428.76659
-47.0,500,428.823215
-47.1,500,428.879991
-47.0,500,429.163852
-46.9,500,429.220559
-47.0,500,429.276953
-47.5,500,429.334425
-46.9,500,429.618636
-46.8,500,429.67513
-47.0,500,429.731955
-47.0,500,429.78838
-47.0,500,430.073434
-46.6,500,430.1299
-47.3,500,430.186896
-47.6,500,430.243159
-47.4,500,430.52781
-47.0,500,430.585845
-46.7,500,430.642537
-47.6,500,430.699971
-47.0,500,430.982716
-47.0,500,431.040239
-46.6,500,431.096867
-46.6,500,431.154556
-46.8,500,431.438376
-46.5,500,431.495618
-46.6,500,431.551428
-47.0,500,431.608289
-46.6,500,431.891093
-46.5,500,431.949229
-46.5,500,432.00684
-46.8,500,432.063945
-46.6,500,432.122041
-46.8,500,432.408007
-46.9,500,432.46515
-46.7,500,432.52128
-46.5,500,432.578084
-46.7,500,432.862683
-46.6,500,432.920741
-47.0,500,432.977123
-46.5,500,433.034764
-46.9,500,433.319055
-46.9,500,433.375325
-47.2,500,433.432411
-46.9,500,433.488859
-46.7,500,433.773328
-46.7,500,433.82957
-47.0,500,433.886678
-48.7,500,433.942884
-47.5,500,434.227264
-46.7,500,434.284584
-46.5,500,434.341021
-47.4,500,434.398308
-47.7,500,434.682244
-46.8,500,434.739965
-47.3,500,434.795775
-46.6,500,434.852443
-46.7,500,435.135843
-46.7,500,435.193847
-46.7,500,435.249935
-47.8,500,435.307322
-46.7,500,435.591599
-47.0,500,435.64804
-46.8,500,435.704765
-47.0,500,435.761387
-46.9,500,436.044817
-46.7,500,436.100322
-46.9,500,436.157687
-46.7,500,436.214149
-46.5,500,436.498601
-46.7,500,436.554372
-47.1,500,436.612116
-46.8,500,436.668043
-47.2,500,436.724518
-46.7,500,437.009097
-46.9,500,437.065339
-47.1,500,437.123041
-47.2,500,437.180041
-47.2,500,437.465252
-48.2,500,437.522375
-47.3,500,437.578393
-47.1,500,437.635405
-46.9,500,437.917933
-46.6,500,437.975892
-46.6,500,438.031263
-47.4,500,438.088191
-46.7,500,438.372072
-47.3,500,438.429514
-47.2,500,438.484878
-47.1,500,438.541287
-46.8,500,438.825207
-47.2,500,438.881871
-47.5,500,438.938412
-47.3,500,438.994413
-47.7,500,439.278701
-47.9,500,439.335364
-48.4,500,439.3926
-47.9,500,439.449006
-47.4,500,439.732768
-47.0,500,439.78919
-46.8,500,439.846666
-47.1,500,439.902338
-48.1,500,440.18717
-48.1,500,440.244844
-46.8,500,440.301647
-46.7,500,440.373188
-47.1,500,440.673185
-47.3,500,440.730849
-47.2,500,440.787952
-47.4,500,440.844463
-47.2,500,441.128601
-48.4,500,441.185997
-46.7,500,441.243372
-46.9,500,441.300058
-46.8,500,441.586273
-47.7,500,441.642421
-47.0,500,441.700321
-47.5,500,441.757506
-47.6,500,441.81376
-48.0,500,442.101482
-47.3,500,442.15794
-47.3,500,442.214818
-47.6,500,442.270991
-48.2,500,442.557459
-47.6,500,442.61373
-48.4,500,442.670306
-47.4,500,442.726163
-47.8,500,443.010578
-47.5,500,443.067166
-47.8,500,443.123097
-47.6,500,443.179441
-46.8,500,443.464706
-47.0,500,443.521882
-47.1,500,443.578064
-47.6,500,443.634972
-47.2,500,443.918595
-47.1,500,443.976164
-46.6,500,444.032124
-47.4,500,444.089688
-47.1,500,444.374892
-46.8,500,444.431086
-46.7,500,444.488148
-47.7,500,444.544128
-46.9,500,444.82894
-46.8,500,444.884409
-48.7,500,444.941847
-46.8,500,444.9985
-46.9,500,445.282817
-46.7,500,445.339899
-47.2,500,445.395501
-47.1,500,445.453095
-47.4,500,445.736399
-47.6,500,445.793285
-46.7,500,445.848854
-46.8,500,445.906332
-47.0,500,446.189855
-46.7,500,446.246638
-46.6,500,446.303901
-47.1,500,446.360195
-48.0,500,446.416877
-46.5,500,446.701283
-47.5,500,446.757635
-47.0,500,446.813295
-47.6,500,446.870393
-47.1,500,447.154946
-47.0,500,447.212699
-46.7,500,447.269615
-46.8,500,447.326197
-47.3,500,447.611025
-47.0,500,447.667465
-48.3,500,447.724975
-46.9,500,447.780713
-47.4,500,448.066558
-46.9,500,448.123042
-47.2,500,448.180095
-47.9,500,448.235938
-47.3,500,448.520522
-47.1,500,448.576438
-48.5,500,448.633693
-47.1,500,448.690053
-47.0,500,448.974488
-46.7,500,449.031616
-47.6,500,449.087805
-47.0,500,449.147714
-47.0,500,449.431572
-47.6,500,449.489031
-46.5,500,449.5449
-46.7,500,449.601689
-47.1,500,449.890008
-46.7,500,449.946357
-46.5,500,450.004502
-46.5,500,450.06356
-46.7,500,450.35002
-48.2,500,450.405737
-48.4,500,450.462363
-48.7,500,450.518568
-48.1,500,450.802724
-48.0,500,450.860024
-47.8,500,450.91646
-47.2,500,450.973764
-48.4,500,451.257434
-47.5,500,451.315306
-48.8,500,451.370018
-47.0,500,451.426817
-47.2,500,451.482577
-46.8,500,451.767396
-47.3,500,451.823608
-47.1,500,451.880555
-47.2,500,451.936394
-47.0,500,452.223272
-47.1,500,452.280618
-46.9,500,452.336544
-46.8,500,452.394262
-47.3,500,452.679479
-47.1,500,452.736796
-47.1,500,452.792746
-47.4,500,452.850164
-46.5,500,453.133325
-46.5,500,453.19065
-47.1,500,453.247317
-46.9,500,453.304105
-47.0,500,453.588392
-46.7,500,453.644517
-46.6,500,453.701288
-46.7,500,453.758198
-46.7,500,454.052139
-46.6,500,454.107915
-47.6,500,454.164705
-46.6,500,454.220059
-46.9,500,454.504481
-46.6,500,454.561605
-47.0,500,454.618421
-46.9,500,454.674876
-47.9,500,454.958248
-46.5,500,455.014937
-46.7,500,455.069993
-46.7,500,455.127369
-47.3,500,455.410838
-47.4,500,455.467235
-46.6,500,455.523925
-47.4,500,455.580321
-47.0,500,455.864178
-47.4,500,455.919581
-47.0,500,455.977634
-47.3,500,456.034048
-47.2,500,456.091503
-46.8,500,456.375542
-46.6,500,456.433246
-46.9,500,456.488283
-46.6,500,456.545843
-47.4,500,456.82958
-46.8,500,456.885816
-46.7,500,456.943703
-47.6,500,457.000004
-46.6,500,457.286788
-46.9,500,457.342912
-46.7,500,457.400643
-46.6,500,457.457653
-47.8,500,457.740809
-47.5,500,457.796173
-47.5,500,457.854056
-48.1,500,457.909509
-47.6,500,458.193868
-48.3,500,458.250413
-47.3,500,458.306841
-47.2,500,458.364096
-47.6,500,458.647304
-47.6,500,458.704837
-47.3,500,458.761326
-47.1,500,458.818762
-47.2,500,459.13237
-46.7,500,459.189002
-47.4,500,459.245948
-47.0,500,459.302642
-47.2,500,459.586964
-47.2,500,459.641807
-46.8,500,459.699135
-47.4,500,459.754077
-46.7,500,460.038322
-47.4,500,460.094274
-46.5,500,460.150039
-46.7,500,460.206815
-47.0,500,460.49011
-46.8,500,460.547167
-47.2,500,460.602707
-47.2,500,460.659525
-46.5,500,460.71536
-46.8,500,460.998966
-47.2,500,461.055786
-46.7,500,461.112827
-47.3,500,461.168844
-47.1,500,461.452926
-48.0,500,461.510168
-47.0,500,461.567304
-46.5,500,461.623991
-48.5,500,461.907481
-46.7,500,461.96554
-47.1,500,462.022069
-46.9,500,462.079563
-47.2,500,462.366047
-46.5,500,462.423148
-46.6,500,462.479869
-46.8,500,462.536537
-47.1,500,462.82074
-47.7,500,462.877031
-46.8,500,462.933469
-47.3,500,462.989764
-47.2,500,463.273054
-46.7,500,463.328525
-47.1,500,463.384664
-46.7,500,463.440188
-46.9,500,464.148338
-47.0,500,464.20551
-47.3,500,464.262506
-47.6,500,464.318176
-46.5,500,464.602217
-47.4,500,464.657778
-47.2,500,464.713968
-46.8,500,464.769708
-47.2,500,465.054672
-46.9,500,465.111191
-47.3,500,465.168786
-47.2,500,465.22461
-47.2,500,465.510766
-47.1,500,465.568022
-47.3,500,465.624767
-47.5,500,465.682328
-47.0,500,465.965658
-47.3,500,466.023672
-47.7,500,466.079764
-47.7,500,466.136925
-46.8,500,466.193165
-47.1,500,466.477285
-46.7,500,466.532422
-47.3,500,466.589388
-47.6,500,466.646404
-50.2,500,466.930946
-52.3,500,466.98769
-53.5,500,467.04374
-49.3,500,467.101465
-48.4,500,467.384502
-49.1,500,467.442379
-48.5,500,467.497985
-49.3,500,467.555486
-48.2,500,467.840467
-47.1,500,467.897022
-48.2,500,467.954179
-47.0,500,468.010384
-46.9,500,468.294315
-46.8,500,468.34997
-46.9,500,468.407277
-46.8,500,468.463458
-47.9,500,468.748162
-47.0,500,468.8038
-46.7,500,468.860994
-46.9,500,468.918364
-47.4,500,469.202478
-47.2,500,469.259944
-46.7,500,469.315507
-46.9,500,469.372679
-47.0,500,469.655239
-47.1,500,469.712705
-46.7,500,469.76962
-47.4,500,469.826358
-47.3,500,470.110767
-46.9,500,470.166465
-47.3,500,470.223242
-46.8,500,470.279358
-47.1,500,470.563319
-47.2,500,470.619248
-46.6,500,470.676989
-46.9,500,470.733515
-46.9,500,470.789949
-46.9,500,471.07408
-47.7,500,471.130976
-46.5,500,471.187526
-46.7,500,471.244445
-46.6,500,471.528984
-47.0,500,471.58529
-46.6,500,471.641556
-47.0,500,471.697734
-47.6,500,471.982775
-46.8,500,472.039069
-47.2,500,472.096057
-46.9,500,472.152526
-47.8,500,472.43844
-50.7,500,472.4956
-47.4,500,472.553115
-47.4,500,472.610255
-47.4,500,472.893245
-48.5,500,472.949705
-50.7,500,473.006352
-47.2,500,473.064275
-46.8,500,473.348613
-46.7,500,473.406125
-47.4,500,473.462612
-46.9,500,473.51911
-46.6,500,473.804442
-46.5,500,473.86116
-46.5,500,473.918037
-47.3,500,473.975119
-46.8,500,474.258892
-46.7,500,474.315509
-46.9,500,474.372556
-46.7,500,474.428748
-48.0,500,474.713256
-48.8,500,474.769435
-49.5,500,474.826667
-49.4,500,474.882914
-48.8,500,475.167562
-48.2,500,475.225381
-48.2,500,475.281465
-51.1,500,475.33781
-47.6,500,475.621394
-47.5,500,475.678523
-48.0,500,475.734863
-47.5,500,475.79138
-48.3,500,475.847637
-47.9,500,476.132639
-46.7,500,476.18938
-47.3,500,476.246569
-46.9,500,476.302729
-47.1,500,476.588371
-49.4,500,476.645964
-47.1,500,476.702895
-48.1,500,476.759257
-47.1,500,477.044125
-46.9,500,477.101754
-47.6,500,477.157877
-47.5,500,477.215217
-48.2,500,477.500626
-46.8,500,477.557809
-47.1,500,477.613009
-47.1,500,477.699386
-48.2,500,477.984792
-46.8,500,478.040597
-47.2,500,478.098338
-47.3,500,478.154639
-47.1,500,478.439661
-47.6,500,478.496945
-47.0,500,478.553387
-47.5,500,478.611426
-47.1,500,478.895162
-46.7,500,478.952621
-46.7,500,479.009336
-46.7,500,479.066628
-47.5,500,479.349917
-48.5,500,479.407749
-48.2,500,479.464264
-47.7,500,479.519949
-49.1,500,479.804565
-47.5,500,479.860351
-46.9,500,479.917504
-47.7,500,479.974138
-47.5,500,480.258226
-47.7,500,480.31376
-47.3,500,480.371056
-48.1,500,480.426372
-47.0,500,480.48369
-47.6,500,480.768106
-47.7,500,480.825659
-47.6,500,480.882549
-47.7,500,480.939846
-47.0,500,481.225026
-46.7,500,481.281702
-47.3,500,481.33948
-47.2,500,481.395724
-47.0,500,481.680045
-47.3,500,481.736828
-47.7,500,481.794328
-47.2,500,481.850469
-46.6,500,482.135868
-46.7,500,482.193527
-47.4,500,482.250421
-46.9,500,482.308109
-46.9,500,482.592191
-47.0,500,482.64902
-47.1,500,482.704763
-46.6,500,482.761646
-47.1,500,483.044534
-46.6,500,483.102203
-47.0,500,483.157875
-47.0,500,483.214555
-46.6,500,483.499199
-47.1,500,483.555952
-47.4,500,483.613879
-46.7,500,483.669425
-46.7,500,483.953421
-46.8,500,484.010325
-46.8,500,484.068517
-46.5,500,484.12465
-46.6,500,484.410445
-48.0,500,484.466802
-47.4,500,484.522441
-47.3,500,484.579806
-47.6,500,484.863637
-47.4,500,484.921056
-46.5,500,484.976605
-47.6,500,485.033725
-46.8,500,485.316956
-46.8,500,485.374929
-47.1,500,485.431342
-47.4,500,485.489212
-47.2,500,485.545662
-46.8,500,485.830753
-47.0,500,485.888883
-46.9,500,485.945151
-46.6,500,486.001663
-46.9,500,486.285028
-46.8,500,486.343367
-47.3,500,486.399605
-47.2,500,486.456087
-46.6,500,486.741364
-47.3,500,486.798135
-46.8,500,486.855537
-47.9,500,486.911188
-47.2,500,487.197832
-46.9,500,487.254794
-46.7,500,487.311964
-48.2,500,487.367442
-47.0,500,487.651423
-47.8,500,487.70775
-47.2,500,487.763986
-47.7,500,487.821513
-46.8,500,488.106517
-47.6,500,488.164381
-47.0,500,488.220477
-47.7,500,488.277616
-46.7,500,488.560843
-46.6,500,488.619313
-46.5,500,488.675985
-47.4,500,488.732763
-47.5,500,489.017398
-46.8,500,489.073455
-46.7,500,489.129706
-46.8,500,489.186387
-46.8,500,489.470601
-47.2,500,489.526723
-47.1,500,489.583951
-46.9,500,489.640523
-47.1,500,489.924729
-47.4,500,489.983036
-46.6,500,490.039947
-46.8,500,490.097296
-46.6,500,490.153092
-47.5,500,490.438831
-46.6,500,490.494919
-47.6,500,490.552082
-46.8,500,490.607621
-46.9,500,490.892276
-46.9,500,490.948122
-46.5,500,491.005669
-46.5,500,491.061821
-47.5,500,491.347206
-46.9,500,491.404213
-46.8,500,491.460814
-46.6,500,491.516595
-47.1,500,491.799879
-47.2,500,491.857639
-48.5,500,491.913982
-46.5,500,491.97157
-46.9,500,492.256958
-46.7,500,492.314696
-46.7,500,492.371545
-47.2,500,492.428903
-48.5,500,492.713269
-47.8,500,492.76935
-48.7,500,492.826535
-48.0,500,492.883145
-47.7,500,493.167339
-47.3,500,493.224369
-47.5,500,493.281518
-47.5,500,493.337658
-47.4,500,493.622362
-47.1,500,493.679876
-46.5,500,493.737014
-47.1,500,493.793377
-46.7,500,494.077112
-47.9,500,494.13469
-49.2,500,494.19076
-48.8,500,494.247689
-48.3,500,494.531164
-48.0,500,494.588568
-47.7,500,494.644937
-48.0,500,494.701796
-47.6,500,494.757556
-46.9,500,495.041121
-47.7,500,495.098523
-47.3,500,495.154877
-48.9,500,495.211092
-47.0,500,495.494556
-48.7,500,495.551672
-48.2,500,495.60725
-47.2,500,495.664368
-47.3,500,495.948599
-47.4,500,496.005127
-46.7,500,496.062171
-47.0,500,496.117979
-47.0,500,496.402962
-47.4,500,496.459816
-47.0,500,496.517123
-46.7,500,496.573827
-47.0,500,496.857923
-47.3,500,496.913003
-47.4,500,496.96997
-48.0,500,497.024812
-47.8,500,497.311487
-46.8,500,497.368438
-48.1,500,497.425045
-46.6,500,497.481562
-47.0,500,497.765351
-46.6,500,497.822257
-46.8,500,497.878101
-46.7,500,497.93459
-47.8,500,498.21792
-48.3,500,498.275424
-48.5,500,498.331114
-48.1,500,498.388524
-47.7,500,498.705517
-48.3,500,498.760731
-48.9,500,498.818438
-48.4,500,498.87388
-48.1,500,499.159013
-48.3,500,499.217007
-47.7,500,499.272632
-47.1,500,499.330143
-47.8,500,499.612934
-47.3,500,499.670932
-48.3,500,499.727339
-47.2,500,499.7849
-47.0,500,499.841145
-47.7,500,500.12558
-46.8,500,500.181478
-47.4,500,500.238579
-47.2,500,500.294339
-47.0,500,500.57813
-46.6,500,500.635804
-46.6,500,500.691919
-47.3,500,500.748507
-48.2,500,501.032791
-46.8,500,501.090483
-47.2,500,501.146453
-46.6,500,501.203173
-47.3,500,501.485524
-46.9,500,501.542393
-46.9,500,501.599155
-46.6,500,501.656342
-46.9,500,501.93991
-47.5,500,501.996132
-47.5,500,502.052983
-47.1,500,502.109689
-46.5,500,502.395047
-47.9,500,502.451666
-47.3,500,502.509343
-46.6,500,502.565629
-47.1,500,502.850299
-46.9,500,502.90696
-47.5,500,502.964651
-47.9,500,503.022454
-46.6,500,503.307222
-46.7,500,503.364604
-46.8,500,503.422016
-47.5,500,503.478621
-46.9,500,503.762788
-46.8,500,503.82045
-47.4,500,503.877087
-46.8,500,503.934663
-47.2,500,504.218389
-46.7,500,504.274919
-48.0,500,504.332891
-48.0,500,504.389775
-46.6,500,504.447463
-47.0,500,504.731876
-47.2,500,504.789633
-47.1,500,504.846027
-47.5,500,504.903935
-47.6,500,505.188557
-46.9,500,505.245524
-46.9,500,505.302625
-47.3,500,505.358907
-46.8,500,505.643356
-47.0,500,505.699231
-47.4,500,505.756554
-46.9,500,505.812637
-47.6,500,506.09745
-47.1,500,506.153218
-47.2,500,506.209731
-46.9,500,506.26605
-47.1,500,506.553188
-46.8,500,506.612964
-47.0,500,506.6702
-46.6,500,506.728141
-47.1,500,507.01779
-46.5,500,507.075565
-46.9,500,507.132112
-47.1,500,507.189827
-46.5,500,507.479639
-47.0,500,507.535815
-46.7,500,507.592704
-46.8,500,507.648134
-46.7,500,507.935368
-46.6,500,507.99389
-46.5,500,508.050218
-46.6,500,508.106365
-47.2,500,508.392536
-47.1,500,508.449773
-46.6,500,508.506205
-47.2,500,508.562626
-46.7,500,508.846007
-46.5,500,508.90346
-47.0,500,508.959971
-47.6,500,509.017576
-47.1,500,509.304447
-46.5,500,509.360471
-47.7,500,509.416599
-47.0,500,509.473648
-47.7,500,509.530831
-47.5,500,509.814572
-46.6,500,509.871656
-47.3,500,509.928017
-47.1,500,509.984383
-46.7,500,510.269312
-47.8,500,510.326264
-47.0,500,510.383076
-46.6,500,510.439665
-46.5,500,510.724616
-47.5,500,510.781083
-46.5,500,510.837281
-47.4,500,510.893718
-46.5,500,511.177961
-46.9,500,511.234247
-46.7,500,511.291638
-46.5,500,511.347758
-47.7,500,511.632433
-47.5,500,511.690191
-47.2,500,511.746443
-47.1,500,511.803888
-47.0,500,512.088899
-46.6,500,512.146284
-46.6,500,512.203556
-46.9,500,512.262284
-47.6,500,512.550899
-49.0,500,512.607171
-48.5,500,512.66395
-48.8,500,512.720859
-48.2,500,513.007554
-47.2,500,513.064051
-47.9,500,513.121493
-48.0,500,513.177853
-48.3,500,513.46229
-47.9,500,513.519081
-47.9,500,513.575496
-47.7,500,513.631598
-48.3,500,513.91591
-46.7,500,513.973036
-47.5,500,514.028435
-47.4,500,514.085048
-47.2,500,514.141529
-46.6,500,514.425559
-48.0,500,514.482163
-47.5,500,514.538964
-47.2,500,514.595299
-47.4,500,514.880031
-46.5,500,514.937674
-46.9,500,514.994182
-46.9,500,515.051165
-47.3,500,515.336215
-46.7,500,515.394293
-46.7,500,515.451044
-46.8,500,515.508215
-48.1,500,515.792392
-47.9,500,515.848871
-47.9,500,515.905724
-48.4,500,515.961973
-48.6,500,516.247234
-47.8,500,516.30379
-47.4,500,516.360927
-46.9,500,516.416282
-47.1,500,516.701796
-47.0,500,516.757654
-47.0,500,516.84289
-47.4,500,516.899942
-47.1,500,517.184343
-47.2,500,517.243051
-47.0,500,517.29946
-47.8,500,517.356343
-47.2,500,517.641255
-47.2,500,517.698857
-46.6,500,517.754463
-46.8,500,517.810645
-47.1,500,518.095779
-49.0,500,518.15304
-47.7,500,518.210257
-48.6,500,518.266458
-47.9,500,518.5514
-47.4,500,518.607799
-47.1,500,518.664786
-48.0,500,518.720571
-48.9,500,518.777922
-47.2,500,519.062525
-47.0,500,519.119123
-47.2,500,519.175678
-48.2,500,519.232141
-46.9,500,519.516933
-47.3,500,519.574193
-47.4,500,519.631612
-47.8,500,519.687225
-46.8,500,519.972493
-47.7,500,520.027912
-47.8,500,520.085741
-47.2,500,520.141738
-46.8,500,520.427802
-46.7,500,520.485571
-47.2,500,520.542509
-47.1,500,520.600208
-46.6,500,520.882953
-47.4,500,520.941264
-47.3,500,520.998304
-47.2,500,521.054879
-46.6,500,521.340372
-46.9,500,521.396224
-47.2,500,521.453263
-46.6,500,521.510155
-47.5,500,521.794775
-47.1,500,521.851354
-47.2,500,521.908386
-47.2,500,521.965159
-46.9,500,522.252146
-46.7,500,522.309011
-47.3,500,522.366461
-47.1,500,522.423782
-46.9,500,522.709386
-47.3,500,522.767003
-47.5,500,522.823569
-47.0,500,522.880817
-47.0,500,523.16427
-47.0,500,523.221447
-47.2,500,523.278026
-46.7,500,523.333901
-46.5,500,523.618203
-47.8,500,523.674769
-47.4,500,523.731341
-47.0,500,523.787537
-47.2,500,523.843676
-47.1,500,524.127433
-47.2,500,524.184254
-46.8,500,524.239811
-46.9,500,524.297149
-46.8,500,524.581193
-46.6,500,524.638006
-48.6,500,524.694022
-47.0,500,524.750529
-47.3,500,525.037956
-47.2,500,525.094723
-46.6,500,525.151762
-47.7,500,525.208234
-46.6,500,525.492476
-47.4,500,525.548719
-46.8,500,525.606092
-46.7,500,525.66207
-47.7,500,525.948164
-46.7,500,526.005723
-46.5,500,526.062305
-46.9,500,526.119748
-48.0,500,526.404805
-47.0,500,526.462137
-47.9,500,526.517805
-48.9,500,526.574961
-47.4,500,526.858843
-48.2,500,526.915808
-47.0,500,526.972668
-47.6,500,527.029211
-46.8,500,527.31759
-47.1,500,527.37405
-47.4,500,527.431403
-46.9,500,527.486777
-47.0,500,527.771666
-47.0,500,527.827871
-47.0,500,527.885101
-47.1,500,527.940837
-46.6,500,528.226086
-48.1,500,528.283124
-47.5,500,528.340061
-46.9,500,528.397535
-46.9,500,528.45465
-46.7,500,528.73985
-46.7,500,528.795419
-47.3,500,528.853004
-46.8,500,528.909054
-47.9,500,529.19324
-46.8,500,529.24976
-47.8,500,529.307543
-46.9,500,529.364481
-47.6,500,529.64927
-47.4,500,529.70653
-46.8,500,529.7631
-46.7,500,529.820525
-47.3,500,530.10416
-47.1,500,530.161436
-47.1,500,530.216999
-46.5,500,530.274642
-46.6,500,530.560202
-47.1,500,530.616407
-46.8,500,530.673439
-47.2,500,530.729905
-46.8,500,531.01474
-46.5,500,531.071602
-46.5,500,531.127658
-47.5,500,531.182962
-46.5,500,531.465616
-46.8,500,531.521664
-46.9,500,531.578321
-46.9,500,531.633997
-47.1,500,531.918833
-46.5,500,531.975065
-47.1,500,532.032648
-46.7,500,532.089358
-46.5,500,532.374638
-46.6,500,532.431848
-47.4,500,532.488307
-46.5,500,532.545046
-46.5,500,532.828565
-47.5,500,532.885765
-47.5,500,532.941277
-47.8,500,532.999461
-46.6,500,533.284563
-47.1,500,533.341635
-46.9,500,533.398975
-46.7,500,533.455172
-47.3,500,533.511324
-47.1,500,533.794143
-47.4,500,533.852243
-47.8,500,533.908236
-47.6,500,533.965729
-47.3,500,534.250741
-46.6,500,534.306004
-47.1,500,534.362879
-47.2,500,534.418142
-46.8,500,534.703481
-47.2,500,534.760229
-46.9,500,534.817363
-46.8,500,534.872776
-47.5,500,535.157472
-47.3,500,535.214444
-47.0,500,535.270883
-47.8,500,535.327202
-46.8,500,535.610917
-46.7,500,535.667573
-47.0,500,535.724321
-46.9,500,535.782469
-46.6,500,536.066062
-46.9,500,536.123746
-46.9,500,536.181429
-47.4,500,536.238932
-46.5,500,536.523332
-48.7,500,536.580589
-47.0,500,536.638391
-46.9,500,536.695235
-47.0,500,537.01383
-46.7,500,537.070507
-47.1,500,537.1263
-46.7,500,537.183596
-47.0,500,537.468756
-48.7,500,537.525954
-48.2,500,537.58161
-48.6,500,537.638656
-48.1,500,537.921488
-48.5,500,537.978318
-47.9,500,538.0359
-48.3,500,538.0918
-48.5,500,538.146728
-47.3,500,538.430465
-47.8,500,538.487817
-47.5,500,538.544085
-47.0,500,538.601362
-46.8,500,538.8837
-47.5,500,538.941017
-46.5,500,538.997006
-47.3,500,539.054772
-47.5,500,539.33938
-46.7,500,539.396057
-47.6,500,539.453158
-47.5,500,539.508259
-47.1,500,539.792509
-47.1,500,539.847866
-46.9,500,539.905149
-46.7,500,539.96119
-47.0,500,540.246047
-46.9,500,540.303089
-46.9,500,540.360433
-47.1,500,540.416779
-47.4,500,540.700728
-46.8,500,540.757295
-46.6,500,540.813248
-46.8,500,540.869876
-46.6,500,541.152334
-46.7,500,541.209776
-46.9,500,541.265881
-46.8,500,541.323477
-46.8,500,541.606948
-46.8,500,541.664709
-46.9,500,541.720594
-46.7,500,541.778386
-47.2,500,542.063193
-47.1,500,542.119066
-46.7,500,542.176208
-47.8,500,542.23294
-46.7,500,542.51692
-48.7,500,542.573569
-47.7,500,542.630823
-48.3,500,542.686234
-48.5,500,542.970509
-48.0,500,543.026324
-47.3,500,543.082609
-47.6,500,543.138989
-48.0,500,543.196595
-47.2,500,543.481119
-47.0,500,543.537748
-47.2,500,543.59389
-47.0,500,543.650337
-47.4,500,543.934424
-47.3,500,543.990883
-47.3,500,544.048108
-47.3,500,544.103864
-47.2,500,544.387639
-47.1,500,544.444077
-46.8,500,544.501574
-47.0,500,544.557696
-47.4,500,544.842493
-47.1,500,544.898924
-46.5,500,544.954365
-47.7,500,545.010997
-47.8,500,545.294735
-47.0,500,545.351803
-46.8,500,545.408227
-46.9,500,545.465326
-46.8,500,545.747816
-47.7,500,545.804783
-47.6,500,545.860582
-48.9,500,545.918107
-46.8,500,546.203709
-47.9,500,546.260197
-47.5,500,546.317223
-47.3,500,546.373576
-47.0,500,546.658871
-46.7,500,546.715271
-46.7,500,546.772608
-46.8,500,546.827973
-46.9,500,547.111472
-46.8,500,547.168413
-47.1,500,547.226002
-47.1,500,547.282945
-46.9,500,547.568422
-47.7,500,547.625535
-46.9,500,547.680554
-47.3,500,547.737311
-47.5,500,547.792161
-46.8,500,548.076624
-47.3,500,548.13233
-47.4,500,548.189585
-47.3,500,548.245206
-46.8,500,548.52923
-46.9,500,548.586081
-47.1,500,548.642238
-46.7,500,548.697535
-46.6,500,548.981702
-46.6,500,549.038555
-46.5,500,549.095047
-47.7,500,549.151881
-46.7,500,549.434984
-46.6,500,549.492067
-46.7,500,549.54849
-46.7,500,549.605825
-46.7,500,549.890233
-46.6,500,549.946713
-46.7,500,550.004176
-47.1,500,550.060277
-47.0,500,550.344742
-47.4,500,550.401274
-46.8,500,550.458169
-46.8,500,550.514003
-46.8,500,550.798817
-46.7,500,550.85633
-46.9,500,550.913527
-47.2,500,550.970208
-47.5,500,551.255254
-47.3,500,551.312075
-47.4,500,551.368424
-47.3,500,551.424968
-47.8,500,551.708275
-47.6,500,551.766144
-47.0,500,551.822096
-47.0,500,551.879706
-47.5,500,552.164275
-47.3,500,552.221505
-46.9,500,552.278682
-46.9,500,552.33664
-47.5,500,552.393405
-46.7,500,552.678662
-46.9,500,552.736077
-47.1,500,552.791641
-47.2,500,552.849068
-47.0,500,553.133445
-47.0,500,553.190933
-46.7,500,553.246973
-47.2,500,553.303537
-46.8,500,553.586549
-47.2,500,553.643686
-47.0,500,553.7012
-46.9,500,553.757194
-46.6,500,554.040039
-47.5,500,554.095272
-46.7,500,554.151675
-46.6,500,554.20841
-47.0,500,554.493293
-47.1,500,554.549406
-46.8,500,554.606542
-46.8,500,554.662529
-47.7,500,554.946869
-47.2,500,555.00396
-49.3,500,555.060057
-47.7,500,555.117305
-47.1,500,555.401313
-47.2,500,555.458369
-46.8,500,555.514814
-47.0,500,555.572467
-46.7,500,555.855782
-46.5,500,555.913077
-47.5,500,555.975474
-47.1,500,556.04044
-46.6,500,556.353045
-46.7,500,556.416246
-47.2,500,556.475236
-46.7,500,556.538687
-46.7,500,556.871044
-47.5,500,556.927281
-46.5,500,556.983906
-47.4,500,557.040165
-46.9,500,557.326541
-46.6,500,557.383012
-46.9,500,557.440497
-46.5,500,557.496325
-47.2,500,557.553256
-48.0,500,557.842294
-47.7,500,557.909394
-47.6,500,557.968374
-47.9,500,558.023791
-47.4,500,558.309257
-47.4,500,558.365578
-47.7,500,558.422018
-47.0,500,558.47815
-46.8,500,558.763874
-47.0,500,558.821857
-47.8,500,558.877822
-47.6,500,558.935471
-46.7,500,559.218691
-47.0,500,559.275442
-47.4,500,559.331699
-47.4,500,559.388214
-47.2,500,559.672731
-46.5,500,559.729992
-46.8,500,559.786818
-46.6,500,559.842616
-47.5,500,560.127583
-47.3,500,560.184741
-46.8,500,560.242167
-47.1,500,560.297832
-47.0,500,560.58219
-47.1,500,560.639236
-46.7,500,560.696943
-46.6,500,560.754521
-46.7,500,561.038911
-47.3,500,561.096382
-47.0,500,561.152237
-47.2,500,561.208704
-47.0,500,561.492544
-47.4,500,561.549719
-47.4,500,561.606137
-47.2,500,561.662809
-46.8,500,561.948365
-46.8,500,562.005251
-47.0,500,562.063161
-46.9,500,562.120242
-47.1,500,562.177536
-46.8,500,562.464693
-47.0,500,562.521726
-47.1,500,562.578312
-46.9,500,562.63577
-48.5,500,562.920341
-47.9,500,562.977198
-47.8,500,563.034055
-50.0,500,563.090119
-47.5,500,563.37494
-47.6,500,563.430609
-47.5,500,563.488208
-46.7,500,563.54469
-46.9,500,563.828632
-47.0,500,563.884962
-48.8,500,563.941418
-46.9,500,563.998912
-47.5,500,564.283446
-47.7,500,564.340333
-47.1,500,564.397188
-47.9,500,564.455766
-46.6,500,564.739637
-46.7,500,564.796873
-46.9,500,564.853998
-47.0,500,564.910989
-46.9,500,565.19428
-47.6,500,565.251891
-47.1,500,565.309065
-47.2,500,565.36545
-46.7,500,565.650746
-46.6,500,565.707172
-47.1,500,565.763873
-47.8,500,565.820755
-46.8,500,566.10517
-47.1,500,566.162128
-47.2,500,566.218325
-46.9,500,566.274975
-46.7,500,566.557956
-47.1,500,566.615225
-47.2,500,566.671422
-46.7,500,566.728418
-48.3,500,567.011836
-47.2,500,567.068855
-47.0,500,567.124272
-47.7,500,567.181369
-46.9,500,567.237209
-47.5,500,567.523323
-46.7,500,567.578633
-47.3,500,567.635293
-47.9,500,567.691463
-46.8,500,567.977293
-47.5,500,568.034228
-47.2,500,568.090019
-47.7,500,568.146436
-47.7,500,568.429394
-46.5,500,568.486412
-47.5,500,568.543054
-47.0,500,568.600339
-46.8,500,568.883827
-47.0,500,568.94108
-47.1,500,568.997406
-47.3,500,569.053982
-46.8,500,569.338568
-46.7,500,569.395019
-46.7,500,569.451755
-46.6,500,569.507159
-46.7,500,569.7912
-46.5,500,569.847801
-47.3,500,569.90465
-46.8,500,569.960083
-46.8,500,570.244787
-47.1,500,570.30287
-47.0,500,570.359692
-47.2,500,570.416928
-47.7,500,570.700788
-46.8,500,570.758429
-47.1,500,570.81395
-48.1,500,570.871117
-47.1,500,571.155349
-47.0,500,571.212985
-46.7,500,571.268701
-47.1,500,571.325214
-47.5,500,571.608809
-46.8,500,571.665494
-47.1,500,571.723181
-46.7,500,571.77937
-46.9,500,571.836649
-46.7,500,572.120284
-47.3,500,572.178411
-46.7,500,572.23462
-47.3,500,572.292894
-46.8,500,572.578003
-47.1,500,572.635204
-47.3,500,572.692405
-46.7,500,572.748043
-46.9,500,573.032426
-47.1,500,573.088751
-47.2,500,573.145483
-47.4,500,573.201918
-46.5,500,573.487595
-46.8,500,573.545333
-47.0,500,573.601916
-47.0,500,573.658674
-47.2,500,573.942826
-46.7,500,573.999846
-46.5,500,574.05641
-46.7,500,574.113325
-47.0,500,574.397176
-47.3,500,574.454383
-46.9,500,574.511895
-47.2,500,574.568012
-47.3,500,574.851638
-47.6,500,574.907972
-46.7,500,574.964309
-47.2,500,575.020424
-46.7,500,575.305207
-48.2,500,575.36199
-49.3,500,575.419008
-49.0,500,575.475736
-47.1,500,575.760596
-47.3,500,575.81759
-47.0,500,575.873906
-47.2,500,575.930279
-47.5,500,576.246929
-46.9,500,576.30331
-46.9,500,576.360299
-46.6,500,576.416202
-46.8,500,576.472012
-47.3,500,576.755456
-46.6,500,576.812241
-48.3,500,576.867782
-46.8,500,576.925623
-46.9,500,577.208352
-46.5,500,577.26565
-47.3,500,577.322647
-47.1,500,577.380148
-49.4,500,577.663887
-48.6,500,577.721043
-49.3,500,577.778266
-49.4,500,577.834318
-48.4,500,578.119487
-47.5,500,578.175767
-48.9,500,578.232277
-48.0,500,578.287692
-47.3,500,578.572365
-48.1,500,578.62858
-47.5,500,578.686193
-47.3,500,578.742521
-47.8,500,579.026831
-47.0,500,579.084196
-47.1,500,579.140197
-47.3,500,579.197071
-47.1,500,579.480309
-48.0,500,579.537189
-47.3,500,579.596609
-47.1,500,579.653665
-47.0,500,579.937427
-46.8,500,579.994787
-48.0,500,580.051606
-46.7,500,580.108835
-47.4,500,580.392179
-46.7,500,580.450285
-46.6,500,580.50795
-46.9,500,580.564107
-47.4,500,580.848659
-47.5,500,580.90596
-47.0,500,580.964668
-46.7,500,581.026046
-46.8,500,581.311347
-46.7,500,581.368143
-46.8,500,581.425218
-47.4,500,581.482386
-46.7,500,581.539475
-46.8,500,581.824322
-47.1,500,581.88104
-46.8,500,581.937728
-46.9,500,581.993549
-47.4,500,582.277563
-46.9,500,582.334411
-47.0,500,582.390879
-46.7,500,582.446522
-47.0,500,582.732328
-46.7,500,582.789505
-46.9,500,582.845524
-46.8,500,582.902406
-46.9,500,583.1875
-46.8,500,583.244102
-47.1,500,583.300538
-46.5,500,583.357249
-47.0,500,583.641113
-49.3,500,583.698108
-48.7,500,583.75482
-48.4,500,583.810123
-48.3,500,584.094098
-47.3,500,584.150111
-47.5,500,584.207243
-48.0,500,584.262865
-47.5,500,584.547459
-47.6,500,584.603681
-47.8,500,584.660978
-47.3,500,584.717066
-47.4,500,585.001804
-47.6,500,585.05792
-47.1,500,585.115039
-46.8,500,585.172771
-47.3,500,585.457124
-47.0,500,585.514679
-46.7,500,585.570336
-46.5,500,585.627189
-46.7,500,585.911918
-47.1,500,585.973456
-47.3,500,586.029909
-46.9,500,586.087515
-46.8,500,586.144993
-47.0,500,586.429353
-46.8,500,586.487173
-46.6,500,586.544396
-46.7,500,586.601852
-46.9,500,586.889083
-46.9,500,586.946918
-47.1,500,587.003628
-47.5,500,587.05967
-46.9,500,587.346626
-47.2,500,587.403449
-46.9,500,587.46078
-47.4,500,587.516729
-46.8,500,587.800602
-46.5,500,587.857136
-46.7,500,587.914455
-47.0,500,587.970085
-46.8,500,588.255073
-47.0,500,588.310436
-47.1,500,588.367853
-47.0,500,588.42499
-46.7,500,588.70814
-47.3,500,588.765349
-46.7,500,588.820932
-47.0,500,588.878923
-46.5,500,589.162677
-47.3,500,589.219194
-47.4,500,589.275378
-47.1,500,589.332697
-47.1,500,589.617531
-46.7,500,589.673613
-46.9,500,589.730275
-46.7,500,589.785068
-46.7,500,590.070439
-47.0,500,590.127338
-47.3,500,590.184446
-46.5,500,590.240297
-47.1,500,590.525488
-47.4,500,590.581539
-47.1,500,590.636768
-46.9,500,590.693366
-47.5,500,590.976422
-47.3,500,591.034175
-47.6,500,591.090496
-46.9,500,591.147487
-46.8,500,591.203574
-47.1,500,591.487625
-47.1,500,591.543775
-46.7,500,591.601644
-46.7,500,591.658076
-46.6,500,591.943308
-47.1,500,592.000212
-47.0,500,592.05706
-46.5,500,592.113951
-46.9,500,592.399479
-46.9,500,592.456956
-46.8,500,592.512589
-46.8,500,592.570547
-46.9,500,592.854212
-46.7,500,592.912189
-47.2,500,592.968623
-47.2,500,593.025966
-47.3,500,593.310163
-46.8,500,593.36638
-47.0,500,593.423607
-46.9,500,593.480262
-48.6,500,593.765417
-48.5,500,593.822614
-51.9,500,593.879776
-49.3,500,593.936034
-51.7,500,594.220525
-48.8,500,594.277073
-46.7,500,594.334497
-46.9,500,594.390717
-47.0,500,594.698933
-47.1,500,594.756993
-47.3,500,594.812036
-47.6,500,594.869397
-48.3,500,595.152747
-47.5,500,595.210755
-46.7,500,595.267649
-46.5,500,595.324408
-46.6,500,595.607454
-47.6,500,595.664426
-47.5,500,595.721116
-48.4,500,595.776766
-48.0,500,595.83371
-46.7,500,596.117216
-48.1,500,596.174579
-47.0,500,596.230646
-46.9,500,596.287544
-47.4,500,596.571626
-47.1,500,596.628945
-46.7,500,596.686173
-46.9,500,596.742308
-49.0,500,597.026995
-49.0,500,597.083478
-48.5,500,597.141123
-48.1,500,597.196674
-47.8,500,597.482903
-47.6,500,597.53916
-47.8,500,597.596265
-47.6,500,597.651552
-48.5,500,597.93586
-47.5,500,597.992518
-47.8,500,598.050345
-47.4,500,598.106789
-47.2,500,598.390695
-47.7,500,598.447531
-47.5,500,598.503493
-46.9,500,598.560492
-47.2,500,598.843473
-47.8,500,598.901165
-46.9,500,598.963904
-46.8,500,599.028261
-46.8,500,599.342893
-46.6,500,599.406963
-47.8,500,599.464515
-47.1,500,599.52726
-46.9,500,599.824685
-47.2,500,599.882849
-47.2,500,599.939968
-47.1,500,599.997221
-48.8,500,600.281988
-46.9,500,600.338176
-46.7,500,600.394559
-46.6,500,600.450511
-46.7,500,600.736092
-46.8,500,600.795215
-47.4,500,600.864842
-47.3,500,600.922878
-46.8,500,600.98044
-46.7,500,601.267159
-46.9,500,601.323826
-47.7,500,601.38068
-47.5,500,601.436727
-47.0,500,601.723313
-47.3,500,601.779898
-46.7,500,601.837498
-47.1,500,601.893254
-47.5,500,602.176777
-47.0,500,602.233309
-46.6,500,602.289545
-46.8,500,602.347318
-47.0,500,602.63414
-46.9,500,602.690972
-47.1,500,602.746814
-46.7,500,602.804141
-47.3,500,603.089147
-47.8,500,603.144804
-47.7,500,603.20149
-46.8,500,603.257492
-47.1,500,603.54142
-47.1,500,603.597849
-46.7,500,603.654397
-46.6,500,603.710583
-48.7,500,603.99549
-47.3,500,604.051804
-47.3,500,604.108579
-46.7,500,604.165196
-46.7,500,604.448969
-46.6,500,604.506921
-46.8,500,604.563898
-46.9,500,604.620469
-46.8,500,604.903688
-48.8,500,604.961121
-48.0,500,605.017754
-47.9,500,605.074682
-48.9,500,605.358321
-47.3,500,605.416126
-47.8,500,605.472898
-48.1,500,605.530387
-47.2,500,605.587427
-47.7,500,605.870319
-47.9,500,605.927776
-47.6,500,605.984692
-46.8,500,606.041105
-46.7,500,606.326146
-47.7,500,606.38344
-47.2,500,606.440565
-46.7,500,606.497796
-46.7,500,606.781334
-47.4,500,606.838417
-46.5,500,606.895535
-46.7,500,606.952793
-47.2,500,607.238485
-47.2,500,607.294481
-46.6,500,607.352686
-46.5,500,607.408484
-47.9,500,607.693782
-48.1,500,607.750437
-46.8,500,607.808425
-47.1,500,607.86473
-47.9,500,608.149769
-47.3,500,608.207268
-47.8,500,608.2633
-48.2,500,608.320482
-47.8,500,608.604278
-47.9,500,608.66153
-47.3,500,608.717065
-47.2,500,608.77408
-48.2,500,609.057161
-47.4,500,609.115197
-46.6,500,609.172657
-47.3,500,609.229062
-48.4,500,609.513516
-47.4,500,609.569713
-46.7,500,609.626561
-47.0,500,609.682614
-48.0,500,609.967172
-48.0,500,610.024067
-48.7,500,610.081837
-48.4,500,610.138401
-47.9,500,610.195304
-46.9,500,610.479419
-46.8,500,610.536204
-47.7,500,610.592979
-48.3,500,610.648878
-47.8,500,610.934925
-46.9,500,610.991597
-47.7,500,611.048654
-47.7,500,611.104567
-47.0,500,611.388756
-47.2,500,611.444536
-46.8,500,611.502372
-46.7,500,611.558644
-47.2,500,611.843664
-46.8,500,611.90116
-47.0,500,611.957808
-46.9,500,612.014139
-47.2,500,612.298699
-46.9,500,612.357135
-46.8,500,612.413484
-47.2,500,612.470377
-47.0,500,612.753823
-46.9,500,612.812141
-47.3,500,612.869099
-47.2,500,612.925622
-46.8,500,613.210309
-47.2,500,613.266971
-47.1,500,613.323734
-47.7,500,613.379914
-47.3,500,613.664767
-46.9,500,613.721119
-46.6,500,613.777913
-47.0,500,613.833267
-46.5,500,614.149765
-46.9,500,614.206476
-46.5,500,614.262248
-46.7,500,614.319719
-48.1,500,614.603472
-49.5,500,614.661528
-51.3,500,614.717217
-49.8,500,614.773468
-49.6,500,615.056619
-49.3,500,615.112845
-49.0,500,615.170321
-50.0,500,615.226957
-48.2,500,615.283855
-47.8,500,615.567775
-48.1,500,615.624845
-47.8,500,615.681486
-47.0,500,615.739014
-47.4,500,616.023486
-48.1,500,616.0804
-46.6,500,616.13721
-47.4,500,616.194626
-48.6,500,616.478936
-48.8,500,616.536674
-48.8,500,616.593542
-47.9,500,616.649352
-48.3,500,616.934147
-48.2,500,616.990762
-48.1,500,617.048333
-48.3,500,617.104801
-47.9,500,617.39138
-47.0,500,617.44689
-46.8,500,617.50411
-47.2,500,617.559879
-47.6,500,617.844647
-46.8,500,617.90293
-46.9,500,617.959463
-46.9,500,618.015917
-46.8,500,618.299142
-46.5,500,618.356273
-46.6,500,618.412918
-47.2,500,618.469178
-47.0,500,618.753054
-46.6,500,618.810398
-47.2,500,618.866374
-46.9,500,618.922553
-46.5,500,619.206118
-47.3,500,619.263279
-47.5,500,619.320291
-47.3,500,619.376989
-47.7,500,619.661331
-47.1,500,619.717975
-47.6,500,619.775474
-47.4,500,619.831291
-47.0,500,619.888282
-46.9,500,620.17181
-47.1,500,620.228452
-46.5,500,620.284117
-47.3,500,620.339694
-46.8,500,620.624955
-47.2,500,620.68169
-47.1,500,620.738748
-46.8,500,620.794756
-47.1,500,621.079426
-46.8,500,621.136002
-47.5,500,621.193751
-46.9,500,621.249553
-47.3,500,621.533421
-46.8,500,621.590807
-46.5,500,621.647644
-46.8,500,621.704031
-47.5,500,621.987839
-48.2,500,622.044758
-47.1,500,622.100484
-47.2,500,622.157741
-47.1,500,622.442841
-47.9,500,622.500539
-47.0,500,622.558173
-47.3,500,622.614753
-46.8,500,622.899259
-47.9,500,622.955443
-47.4,500,623.01249
-46.9,500,623.067947
-48.4,500,623.351581
-46.8,500,623.408164
-47.0,500,623.465695
-46.5,500,623.522904
-47.1,500,623.805835
-47.4,500,623.862764
-47.2,500,623.918747
-46.7,500,623.975807
-47.0,500,624.25861
-46.7,500,624.316467
-46.8,500,624.372709
-47.0,500,624.429352
-47.0,500,624.714077
-46.8,500,624.770297
-46.7,500,624.82713
-46.5,500,624.883825
-47.8,500,624.940845
-47.7,500,625.224825
-48.0,500,625.28283
-47.9,500,625.339027
-47.7,500,625.395729
-47.9,500,625.679699
-48.1,500,625.737422
-47.2,500,625.793166
-47.3,500,625.849857
-47.3,500,626.133886
-47.7,500,626.190549
-47.0,500,626.24817
-47.2,500,626.304049
-46.7,500,626.589641
-47.1,500,626.645987
-47.0,500,626.702809
-46.8,500,626.759185
-46.5,500,627.043651
-47.1,500,627.099292
-46.7,500,627.156113
-46.6,500,627.212271
-46.5,500,627.49965
-47.1,500,627.556111
-46.6,500,627.612125
-46.6,500,627.668336
-46.9,500,627.952968
-46.8,500,628.01013
-47.0,500,628.06695
-46.5,500,628.123868
-46.6,500,628.407199
-47.0,500,628.464471
-47.1,500,628.521477
-47.1,500,628.579199
-46.6,500,628.864567
-47.4,500,628.92162
-47.7,500,628.979204
-48.4,500,629.035773
-47.8,500,629.31943
-47.1,500,629.374938
-47.0,500,629.432774
-47.8,500,629.488698
-47.4,500,629.545798
-47.0,500,629.830507
-46.9,500,629.888667
-46.7,500,629.946537
-46.6,500,630.003283
-46.8,500,630.28787
-47.4,500,630.344
-46.9,500,630.401987
-46.6,500,630.457164
-46.8,500,630.740935
-46.9,500,630.797109
-47.3,500,630.854031
-47.1,500,630.910053
-47.1,500,631.194621
-47.0,500,631.251428
-46.6,500,631.307377
-47.2,500,631.364597
-47.0,500,631.648109
-46.7,500,631.705999
-46.8,500,631.761976
-47.1,500,631.819231
-47.2,500,632.101533
-46.9,500,632.158853
-46.7,500,632.21563
-46.6,500,632.27185
-47.1,500,632.559749
-46.7,500,632.615954
-46.6,500,632.698276
-46.8,500,632.756137
-46.8,500,633.039075
-46.5,500,633.095799
-46.5,500,633.151532
-47.5,500,633.208718
-47.5,500,633.492083
-47.2,500,633.548713
-46.9,500,633.60352
-46.8,500,633.660466
-46.6,500,633.943594
-46.8,500,634.001652
-47.3,500,634.058994
-47.0,500,634.114428
-46.9,500,634.171365
-46.6,500,634.455297
-47.4,500,634.511772
-47.9,500,634.567665
-47.2,500,634.623952
-46.6,500,634.90884
-47.1,500,634.965471
-47.2,500,635.021003
-47.1,500,635.077856
-47.8,500,635.362872
-47.0,500,635.419962
-46.5,500,635.476638
-46.9,500,635.53181
-46.7,500,635.815506
-46.9,500,635.871974
-47.3,500,635.928852
-47.0,500,635.984323
-47.3,500,636.269172
-46.9,500,636.326938
-46.6,500,636.384196
-46.6,500,636.44061
-47.3,500,636.723905
-48.1,500,636.781401
-48.8,500,636.837451
-48.6,500,636.894163
-48.1,500,637.178001
-47.5,500,637.235467
-48.1,500,637.291746
-47.6,500,637.348932
-47.0,500,637.634635
-47.0,500,637.691629
-47.2,500,637.74847
-47.3,500,637.805386
-47.5,500,638.090305
-47.2,500,638.146226
-47.0,500,638.204427
-46.8,500,638.260198
-46.8,500,638.545857
-46.8,500,638.603853
-48.6,500,638.660708
-47.1,500,638.718065
-47.5,500,639.001697
-46.7,500,639.05854
-46.7,500,639.115044
-47.6,500,639.171895
-46.9,500,639.228548
-46.9,500,639.512266
-47.0,500,639.567317
-47.2,500,639.624078
-47.0,500,639.679404
-46.5,500,639.964396
-47.2,500,640.020474
-47.0,500,640.076629
-46.7,500,640.133184
-46.9,500,640.416834
-46.7,500,640.474042
-47.6,500,640.530306
-47.2,500,640.587031
-47.9,500,640.870497
-48.2,500,640.92829
-48.5,500,640.98527
-48.1,500,641.041781
-47.8,500,641.325304
-47.2,500,641.382055
-47.1,500,641.43836
-47.4,500,641.494164
-47.9,500,641.777665
-47.8,500,641.833123
-47.4,500,641.890433
-47.3,500,641.946419
-47.1,500,642.230145
-46.8,500,642.284943
-46.9,500,642.342336
-47.2,500,642.397494
-46.6,500,642.683151
-47.2,500,642.740066
-47.0,500,642.797254
-47.0,500,642.854644
-47.8,500,643.138313
-47.7,500,643.196035
-47.5,500,643.251943
-47.0,500,643.309104
-47.2,500,643.592897
-47.5,500,643.650238
-47.4,500,643.706505
-47.3,500,643.763334
-47.3,500,643.818127
-47.3,500,644.102579
-47.2,500,644.159249
-47.4,500,644.215621
-47.3,500,644.272969
-47.5,500,644.556686
-46.8,500,644.614373
-47.4,500,644.670069
-46.8,500,644.727027
-47.7,500,645.010636
-47.2,500,645.068674
-47.2,500,645.125165
-48.5,500,645.181498
-47.0,500,645.465993
-48.1,500,645.522897
-47.2,500,645.579572
-47.1,500,645.63635
-47.6,500,645.920949
-48.2,500,645.977354
-47.1,500,646.034204
-47.1,500,646.091105
-48.1,500,646.376839
-46.9,500,646.433434
-47.7,500,646.490452
-47.0,500,646.546502
-46.9,500,646.830808
-47.4,500,646.887306
-47.0,500,646.94362
-46.5,500,647.001527
-47.1,500,647.285131
-46.9,500,647.343157
-47.0,500,647.399485
-47.1,500,647.457083
-47.0,500,647.741834
-46.7,500,647.798489
-47.0,500,647.854453
-46.5,500,647.912099
-47.3,500,648.196579
-47.7,500,648.253239
-46.7,500,648.310278
-47.1,500,648.366214
-46.7,500,648.650085
-47.7,500,648.707209
-47.1,500,648.764373
-47.7,500,648.820273
-47.1,500,648.876765
-48.3,500,649.161244
-47.2,500,649.218091
-47.0,500,649.274722
-47.5,500,649.331834
-47.2,500,649.615069
-46.9,500,649.672403
-46.7,500,649.728925
-47.7,500,649.785274
-47.3,500,650.069284
-47.2,500,650.125588
-47.3,500,650.182779
-47.3,500,650.239674
-47.0,500,650.523918
-47.1,500,650.579698
-47.4,500,650.636363
-47.2,500,650.691718
-46.8,500,650.976411
-46.6,500,651.031704
-46.7,500,651.089366
-47.1,500,651.145216
-47.5,500,651.430149
-48.7,500,651.486767
-47.9,500,651.542017
-47.9,500,651.599326
-47.7,500,651.916629
-47.6,500,651.97296
-47.6,500,652.030199
-48.4,500,652.086307
-47.9,500,652.371568
-47.3,500,652.427998
-47.6,500,652.485153
-47.4,500,652.541505
-47.4,500,652.82657
-47.4,500,652.883121
-47.3,500,652.939849
-47.1,500,652.996833
-47.6,500,653.280937
-46.8,500,653.338616
-47.3,500,653.395833
-47.3,500,653.453411
-46.9,500,653.509441
-48.6,500,653.793945
-48.1,500,653.850312
-46.5,500,653.907618
-46.7,500,653.963886
-46.9,500,654.247705
-46.7,500,654.304076
-46.6,500,654.361309
-46.7,500,654.417838
-47.7,500,654.701661
-46.8,500,654.758047
-47.0,500,654.813951
-46.5,500,654.870858
-47.0,500,655.15451
-47.2,500,655.212081
-47.0,500,655.268434
-46.9,500,655.325398
-47.2,500,655.608503
-47.6,500,655.665829
-47.1,500,655.723297
-46.7,500,655.779512
-47.0,500,656.062794
-48.5,500,656.119133
-47.6,500,656.17571
-47.9,500,656.231587
-48.3,500,656.515347
-47.3,500,656.570589
-48.0,500,656.628142
-47.2,500,656.683061
-48.6,500,656.967589
-46.6,500,657.024052
-47.2,500,657.082042
-46.9,500,657.138433
-47.3,500,657.42418
-47.3,500,657.481375
-46.6,500,657.537595
-47.5,500,657.593884
-47.0,500,657.878229
-46.6,500,657.936203
-46.6,500,657.992147
-47.8,500,658.049296
-46.9,500,658.332502
-46.9,500,658.389583
-47.3,500,658.445948
-47.3,500,658.502669
-46.7,500,658.559119
-47.6,500,658.842581
-47.8,500,658.900719
-47.4,500,658.95713
-47.1,500,659.01467
-46.7,500,659.297933
-46.8,500,659.35538
-47.3,500,659.411903
-46.8,500,659.469466
-47.2,500,659.752825
-47.6,500,659.809417
-47.2,500,659.867402
-46.5,500,659.923271
-46.7,500,660.207613
-46.5,500,660.263889
-46.8,500,660.320128
-46.6,500,660.376276
-46.6,500,660.660305
-46.7,500,660.716076
-47.2,500,660.772834
-47.2,500,660.82883
-46.6,500,661.111865
-48.1,500,661.168057
-46.7,500,661.223608
-46.8,500,661.280523
-48.4,500,661.564098
-46.5,500,661.621793
-46.5,500,661.67791
-46.8,500,661.734519
-47.6,500,662.019692
-46.6,500,662.077229
-47.1,500,662.133113
-46.8,500,662.189786
-46.7,500,662.480511
-47.1,500,662.539172
-46.6,500,662.597434
-47.0,500,662.653971
-47.3,500,662.943679
-48.0,500,663.001173
-47.3,500,663.057616
-47.2,500,663.114592
-47.7,500,663.171152
-47.3,500,663.459363
-46.9,500,663.515043
-46.6,500,663.571755
-46.9,500,663.626932
-47.5,500,663.913473
-47.4,500,663.969975
-47.4,500,664.026389
-47.1,500,664.082179
-47.3,500,664.367362
-47.3,500,664.424486
-47.0,500,664.480486
-47.7,500,664.53781
-47.0,500,664.821402
-46.9,500,664.879129
-46.8,500,664.93553
-46.7,500,664.992809
-47.3,500,665.278927
-46.7,500,665.335227
-46.9,500,665.391673
-47.0,500,665.447655
-46.6,500,665.734508
-46.8,500,665.790356
-46.7,500,665.847466
-46.8,500,665.903417
-47.2,500,666.188984
-46.6,500,666.246105
-47.2,500,666.303565
-46.5,500,666.359536
-47.1,500,666.644544
-47.0,500,666.701272
-46.5,500,666.757816
-46.9,500,666.815315
-47.0,500,667.100615
-46.7,500,667.158234
-46.9,500,667.213748
-47.2,500,667.270328
-46.9,500,667.55798
-47.8,500,667.615645
-47.0,500,667.67217
-47.0,500,667.729188
-47.0,500,667.785007
-46.7,500,668.070211
-47.2,500,668.126758
-48.3,500,668.183293
-47.6,500,668.239796
-46.8,500,668.523921
-46.5,500,668.581286
-46.5,500,668.637111
-46.9,500,668.693835
-47.3,500,668.979001
-46.7,500,669.037177
-46.5,500,669.094674
-46.7,500,669.150478
-47.1,500,669.436785
-46.7,500,669.493513
-46.6,500,669.550376
-46.9,500,669.606372
-47.4,500,669.891008
-48.0,500,669.947669
-48.9,500,670.00463
-48.9,500,670.059882
-47.5,500,670.34615
-47.3,500,670.402659
-47.2,500,670.459021
-48.0,500,670.514764
-47.8,500,670.799546
-47.2,500,670.857765
-46.8,500,670.914012
-46.9,500,670.970779
-47.1,500,671.291397
-46.8,500,671.347977
-47.3,500,671.404894
-47.5,500,671.461421
-47.2,500,671.748007
-46.6,500,671.805495
-47.1,500,671.861667
-46.6,500,671.919153
-47.5,500,672.203038
-47.0,500,672.261287
-47.3,500,672.317817
-48.7,500,672.375517
-47.4,500,672.661667
-47.0,500,672.717669
-46.6,500,672.773905
-47.2,500,672.829813
-47.1,500,672.88692
-46.5,500,673.172626
-46.6,500,673.229526
-46.8,500,673.286293
-47.1,500,673.343934
-46.8,500,673.629036
-46.7,500,673.686255
-47.3,500,673.742183
-47.2,500,673.800197
-46.6,500,674.086166
-46.8,500,674.141403
-46.9,500,674.198562
-46.9,500,674.254449
-46.8,500,674.540245
-46.8,500,674.59641
-47.8,500,674.653589
-47.1,500,674.709666
-47.1,500,674.996127
-46.8,500,675.053179
-46.9,500,675.108831
-47.3,500,675.166042
-47.0,500,675.451199
-46.8,500,675.508568
-47.1,500,675.564713
-47.3,500,675.622241
-47.5,500,675.907543
-46.5,500,675.964974
-47.1,500,676.020162
-46.6,500,676.076326
-47.5,500,676.361732
-49.7,500,676.418593
-49.8,500,676.475805
-48.4,500,676.532016
-48.7,500,676.816752
-47.5,500,676.873408
-47.7,500,676.931155
-47.8,500,676.993048
-47.1,500,677.312071
-47.0,500,677.379015
-48.0,500,677.442479
-48.4,500,677.5055
-46.9,500,677.56355
-47.0,500,677.862162
-47.0,500,677.920737
-46.7,500,677.976813
-47.7,500,678.034925
-46.9,500,678.319763
-47.0,500,678.376677
-47.2,500,678.432717
-47.2,500,678.488768
-46.7,500,678.774913
-46.9,500,678.832107
-47.1,500,678.897822
-46.7,500,678.95867
-46.9,500,679.245672
-46.7,500,679.302048
-46.9,500,679.359337
-47.4,500,679.414992
-46.7,500,679.700545
-47.3,500,679.757274
-47.6,500,679.813062
-46.7,500,679.870385
-47.2,500,680.156053
-46.9,500,680.213892
-47.4,500,680.270194
-47.0,500,680.327479
-46.9,500,680.612203
-46.9,500,680.669664
-47.2,500,680.727316
-47.2,500,680.783287
-47.8,500,681.069033
-46.7,500,681.125317
-46.7,500,681.182502
-46.9,500,681.23934
-46.7,500,681.525822
-47.5,500,681.582022
-46.7,500,681.639346
-46.6,500,681.694544
-46.7,500,681.980202
-48.5,500,682.037745
-46.9,500,682.094608
-47.5,500,682.15128
-48.4,500,682.438582
-47.6,500,682.495677
-47.3,500,682.551961
-47.5,500,682.6093
-47.3,500,682.665501
-47.0,500,682.952625
-46.8,500,683.009058
-47.0,500,683.065984
-47.0,500,683.12251
-46.8,500,683.40792
-46.7,500,683.464712
-46.6,500,683.520493
-46.6,500,683.577739
-47.9,500,683.861429
-47.2,500,683.917919
-47.2,500,683.974909
-48.0,500,684.032305
-46.8,500,684.315989
-46.8,500,684.37324
-47.7,500,684.429195
-47.3,500,684.486146
-47.2,500,684.772294
-47.7,500,684.828612
-47.5,500,684.885899
-48.5,500,684.9424
-47.1,500,685.22751
-48.7,500,685.283911
-47.9,500,685.341338
-47.9,500,685.398247
-47.4,500,685.683008
-47.3,500,685.740444
-46.9,500,685.797363
-47.2,500,685.85392
-48.6,500,686.13921
-47.1,500,686.196517
-47.3,500,686.252459
-46.9,500,686.309492
-47.2,500,686.594295
-46.8,500,686.651272
-46.8,500,686.707852
-47.0,500,686.765201
-46.8,500,687.049547
-47.2,500,687.106254
-47.3,500,687.162096
-47.6,500,687.21785
-47.6,500,687.275552
-46.7,500,687.564128
-46.8,500,687.622097
-47.4,500,687.678806
-46.7,500,687.736321
-47.2,500,688.020762
-47.0,500,688.077876
-46.7,500,688.134068
-47.6,500,688.190816
-46.7,500,688.476715
-47.1,500,688.532941
-46.8,500,688.590104
-46.8,500,688.646273
-46.7,500,688.930654
-47.0,500,688.987156
-46.5,500,689.044816
-46.8,500,689.100154
-47.2,500,689.385923
-47.0,500,689.442285
-47.2,500,689.499281
-47.8,500,689.554366
-46.9,500,689.838692
-46.5,500,689.896556
-46.9,500,689.953178
-46.7,500,690.010316
-46.5,500,690.294824
-47.4,500,690.352285
-46.5,500,690.408433
-46.7,500,690.46478
-47.1,500,690.750822
-47.4,500,690.806618
-46.8,500,690.863483
-47.1,500,690.919912
-46.7,500,691.204189
-46.9,500,691.260051
-46.6,500,691.317847
-47.4,500,691.374363
-47.6,500,691.659294
-46.9,500,691.71593
-47.8,500,691.771768
-46.6,500,691.828327
-47.9,500,691.883294
-46.6,500,692.168992
-46.5,500,692.224678
-46.5,500,692.281768
-47.1,500,692.337602
-46.8,500,692.623785
-47.5,500,692.680185
-47.1,500,692.736677
-46.6,500,692.791287
-48.9,500,693.076136
-48.8,500,693.132432
-48.3,500,693.215755
-48.2,500,693.272907
-47.6,500,693.556846
-47.5,500,693.613839
-47.9,500,693.670251
-47.4,500,693.726992
-47.8,500,694.012866
-46.7,500,694.069271
-47.6,500,694.126122
-47.7,500,694.182081
-46.9,500,694.465381
-46.9,500,694.521809
-47.3,500,694.578657
-46.8,500,694.634704
-47.1,500,694.920798
-46.5,500,694.976936
-47.3,500,695.03424
-46.5,500,695.091523
-47.3,500,695.377121
-47.4,500,695.434466
-46.7,500,695.490835
-47.7,500,695.548158
-46.9,500,695.832548
-47.4,500,695.890486
-46.7,500,695.947181
-46.9,500,696.003203
-47.3,500,696.288236
-48.2,500,696.343922
-48.1,500,696.401224
-47.7,500,696.456536
-48.0,500,696.74108
-47.0,500,696.796854
-47.3,500,696.854555
-47.2,500,696.910823
-47.4,500,696.968434
-46.8,500,697.251891
-46.7,500,697.307481
-47.2,500,697.364308
-46.7,500,697.421949
-47.1,500,697.709128
-46.9,500,697.765916
-46.9,500,697.823122
-47.0,500,697.879147
-46.8,500,698.163805
-46.9,500,698.220858
-46.9,500,698.278008
-46.9,500,698.334305
-46.9,500,698.618628
-46.5,500,698.676439
-46.6,500,698.733382
-47.2,500,698.79082
-48.4,500,699.075145
-49.0,500,699.132851
-49.5,500,699.188775
-49.7,500,699.246355
-49.0,500,699.530806
-48.0,500,699.587528
-48.2,500,699.644799
-49.3,500,699.701388
-48.0,500,699.985119
-48.3,500,700.041186
-48.8,500,700.098739
-49.2,500,700.154802
-47.7,500,700.439957
-47.1,500,700.497053
-47.0,500,700.554203
-48.0,500,700.609436
-48.5,500,700.894729
-47.0,500,700.952162
-47.1,500,701.009243
-47.3,500,701.066757
-48.1,500,701.350624
-47.6,500,701.408235
-46.7,500,701.463833
-47.1,500,701.520391
-47.4,500,701.575819
-47.7,500,701.861384
-46.7,500,701.917806
-46.5,500,701.974642
-47.2,500,702.031571
-47.7,500,702.315673
-47.5,500,702.372328
-46.8,500,702.428887
-46.9,500,702.486339
-47.4,500,702.768784
-47.8,500,702.825413
-47.3,500,702.88184
-46.6,500,702.938842
-47.2,500,703.222636
-46.7,500,703.280561
-47.0,500,703.337157
-47.2,500,703.393834
-46.8,500,703.6772
-47.3,500,703.733389
-46.6,500,703.789606
-47.6,500,703.844917
-46.7,500,704.12845
-47.3,500,704.185325
-46.5,500,704.243094
-48.2,500,704.298872
-47.2,500,704.583054
-46.7,500,704.639936
-47.3,500,704.697134
-47.0,500,704.75397
-46.9,500,705.038364
-46.5,500,705.095706
-46.6,500,705.151871
-46.5,500,705.208873
-46.9,500,705.492925
-48.1,500,705.549776
-49.2,500,705.605552
-48.3,500,705.662127
-48.5,500,705.94481
-47.4,500,706.002615
-48.5,500,706.059389
-47.6,500,706.116689
-48.0,500,706.401623
-47.8,500,706.458137
-47.9,500,706.516298
-47.2,500,706.572809
-47.3,500,706.63044
-47.8,500,706.913932
-47.5,500,706.971031
-47.1,500,707.02714
-47.7,500,707.084534
-46.8,500,707.372857
-47.2,500,707.430559
-47.0,500,707.487706
-47.1,500,707.543367
-46.5,500,707.832244
-47.0,500,707.888799
-47.1,500,707.947581
-46.7,500,708.005674
-47.4,500,708.297712
-47.3,500,708.354605
-47.6,500,708.410297
-46.9,500,708.467164
-47.0,500,708.75194
-47.5,500,708.809859
-47.1,500,708.865401
-47.2,500,708.922162
-47.0,500,709.206718
-46.5,500,709.264052
-46.6,500,709.321355
-48.4,500,709.378015
-48.4,500,709.662686
-47.4,500,709.718955
-47.7,500,709.775127
-47.2,500,709.830228
-46.5,500,710.114598
-46.8,500,710.170352
-47.0,500,710.226635
-47.4,500,710.282269
-46.6,500,710.566681
-47.7,500,710.622539
-47.0,500,710.679445
-46.8,500,710.735507
-47.2,500,711.021477
-47.2,500,711.078508
-47.0,500,711.135392
-46.7,500,711.191768
-47.0,500,711.247862
-46.9,500,711.56031
-46.7,500,711.617179
-48.0,500,711.672953
-46.9,500,711.729699
-46.9,500,712.014288
-46.9,500,712.071024
-46.9,500,712.126697
-46.9,500,712.183899
-47.4,500,712.469666
-46.6,500,712.52698
-46.8,500,712.583659
-46.5,500,712.639967
-47.0,500,712.925618
-47.5,500,712.98245
-47.0,500,713.039264
-47.0,500,713.095462
-46.9,500,713.380251
-47.5,500,713.436459
-46.6,500,713.493407
-46.9,500,713.550127
-47.8,500,713.834724
-47.2,500,713.89172
-47.8,500,713.948447
-47.4,500,714.005247
-46.8,500,714.289462
-47.3,500,714.346803
-47.3,500,714.403907
-47.4,500,714.460557
-47.1,500,714.745006
-47.2,500,714.802528
-46.9,500,714.859938
-46.7,500,714.922482
-47.3,500,715.215224
-46.9,500,715.271846
-47.5,500,715.332923
-46.8,500,715.390141
-47.0,500,715.68553
-47.2,500,715.743932
-46.7,500,715.801052
-47.1,500,715.857057
-46.8,500,716.144257
-47.3,500,716.202524
-47.4,500,716.258611
-47.1,500,716.316384
-47.1,500,716.373313
-46.7,500,716.662698
-47.1,500,716.720043
-47.2,500,716.777085
-46.8,500,716.835024
-46.7,500,717.120809
-46.9,500,717.178512
-46.5,500,717.234483
-46.5,500,717.291912
-46.5,500,717.581468
-46.5,500,717.637741
-46.5,500,717.694518
-46.5,500,717.751415
-47.6,500,718.037278
-48.6,500,718.093565
-48.3,500,718.151166
-48.5,500,718.207403
-47.4,500,718.49321
-47.7,500,718.548658
-47.9,500,718.605975
-48.3,500,718.660862
-47.3,500,718.950556
-47.2,500,719.00746
-47.4,500,719.063228
-46.9,500,719.120604
-47.0,500,719.40879
-46.6,500,719.466509
-46.6,500,719.52338
-46.6,500,719.580303
-46.5,500,719.866522
-47.0,500,719.923085
-47.5,500,719.980203
-46.5,500,720.036175
-47.1,500,720.322219
-47.3,500,720.378741
-47.2,500,720.435474
-47.2,500,720.491733
-46.9,500,720.776445
-46.8,500,720.833613
-47.1,500,720.889265
-46.9,500,720.945475
-47.6,500,721.001766
-47.0,500,721.286112
-47.0,500,721.343194
-46.9,500,721.400237
-47.0,500,721.456379
-46.5,500,721.742214
-46.8,500,721.799169
-46.7,500,721.856502
-46.5,500,721.912167
-47.3,500,722.197215
-48.5,500,722.253946
-47.3,500,722.310913
-47.6,500,722.367267
-47.5,500,722.652047
-47.9,500,722.709844
-47.6,500,722.765842
-48.1,500,722.822792
-47.8,500,723.108528
-47.3,500,723.166449
-47.0,500,723.222999
-47.5,500,723.280737
-48.6,500,723.564364
-47.3,500,723.621319
-46.9,500,723.678867
-47.0,500,723.734613
-47.4,500,724.020748
-47.3,500,724.075186
-47.2,500,724.132955
-46.8,500,724.189648
-47.1,500,724.475003
-47.4,500,724.531522
-47.0,500,724.587742
-46.9,500,724.645683
-46.8,500,724.930707
-46.8,500,724.987718
-47.0,500,725.044191
-46.6,500,725.100879
-47.4,500,725.385186
-47.8,500,725.443482
-47.2,500,725.499069
-46.6,500,725.556121
-46.7,500,725.61183
-47.2,500,725.897246
-46.9,500,725.954561
-46.8,500,726.01123
-46.7,500,726.068095
-46.7,500,726.356048
-47.1,500,726.413073
-46.5,500,726.469302
-46.9,500,726.526241
-46.7,500,726.810904
-47.5,500,726.867573
-47.3,500,726.923219
-47.0,500,726.980624
-47.0,500,727.266585
-47.3,500,727.322494
-47.3,500,727.379675
-46.7,500,727.43623
-47.9,500,727.720215
-47.4,500,727.775497
-47.0,500,727.831233
-46.9,500,727.887923
-46.6,500,728.172128
-47.1,500,728.229348
-46.5,500,728.286161
-46.6,500,728.343026
-46.6,500,728.627068
-47.2,500,728.684048
-47.2,500,728.740819
-46.9,500,728.797306
-46.7,500,729.081178
-46.6,500,729.138827
-46.9,500,729.195358
-46.6,500,729.252326
-46.5,500,729.536497
-46.7,500,729.593712
-46.5,500,729.650281
-46.7,500,729.70642
-47.2,500,729.991174
-47.1,500,730.047755
-47.8,500,730.104493
-46.8,500,730.160966
-46.6,500,730.446183
-46.8,500,730.503101
-48.1,500,730.560893
-46.6,500,730.617452
-46.6,500,730.702593
-47.1,500,730.988589
-47.4,500,731.043601
-47.0,500,731.100921
-47.1,500,731.155925
-46.8,500,731.440741
-47.2,500,731.496648
-46.7,500,731.553506
-47.2,500,731.609249
-46.5,500,731.894732
-46.7,500,731.951293
-47.6,500,732.007094
-46.7,500,732.063747
-47.4,500,732.348548
-48.6,500,732.406064
-48.6,500,732.462486
-48.3,500,732.52016
-48.2,500,732.80553
-47.3,500,732.862448
-47.9,500,732.919816
-47.7,500,732.97637
-47.7,500,733.260526
-47.8,500,733.316958
-47.9,500,733.374477
-47.1,500,733.429718
-47.3,500,733.715365
-46.6,500,733.772145
-46.7,500,733.828107
-46.8,500,733.884873
-47.6,500,734.16854
-46.7,500,734.22509
-47.0,500,734.280991
-47.3,500,734.338594
-47.4,500,734.624168
-47.0,500,734.680207
-46.9,500,734.735822
-46.8,500,734.792203
-48.0,500,735.077078
-46.7,500,735.132337
-47.2,500,735.19021
-47.0,500,735.246522
-47.7,500,735.303246
-47.3,500,735.586219
-46.6,500,735.643913
-47.4,500,735.70005
-46.8,500,735.75711
-46.7,500,736.042273
-47.2,500,736.099515
-47.0,500,736.155655
-46.5,500,736.212496
-46.6,500,736.497381
-47.9,500,736.553654
-47.3,500,736.611129
-46.7,500,736.666891
-47.0,500,736.95227
-47.4,500,737.008176
-47.4,500,737.065273
-46.7,500,737.120745
-46.8,500,737.40625
-46.6,500,737.46409
-46.7,500,737.520222
-47.1,500,737.577551
-46.9,500,737.862342
-47.1,500,737.919579
-47.1,500,737.975938
-46.6,500,738.032742
-46.7,500,738.317325
-47.6,500,738.374645
-46.7,500,738.431927
-47.4,500,738.487793
-47.1,500,738.772397
-46.5,500,738.828132
-46.8,500,738.885228
-47.0,500,738.941724
-46.9,500,739.226587
-46.7,500,739.282882
-47.4,500,739.340056
-46.7,500,739.395627
-46.6,500,739.680561
-47.4,500,739.737673
-46.8,500,739.794809
-46.8,500,739.852752
-46.5,500,740.143594
-46.9,500,740.200923
-46.7,500,740.257049
-46.6,500,740.314604
-47.0,500,740.371433
-46.7,500,740.657883
-46.7,500,740.715109
-47.7,500,740.770667
-47.6,500,740.826982
-47.1,500,741.111394
-46.5,500,741.168151
-46.9,500,741.225347
-46.9,500,741.282472
-47.1,500,741.56721
-46.9,500,741.625112
-46.6,500,741.681815
-46.9,500,741.738788
-48.2,500,742.022762
-46.7,500,742.078414
-47.0,500,742.135721
-47.3,500,742.191899
-47.4,500,742.477663
-47.9,500,742.534118
-47.7,500,742.590756
-47.6,500,742.646391
-46.9,500,742.931664
-47.5,500,742.988696
-46.9,500,743.045136
-47.0,500,743.102598
-47.6,500,743.386296
-46.7,500,743.443978
-47.1,500,743.500599
-47.6,500,743.557894
-46.8,500,743.842856
-47.0,500,743.898362
-47.4,500,743.955047
-46.9,500,744.010696
-47.1,500,744.293812
-47.0,500,744.350689
-46.6,500,744.407728
-46.6,500,744.464597
-47.1,500,744.74891
-47.4,500,744.805298
-46.5,500,744.862877
-46.9,500,744.918708
-46.5,500,744.976166
-46.9,500,745.260861
-46.9,500,745.318425
-46.7,500,745.375063
-46.8,500,745.43087
-46.7,500,745.716247
-47.3,500,745.77269
-47.0,500,745.829595
-46.7,500,745.886025
-46.8,500,746.170874
-47.4,500,746.227669
-47.1,500,746.285076
-46.6,500,746.342395
-46.8,500,746.626498
-46.8,500,746.68319
-47.7,500,746.739411
-47.4,500,746.796741
-47.0,500,747.080676
-48.0,500,747.137838
-47.0,500,747.193075
-47.2,500,747.250127
-47.0,500,747.536714
-46.6,500,747.592252
-46.5,500,747.649364
-47.5,500,747.704859
-47.0,500,747.989041
-46.6,500,748.045146
-47.0,500,748.102641
-47.4,500,748.158107
-47.1,500,748.443233
-47.2,500,748.49859
-47.5,500,748.556634
-46.6,500,748.613157
-46.8,500,748.898222
-46.8,500,748.955148
-46.7,500,749.010626
-46.5,500,749.067509
-47.5,500,749.351825
-47.1,500,749.409329
-47.1,500,749.465651
-46.7,500,749.521824
-46.7,500,749.577113
-47.3,500,749.862878
-46.7,500,749.918615
-46.5,500,749.976159
-46.9,500,750.032038
-47.9,500,750.317443
-46.5,500,750.374399
-46.7,500,750.435528
-46.5,500,750.51429
-47.1,500,750.799219
-46.9,500,750.856143
-47.1,500,750.913653
-47.1,500,750.969073
-47.1,500,751.253836
-47.5,500,751.309587
-47.0,500,751.366166
-46.7,500,751.421835
-47.3,500,751.706085
-47.0,500,751.763377
-47.5,500,751.819382
-46.9,500,751.875813
-47.5,500,752.159547
-47.1,500,752.216091
-47.0,500,752.271818
-46.7,500,752.328331
-46.9,500,752.614367
-46.6,500,752.672092
-46.7,500,752.727523
-47.5,500,752.784811
-47.5,500,753.067801
-46.6,500,753.124451
-47.7,500,753.181458
-47.0,500,753.237411
-47.0,500,753.521667
-47.0,500,753.578338
-47.0,500,753.634986
-46.6,500,753.690732
-46.8,500,753.974559
-47.2,500,754.030298
-47.1,500,754.087455
-46.7,500,754.14249
-46.5,500,754.427858
-47.3,500,754.484961
-47.1,500,754.540886
-47.1,500,754.597935
-48.2,500,754.65401
-47.0,500,754.939463
-46.7,500,754.996031
-47.0,500,755.052203
-46.8,500,755.108565
-46.6,500,755.392791
-46.8,500,755.448274
-47.2,500,755.50558
-47.0,500,755.561367
-46.9,500,755.844957
-46.8,500,755.901718
-47.3,500,755.958254
-46.8,500,756.015514
-46.6,500,756.29975
-47.1,500,756.356586
-47.2,500,756.412896
-46.5,500,756.470014
-46.9,500,756.752605
-46.7,500,756.809515
-46.6,500,756.865074
-46.8,500,756.92248
-46.5,500,757.207359
-46.5,500,757.263613
-46.9,500,757.320861
-47.2,500,757.377255
-46.7,500,757.663603
-47.2,500,757.719843
-46.9,500,757.77658
-46.5,500,757.831635
-47.4,500,758.115513
-46.7,500,758.171414
-47.5,500,758.229348
-47.1,500,758.285506
-46.6,500,758.570572
-47.9,500,758.628338
-48.0,500,758.684973
-48.1,500,758.741914
-48.1,500,759.024455
-47.3,500,759.081235
-47.2,500,759.137412
-48.1,500,759.194517
-47.4,500,759.250205
-47.7,500,759.535004
-48.1,500,759.591887
-47.6,500,759.64788
-47.5,500,759.705058
-48.1,500,759.988526
-47.9,500,760.045276
-47.4,500,760.101196
-46.7,500,760.158197
-46.9,500,760.442497
-47.1,500,760.500226
-46.6,500,760.556712
-47.5,500,760.613558
-46.7,500,760.898157
-47.0,500,760.95435
-46.5,500,761.011607
-47.0,500,761.068332
-47.9,500,761.352314
-46.5,500,761.408271
-46.8,500,761.465618
-46.9,500,761.521236
-47.9,500,761.804969
-46.8,500,761.860773
-46.9,500,761.917525
-46.6,500,761.972476
-47.0,500,762.255883
-47.3,500,762.312634
-47.8,500,762.370203
-47.6,500,762.427039
-47.5,500,762.712093
-47.3,500,762.768944
-46.9,500,762.824802
-48.0,500,762.881565
-47.1,500,763.165035
-47.2,500,763.221957
-47.4,500,763.277114
-47.2,500,763.33311
-46.5,500,763.614654
-46.5,500,763.671395
-47.1,500,763.728521
-46.5,500,763.785151
-47.4,500,764.070757
-46.9,500,764.127037
-46.7,500,764.184875
-46.7,500,764.241007
-46.9,500,764.298009
-47.3,500,764.582382
-46.5,500,764.639063
-46.7,500,764.695423
-46.6,500,764.75237
-47.1,500,765.036501
-47.3,500,765.093352
-47.5,500,765.150969
-47.3,500,765.207476
-47.2,500,765.492389
-46.9,500,765.548366
-46.7,500,765.605148
-47.3,500,765.660923
-47.2,500,765.945562
-46.8,500,766.002014
-47.5,500,766.057354
-46.7,500,766.114289
-47.3,500,766.398655
-47.0,500,766.456135
-47.7,500,766.512026
-47.5,500,766.568699
-47.4,500,766.852988
-46.5,500,766.910688
-47.6,500,766.967454
-48.5,500,767.023537
-47.6,500,767.308065
-46.7,500,767.364774
-46.8,500,767.422137
-47.0,500,767.478699
-47.5,500,767.762604
-47.2,500,767.818379
-47.4,500,767.875395
-47.7,500,767.930709
-47.2,500,768.214739
-47.0,500,768.271533
-46.9,500,768.328321
-47.0,500,768.38507
-47.4,500,768.669253
-47.0,500,768.726421
-47.0,500,768.782251
-47.5,500,768.839474
-47.0,500,768.894998
-47.2,500,769.18018
-47.2,500,769.23683
-46.6,500,769.294163
-47.0,500,769.350043
-47.8,500,769.632919
-47.1,500,769.68934
-46.9,500,769.74536
-47.3,500,769.802552
-46.6,500,770.116327
-46.7,500,770.172811
-46.5,500,770.229526
-46.8,500,770.285831
-46.8,500,770.571702
-47.2,500,770.62838
-47.1,500,770.685889
-47.3,500,770.741433
-47.4,500,771.026004
-47.0,500,771.082261
-47.0,500,771.139178
-46.9,500,771.195408
-47.0,500,771.47915
-46.9,500,771.536585
-47.4,500,771.592009
-46.8,500,771.647955
-46.9,500,771.932594
-47.3,500,771.989726
-47.0,500,772.045981
-46.6,500,772.10265
-46.9,500,772.386185
-48.0,500,772.442366
-47.5,500,772.499604
-46.9,500,772.555521
-46.7,500,772.840172
-46.7,500,772.89716
-46.8,500,772.954751
-47.7,500,773.010569
-46.9,500,773.294622
-46.9,500,773.350566
-46.9,500,773.408329
-46.7,500,773.465108
-46.9,500,773.749798
-47.4,500,773.807641
-47.2,500,773.863757
-46.7,500,773.921113
-47.1,500,773.977717
-46.7,500,774.262254
-47.2,500,774.318551
-47.1,500,774.375519
-46.8,500,774.431237
-46.5,500,774.716316
-47.8,500,774.772749
-47.2,500,774.830315
-47.3,500,774.886235
-47.1,500,775.172159
-47.0,500,775.228763
-46.6,500,775.284487
-47.1,500,775.341636
-46.8,500,775.625295
-46.9,500,775.682419
-46.6,500,775.738297
-47.2,500,775.795669
-47.0,500,776.078677
-46.6,500,776.135652
-47.2,500,776.191278
-46.6,500,776.248096
-47.0,500,776.53281
-47.5,500,776.588951
-47.2,500,776.644962
-47.3,500,776.701095
-47.3,500,776.984355
-47.4,500,777.040345
-47.1,500,777.097106
-47.5,500,777.152759
-47.3,500,777.437607
-47.2,500,777.494297
-47.0,500,777.551377
-48.0,500,777.607922
-47.1,500,777.893444
-48.3,500,777.950841
-48.2,500,778.00715
-48.4,500,778.063327
-48.7,500,778.346825
-47.7,500,778.404999
-48.3,500,778.460699
-47.3,500,778.518264
-48.3,500,778.57489
-47.4,500,778.859701
-47.3,500,778.916591
-47.0,500,778.97634
-47.2,500,779.040559
-47.5,500,779.326245
-47.1,500,779.384065
-47.9,500,779.439656
-47.0,500,779.496467
-46.6,500,779.782975
-48.1,500,779.839266
-47.4,500,779.895673
-47.6,500,779.95138
-47.4,500,780.236813
-46.6,500,780.292686
-46.8,500,780.349384
-46.9,500,780.405384
-46.5,500,780.688428
-47.3,500,780.744778
-47.1,500,780.801387
-46.6,500,780.856479
-47.0,500,781.141213
-47.0,500,781.198023
-46.9,500,781.254228
-46.8,500,781.311036
-46.6,500,781.594169
-47.5,500,781.651466
-47.4,500,781.706701
-46.5,500,781.762944
-47.3,500,782.045521
-49.8,500,782.103205
-47.8,500,782.158983
-47.8,500,782.21582
-47.4,500,782.501059
-47.1,500,782.558186
-47.1,500,782.614656
-47.4,500,782.670958
-46.8,500,782.955365
-47.0,500,783.011183
-47.3,500,783.06881
-47.0,500,783.124593
-46.8,500,783.181974
-47.5,500,783.466163
-46.9,500,783.52233
-46.9,500,783.579448
-46.7,500,783.635471
-46.9,500,783.920364
-46.8,500,783.976141
-46.7,500,784.032525
-47.0,500,784.089191
-46.7,500,784.373312
-46.7,500,784.42812
-46.9,500,784.485025
-46.8,500,784.540227
-46.6,500,784.824672
-46.5,500,784.88194
-47.1,500,784.938715
-46.7,500,784.995579
-46.9,500,785.279533
-46.7,500,785.336886
-47.0,500,785.392327
-46.5,500,785.448583
-46.6,500,785.731647
-47.2,500,785.789043
-46.5,500,785.84463
-46.8,500,785.901852
-47.1,500,786.184377
-46.9,500,786.240992
-47.3,500,786.297247
-47.1,500,786.352493
-47.1,500,786.636524
-47.6,500,786.692784
-46.9,500,786.750771
-46.6,500,786.807382
-46.7,500,787.092074
-46.9,500,787.148755
-46.6,500,787.206335
-46.6,500,787.262804
-46.5,500,787.549493
-46.5,500,787.606201
-47.1,500,787.663027
-46.7,500,787.720196
-46.9,500,788.005027
-46.8,500,788.061847
-46.7,500,788.117589
-46.7,500,788.174496
-47.7,500,788.23117
-46.7,500,788.514686
-46.8,500,788.570099
-46.7,500,788.656184
-46.9,500,788.713282
-46.7,500,788.997706
-47.2,500,789.055366
-46.8,500,789.110945
-46.7,500,789.168772
-47.7,500,789.453275
-47.3,500,789.510151
-47.3,500,789.566781
-47.8,500,789.623515
-47.7,500,789.908142
-46.6,500,789.964882
-47.1,500,790.021839
-46.7,500,790.078076
-48.3,500,790.361796
-47.2,500,790.417897
-47.2,500,790.474677
-46.6,500,790.53065
-47.1,500,790.815006
-47.2,500,790.871916
-46.6,500,790.929344
-46.9,500,790.986403
-46.7,500,791.268993
-47.1,500,791.325946
-47.2,500,791.381202
-47.0,500,791.438449
-46.7,500,791.722443
-47.1,500,791.779181
-46.9,500,791.834904
-47.3,500,791.892339
-47.2,500,792.177314
-47.0,500,792.233929
-47.2,500,792.29032
-47.2,500,792.346354
-46.5,500,792.633234
-46.8,500,792.688318
-47.1,500,792.74473
-47.0,500,792.800383
-46.9,500,792.85692
-47.0,500,793.141258
-46.7,500,793.199105
-46.7,500,793.255786
-46.7,500,793.311771
-46.9,500,793.596619
-46.6,500,793.652324
-47.0,500,793.70936
-46.9,500,793.765357
-47.1,500,794.050325
-46.5,500,794.106271
-47.5,500,794.163336
-46.9,500,794.220049
-46.7,500,794.504101
-46.8,500,794.56195
-47.3,500,794.617946
-46.6,500,794.674674
-47.0,500,794.957851
-46.9,500,795.014377
-46.9,500,795.071241
-47.0,500,795.128444
-47.0,500,795.411303
-47.6,500,795.469569
-46.9,500,795.524921
-47.0,500,795.581305
-47.0,500,795.865976
-47.6,500,795.922375
-46.8,500,795.979549
-47.5,500,796.036302
-47.9,500,796.320788
-46.7,500,796.377065
-47.0,500,796.433986
-47.1,500,796.490449
-46.7,500,796.774343
-46.6,500,796.832045
-46.7,500,796.888618
-46.6,500,796.945452
-46.9,500,797.228534
-46.7,500,797.285669
-47.5,500,797.341612
-46.5,500,797.39927
-46.7,500,797.685705
-49.1,500,797.743463
-48.6,500,797.799741
-48.6,500,797.856704
-49.3,500,797.912207
-48.1,500,798.228076
-48.3,500,798.287204
-47.5,500,798.348805
-48.4,500,798.412221
-47.4,500,798.716537
-47.6,500,798.771546
-47.0,500,798.828826
-48.5,500,798.885494
-47.5,500,799.170123
-46.9,500,799.225429
-47.0,500,799.282313
-47.4,500,799.337113
-47.1,500,799.621798
-46.5,500,799.679098
-47.2,500,799.734785
-47.6,500,799.794637
-46.6,500,800.09361
-46.9,500,800.150899
-46.7,500,800.207515
-46.7,500,800.26415
-47.5,500,800.549121
-46.8,500,800.605723
-47.0,500,800.663216
-47.0,500,800.719485
-46.9,500,801.004933
-46.9,500,801.061015
-46.9,500,801.119008
-46.7,500,801.175952
-47.2,500,801.461377
-46.7,500,801.518306
-47.2,500,801.57555
-47.3,500,801.631554
-46.7,500,801.915529
-46.9,500,801.972419
-46.7,500,802.028036
-46.5,500,802.084724
-47.0,500,802.369482
-47.1,500,802.427518
-47.2,500,802.483496
-46.9,500,802.539992
-46.9,500,802.597092
-47.6,500,802.881852
-46.9,500,802.939117
-47.2,500,802.995491
-48.2,500,803.052823
-46.5,500,803.337074
-47.1,500,803.395057
-47.2,500,803.450198
-47.2,500,803.507728
-47.8,500,803.792176
-48.5,500,803.847858
-47.5,500,803.904111
-47.4,500,803.9605
-47.4,500,804.243735
-47.2,500,804.300349
-47.0,500,804.357693
-49.3,500,804.414395
-47.3,500,804.698413
-46.6,500,804.755302
-47.3,500,804.812733
-47.7,500,804.869597
-47.2,500,805.154669
-46.7,500,805.212117
-47.4,500,805.268007
-47.8,500,805.325268
-47.0,500,805.609607
-46.7,500,805.667132
-46.9,500,805.723316
-46.9,500,805.779628
-47.3,500,806.06373
-46.7,500,806.119203
-46.8,500,806.175578
-46.5,500,806.230353
-47.4,500,806.514913
-46.5,500,806.570858
-46.8,500,806.628218
-46.6,500,806.683242
-46.6,500,806.968516
-46.6,500,807.025795
-46.8,500,807.1092
-47.1,500,807.166429
-47.0,500,807.222651
-46.9,500,807.508061
-46.6,500,807.565223
-47.4,500,807.620971
-46.7,500,807.678169
-47.0,500,807.962149
-48.0,500,808.019686
-46.5,500,808.075507
-47.4,500,808.13224
-46.5,500,808.416456
-46.6,500,808.473022
-47.9,500,808.529475
-46.6,500,808.586343
-47.9,500,808.870617
-48.4,500,808.927396
-47.0,500,808.984309
-47.3,500,809.04078
-48.2,500,809.325042
-47.8,500,809.382126
-46.8,500,809.440413
-49.0,500,809.496999
-47.1,500,809.781537
-46.9,500,809.837599
-47.0,500,809.895029
-47.3,500,809.951058
-46.9,500,810.235272
-47.3,500,810.291789
-47.8,500,810.34829
-46.9,500,810.402657
-47.0,500,810.687167
-47.3,500,810.743756
-47.0,500,810.798916
-47.6,500,810.855806
-47.5,500,811.139688
-46.8,500,811.197159
-47.2,500,811.25419
-46.8,500,811.31074
-46.6,500,811.59504
-46.9,500,811.651648
-46.9,500,811.708115
-46.6,500,811.765026
-47.4,500,812.050438
-47.1,500,812.106213
-46.6,500,812.163525
-47.0,500,812.219004
-46.8,500,812.275598
-47.3,500,812.562504
-46.6,500,812.620117
-46.5,500,812.676466
-46.8,500,812.733326
-46.9,500,813.020483
-46.5,500,813.075671
-47.3,500,813.13242
-46.6,500,813.189039
-47.6,500,813.475625
-46.7,500,813.531526
-47.0,500,813.58789
-47.1,500,813.643569
-47.2,500,813.927944
-47.0,500,813.984695
-47.1,500,814.040725
-48.1,500,814.096855
-47.6,500,814.380149
-48.0,500,814.438289
-46.6,500,814.493989
-47.4,500,814.551286
-47.2,500,814.834852
-47.8,500,814.891983
-47.5,500,814.947787
-47.6,500,815.00399
-46.7,500,815.285979
-46.8,500,815.34362
-46.8,500,815.400389
-47.1,500,815.457595
-47.1,500,815.742731
-47.2,500,815.798322
-46.7,500,815.855028
-47.7,500,815.911556
-47.4,500,816.196042
-46.8,500,816.252377
-46.9,500,816.309592
-47.1,500,816.366209
-47.8,500,816.650433
-46.6,500,816.706878
-46.5,500,816.763537
-47.2,500,816.820376
-46.6,500,816.876083
-47.3,500,817.160036
-47.5,500,817.216172
-48.2,500,817.272553
-47.7,500,817.327283
-47.4,500,817.613506
-48.4,500,817.669245
-47.8,500,817.725697
-47.7,500,817.78192
-47.8,500,818.066678
-48.2,500,818.123185
-47.2,500,818.180469
-47.6,500,818.236822
-47.4,500,818.521271
-46.6,500,818.578791
-46.9,500,818.634547
-47.8,500,818.691705
-48.3,500,818.976644
-48.1,500,819.033283
-48.2,500,819.08943
-48.4,500,819.146163
-47.6,500,819.430895
-48.3,500,819.487916
-47.2,500,819.545318
-47.8,500,819.601839
-47.7,500,819.885361
-46.7,500,819.942204
-47.5,500,819.999463
-47.1,500,820.054789
-46.8,500,820.339043
-46.9,500,820.395387
-47.0,500,820.452152
-46.6,500,820.508151
-47.3,500,820.793053
-46.9,500,820.850236
-46.9,500,820.906478
-47.0,500,820.963409
-47.1,500,821.24776
-48.3,500,821.305568
-48.0,500,821.361916
-47.6,500,821.419068
-48.0,500,821.702469
-47.4,500,821.759671
-47.0,500,821.817151
-47.1,500,821.873111
-47.0,500,821.929873
-47.5,500,822.214908
-47.2,500,822.272609
-48.5,500,822.329525
-48.4,500,822.386854
-47.3,500,822.674664
-48.6,500,822.731637
-47.8,500,822.789178
-46.8,500,822.845405
-46.9,500,823.130637
-47.3,500,823.187438
-46.6,500,823.245211
-46.9,500,823.300855
-46.6,500,823.585657
-47.3,500,823.641322
-46.7,500,823.69872
-47.1,500,823.755333
-47.0,500,824.038724
-46.5,500,824.095873
-48.8,500,824.151665
-47.5,500,824.208381
-47.2,500,824.491404
-47.4,500,824.54864
-47.0,500,824.604892
-47.5,500,824.662014
-46.9,500,824.946301
-47.1,500,825.003318
-46.5,500,825.059568
-47.0,500,825.115955
-46.8,500,825.399408
-46.6,500,825.454792
-47.1,500,825.511538
-47.3,500,825.566978
-46.5,500,825.85071
-47.4,500,825.907396
-47.2,500,825.995592
-47.0,500,826.052634
-47.0,500,826.335855
-46.7,500,826.393027
-47.2,500,826.449284
-46.7,500,826.505695
-46.5,500,826.561813
-47.0,500,826.846822
-46.9,500,826.903414
-47.6,500,826.960249
-46.7,500,827.016823
-47.4,500,827.29972
-48.4,500,827.356162
-46.8,500,827.411948
-47.1,500,827.468487
-47.2,500,827.754954
-47.4,500,827.81169
-47.4,500,827.867258
-47.8,500,827.924106
-47.2,500,828.211171
-47.2,500,828.268055
-46.9,500,828.323177
-47.7,500,828.380804
-47.6,500,828.665166
-47.2,500,828.721289
-47.0,500,828.781349
-47.1,500,828.837889
-47.6,500,829.122181
-46.8,500,829.17846
-47.6,500,829.235735
-46.6,500,829.291605
-47.8,500,829.575903
-47.0,500,829.632907
-47.1,500,829.689154
-46.9,500,829.745523
-47.9,500,830.028517
-47.0,500,830.085513
-47.1,500,830.141463
-47.4,500,830.197992
-47.0,500,830.482777
-46.9,500,830.539444
-46.6,500,830.596416
-46.6,500,830.653019
-47.3,500,830.936896
-47.0,500,830.992804
-46.7,500,831.04902
-46.7,500,831.10405
-47.4,500,831.388458
-47.8,500,831.445437
-46.7,500,831.5027
-47.0,500,831.559914
-46.8,500,831.616553
-47.5,500,831.903024
-48.3,500,831.959411
-47.2,500,832.01763
-47.6,500,832.074025
-47.9,500,832.359918
-48.2,500,832.416992
-47.4,500,832.474077
-48.7,500,832.530893
-47.1,500,832.816261
-47.2,500,832.873563
-46.5,500,832.929728
-46.7,500,832.987289
-46.7,500,833.271431
-47.1,500,833.328545
-46.7,500,833.383505
-48.2,500,833.44052
-47.7,500,833.726336
-46.8,500,833.782289
-46.7,500,833.839005
-47.0,500,833.89511
-47.8,500,834.178599
-46.5,500,834.234706
-46.8,500,834.291417
-47.8,500,834.347865
-47.1,500,834.632081
-48.7,500,834.687512
-46.5,500,834.745206
-46.9,500,834.801722
-47.3,500,835.087581
-47.3,500,835.145424
-47.0,500,835.201679
-47.8,500,835.258346
-47.8,500,835.541746
-47.1,500,835.599117
-46.5,500,835.655763
-47.6,500,835.712102
-46.8,500,835.99551
-47.2,500,836.052706
-47.0,500,836.110424
-46.6,500,836.166152
-47.2,500,836.223356
-47.3,500,836.507132
-46.9,500,836.564085
-46.9,500,836.620105
-46.7,500,836.676826
-46.9,500,836.96262
-46.5,500,837.020804
-46.5,500,837.077716
-46.5,500,837.134185
-47.3,500,837.419076
-47.1,500,837.475418
-46.7,500,837.533085
-47.0,500,837.589736
-47.1,500,837.87296
-47.1,500,837.929597
-47.3,500,837.987164
-46.8,500,838.042973
-47.6,500,838.328589
-46.7,500,838.385487
-47.1,500,838.441075
-46.9,500,838.49869
-47.5,500,838.783753
-46.9,500,838.841744
-47.2,500,838.899171
-47.3,500,838.956521
-47.0,500,839.240898
-47.1,500,839.298842
-47.4,500,839.355428
-46.7,500,839.412701
-46.6,500,839.69717
-47.2,500,839.75369
-47.6,500,839.810922
-47.3,500,839.867471
-47.0,500,840.178929
-47.0,500,840.24227
-47.8,500,840.299578
-47.5,500,840.36284
-47.0,500,840.672975
-47.1,500,840.728924
-47.1,500,840.785566
-46.8,500,840.841532
-47.1,500,840.898984
-48.1,500,841.185258
-46.9,500,841.242246
-46.6,500,841.298986
-46.9,500,841.355128
-46.5,500,841.640261
-46.8,500,841.695727
-46.8,500,841.75293
-46.8,500,841.810519
-46.7,500,842.108756
-47.6,500,842.164771
-46.6,500,842.221884
-46.6,500,842.278782
-46.9,500,842.563363
-47.7,500,842.619837
-47.4,500,842.67535
-47.3,500,842.732366
-47.0,500,843.017008
-47.1,500,843.074726
-46.8,500,843.130471
-47.1,500,843.187153
-47.1,500,843.470762
-46.9,500,843.528548
-47.1,500,843.584108
-47.0,500,843.640258
-47.0,500,843.924589
-46.8,500,843.981544
-47.4,500,844.038089
-46.7,500,844.093803
-47.1,500,844.379734
-47.8,500,844.437097
-47.0,500,844.493706
-47.1,500,844.549323
-46.9,500,844.859213
-47.0,500,844.916972
-46.9,500,844.972762
-47.1,500,845.029461
-46.5,500,845.312372
-46.8,500,845.369176
-46.5,500,845.425967
-46.6,500,845.482112
-47.1,500,845.76638
-46.7,500,845.822976
-47.0,500,845.87956
-46.7,500,845.936557
-47.6,500,845.993639
-46.9,500,846.277419
-47.7,500,846.334156
-47.2,500,846.390057
-47.7,500,846.447187
-46.8,500,846.72964
-47.5,500,846.787144
-46.9,500,846.842289
-46.9,500,846.898876
-46.9,500,847.183867
-46.5,500,847.24024
-47.1,500,847.296546
-47.1,500,847.353082
-46.5,500,847.639765
-46.7,500,847.695922
-47.4,500,847.753295
-46.7,500,847.809439
-46.6,500,848.093551
-46.9,500,848.15088
-46.9,500,848.207103
-46.6,500,848.26464
-46.7,500,848.548689
-48.0,500,848.605801
-46.9,500,848.662216
-46.6,500,848.719144
-46.8,500,849.001812
-47.6,500,849.059461
-46.8,500,849.114861
-47.1,500,849.172084
-47.2,500,849.456725
-46.8,500,849.513421
-47.7,500,849.570558
-46.7,500,849.626864
-46.6,500,849.911233
-46.8,500,849.967168
-47.3,500,850.024464
-46.7,500,850.080433
-46.8,500,850.364596
-47.3,500,850.421888
-47.1,500,850.479288
-46.7,500,850.535889
-46.5,500,850.592567
-47.1,500,850.878087
-46.8,500,850.934135
-46.6,500,850.990857
-46.7,500,851.046769
-47.0,500,851.33071
-46.5,500,851.387019
-47.1,500,851.44367
-46.7,500,851.499966
-47.4,500,851.78413
-47.5,500,851.841364
-47.4,500,851.898247
-46.9,500,851.955406
-46.9,500,852.23805
-46.7,500,852.295697
-46.7,500,852.352228
-47.9,500,852.409383
-47.2,500,852.694843
-47.1,500,852.752964
-47.1,500,852.808687
-47.0,500,852.865864
-46.9,500,853.150987
-47.1,500,853.206642
-47.5,500,853.264149
-47.2,500,853.319882
-47.0,500,853.604615
-48.2,500,853.660479
-47.0,500,853.717464
-47.3,500,853.773659
-47.1,500,854.058624
-46.7,500,854.115473
-46.7,500,854.171949
-46.5,500,854.227963
-47.4,500,854.511872
-48.9,500,854.56909
-48.5,500,854.625825
-50.7,500,854.682725
-48.7,500,854.966784
-48.1,500,855.024327
-48.1,500,855.080464
-48.2,500,855.138286
-47.6,500,855.423659
-47.1,500,855.479212
-48.1,500,855.53623
-47.6,500,855.592588
-47.5,500,855.649668
-47.4,500,855.933316
-46.8,500,855.990747
-47.0,500,856.04631
-46.7,500,856.103734
-46.9,500,856.387765
-46.8,500,856.445085
-46.7,500,856.501437
-46.7,500,856.557456
-46.8,500,856.842413
-46.8,500,856.89892
-47.2,500,856.955727
-47.0,500,857.012173
-46.7,500,857.297408
-46.8,500,857.353769
-46.7,500,857.410488
-47.1,500,857.466299
-46.7,500,857.752101
-47.1,500,857.809785
-47.1,500,857.864958
-47.1,500,857.922221
-47.3,500,858.205469
-46.7,500,858.262585
-46.6,500,858.318616
-46.6,500,858.375966
-47.2,500,858.65992
-47.0,500,858.717719
-46.7,500,858.773012
-46.7,500,858.82991
-47.1,500,859.114333
-46.9,500,859.171579
-47.1,500,859.228354
-47.4,500,859.284441
-47.2,500,859.568673
-47.2,500,859.625582
-46.9,500,859.683184
-46.9,500,859.738973
-47.0,500,860.02361
-46.8,500,860.080608
-47.4,500,860.136574
-47.8,500,860.193425
-47.5,500,860.249723
-46.6,500,860.535028
-46.9,500,860.590771
-46.7,500,860.648146
-47.3,500,860.704791
-47.5,500,860.990142
-46.9,500,861.045998
-47.1,500,861.102555
-47.5,500,861.158505
-47.1,500,861.443101
-46.7,500,861.499167
-46.6,500,861.555781
-47.0,500,861.610838
-47.5,500,861.895066
-47.2,500,861.952981
-47.4,500,862.008582
-46.9,500,862.065044
-46.7,500,862.348514
-47.6,500,862.405777
-46.5,500,862.462331
-46.6,500,862.519342
-47.2,500,862.803963
-46.7,500,862.861279
-47.2,500,862.916687
-47.4,500,862.972901
-47.3,500,863.287191
-46.6,500,863.343323
-46.5,500,863.400773
-46.8,500,863.456399
-46.5,500,863.740871
-46.5,500,863.797121
-46.9,500,863.853871
-46.5,500,863.909912
-46.8,500,864.193214
-47.3,500,864.250602
-47.6,500,864.30669
-47.0,500,864.363236
-47.5,500,864.646568
-47.5,500,864.703878
-47.4,500,864.759896
-47.7,500,864.817147
-47.0,500,864.873084
-47.0,500,865.159158
-46.7,500,865.216187
-47.2,500,865.272106
-47.0,500,865.328435
-46.7,500,865.612377
-46.9,500,865.670454
-47.1,500,865.726359
-47.2,500,865.783611
-46.8,500,866.067441
-47.5,500,866.124589
-47.1,500,866.180555
-47.2,500,866.237084
-46.7,500,866.521506
-47.3,500,866.57763
-46.6,500,866.633551
-46.9,500,866.690135
-47.5,500,866.973488
-46.8,500,867.029173
-46.8,500,867.085628
-46.9,500,867.140968
-46.7,500,867.425476
-47.5,500,867.481583
-46.8,500,867.539661
-47.3,500,867.595756
-46.7,500,867.88274
-47.0,500,867.939173
-46.9,500,867.996081
-46.7,500,868.053366
-46.5,500,868.33757
-46.7,500,868.395491
-47.3,500,868.451172
-46.7,500,868.508118
-46.7,500,868.79209
-47.2,500,868.849399
-46.7,500,868.905717
-46.8,500,868.961842
-47.2,500,869.246447
-46.7,500,869.303084
-47.0,500,869.360331
-46.7,500,869.41697
-47.6,500,869.701386
-47.2,500,869.758163
-47.1,500,869.815581
-47.3,500,869.871805
-47.1,500,869.928472
-47.4,500,870.215498
-46.7,500,870.271792
-46.6,500,870.329365
-47.8,500,870.386144
-46.9,500,870.66942
-47.5,500,870.725256
-47.7,500,870.784234
-46.8,500,870.840256
-47.1,500,871.124891
-46.6,500,871.18134
-46.6,500,871.238375
-46.7,500,871.294897
-46.7,500,871.579357
-46.5,500,871.636067
-46.6,500,871.692653
-46.6,500,871.749348
-46.5,500,872.03347
-47.0,500,872.090369
-47.3,500,872.145765
-47.1,500,872.202282
-46.5,500,872.484704
-46.9,500,872.54269
-47.7,500,872.599808
-47.1,500,872.656722
-47.6,500,872.940843
-46.9,500,872.996111
-47.5,500,873.052896
-46.7,500,873.108824
-47.0,500,873.393166
-46.7,500,873.449372
-47.0,500,873.506306
-46.5,500,873.562414
-46.7,500,873.845372
-47.0,500,873.902143
-46.6,500,873.958988
-46.7,500,874.015783
-46.7,500,874.299952
-47.1,500,874.3571
-46.5,500,874.412672
-46.9,500,874.46984
-46.9,500,874.52607
-46.5,500,874.809967
-46.6,500,874.865447
-46.6,500,874.922318
-46.9,500,874.978345
-46.7,500,875.262079
-46.5,500,875.319676
-48.0,500,875.375612
-46.7,500,875.432758
-47.3,500,875.715996
-46.9,500,875.773303
-46.9,500,875.828693
-47.6,500,875.885801
-46.9,500,876.169571
-46.5,500,876.226839
-46.9,500,876.282999
-46.7,500,876.340293
-46.9,500,876.62265
-46.9,500,876.679663
-46.8,500,876.736333
-46.7,500,876.792811
-48.8,500,877.077524
-47.2,500,877.133817
-46.9,500,877.190139
-46.8,500,877.245606
-46.6,500,877.528992
-46.9,500,877.585455
-48.2,500,877.642996
-46.8,500,877.698884
-46.9,500,877.984052
-46.9,500,878.040669
-46.7,500,878.097823
-47.0,500,878.154106
-47.0,500,878.437069
-46.9,500,878.493799
-46.6,500,878.550453
-46.9,500,878.607587
-46.5,500,878.890486
-46.5,500,878.947791
-47.1,500,879.003286
-47.1,500,879.060591
-46.5,500,879.343632
-46.7,500,879.401477
-47.2,500,879.458062
-47.3,500,879.514994
-47.3,500,879.571603
-46.5,500,879.853877
-47.2,500,879.910427
-47.3,500,879.966627
-46.5,500,880.023883
-48.0,500,880.306735
-47.2,500,880.363622
-46.9,500,880.420328
-46.9,500,880.478126
-46.6,500,880.761545
-48.6,500,880.818776
-46.8,500,880.875623
-46.7,500,880.933108
-46.5,500,881.217164
-46.9,500,881.273692
-46.7,500,881.330375
-46.5,500,881.386342
-46.7,500,881.671494
-47.9,500,881.727812
-46.6,500,881.785138
-46.8,500,881.841898
-46.7,500,882.126576
-46.6,500,882.183792
-46.9,500,882.240382
-47.0,500,882.297425
-47.2,500,882.582235
-46.9,500,882.639227
-46.5,500,882.69508
-46.8,500,882.751992
-47.3,500,883.035958
-46.5,500,883.09412
-46.7,500,883.150169
-47.1,500,883.207197
-46.8,500,883.519378
-47.7,500,883.575172
-47.2,500,883.632892
-47.1,500,883.688585
-46.7,500,883.973712
-48.9,500,884.030717
-47.4,500,884.087066
-47.9,500,884.14239
-47.5,500,884.199471
-47.2,500,884.485599
-46.7,500,884.541505
-47.3,500,884.59863
-47.0,500,884.655594
-47.4,500,884.940161
-47.0,500,884.995862
-47.2,500,885.05287
-47.8,500,885.108235
-46.9,500,885.393877
-47.6,500,885.451098
-47.8,500,885.508141
-47.6,500,885.565225
-47.7,500,885.849094
-46.9,500,885.907264
-48.0,500,885.963561
-47.8,500,886.020319
-47.2,500,886.303253
-47.6,500,886.36082
-47.3,500,886.416492
-47.1,500,886.471564
-47.2,500,886.757338
-46.8,500,886.814554
-46.9,500,886.871986
-46.5,500,886.928642
-46.7,500,887.211838
-46.8,500,887.268213
-47.2,500,887.325729
-47.3,500,887.382495
-47.1,500,887.671432
-47.3,500,887.728468
-46.6,500,887.785486
-47.5,500,887.841612
-46.6,500,888.125591
-46.5,500,888.183452
-47.0,500,888.240143
-46.9,500,888.297747
-46.9,500,888.579867
-46.5,500,888.637508
-46.9,500,888.694462
-47.1,500,888.751139
-46.7,500,889.034465
-48.0,500,889.091177
-48.0,500,889.148064
-48.2,500,889.204414
-48.6,500,889.260903
-47.2,500,889.543319
-47.5,500,889.601392
-47.1,500,889.657496
-47.0,500,889.71345
-47.6,500,889.997301
-47.1,500,890.05436
-47.3,500,890.110687
-47.3,500,890.167321
-46.9,500,890.450949
-46.7,500,890.507867
-47.1,500,890.564
-46.7,500,890.619271
-46.8,500,890.903989
-47.7,500,890.960205
-48.0,500,891.017201
-47.8,500,891.072884
-46.9,500,891.357671
-46.7,500,891.415129
-47.2,500,891.471414
-47.0,500,891.528578
-46.8,500,891.811693
-46.8,500,891.869344
-46.7,500,891.925466
-46.8,500,891.982652
-46.5,500,892.265063
-47.2,500,892.322777
-47.4,500,892.379119
-46.5,500,892.435794
-47.3,500,892.72344
-47.2,500,892.779181
-47.1,500,892.835663
-46.6,500,892.891607
-46.7,500,893.176979
-47.0,500,893.2336
-47.0,500,893.290185
-47.1,500,893.346739
-46.9,500,893.631564
-47.3,500,893.687892
-47.0,500,893.744392
-47.2,500,893.801168
-46.5,500,893.857678
-47.5,500,894.14124
-48.0,500,894.197618
-48.4,500,894.254277
-47.7,500,894.311378
-48.1,500,894.595934
-48.1,500,894.651349
-47.8,500,894.708347
-47.5,500,894.764662
-47.6,500,895.049032
-47.7,500,895.106616
-47.7,500,895.162958
-47.0,500,895.219966
-47.4,500,895.504241
-47.4,500,895.562207
-47.7,500,895.618636
-47.4,500,895.676253
-47.0,500,895.958784
-48.2,500,896.016876
-47.3,500,896.071496
-47.7,500,896.129058
-49.0,500,896.413077
-47.0,500,896.470194
-47.0,500,896.526485
-47.4,500,896.58184
-47.0,500,896.865533
-46.7,500,896.921645
-46.6,500,896.978753
-46.7,500,897.035282
-47.3,500,897.319664
-47.5,500,897.375619
-47.7,500,897.433164
-47.0,500,897.48793
-46.7,500,897.774665
-46.8,500,897.831997
-47.0,500,897.888828
-46.8,500,897.944522
-46.6,500,898.227744
-49.7,500,898.285123
-48.5,500,898.341248
-49.4,500,898.398166
-49.1,500,898.45413
-47.8,500,898.737988
-48.0,500,898.793827
-47.8,500,898.85065
-48.0,500,898.906485
-47.5,500,899.203464
-47.3,500,899.260604
-47.5,500,899.316352
-48.2,500,899.373137
-47.0,500,899.659215
-47.4,500,899.717351
-47.2,500,899.773665
-46.9,500,899.830246
-47.1,500,900.11343
-48.8,500,900.171624
-47.1,500,900.228832
-48.3,500,900.285695
-47.8,500,900.569513
-46.6,500,900.625526
-46.6,500,900.682788
-47.5,500,900.739277
-47.3,500,901.02317
-49.0,500,901.083171
-47.9,500,901.140484
-47.9,500,901.196472
-47.5,500,901.482112
-47.0,500,901.538854
-48.7,500,901.594192
-47.5,500,901.651342
-46.9,500,901.936557
-47.1,500,901.993859
-47.0,500,902.052196
-47.5,500,902.110522
-47.4,500,902.394421
-46.9,500,902.451774
-46.7,500,902.507799
-47.5,500,902.565902
-47.4,500,902.882567
-47.6,500,902.938536
-47.3,500,902.994982
-46.9,500,903.051113
-47.4,500,903.334187
-47.0,500,903.391334
-48.1,500,903.446875
-47.9,500,903.502739
-46.9,500,903.55875
-47.1,500,903.842258
-46.7,500,903.898584
-46.9,500,903.955463
-46.6,500,904.011426
-47.2,500,904.296195
-47.5,500,904.353407
-47.3,500,904.409093
-46.7,500,904.46675
-46.5,500,904.750327
-46.8,500,904.807244
-46.8,500,904.864273
-46.8,500,904.921339
-47.3,500,905.204353
-47.7,500,905.261161
-49.3,500,905.316408
-48.1,500,905.373493
-47.1,500,905.658688
-46.7,500,905.714806
-47.8,500,905.771182
-48.1,500,905.827325
-47.8,500,906.111621
-47.1,500,906.167137
-47.0,500,906.223795
-47.5,500,906.280284
-47.5,500,906.564905
-46.7,500,906.621195
-46.8,500,906.678702
-46.9,500,906.734413
-47.9,500,907.020529
-48.2,500,907.077786
-49.4,500,907.134382
-48.6,500,907.191955
-48.0,500,907.475679
-47.0,500,907.533625
-47.5,500,907.589751
-47.3,500,907.647408
-47.8,500,907.931369
-46.6,500,907.988566
-46.9,500,908.045231
-46.8,500,908.102637
-46.8,500,908.159073
-47.6,500,908.44365
-46.9,500,908.500623
-47.6,500,908.556884
-48.1,500,908.613528
-47.8,500,908.896939
-47.5,500,908.95442
-47.1,500,909.010505
-47.2,500,909.067661
-47.8,500,909.352337
-47.4,500,909.410535
-47.4,500,909.468789
-47.0,500,909.526358
-47.7,500,909.81171
-47.4,500,909.869073
-47.0,500,909.925755
-47.4,500,909.982385
-47.2,500,910.269552
-46.8,500,910.324962
-48.5,500,910.382407
-47.1,500,910.437757
-47.5,500,910.722376
-46.7,500,910.779585
-46.8,500,910.836164
-46.6,500,910.893319
-47.6,500,911.176759
-47.4,500,911.234215
-46.9,500,911.290935
-48.2,500,911.348372
-46.8,500,911.633082
-46.9,500,911.691046
-47.4,500,911.746671
-46.7,500,911.803218
-46.9,500,912.086305
-47.4,500,912.142642
-47.5,500,912.20002
-47.1,500,912.256672
-46.7,500,912.54152
-47.0,500,912.597917
-46.7,500,912.655218
-47.3,500,912.711
-46.8,500,912.996021
-46.9,500,913.053235
-47.1,500,913.109389
-47.4,500,913.165664
-46.6,500,913.22146
-46.6,500,913.506852
-47.8,500,913.562873
-47.7,500,913.620131
-47.4,500,913.675768
-48.7,500,913.960578
-48.2,500,914.016392
-48.3,500,914.073666
-48.6,500,914.129678
-47.7,500,914.414826
-48.0,500,914.471798
-47.6,500,914.52786
-47.1,500,914.584944
-46.8,500,914.869009
-47.0,500,914.926704
-47.2,500,914.982452
-46.7,500,915.039471
-46.6,500,915.323882
-46.8,500,915.381272
-47.5,500,915.437441
-46.8,500,915.49361
-47.1,500,915.778742
-46.5,500,915.835483
-47.0,500,915.892846
-46.7,500,915.94958
-47.4,500,916.234522
-46.9,500,916.290505
-47.0,500,916.348222
-47.1,500,916.40379
-46.8,500,916.690028
-46.9,500,916.748093
-46.8,500,916.804302
-47.4,500,916.861689
-47.5,500,917.146675
-46.9,500,917.203567
-46.6,500,917.260275
-46.6,500,917.316682
-47.3,500,917.600763
-47.5,500,917.658018
-46.9,500,917.713156
-46.8,500,917.770852
-46.5,500,917.827703
-46.5,500,918.113123
-46.6,500,918.170504
-47.7,500,918.226126
-46.6,500,918.283263
-46.9,500,918.56682
-46.5,500,918.624667
-46.9,500,918.681082
-47.1,500,918.738315
-47.6,500,919.022324
-48.2,500,919.079861
-48.0,500,919.136265
-48.2,500,919.192822
-47.4,500,919.479102
-47.5,500,919.535312
-47.1,500,919.59275
-48.0,500,919.649006
-47.7,500,919.932723
-50.0,500,919.989519
-47.5,500,920.047277
-47.3,500,920.103821
-47.2,500,920.388467
-46.9,500,920.446042
-47.4,500,920.501742
-47.6,500,920.558637
-47.4,500,920.842444
-46.9,500,920.899691
-46.7,500,920.956013
-47.3,500,921.012818
-46.9,500,921.296783
-46.5,500,921.354286
-47.4,500,921.41115
-46.7,500,921.46711
-47.1,500,921.752506
-46.5,500,921.80947
-47.3,500,921.866927
-47.0,500,921.92301
-47.0,500,922.208058
-47.2,500,922.263644
-46.5,500,922.320947
-47.3,500,922.377019
-47.3,500,922.434674
-46.8,500,922.762467
-47.1,500,922.819222
-46.7,500,922.876021
-47.5,500,922.932408
-46.5,500,923.216423
-46.6,500,923.273734
-46.9,500,923.329832
-46.7,500,923.387486
-47.8,500,923.672358
-48.4,500,923.730056
-47.9,500,923.785394
-49.6,500,923.84253
-49.1,500,924.126836
-47.6,500,924.183602
-47.5,500,924.241036
-48.0,500,924.297087
-47.0,500,924.581233
-47.4,500,924.638131
-47.8,500,924.695055
-47.4,500,924.751634
-47.2,500,925.036372
-46.8,500,925.093316
-47.4,500,925.150502
-46.7,500,925.208156
-46.6,500,925.491172
-46.7,500,925.548753
-47.2,500,925.605615
-46.7,500,925.663132
-46.7,500,925.948037
-47.3,500,926.005815
-47.1,500,926.062662
-46.7,500,926.120052
-46.8,500,926.40401
-47.1,500,926.460578
-46.5,500,926.518319
-46.9,500,926.574248
-46.8,500,926.85891
-47.7,500,926.915387
-47.9,500,926.972517
-47.2,500,927.027388
-48.2,500,927.313612
-46.8,500,927.371098
-48.2,500,927.428972
-47.7,500,927.4862
-47.4,500,927.542877
-48.2,500,927.828263
-48.4,500,927.884434
-47.9,500,927.940612
-47.7,500,927.995175
-48.0,500,928.279845
-48.5,500,928.335605
-47.1,500,928.392596
-47.5,500,928.447554
-49.2,500,928.731416
-47.3,500,928.788191
-47.1,500,928.844643
-48.1,500,928.901699
-47.4,500,929.185722
-46.9,500,929.243096
-47.3,500,929.298813
-47.3,500,929.355022
-46.8,500,929.638383
-47.4,500,929.695196
-46.6,500,929.751431
-47.0,500,929.808026
-47.4,500,930.092291
-47.0,500,930.148038
-47.1,500,930.205299
-47.6,500,930.261885
-46.6,500,930.546004
-46.6,500,930.601607
-47.1,500,930.658157
-47.2,500,930.713381
-47.0,500,930.999
-47.4,500,931.055619
-47.6,500,931.113159
-47.5,500,931.169388
-46.8,500,931.453832
-47.3,500,931.510533
-46.8,500,931.567791
-47.7,500,931.624246
-48.8,500,931.908212
-47.2,500,931.965671
-46.6,500,932.02167
-47.0,500,932.078983
-47.3,500,932.134688
-46.9,500,932.420154
-47.5,500,932.477057
-47.1,500,932.534199
-46.7,500,932.58984
-47.2,500,932.877779
-46.6,500,932.936109
-46.7,500,932.991544
-46.7,500,933.049237
-47.5,500,933.332445
-47.0,500,933.389949
-46.7,500,933.446159
-46.7,500,933.502623
-46.5,500,933.787672
-46.6,500,933.844301
-47.3,500,933.901124
-47.0,500,933.957864
-46.8,500,934.241655
-47.1,500,934.297073
-48.4,500,934.354686
-46.9,500,934.411478
-47.7,500,934.696598
-47.2,500,934.754222
-48.5,500,934.810825
-47.0,500,934.867056
-47.2,500,935.151662
-46.9,500,935.208621
-47.7,500,935.264677
-46.9,500,935.322006
-46.9,500,935.606834
-47.1,500,935.664832
-46.7,500,935.720748
-47.4,500,935.777621
-47.2,500,936.062387
-47.8,500,936.119482
-47.1,500,936.176443
-47.5,500,936.231823
-47.1,500,936.517109
-47.1,500,936.573143
-47.1,500,936.629598
-46.5,500,936.68603
-46.6,500,936.970618
-47.9,500,937.027433
-47.8,500,937.084182
-47.9,500,937.141956
-49.1,500,937.199066
-47.8,500,937.487252
-47.1,500,937.543749
-47.7,500,937.601378
-46.9,500,937.658582
-46.7,500,937.944416
-47.6,500,938.000941
-46.7,500,938.0571
-47.5,500,938.113242
-46.9,500,938.398035
-47.1,500,938.455989
-46.7,500,938.511787
-46.5,500,938.568878
-46.5,500,938.852443
-47.3,500,938.909905
-48.0,500,938.966185
-46.7,500,939.023899
-46.6,500,939.307829
-47.1,500,939.365303
-46.8,500,939.421776
-47.2,500,939.478037
-46.9,500,939.762796
-46.5,500,939.818562
-46.8,500,939.876275
-47.9,500,939.931852
-46.6,500,940.215968
-46.5,500,940.272261
-47.3,500,940.329561
-47.2,500,940.385157
-47.5,500,940.669852
-46.7,500,940.726784
-46.5,500,940.782545
-46.5,500,940.840074
-46.7,500,941.12404
-46.5,500,941.180764
-46.9,500,941.236604
-46.6,500,941.293514
-47.3,500,941.577064
-46.7,500,941.634271
-46.7,500,941.690859
-46.7,500,941.747672
-46.5,500,941.803871
-46.7,500,942.118365
-47.1,500,942.17533
-47.3,500,942.232067
-46.7,500,942.287774
-46.7,500,942.572055
-46.5,500,942.628303
-47.0,500,942.686378
-46.7,500,942.741776
-46.5,500,943.028707
-46.5,500,943.0861
-46.7,500,943.142914
-46.7,500,943.19788
-46.9,500,943.482448
-46.6,500,943.539184
-47.8,500,943.59619
-47.2,500,943.652333
-47.9,500,943.936719
-47.4,500,943.994102
-48.4,500,944.049368
-46.9,500,944.10641
-47.0,500,944.389763
-47.1,500,944.447242
-46.5,500,944.502925
-46.5,500,944.559981
-46.5,500,944.844598
-47.2,500,944.900073
-46.9,500,944.95747
-47.0,500,945.014182
-47.2,500,945.301186
-46.7,500,945.357155
-46.6,500,945.414935
-46.9,500,945.4706
-47.3,500,945.756451
-47.4,500,945.812921
-47.1,500,945.868422
-47.3,500,945.925867
-47.2,500,946.209809
-47.4,500,946.267605
-47.0,500,946.322414
-47.5,500,946.379564
-47.0,500,946.664821
-47.0,500,946.720691
-46.9,500,946.777101
-46.9,500,946.832224
-47.0,500,946.889975
-47.6,500,947.173313
-47.5,500,947.231019
-46.8,500,947.287893
-47.1,500,947.345589
-46.9,500,947.631237
-47.1,500,947.687909
-46.9,500,947.745422
-46.9,500,947.801672
-48.5,500,948.087051
-49.4,500,948.143276
-48.1,500,948.200749
-48.5,500,948.256377
-48.2,500,948.541126
-47.9,500,948.597775
-48.6,500,948.655062
-47.9,500,948.711445
-48.1,500,948.996791
-46.8,500,949.053161
-47.2,500,949.108861
-47.8,500,949.165561
-47.0,500,949.449213
-47.4,500,949.506628
-46.9,500,949.562738
-47.1,500,949.619706
-47.4,500,949.904312
-46.6,500,949.961179
-47.3,500,950.019028
-47.5,500,950.075727
-47.2,500,950.361669
-46.9,500,950.417473
-46.7,500,950.474408
-46.9,500,950.529684
-47.6,500,950.816306
-47.0,500,950.871673
-47.7,500,950.928808
-47.4,500,950.984712
-46.9,500,951.270116
-46.8,500,951.326933
-46.9,500,951.383114
-46.9,500,951.439283
-46.7,500,951.495817
-47.2,500,951.783229
-48.2,500,951.838351
-47.1,500,951.894968
-46.8,500,951.950938
-47.4,500,952.235696
-47.1,500,952.290718
-46.6,500,952.348224
-46.8,500,952.404147
-46.7,500,952.689865
-46.9,500,952.746941
-46.9,500,952.803524
-46.8,500,952.860872
-47.1,500,953.146096
-47.0,500,953.203372
-46.7,500,953.258968
-46.8,500,953.317132
-47.5,500,953.603072
-47.4,500,953.659546
-46.8,500,953.717038
-47.2,500,953.773244
-46.8,500,954.058797
-47.0,500,954.11473
-47.7,500,954.17188
-47.5,500,954.228364
-47.4,500,954.513111
-47.5,500,954.5698
-47.3,500,954.627402
-47.1,500,954.68348
-47.1,500,954.967707
-48.3,500,955.024565
-47.4,500,955.080117
-47.0,500,955.137511
-47.0,500,955.421822
-46.7,500,955.478721
-47.0,500,955.53436
-46.8,500,955.591676
-47.1,500,955.875458
-47.1,500,955.93302
-47.3,500,955.989659
-47.2,500,956.046528
-46.8,500,956.102498
-47.1,500,956.387421
-46.6,500,956.444913
-47.2,500,956.501861
-46.8,500,956.559087
-47.4,500,956.843781
-47.1,500,956.901537
-46.7,500,956.957836
-46.5,500,957.015375
-47.3,500,957.298897
-47.1,500,957.357071
-47.0,500,957.413247
-47.6,500,957.468671
-46.7,500,957.755868
-47.5,500,957.8116
-46.9,500,957.868566
-46.9,500,957.923885
-46.6,500,958.209284
-46.8,500,958.265446
-48.2,500,958.322699
-46.6,500,958.378247
-47.2,500,958.663455
-47.5,500,958.71908
-46.6,500,958.775534
-46.7,500,958.831715
-47.1,500,959.115507
-46.6,500,959.170917
-46.8,500,959.227162
-46.8,500,959.283266
-47.3,500,959.56642
-46.7,500,959.623181
-46.5,500,959.679783
-46.5,500,959.736994
-46.6,500,960.020533
-47.1,500,960.076914
-47.3,500,960.133506
-47.5,500,960.189549
-47.4,500,960.473438
-47.3,500,960.530398
-47.4,500,960.586724
-46.9,500,960.642487
-46.6,500,960.926754
-47.9,500,960.983588
-46.8,500,961.041188
-47.8,500,961.097022
-47.2,500,961.154195
-46.6,500,961.438876
-47.0,500,961.497058
-46.7,500,961.553187
-47.2,500,961.610806
-46.7,500,961.895848
-47.0,500,961.952384
-47.1,500,962.010104
-47.2,500,962.065594
-46.8,500,962.35465
-46.9,500,962.411689
-47.3,500,962.469486
-47.0,500,962.525699
-47.9,500,962.813186
-47.0,500,962.870121
-47.3,500,962.958981
-47.5,500,963.016659
-46.9,500,963.302124
-47.8,500,963.359148
-47.4,500,963.416559
-47.3,500,963.472674
-48.9,500,963.756574
-47.2,500,963.812384
-48.3,500,963.86958
-47.5,500,963.92609
-47.3,500,964.211267
-48.2,500,964.267963
-48.6,500,964.325024
-48.1,500,964.38214
-47.9,500,964.665874
-46.9,500,964.722646
-47.2,500,964.778285
-48.5,500,964.835478
-47.2,500,965.122168
-47.2,500,965.181788
-47.3,500,965.238971
-46.8,500,965.296224
-47.8,500,965.580932
-47.2,500,965.639319
-46.7,500,965.697124
-47.2,500,965.754081
-46.8,500,965.810796
-46.5,500,966.094866
-47.1,500,966.152611
-46.8,500,966.207797
-47.1,500,966.264681
-47.0,500,966.550628
-47.1,500,966.607035
-46.7,500,966.664683
-46.8,500,966.721561
-46.5,500,967.007791
-47.3,500,967.063836
-46.5,500,967.121108
-46.6,500,967.177285
-46.8,500,967.461114
-47.5,500,967.517293
-47.0,500,967.574842
-47.5,500,967.630051
-46.9,500,967.915741
-47.4,500,967.973074
-46.9,500,968.028072
-47.7,500,968.086057
-47.0,500,968.38201
-47.2,500,968.4385
-46.9,500,968.494199
-47.8,500,968.550531
-47.2,500,968.834464
-46.5,500,968.89182
-47.2,500,968.948237
-46.9,500,969.00477
-47.3,500,969.289556
-47.1,500,969.346163
-47.3,500,969.403187
-46.8,500,969.45889
-47.1,500,969.742821
-46.5,500,969.799966
-47.0,500,969.856797
-47.0,500,969.912796
-47.0,500,970.196482
-46.8,500,970.253431
-48.4,500,970.310028
-46.5,500,970.36717
-46.8,500,970.650036
-47.2,500,970.707394
-46.8,500,970.76315
-46.7,500,970.82021
-46.6,500,970.876523
-46.7,500,971.161501
-47.9,500,971.218909
-46.5,500,971.275238
-46.6,500,971.331906
-46.6,500,971.616041
-46.9,500,971.673823
-46.7,500,971.730429
-46.7,500,971.786934
-46.7,500,972.07058
-46.8,500,972.128776
-46.8,500,972.185979
-47.1,500,972.242694
-46.6,500,972.527138
-46.7,500,972.583216
-48.0,500,972.640662
-47.6,500,972.697416
-46.7,500,972.982854
-46.7,500,973.039642
-47.4,500,973.097364
-47.0,500,973.153011
-46.8,500,973.438225
-46.7,500,973.493999
-47.3,500,973.55089
-46.8,500,973.60703
-46.9,500,973.89146
-46.9,500,973.949088
-47.0,500,974.005642
-46.8,500,974.063043
-46.7,500,974.347238
-47.0,500,974.404812
-47.1,500,974.461041
-47.0,500,974.518478
-46.8,500,974.803497
-47.4,500,974.85954
-47.2,500,974.916753
-46.9,500,974.972895
-46.6,500,975.258096
-47.0,500,975.314114
-46.8,500,975.372074
-47.0,500,975.427839
-46.7,500,975.485095
-47.2,500,975.768933
-46.5,500,975.826409
-46.6,500,975.883511
-46.7,500,975.93966
-46.8,500,976.224079
-47.0,500,976.279675
-46.6,500,976.337356
-46.9,500,976.394441
-46.5,500,976.680137
-47.3,500,976.736365
-46.5,500,976.793326
-47.1,500,976.850273
-46.7,500,977.135277
-47.5,500,977.191861
-46.8,500,977.2483
-46.5,500,977.305096
-46.8,500,977.589469
-46.8,500,977.647452
-46.9,500,977.70409
-47.4,500,977.761033
-47.6,500,978.04565
-46.9,500,978.102168
-48.3,500,978.158536
-46.6,500,978.214218
-46.9,500,978.498057
-47.2,500,978.555086
-46.6,500,978.612243
-47.0,500,978.668487
-47.7,500,978.953554
-46.6,500,979.010642
-47.1,500,979.067446
-46.8,500,979.123536
-47.1,500,979.407327
-47.3,500,979.463366
-46.9,500,979.518612
-47.4,500,979.574692
-47.4,500,979.858553
-47.3,500,979.916562
-46.5,500,979.972595
-46.8,500,980.02948
-47.0,500,980.085666
-46.8,500,980.370898
-46.8,500,980.426825
-47.1,500,980.483423
-47.0,500,980.53955
-46.5,500,980.822767
-46.8,500,980.879838
-46.9,500,980.937357
-46.5,500,980.992521
-47.3,500,981.277996
-46.7,500,981.334583
-47.0,500,981.390524
-47.1,500,981.447193
-46.6,500,981.761247
-46.7,500,981.817198
-47.3,500,981.874838
-47.1,500,981.930815
-47.6,500,982.216347
-47.3,500,982.2729
-46.8,500,982.329384
-46.6,500,982.385468
-47.3,500,982.670821
-46.7,500,982.728515
-47.3,500,982.784183
-46.7,500,982.840635
-47.5,500,983.12375
-47.1,500,983.181413
-46.8,500,983.237145
-46.7,500,983.293493
-46.7,500,983.577371
-46.8,500,983.635214
-46.7,500,983.691832
-47.7,500,983.748405
-46.8,500,984.032535
-46.9,500,984.088468
-46.9,500,984.145623
-47.0,500,984.202146
-46.5,500,984.486218
-47.1,500,984.543149
-46.9,500,984.600438
-46.9,500,984.656314
-46.8,500,984.940877
-46.8,500,984.997832
-47.3,500,985.054325
-47.5,500,985.11192
-47.1,500,985.168282
-47.0,500,985.452921
-47.3,500,985.509288
-47.6,500,985.565738
-47.1,500,985.621035
-47.3,500,985.907129
-46.8,500,985.963
-47.9,500,986.019941
-47.9,500,986.076093
-46.6,500,986.360197
-47.7,500,986.41763
-47.0,500,986.474269
-47.1,500,986.531026
-47.3,500,986.814183
-46.6,500,986.871745
-47.4,500,986.927854
-47.0,500,986.984558
-47.4,500,987.267601
-48.1,500,987.324546
-46.9,500,987.381382
-47.4,500,987.438529
-46.9,500,987.724374
-46.6,500,987.780652
-47.2,500,987.837958
-46.8,500,987.893837
-46.6,500,988.178458
-47.9,500,988.235495
-46.7,500,988.292273
-46.6,500,988.347578
-46.8,500,988.631155
-47.3,500,988.687367
-46.8,500,988.743725
-46.9,500,988.799985
-47.2,500,989.084782
-47.3,500,989.142103
-46.8,500,989.198418
-46.9,500,989.25497
-46.6,500,989.538506
-46.7,500,989.595614
-46.9,500,989.651105
-46.8,500,989.707999
-47.3,500,989.763682
-47.1,500,990.04806
-46.7,500,990.104818
-46.7,500,990.161869
-46.7,500,990.217277
-48.7,500,990.501203
-49.0,500,990.559285
-48.0,500,990.615904
-47.8,500,990.673349
-47.7,500,990.957992
-47.8,500,991.0159
-47.6,500,991.072558
-47.3,500,991.129238
-47.0,500,991.412773
-46.9,500,991.469595
-47.2,500,991.526266
-47.0,500,991.584081
-47.8,500,991.868155
-48.2,500,991.924616
-47.5,500,991.980237
-47.6,500,992.036311
-47.2,500,992.320478
-48.2,500,992.375401
-47.3,500,992.432434
-47.4,500,992.488299
-48.3,500,992.775076
-46.9,500,992.830581
-47.0,500,992.887228
-47.3,500,992.94286
-47.1,500,993.226423
-47.7,500,993.284504
-46.9,500,993.341564
-47.7,500,993.397944
-47.6,500,993.680984
-47.0,500,993.737942
-47.1,500,993.794065
-46.9,500,993.851281
-47.6,500,994.134735
-47.3,500,994.192181
-47.6,500,994.248226
-46.6,500,994.305056
-47.1,500,994.588233
-47.7,500,994.645622
-47.1,500,994.702236
-47.5,500,994.759273
-46.6,500,994.816722
-47.8,500,995.100152
-46.8,500,995.157765
-46.8,500,995.214589
-47.0,500,995.272227
-47.5,500,995.556171
-48.1,500,995.613417
-47.3,500,995.668579
-47.2,500,995.725359
-47.5,500,996.00893
-47.4,500,996.065995
-47.5,500,996.123408
-47.8,500,996.179402
-47.8,500,996.463905
-47.0,500,996.520125
-47.6,500,996.57784
-47.1,500,996.634309
-46.7,500,996.918207
-46.9,500,996.973873
-46.8,500,997.031828
-47.3,500,997.08816
-46.7,500,997.37197
-47.7,500,997.428292
-47.5,500,997.484836
-46.9,500,997.542003
-47.5,500,997.827146
-46.9,500,997.8847
-46.6,500,997.940903
-46.6,500,997.997948
-46.9,500,998.281006
-46.5,500,998.338048
-47.0,500,998.395065
-48.1,500,998.451272
-46.9,500,998.734699
-46.9,500,998.791066
-46.9,500,998.847954
-47.5,500,998.903234
-48.1,500,999.186884
-47.4,500,999.242253
-47.1,500,999.299558
-47.1,500,999.354676
-47.4,500,999.411702
-46.8,500,999.694882
-46.9,500,999.751319
-47.3,500,999.807347
-46.6,500,999.864036
-46.8,500,1000.148388
-47.0,500,1000.204703
-46.9,500,1000.262315
-47.4,500,1000.318522
-47.6,500,1000.634361
-47.2,500,1000.691717
-47.5,500,1000.74839
-46.6,500,1000.805493
-48.0,500,1001.089291
-46.6,500,1001.146326
-47.1,500,1001.20177
-46.7,500,1001.258825
-46.6,500,1001.541227
-47.0,500,1001.598104
-47.0,500,1001.653984
-47.1,500,1001.710377
-47.8,500,1001.993719
-48.4,500,1002.050714
-48.0,500,1002.107718
-47.5,500,1002.164268
-47.3,500,1002.449482
-47.5,500,1002.505849
-47.3,500,1002.562963
-47.9,500,1002.619261
-47.6,500,1002.905398
-48.5,500,1002.962019
-47.1,500,1003.019287
-47.6,500,1003.076152
-48.0,500,1003.360168
-47.0,500,1003.417024
-47.2,500,1003.473836
-48.8,500,1003.530743
-46.9,500,1003.813581
-46.9,500,1003.870716
-46.6,500,1003.925987
-46.8,500,1003.982936
-46.7,500,1004.268055
-46.5,500,1004.324924
-47.3,500,1004.38239
-47.1,500,1004.438269
-47.3,500,1004.495365
-47.1,500,1004.778208
-46.8,500,1004.835418
-47.0,500,1004.890405
-46.7,500,1004.947479
-47.2,500,1005.230392
-46.6,500,1005.286911
-47.5,500,1005.3428
-47.2,500,1005.399944
-46.9,500,1005.683502
-46.8,500,1005.740098
-47.2,500,1005.796893
-46.6,500,1005.852747
-48.6,500,1006.137637
-47.7,500,1006.19339
-47.5,500,1006.250173
-47.2,500,1006.305816
-47.1,500,1006.58938
-47.4,500,1006.64524
-46.7,500,1006.703139
-47.0,500,1006.75816
-47.8,500,1007.04255
-47.2,500,1007.099556
-47.0,500,1007.155819
-47.1,500,1007.21206
-47.5,500,1007.495033
-47.2,500,1007.552398
-46.8,500,1007.609027
-47.1,500,1007.666417
-47.1,500,1007.951783
-47.0,500,1008.008417
-46.7,500,1008.065647
-46.7,500,1008.121936
-46.8,500,1008.406613
-47.5,500,1008.462715
-46.6,500,1008.520549
-47.3,500,1008.576182
-46.9,500,1008.860704
-46.9,500,1008.91866
-46.9,500,1008.975659
-46.7,500,1009.0328
-46.7,500,1009.088454
-46.9,500,1009.372774
-47.2,500,1009.427985
-46.5,500,1009.486003
-46.7,500,1009.541688
-46.7,500,1009.825537
-46.7,500,1009.881186
-46.9,500,1009.938733
-48.0,500,1009.99501
-48.9,500,1010.280278
-48.0,500,1010.338246
-48.5,500,1010.393745
-48.4,500,1010.450644
-48.4,500,1010.734245
-47.7,500,1010.791308
-48.1,500,1010.848342
-48.0,500,1010.905501
-47.3,500,1011.189913
-47.0,500,1011.247432
-46.9,500,1011.302685
-48.5,500,1011.360659
-47.2,500,1011.645838
-47.4,500,1011.702369
-46.9,500,1011.759739
-47.1,500,1011.816298
-48.0,500,1012.100321
-47.8,500,1012.156968
-48.2,500,1012.214001
-47.8,500,1012.270365
-48.0,500,1012.555708
-47.0,500,1012.61274
-47.4,500,1012.669821
-47.5,500,1012.727704
-47.0,500,1013.01038
-47.1,500,1013.068094
-48.1,500,1013.125045
-46.9,500,1013.182811
-47.3,500,1013.465896
-47.2,500,1013.522861
-46.8,500,1013.578271
-46.9,500,1013.636321
-46.6,500,1013.693818
-47.9,500,1013.977846
-47.1,500,1014.035217
-46.7,500,1014.091126
-46.8,500,1014.147858
-46.7,500,1014.431103
-46.6,500,1014.489372
-47.3,500,1014.545329
-46.9,500,1014.602939
-46.9,500,1014.887423
-47.2,500,1014.945419
-47.0,500,1015.002406
-46.5,500,1015.05968
-46.9,500,1015.343877
-46.8,500,1015.400538
-47.0,500,1015.457248
-47.1,500,1015.513473
-47.1,500,1015.797477
-46.7,500,1015.854794
-46.5,500,1015.912669
-46.5,500,1015.968621
-46.5,500,1016.253145
-46.9,500,1016.309348
-47.6,500,1016.366296
-47.7,500,1016.423449
-46.7,500,1016.705421
-46.8,500,1016.762972
-46.8,500,1016.820063
-46.8,500,1016.877012
-46.7,500,1017.160542
-46.9,500,1017.217679
-47.0,500,1017.274212
-47.4,500,1017.331085
-47.2,500,1017.61406
-46.8,500,1017.671862
-46.6,500,1017.728052
-46.8,500,1017.784469
-47.3,500,1018.068642
-47.0,500,1018.124673
-46.9,500,1018.181639
-46.5,500,1018.237432
-47.5,500,1018.52251
-47.5,500,1018.57869
-46.7,500,1018.636564
-46.8,500,1018.691987
-47.2,500,1018.748141
-47.6,500,1019.033194
-46.8,500,1019.090132
-46.8,500,1019.146878
-46.7,500,1019.203089
-46.5,500,1019.519839
-46.9,500,1019.575452
-47.1,500,1019.631915
-46.7,500,1019.68664
-47.2,500,1019.970767
-46.9,500,1020.02774
-46.9,500,1020.084474
-47.0,500,1020.141311
-47.6,500,1020.424755
-47.0,500,1020.482316
-46.6,500,1020.537696
-47.5,500,1020.594955
-53.6,500,1020.877544
-46.9,500,1020.934717
-47.1,500,1020.990822
-46.9,500,1021.047873
-47.3,500,1021.330585
-47.6,500,1021.387863
-46.8,500,1021.443994
-46.9,500,1021.501474
-47.1,500,1021.785901
-46.8,500,1021.842511
-46.5,500,1021.899657
-46.7,500,1021.954924
-47.0,500,1022.238617
-46.6,500,1022.294717
-47.1,500,1022.351095
-46.7,500,1022.408552
-48.0,500,1022.69588
-47.0,500,1022.751203
-46.8,500,1022.807777
-47.2,500,1022.864087
-47.2,500,1023.148116
-47.1,500,1023.204917
-46.6,500,1023.260921
-46.6,500,1023.318249
-46.9,500,1023.374435
-46.8,500,1023.659482
-46.5,500,1023.715308
-48.2,500,1023.77163
-46.7,500,1023.827901
-46.9,500,1024.11328
-46.7,500,1024.168622
-46.7,500,1024.225155
-46.7,500,1024.280374
-46.5,500,1024.565128
-46.5,500,1024.622751
-46.9,500,1024.679769
-46.6,500,1024.736705
-46.8,500,1025.019862
-47.9,500,1025.077173
-46.5,500,1025.133664
-46.9,500,1025.190048
-46.5,500,1025.474975
-47.1,500,1025.532599
-46.5,500,1025.588671
-46.7,500,1025.646086
-46.6,500,1025.930686
-46.7,500,1025.988347
-46.8,500,1026.050251
-46.9,500,1026.105678
-46.9,500,1026.390492
-46.5,500,1026.446265
-46.9,500,1026.502918
-46.5,500,1026.557926
-46.9,500,1026.842171
-48.3,500,1026.899144
-46.8,500,1026.955302
-46.7,500,1027.011823
-47.2,500,1027.295233
-47.4,500,1027.352928
-46.6,500,1027.408319
-46.7,500,1027.46581
-47.2,500,1027.750425
-47.1,500,1027.807222
-47.7,500,1027.863986
-46.9,500,1027.920989
-47.1,500,1028.204113
-46.9,500,1028.26111
-46.5,500,1028.318449
-46.9,500,1028.374411
-47.1,500,1028.431676
-46.9,500,1028.714834
-46.7,500,1028.771638
-46.5,500,1028.828216
-47.0,500,1028.884821
-46.5,500,1029.168914
-48.6,500,1029.225564
-47.3,500,1029.282277
-47.7,500,1029.338257
-47.7,500,1029.622174
-46.8,500,1029.678902
-47.4,500,1029.735815
-47.2,500,1029.79124
-47.2,500,1030.074766
-46.8,500,1030.131271
-47.0,500,1030.187472
-47.7,500,1030.244672
-47.1,500,1030.528672
-48.2,500,1030.586179
-47.6,500,1030.641836
-47.1,500,1030.6985
-47.0,500,1030.981262
-47.0,500,1031.039016
-47.0,500,1031.094951
-47.5,500,1031.151668
-46.8,500,1031.436272
-47.1,500,1031.49318
-47.0,500,1031.550594
-47.9,500,1031.606943
-47.3,500,1031.891854
-46.7,500,1031.94799
-47.0,500,1032.005387
-47.2,500,1032.060495
-47.6,500,1032.3446
-47.6,500,1032.400628
-50.1,500,1032.458251
-49.8,500,1032.515242
-48.8,500,1032.800597
-48.3,500,1032.858518
-47.5,500,1032.915569
-48.0,500,1032.972252
-48.4,500,1033.028239
-48.4,500,1033.314281
-47.7,500,1033.370475
-47.7,500,1033.426969
-48.1,500,1033.483144
-47.4,500,1033.766972
-46.8,500,1033.822741
-47.5,500,1033.880281
-47.1,500,1033.937489
-47.6,500,1034.221061
-46.5,500,1034.278181
-47.6,500,1034.33502
-47.1,500,1034.392503
-47.3,500,1034.675759
-47.7,500,1034.73302
-46.9,500,1034.789724
-46.6,500,1034.846825
-47.2,500,1035.131348
-47.9,500,1035.187454
-47.5,500,1035.244153
-47.9,500,1035.300039
-48.3,500,1035.5837
-47.3,500,1035.639836
-47.0,500,1035.696967
-47.5,500,1035.753497
-47.2,500,1036.038356
-46.9,500,1036.094621
-48.0,500,1036.151578
-47.7,500,1036.207318
-48.8,500,1036.492279
-46.9,500,1036.54987
-47.2,500,1036.60652
-46.8,500,1036.662984
-46.6,500,1036.946046
-48.4,500,1037.004232
-46.9,500,1037.060118
-46.8,500,1037.117524
-47.1,500,1037.402477
-47.0,500,1037.459035
-47.2,500,1037.516067
-47.0,500,1037.572285
-47.1,500,1037.629871
-46.7,500,1037.915061
-46.5,500,1037.972425
-47.3,500,1038.027312
-46.7,500,1038.083783
-47.4,500,1038.366543
-46.5,500,1038.42415
-47.3,500,1038.480817
-46.8,500,1038.536808
-48.9,500,1038.851318
-48.5,500,1038.907508
-48.9,500,1038.964772
-48.6,500,1039.020365
-48.1,500,1039.302951
-47.6,500,1039.359162
-48.1,500,1039.415749
-47.9,500,1039.473385
-48.0,500,1039.757332
-47.0,500,1039.814732
-48.7,500,1039.870044
-47.8,500,1039.927967
-47.1,500,1040.242766
-47.6,500,1040.30018
-46.8,500,1040.36396
-47.0,500,1040.426002
-46.7,500,1040.736732
-46.8,500,1040.794499
-47.0,500,1040.851064
-47.6,500,1040.907366
-46.8,500,1041.192182
-46.5,500,1041.250196
-47.9,500,1041.305613
-47.2,500,1041.363258
-46.8,500,1041.646916
-47.5,500,1041.70356
-47.7,500,1041.761755
-47.4,500,1041.820099
-46.8,500,1042.117663
-46.9,500,1042.174952
-47.1,500,1042.231599
-46.8,500,1042.288882
-46.7,500,1042.572746
-47.1,500,1042.629958
-47.3,500,1042.686735
-46.9,500,1042.744301
-46.8,500,1042.800385
-46.9,500,1043.085391
-46.8,500,1043.142044
-47.0,500,1043.198632
-47.0,500,1043.254469
-46.7,500,1043.537811
-46.7,500,1043.594765
-46.8,500,1043.650708
-47.6,500,1043.707712
-47.7,500,1043.991853
-46.7,500,1044.049884
-46.8,500,1044.105963
-46.5,500,1044.163278
-46.7,500,1044.446062
-47.0,500,1044.50324
-47.2,500,1044.560457
-46.9,500,1044.616452
-46.9,500,1044.900791
-47.8,500,1044.956815
-46.9,500,1045.01357
-46.8,500,1045.070154
-46.5,500,1045.353315
-46.9,500,1045.409817
-46.5,500,1045.467134
-46.7,500,1045.522717
-48.1,500,1045.806107
-46.7,500,1045.862147
-46.5,500,1045.919588
-47.0,500,1045.976674
-46.9,500,1046.25975
-47.3,500,1046.317543
-47.6,500,1046.374086
-47.0,500,1046.431568
-48.0,500,1046.715462
-47.0,500,1046.772273
-46.7,500,1046.828245
-46.8,500,1046.885497
-48.0,500,1047.168448
-49.1,500,1047.225474
-48.5,500,1047.281711
-48.8,500,1047.338467
-48.5,500,1047.395781
-47.4,500,1047.681064
-48.5,500,1047.739225
-48.6,500,1047.795773
-47.9,500,1047.851767
-47.5,500,1048.136647
-47.4,500,1048.193483
-48.1,500,1048.249647
-47.6,500,1048.307015
-46.7,500,1048.591034
-47.1,500,1048.648049
-47.1,500,1048.70544
-46.8,500,1048.761601
-46.9,500,1049.046371
-47.1,500,1049.103039
-47.0,500,1049.160434
-47.0,500,1049.217052
-47.6,500,1049.501648
-46.7,500,1049.558069
-46.8,500,1049.614492
-47.6,500,1049.671654
-46.8,500,1049.955079
-46.8,500,1050.012634
-47.2,500,1050.068737
-47.1,500,1050.12584
-47.2,500,1050.409684
-47.4,500,1050.466506
-48.3,500,1050.522124
-48.2,500,1050.57934
-48.1,500,1050.864517
-48.4,500,1050.921299
-47.5,500,1050.978326
-47.6,500,1051.033838
-48.0,500,1051.317967
-47.4,500,1051.374687
-48.5,500,1051.432136
-47.5,500,1051.487942
-47.3,500,1051.772357
-47.1,500,1051.828686
-46.9,500,1051.88611
-46.9,500,1051.94195
-46.7,500,1052.225636
-47.6,500,1052.282604
-47.4,500,1052.339192
-46.7,500,1052.395813
-47.0,500,1052.452186
-46.6,500,1052.737651
-47.8,500,1052.794779
-47.3,500,1052.852118
-47.2,500,1052.908134
-46.5,500,1053.192679
-47.0,500,1053.248387
-47.0,500,1053.305011
-46.8,500,1053.360263
-46.9,500,1053.644226
-46.8,500,1053.701482
-47.1,500,1053.757999
-46.9,500,1053.815656
-47.0,500,1054.09845
-46.7,500,1054.15617
-47.1,500,1054.211752
-47.0,500,1054.268966
-46.7,500,1054.551295
-46.8,500,1054.608701
-47.0,500,1054.664526
-47.0,500,1054.721073
-47.0,500,1055.006056
-47.8,500,1055.061761
-46.6,500,1055.119127
-46.8,500,1055.175671
-46.6,500,1055.459842
-47.2,500,1055.515946
-46.9,500,1055.573502
-47.5,500,1055.629138
-47.7,500,1055.91302
-47.0,500,1055.9694
-47.2,500,1056.026019
-46.7,500,1056.081713
-47.2,500,1056.366657
-47.1,500,1056.424369
-47.0,500,1056.481224
-46.5,500,1056.538595
-47.1,500,1056.82246
-47.2,500,1056.880029
-47.4,500,1056.936415
-47.2,500,1056.993197
-47.0,500,1057.049263
-46.5,500,1057.333714
-46.5,500,1057.390202
-46.7,500,1057.447822
-46.5,500,1057.503637
-48.5,500,1057.789634
-49.4,500,1057.846901
-48.7,500,1057.90341
-51.1,500,1057.960697
-47.9,500,1058.242821
-47.4,500,1058.322871
-49.7,500,1058.380026
-47.4,500,1058.436023
-47.9,500,1058.721002
-48.3,500,1058.777692
-47.0,500,1058.835905
-47.3,500,1058.892003
-47.1,500,1059.176075
-47.7,500,1059.23257
-46.7,500,1059.289512
-48.0,500,1059.346874
-47.5,500,1059.629781
-47.0,500,1059.687217
-47.0,500,1059.743345
-47.4,500,1059.800242
-47.0,500,1060.083529
-46.7,500,1060.140453
-47.2,500,1060.196672
-47.0,500,1060.254033
-47.3,500,1060.537214
-47.7,500,1060.593694
-47.2,500,1060.650632
-47.9,500,1060.706548
-47.8,500,1060.991562
-46.7,500,1061.047779
-47.6,500,1061.104908
-46.9,500,1061.16076
-47.2,500,1061.444578
-46.8,500,1061.500665
-47.2,500,1061.557533
-47.2,500,1061.613535
-46.6,500,1061.895957
-47.1,500,1061.952897
-47.1,500,1062.009069
-46.9,500,1062.06652
-46.9,500,1062.122127
-47.0,500,1062.406279
-46.7,500,1062.462931
-47.1,500,1062.519829
-47.4,500,1062.57612
-47.0,500,1062.861935
-46.9,500,1062.918
-46.8,500,1062.974403
-47.1,500,1063.031747
-46.8,500,1063.316294
-46.9,500,1063.373551
-46.8,500,1063.429997
-46.7,500,1063.499578
-47.1,500,1064.182678
-46.9,500,1064.238641
-46.8,500,1064.295193
-46.9,500,1064.350157
-46.6,500,1064.634798
-46.9,500,1064.692201
-47.0,500,1064.748779
-47.0,500,1064.805648
-46.9,500,1065.090801
-46.7,500,1065.148232
-46.6,500,1065.20449
-46.9,500,1065.261186
-46.9,500,1065.545521
-46.9,500,1065.603566
-47.0,500,1065.660023
-46.8,500,1065.717149
-46.9,500,1066.001055
-46.5,500,1066.058692
-47.0,500,1066.114465
-47.1,500,1066.170523
-47.2,500,1066.453351
-46.8,500,1066.50934
-47.0,500,1066.567124
-47.7,500,1066.623056
-46.9,500,1066.908228
-46.8,500,1066.964969
-47.0,500,1067.022351
-46.7,500,1067.079676
-46.5,500,1067.136931
-46.6,500,1067.420693
-46.5,500,1067.476239
-46.6,500,1067.532538
-46.9,500,1067.589419
-46.7,500,1067.876635
-46.5,500,1067.932852
-46.5,500,1067.990427
-47.5,500,1068.046038
-47.2,500,1068.331305
-47.1,500,1068.38724
-47.4,500,1068.44378
-47.2,500,1068.499113
-47.6,500,1068.783999
-47.0,500,1068.838917
-47.4,500,1068.896497
-47.2,500,1068.953142
-50.3,500,1069.23649
-49.4,500,1069.293521
-49.8,500,1069.349498
-49.1,500,1069.406522
-49.0,500,1069.690404
-48.0,500,1069.748224
-48.2,500,1069.804162
-48.6,500,1069.86144
-48.9,500,1070.149138
-47.7,500,1070.206418
-46.9,500,1070.262431
-46.7,500,1070.31802
-46.8,500,1070.601573
-47.9,500,1070.657631
-46.7,500,1070.715438
-46.8,500,1070.772145
-48.0,500,1071.057027
-47.0,500,1071.113691
-46.8,500,1071.170396
-46.9,500,1071.226334
-47.8,500,1071.509778
-47.5,500,1071.566649
-47.4,500,1071.623281
-46.9,500,1071.679637
-46.5,500,1071.735429
-47.7,500,1072.019663
-48.0,500,1072.075759
-48.6,500,1072.131832
-48.1,500,1072.187208
-47.4,500,1072.471462
-48.0,500,1072.526935
-48.0,500,1072.583956
-47.8,500,1072.639621
-47.5,500,1072.9267
-47.5,500,1072.984799
-47.3,500,1073.040331
-47.2,500,1073.098285
-46.8,500,1073.381838
-46.9,500,1073.439275
-47.1,500,1073.495757
-46.8,500,1073.552883
-47.0,500,1073.837335
-47.0,500,1073.894685
-46.6,500,1073.951857
-47.1,500,1074.007951
-46.7,500,1074.292142
-46.7,500,1074.348391
-47.2,500,1074.405845
-46.6,500,1074.461689
-46.7,500,1074.746567
-47.3,500,1074.804136
-48.1,500,1074.860291
-47.3,500,1074.917298
-47.4,500,1075.201012
-48.1,500,1075.258151
-48.3,500,1075.314023
-47.9,500,1075.371739
-47.0,500,1075.656532
-46.8,500,1075.713457
-46.8,500,1075.770438
-46.8,500,1075.827072
-46.5,500,1076.11102
-47.3,500,1076.16738
-47.3,500,1076.224585
-46.6,500,1076.280814
-47.3,500,1076.564877
-48.4,500,1076.621002
-47.7,500,1076.678165
-46.7,500,1076.735644
-47.0,500,1076.792003
-47.1,500,1077.077935
-46.5,500,1077.134954
-46.7,500,1077.192093
-46.6,500,1077.248464
-47.0,500,1077.532541
-47.3,500,1077.588935
-47.1,500,1077.646536
-47.7,500,1077.702619
-47.9,500,1077.989408
-47.6,500,1078.046614
-48.3,500,1078.103074
-47.4,500,1078.159623
-47.0,500,1078.443751
-47.6,500,1078.501481
-47.7,500,1078.556979
-47.8,500,1078.614486
-47.0,500,1078.89761
-46.9,500,1078.960448
-46.9,500,1079.024825
-47.1,500,1079.085868
-47.0,500,1079.410496
-47.6,500,1079.490447
-47.2,500,1079.547969
-47.4,500,1079.615461
-46.8,500,1079.904115
-46.7,500,1079.960942
-47.2,500,1080.017585
-46.7,500,1080.073573
-46.7,500,1080.35949
-46.6,500,1080.416109
-46.5,500,1080.473263
-47.0,500,1080.528773
-47.0,500,1080.8173
-46.8,500,1080.885684
-47.7,500,1080.944374
-47.2,500,1081.001185
-46.9,500,1081.286394
-47.0,500,1081.343812
-47.2,500,1081.400334
-46.9,500,1081.457808
-47.6,500,1081.514692
-47.0,500,1081.800688
-47.1,500,1081.858401
-46.9,500,1081.915661
-47.1,500,1081.972582
-48.4,500,1082.257413
-48.6,500,1082.315514
-49.3,500,1082.37127
-49.1,500,1082.428347
-47.9,500,1082.711568
-47.7,500,1082.769285
-48.1,500,1082.823996
-47.6,500,1082.880043
-47.0,500,1083.165974
-47.0,500,1083.222805
-47.8,500,1083.279864
-47.3,500,1083.336063
-47.0,500,1083.620192
-46.9,500,1083.676492
-46.7,500,1083.732346
-47.2,500,1083.787723
-47.3,500,1084.072807
-47.0,500,1084.129533
-46.9,500,1084.185695
-46.7,500,1084.242119
-46.8,500,1084.526248
-46.9,500,1084.582785
-47.4,500,1084.638225
-47.5,500,1084.695913
-47.0,500,1084.978753
-47.6,500,1085.036116
-47.2,500,1085.09245
-47.3,500,1085.149928
-46.7,500,1085.435203
-46.6,500,1085.491427
-48.3,500,1085.54862
-47.1,500,1085.605001
-46.9,500,1085.896867
-47.3,500,1085.953855
-47.2,500,1086.011111
-46.6,500,1086.067097
-46.9,500,1086.351993
-46.8,500,1086.408271
-46.8,500,1086.466222
-46.7,500,1086.523312
-47.5,500,1086.579508
-46.7,500,1086.864448
-46.5,500,1086.920322
-47.1,500,1086.977625
-46.6,500,1087.03428
-47.5,500,1087.317962
-47.7,500,1087.374636
-47.3,500,1087.431846
-47.0,500,1087.488107
-46.9,500,1087.772197
-46.6,500,1087.829199
-47.4,500,1087.885033
-46.9,500,1087.941766
-46.9,500,1088.225654
-47.0,500,1088.283143
-48.8,500,1088.339609
-47.9,500,1088.396828
-46.5,500,1088.681618
-46.9,500,1088.7376
-46.9,500,1088.794256
-47.6,500,1088.850251
-47.3,500,1089.134628
-47.0,500,1089.19053
-46.6,500,1089.248588
-46.7,500,1089.304473
-47.5,500,1089.588737
-46.7,500,1089.645113
-46.9,500,1089.70189
-47.1,500,1089.757758
-46.5,500,1090.041998
-46.7,500,1090.099515
-47.3,500,1090.155807
-46.5,500,1090.212414
-46.7,500,1090.495863
-48.3,500,1090.552985
-52.9,500,1090.60802
-47.1,500,1090.664896
-47.1,500,1090.947834
-46.8,500,1091.004969
-46.5,500,1091.061234
-46.8,500,1091.11825
-47.8,500,1091.173432
-46.9,500,1091.456945
-46.5,500,1091.513363
-46.5,500,1091.570997
-46.7,500,1091.626862
-46.6,500,1091.910295
-46.5,500,1091.967418
-46.9,500,1092.022787
-46.8,500,1092.079209
-46.9,500,1092.362081
-46.5,500,1092.420018
-46.8,500,1092.47596
-46.7,500,1092.532265
-47.1,500,1092.817617
-46.9,500,1092.874964
-47.2,500,1092.931573
-47.1,500,1092.988068
-47.1,500,1093.273175
-46.5,500,1093.328836
-46.5,500,1093.385911
-46.8,500,1093.441548
-46.7,500,1093.725679
-47.2,500,1093.781948
-46.5,500,1093.838845
-46.6,500,1093.895194
-47.1,500,1094.180227
-47.6,500,1094.237216
-46.5,500,1094.293708
-47.5,500,1094.3509
-46.9,500,1094.633872
-46.9,500,1094.691458
-46.9,500,1094.747706
-46.7,500,1094.804642
-47.6,500,1095.087337
-46.7,500,1095.144991
-46.6,500,1095.201875
-47.0,500,1095.258435
-46.7,500,1095.543774
-46.7,500,1095.599653
-47.2,500,1095.656829
-47.8,500,1095.713017
-46.8,500,1095.769599
-47.0,500,1096.053184
-46.9,500,1096.110536
-47.8,500,1096.166059
-48.2,500,1096.223512
-46.5,500,1096.508586
-46.9,500,1096.565123
-46.5,500,1096.622202
-47.0,500,1096.678832
-47.2,500,1096.964479
-47.2,500,1097.021322
-46.9,500,1097.07856
-46.6,500,1097.134674
-47.1,500,1097.419844
-47.7,500,1097.477572
-47.4,500,1097.534366
-47.1,500,1097.59093
-46.8,500,1097.876535
-47.2,500,1097.934444
-47.0,500,1097.990076
-46.6,500,1098.047452
-46.9,500,1098.332673
-46.6,500,1098.388552
-46.7,500,1098.445974
-47.0,500,1098.503062
-47.1,500,1098.788128
-47.3,500,1098.843913
-46.6,500,1098.901041
-47.4,500,1098.957214
-47.0,500,1099.241516
-49.0,500,1099.298426
-48.1,500,1099.35573
-47.1,500,1099.41311
-47.3,500,1099.729851
-47.1,500,1099.786968
-47.2,500,1099.842956
-47.2,500,1099.900166
-47.5,500,1100.184918
-46.9,500,1100.241611
-47.5,500,1100.298606
-46.7,500,1100.355122
-46.9,500,1100.640266
-47.2,500,1100.696663
-46.5,500,1100.753901
-46.7,500,1100.809779
-46.7,500,1100.866406
-46.9,500,1101.150806
-46.8,500,1101.20693
-47.2,500,1101.262208
-47.2,500,1101.319296
-46.8,500,1101.602416
-46.6,500,1101.659608
-47.5,500,1101.716259
-46.8,500,1101.771982
-48.9,500,1102.056932
-48.1,500,1102.112126
-49.6,500,1102.168607
-48.3,500,1102.22371
-49.5,500,1102.507976
-48.2,500,1102.563839
-48.7,500,1102.620626
-47.6,500,1102.676879
-48.8,500,1102.962577
-48.4,500,1103.020165
-48.2,500,1103.076314
-47.5,500,1103.133336
-47.4,500,1103.418424
-47.0,500,1103.476458
-47.0,500,1103.53279
-47.3,500,1103.589772
-47.6,500,1103.872516
-46.9,500,1103.929788
-47.0,500,1103.986096
-47.2,500,1104.043126
-48.2,500,1104.326977
-47.5,500,1104.384027
-46.6,500,1104.440609
-47.0,500,1104.497215
-47.0,500,1104.781646
-47.4,500,1104.838264
-46.9,500,1104.895406
-46.7,500,1104.951204
-46.7,500,1105.236759
-47.0,500,1105.293663
-47.6,500,1105.351236
-47.6,500,1105.406845
-47.1,500,1105.463737
-46.9,500,1105.74772
-46.9,500,1105.804841
-46.7,500,1105.861558
-46.9,500,1105.919174
-47.1,500,1106.201897
-47.7,500,1106.258825
-47.4,500,1106.314961
-47.9,500,1106.371066
-47.1,500,1106.65623
-46.9,500,1106.712535
-47.9,500,1106.768733
-46.5,500,1106.824084
-47.5,500,1107.107205
-46.9,500,1107.164297
-46.9,500,1107.220551
-46.8,500,1107.277288
-48.5,500,1107.560823
-46.6,500,1107.618076
-46.6,500,1107.674492
-46.9,500,1107.73165
-46.8,500,1108.01833
-47.0,500,1108.073667
-47.2,500,1108.130365
-47.2,500,1108.185869
-46.9,500,1108.470255
-46.5,500,1108.526786
-46.9,500,1108.584098
-46.9,500,1108.639539
-46.5,500,1108.924651
-46.9,500,1108.981784
-46.9,500,1109.037465
-47.1,500,1109.093802
-46.5,500,1109.379183
-46.9,500,1109.436671
-46.8,500,1109.492886
-47.4,500,1109.549895
-46.8,500,1109.837368
-46.8,500,1109.895096
-46.7,500,1109.95222
-47.7,500,1110.008376
-46.5,500,1110.291439
-47.2,500,1110.349366
-47.0,500,1110.406909
-47.8,500,1110.462371
-47.8,500,1110.519354
-47.1,500,1110.802145
-47.4,500,1110.859592
-47.2,500,1110.915802
-47.2,500,1110.972756
-47.4,500,1111.257293
-47.5,500,1111.3149
-47.9,500,1111.371254
-46.9,500,1111.427865
-47.1,500,1111.711362
-47.3,500,1111.76686
-47.9,500,1111.823396
-47.5,500,1111.879317
-47.5,500,1112.164233
-46.7,500,1112.22057
-46.8,500,1112.27724
-47.2,500,1112.333182
-47.1,500,1112.617301
-47.0,500,1112.674676
-47.0,500,1112.730907
-47.6,500,1112.788816
-46.6,500,1113.073239
-47.9,500,1113.130657
-47.3,500,1113.187629
-46.9,500,1113.244126
-46.7,500,1113.528903
-47.1,500,1113.587607
-47.1,500,1113.644406
-46.9,500,1113.701505
-47.6,500,1113.985158
-48.0,500,1114.042339
-48.5,500,1114.098571
-48.3,500,1114.154573
-48.7,500,1114.438899
-48.3,500,1114.495063
-48.2,500,1114.552068
-48.7,500,1114.607854
-47.9,500,1114.891979
-47.2,500,1114.949542
-47.4,500,1115.006531
-47.9,500,1115.063712
-47.5,500,1115.120531
-46.9,500,1115.404976
-47.0,500,1115.4614
-46.8,500,1115.517932
-47.0,500,1115.574341
-46.7,500,1115.859395
-46.9,500,1115.915247
-47.0,500,1115.972867
-46.9,500,1116.029887
-46.7,500,1116.314123
-47.4,500,1116.371863
-46.8,500,1116.42759
-46.9,500,1116.484664
-46.6,500,1116.767955
-46.6,500,1116.825795
-47.3,500,1116.882061
-46.6,500,1116.938603
-46.8,500,1117.222044
-47.3,500,1117.279875
-47.6,500,1117.337546
-47.3,500,1117.393679
-46.9,500,1117.678603
-46.9,500,1117.73579
-47.2,500,1117.794251
-47.4,500,1117.850568
-47.5,500,1118.135945
-47.6,500,1118.192498
-47.0,500,1118.278756
-47.0,500,1118.335581
-47.1,500,1118.61816
-48.1,500,1118.676145
-47.1,500,1118.731332
-47.5,500,1118.788304
-48.1,500,1119.072588
-46.7,500,1119.129901
-47.0,500,1119.187567
-47.3,500,1119.243746
-46.8,500,1119.52829
-46.7,500,1119.58428
-46.8,500,1119.64118
-47.1,500,1119.6978
-47.5,500,1119.982284
-46.9,500,1120.038204
-46.8,500,1120.095337
-47.3,500,1120.152436
-46.6,500,1120.208274
-46.8,500,1120.492704
-46.7,500,1120.549156
-46.9,500,1120.605947
-47.6,500,1120.662045
-46.6,500,1120.94721
-46.6,500,1121.004221
-47.1,500,1121.061534
-46.9,500,1121.117946
-46.5,500,1121.403497
-47.0,500,1121.460403
-47.1,500,1121.517132
-47.1,500,1121.573919
-46.7,500,1121.857161
-46.6,500,1121.91497
-47.1,500,1121.971162
-46.8,500,1122.028635
-46.9,500,1122.312264
-47.0,500,1122.370628
-46.5,500,1122.426605
-46.5,500,1122.484738
-46.8,500,1122.768582
-46.9,500,1122.825789
-47.1,500,1122.883508
-46.6,500,1122.939484
-46.8,500,1123.223757
-47.1,500,1123.280108
-46.5,500,1123.337942
-47.2,500,1123.393724
-46.8,500,1123.679018
-47.2,500,1123.735439
-47.1,500,1123.791195
-46.7,500,1123.847733
-47.1,500,1124.131248
-46.5,500,1124.189054
-46.8,500,1124.2453
-46.7,500,1124.30211
-47.4,500,1124.584844
-47.8,500,1124.642927
-47.7,500,1124.699891
-48.3,500,1124.757003
-47.9,500,1124.813422
-47.9,500,1125.096273
-46.7,500,1125.153619
-47.5,500,1125.209958
-47.0,500,1125.267318
-48.4,500,1125.551925
-47.4,500,1125.609749
-47.8,500,1125.66555
-47.6,500,1125.722928
-47.5,500,1126.006477
-48.1,500,1126.063817
-46.8,500,1126.120625
-48.4,500,1126.177371
-47.5,500,1126.461727
-47.1,500,1126.518156
-47.0,500,1126.574823
-48.2,500,1126.630885
-47.2,500,1126.914361
-46.9,500,1126.971154
-47.6,500,1127.028466
-46.6,500,1127.085647
-46.6,500,1127.368331
-47.3,500,1127.426283
-46.9,500,1127.4829
-47.4,500,1127.539705
-46.8,500,1127.825095
-47.2,500,1127.882739
-47.2,500,1127.937889
-47.6,500,1127.994058
-47.4,500,1128.278565
-47.1,500,1128.334916
-47.5,500,1128.392629
-47.4,500,1128.449365
-47.8,500,1128.73487
-48.0,500,1128.791542
-46.5,500,1128.849758
-47.8,500,1128.907436
-46.9,500,1129.191705
-47.0,500,1129.248949
-46.9,500,1129.304901
-47.2,500,1129.362775
-46.8,500,1129.418791
-47.3,500,1129.703491
-47.2,500,1129.76035
-47.6,500,1129.817192
-46.9,500,1129.872835
-46.9,500,1130.158202
-47.2,500,1130.214676
-47.1,500,1130.272916
-46.7,500,1130.330333
-46.8,500,1130.612978
-47.1,500,1130.670389
-46.9,500,1130.72653
-47.1,500,1130.783424
-49.9,500,1131.066707
-49.2,500,1131.12381
-48.7,500,1131.179494
-47.8,500,1131.237295
-47.7,500,1131.521826
-47.9,500,1131.577814
-47.1,500,1131.634449
-48.5,500,1131.690191
-47.9,500,1131.976554
-47.2,500,1132.033531
-47.0,500,1132.091119
-48.1,500,1132.146964
-47.7,500,1132.432594
-47.4,500,1132.490256
-47.5,500,1132.547269
-47.6,500,1132.604852
-47.0,500,1132.889841
-47.0,500,1132.946718
-47.4,500,1133.003271
-47.3,500,1133.060767
-47.2,500,1133.344759
-46.9,500,1133.401234
-47.2,500,1133.458246
-47.5,500,1133.514317
-46.6,500,1133.797747
-46.9,500,1133.853559
-47.0,500,1133.910288
-46.8,500,1133.966631
-47.1,500,1134.250448
-46.7,500,1134.307336
-46.7,500,1134.364872
-47.1,500,1134.421462
-47.2,500,1134.479101
-47.3,500,1134.763891
-47.6,500,1134.82015
-46.8,500,1134.877051
-46.8,500,1134.933285
-46.7,500,1135.218035
-47.2,500,1135.274954
-46.6,500,1135.332041
-47.2,500,1135.388173
-47.1,500,1135.672715
-46.9,500,1135.730005
-46.5,500,1135.786486
-46.7,500,1135.842966
-46.7,500,1136.127122
-46.8,500,1136.184708
-47.0,500,1136.240174
-46.7,500,1136.297049
-47.5,500,1136.579369
-46.6,500,1136.637197
-46.8,500,1136.693337
-47.2,500,1136.750795
-47.2,500,1137.035332
-46.9,500,1137.091845
-46.8,500,1137.14886
-46.7,500,1137.204923
-47.2,500,1137.519844
-47.0,500,1137.577436
-46.5,500,1137.63441
-46.5,500,1137.69147
-47.3,500,1137.978141
-46.5,500,1138.035952
-47.1,500,1138.092082
-46.6,500,1138.14914
-46.5,500,1138.43298
-46.7,500,1138.489935
-46.9,500,1138.546693
-48.2,500,1138.60183
-47.4,500,1138.885513
-46.7,500,1138.942382
-46.8,500,1138.999095
-46.7,500,1139.054589
-46.7,500,1139.111079
-46.9,500,1139.395049
-46.9,500,1139.452612
-46.5,500,1139.509386
-46.6,500,1139.565534
-47.4,500,1139.849291
-47.3,500,1139.906013
-46.7,500,1139.962967
-46.8,500,1140.019535
-47.4,500,1140.304743
-46.9,500,1140.361537
-46.7,500,1140.418531
-46.7,500,1140.474849
-47.3,500,1140.758865
-46.8,500,1140.815782
-47.1,500,1140.87303
-47.1,500,1140.929234
-47.0,500,1141.213367
-47.1,500,1141.271307
-46.6,500,1141.327715
-46.7,500,1141.384404
-47.5,500,1141.668745
-47.0,500,1141.726694
-47.0,500,1141.782603
-47.0,500,1141.839558
-46.7,500,1142.122566
-46.5,500,1142.179401
-46.7,500,1142.235222
-46.7,500,1142.292129
-46.6,500,1142.57566
-47.2,500,1142.633418
-46.8,500,1142.690969
-46.5,500,1142.74762
-47.3,500,1143.033773
-46.6,500,1143.0907
-46.8,500,1143.148036
-48.5,500,1143.203775
-46.8,500,1143.487616
-47.5,500,1143.544237
-47.4,500,1143.601546
-46.8,500,1143.658217
-47.0,500,1143.94302
-47.4,500,1144.000182
-46.8,500,1144.056253
-46.9,500,1144.114187
-46.9,500,1144.170369
-47.1,500,1144.455376
-46.7,500,1144.511364
-46.7,500,1144.56849
-46.5,500,1144.624759
-47.1,500,1144.90926
-47.3,500,1144.9654
-46.8,500,1145.022955
-46.6,500,1145.079261
-47.0,500,1145.363413
-46.5,500,1145.420922
-47.0,500,1145.476692
-46.5,500,1145.533514
-46.8,500,1145.81704
-46.7,500,1145.874395
-46.5,500,1145.93021
-46.8,500,1145.986789
-46.7,500,1146.269905
-47.3,500,1146.327595
-47.5,500,1146.385381
-46.7,500,1146.441934
-47.0,500,1146.725668
-46.9,500,1146.782085
-47.7,500,1146.839412
-46.5,500,1146.894683
-46.7,500,1147.18002
-47.0,500,1147.236715
-47.0,500,1147.294182
-47.0,500,1147.350407
-46.8,500,1147.635026
-46.8,500,1147.692495
-46.7,500,1147.747967
-47.1,500,1147.804876
-46.6,500,1148.089045
-46.7,500,1148.146259
-46.5,500,1148.201241
-46.7,500,1148.258004
-46.6,500,1148.541396
-46.9,500,1148.598978
-46.7,500,1148.655177
-46.6,500,1148.712758
-46.6,500,1148.769435
-47.0,500,1149.053554
-46.6,500,1149.110819
-46.7,500,1149.167182
-46.8,500,1149.223561
-47.0,500,1149.507273
-47.6,500,1149.563556
-46.7,500,1149.619875
-46.9,500,1149.675845
-46.6,500,1149.959186
-46.9,500,1150.016976
-46.6,500,1150.073649
-46.8,500,1150.131009
-46.5,500,1150.415173
-46.5,500,1150.472008
-47.2,500,1150.527572
-46.8,500,1150.585251
-47.8,500,1150.869751
-49.4,500,1150.926103
-49.6,500,1150.983569
-50.0,500,1151.040365
-49.0,500,1151.32528
-47.9,500,1151.382074
-48.8,500,1151.438545
-48.2,500,1151.494927
-48.1,500,1151.779877
-47.5,500,1151.837352
-46.8,500,1151.894267
-47.3,500,1151.951187
-46.5,500,1152.234505
-47.1,500,1152.290672
-46.8,500,1152.346912
-48.0,500,1152.404372
-47.9,500,1152.687634
-47.0,500,1152.745116
-47.2,500,1152.802064
-46.9,500,1152.858226
-46.8,500,1153.152004
-46.9,500,1153.208132
-46.5,500,1153.26522
-47.3,500,1153.32173
-47.4,500,1153.378531
-46.8,500,1153.66438
-46.8,500,1153.721768
-46.8,500,1153.779047
-47.2,500,1153.835754
-46.8,500,1154.120093
-46.7,500,1154.175715
-46.7,500,1154.233141
-47.5,500,1154.289152
-47.0,500,1154.574527
-47.2,500,1154.631604
-46.9,500,1154.689396
-46.8,500,1154.746199
-47.6,500,1155.030927
-47.2,500,1155.08709
-46.8,500,1155.143942
-46.9,500,1155.200662
-47.0,500,1155.483999
-47.5,500,1155.540942
-47.3,500,1155.596329
-46.6,500,1155.653078
-46.8,500,1155.936682
-47.2,500,1155.994256
-46.8,500,1156.050382
-46.8,500,1156.107333
-46.9,500,1156.39076
-46.7,500,1156.447393
-46.7,500,1156.505057
-46.5,500,1156.561094
-47.4,500,1156.845889
-46.7,500,1156.903055
-47.0,500,1156.959913
-47.1,500,1157.01556
-46.9,500,1157.29971
-46.7,500,1157.355168
-46.5,500,1157.412686
-46.6,500,1157.469807
-47.6,500,1157.782262
-46.7,500,1157.839842
-46.8,500,1157.897427
-46.5,500,1157.953207
-47.3,500,1158.238309
-47.3,500,1158.293772
-46.9,500,1158.351663
-47.2,500,1158.407452
-46.9,500,1158.464433
-46.9,500,1158.74756
-47.0,500,1158.804962
-46.9,500,1158.861478
-46.8,500,1158.918559
-47.4,500,1159.201749
-47.3,500,1159.258811
-46.9,500,1159.3156
-47.1,500,1159.371632
-47.1,500,1159.656094
-46.6,500,1159.712611
-46.6,500,1159.769785
-47.1,500,1159.825743
-47.0,500,1160.109345
-46.6,500,1160.165846
-48.2,500,1160.222657
-47.1,500,1160.278582
-46.7,500,1160.563362
-47.1,500,1160.618695
-46.5,500,1160.674668
-46.9,500,1160.731124
-46.9,500,1161.026869
-47.5,500,1161.090631
-46.6,500,1161.15098
-46.6,500,1161.213751
-46.5,500,1161.5249
-46.6,500,1161.589932
-46.8,500,1161.647704
-46.9,500,1161.703379
-47.1,500,1161.989909
-47.5,500,1162.048115
-46.7,500,1162.10498
-46.9,500,1162.161485
-47.1,500,1162.445531
-47.5,500,1162.50309
-47.4,500,1162.559715
-47.3,500,1162.617149
-47.7,500,1162.922011
-54.6,500,1162.979177
-50.3,500,1163.036404
-51.7,500,1163.092301
-49.8,500,1163.149441
-49.3,500,1163.434571
-49.0,500,1163.490669
-48.5,500,1163.547081
-48.9,500,1163.603923
-48.9,500,1163.888914
-48.8,500,1163.944557
-48.5,500,1164.001617
-47.5,500,1164.058688
-48.2,500,1164.344249
-47.3,500,1164.400728
-47.3,500,1164.457914
-47.3,500,1164.513495
-47.0,500,1164.798114
-47.6,500,1164.855089
-46.9,500,1164.911992
-47.0,500,1164.968373
-48.0,500,1165.252914
-47.9,500,1165.31061
-46.7,500,1165.366148
-46.7,500,1165.423441
-47.2,500,1165.706997
-47.0,500,1165.763962
-46.5,500,1165.819685
-48.7,500,1165.876635
-46.6,500,1166.162056
-46.5,500,1166.21822
-46.9,500,1166.274477
-47.1,500,1166.330845
-47.0,500,1166.614832
-47.1,500,1166.671322
-46.7,500,1166.728719
-46.6,500,1166.785341
-46.5,500,1167.069669
-47.3,500,1167.124837
-46.7,500,1167.182548
-47.5,500,1167.238024
-47.0,500,1167.523163
-46.5,500,1167.580096
-47.3,500,1167.636453
-47.0,500,1167.692359
-46.9,500,1167.977139
-46.5,500,1168.03506
-46.5,500,1168.09152
-46.6,500,1168.148492
-46.6,500,1168.204214
-47.1,500,1168.490451
-47.3,500,1168.546856
-47.2,500,1168.60444
-47.3,500,1168.661267
-46.5,500,1168.945823
-46.9,500,1169.002951
-46.8,500,1169.05999
-47.0,500,1169.11597
-46.7,500,1169.401011
-46.7,500,1169.458968
-47.3,500,1169.51489
-48.1,500,1169.571607
-47.4,500,1169.85575
-47.1,500,1169.913632
-47.2,500,1169.970129
-47.1,500,1170.026452
-46.7,500,1170.310353
-47.4,500,1170.368021
-46.7,500,1170.424455
-47.6,500,1170.481678
-47.1,500,1170.766643
-46.7,500,1170.823762
-46.6,500,1170.880943
-46.5,500,1170.936609
-46.5,500,1171.222402
-46.9,500,1171.279095
-46.8,500,1171.33701
-46.7,500,1171.392653
-46.7,500,1171.677056
-47.1,500,1171.734847
-46.9,500,1171.790762
-46.9,500,1171.84776
-46.7,500,1172.130883
-47.3,500,1172.188608
-46.6,500,1172.24465
-46.9,500,1172.301993
-47.5,500,1172.585353
-48.0,500,1172.643045
-48.1,500,1172.699679
-48.7,500,1172.757256
-48.6,500,1172.814333
-48.2,500,1173.101833
-47.7,500,1173.159632
-48.1,500,1173.215679
-47.6,500,1173.272552
-47.5,500,1173.556872
-47.2,500,1173.614575
-47.2,500,1173.670538
-47.5,500,1173.728492
-46.9,500,1174.012525
-46.9,500,1174.070022
-47.0,500,1174.125501
-47.1,500,1174.182574
-47.4,500,1174.467099
-47.3,500,1174.524064
-47.8,500,1174.580412
-46.8,500,1174.636171
-47.0,500,1174.92019
-46.9,500,1174.97637
-46.7,500,1175.033759
-48.3,500,1175.089652
-47.9,500,1175.374304
-46.8,500,1175.430124
-47.2,500,1175.487485
-46.9,500,1175.543125
-47.3,500,1175.828167
-47.6,500,1175.886069
-46.5,500,1175.941674
-46.7,500,1175.999257
-47.2,500,1176.315993
-46.8,500,1176.371728
-47.0,500,1176.428969
-46.7,500,1176.485074
-46.7,500,1176.769659
-46.8,500,1176.826136
-46.9,500,1176.882643
-47.1,500,1176.938782
-47.4,500,1177.222707
-46.9,500,1177.279411
-47.6,500,1177.336929
-47.0,500,1177.393216
-46.9,500,1177.677811
-47.0,500,1177.735717
-47.4,500,1177.792092
-48.5,500,1177.849979
-46.9,500,1177.905284
-46.7,500,1178.190681
-47.6,500,1178.245164
-46.9,500,1178.302087
-47.1,500,1178.358102
-47.0,500,1178.642249
-46.9,500,1178.698138
-46.5,500,1178.755794
-46.5,500,1178.811494
-47.4,500,1179.095766
-47.2,500,1179.152227
-46.5,500,1179.208023
-46.7,500,1179.2653
-46.9,500,1179.54924
-47.8,500,1179.607969
-47.3,500,1179.664456
-46.5,500,1179.721388
-47.4,500,1180.005256
-47.1,500,1180.062938
-47.4,500,1180.1196
-46.9,500,1180.176885
-47.6,500,1180.461823
-46.9,500,1180.518414
-46.6,500,1180.575808
-46.9,500,1180.631473
-47.5,500,1180.916183
-48.5,500,1180.973034
-47.7,500,1181.030201
-48.1,500,1181.086048
-48.2,500,1181.371303
-47.5,500,1181.428475
-47.7,500,1181.485017
-47.5,500,1181.542242
-47.7,500,1181.825948
-46.7,500,1181.884048
-47.5,500,1181.940455
-47.6,500,1181.998087
-46.7,500,1182.281543
-47.1,500,1182.339219
-47.3,500,1182.39585
-47.1,500,1182.452375
-47.7,500,1182.509455
-47.0,500,1182.793352
-46.7,500,1182.851639
-46.9,500,1182.90761
-47.1,500,1182.965075
-46.7,500,1183.249824
-47.1,500,1183.307197
-46.7,500,1183.363647
-46.6,500,1183.421085
-46.6,500,1183.704572
-47.0,500,1183.762602
-46.8,500,1183.819449
-47.0,500,1183.87563
-46.9,500,1184.160402
-46.5,500,1184.217072
-46.7,500,1184.27416
-46.7,500,1184.33054
-46.8,500,1184.614909
-46.6,500,1184.670807
-46.7,500,1184.727665
-46.7,500,1184.78371
-46.9,500,1185.067392
-47.1,500,1185.1251
-47.3,500,1185.182196
-47.3,500,1185.239428
-46.6,500,1185.523323
-46.7,500,1185.579614
-46.9,500,1185.636251
-46.7,500,1185.693144
-46.6,500,1185.977263
-46.9,500,1186.03429
-47.7,500,1186.089909
-46.7,500,1186.147176
-46.7,500,1186.434115
-46.8,500,1186.492202
-46.9,500,1186.549775
-47.3,500,1186.605601
-46.7,500,1186.889417
-46.5,500,1186.945835
-46.9,500,1187.003141
-46.5,500,1187.059396
-46.7,500,1187.116007
-46.5,500,1187.399878
-46.8,500,1187.456232
-46.8,500,1187.511526
-46.8,500,1187.568832
-46.5,500,1187.853615
-46.5,500,1187.909971
-46.8,500,1187.967344
-47.5,500,1188.023824
-47.0,500,1188.308742
-46.9,500,1188.364686
-47.3,500,1188.421899
-46.8,500,1188.477062
-46.6,500,1188.76256
-46.7,500,1188.81908
-47.0,500,1188.876165
-48.1,500,1188.932909
-46.6,500,1189.215884
-47.1,500,1189.272901
-48.3,500,1189.328272
-46.9,500,1189.385466
-47.3,500,1189.66911
-48.1,500,1189.726867
-46.9,500,1189.78247
-47.4,500,1189.838997
-46.8,500,1190.123475
-46.9,500,1190.180314
-46.9,500,1190.237507
-46.7,500,1190.29382
-47.4,500,1190.576471
-47.1,500,1190.6329
-46.5,500,1190.690002
-46.5,500,1190.746317
-47.6,500,1191.030737
-47.3,500,1191.087011
-46.9,500,1191.146719
-47.2,500,1191.202639
-48.1,500,1191.487043
-47.3,500,1191.544543
-47.6,500,1191.60147
-49.0,500,1191.65862
-47.1,500,1191.946435
-47.3,500,1192.00409
-47.0,500,1192.06056
-47.4,500,1192.117603
-47.2,500,1192.173792
-47.4,500,1192.458345
-46.6,500,1192.514788
-47.3,500,1192.571674
-47.3,500,1192.628171
-47.1,500,1192.914226
-46.8,500,1192.970967
-46.7,500,1193.02736
-46.6,500,1193.084987
-46.9,500,1193.368144
-46.6,500,1193.425595
-47.1,500,1193.481562
-46.7,500,1193.538487
-46.6,500,1193.819486
-46.5,500,1193.876797
-46.7,500,1193.932795
-47.3,500,1193.989991
-47.6,500,1194.274529
-47.7,500,1194.330573
-48.5,500,1194.387883
-48.4,500,1194.443481
-47.8,500,1194.727812
-47.3,500,1194.784587
-47.4,500,1194.842049
-46.7,500,1194.897907
-47.9,500,1195.21548
-47.2,500,1195.273333
-47.2,500,1195.329409
-46.8,500,1195.387124
-46.6,500,1195.671296
-46.5,500,1195.728006
-47.0,500,1195.784575
-48.7,500,1195.842036
-46.8,500,1196.126329
-46.6,500,1196.182061
-46.8,500,1196.239325
-46.6,500,1196.296174
-46.5,500,1196.57981
-47.1,500,1196.636404
-46.7,500,1196.694152
-46.9,500,1196.751159
-47.0,500,1196.807585
-46.8,500,1197.09168
-46.5,500,1197.148736
-46.5,500,1197.205464
-46.5,500,1197.261943
-46.7,500,1197.546042
-46.5,500,1197.602528
-46.5,500,1197.658808
-46.7,500,1197.715244
-47.3,500,1198.001537
-46.6,500,1198.058055
-47.1,500,1198.113241
-46.9,500,1198.169736
-47.4,500,1198.453395
-47.6,500,1198.510461
-46.9,500,1198.56587
-47.6,500,1198.623056
-47.4,500,1198.906331
-47.1,500,1198.964049
-47.3,500,1199.019355
-47.7,500,1199.076696
-46.6,500,1199.36009
-47.8,500,1199.415708
-47.3,500,1199.472531
-47.4,500,1199.528658
-46.7,500,1199.812412
-47.9,500,1199.869228
-47.1,500,1199.925518
-46.9,500,1199.981615
-47.2,500,1200.266002
-46.6,500,1200.322279
-47.1,500,1200.379881
-46.5,500,1200.436194
-46.6,500,1200.720228
-46.5,500,1200.777649
-46.5,500,1200.833927
-46.7,500,1200.890661
-46.6,500,1201.174426
-48.2,500,1201.232055
-48.1,500,1201.288862
-48.8,500,1201.346403
-47.8,500,1201.629596
-47.3,500,1201.687193
-47.2,500,1201.744048
-47.3,500,1201.800906
-47.2,500,1201.857134
-47.6,500,1202.141306
-46.9,500,1202.199317
-48.3,500,1202.255845
-46.7,500,1202.313515
-46.8,500,1202.596834
-47.3,500,1202.653891
-46.6,500,1202.710646
-46.7,500,1202.767018
-47.5,500,1203.054082
-47.5,500,1203.111583
-47.6,500,1203.169185
-46.7,500,1203.224651
-47.4,500,1203.51007
-47.1,500,1203.566764
-46.6,500,1203.624194
-46.8,500,1203.680033
-47.2,500,1203.96429
-46.9,500,1204.020324
-47.0,500,1204.078375
-47.3,500,1204.133863
-46.8,500,1204.418531
-46.9,500,1204.475602
-46.7,500,1204.532617
-46.7,500,1204.589677
-47.5,500,1204.875854
-48.1,500,1204.933881
-48.2,500,1204.990134
-48.9,500,1205.047506
-48.0,500,1205.331936
-47.3,500,1205.389782
-47.5,500,1205.446391
-47.7,500,1205.50259
-47.1,500,1205.786162
-47.2,500,1205.843206
-46.8,500,1205.900833
-47.6,500,1205.95701
-46.8,500,1206.241827
-46.7,500,1206.299247
-46.8,500,1206.357339
-46.7,500,1206.413655
-47.1,500,1206.470898
-47.0,500,1206.755574
-47.4,500,1206.811906
-47.5,500,1206.869154
-46.7,500,1206.925708
-46.6,500,1207.209816
-46.8,500,1207.267365
-46.6,500,1207.324361
-46.9,500,1207.38171
-46.8,500,1207.664807
-47.6,500,1207.722403
-46.9,500,1207.778693
-46.5,500,1207.835999
-46.5,500,1208.121287
-48.1,500,1208.178619
-46.6,500,1208.235644
-46.7,500,1208.292526
-47.0,500,1208.576961
-47.7,500,1208.633533
-47.2,500,1208.689926
-47.2,500,1208.746359
-47.1,500,1209.029977
-48.4,500,1209.086558
-46.9,500,1209.143607
-46.9,500,1209.19975
-47.4,500,1209.483897
-48.0,500,1209.541925
-46.9,500,1209.598094
-46.9,500,1209.65501
-46.8,500,1209.938527
-47.0,500,1209.995967
-48.2,500,1210.052731
-47.1,500,1210.109548
-46.8,500,1210.392982
-46.6,500,1210.450872
-47.1,500,1210.507231
-46.9,500,1210.563715
-47.1,500,1210.848325
-47.1,500,1210.903928
-46.8,500,1210.96097
-46.6,500,1211.018351
-46.5,500,1211.075401
-47.1,500,1211.358823
-46.7,500,1211.415842
-47.0,500,1211.4725
-46.7,500,1211.530021
-46.9,500,1211.813822
-46.7,500,1211.870067
-46.7,500,1211.926013
-46.5,500,1211.982928
-47.0,500,1212.268461
-46.5,500,1212.323525
-47.5,500,1212.379942
-47.0,500,1212.436244
-46.7,500,1212.719278
-47.2,500,1212.775487
-46.5,500,1212.833399
-47.7,500,1212.890323
-46.8,500,1213.176003
-47.0,500,1213.233632
-47.0,500,1213.289467
-47.1,500,1213.346857
-46.8,500,1213.631107
-46.7,500,1213.68865
-47.3,500,1213.745037
-47.1,500,1213.802229
-47.0,500,1214.086232
-46.9,500,1214.144012
-46.7,500,1214.2003
-46.6,500,1214.256762
-47.0,500,1214.541923
-46.8,500,1214.597984
-47.8,500,1214.654471
-47.0,500,1214.711153
-46.7,500,1214.995457
-46.9,500,1215.05209
-46.6,500,1215.108789
-47.0,500,1215.164992
-46.7,500,1215.45005
-47.8,500,1215.507653
-46.8,500,1215.568331
-47.0,500,1215.650954
-46.6,500,1215.935514
-48.1,500,1215.993607
-46.7,500,1216.050425
-47.1,500,1216.107381
-47.7,500,1216.165054
-46.7,500,1216.44937
-47.3,500,1216.506659
-46.8,500,1216.562787
-46.9,500,1216.619498
-47.4,500,1216.904516
-46.9,500,1216.961685
-47.1,500,1217.017718
-47.3,500,1217.074163
-47.1,500,1217.358164
-46.8,500,1217.416162
-47.0,500,1217.472383
-47.7,500,1217.530474
-47.1,500,1217.813868
-46.7,500,1217.870937
-46.7,500,1217.92897
-46.6,500,1217.984886
-46.7,500,1218.269788
-46.7,500,1218.326406
-46.8,500,1218.383658
-47.1,500,1218.440425
-46.9,500,1218.724437
-47.3,500,1218.781183
-47.5,500,1218.838748
-46.7,500,1218.894582
-46.8,500,1219.179317
-46.7,500,1219.236276
-47.2,500,1219.292588
-46.9,500,1219.349476
-46.9,500,1219.631604
-46.6,500,1219.687991
-48.2,500,1219.743776
-46.5,500,1219.800892
-47.1,500,1220.083662
-49.5,500,1220.141227
-48.9,500,1220.197159
-47.9,500,1220.253984
-49.0,500,1220.538193
-48.5,500,1220.595057
-48.2,500,1220.651346
-47.9,500,1220.707184
-47.8,500,1220.764053
-47.2,500,1221.047528
-47.1,500,1221.105582
-47.0,500,1221.161423
-46.6,500,1221.218882
-47.2,500,1221.503597
-46.6,500,1221.561362
-47.1,500,1221.617759
-46.6,500,1221.675757
-46.9,500,1221.959765
-46.8,500,1222.016312
-46.8,500,1222.073846
-46.6,500,1222.130519
-46.6,500,1222.415103
-47.2,500,1222.471883
-46.8,500,1222.529339
-46.7,500,1222.584384
-47.1,500,1222.869873
-47.1,500,1222.928463
-47.0,500,1222.985716
-47.2,500,1223.042718
-47.5,500,1223.327461
-47.1,500,1223.384648
-46.9,500,1223.440753
-46.7,500,1223.498136
-46.7,500,1223.781105
-47.2,500,1223.838011
-46.7,500,1223.89513
-46.8,500,1223.951414
-47.2,500,1224.235213
-46.7,500,1224.290199
-47.4,500,1224.346589
-46.5,500,1224.402386
-47.1,500,1224.684568
-48.1,500,1224.740117
-46.9,500,1224.797603
-47.7,500,1224.854095
-47.9,500,1225.138418
-46.8,500,1225.195451
-47.8,500,1225.253366
-49.1,500,1225.309425
-47.0,500,1225.593186
-46.7,500,1225.650328
-46.7,500,1225.706136
-47.5,500,1225.762803
-46.8,500,1225.819562
-47.2,500,1226.103502
-47.3,500,1226.160136
-46.8,500,1226.217634
-47.1,500,1226.2735
-47.1,500,1226.555991
-46.7,500,1226.6128
-46.9,500,1226.670293
-46.7,500,1226.72574
-47.5,500,1227.009389
-48.2,500,1227.066951
-47.9,500,1227.122992
-47.5,500,1227.179003
-47.4,500,1227.46204
-47.7,500,1227.519425
-48.4,500,1227.575606
-48.2,500,1227.632818
-47.0,500,1227.917747
-48.3,500,1227.975641
-47.2,500,1228.033297
-47.9,500,1228.089454
-47.0,500,1228.372998
-47.0,500,1228.428472
-47.5,500,1228.48528
-47.1,500,1228.541789
-47.4,500,1228.824969
-47.2,500,1228.882307
-47.0,500,1228.938623
-47.0,500,1228.995699
-46.9,500,1229.279753
-46.7,500,1229.337701
-47.2,500,1229.394332
-47.5,500,1229.451476
-47.1,500,1229.73462
-46.8,500,1229.792064
-47.0,500,1229.848358
-47.0,500,1229.904999
-46.6,500,1230.187315
-47.3,500,1230.244139
-47.0,500,1230.30104
-46.9,500,1230.357365
-47.3,500,1230.413365
-46.5,500,1230.697875
-46.9,500,1230.75522
-46.9,500,1230.811541
-46.7,500,1230.868847
-46.6,500,1231.151408
-46.9,500,1231.20787
-46.9,500,1231.264747
-46.7,500,1231.321695
-47.7,500,1231.605134
-46.6,500,1231.66205
-46.9,500,1231.718835
-46.5,500,1231.775328
-46.5,500,1232.059519
-46.5,500,1232.116573
-46.7,500,1232.173621
-46.9,500,1232.229981
-46.9,500,1232.514287
-47.9,500,1232.57075
-47.5,500,1232.628479
-47.3,500,1232.685088
-46.8,500,1232.971599
-48.2,500,1233.027538
-47.1,500,1233.083627
-47.4,500,1233.14141
-47.8,500,1233.426026
-47.4,500,1233.48244
-47.4,500,1233.538486
-47.3,500,1233.595018
-48.0,500,1233.878513
-48.2,500,1233.936173
-48.6,500,1233.992952
-47.7,500,1234.05006
-48.5,500,1234.333436
-48.9,500,1234.389448
-47.7,500,1234.446567
-48.1,500,1234.503624
-47.4,500,1234.787036
-46.7,500,1234.843196
-47.6,500,1234.900832
-47.1,500,1234.956673
-47.1,500,1235.240331
-47.6,500,1235.297535
-46.7,500,1235.354898
-46.7,500,1235.410732
-47.3,500,1235.467809
-46.7,500,1235.752487
-47.0,500,1235.808758
-46.8,500,1235.865663
-46.9,500,1235.921692
-48.7,500,1236.237558
-46.9,500,1236.294502
-46.9,500,1236.351295
-47.6,500,1236.408915
-46.8,500,1236.692135
-46.9,500,1236.749914
-46.6,500,1236.805274
-47.2,500,1236.863394
-47.5,500,1237.147313
-47.4,500,1237.203795
-47.3,500,1237.259689
-46.9,500,1237.31627
-48.0,500,1237.599126
-47.3,500,1237.656813
-46.9,500,1237.713606
-46.8,500,1237.770375
-46.7,500,1238.057624
-46.7,500,1238.113392
-47.2,500,1238.170963
-47.2,500,1238.225874
-46.6,500,1238.51089
-47.1,500,1238.567788
-46.5,500,1238.625101
-46.5,500,1238.682127
-47.3,500,1238.966295
-48.5,500,1239.023223
-47.9,500,1239.079357
-47.7,500,1239.136897
-47.8,500,1239.419551
-47.8,500,1239.477238
-48.2,500,1239.53388
-47.4,500,1239.590749
-47.8,500,1239.874284
-47.3,500,1239.930643
-47.4,500,1239.987538
-47.2,500,1240.043566
-46.9,500,1240.099802
-47.8,500,1240.384352
-47.1,500,1240.442216
-46.7,500,1240.498369
-47.1,500,1240.555673
-46.8,500,1240.8398
-46.7,500,1240.89621
-46.9,500,1240.953402
-47.2,500,1241.009109
-46.5,500,1241.295678
-47.2,500,1241.351838
-47.4,500,1241.408518
-46.9,500,1241.463957
-46.7,500,1241.747819
-47.1,500,1241.804503
-46.8,500,1241.861586
-47.7,500,1241.916786
-46.8,500,1242.200859
-46.8,500,1242.255987
-46.8,500,1242.313519
-47.2,500,1242.370869
-46.8,500,1242.655369
-47.0,500,1242.713415
-46.5,500,1242.769079
-46.7,500,1242.826546
-46.5,500,1243.110365
-46.5,500,1243.168374
-46.6,500,1243.22428
-46.7,500,1243.281073
-47.3,500,1243.564999
-47.2,500,1243.620355
-47.1,500,1243.678068
-46.8,500,1243.734
-46.5,500,1244.032056
-46.9,500,1244.094036
-46.8,500,1244.15606
-46.6,500,1244.217678
-47.5,500,1244.526129
-47.0,500,1244.593674
-46.7,500,1244.650392
-46.9,500,1244.706452
-46.7,500,1244.764027
-47.5,500,1245.049593
-47.2,500,1245.106739
-46.7,500,1245.161802
-47.4,500,1245.218332
-46.9,500,1245.50234
-47.3,500,1245.560639
-46.5,500,1245.61748
-46.9,500,1245.674303
-46.7,500,1245.976222
-47.3,500,1246.033074
-46.7,500,1246.090742
-46.7,500,1246.14608
-47.6,500,1246.431549
-48.3,500,1246.48755
-48.1,500,1246.544521
-47.4,500,1246.600258
-46.9,500,1246.885367
-47.4,500,1246.943297
-47.0,500,1246.998703
-46.8,500,1247.054859
-46.9,500,1247.340049
-46.8,500,1247.398069
-47.6,500,1247.454366
-46.8,500,1247.511771
-46.9,500,1247.795776
-47.0,500,1247.853823
-47.8,500,1247.910174
-47.0,500,1247.968204
-48.4,500,1248.253952
-47.1,500,1248.310993
-46.7,500,1248.368291
-46.6,500,1248.42503
-47.1,500,1248.709826
-47.7,500,1248.766563
-48.6,500,1248.823782
-48.2,500,1248.879286
-48.4,500,1249.163815
-47.3,500,1249.220666
-48.2,500,1249.277844
-48.2,500,1249.334547
-48.4,500,1249.618491
-46.9,500,1249.674991
-47.0,500,1249.73116
-47.2,500,1249.787649
-47.1,500,1249.844083
-47.0,500,1250.129174
-47.8,500,1250.184873
-48.2,500,1250.2422
-47.3,500,1250.298107
-46.8,500,1250.583344
-48.8,500,1250.640756
-46.7,500,1250.696843
-46.8,500,1250.753484
-46.9,500,1251.037761
-47.4,500,1251.094817
-46.9,500,1251.15141
-47.4,500,1251.208448
-46.9,500,1251.490835
-46.8,500,1251.548235
-46.6,500,1251.605143
-46.6,500,1251.662348
-48.0,500,1251.946776
-47.0,500,1252.003308
-47.1,500,1252.059756
-46.8,500,1252.116183
-46.9,500,1252.40012
-46.9,500,1252.456568
-46.6,500,1252.51365
-46.8,500,1252.570424
-47.1,500,1252.854564
-47.8,500,1252.911786
-47.5,500,1252.969505
-47.0,500,1253.026281
-46.9,500,1253.310076
-46.8,500,1253.36771
-46.6,500,1253.424165
-47.0,500,1253.481053
-47.5,500,1253.764156
-48.1,500,1253.821212
-47.0,500,1253.8768
-46.6,500,1253.934073
-47.1,500,1254.216993
-46.6,500,1254.273276
-46.8,500,1254.329232
-47.2,500,1254.384604
-47.1,500,1254.441565
-47.4,500,1254.724549
-47.0,500,1254.782842
-47.0,500,1254.838701
-47.3,500,1254.896287
-47.6,500,1255.178297
-47.4,500,1255.235278
-47.7,500,1255.291002
-47.4,500,1255.347086
-48.2,500,1255.630616
-47.6,500,1255.688215
-47.6,500,1255.744895
-46.7,500,1255.801959
-47.3,500,1256.086186
-46.9,500,1256.142264
-46.9,500,1256.199942
-47.0,500,1256.256245
-47.0,500,1256.539707
-46.7,500,1256.596687
-47.4,500,1256.654164
-46.7,500,1256.709176
-46.9,500,1257.024573
-46.6,500,1257.082629
-47.0,500,1257.138471
-46.8,500,1257.19481
-46.9,500,1257.479394
-46.6,500,1257.536402
-47.0,500,1257.593353
-46.8,500,1257.648305
-47.3,500,1257.931676
-46.5,500,1257.987139
-46.8,500,1258.044417
-46.9,500,1258.099818
-47.8,500,1258.384792
-47.6,500,1258.440894
-49.4,500,1258.497832
-48.5,500,1258.553368
-47.8,500,1258.837729
-47.5,500,1258.894692
-47.7,500,1258.950809
-48.2,500,1259.008116
-47.4,500,1259.291559
-47.0,500,1259.350122
-48.3,500,1259.406765
-47.5,500,1259.464529
-47.0,500,1259.519956
-47.3,500,1259.805001
-47.0,500,1259.862038
-48.1,500,1259.918886
-46.8,500,1259.976422
-46.8,500,1260.259102
-46.8,500,1260.317125
-47.0,500,1260.373702
-47.6,500,1260.430663
-47.8,500,1260.714465
-46.9,500,1260.771781
-46.8,500,1260.827426
-47.2,500,1260.88538
-47.5,500,1261.169514
-47.9,500,1261.226648
-46.9,500,1261.284201
-46.9,500,1261.341005
-46.5,500,1261.626588
-47.9,500,1261.683675
-47.0,500,1261.74138
-47.2,500,1261.797523
-46.5,500,1262.082712
-46.5,500,1262.138222
-47.3,500,1262.195756
-47.0,500,1262.251381
-47.3,500,1262.536039
-46.5,500,1262.593674
-46.6,500,1262.650597
-46.5,500,1262.707479
-46.6,500,1262.994067
-46.9,500,1263.051694
-47.1,500,1263.107748
-46.5,500,1263.164478
-46.9,500,1263.447256
-46.5,500,1263.504359
-46.6,500,1263.562001
-47.3,500,1263.618895
-46.5,500,1263.901906
-47.6,500,1263.958031
-47.2,500,1264.014408
-47.0,500,1264.070915
-47.0,500,1264.127643
-46.8,500,1264.411329
-46.8,500,1264.46885
-46.7,500,1264.525101
-47.1,500,1264.582454
-47.2,500,1264.865669
-46.9,500,1264.923783
-46.7,500,1264.980015
-47.0,500,1265.037645
-47.2,500,1265.32233
-46.7,500,1265.377873
-47.1,500,1265.434898
-47.0,500,1265.49028
-47.3,500,1265.774643
-46.9,500,1265.831073
-46.7,500,1265.887984
-46.6,500,1265.944384
-46.7,500,1266.2295
-47.8,500,1266.287236
-46.9,500,1266.343355
-46.6,500,1266.400555
-47.0,500,1266.68361
-46.8,500,1266.740856
-47.1,500,1266.79772
-47.1,500,1266.854666
-46.6,500,1267.13791
-46.8,500,1267.196004
-47.4,500,1267.251539
-46.7,500,1267.309155
-46.7,500,1267.593568
-47.1,500,1267.648855
-46.8,500,1267.706303
-46.7,500,1267.76166
-46.5,500,1268.048299
-47.5,500,1268.105255
-46.9,500,1268.162471
-47.1,500,1268.21876
-47.8,500,1268.503364
-46.7,500,1268.560255
-47.0,500,1268.616417
-47.1,500,1268.672685
-47.4,500,1268.728506
-46.8,500,1269.014303
-46.9,500,1269.071007
-46.6,500,1269.128759
-47.2,500,1269.184389
-47.2,500,1269.468227
-47.0,500,1269.524059
-48.1,500,1269.581325
-48.0,500,1269.637198
-47.2,500,1269.923201
-47.1,500,1269.980796
-46.5,500,1270.037294
-46.9,500,1270.093833
-47.1,500,1270.377641
-46.5,500,1270.434022
-46.6,500,1270.489524
-46.5,500,1270.546639
-48.3,500,1270.831149
-48.9,500,1270.888035
-49.6,500,1270.944681
-48.7,500,1271.001021
-48.5,500,1271.285437
-47.6,500,1271.342179
-48.3,500,1271.399586
-48.9,500,1271.455373
-47.6,500,1271.739222
-47.1,500,1271.795234
-48.1,500,1271.852808
-47.7,500,1271.909544
-47.2,500,1272.193665
-47.6,500,1272.250996
-46.7,500,1272.307404
-46.5,500,1272.364463
-47.3,500,1272.648121
-47.3,500,1272.705718
-46.5,500,1272.762151
-47.6,500,1272.81959
-47.3,500,1273.10694
-46.6,500,1273.163417
-46.6,500,1273.220547
-47.6,500,1273.276564
-46.8,500,1273.560652
-46.5,500,1273.617312
-47.2,500,1273.674189
-46.7,500,1273.730157
-48.0,500,1273.786698
-46.5,500,1274.070338
-46.8,500,1274.129417
-47.3,500,1274.185904
-46.6,500,1274.242663
-47.0,500,1274.528595
-46.8,500,1274.584733
-46.8,500,1274.641389
-47.7,500,1274.697412
-46.9,500,1274.9812
-47.3,500,1275.037979
-46.8,500,1275.095083
-47.2,500,1275.151726
-47.1,500,1275.437038
-47.3,500,1275.493736
-46.7,500,1275.55058
-46.6,500,1275.606692
-46.9,500,1275.889749
-47.1,500,1275.946633
-46.9,500,1276.003319
-46.7,500,1276.060634
-46.6,500,1276.34387
-46.8,500,1276.401533
-47.1,500,1276.457701
-47.1,500,1276.515254
-48.3,500,1276.84048
-47.8,500,1276.897437
-46.9,500,1276.954319
-46.9,500,1277.009847
-47.6,500,1277.293674
-46.7,500,1277.350871
-46.8,500,1277.407489
-46.5,500,1277.463519
-47.2,500,1277.74941
-46.7,500,1277.806846
-47.0,500,1277.86334
-47.7,500,1277.920157
-47.6,500,1278.20453
-47.4,500,1278.262078
-47.5,500,1278.318435
-48.3,500,1278.374864
-46.7,500,1278.432131
-47.1,500,1278.714812
-46.8,500,1278.772324
-46.7,500,1278.827572
-47.2,500,1278.884749
-46.7,500,1279.168332
-46.7,500,1279.224908
-46.7,500,1279.28119
-46.8,500,1279.337692
-46.6,500,1279.620803
-46.6,500,1279.678172
-46.8,500,1279.734687
-46.5,500,1279.790945
-48.2,500,1280.08302
-47.9,500,1280.13873
-46.9,500,1280.19637
-47.5,500,1280.252285
-47.0,500,1280.536675
-47.5,500,1280.592734
-47.4,500,1280.65023
-47.3,500,1280.707025
-46.6,500,1280.99114
-46.9,500,1281.047879
-46.9,500,1281.104266
-47.0,500,1281.161136
-47.0,500,1281.444729
-46.6,500,1281.502404
-47.0,500,1281.557883
-46.5,500,1281.615389
-46.8,500,1281.898119
-46.9,500,1281.958555
-47.3,500,1282.019401
-46.5,500,1282.082481
-47.4,500,1282.396816
-48.1,500,1282.455628
-47.3,500,1282.517425
-47.2,500,1282.577897
-47.5,500,1282.871311
-46.8,500,1282.92812
-46.9,500,1282.986319
-47.7,500,1283.042403
-46.7,500,1283.328079
-47.1,500,1283.384784
-47.0,500,1283.442179
-46.8,500,1283.49933
-47.7,500,1283.556951
-47.3,500,1283.854641
-46.7,500,1283.913831
-46.9,500,1283.971633
-47.5,500,1284.028181
-47.7,500,1284.315014
-46.8,500,1284.371236
-47.6,500,1284.428547
-47.2,500,1284.485431
-47.1,500,1284.770244
-47.2,500,1284.826756
-46.9,500,1284.883811
-46.7,500,1284.940734
-47.5,500,1285.225427
-46.9,500,1285.283024
-46.5,500,1285.339108
-47.5,500,1285.396517
-47.5,500,1285.680059
-48.1,500,1285.737443
-47.5,500,1285.794
-47.1,500,1285.851309
-47.1,500,1286.135292
-46.9,500,1286.192265
-46.7,500,1286.248673
-47.2,500,1286.30409
-47.2,500,1286.587605
-46.6,500,1286.643459
-47.3,500,1286.699931
-46.6,500,1286.756732
-46.6,500,1287.040911
-46.5,500,1287.096945
-46.5,500,1287.154223
-47.0,500,1287.21078
-46.5,500,1287.496142
-46.5,500,1287.553556
-47.1,500,1287.609358
-46.6,500,1287.665915
-47.1,500,1287.949564
-46.9,500,1288.006847
-46.6,500,1288.061676
-46.8,500,1288.118997
-46.5,500,1288.17498
-46.6,500,1288.459409
-46.6,500,1288.515699
-47.0,500,1288.572838
-46.7,500,1288.629147
-48.6,500,1288.91394
-48.6,500,1288.971366
-48.0,500,1289.027041
-48.3,500,1289.083421
-47.5,500,1289.367321
-48.1,500,1289.424906
-47.2,500,1289.481198
-47.7,500,1289.537733
-47.8,500,1289.820487
-47.1,500,1289.877264
-47.4,500,1289.933873
-47.0,500,1289.991202
-46.8,500,1290.275959
-46.8,500,1290.332016
-46.6,500,1290.389015
-47.0,500,1290.445481
-46.7,500,1290.730029
-47.0,500,1290.786569
-47.2,500,1290.843687
-46.5,500,1290.899613
-46.5,500,1291.184574
-47.0,500,1291.241425
-47.2,500,1291.298395
-47.1,500,1291.354798
-46.9,500,1291.639354
-46.9,500,1291.696857
-46.5,500,1291.752799
-47.2,500,1291.80985
-46.8,500,1292.093
-47.0,500,1292.150472
-46.7,500,1292.206634
-47.1,500,1292.264143
-47.4,500,1292.54829
-47.1,500,1292.605233
-47.4,500,1292.660598
-47.1,500,1292.717547
-47.3,500,1293.002352
-46.7,500,1293.05885
-46.9,500,1293.115311
-46.6,500,1293.171201
-46.6,500,1293.227838
-46.6,500,1293.513182
-46.7,500,1293.570403
-47.3,500,1293.626852
-47.2,500,1293.684027
-47.1,500,1293.96754
-47.5,500,1294.025285
-47.1,500,1294.081923
-46.9,500,1294.139212
-47.5,500,1294.423325
-46.6,500,1294.480642
-46.5,500,1294.537956
-46.5,500,1294.594249
-47.0,500,1294.878865
-47.0,500,1294.934504
-46.6,500,1294.992134
-46.7,500,1295.047855
-47.0,500,1295.332385
-47.1,500,1295.389442
-46.9,500,1295.445969
-46.5,500,1295.50261
-47.1,500,1295.786733
-46.7,500,1295.845152
-46.5,500,1295.90249
-47.4,500,1295.959848
-47.0,500,1296.243616
-47.9,500,1296.300347
-47.6,500,1296.356951
-47.6,500,1296.413979
-47.2,500,1296.698077
-46.6,500,1296.75537
-46.8,500,1296.81257
-46.9,500,1296.869051
-47.8,500,1297.193657
-48.8,500,1297.251322
-48.9,500,1297.307259
-49.2,500,1297.363734
-49.6,500,1297.6462
-47.5,500,1297.703819
-47.9,500,1297.759737
-47.5,500,1297.817255
-48.1,500,1297.873103
-47.3,500,1298.158297
-49.1,500,1298.215077
-48.0,500,1298.271032
-47.2,500,1298.328662
-47.1,500,1298.611893
-47.2,500,1298.669128
-47.1,500,1298.725748
-47.1,500,1298.783006
-47.2,500,1299.066719
-47.2,500,1299.123946
-46.8,500,1299.179754
-47.1,500,1299.236769
-47.1,500,1299.521736
-47.5,500,1299.578048
-46.5,500,1299.634761
-47.1,500,1299.690187
-46.8,500,1299.974352
-46.5,500,1300.029755
-46.9,500,1300.087025
-47.4,500,1300.143388
-46.8,500,1300.427779
-47.0,500,1300.48511
-46.8,500,1300.541133
-47.3,500,1300.59872
-46.7,500,1300.881471
-46.5,500,1300.938347
-46.5,500,1300.994813
-46.6,500,1301.051824
-47.3,500,1301.334731
-47.3,500,1301.391448
-46.6,500,1301.447479
-46.7,500,1301.504633
-46.5,500,1301.788396
-47.6,500,1301.844547
-47.1,500,1301.901257
-46.7,500,1301.958012
-47.1,500,1302.241676
-47.5,500,1302.298075
-46.5,500,1302.355439
-46.7,500,1302.411894
-47.0,500,1302.46878
-46.5,500,1302.752735
-46.7,500,1302.810121
-46.5,500,1302.867451
-46.9,500,1302.923795
-47.3,500,1303.210812
-47.5,500,1303.267316
-47.4,500,1303.324689
-47.1,500,1303.381322
-47.1,500,1303.66577
-47.6,500,1303.721648
-47.5,500,1303.778301
-47.8,500,1303.833573
-47.4,500,1304.118273
-46.7,500,1304.175835
-46.5,500,1304.232039
-47.3,500,1304.28886
-47.2,500,1304.57208
-46.6,500,1304.629438
-46.5,500,1304.686243
-46.7,500,1304.743348
-47.2,500,1305.026059
-46.8,500,1305.083514
-46.5,500,1305.13987
-47.1,500,1305.196344
-47.0,500,1305.47981
-46.5,500,1305.536179
-47.2,500,1305.593376
-46.9,500,1305.649979
-46.8,500,1305.933884
-47.1,500,1305.990414
-46.7,500,1306.046894
-46.5,500,1306.103287
-47.1,500,1306.389184
-46.6,500,1306.446086
-46.5,500,1306.502909
-47.3,500,1306.558761
-47.1,500,1306.842144
-46.5,500,1306.899631
-47.7,500,1306.956076
-47.0,500,1307.012947
-47.4,500,1307.295372
-46.5,500,1307.352775
-46.6,500,1307.409078
-46.6,500,1307.465801
-46.8,500,1307.521246
-46.7,500,1307.805408
-46.6,500,1307.861555
-46.7,500,1307.918275
-46.8,500,1307.976167
-47.2,500,1308.261684
-46.6,500,1308.319113
-46.5,500,1308.375141
-47.3,500,1308.432284
-47.3,500,1308.715481
-46.5,500,1308.77274
-46.7,500,1308.828365
-47.5,500,1308.885678
-47.9,500,1309.169022
-47.7,500,1309.224502
-49.2,500,1309.281567
-47.5,500,1309.337882
-47.3,500,1309.621368
-47.7,500,1309.678078
-47.0,500,1309.735215
-47.9,500,1309.791175
-46.8,500,1310.075834
-46.9,500,1310.132657
-47.1,500,1310.188866
-47.1,500,1310.246701
-46.8,500,1310.530464
-47.5,500,1310.587041
-47.1,500,1310.642215
-46.9,500,1310.698737
-46.6,500,1310.984072
-47.4,500,1311.040335
-46.9,500,1311.097194
-47.3,500,1311.153468
-46.7,500,1311.443962
-47.7,500,1311.499752
-46.9,500,1311.55748
-46.5,500,1311.614819
-46.7,500,1311.898239
-47.5,500,1311.954875
-46.6,500,1312.010746
-47.8,500,1312.067621
-46.8,500,1312.124674
-46.7,500,1312.412326
-46.6,500,1312.473135
-46.8,500,1312.532372
-46.8,500,1312.592435
-46.6,500,1312.883685
-46.9,500,1312.940506
-47.5,500,1312.998178
-47.0,500,1313.054931
-46.8,500,1313.342408
-46.8,500,1313.399341
-46.8,500,1313.455362
-47.7,500,1313.512854
-46.9,500,1313.79953
-46.6,500,1313.857333
-46.8,500,1313.912758
-46.5,500,1313.96971
-47.0,500,1314.256021
-47.1,500,1314.312741
-46.7,500,1314.369996
-46.9,500,1314.425821
-46.9,500,1314.711496
-47.4,500,1314.768209
-47.9,500,1314.82411
-47.0,500,1314.880777
-46.7,500,1315.164923
-47.1,500,1315.221697
-46.7,500,1315.278637
-47.3,500,1315.335027
-46.7,500,1315.645262
-47.4,500,1315.70139
-46.7,500,1315.757683
-46.7,500,1315.813743
-47.8,500,1316.099008
-46.7,500,1316.156457
-46.7,500,1316.213047
-47.0,500,1316.269812
-47.3,500,1316.554684
-47.1,500,1316.610806
-47.5,500,1316.667356
-48.0,500,1316.724308
-47.2,500,1317.010066
-47.6,500,1317.06695
-47.5,500,1317.124701
-47.4,500,1317.182178
-46.6,500,1317.239355
-47.2,500,1317.524331
-46.9,500,1317.580562
-46.7,500,1317.637564
-47.6,500,1317.693597
-47.0,500,1317.978562
-46.7,500,1318.037232
-46.6,500,1318.093558
-46.7,500,1318.15055
-47.2,500,1318.436355
-47.0,500,1318.493582
-47.5,500,1318.549358
-46.7,500,1318.606557
-47.2,500,1318.891139
-47.9,500,1318.946913
-47.6,500,1319.004552
-47.5,500,1319.060806
-47.1,500,1319.346624
-47.1,500,1319.40354
-47.0,500,1319.460251
-46.5,500,1319.5169
-47.1,500,1319.801764
-47.2,500,1319.859325
-47.9,500,1319.915685
-47.1,500,1319.973327
-47.0,500,1320.258597
-48.1,500,1320.315223
-47.9,500,1320.372624
-47.4,500,1320.428492
-47.4,500,1320.713687
-47.6,500,1320.771783
-47.6,500,1320.828163
-48.6,500,1320.884766
-46.5,500,1321.168309
-47.0,500,1321.224916
-46.9,500,1321.280326
-47.0,500,1321.337759
-47.2,500,1321.623995
-46.6,500,1321.680309
-47.0,500,1321.737215
-47.3,500,1321.793874
-47.1,500,1321.8517
-46.7,500,1322.135707
-46.9,500,1322.192903
-47.1,500,1322.249645
-46.7,500,1322.305597
-46.7,500,1322.591288
-47.1,500,1322.647827
-47.3,500,1322.705035
-47.2,500,1322.761225
-47.2,500,1323.048283
-47.4,500,1323.106064
-46.6,500,1323.162422
-46.7,500,1323.219389
-46.6,500,1323.503551
-46.6,500,1323.560665
-46.7,500,1323.615811
-46.9,500,1323.672981
-46.8,500,1323.964284
-46.7,500,1324.025856
-46.7,500,1324.089536
-47.3,500,1324.151088
-46.7,500,1324.46574
-46.8,500,1324.528148
-47.0,500,1324.588756
-46.7,500,1324.649829
-47.4,500,1324.938632
-47.1,500,1324.99512
-47.7,500,1325.051279
-46.9,500,1325.107654
-46.7,500,1325.39358
-47.5,500,1325.451166
-48.0,500,1325.508021
-48.2,500,1325.564796
-47.6,500,1325.849219
-47.3,500,1325.904736
-47.3,500,1325.965467
-48.3,500,1326.029792
-47.9,500,1326.320904
-47.5,500,1326.379361
-46.8,500,1326.435089
-47.0,500,1326.491753
-47.2,500,1326.548952
-47.2,500,1326.835176
-47.1,500,1326.893101
-47.3,500,1326.948887
-47.1,500,1327.006342
-48.7,500,1327.292251
-48.0,500,1327.349897
-48.5,500,1327.407076
-48.7,500,1327.463031
-49.0,500,1327.75238
-47.3,500,1327.809791
-49.8,500,1327.866716
-48.4,500,1327.923101
-47.3,500,1328.211488
-47.9,500,1328.268599
-47.2,500,1328.325621
-47.0,500,1328.414263
-47.6,500,1328.706939
-46.5,500,1328.763913
-47.0,500,1328.821547
-46.9,500,1328.879087
-47.1,500,1329.165124
-48.0,500,1329.222704
-47.2,500,1329.279123
-46.5,500,1329.336606
-47.0,500,1329.622427
-47.6,500,1329.679443
-47.0,500,1329.73609
-46.6,500,1329.792289
-47.6,500,1330.077201
-47.5,500,1330.132636
-46.6,500,1330.189863
-46.5,500,1330.246287
-47.4,500,1330.53055
-46.8,500,1330.587357
-47.1,500,1330.64302
-47.0,500,1330.69952
-47.0,500,1330.983576
-46.7,500,1331.040046
-46.7,500,1331.097227
-46.6,500,1331.153517
-47.2,500,1331.439107
-47.9,500,1331.495745
-47.8,500,1331.553357
-48.3,500,1331.609239
-48.2,500,1331.666017
-47.0,500,1331.950484
-48.1,500,1332.007406
-47.6,500,1332.064727
-47.0,500,1332.120806
-46.8,500,1332.405017
-47.0,500,1332.462255
-47.3,500,1332.519016
-47.5,500,1332.575815
-46.9,500,1332.860144
-47.4,500,1332.91845
-47.3,500,1332.97469
-47.1,500,1333.032552
-46.9,500,1333.318659
-46.5,500,1333.37483
-46.8,500,1333.431865
-47.3,500,1333.488051
-47.0,500,1333.772261
-46.9,500,1333.829075
-47.4,500,1333.885953
-46.8,500,1333.943185
-46.9,500,1334.228244
-47.2,500,1334.28477
-48.6,500,1334.340798
-47.1,500,1334.397878
-46.9,500,1334.681878
-46.5,500,1334.738956
-46.9,500,1334.796301
-46.9,500,1334.852029
-46.9,500,1335.166233
-47.7,500,1335.224283
-47.2,500,1335.279826
-47.9,500,1335.337286
-47.7,500,1335.622649
-47.6,500,1335.678431
-47.4,500,1335.734588
-46.8,500,1335.789744
-47.5,500,1336.074775
-46.7,500,1336.131697
-47.7,500,1336.188366
-47.2,500,1336.245532
-47.1,500,1336.302637
-47.9,500,1336.592297
-49.0,500,1336.648962
-48.8,500,1336.70581
-48.3,500,1336.76207
-47.9,500,1337.046838
-48.3,500,1337.10392
-48.2,500,1337.160069
-47.2,500,1337.217254
-49.6,500,1337.500543
-47.5,500,1337.557458
-47.8,500,1337.613288
-47.3,500,1337.670413
-47.8,500,1337.954806
-47.3,500,1338.011165
-47.6,500,1338.068875
-48.3,500,1338.124072
-47.0,500,1338.40981
-46.5,500,1338.466949
-47.1,500,1338.522956
-47.1,500,1338.579969
-46.7,500,1338.864846
-46.9,500,1338.921653
-47.5,500,1338.977889
-46.7,500,1339.035326
-46.7,500,1339.319578
-47.8,500,1339.375804
-46.6,500,1339.433565
-47.3,500,1339.489769
-46.7,500,1339.774947
-48.3,500,1339.832394
-48.8,500,1339.888952
-48.0,500,1339.945903
-47.4,500,1340.229475
-47.2,500,1340.286835
-47.3,500,1340.342358
-46.8,500,1340.398486
-47.0,500,1340.68227
-47.6,500,1340.738888
-48.2,500,1340.795555
-47.9,500,1340.851611
-48.0,500,1341.135228
-48.5,500,1341.191294
-47.9,500,1341.247386
-47.5,500,1341.303581
-47.4,500,1341.35917
-49.4,500,1341.644241
-48.6,500,1341.700391
-48.9,500,1341.757128
-47.9,500,1341.813131
-47.6,500,1342.098821
-48.4,500,1342.15705
-47.6,500,1342.212788
-48.1,500,1342.269933
-47.3,500,1342.552961
-47.5,500,1342.610698
-47.2,500,1342.667426
-47.7,500,1342.723299
-48.1,500,1343.00837
-46.8,500,1343.06464
-47.2,500,1343.121727
-47.2,500,1343.178873
-48.1,500,1343.465022
-46.8,500,1343.522214
-46.8,500,1343.578814
-47.0,500,1343.636598
-47.0,500,1343.920429
-46.7,500,1343.978247
-47.0,500,1344.034724
-47.3,500,1344.092659
-46.8,500,1344.377601
-46.9,500,1344.433727
-46.8,500,1344.490787
-47.9,500,1344.547772
-47.4,500,1344.832344
-46.9,500,1344.889688
-46.9,500,1344.945312
-46.5,500,1345.002344
-47.1,500,1345.286515
-47.8,500,1345.344185
-47.0,500,1345.400312
-46.8,500,1345.456718
-47.0,500,1345.741595
-47.4,500,1345.798048
-46.7,500,1345.855148
-46.9,500,1345.911726
-48.0,500,1345.968883
-46.6,500,1346.253647
-46.8,500,1346.310535
-47.3,500,1346.367324
-46.7,500,1346.422614
-46.7,500,1346.708336
-47.8,500,1346.765213
-46.9,500,1346.822807
-47.3,500,1346.879384
-47.1,500,1347.163293
-46.7,500,1347.221272
-46.6,500,1347.277057
-47.5,500,1347.334486
-47.9,500,1347.618807
-46.9,500,1347.675489
-46.9,500,1347.733025
-46.6,500,1347.789294
-46.6,500,1348.075675
-49.4,500,1348.132631
-47.1,500,1348.19032
-46.8,500,1348.246973
-46.8,500,1348.532057
-46.8,500,1348.58928
-46.7,500,1348.644784
-46.6,500,1348.702456
-48.2,500,1348.986266
-47.1,500,1349.04314
-46.8,500,1349.09974
-46.8,500,1349.156159
-47.3,500,1349.440074
-46.9,500,1349.496656
-46.5,500,1349.553922
-47.5,500,1349.610332
-47.1,500,1349.895045
-47.9,500,1349.952232
-47.0,500,1350.008006
-47.5,500,1350.065741
-47.1,500,1350.348112
-48.0,500,1350.405637
-47.0,500,1350.462771
-47.1,500,1350.518327
-46.9,500,1350.803014
-47.3,500,1350.859592
-46.8,500,1350.917099
-47.4,500,1350.974198
-47.7,500,1351.030797
-46.8,500,1351.316107
-46.9,500,1351.372173
-46.6,500,1351.429125
-47.3,500,1351.485705
-46.8,500,1351.770404
-47.4,500,1351.828163
-48.0,500,1351.88471
-47.0,500,1351.945145
-46.8,500,1352.229586
-47.1,500,1352.287195
-46.7,500,1352.343017
-46.6,500,1352.399983
-47.4,500,1352.685315
-46.6,500,1352.741018
-46.5,500,1352.798375
-46.8,500,1352.85377
-47.5,500,1353.141881
-46.9,500,1353.199915
-46.5,500,1353.25631
-46.9,500,1353.313845
-46.8,500,1353.597684
-48.1,500,1353.655471
-47.5,500,1353.711226
-46.8,500,1353.768108
-47.0,500,1354.052091
-46.8,500,1354.108476
-46.5,500,1354.165097
-46.5,500,1354.220488
-46.9,500,1354.534399
-46.9,500,1354.591812
-46.6,500,1354.64893
-47.0,500,1354.706511
-47.4,500,1354.990899
-47.2,500,1355.047302
-46.5,500,1355.103903
-46.5,500,1355.159453
-46.5,500,1355.450677
-48.0,500,1355.508739
-47.3,500,1355.565367
-47.1,500,1355.621964
-47.6,500,1355.677489
-48.1,500,1355.974447
-47.2,500,1356.031774
-48.1,500,1356.08841
-47.4,500,1356.146537
-47.0,500,1356.429794
-46.6,500,1356.48758
-47.3,500,1356.543688
-46.8,500,1356.601046
-47.3,500,1356.886574
-46.5,500,1356.942631
-47.1,500,1357.000078
-47.7,500,1357.056894
-46.7,500,1357.341551
-47.4,500,1357.398692
-47.8,500,1357.455836
-47.1,500,1357.513281
-47.1,500,1357.797811
-46.7,500,1357.854933
-47.6,500,1357.911433
-47.8,500,1357.970363
-47.4,500,1358.265456
-46.7,500,1358.323527
-46.7,500,1358.381833
-47.1,500,1358.441713
-47.5,500,1358.732696
-46.8,500,1358.790167
-47.0,500,1358.846915
-46.6,500,1358.904084
-47.3,500,1359.18946
-47.3,500,1359.246063
-46.7,500,1359.304057
-47.0,500,1359.36058
-46.7,500,1359.652072
-47.1,500,1359.708634
-46.8,500,1359.765737
-46.8,500,1359.823012
-46.8,500,1360.107317
-47.2,500,1360.164198
-46.7,500,1360.219805
-46.9,500,1360.276982
-46.5,500,1360.332715
-46.6,500,1360.616406
-46.7,500,1360.673775
-46.7,500,1360.730586
-46.7,500,1360.7878
-46.7,500,1361.070773
-46.9,500,1361.128045
-46.7,500,1361.185517
-46.9,500,1361.242035
-46.7,500,1361.526576
-46.6,500,1361.582129
-46.9,500,1361.639157
-47.1,500,1361.695888
-47.3,500,1361.980266
-47.3,500,1362.038085
-46.9,500,1362.094951
-46.5,500,1362.151347
-48.4,500,1362.435235
-47.6,500,1362.493095
-48.2,500,1362.548849
-48.1,500,1362.606445
-47.7,500,1362.890831
-47.4,500,1362.947189
-47.1,500,1363.004011
-47.2,500,1363.060246
-47.4,500,1363.345544
-46.9,500,1363.402616
-47.6,500,1363.458196
-47.5,500,1363.515291
-47.3,500,1363.798776
-47.1,500,1363.856308
-47.0,500,1363.911779
-47.1,500,1363.969832
-47.6,500,1364.254099
-46.9,500,1364.309785
-47.0,500,1364.366934
-47.1,500,1364.423417
-46.6,500,1364.707211
-46.6,500,1364.764051
-46.9,500,1364.82057
-47.4,500,1364.877299
-46.9,500,1365.159965
-47.2,500,1365.216861
-47.5,500,1365.27258
-46.6,500,1365.329366
-46.7,500,1365.384879
-48.6,500,1365.669182
-48.0,500,1365.726934
-48.7,500,1365.783199
-48.0,500,1365.839272
-47.2,500,1366.121781
-47.3,500,1366.178918
-47.3,500,1366.234577
-47.3,500,1366.291963
-47.0,500,1366.576066
-47.1,500,1366.632693
-46.7,500,1366.690094
-47.6,500,1366.745606
-47.3,500,1367.030375
-46.7,500,1367.086439
-46.7,500,1367.143447
-47.1,500,1367.199675
-46.9,500,1367.482749
-46.5,500,1367.539713
-46.7,500,1367.59518
-46.5,500,1367.651706
-46.6,500,1367.936012
-47.0,500,1367.992436
-47.4,500,1368.049984
-46.8,500,1368.106918
-46.8,500,1368.391729
-47.0,500,1368.44775
-47.5,500,1368.505278
-46.6,500,1368.56218
-47.2,500,1368.845676
-47.0,500,1368.903727
-46.8,500,1368.96045
-46.9,500,1369.017585
-46.5,500,1369.302495
-47.1,500,1369.359084
-47.9,500,1369.415039
-47.5,500,1369.471574
-47.3,500,1369.755858
-46.5,500,1369.811899
-47.5,500,1369.869014
-46.5,500,1369.926812
-46.5,500,1369.983268
-49.2,500,1370.267416
-49.3,500,1370.323304
-48.9,500,1370.381538
-48.4,500,1370.438053
-49.6,500,1370.722339
-47.4,500,1370.779603
-47.7,500,1370.835663
-48.4,500,1370.89293
-47.8,500,1371.175338
-47.4,500,1371.232674
-47.8,500,1371.288547
-47.2,500,1371.345384
-47.2,500,1371.63028
-48.4,500,1371.68638
-48.1,500,1371.743017
-47.1,500,1371.799245
-46.8,500,1372.085432
-47.0,500,1372.142055
-47.1,500,1372.198832
-46.5,500,1372.255874
-47.0,500,1372.539944
-47.0,500,1372.597419
-47.6,500,1372.654399
-47.1,500,1372.711321
-46.9,500,1372.995901
-46.5,500,1373.052832
-47.7,500,1373.110422
-47.0,500,1373.165489
-47.0,500,1373.479171
-47.5,500,1373.536254
-46.5,500,1373.592929
-46.7,500,1373.65075
-46.8,500,1373.93484
-47.0,500,1373.991528
-47.4,500,1374.049327
-46.8,500,1374.106067
-47.5,500,1374.390068
-46.5,500,1374.446919
-46.8,500,1374.503801
-47.5,500,1374.560366
-46.9,500,1374.84331
-46.9,500,1374.901018
-46.7,500,1374.95793
-46.5,500,1375.015324
-46.6,500,1375.071254
-46.9,500,1375.354514
-46.9,500,1375.411501
-47.5,500,1375.467497
-47.0,500,1375.524028
-47.2,500,1375.807564
-47.4,500,1375.864921
-47.2,500,1375.921014
-47.1,500,1375.978483
-48.1,500,1376.262706
-47.3,500,1376.319205
-47.9,500,1376.376215
-47.7,500,1376.432216
-47.9,500,1376.716083
-47.3,500,1376.772499
-48.2,500,1376.829701
-46.9,500,1376.887345
-47.1,500,1377.171544
-47.8,500,1377.22956
-48.0,500,1377.285457
-46.7,500,1377.342849
-46.9,500,1377.627538
-46.6,500,1377.684347
-46.9,500,1377.740898
-47.0,500,1377.796692
-47.2,500,1378.0832
-46.7,500,1378.13892
-46.5,500,1378.196031
-46.7,500,1378.252227
-46.7,500,1378.536443
-46.7,500,1378.594394
-46.7,500,1378.650536
-46.7,500,1378.707964
-47.0,500,1378.993592
-46.7,500,1379.050576
-46.7,500,1379.10807
-46.9,500,1379.164366
-46.6,500,1379.448743
-46.8,500,1379.50439
-46.8,500,1379.561391
-46.6,500,1379.617701
-47.0,500,1379.674278
-48.1,500,1379.958831
-46.8,500,1380.014264
-46.8,500,1380.071168
-47.3,500,1380.126908
-46.6,500,1380.411292
-46.8,500,1380.467892
-47.4,500,1380.524467
-46.9,500,1380.581151
-47.2,500,1380.864913
-47.1,500,1380.922611
-46.8,500,1380.979444
-46.5,500,1381.037209
-47.4,500,1381.321463
-46.7,500,1381.377595
-47.1,500,1381.435122
-46.6,500,1381.491366
-47.2,500,1381.774982
-46.8,500,1381.831066
-46.5,500,1381.887508
-47.6,500,1381.945028
-46.8,500,1382.227198
-47.1,500,1382.284797
-46.9,500,1382.340436
-47.4,500,1382.397541
-46.9,500,1382.681801
-46.8,500,1382.738083
-47.3,500,1382.795198
-48.1,500,1382.851253
-46.7,500,1383.137424
-46.7,500,1383.193459
-47.2,500,1383.250319
-47.3,500,1383.307015
-47.1,500,1383.589711
-46.9,500,1383.646716
-46.7,500,1383.702209
-46.8,500,1383.759228
-46.7,500,1384.044402
-46.8,500,1384.100829
-46.6,500,1384.158326
-46.7,500,1384.214307
-46.6,500,1384.271061
-46.8,500,1384.554141
-46.7,500,1384.610483
-46.9,500,1384.66746
-46.9,500,1384.723763
-46.5,500,1385.007715
-46.9,500,1385.064097
-46.7,500,1385.120787
-46.9,500,1385.176783
-46.9,500,1385.460599
-46.5,500,1385.51757
-48.0,500,1385.5732
-46.7,500,1385.629068
-47.2,500,1385.911507
-46.6,500,1385.968687
-47.1,500,1386.025375
-46.5,500,1386.08235
-47.1,500,1386.366423
-47.3,500,1386.422893
-47.4,500,1386.48007
-47.4,500,1386.536636
-46.9,500,1386.819438
-47.1,500,1386.876373
-46.9,500,1386.933254
-46.9,500,1386.990178
-46.5,500,1387.273753
-46.7,500,1387.330904
-46.8,500,1387.386851
-47.1,500,1387.443573
-46.7,500,1387.727566
-46.9,500,1387.783639
-47.2,500,1387.840186
-47.2,500,1387.896472
-46.7,500,1388.183827
-46.7,500,1388.240408
-47.1,500,1388.298215
-47.0,500,1388.355249
-46.7,500,1388.638803
-46.5,500,1388.696059
-46.9,500,1388.751214
-47.0,500,1388.807791
-46.5,500,1389.091868
-46.6,500,1389.148849
-47.6,500,1389.206391
-46.9,500,1389.26188
-47.5,500,1389.319262
-47.5,500,1389.603094
-46.6,500,1389.660922
-47.1,500,1389.718358
-46.9,500,1389.775118
-47.7,500,1390.059401
-47.7,500,1390.115953
-47.5,500,1390.173465
-47.7,500,1390.230129
-48.3,500,1390.514933
-46.9,500,1390.573227
-46.8,500,1390.628979
-47.2,500,1390.686318
-47.4,500,1390.969624
-47.4,500,1391.027372
-47.0,500,1391.083093
-47.3,500,1391.139387
-47.8,500,1391.42431
-46.7,500,1391.481655
-46.7,500,1391.539355
-46.9,500,1391.595832
-47.2,500,1391.880925
-46.9,500,1391.938552
-46.9,500,1391.995355
-47.2,500,1392.070276
-47.1,500,1392.364409
-46.7,500,1392.421053
-47.1,500,1392.47818
-47.1,500,1392.534264
-46.6,500,1392.818578
-47.1,500,1392.875813
-47.2,500,1392.931773
-47.1,500,1392.988323
-46.5,500,1393.273472
-46.6,500,1393.330557
-46.7,500,1393.386782
-46.6,500,1393.444492
-46.8,500,1393.727805
-46.8,500,1393.783854
-47.9,500,1393.8419
-47.0,500,1393.897115
-46.6,500,1393.953641
-46.5,500,1394.235647
-46.7,500,1394.292564
-47.1,500,1394.350038
-46.5,500,1394.406698
-47.2,500,1394.691307
-47.3,500,1394.747899
-46.9,500,1394.805182
-47.1,500,1394.861255
-47.0,500,1395.145884
-46.7,500,1395.20371
-46.7,500,1395.260172
-46.7,500,1395.317169
-46.7,500,1395.600751
-46.8,500,1395.658021
-47.0,500,1395.71466
-46.6,500,1395.770628
-47.3,500,1396.055642
-46.7,500,1396.112472
-47.6,500,1396.169762
-46.6,500,1396.225873
-47.5,500,1396.510779
-46.7,500,1396.56778
-47.4,500,1396.623728
-46.7,500,1396.67982
-46.5,500,1396.962391
-46.7,500,1397.019279
-46.7,500,1397.074795
-46.9,500,1397.132043
-47.6,500,1397.416
-46.7,500,1397.471531
-47.5,500,1397.528724
-47.4,500,1397.585339
-46.9,500,1397.87002
-47.4,500,1397.927038
-47.3,500,1397.983671
-46.9,500,1398.041454
-48.1,500,1398.325864
-47.0,500,1398.3832
-47.1,500,1398.439276
-46.8,500,1398.495968
-47.4,500,1398.779737
-46.5,500,1398.836421
-47.2,500,1398.894354
-47.0,500,1398.95091
-46.9,500,1399.008401
-46.8,500,1399.294048
-46.7,500,1399.350753
-47.9,500,1399.407622
-46.5,500,1399.462805
-46.7,500,1399.747449
-46.8,500,1399.803759
-46.7,500,1399.859844
-47.0,500,1399.91658
-47.2,500,1400.200132
-48.0,500,1400.257501
-47.1,500,1400.31325
-46.6,500,1400.371094
-46.9,500,1400.657212
-46.9,500,1400.713128
-46.5,500,1400.769466
-47.0,500,1400.825394
-46.9,500,1401.110144
-46.6,500,1401.16779
-47.4,500,1401.224242
-46.7,500,1401.281411
-46.7,500,1401.564303
-46.7,500,1401.622079
-46.5,500,1401.678555
-47.5,500,1401.735283
-47.1,500,1402.019785
-47.1,500,1402.076197
-46.7,500,1402.133373
-46.8,500,1402.188877
-47.1,500,1402.47323
-47.6,500,1402.529573
-48.2,500,1402.58609
-47.8,500,1402.642222
-47.9,500,1402.925667
-47.0,500,1402.988695
-47.2,500,1403.051384
-46.8,500,1403.115615
-47.0,500,1403.431319
-46.6,500,1403.495281
-46.8,500,1403.552663
-46.9,500,1403.6193
-46.6,500,1403.675682
-47.1,500,1403.964644
-46.9,500,1404.022578
-46.6,500,1404.079535
-47.1,500,1404.136762
-47.3,500,1404.422036
-46.7,500,1404.479364
-47.0,500,1404.536212
-46.6,500,1404.592496
-46.5,500,1404.876477
-47.4,500,1404.932671
-47.2,500,1404.993309
-47.1,500,1405.060353
-46.9,500,1405.349131
-47.2,500,1405.406232
-47.1,500,1405.462635
-48.2,500,1405.520083
-47.4,500,1405.806407
-47.6,500,1405.863687
-46.7,500,1405.921276
-47.1,500,1405.977024
-46.9,500,1406.260986
-47.4,500,1406.318094
-46.6,500,1406.374912
-47.2,500,1406.429472
-46.9,500,1406.71319
-47.2,500,1406.770041
-47.3,500,1406.82599
-47.5,500,1406.882304
-47.4,500,1407.178683
-47.0,500,1407.235487
-46.7,500,1407.292639
-47.0,500,1407.348653
-46.6,500,1407.633863
-47.0,500,1407.690723
-47.0,500,1407.747094
-47.2,500,1407.802946
-47.4,500,1408.088272
-48.7,500,1408.146242
-50.8,500,1408.20329
-48.9,500,1408.260338
-49.3,500,1408.544461
-49.0,500,1408.601152
-48.9,500,1408.65781
-48.7,500,1408.714735
-49.6,500,1408.771949
-48.3,500,1409.055999
-47.3,500,1409.113498
-47.2,500,1409.170115
-48.2,500,1409.227602
-47.4,500,1409.513881
-48.1,500,1409.569108
-47.3,500,1409.625684
-47.4,500,1409.68086
-47.4,500,1409.96694
-46.8,500,1410.025018
-47.6,500,1410.083161
-46.6,500,1410.141183
-47.8,500,1410.427472
-46.6,500,1410.486389
-47.3,500,1410.544969
-47.1,500,1410.60276
-46.7,500,1410.8889
-46.9,500,1410.945242
-46.5,500,1411.002555
-46.9,500,1411.057886
-49.1,500,1411.342972
-48.8,500,1411.400008
-50.3,500,1411.456714
-48.5,500,1411.514086
-49.3,500,1411.797695
-49.2,500,1411.880011
-48.2,500,1411.93736
-48.3,500,1411.993039
-47.9,500,1412.278473
-48.0,500,1412.334473
-48.6,500,1412.391049
-47.4,500,1412.447555
-48.6,500,1412.731104
-46.9,500,1412.787941
-47.0,500,1412.844231
-47.3,500,1412.902563
-47.7,500,1413.189139
-47.2,500,1413.245645
-47.3,500,1413.303048
-47.0,500,1413.358847
-47.2,500,1413.416121
-47.4,500,1413.699659
-46.6,500,1413.757522
-46.9,500,1413.814461
-46.8,500,1413.870401
-46.9,500,1414.155812
-47.0,500,1414.212364
-46.9,500,1414.269749
-46.9,500,1414.325666
-46.6,500,1414.609904
-48.0,500,1414.667571
-47.1,500,1414.724175
-46.5,500,1414.780399
-47.0,500,1415.063772
-47.7,500,1415.120805
-47.1,500,1415.177017
-46.9,500,1415.234414
-47.1,500,1415.518742
-47.2,500,1415.574195
-46.9,500,1415.631483
-47.5,500,1415.687562
-46.9,500,1415.972107
-47.6,500,1416.028768
-46.9,500,1416.08545
-46.9,500,1416.142157
-47.1,500,1416.427426
-46.8,500,1416.485294
-47.2,500,1416.541489
-47.1,500,1416.599065
-46.9,500,1416.882676
-46.9,500,1416.939406
-47.1,500,1416.995698
-46.6,500,1417.051521
-46.7,500,1417.335517
-46.6,500,1417.391935
-46.6,500,1417.449076
-47.1,500,1417.505912
-46.7,500,1417.7894
-46.9,500,1417.847122
-47.3,500,1417.903296
-46.6,500,1417.959646
-46.5,500,1418.015835
-47.3,500,1418.303691
-47.3,500,1418.361155
-47.8,500,1418.41783
-46.8,500,1418.47519
-46.6,500,1418.759318
-47.0,500,1418.81654
-46.5,500,1418.873293
-47.3,500,1418.930394
-48.1,500,1419.216961
-47.1,500,1419.273359
-46.6,500,1419.331289
-46.7,500,1419.387549
-46.7,500,1419.671205
-46.8,500,1419.729141
-46.8,500,1419.785772
-46.9,500,1419.843908
-46.7,500,1420.128687
-46.6,500,1420.186178
-47.2,500,1420.242108
-46.8,500,1420.298883
-46.5,500,1420.58291
-46.5,500,1420.639752
-47.0,500,1420.696851
-46.5,500,1420.752599
-46.8,500,1421.036623
-46.9,500,1421.093645
-47.3,500,1421.150299
-46.9,500,1421.208089
-46.6,500,1421.490201
-47.1,500,1421.547245
-46.7,500,1421.602574
-47.4,500,1421.659364
-46.6,500,1421.943613
-48.1,500,1421.99997
-47.1,500,1422.05692
-48.0,500,1422.111986
-47.6,500,1422.396044
-48.7,500,1422.452629
-47.4,500,1422.5095
-47.1,500,1422.566202
-47.3,500,1422.849899
-47.6,500,1422.907044
-46.7,500,1422.963181
-46.5,500,1423.019682
-46.8,500,1423.075237
-46.8,500,1423.359922
-47.5,500,1423.417932
-47.3,500,1423.474465
-46.6,500,1423.531836
-47.4,500,1423.815036
-47.1,500,1423.872066
-47.2,500,1423.928755
-46.6,500,1423.985184
-46.5,500,1424.270252
-47.2,500,1424.327224
-46.9,500,1424.384993
-46.7,500,1424.441183
-47.3,500,1424.725563
-48.5,500,1424.782538
-47.7,500,1424.838659
-48.6,500,1424.896065
-48.3,500,1425.179619
-47.4,500,1425.237353
-47.5,500,1425.295218
-48.1,500,1425.351416
-47.2,500,1425.636461
-47.3,500,1425.692493
-47.3,500,1425.750174
-47.4,500,1425.806048
-47.3,500,1426.091063
-48.1,500,1426.148788
-47.9,500,1426.205186
-47.7,500,1426.262522
-47.5,500,1426.546007
-47.4,500,1426.602989
-47.3,500,1426.659144
-47.0,500,1426.716548
-47.0,500,1426.999904
-46.7,500,1427.056837
-47.6,500,1427.114303
-46.8,500,1427.169715
-47.7,500,1427.453962
-47.1,500,1427.510858
-46.7,500,1427.568179
-47.1,500,1427.625924
-46.9,500,1427.682602
-46.5,500,1427.966948
-46.9,500,1428.022971
-47.1,500,1428.080946
-46.7,500,1428.137704
-46.7,500,1428.423316
-47.2,500,1428.481077
-46.5,500,1428.537117
-46.9,500,1428.594285
-47.4,500,1428.877068
-47.3,500,1428.934568
-47.8,500,1428.990629
-47.3,500,1429.047029
-47.7,500,1429.331449
-47.3,500,1429.38734
-46.9,500,1429.444047
-48.2,500,1429.499398
-46.9,500,1429.782664
-46.7,500,1429.839371
-47.1,500,1429.895132
-46.5,500,1429.952623
-47.8,500,1430.236072
-48.6,500,1430.322904
-49.2,500,1430.379419
-48.6,500,1430.435414
-49.0,500,1430.719971
-47.6,500,1430.776362
-48.5,500,1430.832413
-48.3,500,1430.889922
-47.6,500,1431.172829
-47.6,500,1431.230247
-47.5,500,1431.286504
-47.9,500,1431.343077
-47.7,500,1431.6265
-47.6,500,1431.682887
-47.1,500,1431.740115
-47.4,500,1431.794579
-47.3,500,1432.079942
-47.9,500,1432.135698
-47.5,500,1432.193245
-47.6,500,1432.251323
-47.3,500,1432.535335
-46.8,500,1432.592654
-46.7,500,1432.648357
-47.0,500,1432.705062
-47.1,500,1432.761977
-47.2,500,1433.047386
-46.5,500,1433.105056
-46.8,500,1433.160972
-46.8,500,1433.218585
-47.6,500,1433.503257
-47.9,500,1433.561197
-47.1,500,1433.617984
-47.8,500,1433.675471
-47.2,500,1433.958241
-47.1,500,1434.01417
-47.3,500,1434.071763
-46.8,500,1434.128267
-47.6,500,1434.412744
-47.0,500,1434.470642
-47.2,500,1434.527043
-47.4,500,1434.583951
-47.0,500,1434.867638
-46.8,500,1434.924727
-46.8,500,1434.980817
-46.6,500,1435.038657
-48.0,500,1435.324112
-47.3,500,1435.381047
-47.2,500,1435.438181
-48.9,500,1435.493594
-48.1,500,1435.778399
-47.4,500,1435.835555
-47.5,500,1435.892059
-47.8,500,1435.950245
-47.0,500,1436.233664
-47.9,500,1436.292191
-47.1,500,1436.348369
-46.8,500,1436.405725
-47.0,500,1436.688686
-48.6,500,1436.745191
-47.3,500,1436.801793
-49.1,500,1436.857136
-47.2,500,1437.141415
-46.5,500,1437.198362
-46.8,500,1437.255356
-47.2,500,1437.311401
-46.9,500,1437.368188
-48.1,500,1437.652528
-47.2,500,1437.709182
-47.2,500,1437.766591
-47.3,500,1437.822239
-46.6,500,1438.107354
-46.9,500,1438.164771
-46.7,500,1438.219817
-46.7,500,1438.276973
-47.0,500,1438.56057
-46.8,500,1438.618323
-48.0,500,1438.674649
-47.0,500,1438.731195
-46.7,500,1439.01752
-47.1,500,1439.073408
-47.2,500,1439.130506
-46.6,500,1439.186461
-46.7,500,1439.471815
-46.9,500,1439.529051
-47.4,500,1439.585079
-46.6,500,1439.642227
-47.3,500,1439.926458
-46.9,500,1439.982789
-46.9,500,1440.040205
-46.8,500,1440.096228
-47.7,500,1440.379687
-47.5,500,1440.435372
-46.8,500,1440.492339
-46.6,500,1440.548325
-47.1,500,1440.83147
-46.8,500,1440.888943
-46.7,500,1440.944303
-47.2,500,1441.000985
-46.9,500,1441.284484
-47.4,500,1441.340824
-47.5,500,1441.396765
-46.7,500,1441.453688
-46.7,500,1441.736805
-46.8,500,1441.793403
-47.4,500,1441.850125
-46.7,500,1441.904904
-46.8,500,1441.962146
-47.3,500,1442.245363
-47.5,500,1442.30287
-47.1,500,1442.360481
-48.5,500,1442.416369
-47.5,500,1442.700497
-47.4,500,1442.757715
-47.7,500,1442.814661
-47.1,500,1442.871068
-46.8,500,1443.157149
-46.8,500,1443.215009
-47.4,500,1443.270925
-47.1,500,1443.327166
-47.0,500,1443.611609
-47.1,500,1443.669782
-48.4,500,1443.726995
-47.2,500,1443.784013
-46.6,500,1444.068975
-46.6,500,1444.125386
-47.0,500,1444.182963
-47.2,500,1444.238434
-47.2,500,1444.523763
-47.0,500,1444.580393
-46.7,500,1444.636548
-46.6,500,1444.693378
-46.6,500,1444.97668
-46.9,500,1445.034499
-47.2,500,1445.091048
-46.7,500,1445.14856
-46.8,500,1445.433328
-46.9,500,1445.489646
-47.3,500,1445.547289
-46.9,500,1445.603183
-46.6,500,1445.887374
-46.8,500,1445.94419
-46.5,500,1445.999992
-46.7,500,1446.057067
-47.1,500,1446.33962
-47.2,500,1446.39751
-47.4,500,1446.454231
-46.9,500,1446.511658
-48.0,500,1446.7952
-48.0,500,1446.852025
-47.5,500,1446.909786
-48.0,500,1446.966323
-47.5,500,1447.023285
-47.3,500,1447.307538
-47.7,500,1447.365317
-47.2,500,1447.422636
-46.9,500,1447.479553
-46.8,500,1447.764413
-48.0,500,1447.820828
-47.8,500,1447.878054
-47.1,500,1447.934606
-47.9,500,1448.221657
-47.0,500,1448.279402
-47.4,500,1448.335926
-46.6,500,1448.393453
-46.7,500,1448.676376
-46.6,500,1448.733324
-46.8,500,1448.789682
-47.1,500,1448.845774
-47.6,500,1449.130469
-46.9,500,1449.186321
-47.0,500,1449.24305
-47.3,500,1449.299853
-46.7,500,1449.613478
-47.7,500,1449.671264
-47.6,500,1449.727881
-46.8,500,1449.784931
-47.1,500,1450.068933
-47.3,500,1450.125096
-46.5,500,1450.182248
-46.7,500,1450.238116
-47.3,500,1450.522735
-47.2,500,1450.579066
-47.3,500,1450.635362
-46.5,500,1450.691397
-46.5,500,1450.975254
-46.9,500,1451.032499
-47.9,500,1451.088316
-47.0,500,1451.144672
-47.0,500,1451.429167
-46.9,500,1451.485276
-46.6,500,1451.542225
-46.5,500,1451.597992
-46.8,500,1451.655392
-47.5,500,1451.940015
-46.5,500,1451.997241
-46.5,500,1452.053687
-47.1,500,1452.109958
-48.9,500,1452.395232
-48.7,500,1452.451055
-48.0,500,1452.507762
-49.3,500,1452.563793
-47.5,500,1452.847082
-46.7,500,1452.903897
-47.4,500,1452.960453
-46.8,500,1453.017677
-47.2,500,1453.30418
-46.7,500,1453.361754
-46.5,500,1453.417971
-47.5,500,1453.474272
-46.7,500,1453.759121
-47.2,500,1453.815304
-46.8,500,1453.872529
-47.0,500,1453.928564
-47.8,500,1454.212739
-46.9,500,1454.268389
-46.7,500,1454.32569
-46.6,500,1454.382025
-47.2,500,1454.666791
-46.9,500,1454.724771
-47.3,500,1454.781077
-46.5,500,1454.838648
-46.7,500,1455.122391
-47.3,500,1455.178952
-46.8,500,1455.236139
-47.9,500,1455.292552
-47.6,500,1455.575535
-47.5,500,1455.632416
-46.9,500,1455.689451
-47.5,500,1455.746209
-46.6,500,1456.029517
-46.8,500,1456.085721
-47.0,500,1456.141244
-47.0,500,1456.198718
-46.7,500,1456.482022
-47.7,500,1456.538979
-47.1,500,1456.596093
-47.0,500,1456.651911
-46.5,500,1456.709339
-47.3,500,1456.991823
-46.9,500,1457.048825
-47.3,500,1457.105438
-46.5,500,1457.162561
-47.3,500,1457.447054
-47.4,500,1457.503571
-46.9,500,1457.56056
-46.5,500,1457.617011
-47.1,500,1457.900064
-46.7,500,1457.956533
-46.5,500,1458.014864
-47.5,500,1458.071852
-46.8,500,1458.357866
-46.9,500,1458.415304
-46.5,500,1458.470797
-46.8,500,1458.527686
-46.7,500,1458.811866
-47.1,500,1458.867398
-46.9,500,1458.924753
-46.5,500,1458.980819
-46.7,500,1459.265645
-46.8,500,1459.323085
-46.7,500,1459.379481
-46.8,500,1459.436688
-46.9,500,1459.719337
-47.4,500,1459.777303
-46.9,500,1459.833514
-47.7,500,1459.890708
-47.0,500,1460.17486
-46.6,500,1460.232138
-46.5,500,1460.289977
-46.6,500,1460.346085
-46.8,500,1460.63136
-46.7,500,1460.688725
-47.4,500,1460.745619
-46.8,500,1460.803127
-46.5,500,1461.086693
-46.9,500,1461.144029
-46.7,500,1461.20077
-47.2,500,1461.257831
-46.6,500,1461.315099
-47.1,500,1461.601834
-46.8,500,1461.658745
-46.7,500,1461.714364
-46.7,500,1461.771941
-46.9,500,1462.057207
-47.2,500,1462.114779
-47.9,500,1462.172628
-46.9,500,1462.227985
-47.1,500,1462.51372
-46.9,500,1462.570377
-47.0,500,1462.627285
-46.9,500,1462.682254
-47.0,500,1462.967087
-47.1,500,1463.023968
-46.9,500,1463.080022
-46.8,500,1463.137923
-46.5,500,1463.42157
-46.6,500,1463.47929
-46.5,500,1463.535909
-46.9,500,1463.592363
-46.5,500,1463.876992
-47.1,500,1463.933317
-47.1,500,1463.989978
-47.5,500,1464.045964
-47.1,500,1464.329642
-47.9,500,1464.38729
-47.9,500,1464.44313
-49.1,500,1464.500173
-47.5,500,1464.784138
-48.0,500,1464.841781
-47.9,500,1464.898865
-47.7,500,1464.954776
-47.1,500,1465.2374
-47.4,500,1465.29461
-46.8,500,1465.352141
-47.2,500,1465.407953
-47.3,500,1465.691541
-47.1,500,1465.749161
-46.8,500,1465.805416
-47.2,500,1465.862965
-46.9,500,1466.147378
-46.7,500,1466.20511
-47.1,500,1466.260522
-46.8,500,1466.318036
-46.9,500,1466.373487
-47.4,500,1466.657983
-47.1,500,1466.715758
-47.0,500,1466.770975
-47.6,500,1466.828315
-46.8,500,1467.111014
-47.2,500,1467.168741
-47.6,500,1467.225233
-46.9,500,1467.281605
-46.9,500,1467.568562
-47.0,500,1467.623478
-47.0,500,1467.68121
-47.0,500,1467.737608
-47.1,500,1468.022104
-46.7,500,1468.078705
-47.5,500,1468.135137
-47.0,500,1468.192483
-46.5,500,1468.476433
-46.7,500,1468.533967
-46.7,500,1468.591002
-46.7,500,1468.647991
-48.1,500,1468.932429
-47.4,500,1468.988646
-48.1,500,1469.045405
-47.6,500,1469.100682
-47.8,500,1469.414683
-47.4,500,1469.471425
-47.5,500,1469.528039
-47.8,500,1469.585459
-47.0,500,1469.869586
-47.1,500,1469.926113
-46.6,500,1469.982643
-47.0,500,1470.039338
-46.8,500,1470.322856
-46.5,500,1470.381075
-46.7,500,1470.438044
-47.6,500,1470.495441
-46.6,500,1470.779251
-46.8,500,1470.835695
-46.7,500,1470.89101
-46.7,500,1470.948342
-47.3,500,1471.005173
-46.7,500,1471.289331
-47.4,500,1471.346235
-47.1,500,1471.401936
-47.0,500,1471.458971
-46.6,500,1471.741153
-46.7,500,1471.798201
-47.0,500,1471.854766
-47.6,500,1471.911344
-46.7,500,1472.195656
-46.7,500,1472.252353
-48.7,500,1472.30937
-47.1,500,1472.365174
-46.9,500,1472.648977
-47.3,500,1472.7056
-46.8,500,1472.762581
-47.3,500,1472.81982
-46.5,500,1473.103278
-46.7,500,1473.161935
-47.4,500,1473.218062
-46.7,500,1473.274559
-46.5,500,1473.558951
-46.6,500,1473.614153
-46.9,500,1473.671026
-46.7,500,1473.7269
-46.9,500,1474.011501
-47.0,500,1474.069378
-46.7,500,1474.125938
-46.7,500,1474.183447
-46.9,500,1474.466986
-47.1,500,1474.52405
-46.7,500,1474.581075
-47.7,500,1474.637476
-46.5,500,1474.921758
-47.4,500,1474.978579
-47.5,500,1475.03604
-47.2,500,1475.092569
-47.1,500,1475.376417
-47.9,500,1475.433957
-47.3,500,1475.490091
-46.9,500,1475.547422
-47.3,500,1475.602793
-46.7,500,1475.887108
-46.5,500,1475.944596
-46.7,500,1476.000733
-47.5,500,1476.057763
-46.9,500,1476.341801
-46.5,500,1476.399962
-46.9,500,1476.456928
-46.5,500,1476.514555
-47.1,500,1476.799031
-47.3,500,1476.855609
-46.5,500,1476.912697
-46.9,500,1476.969617
-47.2,500,1477.253126
-46.7,500,1477.308428
-46.5,500,1477.365991
-46.7,500,1477.423513
-46.9,500,1477.706886
-46.5,500,1477.763952
-46.7,500,1477.819733
-46.5,500,1477.876765
-47.5,500,1478.161805
-47.0,500,1478.218365
-46.7,500,1478.275546
-47.2,500,1478.332187
-46.8,500,1478.61632
-46.7,500,1478.672135
-46.8,500,1478.729817
-46.8,500,1478.786759
-46.7,500,1479.074319
-46.7,500,1479.131524
-46.9,500,1479.18869
-47.3,500,1479.245691
-46.5,500,1479.529403
-46.6,500,1479.58752
-46.7,500,1479.64441
-46.5,500,1479.701215
-46.5,500,1479.985005
-47.1,500,1480.041267
-48.0,500,1480.098099
-47.5,500,1480.154878
-46.6,500,1480.438323
-46.7,500,1480.495029
-47.3,500,1480.551004
-46.7,500,1480.607234
-46.7,500,1480.66375
-46.9,500,1480.948303
-46.9,500,1481.004977
-46.7,500,1481.061986
-46.5,500,1481.119281
-46.7,500,1481.402542
-46.9,500,1481.460351
-46.7,500,1481.517341
-46.7,500,1481.574711
-46.5,500,1481.858826
-46.5,500,1481.91516
-46.7,500,1481.972732
-46.5,500,1482.029122
-46.8,500,1482.31321
-46.5,500,1482.368643
-46.5,500,1482.425697
-46.9,500,1482.480618
-47.3,500,1482.765628
-48.3,500,1482.823473
-46.5,500,1482.879845
-46.9,500,1482.936542
-46.9,500,1483.221965
-46.9,500,1483.278958
-47.5,500,1483.335896
-46.7,500,1483.392485
-47.1,500,1483.675246
-46.9,500,1483.732294
-46.7,500,1483.790049
-47.3,500,1483.846478
-46.8,500,1484.131269
-47.0,500,1484.189089
-46.5,500,1484.245662
-46.9,500,1484.302995
-47.5,500,1484.585733
-47.6,500,1484.643302
-47.6,500,1484.699392
-48.7,500,1484.757008
-47.6,500,1485.041878
-47.1,500,1485.098892
-47.1,500,1485.156119
-47.8,500,1485.212282
-47.6,500,1485.27019
-46.7,500,1485.553787
-47.7,500,1485.610549
-47.6,500,1485.667853
-47.0,500,1485.724197
-47.8,500,1486.008494
-46.7,500,1486.06513
-46.7,500,1486.122003
-46.7,500,1486.178965
-47.6,500,1486.462645
-46.5,500,1486.520453
-47.2,500,1486.576791
-46.6,500,1486.634149
-46.7,500,1486.918883
-47.3,500,1486.975267
-46.5,500,1487.032293
-47.0,500,1487.088346
-46.5,500,1487.372366
-46.6,500,1487.42735
-46.7,500,1487.485117
-46.7,500,1487.541347
-47.0,500,1487.82491
-46.7,500,1487.881952
-47.0,500,1487.938544
-47.2,500,1487.995132
-46.8,500,1488.2799
-47.1,500,1488.337397
-47.1,500,1488.394405
-47.9,500,1488.450807
-46.7,500,1488.734538
-47.2,500,1488.789679
-47.1,500,1488.847266
-46.9,500,1488.903395
-46.8,500,1489.21754
-46.8,500,1489.27463
-47.5,500,1489.330787
-47.5,500,1489.387769
-47.1,500,1489.671393
-46.9,500,1489.728169
-47.3,500,1489.784616
-46.7,500,1489.839763
-47.9,500,1490.122698
-46.5,500,1490.179531
-46.9,500,1490.23638
-46.9,500,1490.293005
-47.7,500,1490.348945
-47.9,500,1490.634041
-47.1,500,1490.689937
-47.2,500,1490.747551
-46.7,500,1490.804174
-47.0,500,1491.088198
-46.7,500,1491.144889
-46.9,500,1491.199967
-47.1,500,1491.256333
-46.8,500,1491.539577
-46.5,500,1491.596575
-46.9,500,1491.653236
-47.2,500,1491.710281
-46.5,500,1491.99366
-46.8,500,1492.050745
-46.5,500,1492.107894
-46.8,500,1492.163923
-46.7,500,1492.447555
-46.5,500,1492.503812
-46.7,500,1492.559947
-46.9,500,1492.617205
-46.6,500,1492.900743
-46.9,500,1492.958093
-47.1,500,1493.014853
-47.3,500,1493.072289
-47.0,500,1493.359753
-46.9,500,1493.415366
-46.5,500,1493.472604
-46.9,500,1493.528678
-46.7,500,1493.812522
-47.0,500,1493.868523
-46.9,500,1493.925909
-46.9,500,1493.982466
-46.9,500,1494.265282
-47.3,500,1494.322594
-47.5,500,1494.379161
-47.7,500,1494.436599
-47.4,500,1494.719832
-48.2,500,1494.77715
-47.3,500,1494.834304
-47.0,500,1494.891072
-47.4,500,1494.948522
-47.1,500,1495.231705
-47.1,500,1495.288751
-47.2,500,1495.345054
-47.5,500,1495.402464
-46.9,500,1495.687221
-47.1,500,1495.743207
-47.3,500,1495.800528
-47.2,500,1495.856434
-46.7,500,1496.139422
-47.4,500,1496.196933
-46.5,500,1496.253278
-46.7,500,1496.310308
-46.8,500,1496.594213
-47.1,500,1496.652361
-46.7,500,1496.708752
-46.5,500,1496.765716
-46.8,500,1497.049163
-46.7,500,1497.105968
-46.6,500,1497.162804
-47.0,500,1497.218993
-47.9,500,1497.502077
-46.7,500,1497.558051
-46.6,500,1497.615731
-47.3,500,1497.67258
-46.6,500,1497.954874
-48.4,500,1498.012367
-46.9,500,1498.069034
-46.7,500,1498.126655
-46.7,500,1498.410762
-47.8,500,1498.467327
-46.9,500,1498.523877
-47.1,500,1498.580061
-46.7,500,1498.864346
-46.7,500,1498.920747
-46.5,500,1498.979269
-46.7,500,1499.035051
-46.8,500,1499.320009
-46.9,500,1499.377958
-46.5,500,1499.434318
-46.8,500,1499.490882
-46.5,500,1499.546538
-47.1,500,1499.831351
-46.7,500,1499.888538
-46.5,500,1499.944762
-46.5,500,1500.00184
-47.1,500,1500.285749
-46.9,500,1500.343164
-46.8,500,1500.399301
-46.8,500,1500.456945
-46.5,500,1500.741734
-46.9,500,1500.797178
-46.5,500,1500.853982
-46.7,500,1500.90994
-46.8,500,1501.193737
-47.6,500,1501.249326
-46.8,500,1501.305923
-46.9,500,1501.361774
-47.1,500,1501.644884
-47.3,500,1501.702908
-47.1,500,1501.758562
-46.5,500,1501.815772
-46.8,500,1502.09996
-47.3,500,1502.156379
-46.7,500,1502.213407
-46.7,500,1502.269947
-46.8,500,1502.553622
-47.0,500,1502.610958
-47.6,500,1502.668635
-47.1,500,1502.72598
-47.6,500,1503.009869
-47.1,500,1503.067255
-46.7,500,1503.12336
-46.9,500,1503.18144
-47.7,500,1503.466434
-46.5,500,1503.52317
-46.6,500,1503.580155
-47.0,500,1503.63555
-47.2,500,1503.918637
-47.4,500,1503.97522
-47.4,500,1504.032719
-47.8,500,1504.088313
-46.6,500,1504.372632
-46.8,500,1504.429637
-46.5,500,1504.486565
-47.2,500,1504.542752
-46.9,500,1504.597851
-47.1,500,1504.881253
-47.1,500,1504.936807
-46.8,500,1504.994546
-48.0,500,1505.050771
-46.6,500,1505.33474
-46.7,500,1505.392995
-46.9,500,1505.449203
-46.9,500,1505.506598
-48.9,500,1505.790305
-48.1,500,1505.847059
-48.3,500,1505.904269
-48.5,500,1505.960788
-48.2,500,1506.24449
-48.7,500,1506.299767
-47.8,500,1506.357506
-48.0,500,1506.414769
-47.8,500,1506.697738
-47.3,500,1506.754994
-47.4,500,1506.811406
-47.8,500,1506.868668
-47.4,500,1507.152478
-47.4,500,1507.208272
-47.9,500,1507.287807
-47.5,500,1507.349522
-47.7,500,1507.634296
-47.5,500,1507.691472
-47.5,500,1507.746809
-47.1,500,1507.804464
-48.1,500,1508.087147
-47.1,500,1508.145257
-46.6,500,1508.202939
-47.2,500,1508.259778
-46.7,500,1508.543797
-47.6,500,1508.600295
-47.1,500,1508.657038
-47.1,500,1508.713341
-46.6,500,1508.998238
-47.7,500,1509.055476
-48.3,500,1509.112628
-47.4,500,1509.170312
-46.8,500,1509.226897
-47.8,500,1509.511779
-47.1,500,1509.568424
-46.6,500,1509.625569
-47.0,500,1509.681984
-47.2,500,1509.966373
-46.6,500,1510.023901
-47.0,500,1510.080278
-46.9,500,1510.137101
-47.3,500,1510.420803
-46.8,500,1510.477527
-46.8,500,1510.533904
-47.0,500,1510.590502
-46.8,500,1510.874176
-47.0,500,1510.930582
-47.1,500,1510.988223
-47.4,500,1511.045226
-47.3,500,1511.328921
-47.1,500,1511.386859
-47.8,500,1511.442391
-47.2,500,1511.49957
-46.8,500,1511.783036
-47.0,500,1511.840002
-47.1,500,1511.896763
-46.7,500,1511.952982
-46.9,500,1512.236488
-46.5,500,1512.292901
-47.3,500,1512.349912
-46.8,500,1512.406046
-46.6,500,1512.689942
-46.7,500,1512.747139
-47.0,500,1512.803352
-46.7,500,1512.860522
-48.1,500,1513.143496
-46.5,500,1513.201882
-46.9,500,1513.257637
-46.5,500,1513.314947
-46.9,500,1513.59888
-47.2,500,1513.655914
-46.7,500,1513.713642
-47.0,500,1513.769603
-47.0,500,1514.053275
-46.9,500,1514.110493
-47.0,500,1514.166872
-47.4,500,1514.224371
-46.6,500,1514.280473
-47.2,500,1514.565228
-46.9,500,1514.621374
-46.7,500,1514.678938
-47.0,500,1514.736841
-46.9,500,1515.019727
-46.6,500,1515.077143
-47.1,500,1515.133887
-46.6,500,1515.191579
-46.9,500,1515.475571
-47.9,500,1515.53152
-46.8,500,1515.589428
-46.5,500,1515.646053
-46.6,500,1515.929041
-46.7,500,1515.985566
-47.5,500,1516.043029
-46.7,500,1516.099486
-47.1,500,1516.383203
-46.7,500,1516.440526
-47.0,500,1516.497106
-47.3,500,1516.553841
-47.2,500,1516.836766
-47.4,500,1516.893257
-47.0,500,1516.950843
-47.4,500,1517.007007
-47.7,500,1517.29036
-47.6,500,1517.347437
-47.8,500,1517.405309
-47.6,500,1517.460992
-47.6,500,1517.745146
-47.6,500,1517.801976
-46.7,500,1517.858367
-47.1,500,1517.915063
-47.7,500,1518.237081
-47.0,500,1518.294661
-46.9,500,1518.357357
-46.5,500,1518.420002
-46.8,500,1518.726722
-46.5,500,1518.784907
-46.5,500,1518.840553
-46.5,500,1518.898321
-46.5,500,1518.955662
-47.5,500,1519.240862
-47.5,500,1519.299347
-47.7,500,1519.355913
-47.4,500,1519.413665
-48.0,500,1519.697397
-47.5,500,1519.753951
-47.3,500,1519.811143
-48.0,500,1519.866951
-47.4,500,1520.174273
-47.7,500,1520.231573
-47.6,500,1520.28836
-49.3,500,1520.344388
-47.9,500,1520.627383
-47.0,500,1520.685258
-47.1,500,1520.74166
-46.9,500,1520.797935
-47.5,500,1521.08389
-47.3,500,1521.140154
-46.9,500,1521.197709
-46.8,500,1521.254701
-46.6,500,1521.539679
-46.9,500,1521.597006
-47.0,500,1521.653971
-46.9,500,1521.711596
-46.7,500,1521.995166
-46.7,500,1522.052418
-46.6,500,1522.109318
-46.5,500,1522.165389
-46.8,500,1522.449873
-47.4,500,1522.506322
-47.5,500,1522.563823
-46.9,500,1522.618712
-48.2,500,1522.902971
-46.6,500,1522.961007
-46.9,500,1523.017408
-47.7,500,1523.074924
-46.8,500,1523.360175
-49.2,500,1523.41779
-47.7,500,1523.474109
-48.1,500,1523.531018
-48.0,500,1523.815342
-47.8,500,1523.872467
-47.8,500,1523.930691
-47.7,500,1523.987406
-47.4,500,1524.04477
-48.3,500,1524.328946
-47.4,500,1524.38544
-48.0,500,1524.442381
-47.4,500,1524.498568
-47.0,500,1524.783632
-46.9,500,1524.840158
-47.0,500,1524.897081
-47.1,500,1524.95463
-47.5,500,1525.238221
-47.8,500,1525.296063
-48.2,500,1525.352528
-48.1,500,1525.410027
-47.4,500,1525.696799
-47.6,500,1525.774392
-47.1,500,1525.831217
-47.8,500,1525.887916
-47.8,500,1526.172444
-48.1,500,1526.229324
-47.6,500,1526.286186
-47.5,500,1526.34368
-47.2,500,1526.62645
-47.0,500,1526.684245
-46.7,500,1526.740057
-47.1,500,1526.797085
-47.5,500,1527.081254
-46.5,500,1527.138363
-46.8,500,1527.195423
-46.9,500,1527.252036
-46.5,500,1527.536431
-46.5,500,1527.593568
-47.1,500,1527.649579
-46.9,500,1527.706211
-47.2,500,1527.990051
-48.1,500,1528.048042
-47.0,500,1528.104224
-47.9,500,1528.161544
-47.1,500,1528.447497
-47.3,500,1528.504294
-46.6,500,1528.561464
-47.0,500,1528.617557
-47.9,500,1528.674465
-46.7,500,1528.958738
-47.1,500,1529.015982
-46.6,500,1529.073153
-47.1,500,1529.129863
-46.9,500,1529.414022
-46.9,500,1529.469748
-47.4,500,1529.527047
-46.7,500,1529.583022
-46.8,500,1529.867805
-47.2,500,1529.925082
-46.6,500,1529.981592
-47.3,500,1530.038814
-46.5,500,1530.325354
-46.9,500,1530.381794
-46.7,500,1530.439327
-46.8,500,1530.494707
-47.1,500,1530.777827
-46.9,500,1530.833701
-46.8,500,1530.890201
-46.7,500,1530.946741
-47.5,500,1531.230951
-47.1,500,1531.288255
-46.7,500,1531.34414
-46.9,500,1531.401413
-47.0,500,1531.68353
-47.1,500,1531.740901
-46.5,500,1531.797906
-47.3,500,1531.854198
-47.0,500,1532.137402
-46.9,500,1532.193703
-46.9,500,1532.251001
-46.5,500,1532.306946
-47.1,500,1532.591042
-48.6,500,1532.649092
-48.7,500,1532.705846
-48.5,500,1532.762888
-47.9,500,1533.045416
-47.1,500,1533.10283
-48.3,500,1533.159748
-47.5,500,1533.217716
-47.6,500,1533.273904
-47.6,500,1533.55936
-47.1,500,1533.617082
-47.5,500,1533.673417
-48.7,500,1533.730537
-48.1,500,1534.020198
-48.8,500,1534.08157
-48.7,500,1534.138679
-48.9,500,1534.195207
-47.2,500,1534.479587
-48.3,500,1534.535723
-48.0,500,1534.591902
-47.9,500,1534.648647
-47.3,500,1534.932586
-46.6,500,1534.989894
-47.5,500,1535.045631
-48.2,500,1535.102419
-46.8,500,1535.386411
-47.6,500,1535.442698
-46.7,500,1535.499772
-47.6,500,1535.556257
-47.5,500,1535.840565
-47.4,500,1535.897204
-47.4,500,1535.954477
-47.4,500,1536.010557
-46.7,500,1536.293368
-47.0,500,1536.3501
-47.1,500,1536.405805
-46.5,500,1536.462909
-47.6,500,1536.745786
-46.7,500,1536.803765
-46.8,500,1536.860218
-47.4,500,1536.916623
-47.1,500,1537.20002
-47.2,500,1537.256521
-47.2,500,1537.313442
-46.6,500,1537.369678
-46.7,500,1537.654106
-46.6,500,1537.711629
-46.8,500,1537.767927
-46.9,500,1537.825686
-48.0,500,1538.108911
-47.0,500,1538.166854
-47.4,500,1538.222702
-46.8,500,1538.279059
-47.0,500,1538.33459
-47.6,500,1538.618637
-47.3,500,1538.675825
-47.1,500,1538.732076
-47.9,500,1538.788884
-47.1,500,1539.077192
-47.1,500,1539.133964
-46.9,500,1539.191197
-46.7,500,1539.246826
-47.0,500,1539.529283
-46.6,500,1539.585272
-47.5,500,1539.641631
-47.6,500,1539.697815
-46.8,500,1539.982414
-46.5,500,1540.038646
-47.0,500,1540.094421
-46.9,500,1540.151377
-47.6,500,1540.434799
-47.1,500,1540.492686
-46.7,500,1540.548479
-46.7,500,1540.604848
-47.0,500,1540.889585
-47.1,500,1540.94667
-47.1,500,1541.003808
-47.6,500,1541.059197
-46.8,500,1541.343799
-47.1,500,1541.401829
-47.0,500,1541.458426
-46.6,500,1541.516298
-46.7,500,1541.7988
-46.5,500,1541.856932
-46.5,500,1541.91272
-46.6,500,1541.969904
-46.5,500,1542.25242
-47.1,500,1542.309391
-46.7,500,1542.367204
-46.6,500,1542.42399
-47.3,500,1542.708342
-47.2,500,1542.765891
-47.0,500,1542.822566
-46.6,500,1542.878842
-47.1,500,1542.934265
-47.5,500,1543.217889
-46.7,500,1543.274054
-47.6,500,1543.331462
-47.1,500,1543.38775
-46.5,500,1543.672294
-47.6,500,1543.729837
-46.8,500,1543.785634
-47.3,500,1543.842507
-46.9,500,1544.124343
-47.6,500,1544.181306
-47.0,500,1544.237845
-47.5,500,1544.295536
-46.7,500,1544.609658
-46.7,500,1544.666024
-47.8,500,1544.722143
-46.8,500,1544.780205
-46.8,500,1545.063231
-46.9,500,1545.120811
-46.7,500,1545.177492
-47.1,500,1545.23469
-46.7,500,1545.519295
-47.5,500,1545.575877
-46.9,500,1545.63289
-46.5,500,1545.689659
-47.0,500,1545.974409
-47.1,500,1546.030415
-46.8,500,1546.087919
-46.7,500,1546.145532
-47.1,500,1546.42914
-47.5,500,1546.486631
-46.9,500,1546.543086
-46.9,500,1546.600089
-46.9,500,1546.883608
-47.4,500,1546.941066
-46.7,500,1546.998675
-46.8,500,1547.054559
-47.4,500,1547.33854
-46.6,500,1547.394727
-46.9,500,1547.452137
-47.5,500,1547.508957
-46.6,500,1547.792775
-48.1,500,1547.850076
-48.1,500,1547.905149
-48.6,500,1547.963972
-48.4,500,1548.019706
-48.7,500,1548.305509
-48.4,500,1548.362505
-47.6,500,1548.418135
-47.7,500,1548.47574
-47.5,500,1548.758662
-48.0,500,1548.815974
-47.1,500,1548.872676
-48.2,500,1548.92991
-47.1,500,1549.214029
-47.1,500,1549.269801
-46.8,500,1549.327167
-47.5,500,1549.38287
-46.9,500,1549.66542
-47.2,500,1549.720751
-47.9,500,1549.777388
-46.8,500,1549.834191
-47.1,500,1550.117523
-47.0,500,1550.175501
-47.1,500,1550.231868
-47.1,500,1550.289566
-46.9,500,1550.573001
-47.7,500,1550.628809
-46.9,500,1550.685731
-46.7,500,1550.742766
-46.5,500,1551.027103
-46.8,500,1551.084472
-47.4,500,1551.142541
-47.3,500,1551.199093
-46.8,500,1551.483045
-46.8,500,1551.540344
-46.7,500,1551.5967
-47.0,500,1551.654426
-46.6,500,1551.936523
-46.5,500,1551.994173
-46.9,500,1552.050484
-46.9,500,1552.106512
-46.8,500,1552.389924
-46.9,500,1552.446306
-46.5,500,1552.503439
-47.1,500,1552.559091
-46.8,500,1552.616709
-46.9,500,1552.900548
-46.6,500,1552.957595
-46.5,500,1553.015009
-47.1,500,1553.070573
-47.5,500,1553.356955
-48.0,500,1553.411632
-48.0,500,1553.469828
-47.8,500,1553.526722
-47.0,500,1553.810972
-47.7,500,1553.869386
-47.6,500,1553.92542
-47.1,500,1553.982739
-48.6,500,1554.266298
-49.5,500,1554.322241
-50.3,500,1554.379178
-49.7,500,1554.435322
-49.5,500,1554.718442
-48.4,500,1554.775237
-48.3,500,1554.832282
-47.4,500,1554.888156
-47.3,500,1555.172426
-47.3,500,1555.230207
-47.4,500,1555.286447
-47.4,500,1555.343235
-47.8,500,1555.625961
-47.4,500,1555.683833
-47.4,500,1555.740172
-47.6,500,1555.798306
-47.5,500,1556.081589
-47.6,500,1556.137286
-46.8,500,1556.194369
-46.7,500,1556.251381
-46.9,500,1556.535697
-47.7,500,1556.593925
-48.2,500,1556.650634
-48.2,500,1556.70814
-47.4,500,1556.991517
-47.9,500,1557.049231
-48.9,500,1557.105101
-48.0,500,1557.162233
-47.6,500,1557.217535
-47.5,500,1557.500994
-47.5,500,1557.557489
-47.5,500,1557.613705
-47.8,500,1557.670514
-48.2,500,1557.954084
-47.7,500,1558.011625
-48.1,500,1558.068168
-49.7,500,1558.125231
-48.1,500,1558.413032
-47.1,500,1558.46936
-47.6,500,1558.525905
-48.2,500,1558.581619
-47.4,500,1558.865
-46.7,500,1558.922147
-46.6,500,1558.977948
-46.8,500,1559.034598
-47.0,500,1559.318645
-46.5,500,1559.376973
-46.7,500,1559.432852
-46.8,500,1559.490655
-47.4,500,1559.774369
-48.1,500,1559.830197
-48.0,500,1559.886822
-47.2,500,1559.942764
-48.3,500,1560.227076
-47.6,500,1560.284681
-48.0,500,1560.340934
-48.3,500,1560.398079
-47.7,500,1560.681358
-47.0,500,1560.738895
-47.3,500,1560.794686
-47.2,500,1560.851688
-48.0,500,1561.134817
-46.6,500,1561.191782
-47.1,500,1561.249685
-46.8,500,1561.305789
-46.7,500,1561.590025
-47.0,500,1561.645731
-46.5,500,1561.703129
-47.7,500,1561.760128
-47.2,500,1562.042706
-48.5,500,1562.100469
-48.5,500,1562.156588
-48.6,500,1562.213552
-48.2,500,1562.269644
-48.9,500,1562.552712
-47.3,500,1562.610267
-47.7,500,1562.666685
-48.2,500,1562.723883
-48.9,500,1563.007071
-47.0,500,1563.06451
-47.4,500,1563.120961
-47.9,500,1563.178567
-47.2,500,1563.464422
-47.0,500,1563.5211
-46.9,500,1563.57866
-47.6,500,1563.634635
-47.2,500,1563.918293
-46.7,500,1563.9762
-47.0,500,1564.03289
-46.8,500,1564.090207
-47.8,500,1564.373053
-47.8,500,1564.45719
-47.6,500,1564.514551
-48.3,500,1564.570381
-47.3,500,1564.853668
-47.6,500,1564.910258
-47.6,500,1564.967591
-47.8,500,1565.024084
-47.0,500,1565.308196
-47.7,500,1565.365283
-47.3,500,1565.421618
-47.4,500,1565.47811
-46.7,500,1565.760155
-47.3,500,1565.817812
-48.0,500,1565.873299
-47.3,500,1565.930675
-47.3,500,1566.253891
-47.5,500,1566.317832
-47.3,500,1566.374139
-47.6,500,1566.436075
-46.7,500,1566.742932
-46.7,500,1566.799014
-47.0,500,1566.856792
-46.6,500,1566.913048
-46.5,500,1566.97035
-46.9,500,1567.256949
-47.3,500,1567.313598
-46.9,500,1567.371015
-47.0,500,1567.426748
-46.8,500,1567.710474
-47.1,500,1567.769405
-47.2,500,1567.825272
-47.2,500,1567.882752
-47.8,500,1568.187841
-48.6,500,1568.244651
-46.9,500,1568.300852
-47.2,500,1568.357897
-47.0,500,1568.64405
-46.5,500,1568.700408
-47.8,500,1568.757924
-47.2,500,1568.813973
-46.8,500,1569.097565
-47.1,500,1569.154862
-47.3,500,1569.210592
-47.4,500,1569.268033
-46.9,500,1569.551268
-46.9,500,1569.608864
-46.9,500,1569.665743
-46.6,500,1569.722481
-46.9,500,1570.006489
-46.9,500,1570.06322
-46.7,500,1570.120656
-46.9,500,1570.176886
-46.5,500,1570.460272
-47.6,500,1570.517092
-46.6,500,1570.573187
-47.1,500,1570.630911
-46.9,500,1570.913085
-47.3,500,1570.971149
-46.7,500,1571.026987
-46.7,500,1571.084379
-46.7,500,1571.367989
-46.9,500,1571.425354
-46.5,500,1571.481918
-46.7,500,1571.537978
-46.7,500,1571.822446
-48.3,500,1571.880153
-46.9,500,1571.936789
-47.2,500,1571.994085
-47.1,500,1572.050158
-46.5,500,1572.334937
-46.9,500,1572.391289
-46.7,500,1572.448508
-46.7,500,1572.504929
-47.6,500,1572.789545
-47.0,500,1572.847078
-47.7,500,1572.903945
-47.3,500,1572.961338
-46.8,500,1573.249103
-47.8,500,1573.306043
-47.0,500,1573.36344
-47.4,500,1573.41968
-47.4,500,1573.704298
-46.9,500,1573.761287
-47.4,500,1573.818897
-47.4,500,1573.87485
-46.9,500,1574.160129
-47.0,500,1574.21721
-47.5,500,1574.272979
-47.0,500,1574.330496
-46.6,500,1574.614383
-47.8,500,1574.672552
-46.7,500,1574.730213
-47.2,500,1574.78674
-47.4,500,1575.069588
-47.7,500,1575.126358
-46.5,500,1575.183421
-47.3,500,1575.23966
-46.8,500,1575.524315
-46.7,500,1575.581363
-47.1,500,1575.637467
-46.6,500,1575.694929
-47.6,500,1575.978077
-46.5,500,1576.035072
-46.5,500,1576.091184
-46.9,500,1576.148077
-47.3,500,1576.430907
-47.3,500,1576.487469
-46.5,500,1576.544958
-46.7,500,1576.60159
-46.6,500,1576.658872
-47.6,500,1576.942666
-46.8,500,1576.999661
-47.2,500,1577.056383
-46.8,500,1577.112346
-47.2,500,1577.397482
-46.7,500,1577.453352
-46.9,500,1577.510273
-47.0,500,1577.566464
-47.0,500,1577.850216
-46.7,500,1577.906977
-47.3,500,1577.962654
-46.5,500,1578.020143
-46.7,500,1578.304748
-46.7,500,1578.362465
-46.7,500,1578.418691
-46.9,500,1578.475436
-47.2,500,1578.760494
-47.3,500,1578.817402
-46.9,500,1578.874873
-47.2,500,1578.9313
-47.1,500,1579.216927
-47.1,500,1579.274231
-46.9,500,1579.329933
-47.6,500,1579.387425
-46.7,500,1579.67051
-46.9,500,1579.728249
-47.0,500,1579.784664
-47.7,500,1579.841235
-46.9,500,1580.124799
-47.9,500,1580.181744
-46.7,500,1580.238522
-47.3,500,1580.295383
-48.0,500,1580.580506
-46.7,500,1580.637306
-46.7,500,1580.693712
-46.7,500,1580.74973
-47.4,500,1581.032667
-47.7,500,1581.090397
-47.7,500,1581.145478
-47.2,500,1581.202479
-47.6,500,1581.486289
-46.9,500,1581.54268
-46.8,500,1581.600296
-46.7,500,1581.656378
-47.8,500,1581.714344
-47.3,500,1581.998354
-47.2,500,1582.055348
-47.1,500,1582.112881
-46.6,500,1582.169382
-46.9,500,1582.454117
-46.7,500,1582.510085
-46.7,500,1582.567851
-46.8,500,1582.624177
-46.7,500,1582.907856
-46.5,500,1582.96561
-46.7,500,1583.047526
-47.7,500,1583.107859
-47.5,500,1583.396944
-47.1,500,1583.453742
-46.6,500,1583.510792
-46.8,500,1583.566892
-46.8,500,1583.852139
-46.6,500,1583.909867
-47.6,500,1583.966223
-47.1,500,1584.023629
-46.6,500,1584.3068
-46.8,500,1584.363874
-47.1,500,1584.421361
-46.6,500,1584.477035
-47.0,500,1584.760039
-46.5,500,1584.816962
-47.5,500,1584.874949
-47.2,500,1584.931175
-47.1,500,1585.215535
-47.7,500,1585.272687
-47.1,500,1585.329059
-47.2,500,1585.38599
-46.5,500,1585.668988
-47.1,500,1585.726368
-46.5,500,1585.782726
-46.9,500,1585.840023
-47.2,500,1586.123287
-46.6,500,1586.180033
-46.8,500,1586.237453
-46.8,500,1586.294159
-46.8,500,1586.351583
-47.4,500,1586.637003
-47.4,500,1586.693644
-47.3,500,1586.749409
-46.7,500,1586.805022
-46.8,500,1587.08954
-48.2,500,1587.146404
-47.3,500,1587.203557
-46.8,500,1587.258897
-46.5,500,1587.544862
-46.6,500,1587.602612
-46.5,500,1587.659482
-46.6,500,1587.717019
-47.5,500,1588.000861
-46.7,500,1588.058086
-47.6,500,1588.114714
-46.8,500,1588.171081
-46.5,500,1588.458765
-47.1,500,1588.515248
-46.9,500,1588.572443
-46.9,500,1588.62854
-46.9,500,1588.913109
-47.4,500,1588.970216
-47.0,500,1589.027373
-46.7,500,1589.085164
-46.7,500,1589.368089
-46.9,500,1589.426049
-46.9,500,1589.481894
-46.8,500,1589.538493
-46.6,500,1589.821764
-47.7,500,1589.878476
-46.5,500,1589.935987
-46.5,500,1589.992496
-46.9,500,1590.276522
-46.9,500,1590.333387
-46.7,500,1590.389556
-48.1,500,1590.44687
-46.6,500,1590.729875
-47.7,500,1590.787868
-47.7,500,1590.843224
-47.8,500,1590.900113
-48.8,500,1590.955441
-47.3,500,1591.240257
-47.7,500,1591.29784
-47.5,500,1591.35288
-47.8,500,1591.410866
-47.4,500,1591.694761
-47.2,500,1591.751745
-47.3,500,1591.806509
-47.7,500,1591.864313
-47.7,500,1592.148567
-47.0,500,1592.20478
-47.4,500,1592.262025
-47.2,500,1592.317455
-46.7,500,1592.600414
-46.8,500,1592.656724
-47.0,500,1592.713878
-46.9,500,1592.771256
-46.8,500,1593.054852
-46.5,500,1593.111758
-46.5,500,1593.168995
-46.7,500,1593.226833
-46.9,500,1593.512419
-47.0,500,1593.568295
-47.9,500,1593.624454
-47.9,500,1593.680685
-47.0,500,1593.964454
-47.0,500,1594.02203
-46.9,500,1594.080034
-46.5,500,1594.136419
-46.5,500,1594.421757
-46.6,500,1594.479177
-47.0,500,1594.534982
-46.7,500,1594.591914
-46.7,500,1594.875394
-47.5,500,1594.931938
-46.9,500,1594.989119
-46.9,500,1595.045252
-47.1,500,1595.328808
-46.9,500,1595.384849
-46.5,500,1595.441778
-46.9,500,1595.49784
-46.9,500,1595.782092
-48.2,500,1595.839174
-47.9,500,1595.894773
-47.5,500,1595.951694
-48.1,500,1596.007429
-48.3,500,1596.291267
-48.0,500,1596.348457
-48.2,500,1596.405424
-48.5,500,1596.462917
-48.9,500,1596.746399
-47.8,500,1596.803577
-47.6,500,1596.859665
-48.0,500,1596.916761
-47.0,500,1597.201292
-47.1,500,1597.258346
-46.9,500,1597.315981
-46.6,500,1597.372043
-46.7,500,1597.655618
-47.4,500,1597.712281
-46.5,500,1597.770142
-46.6,500,1597.827057
-46.7,500,1598.110819
-47.1,500,1598.16858
-46.7,500,1598.225129
-46.7,500,1598.282658
-47.1,500,1598.565736
-46.6,500,1598.621831
-47.0,500,1598.679254
-46.9,500,1598.734819
-47.1,500,1599.020378
-47.2,500,1599.07599
-46.8,500,1599.133632
-46.7,500,1599.189448
-46.7,500,1599.473417
-47.3,500,1599.530351
-47.1,500,1599.586723
-46.7,500,1599.644218
-46.5,500,1599.927828
-46.7,500,1599.985469
-46.8,500,1600.04225
-47.2,500,1600.099354
-47.0,500,1600.38326
-46.9,500,1600.43922
-47.1,500,1600.496498
-48.2,500,1600.553298
-46.5,500,1600.609415
-46.5,500,1600.892819
-46.7,500,1600.949876
-46.7,500,1601.00766
-46.7,500,1601.064658
-47.0,500,1601.350047
-46.7,500,1601.406852
-46.7,500,1601.464377
-46.7,500,1601.520885
-46.7,500,1601.804558
-46.7,500,1601.861642
-46.9,500,1601.918398
-46.7,500,1601.97514
-46.7,500,1602.258174
-47.4,500,1602.316537
-46.6,500,1602.373478
-47.0,500,1602.429908
-46.7,500,1602.714004
-47.2,500,1602.770995
-46.5,500,1602.828376
-46.8,500,1602.884771
-48.3,500,1603.168739
-47.2,500,1603.225298
-47.6,500,1603.282753
-47.4,500,1603.367222
-47.3,500,1603.653517
-47.0,500,1603.710427
-47.3,500,1603.768053
-47.4,500,1603.824252
-46.9,500,1604.108848
-46.6,500,1604.166515
-46.7,500,1604.222866
-46.9,500,1604.280507
-46.6,500,1604.564495
-46.5,500,1604.621799
-47.0,500,1604.679558
-47.0,500,1604.735349
-46.6,500,1605.019723
-46.8,500,1605.075712
-46.7,500,1605.132011
-46.6,500,1605.187686
-47.8,500,1605.471655
-47.2,500,1605.528604
-47.6,500,1605.584971
-47.3,500,1605.641559
-46.7,500,1605.698055
-47.4,500,1605.982224
-46.6,500,1606.038352
-46.7,500,1606.095065
-46.7,500,1606.152013
-46.7,500,1606.435447
-46.9,500,1606.49299
-47.1,500,1606.549174
-47.2,500,1606.606803
-46.6,500,1606.892056
-46.6,500,1606.948057
-47.2,500,1607.004556
-47.1,500,1607.060906
-47.3,500,1607.343786
-48.0,500,1607.400167
-46.9,500,1607.45781
-46.9,500,1607.515212
-46.8,500,1607.799324
-47.4,500,1607.856708
-46.8,500,1607.912854
-46.7,500,1607.970306
-47.3,500,1608.25501
-47.4,500,1608.311401
-46.6,500,1608.368944
-47.4,500,1608.425229
-46.8,500,1608.708833
-46.8,500,1608.764411
-46.7,500,1608.821417
-46.6,500,1608.878171
-46.5,500,1609.162685
-47.6,500,1609.219462
-46.8,500,1609.275649
-47.1,500,1609.332674
-47.3,500,1609.615825
-46.8,500,1609.673722
-46.5,500,1609.730531
-47.2,500,1609.787308
-46.5,500,1610.07155
-46.7,500,1610.128564
-46.9,500,1610.186642
-47.3,500,1610.243013
-46.6,500,1610.300636
-47.2,500,1610.584866
-47.0,500,1610.641696
-47.2,500,1610.698521
-46.7,500,1610.754988
-46.7,500,1611.038132
-47.6,500,1611.094411
-47.6,500,1611.151676
-47.0,500,1611.208052
-47.5,500,1611.49168
-46.6,500,1611.547918
-47.5,500,1611.606166
-46.8,500,1611.661647
-46.6,500,1611.947789
-46.7,500,1612.005087
-46.7,500,1612.061655
-47.0,500,1612.118965
-46.9,500,1612.402728
-47.5,500,1612.459626
-46.7,500,1612.516491
-47.2,500,1612.573975
-46.6,500,1612.856659
-46.5,500,1612.914666
-47.7,500,1612.970748
-46.5,500,1613.02645
-46.7,500,1613.311849
-46.7,500,1613.368859
-46.7,500,1613.426248
-46.6,500,1613.482639
-46.8,500,1613.766899
-46.8,500,1613.823222
-46.8,500,1613.880592
-46.7,500,1613.936463
-46.9,500,1614.219718
-47.1,500,1614.276667
-46.9,500,1614.3331
-46.5,500,1614.389651
-46.8,500,1614.67215
-46.9,500,1614.728975
-46.7,500,1614.785309
-47.0,500,1614.842685
-46.9,500,1614.899106
-46.8,500,1615.183165
-46.7,500,1615.239608
-48.0,500,1615.29657
-46.5,500,1615.351777
-47.3,500,1615.63568
-47.2,500,1615.692899
-46.9,500,1615.748186
-46.9,500,1615.805325
-46.9,500,1616.088734
-48.2,500,1616.146429
-47.1,500,1616.203127
-47.4,500,1616.260474
-47.4,500,1616.544458
-46.9,500,1616.601032
-47.4,500,1616.658129
-48.1,500,1616.714661
-46.9,500,1616.99921
-47.2,500,1617.055218
-47.6,500,1617.111826
-47.0,500,1617.167986
-47.2,500,1617.452187
-47.3,500,1617.509484
-47.0,500,1617.566555
-47.5,500,1617.623977
-47.4,500,1617.906765
-47.0,500,1617.964123
-46.8,500,1618.020977
-46.5,500,1618.078059
-46.6,500,1618.363988
-47.1,500,1618.422321
-47.6,500,1618.477952
-47.0,500,1618.534824
-46.8,500,1618.818368
-46.9,500,1618.87472
-46.7,500,1618.932081
-46.7,500,1618.988699
-46.9,500,1619.272776
-46.5,500,1619.329658
-47.1,500,1619.386884
-46.8,500,1619.443233
-47.1,500,1619.726467
-46.5,500,1619.782261
-46.6,500,1619.840311
-46.7,500,1619.896156
-46.5,500,1619.953029
-51.8,500,1620.23652
-50.6,500,1620.293268
-50.5,500,1620.350115
-51.5,500,1620.405961
-49.2,500,1620.690314
-48.9,500,1620.745974
-49.6,500,1620.803847
-49.9,500,1620.859425
-48.8,500,1621.144427
-48.7,500,1621.201176
-47.5,500,1621.258412
-48.0,500,1621.315336
-47.8,500,1621.598898
-47.6,500,1621.655754
-48.1,500,1621.711856
-47.8,500,1621.768194
-47.2,500,1622.082546
-47.4,500,1622.139092
-46.8,500,1622.194996
-46.7,500,1622.251821
-47.1,500,1622.535391
-47.3,500,1622.591702
-46.7,500,1622.648585
-47.3,500,1622.703506
-46.9,500,1622.986126
-47.0,500,1623.042573
-47.2,500,1623.098984
-46.7,500,1623.155694
-46.7,500,1623.441111
-47.2,500,1623.497697
-46.7,500,1623.553841
-46.9,500,1623.610599
-46.8,500,1623.893181
-47.5,500,1623.95002
-47.3,500,1624.00613
-47.1,500,1624.063375
-47.7,500,1624.346007
-47.0,500,1624.404142
-47.2,500,1624.460639
-47.3,500,1624.517583
-46.8,500,1624.574522
-46.8,500,1624.858446
-47.1,500,1624.915979
-47.6,500,1624.972262
-47.9,500,1625.029274
-46.9,500,1625.311577
-47.2,500,1625.369004
-47.1,500,1625.425226
-46.5,500,1625.481369
-47.2,500,1625.764023
-47.4,500,1625.82138
-46.8,500,1625.877199
-47.3,500,1625.9345
-47.7,500,1626.218208
-47.2,500,1626.274155
-47.8,500,1626.331709
-47.3,500,1626.388412
-47.0,500,1626.671082
-47.2,500,1626.726591
-47.5,500,1626.783745
-47.1,500,1626.840092
-47.2,500,1627.123651
-47.4,500,1627.179632
-47.2,500,1627.23656
-47.2,500,1627.29245
-47.2,500,1627.576483
-47.0,500,1627.633675
-47.0,500,1627.689234
-47.2,500,1627.746699
-46.8,500,1628.029371
-46.7,500,1628.086879
-46.9,500,1628.143039
-47.1,500,1628.20027
-47.6,500,1628.486177
-46.8,500,1628.541377
-47.0,500,1628.597909
-47.2,500,1628.653786
-46.7,500,1628.936881
-47.9,500,1628.993519
-46.5,500,1629.051044
-46.6,500,1629.105668
-47.0,500,1629.389717
-47.8,500,1629.445733
-48.2,500,1629.502648
-47.8,500,1629.559666
-48.2,500,1629.615455
-47.6,500,1629.89926
-47.2,500,1629.955006
-46.9,500,1630.011724
-47.2,500,1630.067587
-47.5,500,1630.352282
-47.4,500,1630.409006
-46.6,500,1630.46575
-49.6,500,1630.521871
-47.0,500,1630.805879
-47.0,500,1630.863148
-47.3,500,1630.919813
-46.6,500,1630.976464
-46.7,500,1631.259036
-46.6,500,1631.31597
-46.6,500,1631.373246
-46.8,500,1631.430523
-47.0,500,1631.714426
-46.7,500,1631.771447
-47.7,500,1631.82786
-47.7,500,1631.88487
-46.8,500,1632.168296
-47.6,500,1632.225036
-46.9,500,1632.281492
-46.8,500,1632.338291
-47.1,500,1632.621632
-46.7,500,1632.677977
-46.9,500,1632.735341
-46.5,500,1632.791367
-46.7,500,1633.074323
-47.9,500,1633.129713
-46.9,500,1633.186747
-47.3,500,1633.243384
-46.9,500,1633.52872
-47.0,500,1633.584327
-47.5,500,1633.641539
-47.0,500,1633.697881
-46.5,500,1633.98179
-46.8,500,1634.039724
-46.7,500,1634.096001
-47.0,500,1634.152748
-47.3,500,1634.209221
-46.8,500,1634.492726
-47.1,500,1634.549287
-47.4,500,1634.606228
-47.1,500,1634.662069
-47.1,500,1634.947523
-46.9,500,1635.00432
-47.1,500,1635.060357
-48.0,500,1635.116563
-46.8,500,1635.39838
-46.9,500,1635.454709
-47.3,500,1635.51046
-46.8,500,1635.567174
-46.5,500,1635.848696
-47.1,500,1635.907738
-46.9,500,1635.964233
-47.2,500,1636.022109
-48.0,500,1636.304965
-47.2,500,1636.36234
-46.5,500,1636.419207
-46.7,500,1636.476079
-46.7,500,1636.760995
-47.2,500,1636.817056
-47.0,500,1636.873969
-47.3,500,1636.930599
-46.7,500,1637.21349
-46.6,500,1637.270054
-46.8,500,1637.327526
-46.8,500,1637.382852
-47.3,500,1637.666204
-47.1,500,1637.722586
-47.1,500,1637.77858
-46.9,500,1637.835448
-47.3,500,1638.116573
-47.4,500,1638.17391
-46.8,500,1638.229436
-47.4,500,1638.287218
-47.6,500,1638.568836
-47.3,500,1638.625795
-47.7,500,1638.681465
-47.3,500,1638.738571
-47.5,500,1639.022226
-46.6,500,1639.078437
-47.5,500,1639.135987
-47.1,500,1639.193411
-48.3,500,1639.249984
-46.9,500,1639.534826
-46.9,500,1639.59273
-47.4,500,1639.648319
-47.5,500,1639.705807
-46.9,500,1639.991193
-48.7,500,1640.048602
-46.8,500,1640.107123
-46.9,500,1640.163471
-46.9,500,1640.447775
-46.6,500,1640.503988
-46.6,500,1640.560255
-46.6,500,1640.616609
-47.1,500,1640.898717
-46.8,500,1640.956005
-47.0,500,1641.011836
-47.9,500,1641.068662
-46.7,500,1641.350452
-46.5,500,1641.408181
-46.9,500,1641.464716
-46.6,500,1641.52139
-46.8,500,1641.80295
-47.5,500,1641.861243
-47.1,500,1641.917687
-47.6,500,1641.975054
-47.2,500,1642.291168
-46.7,500,1642.347743
-47.0,500,1642.40548
-46.6,500,1642.461458
-47.0,500,1642.747062
-46.6,500,1642.804119
-47.1,500,1642.861058
-46.8,500,1642.917124
-47.8,500,1643.200039
-47.3,500,1643.257605
-46.9,500,1643.315071
-47.3,500,1643.37334
-47.7,500,1643.657236
-46.7,500,1643.714816
-47.1,500,1643.770679
-46.9,500,1643.828057
-46.6,500,1643.883956
-46.8,500,1644.166994
-46.8,500,1644.223054
-46.9,500,1644.280264
-47.6,500,1644.33745
-47.4,500,1644.620171
-46.5,500,1644.677357
-47.8,500,1644.733679
-46.7,500,1644.790733
-46.7,500,1645.073836
-47.0,500,1645.1314
-47.3,500,1645.187807
-46.6,500,1645.245148
-46.8,500,1645.529704
-46.7,500,1645.586574
-47.1,500,1645.644327
-47.0,500,1645.700077
-46.7,500,1645.984563
-47.2,500,1646.040885
-46.9,500,1646.098435
-46.5,500,1646.154382
-47.6,500,1646.438025
-46.5,500,1646.495282
-46.8,500,1646.55254
-46.6,500,1646.608987
-47.3,500,1646.891936
-46.7,500,1646.949
-47.0,500,1647.005586
-46.9,500,1647.063303
-46.8,500,1647.346594
-46.7,500,1647.403609
-46.9,500,1647.460427
-47.1,500,1647.518066
-46.5,500,1647.801505
-46.8,500,1647.859113
-46.7,500,1647.916242
-46.6,500,1647.973234
-46.9,500,1648.258281
-46.5,500,1648.315211
-46.7,500,1648.372285
-46.7,500,1648.42744
-46.9,500,1648.484338
-46.9,500,1648.768729
-46.7,500,1648.825998
-47.1,500,1648.881926
-46.6,500,1648.939212
-47.3,500,1649.222865
-46.7,500,1649.278635
-46.6,500,1649.335333
-46.5,500,1649.39071
-47.5,500,1649.674401
-46.9,500,1649.730252
-46.8,500,1649.786257
-46.5,500,1649.842764
-46.9,500,1650.126237
-47.3,500,1650.182854
-46.7,500,1650.239735
-47.2,500,1650.29611
-46.5,500,1650.578955
-47.1,500,1650.636176
-46.7,500,1650.692774
-47.0,500,1650.75004
-46.7,500,1651.033354
-47.0,500,1651.091006
-47.5,500,1651.147553
-46.8,500,1651.204424
-47.5,500,1651.48765
-48.2,500,1651.544156
-47.1,500,1651.60064
-47.1,500,1651.657636
-46.8,500,1651.941097
-46.6,500,1651.996698
-47.7,500,1652.053854
-47.0,500,1652.108891
-46.7,500,1652.392586
-47.5,500,1652.447584
-46.5,500,1652.504463
-46.5,500,1652.561196
-46.6,500,1652.844683
-46.9,500,1652.90192
-47.1,500,1652.958666
-46.9,500,1653.021955
-46.7,500,1653.339927
-46.5,500,1653.402494
-46.9,500,1653.467653
-46.7,500,1653.527183
-47.1,500,1653.588707
-47.0,500,1653.889419
-47.2,500,1653.9463
-47.5,500,1654.003045
-46.5,500,1654.059292
-46.6,500,1654.345062
-47.1,500,1654.402106
-47.3,500,1654.459149
-47.1,500,1654.515843
-47.1,500,1654.798869
-47.1,500,1654.855161
-47.8,500,1654.910955
-46.8,500,1654.967853
-47.8,500,1655.27098
-46.6,500,1655.327902
-46.8,500,1655.383777
-46.9,500,1655.440356
-47.0,500,1655.725233
-46.5,500,1655.781257
-46.9,500,1655.837979
-46.7,500,1655.893468
-47.9,500,1656.178293
-47.5,500,1656.234838
-46.7,500,1656.292135
-46.9,500,1656.348933
-46.9,500,1656.632538
-46.6,500,1656.689915
-46.7,500,1656.746754
-46.6,500,1656.803448
-46.6,500,1657.08652
-47.0,500,1657.14378
-47.0,500,1657.200489
-46.5,500,1657.256754
-47.3,500,1657.540248
-46.6,500,1657.596327
-47.2,500,1657.652252
-46.9,500,1657.708623
-47.2,500,1657.992311
-47.4,500,1658.049311
-46.8,500,1658.106408
-47.3,500,1658.16191
-46.7,500,1658.218864
-46.9,500,1658.507068
-46.8,500,1658.563173
-46.8,500,1658.620329
-46.7,500,1658.677237
-47.8,500,1658.96046
-47.8,500,1659.018312
-47.1,500,1659.076594
-47.7,500,1659.132661
-47.0,500,1659.415852
-47.3,500,1659.472546
-47.4,500,1659.529932
-47.1,500,1659.585607
-47.0,500,1659.869338
-46.8,500,1659.928988
-46.5,500,1659.985616
-47.3,500,1660.042168
-46.9,500,1660.323859
-47.1,500,1660.381444
-47.4,500,1660.437491
-47.2,500,1660.49402
-46.8,500,1660.778222
-47.3,500,1660.835171
-47.0,500,1660.891871
-46.8,500,1660.947164
-46.8,500,1661.269709
-47.4,500,1661.327403
-47.2,500,1661.383998
-46.7,500,1661.440832
-46.7,500,1661.723902
-46.6,500,1661.781536
-46.9,500,1661.837344
-46.6,500,1661.894108
-47.1,500,1662.177693
-46.7,500,1662.23411
-46.7,500,1662.291448
-46.9,500,1662.347508
-47.0,500,1662.631697
-47.2,500,1662.688454
-46.6,500,1662.745209
-46.6,500,1662.801437
-47.6,500,1663.085713
-46.5,500,1663.142788
-47.1,500,1663.200368
-48.3,500,1663.255895
-46.6,500,1663.313658
-47.1,500,1663.880899
-46.5,500,1664.06076
-46.8,500,1664.141982
-47.4,500,1664.200832
-46.5,500,1664.494392
-46.7,500,1664.550951
-46.8,500,1664.608212
-46.8,500,1664.663273
-47.1,500,1664.950021
-47.1,500,1665.00495
-46.7,500,1665.061219
-46.6,500,1665.116896
-47.4,500,1665.399933
-46.6,500,1665.455743
-46.9,500,1665.5123
-46.6,500,1665.568202
-47.3,500,1665.855147
-47.8,500,1665.910798
-47.4,500,1665.968677
-47.2,500,1666.025754
-46.7,500,1666.310538
-47.5,500,1666.368383
-46.5,500,1666.424958
-47.2,500,1666.482391
-47.2,500,1666.767516
-47.0,500,1666.824837
-47.2,500,1666.880678
-46.7,500,1666.937315
-47.1,500,1667.223118
-46.9,500,1667.279288
-46.5,500,1667.33663
-46.9,500,1667.39289
-46.9,500,1667.678089
-47.3,500,1667.734312
-47.0,500,1667.792091
-47.5,500,1667.848298
-47.0,500,1668.133874
-47.0,500,1668.190294
-46.9,500,1668.246527
-47.5,500,1668.303367
-47.2,500,1668.360746
-47.1,500,1668.645393
-47.1,500,1668.70088
-46.9,500,1668.757264
-46.7,500,1668.813579
-46.9,500,1669.098732
-46.8,500,1669.15518
-46.7,500,1669.212817
-46.6,500,1669.268809
-46.5,500,1669.553371
-47.3,500,1669.610105
-47.6,500,1669.665844
-47.1,500,1669.723196
-47.0,500,1670.007325
-46.5,500,1670.064743
-46.6,500,1670.119934
-46.7,500,1670.176758
-46.5,500,1670.460682
-46.6,500,1670.51788
-46.5,500,1670.574013
-46.7,500,1670.631566
-46.9,500,1670.915569
-47.3,500,1670.972185
-47.3,500,1671.029451
-46.5,500,1671.085727
-46.5,500,1671.36964
-46.7,500,1671.425745
-47.2,500,1671.482462
-46.7,500,1671.538871
-47.8,500,1671.822412
-46.7,500,1671.877124
-47.0,500,1671.934131
-47.4,500,1671.989435
-46.6,500,1672.27329
-47.0,500,1672.329614
-47.1,500,1672.386407
-46.8,500,1672.443675
-46.7,500,1672.727891
-46.5,500,1672.785557
-46.5,500,1672.842202
-47.9,500,1672.899962
-46.7,500,1672.956722
-46.5,500,1673.241482
-46.6,500,1673.296936
-47.4,500,1673.35417
-46.7,500,1673.410572
-46.9,500,1673.693526
-46.7,500,1673.751032
-46.7,500,1673.80594
-46.5,500,1673.862127
-46.5,500,1674.144433
-47.0,500,1674.201539
-46.9,500,1674.258379
-46.5,500,1674.314805
-46.6,500,1674.597783
-46.9,500,1674.654597
-46.8,500,1674.711155
-46.9,500,1674.767324
-47.0,500,1675.051124
-46.5,500,1675.106994
-46.9,500,1675.164066
-47.1,500,1675.219858
-47.6,500,1675.504073
-47.0,500,1675.56012
-46.7,500,1675.61657
-46.8,500,1675.672812
-46.8,500,1675.955831
-46.8,500,1676.013315
-46.5,500,1676.069421
-46.7,500,1676.126949
-46.5,500,1676.409792
-46.6,500,1676.466511
-46.8,500,1676.522221
-46.8,500,1676.579194
-47.2,500,1676.862112
-46.5,500,1676.918285
-47.1,500,1676.974505
-47.0,500,1677.031473
-47.0,500,1677.314437
-47.0,500,1677.370531
-46.5,500,1677.427935
-46.5,500,1677.483469
-46.5,500,1677.767104
-47.0,500,1677.823502
-46.7,500,1677.879852
-46.9,500,1677.935649
-47.3,500,1677.992438
-46.6,500,1678.274909
-46.6,500,1678.332563
-46.5,500,1678.388539
-46.8,500,1678.445757
-48.4,500,1678.729704
-48.2,500,1678.78649
-49.0,500,1678.842548
-48.2,500,1678.897896
-49.1,500,1679.182065
-48.5,500,1679.238384
-49.6,500,1679.295676
-49.3,500,1679.352083
-48.3,500,1679.635721
-48.2,500,1679.691177
-47.4,500,1679.748888
-47.6,500,1679.804836
-48.9,500,1680.087561
-47.0,500,1680.14441
-48.1,500,1680.200549
-47.2,500,1680.257179
-47.4,500,1680.541282
-47.3,500,1680.598386
-47.3,500,1680.655178
-47.6,500,1680.712581
-46.9,500,1680.9958
-46.8,500,1681.053513
-46.6,500,1681.10896
-47.1,500,1681.166286
-47.1,500,1681.482986
-46.9,500,1681.539141
-46.8,500,1681.596862
-46.6,500,1681.652463
-46.8,500,1681.935428
-47.0,500,1681.992712
-47.2,500,1682.049703
-46.5,500,1682.106059
-46.8,500,1682.389247
-47.4,500,1682.446907
-46.7,500,1682.502705
-47.2,500,1682.560203
-46.8,500,1682.617027
-47.3,500,1682.900446
-47.1,500,1682.957955
-47.1,500,1683.013588
-46.5,500,1683.070182
-47.0,500,1683.352087
-47.7,500,1683.409639
-47.5,500,1683.464851
-46.7,500,1683.521526
-47.3,500,1683.805995
-46.6,500,1683.862968
-46.8,500,1683.919713
-46.9,500,1683.975811
-47.7,500,1684.259968
-46.9,500,1684.315262
-47.3,500,1684.372351
-47.2,500,1684.428904
-47.1,500,1684.713403
-47.5,500,1684.770587
-46.8,500,1684.827191
-46.6,500,1684.883828
-47.0,500,1685.165407
-46.8,500,1685.222715
-46.8,500,1685.279494
-46.9,500,1685.336484
-47.0,500,1685.618528
-46.5,500,1685.676093
-46.8,500,1685.732066
-47.9,500,1685.788817
-46.7,500,1686.072769
-47.7,500,1686.129574
-46.5,500,1686.186486
-47.2,500,1686.242641
-47.4,500,1686.526685
-46.8,500,1686.583291
-46.5,500,1686.640984
-46.8,500,1686.697677
-47.2,500,1686.98792
-47.3,500,1687.050268
-46.9,500,1687.11246
-46.9,500,1687.175091
-46.7,500,1687.490634
-47.3,500,1687.552213
-46.5,500,1687.612533
-46.5,500,1687.674768
-46.6,500,1687.732286
-47.2,500,1688.017772
-47.0,500,1688.075329
-46.5,500,1688.130749
-46.8,500,1688.188243
-47.3,500,1688.476498
-47.3,500,1688.53247
-46.6,500,1688.589458
-46.8,500,1688.645854
-47.3,500,1688.92936
-47.3,500,1688.986643
-46.6,500,1689.046049
-46.5,500,1689.11369
-47.7,500,1689.401049
-46.5,500,1689.458734
-47.1,500,1689.514576
-46.7,500,1689.571982
-47.5,500,1689.856068
-49.0,500,1689.913319
-49.2,500,1689.969412
-48.8,500,1690.02712
-47.9,500,1690.312475
-48.0,500,1690.369467
-48.8,500,1690.426169
-48.6,500,1690.481937
-48.4,500,1690.765893
-47.0,500,1690.822717
-47.3,500,1690.88003
-47.7,500,1690.936306
-47.0,500,1691.220674
-47.2,500,1691.277198
-46.9,500,1691.334271
-47.2,500,1691.390704
-47.0,500,1691.673734
-46.8,500,1691.730365
-46.6,500,1691.785666
-46.5,500,1691.842273
-47.0,500,1692.125255
-46.5,500,1692.182089
-46.5,500,1692.238869
-47.3,500,1692.295126
-47.6,500,1692.351321
-47.0,500,1692.635318
-47.4,500,1692.690972
-48.6,500,1692.749049
-46.6,500,1692.804927
-46.7,500,1693.088528
-46.8,500,1693.14411
-46.7,500,1693.201248
-46.8,500,1693.258703
-47.2,500,1693.545965
-47.1,500,1693.602639
-46.7,500,1693.65937
-46.5,500,1693.716166
-46.8,500,1693.999679
-46.8,500,1694.057629
-47.1,500,1694.113843
-46.7,500,1694.17081
-47.1,500,1694.454388
-46.9,500,1694.511347
-46.5,500,1694.568329
-46.6,500,1694.625147
-47.0,500,1694.909107
-47.3,500,1694.964282
-46.6,500,1695.021459
-46.5,500,1695.077445
-47.3,500,1695.361053
-46.6,500,1695.416953
-46.9,500,1695.474091
-46.5,500,1695.529834
-46.5,500,1695.813465
-46.5,500,1695.871165
-46.7,500,1695.927395
-47.2,500,1695.984456
-47.0,500,1696.268553
-46.8,500,1696.3265
-47.0,500,1696.383725
-46.9,500,1696.440664
-47.0,500,1696.723434
-46.7,500,1696.780793
-46.9,500,1696.838125
-46.7,500,1696.894748
-47.0,500,1697.179179
-46.6,500,1697.235377
-46.5,500,1697.292916
-46.5,500,1697.348684
-46.5,500,1697.405574
-47.0,500,1697.690308
-47.1,500,1697.747159
-47.3,500,1697.804653
-47.0,500,1697.861158
-47.5,500,1698.146107
-46.6,500,1698.202844
-46.7,500,1698.260242
-47.0,500,1698.316811
-46.6,500,1698.602138
-47.1,500,1698.65979
-46.8,500,1698.716391
-47.1,500,1698.772619
-46.7,500,1699.056075
-46.5,500,1699.113881
-47.0,500,1699.169454
-46.5,500,1699.22727
-46.5,500,1699.510801
-46.7,500,1699.568105
-46.8,500,1699.623769
-46.8,500,1699.68058
-46.9,500,1699.964534
-46.9,500,1700.021705
-48.3,500,1700.078871
-47.2,500,1700.135965
-47.4,500,1700.419986
-46.7,500,1700.476794
-47.6,500,1700.534265
-48.0,500,1700.590737
-47.5,500,1700.875262
-47.2,500,1700.931941
-47.5,500,1700.989791
-46.9,500,1701.046179
-47.4,500,1701.330965
-46.7,500,1701.388599
-46.7,500,1701.444632
-47.0,500,1701.501645
-46.6,500,1701.784977
-47.1,500,1701.842713
-46.8,500,1701.898825
-46.7,500,1701.956165
-46.7,500,1702.012494
-46.9,500,1702.296048
-46.6,500,1702.352622
-46.7,500,1702.408836
-46.8,500,1702.466397
-46.7,500,1702.778913
-46.9,500,1702.836324
-46.7,500,1702.892923
-46.7,500,1702.94899
-46.5,500,1703.233028
-46.8,500,1703.289632
-47.3,500,1703.347591
-46.8,500,1703.403507
-46.5,500,1703.687309
-46.5,500,1703.742799
-47.2,500,1703.799177
-47.5,500,1703.854857
-46.5,500,1704.138832
-46.5,500,1704.194489
-47.0,500,1704.251775
-46.5,500,1704.307586
-46.5,500,1704.590234
-46.8,500,1704.647671
-47.3,500,1704.704697
-46.9,500,1704.761758
-47.2,500,1705.04571
-46.6,500,1705.103186
-47.5,500,1705.158984
-46.9,500,1705.216481
-47.0,500,1705.499445
-47.9,500,1705.557581
-46.7,500,1705.61408
-47.5,500,1705.671171
-46.7,500,1705.954575
-47.1,500,1706.011854
-46.7,500,1706.069581
-46.9,500,1706.125317
-46.8,500,1706.409349
-47.0,500,1706.465749
-47.2,500,1706.522588
-46.8,500,1706.578772
-46.9,500,1706.636055
-46.8,500,1706.919954
-47.9,500,1706.976695
-48.4,500,1707.033824
-47.2,500,1707.090471
-47.6,500,1707.3745
-47.0,500,1707.431208
-46.8,500,1707.488411
-47.3,500,1707.543992
-47.0,500,1707.828838
-48.5,500,1707.885964
-47.6,500,1707.941958
-47.2,500,1707.998813
-47.6,500,1708.281823
-47.6,500,1708.339429
-46.7,500,1708.39577
-47.2,500,1708.452858
-47.2,500,1708.73721
-47.1,500,1708.794105
-47.6,500,1708.850638
-47.1,500,1708.908384
-46.7,500,1709.190541
-46.8,500,1709.246347
-46.8,500,1709.304046
-46.6,500,1709.361867
-46.8,500,1709.644599
-47.5,500,1709.700017
-47.2,500,1709.756909
-47.6,500,1709.812616
-46.6,500,1710.093646
-46.8,500,1710.149188
-47.2,500,1710.207077
-46.6,500,1710.262535
-46.7,500,1710.550575
-46.9,500,1710.608337
-47.1,500,1710.664359
-46.5,500,1710.721167
-47.1,500,1711.00398
-46.6,500,1711.061455
-48.3,500,1711.116472
-47.2,500,1711.172793
-46.8,500,1711.455425
-46.9,500,1711.51327
-46.7,500,1711.571117
-47.0,500,1711.627955
-46.8,500,1711.685383
-49.4,500,1711.969505
-47.2,500,1712.026285
-48.0,500,1712.082491
-46.7,500,1712.139792
-46.9,500,1712.422739
-47.5,500,1712.479911
-47.0,500,1712.535195
-46.7,500,1712.592091
-47.1,500,1712.876759
-46.7,500,1712.933809
-46.7,500,1712.99123
-46.6,500,1713.047345
-46.8,500,1713.330391
-48.2,500,1713.387328
-47.0,500,1713.443651
-46.9,500,1713.49995
-48.2,500,1713.783796
-46.9,500,1713.841157
-47.3,500,1713.897706
-46.7,500,1713.954752
-46.8,500,1714.238581
-47.0,500,1714.296276
-46.8,500,1714.351824
-47.0,500,1714.409313
-47.3,500,1714.692203
-47.9,500,1714.750159
-47.6,500,1714.80687
-47.8,500,1714.863322
-47.5,500,1715.146566
-47.3,500,1715.203512
-49.1,500,1715.260982
-46.9,500,1715.317113
-47.5,500,1715.601171
-47.9,500,1715.65807
-47.2,500,1715.715616
-47.1,500,1715.770796
-47.2,500,1716.054691
-46.8,500,1716.112013
-46.8,500,1716.169417
-47.5,500,1716.224997
-46.8,500,1716.281267
-46.7,500,1716.566506
-46.7,500,1716.622917
-46.6,500,1716.680179
-47.1,500,1716.735905
-47.1,500,1717.01944
-46.7,500,1717.076062
-46.8,500,1717.132716
-46.7,500,1717.189198
-47.6,500,1717.473055
-47.0,500,1717.530002
-46.8,500,1717.586891
-47.2,500,1717.644006
-46.7,500,1717.926454
-46.6,500,1717.984066
-46.6,500,1718.039728
-46.7,500,1718.097228
-46.8,500,1718.379837
-47.0,500,1718.437125
-46.5,500,1718.49406
-47.1,500,1718.550645
-46.6,500,1718.83535
-46.7,500,1718.892352
-46.9,500,1718.949589
-47.5,500,1719.008466
-46.8,500,1719.292205
-46.5,500,1719.348084
-46.9,500,1719.405701
-46.5,500,1719.461646
-47.2,500,1719.744978
-47.0,500,1719.802677
-47.0,500,1719.85895
-47.0,500,1719.915907
-46.7,500,1720.198408
-47.1,500,1720.255951
-46.8,500,1720.312055
-46.7,500,1720.369158
-46.6,500,1720.652423
-46.8,500,1720.708262
-46.8,500,1720.765778
-46.6,500,1720.822111
-47.2,500,1721.105938
-47.0,500,1721.162105
-47.2,500,1721.218929
-46.8,500,1721.275548
-46.8,500,1721.332715
-46.8,500,1721.614913
-47.3,500,1721.672272
-47.0,500,1721.727816
-49.5,500,1721.78531
-46.7,500,1722.069109
-47.0,500,1722.125767
-47.1,500,1722.182807
-46.7,500,1722.238747
-47.5,500,1722.52286
-46.7,500,1722.578533
-46.8,500,1722.635003
-47.1,500,1722.690782
-46.6,500,1722.974383
-46.9,500,1723.030532
-47.6,500,1723.087486
-46.6,500,1723.143202
-47.6,500,1723.459874
-46.8,500,1723.517616
-47.7,500,1723.574619
-47.1,500,1723.63134
-46.9,500,1723.914806
-46.9,500,1723.971601
-47.3,500,1724.028367
-47.0,500,1724.083741
-47.3,500,1724.368087
-47.3,500,1724.424698
-47.2,500,1724.481904
-47.3,500,1724.537925
-47.6,500,1724.821225
-47.5,500,1724.878689
-47.4,500,1724.934707
-47.4,500,1724.991519
-46.8,500,1725.274942
-47.2,500,1725.332357
-47.8,500,1725.387607
-46.9,500,1725.444388
-47.0,500,1725.726103
-46.8,500,1725.783348
-47.9,500,1725.840643
-46.7,500,1725.89657
-47.4,500,1725.953052
-46.9,500,1726.236703
-46.8,500,1726.292913
-47.8,500,1726.34844
-46.7,500,1726.405747
-47.6,500,1726.690035
-47.3,500,1726.747237
-48.1,500,1726.803289
-46.6,500,1726.860194
-47.3,500,1727.144077
-46.6,500,1727.200374
-46.9,500,1727.25713
-46.5,500,1727.314166
-46.5,500,1727.598103
-47.4,500,1727.654725
-47.2,500,1727.711995
-46.6,500,1727.767744
-49.4,500,1728.051669
-52.6,500,1728.109786
-50.3,500,1728.166478
-50.8,500,1728.223653
-47.9,500,1728.509424
-48.3,500,1728.56652
-48.0,500,1728.622965
-48.1,500,1728.679049
-47.9,500,1728.961817
-47.1,500,1729.01922
-48.5,500,1729.075562
-47.1,500,1729.132891
-47.2,500,1729.41625
-47.8,500,1729.47255
-47.2,500,1729.530138
-47.7,500,1729.585251
-46.7,500,1729.869266
-46.9,500,1729.92571
-46.6,500,1729.983391
-47.3,500,1730.039052
-46.8,500,1730.322207
-47.0,500,1730.37869
-46.7,500,1730.436211
-46.7,500,1730.492534
-47.1,500,1730.550223
-46.8,500,1730.834092
-46.7,500,1730.89134
-47.3,500,1730.947886
-46.8,500,1731.004268
-46.9,500,1731.28907
-46.7,500,1731.344966
-46.8,500,1731.40272
-46.6,500,1731.458725
-47.0,500,1731.742627
-46.8,500,1731.799863
-47.4,500,1731.856195
-47.4,500,1731.913968
-46.7,500,1732.197122
-47.5,500,1732.254034
-46.8,500,1732.310241
-47.5,500,1732.366638
-46.9,500,1732.65052
-46.5,500,1732.708238
-46.9,500,1732.764233
-46.9,500,1732.821919
-46.5,500,1733.104935
-47.1,500,1733.162667
-47.0,500,1733.218938
-46.8,500,1733.276694
-46.8,500,1733.562363
-47.2,500,1733.61895
-48.1,500,1733.675986
-47.0,500,1733.732474
-46.7,500,1734.016871
-47.1,500,1734.074053
-46.9,500,1734.131924
-46.7,500,1734.188313
-46.9,500,1734.472945
-46.7,500,1734.529067
-46.5,500,1734.58646
-47.0,500,1734.642215
-46.8,500,1734.927153
-46.6,500,1734.984264
-47.2,500,1735.040774
-46.9,500,1735.097425
-46.9,500,1735.380259
-46.7,500,1735.437669
-46.9,500,1735.494138
-46.9,500,1735.551922
-46.9,500,1735.608245
-47.2,500,1735.891736
-46.9,500,1735.947483
-46.9,500,1736.004528
-46.7,500,1736.060938
-47.0,500,1736.344285
-46.5,500,1736.402332
-46.6,500,1736.459539
-46.6,500,1736.516585
-47.5,500,1736.801251
-46.6,500,1736.858818
-47.1,500,1736.91508
-46.5,500,1736.972568
-48.0,500,1737.255881
-48.2,500,1737.313006
-48.0,500,1737.369822
-48.9,500,1737.42634
-48.1,500,1737.710395
-47.2,500,1737.766502
-48.0,500,1737.824145
-47.1,500,1737.880391
-47.8,500,1738.164192
-47.2,500,1738.221044
-47.0,500,1738.278566
-47.0,500,1738.334738
-47.3,500,1738.620601
-47.8,500,1738.677074
-48.2,500,1738.733867
-47.2,500,1738.7913
-46.7,500,1739.076366
-47.0,500,1739.133939
-46.5,500,1739.190861
-46.6,500,1739.248355
-47.5,500,1739.531182
-46.7,500,1739.589242
-46.7,500,1739.645355
-46.9,500,1739.703165
-47.3,500,1739.987257
-46.9,500,1740.044026
-46.8,500,1740.1017
-46.5,500,1740.157696
-46.5,500,1740.214363
-47.6,500,1740.497567
-47.4,500,1740.55482
-47.2,500,1740.61198
-47.9,500,1740.669065
-47.5,500,1740.953364
-47.3,500,1741.010187
-48.3,500,1741.066731
-47.7,500,1741.123755
-47.4,500,1741.408074
-47.0,500,1741.464657
-47.2,500,1741.521999
-47.0,500,1741.578238
-47.6,500,1741.863317
-47.5,500,1741.92007
-47.0,500,1741.977404
-47.4,500,1742.033897
-47.1,500,1742.318331
-46.8,500,1742.376426
-47.0,500,1742.432508
-46.8,500,1742.489643
-47.6,500,1742.802756
-46.7,500,1742.859626
-47.6,500,1742.916472
-47.5,500,1742.973131
-46.5,500,1743.257163
-47.2,500,1743.313027
-47.5,500,1743.369581
-47.5,500,1743.426628
-47.1,500,1743.710487
-46.7,500,1743.765188
-47.2,500,1743.821809
-47.1,500,1743.877601
-46.5,500,1744.164808
-47.0,500,1744.220416
-46.8,500,1744.277695
-46.5,500,1744.334355
-47.0,500,1744.617782
-46.9,500,1744.675576
-47.2,500,1744.731596
-46.8,500,1744.788404
-47.0,500,1745.070549
-47.6,500,1745.128405
-46.8,500,1745.184251
-46.7,500,1745.241936
-47.1,500,1745.297578
-47.4,500,1745.581267
-47.3,500,1745.637587
-47.5,500,1745.69502
-47.1,500,1745.751053
-46.6,500,1746.033903
-46.6,500,1746.091043
-47.2,500,1746.146818
-46.9,500,1746.203588
-46.7,500,1746.486561
-46.9,500,1746.543687
-46.5,500,1746.599325
-46.7,500,1746.655906
-47.3,500,1746.938385
-46.8,500,1746.996073
-47.4,500,1747.052288
-46.9,500,1747.109554
-46.8,500,1747.392165
-46.6,500,1747.450146
-47.3,500,1747.507346
-46.5,500,1747.564019
-47.5,500,1747.847388
-48.2,500,1747.90442
-48.0,500,1747.960865
-48.3,500,1748.017629
-48.3,500,1748.301677
-48.1,500,1748.358705
-47.8,500,1748.41659
-47.6,500,1748.47311
-47.9,500,1748.757951
-48.0,500,1748.815055
-47.3,500,1748.871709
-46.9,500,1748.928745
-47.4,500,1749.211498
-46.8,500,1749.268203
-47.1,500,1749.324211
-46.8,500,1749.380637
-46.9,500,1749.662762
-47.6,500,1749.720648
-47.3,500,1749.777425
-47.1,500,1749.83416
-47.4,500,1749.890818
-47.2,500,1750.173946
-47.1,500,1750.231666
-47.2,500,1750.287371
-46.8,500,1750.344929
-46.6,500,1750.627321
-47.1,500,1750.683876
-47.4,500,1750.74
-46.9,500,1750.797386
-47.1,500,1751.081528
-46.6,500,1751.137825
-46.9,500,1751.194594
-47.3,500,1751.250947
-46.7,500,1751.534183
-48.1,500,1751.590592
-47.2,500,1751.648441
-46.8,500,1751.704413
-46.9,500,1751.989124
-46.5,500,1752.045721
-47.3,500,1752.103121
-47.1,500,1752.158984
-46.5,500,1752.443562
-47.0,500,1752.501651
-47.1,500,1752.558461
-46.8,500,1752.615693
-47.1,500,1752.898503
-46.6,500,1752.956189
-47.4,500,1753.013345
-47.0,500,1753.070184
-47.0,500,1753.354374
-46.8,500,1753.411513
-46.6,500,1753.468569
-46.5,500,1753.524601
-46.9,500,1753.809209
-46.5,500,1753.866346
-46.5,500,1753.924112
-47.2,500,1753.980318
-46.9,500,1754.265018
-46.7,500,1754.32194
-46.6,500,1754.378855
-47.0,500,1754.435237
-46.6,500,1754.717625
-46.6,500,1754.775523
-47.7,500,1754.831705
-46.6,500,1754.888114
-46.5,500,1754.943331
-46.5,500,1755.227824
-47.5,500,1755.284671
-46.9,500,1755.341502
-47.9,500,1755.398106
-46.6,500,1755.681333
-47.7,500,1755.738206
-47.1,500,1755.794767
-46.5,500,1755.851758
-46.9,500,1756.13466
-47.1,500,1756.191914
-47.1,500,1756.248719
-47.0,500,1756.306124
-47.9,500,1756.589928
-47.3,500,1756.647122
-47.2,500,1756.703098
-48.3,500,1756.759922
-47.0,500,1757.04355
-46.9,500,1757.100521
-47.3,500,1757.158014
-47.3,500,1757.213852
-47.4,500,1757.498113
-46.6,500,1757.555265
-47.8,500,1757.612442
-47.3,500,1757.667573
-46.9,500,1757.951565
-47.5,500,1758.009209
-47.0,500,1758.065648
-47.0,500,1758.122397
-46.5,500,1758.406754
-46.7,500,1758.463825
-47.8,500,1758.520686
-46.8,500,1758.57749
-47.6,500,1758.861077
-47.0,500,1758.919168
-46.8,500,1758.974976
-46.8,500,1759.032462
-47.4,500,1759.314537
-47.2,500,1759.372339
-47.0,500,1759.427569
-47.0,500,1759.484234
-46.9,500,1759.540068
-46.9,500,1759.823177
-46.5,500,1759.879707
-47.6,500,1759.936367
-46.7,500,1759.992599
-46.9,500,1760.275665
-47.2,500,1760.332954
-46.9,500,1760.389213
-47.4,500,1760.446343
-47.5,500,1760.728692
-47.1,500,1760.785914
-47.0,500,1760.842702
-46.7,500,1760.899941
-46.9,500,1761.183682
-46.9,500,1761.239945
-47.1,500,1761.297358
-46.7,500,1761.353509
-47.2,500,1761.635793
-47.4,500,1761.69192
-46.6,500,1761.748769
-46.6,500,1761.80474
-47.0,500,1762.120046
-46.9,500,1762.177278
-46.7,500,1762.233093
-46.7,500,1762.289687
-47.4,500,1762.573082
-46.8,500,1762.630223
-47.2,500,1762.686173
-46.6,500,1762.743201
-46.5,500,1763.026724
-47.0,500,1763.083328
-46.5,500,1763.140641
-47.1,500,1763.196259
-47.2,500,1763.483468
-47.1,500,1763.540323
-47.8,500,1763.597301
-46.7,500,1763.65243
-46.7,500,1763.936065
-46.8,500,1763.993631
-47.2,500,1764.049582
-47.8,500,1764.106782
-46.5,500,1764.163245
-46.6,500,1764.4466
-47.7,500,1764.502828
-46.7,500,1764.560159
-46.6,500,1764.616437
-47.1,500,1764.899651
-47.2,500,1764.955721
-46.5,500,1765.01335
-48.0,500,1765.06878
-46.5,500,1765.353274
-47.1,500,1765.410872
-46.5,500,1765.467705
-47.3,500,1765.524509
-46.7,500,1765.807546
-47.0,500,1765.864002
-47.0,500,1765.919551
-46.7,500,1765.977189
-46.8,500,1766.259931
-47.1,500,1766.31802
-46.5,500,1766.375669
-46.7,500,1766.432055
-46.9,500,1766.715722
-46.9,500,1766.772069
-46.7,500,1766.829571
-46.5,500,1766.885613
-46.5,500,1767.170353
-46.6,500,1767.226748
-46.6,500,1767.283694
-46.7,500,1767.339919
-47.5,500,1767.623089
-46.5,500,1767.681276
-47.0,500,1767.737325
-47.1,500,1767.795348
-47.0,500,1768.1177
-47.3,500,1768.179577
-47.8,500,1768.238281
-47.7,500,1768.301526
-47.1,500,1768.612337
-48.2,500,1768.669677
-47.3,500,1768.724834
-47.5,500,1768.782679
-47.2,500,1769.065843
-46.9,500,1769.121898
-47.3,500,1769.178872
-47.7,500,1769.235046
-47.6,500,1769.291804
-47.7,500,1769.575295
-47.2,500,1769.632857
-46.7,500,1769.688127
-47.0,500,1769.74488
-46.5,500,1770.04923
-46.7,500,1770.105514
-47.2,500,1770.162717
-47.6,500,1770.218696
-46.9,500,1770.50354
-47.2,500,1770.560402
-47.0,500,1770.617801
-47.2,500,1770.673667
-47.1,500,1770.95682
-47.0,500,1771.013515
-46.7,500,1771.071279
-46.5,500,1771.127845
-46.7,500,1771.412379
-46.9,500,1771.469965
-46.9,500,1771.525621
-46.9,500,1771.582311
-47.0,500,1771.866334
-46.6,500,1771.923427
-46.5,500,1771.978889
-46.8,500,1772.035653
-46.8,500,1772.318047
-47.2,500,1772.37543
-46.9,500,1772.432104
-47.2,500,1772.488842
-47.2,500,1772.771758
-48.3,500,1772.828022
-47.9,500,1772.88491
-48.0,500,1772.94074
-47.8,500,1773.223386
-47.5,500,1773.279259
-47.5,500,1773.335913
-46.9,500,1773.392807
-47.4,500,1773.678199
-47.8,500,1773.734512
-46.9,500,1773.79145
-47.3,500,1773.848295
-46.9,500,1773.904942
-47.1,500,1774.189594
-47.4,500,1774.246052
-47.1,500,1774.30385
-47.4,500,1774.360588
-47.2,500,1774.644563
-46.9,500,1774.701175
-46.8,500,1774.758543
-47.2,500,1774.815566
-46.9,500,1775.099474
-47.0,500,1775.156772
-48.4,500,1775.213616
-46.9,500,1775.27084
-47.4,500,1775.55462
-46.7,500,1775.611945
-46.7,500,1775.667789
-47.0,500,1775.724724
-46.7,500,1776.007971
-47.5,500,1776.064977
-47.1,500,1776.120963
-46.9,500,1776.177918
-46.6,500,1776.46304
-46.8,500,1776.521083
-46.9,500,1776.578478
-47.1,500,1776.634066
-47.1,500,1776.915833
-46.9,500,1776.972016
-46.8,500,1777.0286
-46.5,500,1777.086163
-46.6,500,1777.369627
-46.7,500,1777.42462
-47.9,500,1777.48261
-46.6,500,1777.538514
-46.8,500,1777.821666
-47.5,500,1777.878935
-47.4,500,1777.935319
-46.5,500,1777.992205
-46.5,500,1778.274966
-47.2,500,1778.33216
-47.2,500,1778.388357
-46.9,500,1778.446149
-46.7,500,1778.729647
-46.7,500,1778.786886
-46.5,500,1778.844101
-47.3,500,1778.900036
-46.8,500,1778.957228
-47.3,500,1779.240951
-47.4,500,1779.297667
-46.5,500,1779.352986
-46.9,500,1779.409631
-46.5,500,1779.69201
-46.5,500,1779.74943
-47.2,500,1779.80545
-47.6,500,1779.86318
-48.0,500,1780.146161
-47.6,500,1780.202746
-47.6,500,1780.259185
-47.4,500,1780.315194
-47.2,500,1780.59879
-47.7,500,1780.654903
-47.4,500,1780.712176
-48.0,500,1780.768549
-47.2,500,1781.051264
-46.7,500,1781.107057
-47.0,500,1781.164527
-46.9,500,1781.22127
-46.8,500,1781.505415
-47.4,500,1781.562788
-46.8,500,1781.619951
-46.8,500,1781.676983
-47.2,500,1781.989198
-46.7,500,1782.046601
-47.5,500,1782.102619
-46.6,500,1782.160081
-46.5,500,1782.444199
-47.0,500,1782.500657
-46.7,500,1782.558654
-47.1,500,1782.615507
-47.5,500,1782.900258
-46.6,500,1782.956811
-46.7,500,1783.013733
-46.7,500,1783.069909
-46.7,500,1783.353301
-46.7,500,1783.411453
-46.8,500,1783.469188
-47.2,500,1783.5261
-46.6,500,1783.582685
-46.7,500,1783.868412
-46.7,500,1783.923916
-46.6,500,1783.980538
-46.6,500,1784.036787
-46.9,500,1784.320766
-47.9,500,1784.3759
-46.8,500,1784.433232
-46.5,500,1784.488913
-47.0,500,1784.774542
-46.8,500,1784.831594
-47.1,500,1784.887384
-46.6,500,1784.944026
-47.1,500,1785.225767
-46.5,500,1785.282979
-46.5,500,1785.338505
-47.1,500,1785.395537
-46.6,500,1785.676773
-47.1,500,1785.733341
-46.7,500,1785.789203
-47.1,500,1785.846402
-47.4,500,1786.129142
-47.0,500,1786.186552
-46.5,500,1786.24288
-46.9,500,1786.299787
-47.3,500,1786.582669
-47.1,500,1786.639601
-46.8,500,1786.697003
-46.6,500,1786.75294
-46.5,500,1787.036004
-47.1,500,1787.091556
-47.1,500,1787.147557
-46.9,500,1787.202851
-46.6,500,1787.48693
-47.3,500,1787.543624
-47.0,500,1787.600682
-46.8,500,1787.657342
-47.5,500,1787.939507
-46.5,500,1787.998484
-46.7,500,1788.059481
-46.6,500,1788.116593
-47.8,500,1788.172631
-47.7,500,1788.459468
-46.8,500,1788.516578
-47.1,500,1788.573342
-46.8,500,1788.629862
-46.7,500,1788.912535
-47.5,500,1788.968685
-48.3,500,1789.024995
-46.5,500,1789.082395
-47.1,500,1789.365766
-46.8,500,1789.423671
-46.9,500,1789.47922
-46.7,500,1789.536405
-47.1,500,1789.819007
-46.6,500,1789.876515
-46.7,500,1789.932046
-46.6,500,1789.988768
-46.8,500,1790.273228
-47.3,500,1790.329586
-47.0,500,1790.386396
-47.3,500,1790.443014
-47.4,500,1790.725313
-47.4,500,1790.781876
-46.6,500,1790.839678
-46.9,500,1790.895861
-47.0,500,1791.179002
-47.5,500,1791.235244
-47.3,500,1791.291303
-47.0,500,1791.347914
-47.7,500,1791.631043
-47.7,500,1791.688795
-47.0,500,1791.745006
-47.3,500,1791.802297
-48.6,500,1792.08522
-46.9,500,1792.142037
-47.1,500,1792.19819
-47.3,500,1792.255298
-47.4,500,1792.539225
-46.9,500,1792.596298
-47.3,500,1792.653866
-48.1,500,1792.709884
-46.6,500,1792.992115
-48.1,500,1793.048798
-46.6,500,1793.106428
-47.5,500,1793.162284
-46.7,500,1793.219701
-46.7,500,1793.502239
-46.6,500,1793.559074
-47.5,500,1793.615509
-47.1,500,1793.67156
-46.9,500,1793.955266
-47.0,500,1794.011938
-47.0,500,1794.068902
-46.8,500,1794.125377
-46.6,500,1794.408883
-47.3,500,1794.465333
-46.8,500,1794.522176
-46.8,500,1794.577894
-46.8,500,1794.861182
-46.8,500,1794.917768
-47.1,500,1794.975363
-46.8,500,1795.032812
-47.2,500,1795.316541
-47.3,500,1795.373851
-46.9,500,1795.431215
-47.5,500,1795.48789
-46.6,500,1795.770796
-46.5,500,1795.827726
-46.8,500,1795.88313
-46.5,500,1795.940151
-46.5,500,1796.223211
-46.7,500,1796.281141
-47.2,500,1796.335555
-47.0,500,1796.391762
-47.1,500,1796.675296
-47.0,500,1796.732159
-46.8,500,1796.789268
-46.5,500,1796.845545
-46.7,500,1797.128457
-46.7,500,1797.184929
-46.7,500,1797.24107
-46.9,500,1797.297675
-46.9,500,1797.581813
-46.7,500,1797.637904
-47.0,500,1797.69445
-47.1,500,1797.750369
-46.6,500,1797.808317
-46.7,500,1798.091742
-46.7,500,1798.147897
-47.9,500,1798.20399
-46.9,500,1798.259241
-46.8,500,1798.546643
-47.1,500,1798.602623
-46.5,500,1798.659453
-47.2,500,1798.714701
-47.7,500,1798.998648
-46.7,500,1799.055235
-47.6,500,1799.113419
-46.8,500,1799.169146
-46.7,500,1799.454444
-46.9,500,1799.510599
-46.8,500,1799.567141
-46.8,500,1799.623979
-46.7,500,1799.90649
-46.7,500,1799.963813
-47.4,500,1800.020129
-47.1,500,1800.077688
-47.0,500,1800.359636
-46.9,500,1800.41755
-46.7,500,1800.474087
-46.6,500,1800.531034
-46.8,500,1800.815515
-46.7,500,1800.871942
-46.8,500,1800.92901
-46.6,500,1800.9849
-46.5,500,1801.269182
-46.6,500,1801.325144
-46.7,500,1801.382666
-46.6,500,1801.438724
-46.5,500,1801.722256
-46.5,500,1801.779091
-47.3,500,1801.838588
-47.2,500,1801.913763
-46.6,500,1802.197714
-46.7,500,1802.254214
-46.7,500,1802.311943
-46.5,500,1802.368161
-46.8,500,1802.650546
-46.8,500,1802.707258
-46.8,500,1802.766643
-46.8,500,1802.823
-47.3,500,1802.880672
-47.1,500,1803.164597
-46.7,500,1803.222058
-47.0,500,1803.278196
-46.9,500,1803.335603
-47.1,500,1803.622885
-46.8,500,1803.678638
-47.9,500,1803.734666
-46.7,500,1803.790581
-47.5,500,1804.075104
-46.6,500,1804.13174
-46.9,500,1804.189167
-46.9,500,1804.245187
-46.7,500,1804.529183
-47.1,500,1804.586409
-46.5,500,1804.643193
-46.6,500,1804.700586
-46.9,500,1804.983139
-46.7,500,1805.040796
-46.5,500,1805.09708
-47.0,500,1805.153679
-47.0,500,1805.436088
-47.5,500,1805.494294
-47.9,500,1805.551135
-47.6,500,1805.608232
-47.4,500,1805.890543
-47.1,500,1805.947111
-47.4,500,1806.004396
-46.9,500,1806.061086
-46.8,500,1806.344027
-47.1,500,1806.400066
-46.9,500,1806.456967
-47.7,500,1806.513202
-46.8,500,1806.796791
-46.9,500,1806.853717
-47.1,500,1806.91101
-46.8,500,1806.967831
-47.5,500,1807.251088
-47.0,500,1807.309036
-46.6,500,1807.3656
-47.2,500,1807.42286
-47.0,500,1807.478801
-47.7,500,1807.763145
-46.6,500,1807.819043
-47.1,500,1807.876772
-46.8,500,1807.93279
-47.7,500,1808.216472
-46.7,500,1808.272475
-46.5,500,1808.329448
-47.4,500,1808.385788
-46.5,500,1808.671823
-46.9,500,1808.728256
-46.7,500,1808.785393
-47.2,500,1808.841951
-47.1,500,1809.12454
-47.1,500,1809.181779
-47.0,500,1809.237452
-46.8,500,1809.294322
-46.8,500,1809.575593
-46.8,500,1809.632999
-46.6,500,1809.688485
-47.3,500,1809.745065
-46.9,500,1810.026429
-46.5,500,1810.084109
-46.7,500,1810.14097
-46.7,500,1810.196961
-47.6,500,1810.477737
-48.1,500,1810.534622
-48.4,500,1810.590925
-47.9,500,1810.647767
-48.6,500,1810.930422
-47.3,500,1810.987141
-47.5,500,1811.044434
-48.0,500,1811.10074
-48.1,500,1811.38334
-46.9,500,1811.440777
-47.3,500,1811.496736
-47.1,500,1811.553117
-47.1,500,1811.836593
-47.0,500,1811.89372
-46.5,500,1811.948951
-46.8,500,1812.005422
-47.2,500,1812.288373
-46.8,500,1812.346503
-46.9,500,1812.402895
-46.9,500,1812.459962
-46.7,500,1812.515913
-46.7,500,1812.799773
-47.1,500,1812.857387
-47.0,500,1812.913116
-47.8,500,1812.97067
-47.7,500,1813.255053
-47.3,500,1813.31191
-47.9,500,1813.367698
-47.1,500,1813.424571
-47.7,500,1813.709391
-47.8,500,1813.767217
-47.0,500,1813.823493
-46.9,500,1813.880343
-46.9,500,1814.163749
-46.7,500,1814.221641
-47.5,500,1814.278217
-47.2,500,1814.333982
-47.1,500,1814.619048
-46.6,500,1814.675219
-46.6,500,1814.73238
-46.8,500,1814.788493
-46.7,500,1815.072773
-46.7,500,1815.128722
-46.6,500,1815.186399
-47.8,500,1815.242163
-46.6,500,1815.525988
-46.6,500,1815.58302
-46.5,500,1815.639682
-46.5,500,1815.696427
-46.7,500,1815.979417
-46.5,500,1816.036694
-46.7,500,1816.093125
-46.9,500,1816.150527
-47.2,500,1816.434233
-47.4,500,1816.490588
-47.7,500,1816.547575
-47.5,500,1816.604058
-47.2,500,1816.887193
-46.8,500,1816.94321
-47.2,500,1817.000059
-47.6,500,1817.055755
-47.3,500,1817.112095
-47.6,500,1817.394785
-46.8,500,1817.451328
-47.0,500,1817.505891
-47.1,500,1817.562449
-46.8,500,1817.845279
-47.2,500,1817.901189
-47.0,500,1817.958206
-47.4,500,1818.014866
-46.8,500,1818.299344
-46.8,500,1818.356597
-46.7,500,1818.413625
-46.7,500,1818.470155
-46.9,500,1818.75465
-47.1,500,1818.810365
-46.6,500,1818.867303
-46.6,500,1818.923987
-46.8,500,1819.207596
-46.6,500,1819.264021
-46.6,500,1819.321218
-46.8,500,1819.379087
-46.9,500,1819.662361
-46.8,500,1819.719614
-47.2,500,1819.775861
-46.8,500,1819.833552
-47.0,500,1820.116886
-46.9,500,1820.174625
-46.9,500,1820.231232
-46.7,500,1820.288652
-46.6,500,1820.5724
-46.7,500,1820.628418
-47.2,500,1820.685426
-47.4,500,1820.740462
-46.9,500,1821.024991
-46.5,500,1821.081007
-47.7,500,1821.138609
-46.9,500,1821.195318
-46.8,500,1821.47991
-47.3,500,1821.53693
-47.0,500,1821.594549
-47.2,500,1821.651663
-47.2,500,1821.708711
-47.2,500,1822.014423
-47.8,500,1822.076969
-47.0,500,1822.133662
-47.3,500,1822.190314
-47.1,500,1822.474424
-47.4,500,1822.532378
-46.7,500,1822.58814
-47.8,500,1822.645021
-46.7,500,1822.927989
-46.5,500,1822.985036
-46.8,500,1823.040554
-47.3,500,1823.097167
-46.7,500,1823.378337
-46.7,500,1823.435263
-46.8,500,1823.492085
-47.0,500,1823.548074
-46.7,500,1823.832308
-47.3,500,1823.889001
-47.1,500,1823.945644
-46.7,500,1824.00202
-47.0,500,1824.285716
-46.6,500,1824.34174
-46.8,500,1824.398421
-46.9,500,1824.454444
-47.1,500,1824.738507
-46.5,500,1824.794557
-47.1,500,1824.852118
-46.7,500,1824.908856
-46.9,500,1825.19196
-46.9,500,1825.247876
-46.8,500,1825.30501
-47.0,500,1825.360429
-46.6,500,1825.645733
-46.5,500,1825.703472
-46.6,500,1825.759826
-46.5,500,1825.816766
-46.8,500,1826.100237
-47.0,500,1826.157522
-46.9,500,1826.214061
-47.4,500,1826.271142
-46.5,500,1826.554294
-46.6,500,1826.612324
-46.6,500,1826.669425
-46.7,500,1826.726411
-46.5,500,1826.783347
-47.7,500,1827.066564
-46.8,500,1827.123949
-46.5,500,1827.18032
-46.5,500,1827.238172
-47.0,500,1827.521907
-46.6,500,1827.57901
-46.7,500,1827.635174
-47.0,500,1827.692669
-46.7,500,1827.976304
-46.9,500,1828.033384
-47.3,500,1828.089139
-47.1,500,1828.145794
-46.7,500,1828.428367
-47.5,500,1828.485086
-46.7,500,1828.542357
-48.0,500,1828.598592
-46.5,500,1828.882256
-47.9,500,1828.938257
-46.8,500,1828.995328
-47.3,500,1829.051514
-46.8,500,1829.334544
-46.7,500,1829.390803
-47.7,500,1829.44742
-46.5,500,1829.50328
-46.5,500,1829.787243
-46.7,500,1829.844069
-47.0,500,1829.900176
-47.9,500,1829.957133
-46.9,500,1830.239496
-46.9,500,1830.296664
-46.5,500,1830.352228
-47.3,500,1830.408788
-46.9,500,1830.690538
-46.5,500,1830.74765
-46.7,500,1830.805427
-46.9,500,1830.861319
-46.7,500,1831.145369
-46.7,500,1831.201251
-46.5,500,1831.258926
-46.5,500,1831.315845
-46.5,500,1831.373
-46.5,500,1831.656426
-46.7,500,1831.714136
-46.7,500,1831.770395
-46.5,500,1831.826997
-46.8,500,1832.110007
-46.9,500,1832.165744
-46.8,500,1832.222889
-46.7,500,1832.277832
-46.9,500,1832.561326
-46.9,500,1832.617805
-46.7,500,1832.675112
-47.5,500,1832.731467
-47.6,500,1833.013778
-46.7,500,1833.069793
-46.5,500,1833.126832
-47.3,500,1833.182884
-47.6,500,1833.467476
-46.7,500,1833.525618
-46.9,500,1833.581003
-46.7,500,1833.637057
-46.8,500,1833.919275
-46.9,500,1833.976835
-46.9,500,1834.032321
-47.1,500,1834.089177
-47.3,500,1834.3725
-46.5,500,1834.430605
-46.9,500,1834.486527
-47.5,500,1834.543429
-48.1,500,1834.827262
-46.9,500,1834.884086
-47.5,500,1834.941408
-46.8,500,1834.997324
-48.3,500,1835.280995
-47.0,500,1835.337872
-46.5,500,1835.395656
-47.4,500,1835.451665
-47.1,500,1835.735028
-46.5,500,1835.791487
-46.5,500,1835.848438
-46.6,500,1835.90525
-47.0,500,1836.18926
-46.9,500,1836.246905
-47.1,500,1836.302671
-46.7,500,1836.35922
-46.7,500,1836.416167
-46.5,500,1836.701173
-46.9,500,1836.757931
-47.2,500,1836.814577
-47.7,500,1836.870578
-46.5,500,1837.154611
-46.7,500,1837.211794
-46.9,500,1837.268732
-46.7,500,1837.325119
-46.5,500,1837.610116
-46.7,500,1837.667851
-46.6,500,1837.724312
-46.8,500,1837.782068
-46.7,500,1838.065355
-47.4,500,1838.122487
-46.6,500,1838.178391
-46.7,500,1838.235134
-47.5,500,1838.520688
-47.0,500,1838.577012
-46.5,500,1838.634447
-46.7,500,1838.689998
-46.7,500,1838.972865
-46.7,500,1839.031599
-47.0,500,1839.088674
-47.1,500,1839.143952
-46.9,500,1839.427446
-47.7,500,1839.484284
-49.1,500,1839.542202
-46.5,500,1839.598229
-46.5,500,1839.88313
-46.5,500,1839.940621
-47.5,500,1839.997579
-46.6,500,1840.055084
-46.7,500,1840.337216
-46.9,500,1840.39515
-46.9,500,1840.450395
-46.5,500,1840.507775
-46.8,500,1840.790068
-47.0,500,1840.846573
-47.0,500,1840.903024
-46.8,500,1840.959635
-46.7,500,1841.01638
-46.5,500,1841.29972
-47.1,500,1841.357587
-46.7,500,1841.414765
-46.8,500,1841.472091
-46.8,500,1841.753377
-48.2,500,1841.810993
-47.5,500,1841.866709
-47.3,500,1841.923624
-46.9,500,1842.238767
-47.1,500,1842.295334
-46.7,500,1842.352341
-47.1,500,1842.407464
-46.6,500,1842.691461
-46.7,500,1842.746983
-47.1,500,1842.805526
-46.5,500,1842.862362
-48.1,500,1843.145302
-46.9,500,1843.202996
-46.5,500,1843.2595
-46.7,500,1843.316537
-47.8,500,1843.602088
-46.8,500,1843.659419
-46.9,500,1843.714763
-46.5,500,1843.771677
-47.1,500,1844.055408
-46.7,500,1844.111593
-46.7,500,1844.168818
-47.1,500,1844.224563
-47.5,500,1844.507671
-46.6,500,1844.564307
-46.5,500,1844.621851
-47.1,500,1844.677498
-47.1,500,1844.96364
-46.9,500,1845.021899
-46.8,500,1845.078957
-47.6,500,1845.137065
-47.0,500,1845.420708
-47.1,500,1845.478531
-46.7,500,1845.533563
-47.8,500,1845.589548
-47.1,500,1845.645251
-47.1,500,1845.929424
-47.5,500,1845.985954
-47.7,500,1846.043198
-47.5,500,1846.099378
-47.1,500,1846.38156
-47.3,500,1846.439396
-46.7,500,1846.495953
-46.9,500,1846.553091
-46.9,500,1846.835669
-46.8,500,1846.892251
-46.9,500,1846.948899
-46.7,500,1847.006256
-46.6,500,1847.289955
-47.3,500,1847.348108
-47.0,500,1847.405512
-48.1,500,1847.462166
-47.5,500,1847.745981
-46.8,500,1847.802581
-46.7,500,1847.860488
-47.2,500,1847.916473
-46.8,500,1848.199408
-47.0,500,1848.255754
-47.4,500,1848.312624
-47.0,500,1848.369213
-47.5,500,1848.654299
-46.9,500,1848.711278
-47.1,500,1848.768624
-46.9,500,1848.824492
-47.1,500,1849.107368
-46.8,500,1849.163628
-47.5,500,1849.220014
-47.2,500,1849.277535
-46.8,500,1849.559495
-47.1,500,1849.616651
-46.6,500,1849.672331
-47.6,500,1849.728949
-47.5,500,1850.011321
-46.7,500,1850.068646
-47.2,500,1850.124727
-47.4,500,1850.181548
-46.8,500,1850.462924
-46.7,500,1850.519761
-46.9,500,1850.576634
-46.9,500,1850.634121
-46.9,500,1850.692006
-46.9,500,1850.97427
-46.7,500,1851.031211
-46.5,500,1851.087315
-46.8,500,1851.14483
-46.6,500,1851.426037
-46.7,500,1851.484134
-47.0,500,1851.539524
-46.8,500,1851.594554
-46.7,500,1851.877999
-47.2,500,1851.934431
-46.6,500,1851.992233
-46.8,500,1852.047994
-46.6,500,1852.332678
-46.8,500,1852.390039
-47.5,500,1852.447911
-46.7,500,1852.503779
-47.1,500,1852.786342
-47.5,500,1852.844149
-46.5,500,1852.899969
-47.6,500,1852.957688
-47.5,500,1853.2402
-48.5,500,1853.298138
-47.9,500,1853.354835
-48.4,500,1853.412479
-47.5,500,1853.696648
-47.8,500,1853.753674
-47.5,500,1853.80902
-47.3,500,1853.86636
-47.3,500,1854.147284
-47.2,500,1854.205508
-48.1,500,1854.262173
-47.5,500,1854.318554
-47.3,500,1854.600894
-48.2,500,1854.656693
-46.9,500,1854.71406
-47.5,500,1854.770502
-47.4,500,1855.053201
-47.0,500,1855.109378
-46.9,500,1855.166156
-46.9,500,1855.221755
-47.0,500,1855.27847
-47.3,500,1855.561693
-47.3,500,1855.617296
-46.7,500,1855.673902
-47.1,500,1855.729109
-46.9,500,1856.013096
-47.5,500,1856.069006
-47.1,500,1856.126218
-46.7,500,1856.182398
-46.7,500,1856.465019
-46.8,500,1856.521827
-46.8,500,1856.579266
-47.0,500,1856.634035
-49.7,500,1856.91823
-48.2,500,1856.97576
-48.5,500,1857.033104
-49.7,500,1857.089885
-48.6,500,1857.372475
-48.4,500,1857.429534
-48.7,500,1857.485308
-48.9,500,1857.542358
-48.7,500,1857.824699
-48.3,500,1857.882195
-48.1,500,1857.939406
-48.0,500,1857.996185
-47.6,500,1858.279629
-47.1,500,1858.336805
-47.0,500,1858.394458
-47.1,500,1858.449885
-47.1,500,1858.735294
-46.9,500,1858.792304
-47.0,500,1858.850083
-46.8,500,1858.907207
-46.8,500,1859.193579
-46.9,500,1859.251301
-47.1,500,1859.308122
-46.9,500,1859.365378
-47.7,500,1859.647913
-46.8,500,1859.706006
-47.2,500,1859.762151
-46.7,500,1859.819401
-47.3,500,1860.102063
-48.0,500,1860.158845
-47.2,500,1860.215811
-47.8,500,1860.272027
-46.9,500,1860.32951
-47.4,500,1860.610964
-47.9,500,1860.668009
-47.6,500,1860.724847
-47.2,500,1860.781834
-48.0,500,1861.06465
-47.4,500,1861.122541
-47.7,500,1861.178776
-47.0,500,1861.235685
-47.6,500,1861.549278
-46.7,500,1861.605395
-47.6,500,1861.662975
-46.6,500,1861.719226
-47.0,500,1862.004072
-46.9,500,1862.061185
-46.9,500,1862.117443
-47.3,500,1862.17471
-48.3,500,1862.45745
-47.3,500,1862.514586
-47.0,500,1862.570413
-46.9,500,1862.627177
-47.8,500,1862.911712
-48.1,500,1862.967679
-48.2,500,1863.025126
-48.1,500,1863.08123
-48.3,500,1863.364142
-47.3,500,1863.420459
-47.5,500,1863.477097
-48.4,500,1863.534084
-47.5,500,1863.817505
-49.3,500,1863.874223
-47.2,500,1863.931876
-47.0,500,1863.987206
-47.5,500,1864.270374
-46.6,500,1864.327818
-47.0,500,1864.383729
-47.2,500,1864.440893
-46.7,500,1864.723912
-46.9,500,1864.781268
-46.7,500,1864.838066
-47.6,500,1864.89593
-47.0,500,1864.952074
-47.3,500,1865.236401
-47.5,500,1865.293715
-47.9,500,1865.350473
-46.8,500,1865.407939
-47.2,500,1865.690616
-46.9,500,1865.747966
-47.8,500,1865.803419
-47.2,500,1865.860706
-47.7,500,1866.14386
-48.2,500,1866.201319
-48.5,500,1866.258704
-48.6,500,1866.316483
-48.0,500,1866.600207
-47.5,500,1866.657746
-47.6,500,1866.715094
-48.3,500,1866.772192
-47.3,500,1867.056746
-48.0,500,1867.113706
-46.8,500,1867.172054
-46.9,500,1867.228824
-47.2,500,1867.515561
-47.0,500,1867.573778
-47.3,500,1867.630653
-46.9,500,1867.688319
-47.3,500,1867.971502
-46.9,500,1868.029346
-47.5,500,1868.085456
-48.0,500,1868.143268
-47.2,500,1868.425697
-46.8,500,1868.483074
-47.1,500,1868.540238
-46.5,500,1868.598125
-47.0,500,1868.881973
-47.6,500,1868.938587
-48.3,500,1868.995159
-47.2,500,1869.052146
-47.1,500,1869.335669
-47.6,500,1869.392865
-47.5,500,1869.44979
-47.8,500,1869.505333
-47.7,500,1869.788454
-47.2,500,1869.844581
-46.8,500,1869.900599
-46.9,500,1869.956816
-47.1,500,1870.014272
-47.5,500,1870.296871
-47.7,500,1870.352655
-47.0,500,1870.410427
-46.5,500,1870.467104
-47.5,500,1870.750385
-47.2,500,1870.805802
-47.7,500,1870.863194
-46.8,500,1870.919739
-46.9,500,1871.204251
-47.2,500,1871.261676
-47.2,500,1871.318646
-46.9,500,1871.374851
-47.2,500,1871.657604
-47.2,500,1871.715358
-47.1,500,1871.771934
-46.6,500,1871.828817
-46.7,500,1872.111823
-47.9,500,1872.16877
-47.8,500,1872.224932
-47.0,500,1872.282439
-46.5,500,1872.566859
-47.0,500,1872.624349
-46.9,500,1872.681132
-47.1,500,1872.737022
-47.1,500,1873.020248
-46.8,500,1873.077006
-47.3,500,1873.134335
-46.6,500,1873.191063
-47.4,500,1873.476065
-47.0,500,1873.532528
-47.2,500,1873.589349
-47.4,500,1873.645482
-47.1,500,1873.928898
-47.7,500,1873.986692
-47.0,500,1874.043247
-48.1,500,1874.099889
-47.4,500,1874.381498
-47.0,500,1874.439311
-46.8,500,1874.495104
-47.3,500,1874.551695
-46.9,500,1874.607629
-47.6,500,1874.890728
-46.8,500,1874.947375
-46.8,500,1875.004281
-47.0,500,1875.061512
-46.5,500,1875.344836
-46.8,500,1875.402819
-46.9,500,1875.459363
-47.0,500,1875.516693
-47.7,500,1875.799969
-47.2,500,1875.858066
-47.1,500,1875.914436
-47.1,500,1875.971721
-47.4,500,1876.254637
-46.6,500,1876.310911
-47.3,500,1876.367754
-47.2,500,1876.423155
-46.6,500,1876.706592
-47.2,500,1876.763188
-46.9,500,1876.821016
-47.3,500,1876.876363
-47.5,500,1877.160378
-47.1,500,1877.217236
-46.7,500,1877.274815
-47.5,500,1877.330149
-48.0,500,1877.613648
-46.8,500,1877.670958
-47.0,500,1877.727322
-47.1,500,1877.783986
-46.9,500,1878.067239
-47.0,500,1878.124531
-48.0,500,1878.180706
-48.4,500,1878.238336
-47.6,500,1878.520628
-47.2,500,1878.579244
-47.2,500,1878.635013
-47.4,500,1878.691779
-47.6,500,1878.974047
-47.0,500,1879.030967
-47.9,500,1879.08693
-46.7,500,1879.142867
-46.9,500,1879.199837
-46.7,500,1879.484225
-46.7,500,1879.542033
-47.3,500,1879.597912
-47.4,500,1879.655121
-46.8,500,1879.937346
-46.7,500,1879.994666
-46.7,500,1880.051574
-47.0,500,1880.10832
-46.6,500,1880.393223
-47.3,500,1880.449399
-47.1,500,1880.506662
-47.4,500,1880.56243
-47.2,500,1880.874628
-47.3,500,1880.932489
-46.9,500,1880.988717
-46.9,500,1881.045541
-46.9,500,1881.327479
-47.0,500,1881.3854
-47.2,500,1881.441916
-48.1,500,1881.499431
-46.8,500,1881.783543
-47.1,500,1881.840511
-46.8,500,1881.897668
-46.6,500,1881.954518
-46.7,500,1882.236609
-47.2,500,1882.293439
-46.5,500,1882.350823
-46.7,500,1882.406572
-47.8,500,1882.690458
-46.7,500,1882.746142
-46.9,500,1882.802895
-47.7,500,1882.858954
-47.2,500,1883.142399
-46.9,500,1883.199339
-47.3,500,1883.256345
-48.2,500,1883.313637
-47.6,500,1883.599153
-47.5,500,1883.656535
-47.4,500,1883.713549
-46.8,500,1883.770605
-47.1,500,1884.052475
-47.0,500,1884.109295
-46.8,500,1884.165881
-47.1,500,1884.223115
-47.0,500,1884.280455
-47.2,500,1884.561952
-47.2,500,1884.61855
-46.9,500,1884.674585
-46.8,500,1884.732132
-47.7,500,1885.015399
-46.7,500,1885.07304
-47.0,500,1885.130173
-46.9,500,1885.186135
-47.3,500,1885.469745
-46.9,500,1885.526617
-47.0,500,1885.583478
-47.2,500,1885.63959
-46.6,500,1885.926137
-46.6,500,1885.982227
-48.2,500,1886.039913
-47.2,500,1886.096157
-47.3,500,1886.380164
-46.6,500,1886.436985
-46.6,500,1886.49405
-46.5,500,1886.551518
-46.5,500,1886.835217
-47.0,500,1886.892773
-47.1,500,1886.949028
-46.6,500,1887.006485
-47.6,500,1887.289394
-47.0,500,1887.346722
-47.4,500,1887.404437
-47.6,500,1887.460294
-47.4,500,1887.743746
-46.8,500,1887.799473
-47.9,500,1887.856647
-46.6,500,1887.913456
-47.7,500,1888.196991
-46.9,500,1888.253246
-47.2,500,1888.310983
-46.8,500,1888.36645
-47.6,500,1888.652733
-46.6,500,1888.710224
-46.9,500,1888.7665
-46.9,500,1888.823647
-46.7,500,1888.880147
-46.9,500,1889.164215
-47.1,500,1889.220428
-47.4,500,1889.278585
-46.8,500,1889.334751
-47.0,500,1889.619509
-46.6,500,1889.676617
-46.9,500,1889.733355
-47.1,500,1889.790202
-47.0,500,1890.073374
-46.7,500,1890.130649
-46.5,500,1890.186865
-46.8,500,1890.244258
-46.5,500,1890.527956
-46.6,500,1890.585128
-46.8,500,1890.642416
-47.3,500,1890.69787
-46.5,500,1890.982154
-46.5,500,1891.038729
-47.4,500,1891.095654
-47.4,500,1891.151075
-46.7,500,1891.434048
-46.8,500,1891.490034
-46.7,500,1891.547819
-47.4,500,1891.604113
-46.8,500,1891.887874
-46.9,500,1891.944711
-46.6,500,1892.00187
-46.9,500,1892.05901
-47.5,500,1892.341946
-46.6,500,1892.39965
-46.8,500,1892.455928
-47.5,500,1892.512841
-47.1,500,1892.795004
-46.9,500,1892.853085
-47.0,500,1892.910547
-47.4,500,1892.966419
-47.2,500,1893.250721
-47.3,500,1893.307887
-47.3,500,1893.365916
-47.1,500,1893.421707
-46.9,500,1893.708244
-46.6,500,1893.765102
-47.2,500,1893.822396
-46.8,500,1893.87809
-47.9,500,1893.934405
-46.7,500,1894.217851
-47.1,500,1894.274392
-46.8,500,1894.331192
-47.0,500,1894.388357
-46.9,500,1894.672913
-46.7,500,1894.729955
-46.6,500,1894.78729
-46.9,500,1894.844285
-46.5,500,1895.147608
-47.1,500,1895.209336
-46.9,500,1895.27075
-47.1,500,1895.32967
-47.1,500,1895.649065
-47.4,500,1895.704409
-47.2,500,1895.761628
-47.2,500,1895.818232
-47.3,500,1896.104746
-47.1,500,1896.161128
-47.0,500,1896.217593
-47.0,500,1896.275427
-47.0,500,1896.562229
-47.0,500,1896.619443
-47.2,500,1896.675517
-47.2,500,1896.73257
-46.8,500,1897.039145
-47.0,500,1897.095428
-47.0,500,1897.153317
-46.8,500,1897.209329
-46.5,500,1897.495048
-47.5,500,1897.551088
-46.8,500,1897.607677
-46.8,500,1897.662595
-46.7,500,1897.948016
-47.1,500,1898.005782
-47.8,500,1898.062313
-47.0,500,1898.118479
-47.2,500,1898.402404
-46.8,500,1898.460778
-47.1,500,1898.517918
-47.2,500,1898.576209
-46.9,500,1898.632224
-46.6,500,1898.916218
-47.2,500,1898.972137
-47.4,500,1899.029321
-46.9,500,1899.085107
-47.1,500,1899.369645
-47.0,500,1899.427179
-47.2,500,1899.484203
-47.2,500,1899.541447
-47.6,500,1899.825672
-47.4,500,1899.883403
-46.9,500,1899.939921
-47.2,500,1899.99778
-46.9,500,1900.28122
-47.8,500,1900.338809
-46.8,500,1900.395893
-46.5,500,1900.452076
-47.2,500,1900.736864
-47.0,500,1900.793776
-47.2,500,1900.850818
-46.5,500,1900.906499
-46.8,500,1901.19023
-47.1,500,1901.246521
-47.7,500,1901.304142
-47.5,500,1901.360095
-47.3,500,1901.676704
-47.7,500,1901.733541
-46.7,500,1901.789814
-47.3,500,1901.846549
-47.0,500,1902.130784
-46.5,500,1902.188508
-46.9,500,1902.244511
-46.7,500,1902.301405
-46.7,500,1902.58394
-46.9,500,1902.640811
-46.8,500,1902.697585
-47.2,500,1902.754051
-46.9,500,1903.038875
-46.9,500,1903.095696
-47.3,500,1903.153262
-47.1,500,1903.208755
-46.5,500,1903.266241
-46.8,500,1903.548053
-46.8,500,1903.606632
-46.6,500,1903.664435
-46.7,500,1903.720305
-46.5,500,1904.005619
-46.9,500,1904.060618
-47.0,500,1904.11757
-47.4,500,1904.173422
-47.5,500,1904.457636
-47.4,500,1904.513862
-46.7,500,1904.571092
-46.7,500,1904.628023
-47.0,500,1904.911317
-46.7,500,1904.968191
-47.4,500,1905.024548
-47.0,500,1905.080962
-46.7,500,1905.364546
-47.2,500,1905.421519
-47.5,500,1905.477108
-46.6,500,1905.534689
-47.7,500,1905.816673
-46.8,500,1905.874399
-46.7,500,1905.929824
-47.4,500,1905.98723
-47.2,500,1906.269187
-47.2,500,1906.326928
-46.7,500,1906.3842
-47.0,500,1906.440061
-46.7,500,1906.723162
-46.7,500,1906.779133
-47.0,500,1906.836441
-46.7,500,1906.893508
-47.3,500,1907.178117
-47.3,500,1907.234235
-47.3,500,1907.2921
-47.0,500,1907.348276
-47.0,500,1907.633353
-47.4,500,1907.691119
-47.8,500,1907.7477
-46.6,500,1907.804091
-47.1,500,1908.08698
-46.9,500,1908.145016
-47.3,500,1908.200639
-46.9,500,1908.257543
-47.5,500,1908.313263
-46.7,500,1908.599451
-47.5,500,1908.65764
-47.2,500,1908.714646
-46.5,500,1908.771616
-47.6,500,1909.0555
-48.2,500,1909.112789
-48.3,500,1909.169053
-48.5,500,1909.226276
-47.8,500,1909.509098
-47.5,500,1909.566477
-47.4,500,1909.622581
-47.4,500,1909.680092
-47.8,500,1909.964392
-47.2,500,1910.021606
-46.7,500,1910.078756
-47.1,500,1910.13497
-47.5,500,1910.418282
-47.5,500,1910.474658
-47.1,500,1910.532157
-47.2,500,1910.588359
-47.2,500,1910.871924
-47.4,500,1910.928512
-47.4,500,1910.985976
-46.7,500,1911.043321
-47.1,500,1911.326966
-47.0,500,1911.384859
-47.3,500,1911.440535
-46.6,500,1911.497403
-46.5,500,1911.780965
-46.7,500,1911.838829
-46.9,500,1911.895029
-47.1,500,1911.952406
-47.7,500,1912.236389
-46.9,500,1912.293005
-46.7,500,1912.349931
-46.6,500,1912.40581
-47.3,500,1912.690289
-47.1,500,1912.746286
-46.7,500,1912.803571
-47.0,500,1912.860013
-47.4,500,1912.917206
-46.8,500,1913.200463
-47.3,500,1913.25885
-47.1,500,1913.31509
-46.9,500,1913.372725
-46.7,500,1913.659378
-46.9,500,1913.715649
-47.1,500,1913.772354
-46.5,500,1913.827962
-47.3,500,1914.112585
-47.7,500,1914.169107
-47.1,500,1914.226413
-47.7,500,1914.282289
-46.8,500,1914.56736
-47.0,500,1914.624173
-46.9,500,1914.682108
-47.1,500,1914.738378
-47.2,500,1915.022113
-47.0,500,1915.080715
-46.6,500,1915.136384
-46.7,500,1915.1938
-46.8,500,1915.47667
-47.0,500,1915.532916
-47.2,500,1915.588013
-46.8,500,1915.645704
-46.7,500,1915.928042
-47.3,500,1915.985255
-46.6,500,1916.042399
-47.4,500,1916.099718
-46.7,500,1916.383563
-47.7,500,1916.439856
-46.9,500,1916.497048
-46.6,500,1916.553264
-46.9,500,1916.837095
-46.7,500,1916.89372
-46.8,500,1916.951032
-46.9,500,1917.007546
-46.5,500,1917.291695
-46.8,500,1917.349366
-46.8,500,1917.405489
-46.7,500,1917.462388
-47.0,500,1917.745579
-46.7,500,1917.80263
-46.7,500,1917.859378
-47.9,500,1917.916125
-47.3,500,1917.971614
-46.7,500,1918.25505
-46.8,500,1918.311431
-47.2,500,1918.368532
-46.5,500,1918.423546
-47.8,500,1918.710359
-47.5,500,1918.76805
-48.1,500,1918.824148
-48.4,500,1918.88101
-47.4,500,1919.164338
-47.3,500,1919.222275
-47.7,500,1919.278249
-47.7,500,1919.335683
-47.0,500,1919.61847
-46.8,500,1919.676119
-47.0,500,1919.732025
-47.4,500,1919.788351
-46.7,500,1920.07316
-46.6,500,1920.129303
-46.7,500,1920.186519
-47.1,500,1920.242669
-46.8,500,1920.5271
-46.8,500,1920.582523
-47.1,500,1920.639957
-46.5,500,1920.695669
-46.5,500,1920.979548
-46.5,500,1921.036828
-46.5,500,1921.093127
-46.7,500,1921.150001
-46.9,500,1921.434116
-46.9,500,1921.492099
-47.0,500,1921.548443
-47.1,500,1921.605732
-47.3,500,1921.888554
-46.9,500,1921.945705
-46.8,500,1922.001733
-46.5,500,1922.058368
-46.8,500,1922.339951
-46.5,500,1922.397046
-47.3,500,1922.453847
-47.0,500,1922.510486
-46.7,500,1922.567275
-46.5,500,1922.8504
-47.1,500,1922.934539
-48.0,500,1922.992355
-47.4,500,1923.048063
-46.7,500,1923.332237
-46.6,500,1923.388781
-46.9,500,1923.445592
-47.5,500,1923.502064
-47.9,500,1923.786884
-47.0,500,1923.843408
-47.4,500,1923.899943
-47.5,500,1923.956522
-46.5,500,1924.240351
-47.1,500,1924.296687
-46.8,500,1924.352539
-46.9,500,1924.409816
-46.5,500,1924.691916
-47.1,500,1924.749795
-46.5,500,1924.806631
-48.0,500,1924.864112
-47.3,500,1925.151044
-47.3,500,1925.208399
-46.6,500,1925.265637
-46.5,500,1925.321787
-47.2,500,1925.605652
-46.9,500,1925.662332
-46.9,500,1925.719865
-46.6,500,1925.775741
-46.6,500,1926.059092
-46.5,500,1926.11451
-46.7,500,1926.17231
-47.2,500,1926.229356
-46.6,500,1926.514403
-47.0,500,1926.572283
-46.7,500,1926.62833
-46.7,500,1926.685366
-46.5,500,1926.968953
-47.1,500,1927.026506
-46.7,500,1927.082235
-46.7,500,1927.139153
-46.6,500,1927.421195
-46.5,500,1927.4788
-46.5,500,1927.535626
-47.0,500,1927.592837
-47.6,500,1927.649652
-46.5,500,1927.932465
-46.8,500,1927.989614
-47.1,500,1928.046549
-47.1,500,1928.103818
-47.2,500,1928.386595
-46.8,500,1928.444403
-47.3,500,1928.501447
-46.9,500,1928.559065
-47.1,500,1928.846533
-46.7,500,1928.902345
-47.0,500,1928.960365
-46.7,500,1929.02184
-46.8,500,1929.333267
-46.8,500,1929.394877
-47.2,500,1929.45856
-46.7,500,1929.52217
-46.5,500,1929.820822
-46.5,500,1929.878819
-46.5,500,1929.935907
-47.1,500,1929.992829
-46.5,500,1930.27803
-46.9,500,1930.334085
-46.6,500,1930.391175
-47.8,500,1930.44731
-46.5,500,1930.733724
-46.6,500,1930.791059
-46.5,500,1930.849891
-46.5,500,1930.915182
-47.2,500,1931.204256
-46.8,500,1931.261113
-47.6,500,1931.317835
-46.7,500,1931.375263
-46.7,500,1931.658809
-47.3,500,1931.716515
-47.5,500,1931.773369
-47.1,500,1931.829914
-46.6,500,1932.113664
-46.7,500,1932.171309
-46.9,500,1932.226693
-47.1,500,1932.282896
-46.5,500,1932.338758
-46.6,500,1932.623462
-46.9,500,1932.680911
-47.8,500,1932.73745
-46.9,500,1932.793887
-47.3,500,1933.076589
-46.8,500,1933.133558
-47.4,500,1933.189828
-47.3,500,1933.24659
-47.1,500,1933.531503
-47.3,500,1933.58973
-47.1,500,1933.646354
-46.5,500,1933.704381
-46.6,500,1933.988726
-47.1,500,1934.044474
-46.7,500,1934.101503
-46.5,500,1934.157813
-46.5,500,1934.441538
-46.9,500,1934.497755
-46.7,500,1934.555476
-46.8,500,1934.611917
-47.2,500,1934.896267
-47.1,500,1934.953824
-47.7,500,1935.010952
-46.7,500,1935.068699
-46.9,500,1935.351508
-47.5,500,1935.408652
-47.4,500,1935.465224
-46.9,500,1935.5223
-47.0,500,1935.805432
-47.9,500,1935.862534
-46.6,500,1935.917876
-47.2,500,1935.974955
-47.5,500,1936.25873
-46.9,500,1936.315854
-47.3,500,1936.373393
-46.7,500,1936.429823
-46.7,500,1936.714369
-46.7,500,1936.770336
-47.1,500,1936.826825
-46.7,500,1936.883017
-46.5,500,1936.939994
-46.5,500,1937.222956
-47.4,500,1937.279846
-46.8,500,1937.33516
-46.8,500,1937.392044
-46.6,500,1937.676492
-46.9,500,1937.732748
-47.6,500,1937.789656
-46.5,500,1937.845784
-46.5,500,1938.129832
-47.3,500,1938.18573
-46.5,500,1938.243236
-46.7,500,1938.299785
-46.6,500,1938.584389
-47.1,500,1938.642252
-47.5,500,1938.698618
-47.2,500,1938.754991
-46.6,500,1939.03874
-47.0,500,1939.096385
-47.3,500,1939.152997
-46.8,500,1939.210462
-46.7,500,1939.493257
-47.5,500,1939.550911
-47.3,500,1939.607368
-47.1,500,1939.664177
-47.1,500,1939.947651
-47.5,500,1940.004022
-47.0,500,1940.061592
-47.1,500,1940.117163
-47.0,500,1940.400565
-46.5,500,1940.456818
-46.9,500,1940.514313
-46.9,500,1940.570569
-47.1,500,1940.854346
-46.7,500,1940.911334
-46.5,500,1940.969214
-46.8,500,1941.025349
-47.1,500,1941.309849
-46.5,500,1941.367465
-47.1,500,1941.423685
-46.9,500,1941.48085
-47.1,500,1941.764134
-47.1,500,1941.821459
-47.0,500,1941.878201
-47.3,500,1941.935403
-47.5,500,1941.991852
-46.9,500,1942.276228
-46.9,500,1942.331805
-47.7,500,1942.388416
-47.2,500,1942.444466
-47.4,500,1942.727691
-48.1,500,1942.785309
-47.9,500,1942.841217
-47.9,500,1942.898982
-47.3,500,1943.182245
-47.2,500,1943.239688
-47.9,500,1943.296869
-46.8,500,1943.354732
-48.5,500,1943.678585
-46.6,500,1943.735747
-47.0,500,1943.79319
-47.0,500,1943.84961
-47.6,500,1944.134972
-47.2,500,1944.19265
-46.8,500,1944.248484
-47.1,500,1944.305334
-47.0,500,1944.589389
-46.9,500,1944.647007
-46.6,500,1944.703664
-47.2,500,1944.760439
-47.3,500,1945.044608
-46.9,500,1945.101688
-47.0,500,1945.159392
-46.7,500,1945.215998
-47.0,500,1945.500203
-47.1,500,1945.556221
-48.7,500,1945.613305
-47.1,500,1945.669649
-46.9,500,1945.953434
-46.9,500,1946.010073
-46.6,500,1946.066876
-48.9,500,1946.124035
-46.8,500,1946.407248
-47.3,500,1946.464905
-47.0,500,1946.521759
-47.1,500,1946.579305
-47.8,500,1946.635718
-47.4,500,1946.919316
-47.9,500,1946.976327
-48.1,500,1947.031927
-47.9,500,1947.088524
-47.6,500,1947.372033
-48.1,500,1947.430256
-46.6,500,1947.486823
-48.0,500,1947.544556
-47.3,500,1947.828276
-47.3,500,1947.884753
-47.6,500,1947.942107
-48.7,500,1947.998288
-47.0,500,1948.282822
-47.5,500,1948.338723
-47.1,500,1948.395986
-47.0,500,1948.451842
-46.8,500,1948.739228
-46.7,500,1948.796901
-46.5,500,1948.853639
-47.1,500,1948.910511
-47.3,500,1949.193672
-46.8,500,1949.251109
-47.0,500,1949.307505
-47.0,500,1949.364868
-47.0,500,1949.647764
-47.1,500,1949.70599
-46.7,500,1949.761723
-46.5,500,1949.819229
-46.8,500,1950.104108
-46.7,500,1950.160848
-47.4,500,1950.217731
-46.9,500,1950.273915
-46.7,500,1950.557725
-47.7,500,1950.613157
-46.8,500,1950.669734
-46.9,500,1950.72555
-47.1,500,1951.009161
-48.2,500,1951.066079
-46.8,500,1951.123315
-46.6,500,1951.180178
-46.6,500,1951.464699
-47.2,500,1951.52185
-47.0,500,1951.578099
-47.4,500,1951.635264
-46.9,500,1951.692049
-47.2,500,1951.976378
-46.5,500,1952.032632
-47.2,500,1952.089402
-46.9,500,1952.145976
-46.9,500,1952.430784
-47.1,500,1952.486541
-46.5,500,1952.544643
-46.7,500,1952.601166
-46.9,500,1952.885342
-47.0,500,1952.943559
-47.7,500,1952.999318
-46.9,500,1953.056406
-47.1,500,1953.342517
-46.9,500,1953.400492
-46.9,500,1953.457426
-46.7,500,1953.515299
-47.0,500,1953.80298
-46.6,500,1953.86057
-47.2,500,1953.918248
-46.9,500,1953.974581
-46.7,500,1954.256901
-47.4,500,1954.31286
-47.0,500,1954.369877
-46.9,500,1954.425794
-47.0,500,1954.709391
-46.9,500,1954.766245
-46.6,500,1954.824349
-47.8,500,1954.879658
-46.5,500,1955.162856
-47.2,500,1955.220257
-46.5,500,1955.276389
-47.0,500,1955.332939
-47.2,500,1955.616137
-46.5,500,1955.673531
-47.3,500,1955.73313
-47.2,500,1955.790522
-46.9,500,1956.073161
-46.7,500,1956.130614
-47.3,500,1956.186605
-46.5,500,1956.243406
-46.6,500,1956.300376
-46.6,500,1956.582777
-46.5,500,1956.640163
-47.0,500,1956.696597
-46.7,500,1956.753958
-47.6,500,1957.038558
-48.1,500,1957.09616
-48.3,500,1957.152429
-48.9,500,1957.210493
-48.6,500,1957.493912
-47.3,500,1957.551393
-48.7,500,1957.608714
-47.7,500,1957.665557
-47.4,500,1957.94959
-47.4,500,1958.006665
-47.5,500,1958.063778
-47.5,500,1958.119447
-47.0,500,1958.403109
-46.9,500,1958.459889
-46.7,500,1958.516934
-47.0,500,1958.572888
-47.0,500,1958.857505
-46.6,500,1958.914362
-47.2,500,1958.970579
-47.1,500,1959.027241
-47.0,500,1959.313763
-47.6,500,1959.370676
-46.5,500,1959.426676
-47.4,500,1959.483795
-47.2,500,1959.765778
-47.0,500,1959.826134
-47.1,500,1959.881473
-47.0,500,1959.938297
-46.7,500,1960.221079
-46.9,500,1960.278236
-46.5,500,1960.334877
-46.8,500,1960.390856
-46.5,500,1960.675164
-46.7,500,1960.730969
-46.6,500,1960.788143
-47.7,500,1960.844535
-47.0,500,1960.901789
-47.1,500,1961.184967
-46.7,500,1961.242083
-46.6,500,1961.298952
-47.3,500,1961.35567
-47.4,500,1961.639873
-47.4,500,1961.696538
-46.6,500,1961.753011
-46.8,500,1961.80916
-46.7,500,1962.0931
-46.9,500,1962.148638
-46.8,500,1962.205451
-46.7,500,1962.26152
-46.8,500,1962.545176
-47.7,500,1962.600843
-46.5,500,1962.658127
-46.9,500,1962.714359
-47.0,500,1962.998342
-46.7,500,1963.055634
-46.8,500,1963.1122
-46.9,500,1963.169269
-46.5,500,1963.452893
-47.0,500,1963.509991
-47.0,500,1963.566115
-47.1,500,1963.62393
-47.3,500,1963.948172
-47.2,500,1964.004743
-46.8,500,1964.061264
-47.3,500,1964.116731
-46.6,500,1964.400274
-46.9,500,1964.456094
-47.2,500,1964.512998
-46.5,500,1964.569019
-47.0,500,1964.852593
-47.7,500,1964.908989
-47.8,500,1964.966858
-47.3,500,1965.023595
-47.2,500,1965.307708
-47.2,500,1965.365485
-47.7,500,1965.421328
-47.2,500,1965.47769
-47.0,500,1965.760287
-47.0,500,1965.817639
-46.7,500,1965.874029
-46.5,500,1965.931792
-47.5,500,1965.987631
-46.7,500,1966.272185
-46.5,500,1966.329492
-46.5,500,1966.385684
-47.1,500,1966.442209
-46.5,500,1966.725407
-46.7,500,1966.782246
-46.5,500,1966.838734
-46.9,500,1966.895172
-47.3,500,1967.179649
-47.5,500,1967.237214
-47.6,500,1967.293018
-47.7,500,1967.349629
-47.2,500,1967.63469
-47.4,500,1967.690982
-46.8,500,1967.747053
-47.0,500,1967.803971
-46.8,500,1968.088203
-46.6,500,1968.145049
-48.2,500,1968.202467
-46.8,500,1968.258692
-47.4,500,1968.543958
-47.3,500,1968.600139
-46.6,500,1968.658064
-46.7,500,1968.713869
-46.8,500,1968.998451
-46.8,500,1969.056179
-47.5,500,1969.112067
-46.8,500,1969.168812
-46.5,500,1969.451294
-47.6,500,1969.508938
-47.7,500,1969.565246
-47.5,500,1969.622086
-46.5,500,1969.905447
-46.9,500,1969.96338
-46.5,500,1970.020023
-47.7,500,1970.077188
-46.7,500,1970.359578
-47.1,500,1970.416022
-46.7,500,1970.472076
-47.4,500,1970.528253
-46.9,500,1970.585392
-47.7,500,1970.867694
-46.9,500,1970.925082
-46.7,500,1970.981789
-46.7,500,1971.03883
-47.0,500,1971.320874
-47.5,500,1971.378097
-47.4,500,1971.43378
-47.2,500,1971.490645
-47.7,500,1971.774342
-47.3,500,1971.830876
-46.7,500,1971.887785
-47.0,500,1971.944231
-46.7,500,1972.228652
-46.9,500,1972.285244
-46.8,500,1972.342249
-46.7,500,1972.397802
-48.0,500,1972.68254
-47.2,500,1972.739564
-47.4,500,1972.796778
-47.1,500,1972.854116
-47.2,500,1973.137309
-47.2,500,1973.194018
-47.3,500,1973.249923
-47.0,500,1973.307108
-47.1,500,1973.590308
-46.9,500,1973.64902
-46.8,500,1973.706312
-46.8,500,1973.763331
-47.7,500,1974.046558
-46.5,500,1974.102674
-46.8,500,1974.159756
-46.9,500,1974.215632
-47.1,500,1974.499414
-46.7,500,1974.555329
-46.7,500,1974.612264
-46.7,500,1974.668961
-46.8,500,1974.952201
-47.3,500,1975.009232
-47.3,500,1975.066049
-46.6,500,1975.122549
-46.8,500,1975.405777
-47.5,500,1975.4635
-47.5,500,1975.519362
-47.9,500,1975.576476
-46.9,500,1975.633077
-47.4,500,1975.916951
-48.2,500,1975.973072
-47.1,500,1976.030218
-47.9,500,1976.085968
-47.6,500,1976.370295
-47.5,500,1976.428114
-48.1,500,1976.484683
-48.0,500,1976.54146
-47.2,500,1976.824161
-46.9,500,1976.881024
-47.3,500,1976.936786
-47.5,500,1976.9939
-47.0,500,1977.276313
-47.5,500,1977.333165
-46.9,500,1977.389077
-46.7,500,1977.446989
-47.2,500,1977.731129
-46.5,500,1977.788061
-47.0,500,1977.844543
-46.6,500,1977.901545
-47.3,500,1978.185095
-46.7,500,1978.241294
-47.2,500,1978.297958
-46.5,500,1978.353934
-47.1,500,1978.638995
-48.9,500,1978.695582
-48.3,500,1978.752771
-47.8,500,1978.808719
-48.2,500,1979.102817
-49.3,500,1979.160103
-47.4,500,1979.216795
-47.6,500,1979.273244
-47.6,500,1979.557405
-47.3,500,1979.615287
-47.3,500,1979.67174
-47.2,500,1979.728458
-47.3,500,1980.012161
-46.8,500,1980.068935
-47.0,500,1980.126144
-46.7,500,1980.182258
-46.6,500,1980.239982
-47.0,500,1980.523368
-46.7,500,1980.581113
-47.5,500,1980.637292
-47.2,500,1980.694463
-47.0,500,1980.97781
-46.9,500,1981.034387
-47.7,500,1981.0915
-46.6,500,1981.147159
-47.0,500,1981.431572
-47.3,500,1981.488109
-47.2,500,1981.544971
-47.4,500,1981.601823
-46.9,500,1981.884496
-47.2,500,1981.941759
-47.0,500,1981.998727
-47.1,500,1982.056067
-46.9,500,1982.339232
-46.7,500,1982.396631
-47.6,500,1982.453496
-47.5,500,1982.510883
-46.9,500,1982.793926
-46.7,500,1982.852145
-47.2,500,1982.909013
-47.0,500,1982.966729
-49.1,500,1983.249591
-47.0,500,1983.306346
-47.0,500,1983.363298
-46.8,500,1983.418749
-47.3,500,1983.704483
-46.7,500,1983.760701
-46.6,500,1983.818111
-47.1,500,1983.87484
-46.7,500,1984.159539
-47.2,500,1984.216424
-47.3,500,1984.273593
-48.2,500,1984.328717
-47.5,500,1984.641117
-47.3,500,1984.69769
-46.6,500,1984.7528
-46.9,500,1984.809913
-47.1,500,1985.093855
-47.2,500,1985.151713
-47.3,500,1985.207254
-47.2,500,1985.264211
-46.7,500,1985.321233
-47.5,500,1985.605103
-47.3,500,1985.662689
-47.0,500,1985.718256
-47.2,500,1985.776077
-46.8,500,1986.059343
-46.6,500,1986.116775
-46.8,500,1986.172306
-47.0,500,1986.22918
-47.2,500,1986.512102
-46.6,500,1986.568301
-46.7,500,1986.624758
-46.9,500,1986.682016
-47.0,500,1986.965562
-46.5,500,1987.021241
-46.8,500,1987.078812
-46.6,500,1987.134897
-46.7,500,1987.418968
-46.5,500,1987.474941
-46.9,500,1987.532185
-46.5,500,1987.588848
-46.9,500,1987.87263
-47.1,500,1987.92823
-46.7,500,1987.984666
-46.8,500,1988.041447
-47.6,500,1988.32499
-46.9,500,1988.382572
-47.4,500,1988.437926
-47.7,500,1988.494645
-47.5,500,1988.779879
-47.0,500,1988.837587
-46.8,500,1988.894224
-46.6,500,1988.951374
-46.9,500,1989.235248
-46.8,500,1989.291585
-46.9,500,1989.348793
-46.7,500,1989.406439
-46.7,500,1989.690907
-46.8,500,1989.746606
-46.9,500,1989.803352
-46.9,500,1989.858492
-47.6,500,1989.916385
-46.6,500,1990.198708
-47.1,500,1990.256017
-47.1,500,1990.312223
-46.8,500,1990.369346
-46.9,500,1990.652962
-46.7,500,1990.709727
-46.9,500,1990.766653
-46.8,500,1990.822435
-46.6,500,1991.106258
-46.6,500,1991.162771
-46.8,500,1991.219498
-47.0,500,1991.275718
-46.7,500,1991.559715
-46.5,500,1991.616709
-46.9,500,1991.673271
-46.7,500,1991.72918
-47.4,500,1992.014274
-46.9,500,1992.069807
-46.8,500,1992.126707
-47.0,500,1992.183819
-46.7,500,1992.467174
-47.0,500,1992.524782
-46.5,500,1992.581006
-46.9,500,1992.637986
-47.2,500,1992.921481
-46.9,500,1992.978759
-46.8,500,1993.03528
-47.6,500,1993.092281
-47.0,500,1993.37565
-46.8,500,1993.433474
-46.8,500,1993.490704
-46.9,500,1993.546972
-47.6,500,1993.832392
-46.8,500,1993.888963
-46.8,500,1993.94561
-46.7,500,1994.002018
-46.6,500,1994.285935
-47.0,500,1994.342744
-46.5,500,1994.399932
-46.6,500,1994.455595
-46.5,500,1994.512938
-46.8,500,1994.794685
-46.9,500,1994.85178
-47.5,500,1994.908683
-46.8,500,1994.965611
-47.1,500,1995.249625
-47.2,500,1995.307071
-46.7,500,1995.363869
-46.5,500,1995.420722
-46.8,500,1995.705385
-47.5,500,1995.761725
-46.7,500,1995.818199
-46.9,500,1995.873688
-46.5,500,1996.157388
-46.5,500,1996.213685
-46.7,500,1996.270878
-47.3,500,1996.327779
-46.5,500,1996.611123
-47.3,500,1996.668688
-46.7,500,1996.725613
-46.6,500,1996.783041
-46.7,500,1997.065905
-46.9,500,1997.123549
-46.9,500,1997.179607
-47.0,500,1997.236837
-47.0,500,1997.521483
-47.4,500,1997.57735
-46.5,500,1997.634114
-46.9,500,1997.690096
-46.5,500,1997.975673
-46.5,500,1998.031985
-47.4,500,1998.089597
-46.5,500,1998.145425
-47.4,500,1998.429628
-47.4,500,1998.485838
-46.5,500,1998.542933
-46.7,500,1998.600148
-47.1,500,1998.885142
-47.2,500,1998.942674
-46.8,500,1998.999387
-46.9,500,1999.056679
-47.2,500,1999.338895
-46.7,500,1999.396237
-46.5,500,1999.452407
-47.1,500,1999.509862
-46.6,500,1999.566193
-46.5,500,1999.849447
-46.8,500,1999.906087
-47.5,500,1999.963886
-46.6,500,2000.021186
-46.9,500,2000.303612
-46.9,500,2000.360528
-46.7,500,2000.416529
-46.7,500,2000.473764
-46.5,500,2000.756326
-46.7,500,2000.813748
-47.9,500,2000.868715
-47.1,500,2000.925039
-47.3,500,2001.207938
-47.0,500,2001.265104
-46.6,500,2001.321914
-46.8,500,2001.378611
-46.7,500,2001.662954
-47.1,500,2001.720099
-46.9,500,2001.777338
-46.8,500,2001.833635
-46.7,500,2002.117592
-46.7,500,2002.17316
-48.0,500,2002.230759
-46.6,500,2002.288063
-47.1,500,2002.571699
-46.5,500,2002.629913
-47.5,500,2002.686811
-47.2,500,2002.744494
-46.5,500,2003.028128
-47.0,500,2003.084906
-46.8,500,2003.141959
-47.1,500,2003.199441
-47.0,500,2003.483134
-46.7,500,2003.539942
-47.0,500,2003.597381
-47.2,500,2003.654078
-47.0,500,2003.940137
-47.3,500,2003.996594
-47.6,500,2004.053921
-46.9,500,2004.109933
-47.0,500,2004.190172
-46.5,500,2004.475084
-47.0,500,2004.531403
-47.5,500,2004.588577
-47.3,500,2004.644337
-47.5,500,2004.928522
-47.6,500,2004.985457
-47.2,500,2005.042712
-46.7,500,2005.099627
-47.7,500,2005.383498
-47.6,500,2005.441187
-47.6,500,2005.497446
-48.6,500,2005.55469
-48.0,500,2005.837836
-47.3,500,2005.894828
-48.0,500,2005.950734
-47.9,500,2006.007595
-47.2,500,2006.290295
-48.1,500,2006.348526
-47.3,500,2006.404815
-47.8,500,2006.462117
-47.3,500,2006.746634
-48.1,500,2006.802996
-47.5,500,2006.859744
-47.4,500,2006.915881
-48.0,500,2007.20003
-47.6,500,2007.25668
-47.3,500,2007.313929
-46.8,500,2007.369846
-47.2,500,2007.654494
-46.6,500,2007.710369
-46.6,500,2007.767307
-47.0,500,2007.822819
-46.9,500,2008.106666
-47.0,500,2008.163234
-47.0,500,2008.21984
-46.9,500,2008.276887
-46.6,500,2008.562871
-47.5,500,2008.620178
-46.6,500,2008.676507
-46.5,500,2008.73466
-46.6,500,2009.019006
-47.7,500,2009.075188
-47.8,500,2009.132063
-47.0,500,2009.187701
-47.4,500,2009.243415
-46.8,500,2009.526979
-47.1,500,2009.584512
-47.2,500,2009.641228
-48.2,500,2009.697679
-47.3,500,2009.982052
-49.0,500,2010.039381
-47.0,500,2010.09617
-47.6,500,2010.153017
-47.0,500,2010.436397
-47.3,500,2010.494286
-47.6,500,2010.550587
-47.3,500,2010.607778
-47.4,500,2010.95663
-46.6,500,2011.014666
-46.8,500,2011.071016
-46.9,500,2011.127968
-47.0,500,2011.411817
-46.9,500,2011.46929
-46.9,500,2011.525487
-46.6,500,2011.582282
-46.8,500,2011.863824
-47.7,500,2011.921454
-46.5,500,2011.977732
-47.5,500,2012.035391
-46.8,500,2012.319966
-46.5,500,2012.376744
-46.8,500,2012.433438
-46.6,500,2012.490194
-46.9,500,2012.773618
-47.4,500,2012.829958
-47.7,500,2012.886568
-47.3,500,2012.94352
-47.3,500,2013.228298
-46.6,500,2013.286117
-48.6,500,2013.342918
-47.5,500,2013.405249
-47.1,500,2013.721889
-47.1,500,2013.784455
-46.6,500,2013.849222
-46.9,500,2013.910748
-46.5,500,2013.972515
-47.0,500,2014.272461
-46.9,500,2014.32864
-47.4,500,2014.385727
-46.7,500,2014.440748
-46.5,500,2014.727629
-46.6,500,2014.783348
-46.8,500,2014.839806
-47.3,500,2014.896653
-47.2,500,2015.182934
-46.9,500,2015.242565
-46.5,500,2015.30914
-46.7,500,2015.367263
-47.8,500,2015.651883
-47.0,500,2015.708377
-46.7,500,2015.764174
-47.1,500,2015.82163
-47.2,500,2016.106857
-47.3,500,2016.163427
-46.7,500,2016.221319
-47.0,500,2016.278012
-46.9,500,2016.562847
-46.5,500,2016.618624
-46.8,500,2016.67635
-47.1,500,2016.732652
-47.9,500,2017.017894
-46.8,500,2017.07543
-47.1,500,2017.131583
-47.7,500,2017.189524
-47.2,500,2017.472388
-47.1,500,2017.529718
-46.9,500,2017.58613
-47.5,500,2017.643522
-47.0,500,2017.927491
-46.9,500,2017.985149
-46.7,500,2018.042734
-46.7,500,2018.098988
-47.3,500,2018.383753
-47.5,500,2018.441394
-47.1,500,2018.499054
-46.8,500,2018.555831
-47.1,500,2018.613539
-46.9,500,2018.896833
-47.0,500,2018.954442
-46.8,500,2019.010461
-46.9,500,2019.066909
-46.8,500,2019.350939
-46.6,500,2019.407445
-46.7,500,2019.463217
-46.5,500,2019.518895
-48.0,500,2019.802705
-46.8,500,2019.858818
-46.6,500,2019.916243
-47.0,500,2019.972528
-46.6,500,2020.257002
-46.9,500,2020.312719
-47.1,500,2020.369461
-46.7,500,2020.425576
-46.6,500,2020.709077
-46.8,500,2020.765396
-46.9,500,2020.822317
-47.6,500,2020.879529
-46.8,500,2021.162942
-46.9,500,2021.219301
-47.2,500,2021.275367
-47.3,500,2021.333288
-47.3,500,2021.616239
-47.3,500,2021.67327
-47.0,500,2021.729026
-47.2,500,2021.786023
-46.8,500,2022.071377
-46.5,500,2022.127782
-47.0,500,2022.184728
-47.2,500,2022.239902
-47.0,500,2022.524348
-47.0,500,2022.580446
-46.7,500,2022.637213
-46.9,500,2022.694351
-47.3,500,2022.979363
-47.2,500,2023.036055
-46.6,500,2023.092171
-47.0,500,2023.148535
-47.0,500,2023.432421
-46.9,500,2023.490644
-46.6,500,2023.547057
-46.5,500,2023.603974
-46.9,500,2023.660209
-46.6,500,2023.977967
-46.6,500,2024.035276
-47.2,500,2024.091771
-47.2,500,2024.148929
-47.2,500,2024.432905
-47.4,500,2024.489849
-46.7,500,2024.546486
-47.0,500,2024.60441
-47.5,500,2024.889269
-47.0,500,2024.945873
-46.7,500,2025.003921
-47.8,500,2025.061045
-47.7,500,2025.34577
-47.1,500,2025.402415
-46.8,500,2025.459874
-47.1,500,2025.51559
-47.0,500,2025.799792
-46.8,500,2025.856903
-47.0,500,2025.913562
-47.7,500,2025.97007
-46.9,500,2026.253343
-46.6,500,2026.310738
-47.1,500,2026.366116
-47.0,500,2026.423042
-46.6,500,2026.706387
-46.5,500,2026.764611
-46.8,500,2026.820623
-46.5,500,2026.878569
-46.7,500,2027.161106
-46.9,500,2027.217841
-46.6,500,2027.273693
-46.8,500,2027.330546
-46.7,500,2027.614894
-46.7,500,2027.671414
-46.8,500,2027.729295
-47.0,500,2027.786118
-47.0,500,2028.069779
-47.1,500,2028.126057
-46.5,500,2028.183659
-46.6,500,2028.240211
-46.6,500,2028.29764
-46.8,500,2028.581685
-46.8,500,2028.639625
-47.1,500,2028.697664
-46.6,500,2028.754444
-46.5,500,2029.039696
-46.5,500,2029.095242
-46.7,500,2029.151999
-46.7,500,2029.208519
-46.7,500,2029.491899
-46.7,500,2029.548378
-46.5,500,2029.606358
-46.5,500,2029.662246
-46.8,500,2029.947126
-46.8,500,2030.004909
-47.2,500,2030.061447
-47.2,500,2030.119051
-46.8,500,2030.402735
-46.8,500,2030.460377
-47.6,500,2030.516864
-47.2,500,2030.573755
-46.7,500,2030.857017
-47.2,500,2030.915007
-46.5,500,2030.971688
-46.5,500,2031.029253
-47.0,500,2031.314456
-46.7,500,2031.370358
-47.0,500,2031.42753
-47.9,500,2031.484008
-47.0,500,2031.768155
-46.5,500,2031.823959
-47.2,500,2031.881895
-46.9,500,2031.937449
-46.7,500,2032.221321
-46.7,500,2032.278515
-46.7,500,2032.334047
-47.1,500,2032.391223
-46.8,500,2032.673967
-47.6,500,2032.73136
-47.0,500,2032.788585
-47.3,500,2032.845743
-47.3,500,2033.129384
-46.7,500,2033.185989
-47.6,500,2033.243554
-48.2,500,2033.300306
-47.5,500,2033.356896
-46.7,500,2033.642545
-47.0,500,2033.70074
-47.3,500,2033.757321
-47.5,500,2033.813633
-47.3,500,2034.097496
-47.0,500,2034.154027
-46.9,500,2034.210659
-47.6,500,2034.26748
-46.8,500,2034.551701
-47.2,500,2034.607506
-47.1,500,2034.664809
-46.8,500,2034.721095
-47.0,500,2035.005545
-47.3,500,2035.062471
-46.6,500,2035.11964
-47.0,500,2035.17663
-47.3,500,2035.460378
-46.7,500,2035.516501
-46.9,500,2035.572447
-46.9,500,2035.62904
-46.9,500,2035.913068
-46.8,500,2035.971623
-46.8,500,2036.027726
-47.1,500,2036.084855
-46.9,500,2036.367144
-47.0,500,2036.425026
-46.6,500,2036.482372
-46.8,500,2036.538802
-46.7,500,2036.822458
-46.6,500,2036.878715
-46.5,500,2036.936276
-46.7,500,2036.991782
-46.7,500,2037.276506
-46.9,500,2037.333122
-46.7,500,2037.39034
-47.8,500,2037.446374
-46.8,500,2037.730314
-47.1,500,2037.78675
-46.5,500,2037.843567
-46.6,500,2037.900123
-46.6,500,2037.956399
-46.5,500,2038.241387
-46.7,500,2038.298413
-46.8,500,2038.355818
-46.5,500,2038.412876
-47.2,500,2038.698268
-48.0,500,2038.7551
-47.2,500,2038.810669
-48.1,500,2038.866622
-47.1,500,2039.150068
-47.4,500,2039.208182
-47.4,500,2039.2635
-47.3,500,2039.321006
-47.2,500,2039.603893
-47.0,500,2039.661747
-46.8,500,2039.717546
-46.9,500,2039.774842
-47.0,500,2040.05843
-47.0,500,2040.11479
-47.2,500,2040.170605
-47.3,500,2040.226821
-46.9,500,2040.5112
-46.8,500,2040.568045
-47.5,500,2040.625287
-47.4,500,2040.681517
-47.0,500,2040.965849
-47.1,500,2041.022625
-47.8,500,2041.080256
-46.7,500,2041.136695
-46.7,500,2041.421551
-46.9,500,2041.478461
-47.6,500,2041.534701
-47.0,500,2041.591845
-47.0,500,2041.874998
-46.7,500,2041.933001
-47.0,500,2041.988913
-46.7,500,2042.045857
-46.5,500,2042.328472
-46.7,500,2042.385792
-46.8,500,2042.443074
-47.6,500,2042.499744
-46.9,500,2042.783569
-47.4,500,2042.840285
-46.7,500,2042.897503
-47.1,500,2042.953972
-47.2,500,2043.011321
-46.9,500,2043.293806
-47.7,500,2043.352025
-47.3,500,2043.40891
-46.6,500,2043.466075
-46.7,500,2043.753907
-46.7,500,2043.810011
-46.6,500,2043.867354
-47.3,500,2043.924744
-46.9,500,2044.211519
-47.1,500,2044.268199
-46.8,500,2044.325339
-46.6,500,2044.381803
-46.5,500,2044.665435
-46.9,500,2044.722464
-46.9,500,2044.779204
-47.0,500,2044.836383
-47.3,500,2045.151972
-46.9,500,2045.208617
-46.7,500,2045.26596
-47.9,500,2045.321441
-46.8,500,2045.60576
-46.8,500,2045.662479
-46.9,500,2045.71947
-46.6,500,2045.775422
-47.0,500,2046.059583
-46.8,500,2046.116344
-47.3,500,2046.173703
-46.7,500,2046.230671
-47.5,500,2046.514697
-47.7,500,2046.572149
-46.7,500,2046.628059
-46.9,500,2046.685404
-47.0,500,2046.968586
-47.9,500,2047.025537
-46.8,500,2047.08108
-46.9,500,2047.137653
-47.2,500,2047.42182
-46.7,500,2047.478284
-46.7,500,2047.534837
-47.1,500,2047.590982
-46.8,500,2047.647145
-46.5,500,2047.930285
-47.9,500,2047.987574
-47.9,500,2048.042729
-47.1,500,2048.099889
-47.2,500,2048.382515
-47.0,500,2048.439835
-47.1,500,2048.49596
-47.1,500,2048.552655
-46.7,500,2048.837979
-46.6,500,2048.894567
-47.6,500,2048.950762
-46.9,500,2049.007269
-46.7,500,2049.291929
-47.2,500,2049.347074
-47.0,500,2049.403977
-47.2,500,2049.460345
-47.2,500,2049.744174
-46.6,500,2049.80097
-47.1,500,2049.857894
-47.2,500,2049.913609
-47.0,500,2050.229287
-47.8,500,2050.292483
-47.4,500,2050.354386
-47.1,500,2050.417728
-47.2,500,2050.724022
-46.7,500,2050.780825
-47.2,500,2050.837489
-47.4,500,2050.893812
-46.8,500,2051.178991
-47.3,500,2051.236616
-47.2,500,2051.292367
-47.1,500,2051.349059
-47.2,500,2051.633446
-46.7,500,2051.691028
-46.6,500,2051.747616
-47.7,500,2051.805856
-46.6,500,2052.108056
-46.7,500,2052.165621
-47.2,500,2052.222429
-47.1,500,2052.279
-47.2,500,2052.335533
-47.0,500,2052.619353
-46.9,500,2052.675953
-46.8,500,2052.732246
-47.8,500,2052.788888
-46.7,500,2053.072913
-47.1,500,2053.13002
-47.1,500,2053.186475
-46.5,500,2053.243311
-46.9,500,2053.528421
-46.6,500,2053.585973
-47.3,500,2053.643561
-46.6,500,2053.701132
-46.5,500,2053.986685
-46.7,500,2054.041901
-46.5,500,2054.099408
-46.7,500,2054.155266
-46.7,500,2054.43866
-48.1,500,2054.494566
-46.7,500,2054.552712
-46.5,500,2054.60899
-46.9,500,2054.892072
-47.0,500,2054.949782
-46.7,500,2055.006031
-46.5,500,2055.063412
-46.6,500,2055.346463
-47.5,500,2055.404041
-46.5,500,2055.460377
-46.5,500,2055.517389
-46.7,500,2055.801477
-46.6,500,2055.858179
-46.6,500,2055.915438
-46.9,500,2055.971751
-47.3,500,2056.256556
-46.7,500,2056.313383
-46.9,500,2056.371017
-46.5,500,2056.427071
-46.5,500,2056.711312
-47.3,500,2056.769147
-46.8,500,2056.825443
-46.6,500,2056.882483
-46.7,500,2057.166948
-46.8,500,2057.22513
-46.5,500,2057.282223
-46.7,500,2057.340012
-46.5,500,2057.396363
-46.7,500,2057.681382
-46.9,500,2057.737109
-46.5,500,2057.794641
-47.4,500,2057.850848
-47.3,500,2058.135339
-47.1,500,2058.192355
-46.5,500,2058.247731
-46.7,500,2058.305001
-46.9,500,2058.590581
-46.8,500,2058.648082
-48.5,500,2058.704343
-46.7,500,2058.762112
-46.6,500,2059.046648
-47.5,500,2059.104213
-46.6,500,2059.161124
-46.7,500,2059.217921
-47.0,500,2059.502593
-47.3,500,2059.558941
-46.6,500,2059.61654
-47.0,500,2059.673055
-46.9,500,2059.957066
-46.9,500,2060.014341
-46.7,500,2060.071716
-46.8,500,2060.129559
-47.5,500,2060.413082
-46.8,500,2060.470882
-46.6,500,2060.527554
-46.7,500,2060.584671
-46.8,500,2060.869319
-46.7,500,2060.927381
-46.7,500,2060.98418
-46.5,500,2061.041528
-47.3,500,2061.325545
-46.6,500,2061.382243
-47.5,500,2061.439031
-46.5,500,2061.494612
-47.0,500,2061.778429
-46.9,500,2061.83478
-47.1,500,2061.891588
-47.0,500,2061.947775
-47.1,500,2062.005034
-47.1,500,2062.288458
-46.7,500,2062.346146
-47.3,500,2062.402683
-47.3,500,2062.459947
-46.9,500,2062.744316
-46.6,500,2062.800643
-46.7,500,2062.857398
-46.9,500,2062.913926
-47.1,500,2063.199416
-46.6,500,2063.255894
-46.5,500,2063.312729
-47.1,500,2063.368417
-46.8,500,2063.652767
-47.0,500,2063.710272
-47.5,500,2063.766547
-46.9,500,2063.824085
-46.9,500,2064.10762
-46.6,500,2064.164385
-47.0,500,2064.220352
-46.8,500,2064.277589
-46.7,500,2064.560197
-47.0,500,2064.617769
-46.9,500,2064.674926
-47.0,500,2064.73159
-46.9,500,2065.015898
-47.6,500,2065.072107
-47.8,500,2065.128691
-46.6,500,2065.18451
-46.8,500,2065.501581
-47.2,500,2065.558113
-47.3,500,2065.615111
-46.7,500,2065.672386
-46.5,500,2065.955304
-47.4,500,2066.012263
-46.9,500,2066.068205
-47.2,500,2066.125492
-47.4,500,2066.409005
-47.0,500,2066.466001
-48.4,500,2066.522463
-46.6,500,2066.579021
-47.9,500,2066.86253
-47.5,500,2066.919701
-47.0,500,2066.977219
-46.7,500,2067.033277
-46.7,500,2067.09117
-47.1,500,2067.376251
-48.3,500,2067.433181
-47.0,500,2067.490239
-46.6,500,2067.547235
-46.8,500,2067.83255
-47.1,500,2067.889593
-47.3,500,2067.946721
-46.5,500,2068.00326
-47.0,500,2068.28687
-46.9,500,2068.343174
-46.9,500,2068.400644
-46.7,500,2068.456693
-47.0,500,2068.742461
-47.2,500,2068.800263
-46.7,500,2068.856373
-46.8,500,2068.913069
-47.8,500,2069.197913
-46.8,500,2069.255727
-46.8,500,2069.31177
-46.7,500,2069.369108
-47.4,500,2069.651639
-47.5,500,2069.709641
-47.1,500,2069.766704
-46.7,500,2069.823512
-46.8,500,2070.108186
-47.3,500,2070.165203
-46.8,500,2070.22254
-47.6,500,2070.278776
-46.8,500,2070.563728
-46.9,500,2070.62085
-47.2,500,2070.679018
-46.7,500,2070.736373
-47.6,500,2071.019718
-47.2,500,2071.07656
-46.8,500,2071.1337
-47.1,500,2071.191098
-47.4,500,2071.474291
-46.6,500,2071.532429
-48.1,500,2071.588477
-46.9,500,2071.645922
-47.2,500,2071.702371
-47.2,500,2071.985671
-47.4,500,2072.042859
-47.6,500,2072.09939
-47.1,500,2072.155772
-47.2,500,2072.439634
-46.6,500,2072.497357
-47.9,500,2072.553942
-47.6,500,2072.611231
-46.7,500,2072.895319
-46.9,500,2072.952744
-47.5,500,2073.008153
-47.2,500,2073.065106
-47.1,500,2073.349743
-47.2,500,2073.406627
-46.6,500,2073.464409
-46.7,500,2073.520977
-47.3,500,2073.806043
-47.1,500,2073.862419
-46.9,500,2073.919487
-46.8,500,2073.97565
-46.8,500,2074.259736
-47.3,500,2074.316938
-47.3,500,2074.372616
-47.2,500,2074.42994
-47.1,500,2074.713349
-47.1,500,2074.770787
-46.6,500,2074.826519
-46.6,500,2074.883383
-47.8,500,2075.16653
-47.5,500,2075.22389
-46.7,500,2075.279515
-47.9,500,2075.335777
-47.4,500,2075.618728
-46.9,500,2075.675564
-46.5,500,2075.733179
-46.6,500,2075.788894
-46.7,500,2076.073578
-48.1,500,2076.137251
-46.5,500,2076.194895
-46.9,500,2076.251645
-47.4,500,2076.309065
-46.5,500,2076.594187
-47.1,500,2076.651037
-47.3,500,2076.708447
-47.2,500,2076.765703
-46.5,500,2077.050603
-47.4,500,2077.107402
-46.9,500,2077.164597
-46.5,500,2077.220514
-47.2,500,2077.504356
-46.5,500,2077.560508
-46.8,500,2077.617365
-46.5,500,2077.675006
-46.7,500,2077.957955
-47.0,500,2078.015305
-47.0,500,2078.071713
-46.9,500,2078.128263
-47.1,500,2078.411785
-46.5,500,2078.469238
-46.5,500,2078.525387
-46.7,500,2078.582652
-47.4,500,2078.867843
-46.8,500,2078.925213
-46.9,500,2078.981972
-46.7,500,2079.039406
-46.5,500,2079.324339
-46.7,500,2079.380882
-46.5,500,2079.438005
-46.5,500,2079.494072
-48.1,500,2079.778833
-47.8,500,2079.835648
-47.4,500,2079.893472
-48.0,500,2079.949715
-48.5,500,2080.237681
-47.8,500,2080.295464
-47.2,500,2080.352242
-47.5,500,2080.409246
-47.4,500,2080.692727
-47.1,500,2080.750173
-47.6,500,2080.807914
-47.3,500,2080.864809
-47.1,500,2081.148317
-46.8,500,2081.205454
-47.3,500,2081.262093
-46.8,500,2081.318677
-47.3,500,2081.375214
-47.6,500,2081.657989
-46.9,500,2081.714554
-46.7,500,2081.770377
-46.9,500,2081.827288
-47.3,500,2082.110423
-47.7,500,2082.167427
-47.4,500,2082.223116
-47.3,500,2082.279829
-46.6,500,2082.562743
-47.0,500,2082.620161
-46.7,500,2082.678293
-47.5,500,2082.734328
-47.1,500,2083.018929
-47.2,500,2083.075049
-46.7,500,2083.131774
-47.2,500,2083.188456
-47.0,500,2083.472273
-46.9,500,2083.528629
-46.9,500,2083.58538
-46.8,500,2083.641468
-47.0,500,2083.927514
-47.6,500,2083.985388
-46.6,500,2084.042578
-47.3,500,2084.100434
-47.4,500,2084.384229
-47.0,500,2084.440733
-46.8,500,2084.496688
-47.1,500,2084.553628
-47.0,500,2084.83674
-46.7,500,2084.894418
-47.3,500,2084.950597
-46.5,500,2085.007154
-46.6,500,2085.322189
-46.7,500,2085.378652
-46.8,500,2085.435866
-46.6,500,2085.492198
-47.6,500,2085.775598
-46.5,500,2085.832007
-46.5,500,2085.889181
-46.5,500,2085.946098
-46.8,500,2086.002243
-46.8,500,2086.285454
-46.8,500,2086.342218
-46.9,500,2086.399726
-47.0,500,2086.456215
-48.2,500,2086.740181
-46.7,500,2086.796038
-47.1,500,2086.852276
-46.9,500,2086.908331
-46.6,500,2087.192065
-46.9,500,2087.249322
-47.7,500,2087.304989
-46.8,500,2087.361377
-47.4,500,2087.644574
-46.9,500,2087.701975
-47.5,500,2087.758029
-46.6,500,2087.815039
-46.8,500,2088.097696
-46.9,500,2088.153804
-46.6,500,2088.210008
-47.0,500,2088.266055
-46.9,500,2088.549417
-46.9,500,2088.606079
-46.5,500,2088.66364
-46.7,500,2088.720826
-47.1,500,2089.005884
-46.9,500,2089.061175
-46.6,500,2089.118848
-47.3,500,2089.175533
-46.9,500,2089.458987
-47.0,500,2089.5164
-47.3,500,2089.573066
-46.5,500,2089.629777
-46.7,500,2089.912947
-46.6,500,2089.969958
-46.9,500,2090.026502
-46.6,500,2090.082828
-47.1,500,2090.365688
-47.3,500,2090.422933
-46.9,500,2090.479707
-46.5,500,2090.537319
-47.2,500,2090.819413
-47.3,500,2090.877897
-47.0,500,2090.935254
-46.7,500,2090.991296
-47.6,500,2091.048579
-46.7,500,2091.332266
-46.7,500,2091.390024
-47.3,500,2091.446331
-46.7,500,2091.503768
-46.5,500,2091.786761
-46.7,500,2091.843854
-47.0,500,2091.900492
-46.6,500,2091.95821
-46.9,500,2092.242431
-46.6,500,2092.299503
-47.0,500,2092.356053
-46.8,500,2092.412523
-47.6,500,2092.696895
-46.8,500,2092.753577
-47.0,500,2092.810678
-47.0,500,2092.866492
-46.7,500,2093.149841
-46.7,500,2093.206299
-46.5,500,2093.26389
-46.6,500,2093.320826
-47.3,500,2093.605843
-46.9,500,2093.663521
-46.7,500,2093.720168
-47.0,500,2093.778006
-46.9,500,2094.061416
-47.0,500,2094.119381
-47.5,500,2094.175107
-47.3,500,2094.232326
-46.9,500,2094.515052
-48.3,500,2094.572559
-47.2,500,2094.62906
-47.0,500,2094.685598
-47.3,500,2094.970684
-47.3,500,2095.028357
-46.6,500,2095.085054
-47.2,500,2095.142128
-47.6,500,2095.426123
-46.7,500,2095.483116
-47.0,500,2095.540806
-46.9,500,2095.596947
-47.4,500,2095.653664
-46.6,500,2095.938635
-47.2,500,2095.996079
-48.1,500,2096.053644
-46.8,500,2096.111043
-47.0,500,2096.395451
-46.7,500,2096.452543
-47.3,500,2096.510293
-47.3,500,2096.567383
-46.8,500,2096.850914
-47.1,500,2096.907669
-46.6,500,2096.964772
-46.9,500,2097.022376
-46.5,500,2097.306531
-47.1,500,2097.364327
-47.0,500,2097.420124
-46.9,500,2097.477441
-47.2,500,2097.761946
-47.4,500,2097.819021
-47.1,500,2097.876282
-47.3,500,2097.933457
-46.7,500,2098.216296
-48.3,500,2098.273889
-47.3,500,2098.331058
-46.8,500,2098.38784
-47.5,500,2098.672294
-46.7,500,2098.729504
-48.2,500,2098.787106
-46.8,500,2098.843172
-47.1,500,2099.128765
-47.1,500,2099.185111
-47.0,500,2099.241809
-47.0,500,2099.297375
-47.0,500,2099.581231
-46.7,500,2099.637313
-47.4,500,2099.694583
-47.4,500,2099.750693
-46.9,500,2100.033246
-47.3,500,2100.090569
-46.8,500,2100.14649
-47.4,500,2100.203281
-46.7,500,2100.486702
-46.9,500,2100.543915
-47.2,500,2100.600522
-47.3,500,2100.65724
-47.1,500,2100.712858
-46.7,500,2100.998182
-47.0,500,2101.05411
-47.4,500,2101.111995
-46.9,500,2101.168688
-46.6,500,2101.452984
-46.6,500,2101.510878
-47.1,500,2101.567662
-46.7,500,2101.625804
-46.6,500,2101.909622
-46.6,500,2101.966861
-46.8,500,2102.022897
-47.1,500,2102.079204
-46.8,500,2102.363343
-46.5,500,2102.419763
-46.5,500,2102.47732
-46.9,500,2102.534459
-47.0,500,2102.81842
-46.8,500,2102.874978
-47.9,500,2102.932141
-47.7,500,2102.988394
-47.5,500,2103.272631
-46.8,500,2103.330321
-47.3,500,2103.387963
-46.8,500,2103.44509
-46.9,500,2103.729205
-46.6,500,2103.786938
-47.2,500,2103.843151
-46.8,500,2103.900042
-46.8,500,2104.182549
-46.8,500,2104.240509
-46.8,500,2104.296894
-47.2,500,2104.353959
-46.8,500,2104.638078
-46.5,500,2104.695637
-46.6,500,2104.75284
-47.0,500,2104.808696
-48.7,500,2105.126269
-46.7,500,2105.183782
-47.0,500,2105.240942
-46.8,500,2105.297822
-46.5,500,2105.353079
-47.2,500,2105.637646
-49.1,500,2105.692899
-48.5,500,2105.749217
-48.5,500,2105.805215
-48.0,500,2106.088309
-47.6,500,2106.145984
-47.6,500,2106.202638
-48.0,500,2106.259995
-46.9,500,2106.542281
-47.0,500,2106.599381
-47.1,500,2106.655332
-46.9,500,2106.712105
-47.7,500,2106.995381
-47.0,500,2107.052752
-47.1,500,2107.109442
-47.1,500,2107.166839
-46.8,500,2107.450038
-46.8,500,2107.508209
-46.6,500,2107.56549
-47.0,500,2107.622517
-47.0,500,2107.907186
-46.8,500,2107.963191
-46.9,500,2108.020936
-46.7,500,2108.076717
-46.6,500,2108.360677
-46.8,500,2108.416384
-47.1,500,2108.472764
-47.0,500,2108.528572
-47.1,500,2108.814298
-47.1,500,2108.870846
-46.7,500,2108.927762
-46.9,500,2108.983998
-46.9,500,2109.267827
-46.8,500,2109.325294
-47.0,500,2109.380803
-46.9,500,2109.437983
-46.5,500,2109.720462
-47.1,500,2109.776794
-47.1,500,2109.833404
-46.7,500,2109.889791
-46.7,500,2109.946923
-47.2,500,2110.230649
-46.9,500,2110.287857
-47.8,500,2110.344158
-47.9,500,2110.400728
-47.9,500,2110.68391
-46.7,500,2110.741167
-47.3,500,2110.797757
-46.7,500,2110.854873
-46.9,500,2111.138474
-47.4,500,2111.195644
-47.6,500,2111.251643
-47.0,500,2111.309566
-46.8,500,2111.595695
-47.0,500,2111.65178
-47.0,500,2111.708463
-46.9,500,2111.763947
-46.7,500,2112.047005
-46.6,500,2112.103195
-47.3,500,2112.159926
-46.9,500,2112.215834
-46.9,500,2112.500188
-47.2,500,2112.55822
-48.0,500,2112.613931
-47.3,500,2112.67027
-47.5,500,2112.953563
-46.8,500,2113.012944
-46.9,500,2113.073573
-47.0,500,2113.130112
-47.2,500,2113.413638
-46.9,500,2113.471171
-47.4,500,2113.527824
-47.1,500,2113.584916
-47.2,500,2113.870515
-46.6,500,2113.927194
-47.0,500,2113.984452
-47.6,500,2114.039616
-47.4,500,2114.324013
-46.8,500,2114.379245
-46.7,500,2114.437034
-46.9,500,2114.493593
-46.7,500,2114.776757
-46.5,500,2114.834343
-46.7,500,2114.891076
-46.7,500,2114.947403
-46.7,500,2115.002981
-47.4,500,2115.286849
-47.1,500,2115.343167
-47.3,500,2115.401028
-46.7,500,2115.457449
-47.6,500,2115.741065
-46.7,500,2115.797347
-46.5,500,2115.853976
-46.5,500,2115.909935
-46.5,500,2116.193911
-46.8,500,2116.24982
-46.5,500,2116.307462
-46.8,500,2116.36324
-47.6,500,2116.64644
-46.6,500,2116.701712
-46.5,500,2116.759308
-48.2,500,2116.814293
-47.3,500,2117.098794
-46.8,500,2117.155957
-47.2,500,2117.212106
-47.4,500,2117.268613
-46.5,500,2117.550846
-46.8,500,2117.607362
-46.9,500,2117.662569
-47.6,500,2117.719219
-47.4,500,2118.001922
-46.5,500,2118.058655
-46.5,500,2118.114953
-47.1,500,2118.17126
-46.7,500,2118.463589
-47.5,500,2118.51922
-46.7,500,2118.577449
-47.1,500,2118.63383
-47.3,500,2118.92099
-47.6,500,2118.977642
-47.1,500,2119.034946
-47.6,500,2119.090345
-46.9,500,2119.374955
-47.8,500,2119.432797
-47.0,500,2119.488771
-46.9,500,2119.544736
-47.2,500,2119.600284
-47.1,500,2119.884677
-47.1,500,2119.94101
-46.9,500,2119.998032
-46.8,500,2120.054232
-46.9,500,2120.33799
-46.8,500,2120.393821
-46.8,500,2120.451858
-46.8,500,2120.508063
-46.9,500,2120.791999
-47.5,500,2120.849271
-47.1,500,2120.905891
-46.8,500,2120.963028
-46.9,500,2121.24568
-47.2,500,2121.302807
-46.8,500,2121.358908
-46.9,500,2121.416122
-47.5,500,2121.699715
-48.0,500,2121.757636
-47.9,500,2121.813801
-47.2,500,2121.870937
-47.5,500,2122.154864
-48.3,500,2122.211242
-47.1,500,2122.26888
-47.4,500,2122.324942
-47.0,500,2122.60863
-46.8,500,2122.664263
-46.8,500,2122.721404
-46.8,500,2122.778359
-47.6,500,2123.062602
-50.4,500,2123.119532
-49.0,500,2123.176573
-49.0,500,2123.233614
-50.0,500,2123.517347
-50.1,500,2123.574429
-47.8,500,2123.630227
-48.1,500,2123.686694
-47.9,500,2123.972159
-47.3,500,2124.028779
-48.2,500,2124.085485
-46.9,500,2124.142253
-47.7,500,2124.425234
-46.7,500,2124.480913
-46.5,500,2124.538471
-46.5,500,2124.594405
-46.9,500,2124.678413
-46.7,500,2124.962598
-47.0,500,2125.019415
-46.5,500,2125.075424
-46.9,500,2125.133381
-46.9,500,2125.418121
-47.2,500,2125.474713
-47.8,500,2125.531803
-46.9,500,2125.588414
-47.0,500,2125.872498
-47.1,500,2125.92948
-47.3,500,2125.986628
-46.7,500,2126.043753
-48.2,500,2126.324774
-47.1,500,2126.381117
-46.9,500,2126.437886
-46.5,500,2126.495079
-47.3,500,2126.777916
-47.8,500,2126.835115
-47.5,500,2126.891717
-47.0,500,2126.948423
-46.9,500,2127.232475
-47.4,500,2127.289255
-48.1,500,2127.346243
-47.6,500,2127.402394
-47.3,500,2127.686726
-47.5,500,2127.743063
-47.0,500,2127.800213
-48.6,500,2127.856114
-46.9,500,2128.140507
-47.3,500,2128.197028
-46.9,500,2128.252541
-46.9,500,2128.308846
-47.2,500,2128.590895
-47.2,500,2128.648091
-46.7,500,2128.704822
-47.5,500,2128.762817
-46.8,500,2129.045891
-46.7,500,2129.103463
-46.8,500,2129.158887
-46.7,500,2129.216191
-47.4,500,2129.271954
-47.4,500,2129.55561
-47.0,500,2129.610343
-46.5,500,2129.667459
-46.7,500,2129.721757
-47.4,500,2130.008823
-46.9,500,2130.066263
-48.2,500,2130.123074
-46.7,500,2130.180186
-47.1,500,2130.464443
-47.2,500,2130.521658
-47.5,500,2130.577491
-47.3,500,2130.634311
-47.7,500,2130.918528
-48.1,500,2130.974514
-48.0,500,2131.031713
-48.3,500,2131.087889
-47.9,500,2131.371289
-47.7,500,2131.427398
-48.2,500,2131.483937
-47.1,500,2131.539706
-47.4,500,2131.8229
-47.4,500,2131.879622
-47.6,500,2131.935796
-47.2,500,2131.992596
-47.4,500,2132.276497
-47.0,500,2132.334096
-47.2,500,2132.39086
-46.9,500,2132.447588
-46.7,500,2132.731187
-46.5,500,2132.788734
-46.8,500,2132.845089
-47.0,500,2132.902518
-47.9,500,2133.185705
-46.8,500,2133.242623
-46.8,500,2133.300134
-47.3,500,2133.356962
-47.4,500,2133.641689
-47.4,500,2133.698888
-46.8,500,2133.757106
-47.3,500,2133.813802
-48.2,500,2133.870871
-47.5,500,2134.15352
-47.6,500,2134.210007
-46.7,500,2134.265471
-47.0,500,2134.322638
-46.9,500,2134.607374
-47.4,500,2134.663705
-46.5,500,2134.720535
-47.5,500,2134.776526
-46.9,500,2135.060183
-47.4,500,2135.116944
-47.0,500,2135.174004
-47.5,500,2135.230516
-47.2,500,2135.513604
-47.4,500,2135.56908
-46.8,500,2135.625931
-46.7,500,2135.681773
-47.3,500,2135.965918
-46.9,500,2136.023217
-48.2,500,2136.07966
-46.9,500,2136.136469
-47.9,500,2136.41941
-46.7,500,2136.476868
-47.3,500,2136.532936
-47.4,500,2136.590068
-46.7,500,2136.873039
-47.3,500,2136.930624
-47.1,500,2136.990927
-46.9,500,2137.055232
-47.4,500,2137.368965
-46.7,500,2137.432181
-46.8,500,2137.490916
-46.5,500,2137.554557
-47.3,500,2137.850235
-47.8,500,2137.907289
-46.6,500,2137.963429
-47.6,500,2138.020593
-46.5,500,2138.306733
-47.5,500,2138.36267
-46.7,500,2138.41952
-47.9,500,2138.475493
-46.5,500,2138.760696
-46.7,500,2138.819249
-47.3,500,2138.886879
-46.5,500,2138.94491
-46.9,500,2139.00246
-46.7,500,2139.289323
-46.5,500,2139.346426
-46.9,500,2139.402636
-47.1,500,2139.458281
-46.9,500,2139.743798
-47.3,500,2139.799353
-47.6,500,2139.856272
-46.8,500,2139.912602
-47.2,500,2140.195892
-47.6,500,2140.252763
-47.2,500,2140.310551
-47.7,500,2140.367735
-46.9,500,2140.653141
-47.5,500,2140.710782
-46.5,500,2140.767644
-47.4,500,2140.825124
-46.7,500,2141.108366
-47.6,500,2141.166865
-47.1,500,2141.22373
-47.7,500,2141.280492
-46.9,500,2141.564216
-46.5,500,2141.620909
-46.6,500,2141.678185
-46.8,500,2141.733777
-46.8,500,2142.01737
-47.9,500,2142.073135
-47.1,500,2142.130789
-46.8,500,2142.186184
-46.8,500,2142.471276
-46.9,500,2142.527184
-47.6,500,2142.58439
-47.0,500,2142.640633
-47.5,500,2142.925466
-47.3,500,2142.983088
-47.8,500,2143.040063
-47.1,500,2143.097294
-46.5,500,2143.379473
-46.6,500,2143.4371
-46.6,500,2143.493131
-46.8,500,2143.549825
-46.7,500,2143.605913
-46.9,500,2143.893117
-46.7,500,2143.978993
-47.1,500,2144.03474
-47.0,500,2144.091792
-47.9,500,2144.376462
-47.8,500,2144.433635
-47.5,500,2144.489611
-47.1,500,2144.546773
-47.4,500,2144.829718
-47.9,500,2144.886589
-47.5,500,2144.944198
-47.8,500,2145.000335
-46.7,500,2145.285306
-47.7,500,2145.340958
-47.5,500,2145.397926
-47.2,500,2145.453823
-47.8,500,2145.738566
-46.9,500,2145.794657
-46.6,500,2145.851933
-47.0,500,2145.908487
-46.9,500,2146.192454
-46.6,500,2146.249223
-47.4,500,2146.304825
-46.5,500,2146.361349
-47.4,500,2146.645132
-46.7,500,2146.702458
-47.0,500,2146.759047
-47.0,500,2146.816805
-46.9,500,2147.100546
-47.0,500,2147.158552
-46.9,500,2147.215282
-47.9,500,2147.272544
-46.9,500,2147.558024
-46.7,500,2147.614779
-46.7,500,2147.672205
-46.7,500,2147.728447
-47.0,500,2148.012843
-46.9,500,2148.069203
-46.8,500,2148.127051
-46.7,500,2148.183126
-46.9,500,2148.467641
-46.7,500,2148.524229
-46.5,500,2148.580704
-47.3,500,2148.637671
-47.5,500,2148.693864
-47.1,500,2148.980347
-46.6,500,2149.035508
-47.1,500,2149.092775
-47.0,500,2149.148212
-46.6,500,2149.433165
-47.3,500,2149.488552
-46.5,500,2149.545445
-46.7,500,2149.602306
-46.9,500,2149.886289
-47.5,500,2149.9432
-46.8,500,2150.00007
-47.1,500,2150.056569
-46.7,500,2150.340997
-47.5,500,2150.398398
-47.1,500,2150.454287
-46.7,500,2150.511895
-47.3,500,2150.795075
-47.6,500,2150.851884
-47.5,500,2150.907416
-47.4,500,2150.964923
-47.1,500,2151.247668
-47.2,500,2151.305819
-47.7,500,2151.363257
-47.0,500,2151.419285
-46.7,500,2151.702981
-47.6,500,2151.759473
-47.6,500,2151.816172
-47.5,500,2151.872619
-47.5,500,2152.156909
-47.2,500,2152.213319
-46.7,500,2152.270107
-46.6,500,2152.325034
-46.7,500,2152.609461
-47.4,500,2152.666728
-46.7,500,2152.723507
-47.2,500,2152.780928
-47.3,500,2153.064235
-46.8,500,2153.12082
-47.0,500,2153.177091
-47.0,500,2153.234148
-47.0,500,2153.28965
-47.0,500,2153.574914
-47.1,500,2153.631219
-46.8,500,2153.68874
-47.4,500,2153.744894
-46.5,500,2154.031514
-46.5,500,2154.089155
-47.0,500,2154.145519
-46.9,500,2154.202958
-46.9,500,2154.486191
-46.5,500,2154.543055
-46.7,500,2154.599097
-46.9,500,2154.656203
-46.7,500,2154.938766
-46.8,500,2154.996575
-46.9,500,2155.053351
-46.7,500,2155.109509
-46.7,500,2155.393565
-46.7,500,2155.450524
-48.7,500,2155.508705
-47.4,500,2155.564582
-48.1,500,2155.848699
-46.5,500,2155.904012
-47.8,500,2155.961923
-46.8,500,2156.018513
-46.5,500,2156.302512
-46.8,500,2156.35802
-47.0,500,2156.414354
-47.1,500,2156.471582
-46.6,500,2156.75563
-46.7,500,2156.812364
-46.6,500,2156.868332
-46.8,500,2156.925365
-47.0,500,2157.208577
-46.9,500,2157.26588
-47.3,500,2157.322007
-46.9,500,2157.378803
-47.1,500,2157.661877
-47.4,500,2157.717798
-47.0,500,2157.774709
-47.3,500,2157.830796
-47.0,500,2158.115049
-47.7,500,2158.171414
-47.1,500,2158.229221
-46.8,500,2158.285846
-47.2,500,2158.343056
-47.0,500,2158.626621
-48.0,500,2158.684672
-46.8,500,2158.74198
-47.5,500,2158.799102
-46.5,500,2159.083801
-46.9,500,2159.140312
-47.2,500,2159.197434
-46.8,500,2159.253315
-46.5,500,2159.537718
-47.2,500,2159.593391
-46.7,500,2159.650659
-47.2,500,2159.707476
-47.8,500,2159.992367
-46.9,500,2160.049196
-46.9,500,2160.10588
-46.6,500,2160.163219
-48.6,500,2160.447305
-47.3,500,2160.504764
-48.3,500,2160.560963
-46.7,500,2160.618244
-46.6,500,2160.90145
-47.6,500,2160.959556
-47.2,500,2161.016625
-47.2,500,2161.072645
-47.1,500,2161.356689
-46.9,500,2161.413183
-46.8,500,2161.470066
-46.8,500,2161.526862
-47.0,500,2161.811237
-46.9,500,2161.867942
-47.0,500,2161.92621
-46.5,500,2161.982291
-46.9,500,2162.265938
-47.1,500,2162.322882
-47.0,500,2162.379214
-46.8,500,2162.437013
-46.5,500,2162.72009
-47.5,500,2162.777625
-46.5,500,2162.833042
-46.7,500,2162.890825
-47.3,500,2162.946013
-47.0,500,2163.26315
-47.0,500,2163.320155
-47.4,500,2163.376211
-46.8,500,2163.433622
-46.8,500,2163.718131
-46.8,500,2163.775624
-47.1,500,2163.832135
-46.5,500,2163.890009
-47.1,500,2164.175143
-47.9,500,2164.23148
-47.1,500,2164.287773
-46.6,500,2164.343739
-46.5,500,2164.627332
-46.7,500,2164.684274
-46.5,500,2164.741848
-46.6,500,2164.796805
-46.6,500,2165.081348
-46.5,500,2165.13756
-47.1,500,2165.195181
-46.8,500,2165.251726
-46.6,500,2165.535712
-46.7,500,2165.59261
-47.1,500,2165.648214
-46.5,500,2165.704394
-47.0,500,2165.988119
-46.5,500,2166.045824
-47.8,500,2166.102681
-47.5,500,2166.160452
-46.8,500,2166.44401
-47.0,500,2166.501291
-46.7,500,2166.557479
-46.9,500,2166.614539
-46.9,500,2166.897683
-46.8,500,2166.955344
-46.9,500,2167.013483
-46.7,500,2167.071134
-46.5,500,2167.359551
-46.9,500,2167.416141
-47.3,500,2167.474
-46.7,500,2167.529493
-47.5,500,2167.585983
-47.3,500,2167.872625
-46.9,500,2167.930071
-46.5,500,2167.98643
-46.9,500,2168.044282
-47.3,500,2168.329049
-47.3,500,2168.38558
-46.5,500,2168.443343
-46.8,500,2168.500067
-46.9,500,2168.785915
-47.9,500,2168.843012
-46.5,500,2168.901061
-46.5,500,2168.95632
-46.9,500,2169.241907
-47.7,500,2169.299189
-46.9,500,2169.35555
-47.2,500,2169.412956
-46.7,500,2169.696073
-46.6,500,2169.754078
-46.7,500,2169.811272
-46.9,500,2169.868402
-46.7,500,2170.153419
-46.7,500,2170.210131
-46.9,500,2170.26681
-47.3,500,2170.323677
-47.3,500,2170.608011
-46.5,500,2170.66396
-46.7,500,2170.721323
-47.5,500,2170.777486
-47.6,500,2171.062835
-46.7,500,2171.119691
-47.0,500,2171.176706
-46.8,500,2171.232958
-47.9,500,2171.517214
-46.5,500,2171.574846
-46.8,500,2171.631873
-46.8,500,2171.68929
-47.2,500,2171.97244
-46.8,500,2172.030012
-46.6,500,2172.086361
-47.1,500,2172.143704
-47.6,500,2172.427283
-46.9,500,2172.484684
-46.7,500,2172.54027
-46.9,500,2172.597412
-47.3,500,2172.653876
-46.7,500,2172.937417
-46.9,500,2172.995271
-47.1,500,2173.051725
-46.9,500,2173.108991
-46.8,500,2173.393745
-46.6,500,2173.451446
-46.5,500,2173.50752
-46.6,500,2173.564901
-46.9,500,2173.850039
-46.6,500,2173.90762
-47.3,500,2173.963401
-46.7,500,2174.020588
-47.1,500,2174.304853
-46.7,500,2174.36089
-47.0,500,2174.41865
-46.5,500,2174.475503
-46.9,500,2174.75981
-47.0,500,2174.814842
-46.5,500,2174.871825
-46.5,500,2174.928219
-46.7,500,2175.212296
-47.0,500,2175.268322
-46.5,500,2175.325609
-46.6,500,2175.381067
-47.5,500,2175.665253
-46.5,500,2175.722498
-46.5,500,2175.77969
-47.3,500,2175.836582
-47.1,500,2176.120476
-47.3,500,2176.178265
-47.1,500,2176.234188
-46.8,500,2176.291546
-46.7,500,2176.573509
-48.0,500,2176.630845
-46.7,500,2176.68572
-46.6,500,2176.743241
-46.9,500,2177.027124
-46.6,500,2177.084284
-46.7,500,2177.141687
-48.1,500,2177.198079
-47.0,500,2177.254439
-47.0,500,2177.537633
-46.9,500,2177.594046
-46.6,500,2177.649938
-47.1,500,2177.70684
-46.9,500,2177.989809
-47.0,500,2178.047104
-46.5,500,2178.103946
-46.9,500,2178.160856
-46.5,500,2178.445074
-46.5,500,2178.50121
-47.3,500,2178.557767
-46.5,500,2178.614105
-48.4,500,2178.900502
-47.3,500,2178.957752
-46.7,500,2179.016176
-46.6,500,2179.072994
-46.7,500,2179.358193
-46.7,500,2179.415791
-47.2,500,2179.471758
-46.5,500,2179.529162
-46.9,500,2179.813052
-46.7,500,2179.870983
-47.3,500,2179.926949
-46.5,500,2179.984411
-46.7,500,2180.267879
-46.9,500,2180.326065
-46.5,500,2180.383481
-47.3,500,2180.440548
-47.9,500,2180.724091
-47.0,500,2180.779382
-47.0,500,2180.835879
-47.1,500,2180.891686
-46.9,500,2181.175971
-47.1,500,2181.233134
-47.1,500,2181.291298
-47.7,500,2181.356968
-46.5,500,2181.646009
-47.5,500,2181.70374
-46.5,500,2181.759138
-48.3,500,2181.81663
-46.7,500,2182.101132
-46.7,500,2182.158718
-46.9,500,2182.215433
-46.8,500,2182.272584
-47.2,500,2182.328508
-47.2,500,2182.658591
-47.5,500,2182.715717
-47.2,500,2182.773209
-46.9,500,2182.828848
-47.2,500,2183.115152
-46.5,500,2183.172208
-46.7,500,2183.229534
-46.9,500,2183.28566
-47.1,500,2183.570153
-46.6,500,2183.626681
-46.7,500,2183.683688
-46.7,500,2183.739684
-46.7,500,2184.027222
-46.9,500,2184.084744
-46.9,500,2184.141186
-46.5,500,2184.198808
-47.2,500,2184.484069
-46.6,500,2184.541467
-46.7,500,2184.597127
-46.6,500,2184.654249
-46.6,500,2184.938137
-46.9,500,2184.995495
-46.6,500,2185.053099
-47.2,500,2185.109661
-46.9,500,2185.39388
-47.7,500,2185.449881
-47.4,500,2185.506678
-47.1,500,2185.563534
-46.9,500,2185.848534
-46.7,500,2185.905746
-47.1,500,2185.963279
-47.3,500,2186.019569
-46.7,500,2186.303677
-47.9,500,2186.362368
-47.1,500,2186.418321
-48.1,500,2186.475179
-46.8,500,2186.759098
-47.3,500,2186.816727
-46.9,500,2186.873107
-46.9,500,2186.930187
-47.3,500,2186.986095
-47.3,500,2187.270535
-46.8,500,2187.326638
-47.1,500,2187.384123
-47.1,500,2187.440107
-46.7,500,2187.725742
-47.0,500,2187.783172
-47.1,500,2187.838999
-46.5,500,2187.895501
-46.7,500,2188.178697
-47.1,500,2188.236841
-46.9,500,2188.293727
-46.7,500,2188.351021
-47.4,500,2188.635196
-47.1,500,2188.692396
-47.3,500,2188.750044
-46.7,500,2188.80675
-47.3,500,2189.092449
-46.9,500,2189.148544
-47.0,500,2189.204862
-47.2,500,2189.261633
-47.4,500,2189.545805
-46.9,500,2189.601633
-46.9,500,2189.658936
-47.5,500,2189.715517
-46.6,500,2189.999438
-46.6,500,2190.057465
-47.0,500,2190.113569
-46.7,500,2190.170118
-46.5,500,2190.453933
-46.7,500,2190.511282
-46.5,500,2190.567573
-46.8,500,2190.624633
-47.3,500,2190.908077
-46.9,500,2190.963965
-47.1,500,2191.021202
-46.6,500,2191.07797
-46.5,500,2191.363448
-46.7,500,2191.419704
-46.7,500,2191.476603
-46.5,500,2191.532729
-46.8,500,2191.589536
-46.9,500,2191.873342
-47.4,500,2191.929972
-47.2,500,2191.986227
-47.6,500,2192.043293
-46.9,500,2192.327415
-47.0,500,2192.384293
-46.6,500,2192.441265
-46.9,500,2192.497662
-46.5,500,2192.781781
-46.9,500,2192.838219
-48.2,500,2192.895348
-48.0,500,2192.951651
-46.9,500,2193.235565
-46.7,500,2193.292578
-46.5,500,2193.350231
-46.7,500,2193.407393
-46.5,500,2193.692497
-46.5,500,2193.749613
-47.7,500,2193.806228
-48.1,500,2193.864871
-47.0,500,2194.148303
-46.9,500,2194.205451
-47.0,500,2194.261344
-47.5,500,2194.317706
-46.5,500,2194.603479
-46.7,500,2194.660382
-46.9,500,2194.7164
-46.7,500,2194.772731
-46.9,500,2195.056705
-46.5,500,2195.113496
-46.6,500,2195.170712
-47.0,500,2195.226481
-46.7,500,2195.51023
-47.4,500,2195.566305
-48.1,500,2195.623783
-47.1,500,2195.680154
-46.9,500,2195.965495
-46.8,500,2196.022397
-47.0,500,2196.078879
-46.7,500,2196.136043
-46.9,500,2196.419676
-46.8,500,2196.476198
-46.7,500,2196.532465
-46.5,500,2196.589231
-46.9,500,2196.645691
-46.5,500,2196.929918
-46.5,500,2196.986221
-47.1,500,2197.043429
-47.7,500,2197.100151
-46.5,500,2197.384387
-46.9,500,2197.441369
-46.9,500,2197.49807
-46.6,500,2197.554665
-46.8,500,2197.837617
-46.9,500,2197.894624
-47.1,500,2197.950382
-46.5,500,2198.008448
-46.7,500,2198.292578
-46.8,500,2198.349337
-46.7,500,2198.405327
-46.7,500,2198.461672
-46.7,500,2198.746639
-46.9,500,2198.803286
-46.9,500,2198.861212
-46.9,500,2198.916855
-47.1,500,2199.202281
-46.9,500,2199.257682
-47.3,500,2199.315514
-46.7,500,2199.370621
-47.1,500,2199.655408
-47.1,500,2199.713249
-46.6,500,2199.768794
-47.1,500,2199.825212
-46.9,500,2200.108237
-47.3,500,2200.165774
-46.8,500,2200.22208
-46.5,500,2200.278927
-46.5,500,2200.563925
-46.9,500,2200.619936
-47.1,500,2200.676756
-46.7,500,2200.732593
-46.9,500,2201.015706
-47.5,500,2201.071729
-47.1,500,2201.128287
-47.1,500,2201.185059
-47.4,500,2201.242528
-47.2,500,2201.525811
-46.5,500,2201.583088
-46.9,500,2201.639157
-46.6,500,2201.697053
-46.7,500,2201.981232
-46.7,500,2202.038545
-46.8,500,2202.096143
-47.3,500,2202.152327
-47.7,500,2202.43679
-47.9,500,2202.49356
-47.8,500,2202.550924
-46.7,500,2202.607653
-47.5,500,2202.891855
-47.6,500,2202.949106
-47.6,500,2203.004516
-47.8,500,2203.061734
-46.9,500,2203.344214
-46.8,500,2203.401825
-47.9,500,2203.458556
-47.2,500,2203.515639
-46.6,500,2203.800105
-46.9,500,2203.857697
-46.9,500,2203.914525
-46.9,500,2203.971897
-48.2,500,2204.256046
-46.9,500,2204.311536
-48.0,500,2204.368236
-46.7,500,2204.447439
-47.4,500,2204.734494
-47.5,500,2204.791959
-46.8,500,2204.848244
-46.6,500,2204.905428
-47.1,500,2205.189418
-46.8,500,2205.246265
-47.1,500,2205.301356
-46.7,500,2205.3581
-47.0,500,2205.640334
-47.2,500,2205.697778
-46.6,500,2205.753703
-46.6,500,2205.81056
-46.9,500,2206.094357
-46.8,500,2206.152373
-46.8,500,2206.209781
-46.5,500,2206.265453
-46.7,500,2206.321875
-46.7,500,2206.60542
-47.2,500,2206.66347
-46.7,500,2206.72025
-47.1,500,2206.77753
-46.9,500,2207.061191
-46.9,500,2207.118869
-46.5,500,2207.174842
-47.2,500,2207.232234
-46.5,500,2207.516074
-47.1,500,2207.572631
-48.1,500,2207.629423
-46.5,500,2207.686379
-46.5,500,2207.971124
-46.7,500,2208.027618
-46.9,500,2208.084499
-46.6,500,2208.141245
-47.1,500,2208.425785
-46.7,500,2208.48129
-47.2,500,2208.538424
-47.2,500,2208.593603
-46.9,500,2208.879639
-46.7,500,2208.936812
-46.9,500,2208.992478
-46.6,500,2209.049966
-47.1,500,2209.332886
-47.1,500,2209.390627
-46.7,500,2209.445848
-46.7,500,2209.502081
-46.9,500,2209.784841
-47.5,500,2209.84295
-46.5,500,2209.9007
-46.7,500,2209.957749
-46.7,500,2210.242578
-47.3,500,2210.298508
-47.1,500,2210.355038
-47.8,500,2210.411475
-46.5,500,2210.696026
-46.5,500,2210.752314
-47.1,500,2210.809935
-47.3,500,2210.865409
-46.6,500,2210.922957
-46.7,500,2211.208175
-47.0,500,2211.264345
-46.9,500,2211.321456
-46.9,500,2211.377192
-47.1,500,2211.662046
-46.9,500,2211.718265
-46.7,500,2211.775387
-47.5,500,2211.83153
-46.7,500,2212.115218
-47.1,500,2212.170609
-47.7,500,2212.227716
-47.0,500,2212.283771
-47.7,500,2212.568286
-46.5,500,2212.626008
-47.0,500,2212.681336
-47.1,500,2212.738503
-46.8,500,2213.02157
-46.9,500,2213.079354
-46.7,500,2213.134667
-46.5,500,2213.191557
-46.7,500,2213.474681
-46.7,500,2213.532092
-46.5,500,2213.589701
-46.9,500,2213.645715
-47.4,500,2213.931499
-48.6,500,2213.988159
-47.3,500,2214.045259
-49.5,500,2214.101349
-47.3,500,2214.385623
-47.7,500,2214.442414
-47.8,500,2214.500013
-48.0,500,2214.557192
-47.3,500,2214.842458
-47.3,500,2214.899481
-47.1,500,2214.955342
-47.0,500,2215.012438
-47.3,500,2215.295416
-46.8,500,2215.352826
-47.1,500,2215.408822
-46.5,500,2215.465575
-47.3,500,2215.748154
-47.0,500,2215.805724
-46.9,500,2215.862591
-46.6,500,2215.919193
-47.2,500,2215.976427
-46.9,500,2216.260397
-46.8,500,2216.317528
-46.7,500,2216.37315
-46.5,500,2216.430729
-46.7,500,2216.714803
-46.7,500,2216.772153
-46.6,500,2216.828038
-46.9,500,2216.885296
-46.7,500,2217.16924
-46.9,500,2217.227255
-47.1,500,2217.283589
-46.9,500,2217.340751
-47.0,500,2217.625909
-46.5,500,2217.682501
-46.8,500,2217.740265
-47.3,500,2217.796726
-46.7,500,2218.082174
-46.5,500,2218.139158
-46.5,500,2218.197026
-47.1,500,2218.253803
-47.7,500,2218.538268
-46.5,500,2218.595385
-46.7,500,2218.651785
-46.7,500,2218.709272
-47.3,500,2218.994949
-48.2,500,2219.052571
-47.4,500,2219.108503
-48.5,500,2219.16594
-48.7,500,2219.449711
-47.2,500,2219.506502
-47.6,500,2219.563191
-47.6,500,2219.619854
-47.5,500,2219.902643
-47.0,500,2219.958839
-47.0,500,2220.015874
-47.4,500,2220.072657
-46.8,500,2220.356336
-47.6,500,2220.412813
-46.8,500,2220.470197
-46.7,500,2220.5261
-46.6,500,2220.583357
-46.9,500,2220.867825
-46.5,500,2220.925116
-47.4,500,2220.981409
-46.6,500,2221.038632
-46.5,500,2221.323132
-46.8,500,2221.378936
-46.9,500,2221.435493
-47.8,500,2221.492294
-46.5,500,2221.777589
-47.5,500,2221.832723
-46.5,500,2221.89042
-47.2,500,2221.946584
-47.0,500,2222.230553
-46.9,500,2222.287927
-47.6,500,2222.344304
-46.7,500,2222.402136
-46.7,500,2222.686352
-46.7,500,2222.742992
-46.7,500,2222.799377
-47.1,500,2222.85666
-46.5,500,2223.139919
-46.9,500,2223.197497
-47.1,500,2223.253014
-46.9,500,2223.309993
-47.7,500,2223.626103
-46.8,500,2223.682763
-46.6,500,2223.73976
-46.9,500,2223.797145
-46.9,500,2224.083439
-46.9,500,2224.140579
-47.8,500,2224.196549
-46.5,500,2224.252768
-47.6,500,2224.536608
-47.0,500,2224.594023
-46.5,500,2224.649694
-46.6,500,2224.706835
-46.6,500,2224.991531
-47.1,500,2225.048996
-46.5,500,2225.10602
-46.5,500,2225.161895
-46.7,500,2225.218101
-46.8,500,2225.502532
-47.2,500,2225.560259
-46.9,500,2225.616547
-47.3,500,2225.673883
-47.5,500,2225.95831
-46.6,500,2226.015181
-47.0,500,2226.071698
-47.1,500,2226.12873
-46.8,500,2226.413625
-46.9,500,2226.469919
-46.8,500,2226.526623
-47.3,500,2226.582561
-46.5,500,2226.866392
-46.5,500,2226.923267
-47.4,500,2226.980761
-47.0,500,2227.036912
-46.5,500,2227.321616
-46.7,500,2227.378552
-46.7,500,2227.435537
-46.7,500,2227.493372
-46.9,500,2227.777273
-47.4,500,2227.83448
-46.5,500,2227.8902
-46.7,500,2227.947756
-47.3,500,2228.229763
-46.9,500,2228.287816
-46.7,500,2228.343814
-47.4,500,2228.400769
-46.5,500,2228.684211
-46.9,500,2228.741269
-46.5,500,2228.79856
-46.7,500,2228.855411
-46.7,500,2229.140794
-46.6,500,2229.197643
-46.8,500,2229.255013
-47.7,500,2229.310488
-46.5,500,2229.595405
-46.5,500,2229.651152
-47.8,500,2229.70842
-46.9,500,2229.764412
-47.3,500,2230.048015
-47.1,500,2230.104017
-47.5,500,2230.160191
-47.1,500,2230.216905
-47.4,500,2230.273117
-46.7,500,2230.558273
-46.9,500,2230.614819
-46.7,500,2230.671404
-47.6,500,2230.726872
-47.9,500,2231.010785
-46.8,500,2231.067172
-47.2,500,2231.12452
-47.0,500,2231.181146
-46.5,500,2231.465743
-46.9,500,2231.523324
-47.6,500,2231.579399
-46.8,500,2231.636251
-48.3,500,2231.920733
-46.9,500,2231.978632
-46.9,500,2232.035217
-46.5,500,2232.092515
-47.1,500,2232.376803
-48.0,500,2232.434284
-48.0,500,2232.490052
-47.3,500,2232.546609
-47.3,500,2232.831046
-47.3,500,2232.888317
-48.3,500,2232.945562
-47.9,500,2233.002185
-47.3,500,2233.285516
-47.2,500,2233.342526
-46.8,500,2233.400162
-46.6,500,2233.456581
-46.8,500,2233.741099
-46.7,500,2233.798579
-46.8,500,2233.85543
-46.6,500,2233.912719
-46.7,500,2234.19701
-47.2,500,2234.254864
-47.8,500,2234.31066
-46.7,500,2234.367834
-46.9,500,2234.651288
-46.5,500,2234.708751
-46.9,500,2234.765133
-46.7,500,2234.82223
-47.1,500,2234.878601
-46.7,500,2235.162256
-46.8,500,2235.218282
-47.0,500,2235.275737
-47.5,500,2235.331443
-48.2,500,2235.615694
-47.3,500,2235.672958
-46.8,500,2235.728892
-47.5,500,2235.785494
-46.7,500,2236.068594
-46.9,500,2236.125957
-47.2,500,2236.181641
-47.4,500,2236.239064
-47.0,500,2236.522943
-47.1,500,2236.580965
-47.0,500,2236.637051
-46.9,500,2236.693983
-47.4,500,2236.980517
-46.7,500,2237.03766
-46.5,500,2237.094852
-46.5,500,2237.151108
-47.4,500,2237.43598
-46.6,500,2237.492917
-47.5,500,2237.550141
-46.7,500,2237.606205
-47.1,500,2237.891288
-46.5,500,2237.947879
-46.7,500,2238.005695
-46.5,500,2238.061699
-47.0,500,2238.346466
-47.1,500,2238.404001
-47.8,500,2238.46018
-48.0,500,2238.517255
-47.5,500,2238.802792
-47.3,500,2238.861223
-46.9,500,2238.918709
-46.7,500,2238.976644
-48.4,500,2239.261897
-47.2,500,2239.318241
-46.7,500,2239.374249
-46.6,500,2239.430332
-46.6,500,2239.71441
-46.6,500,2239.771486
-46.9,500,2239.828314
-46.9,500,2239.884291
-47.0,500,2239.941406
-46.9,500,2240.235645
-47.2,500,2240.293363
-47.2,500,2240.350018
-47.5,500,2240.406593
-46.9,500,2240.691653
-47.0,500,2240.747919
-46.8,500,2240.804904
-46.8,500,2240.860603
-46.7,500,2241.144494
-47.1,500,2241.200686
-46.7,500,2241.257693
-46.7,500,2241.313416
-47.2,500,2241.598921
-46.6,500,2241.656564
-46.7,500,2241.712558
-47.1,500,2241.769409
-46.6,500,2242.053028
-46.9,500,2242.110446
-47.1,500,2242.166013
-46.9,500,2242.222607
-46.7,500,2242.505158
-48.0,500,2242.562721
-47.4,500,2242.618401
-47.6,500,2242.674264
-46.7,500,2242.959294
-46.5,500,2243.01591
-47.4,500,2243.073567
-46.8,500,2243.130051
-47.4,500,2243.414103
-47.4,500,2243.470891
-46.6,500,2243.528412
-46.7,500,2243.584482
-47.0,500,2243.86954
-46.7,500,2243.928051
-47.0,500,2243.984591
-46.7,500,2244.042189
-48.0,500,2244.326288
-46.7,500,2244.384074
-47.4,500,2244.439962
-47.2,500,2244.497579
-46.5,500,2244.554144
-46.7,500,2244.838584
-46.7,500,2244.896063
-46.9,500,2244.951771
-46.6,500,2245.008582
-48.1,500,2245.292265
-46.7,500,2245.349985
-47.0,500,2245.432198
-46.9,500,2245.487472
-46.9,500,2245.771361
-46.9,500,2245.828012
-47.0,500,2245.884465
-47.1,500,2245.941129
-46.7,500,2246.225363
-46.9,500,2246.280746
-47.3,500,2246.337548
-46.7,500,2246.394095
-47.3,500,2246.67804
-46.9,500,2246.734665
-46.9,500,2246.791987
-46.8,500,2246.848484
-46.6,500,2247.132053
-47.0,500,2247.189887
-47.0,500,2247.245751
-47.0,500,2247.30297
-46.6,500,2247.586398
-46.5,500,2247.643884
-46.8,500,2247.700789
-46.7,500,2247.758499
-47.2,500,2248.042468
-46.5,500,2248.098943
-46.7,500,2248.155265
-46.6,500,2248.211241
-46.9,500,2248.49493
-47.7,500,2248.55061
-46.9,500,2248.607007
-47.1,500,2248.663519
-46.5,500,2248.951448
-46.7,500,2249.00814
-47.3,500,2249.06522
-46.6,500,2249.121372
-46.7,500,2249.178204
-46.7,500,2249.462339
-47.0,500,2249.518819
-46.6,500,2249.575751
-46.9,500,2249.632331
-46.7,500,2249.916757
-46.9,500,2249.97308
-46.6,500,2250.029359
-46.6,500,2250.084573
-47.1,500,2250.367527
-47.2,500,2250.422477
-47.8,500,2250.479942
-46.7,500,2250.535418
-46.5,500,2250.82
-47.0,500,2250.876841
-46.5,500,2250.932833
-47.1,500,2250.990626
-47.0,500,2251.273711
-46.5,500,2251.331887
-46.9,500,2251.388743
-46.9,500,2251.446337
-47.2,500,2251.72975
-46.9,500,2251.786946
-47.7,500,2251.843039
-48.0,500,2251.899754
-46.8,500,2252.185166
-47.6,500,2252.241923
-47.0,500,2252.299376
-47.2,500,2252.356233
-47.3,500,2252.640245
-46.9,500,2252.696598
-47.2,500,2252.754138
-46.9,500,2252.809236
