#{"t_start": 1767663311.781628, "env_id": "None"}
r,l,t
-60.5,500,0.132671
-58.1,500,0.25727
-62.9,500,0.381308
-52.3,500,0.505421
-49.3,500,0.629941
-52.0,500,0.756662
-55.2,500,0.881474
-51.1,500,1.00562
-50.2,500,1.130231
-48.8,500,1.254367
-50.1,500,1.378938
-53.2,500,1.50271
-49.0,500,1.627306
-50.3,500,1.751521
-50.2,500,1.875582
-49.6,500,1.999954
-51.1,500,2.123664
-50.0,500,2.247652
-51.3,500,2.375232
-51.3,500,2.500721
-50.0,500,2.625491
-50.8,500,2.750211
-50.1,500,2.874674
-47.9,500,2.998792
-47.3,500,3.123606
-48.3,500,3.247807
-50.5,500,3.371956
-50.1,500,3.496248
-48.9,500,3.620864
-50.3,500,3.744925
-47.4,500,3.869053
-48.4,500,3.99411
-48.6,500,4.118072
-48.8,500,4.242384
-48.1,500,4.367058
-49.6,500,4.491556
-47.5,500,4.615907
-48.3,500,4.740026
-47.7,500,4.866862
-47.8,500,4.991209
-48.8,500,5.115715
-49.3,500,5.239707
-47.6,500,5.363951
-48.0,500,5.487976
-48.6,500,5.611928
-47.8,500,5.735858
-48.9,500,5.85955
-47.9,500,5.983369
-49.2,500,6.106714
-48.9,500,6.230718
-47.8,500,6.3554
-47.7,500,6.479934
-47.8,500,6.603593
-49.0,500,6.727738
-48.2,500,6.851294
-47.3,500,6.975492
-47.1,500,7.09902
-48.5,500,7.223056
-47.2,500,7.34749
-48.4,500,7.471574
-47.7,500,7.596188
-48.1,500,7.720325
-48.7,500,7.844766
-48.4,500,7.96873
-48.5,500,8.093259
-48.4,500,8.217308
-47.4,500,8.341711
-48.9,500,8.466079
-47.8,500,8.590365
-47.5,500,8.714413
-50.0,500,8.838895
-47.9,500,8.962944
-48.8,500,9.087151
-47.6,500,9.21122
-48.6,500,9.335221
-47.6,500,9.459377
-48.2,500,9.583489
-47.7,500,9.740942
-47.3,500,9.877573
-48.2,500,10.001543
-49.0,500,10.1266
-47.7,500,10.250604
-47.4,500,10.375222
-47.7,500,10.499357
-48.8,500,10.623704
-47.5,500,10.747752
-49.5,500,10.871789
-47.9,500,10.996523
-47.6,500,11.120122
-47.6,500,11.244258
-48.6,500,11.368672
-48.1,500,11.49263
-47.7,500,11.616394
-48.0,500,11.739992
-47.7,500,11.864568
-48.5,500,11.988092
-48.3,500,12.112201
-46.8,500,12.236105
-47.2,500,12.36004
-47.8,500,12.483763
-48.4,500,12.607824
-47.1,500,12.73256
-47.5,500,12.85667
-46.9,500,12.980444
-48.5,500,13.10428
-47.5,500,13.228534
-47.8,500,13.352824
-47.5,500,13.477708
-47.3,500,13.601807
-47.9,500,13.726261
-48.0,500,13.850664
-48.4,500,13.974625
-47.2,500,14.098926
-46.8,500,14.223014
-47.3,500,14.347134
-47.2,500,14.471123
-47.6,500,14.595184
-46.9,500,14.719422
-47.2,500,14.845284
-47.3,500,14.969456
-47.7,500,15.094077
-47.3,500,15.218043
-46.9,500,15.341939
-47.5,500,15.465625
-47.6,500,15.589772
-47.6,500,15.714126
-47.5,500,15.838355
-48.5,500,15.962831
-48.1,500,16.09121
-47.5,500,16.215311
-47.1,500,16.339676
-47.1,500,16.463585
-48.4,500,16.587837
-47.2,500,16.71533
-47.7,500,16.840251
-47.5,500,16.964619
-47.2,500,17.088811
-48.1,500,17.213233
-47.2,500,17.337252
-48.0,500,17.461869
-47.0,500,17.587384
-47.3,500,17.712043
-47.5,500,17.836349
-47.2,500,17.960916
-47.1,500,18.085159
-48.2,500,18.210295
-47.0,500,18.3382
-47.3,500,18.463353
-48.3,500,18.587799
-47.1,500,18.711814
-48.0,500,18.835956
-46.9,500,18.960428
-47.6,500,19.084261
-47.1,500,19.20891
-47.3,500,19.332901
-46.9,500,19.457009
-48.7,500,19.580674
-47.5,500,19.704656
-47.6,500,19.830428
-47.3,500,19.955076
-47.3,500,20.079946
-47.5,500,20.204224
-47.1,500,20.328778
-47.2,500,20.453004
-47.0,500,20.578343
-47.0,500,20.702671
-47.8,500,20.826886
-47.8,500,20.951162
-46.9,500,21.075568
-46.7,500,21.199872
-48.0,500,21.324203
-47.4,500,21.44839
-48.3,500,21.572313
-47.2,500,21.696607
-47.3,500,21.820878
-47.0,500,21.944451
-46.7,500,22.068429
-47.6,500,22.192541
-49.0,500,22.316802
-47.0,500,22.440697
-47.6,500,22.565257
-46.9,500,22.689401
-47.3,500,22.848172
-47.4,500,22.972628
-47.4,500,23.096656
-47.9,500,23.220196
-47.9,500,23.34402
-47.0,500,23.46782
-47.0,500,23.591799
-47.6,500,23.716838
-47.4,500,23.841974
-46.7,500,23.966386
-48.3,500,24.090372
-46.7,500,24.21446
-48.0,500,24.338647
-47.4,500,24.462585
-46.7,500,24.587157
-47.3,500,24.7113
-47.1,500,24.83716
-47.4,500,24.962102
-47.5,500,25.08649
-47.5,500,25.210468
-48.2,500,25.334245
-47.1,500,25.458764
-48.3,500,25.582785
-47.6,500,25.706825
-47.2,500,25.830537
-48.0,500,25.954516
-46.8,500,26.078009
-47.5,500,26.202096
-46.9,500,26.326646
-48.3,500,26.450462
-46.7,500,26.574382
-46.7,500,26.69864
-46.8,500,26.822671
-47.4,500,26.946464
-48.0,500,27.071052
-47.1,500,27.195527
-46.8,500,27.319729
-46.8,500,27.443918
-46.9,500,27.568922
-47.3,500,27.692604
-47.5,500,27.816551
-48.4,500,27.94097
-47.0,500,28.065264
-48.0,500,28.189446
-47.2,500,28.313522
-47.0,500,28.437568
-47.6,500,28.561468
-47.4,500,28.685808
-46.8,500,28.810844
-47.0,500,28.935285
-49.3,500,29.059299
-47.8,500,29.183167
-46.7,500,29.30749
-47.1,500,29.431313
-46.8,500,29.55594
-46.9,500,29.680794
-47.8,500,29.80668
-46.7,500,29.931478
-47.0,500,30.055698
-46.7,500,30.179381
-47.4,500,30.304045
-47.2,500,30.428291
-46.8,500,30.552139
-47.3,500,30.676139
-48.0,500,30.800231
-47.6,500,30.924384
-46.9,500,31.048038
-46.9,500,31.172818
-46.9,500,31.297326
-46.9,500,31.421416
-47.5,500,31.546086
-47.3,500,31.670315
-47.0,500,31.794215
-47.7,500,31.919034
-47.1,500,32.043007
-47.4,500,32.16749
-47.5,500,32.291727
-46.5,500,32.415925
-48.4,500,32.540732
-48.2,500,32.665577
-47.2,500,32.789956
-47.2,500,32.913789
-47.3,500,33.038086
-47.3,500,33.162569
-47.1,500,33.286625
-46.8,500,33.411231
-48.5,500,33.535933
-47.5,500,33.660708
-46.9,500,33.785633
-47.2,500,33.909687
-46.7,500,34.033924
-46.9,500,34.158362
-47.5,500,34.283569
-47.1,500,34.407769
-47.0,500,34.532357
-47.2,500,34.656531
-47.5,500,34.78088
-47.4,500,34.906973
-47.1,500,35.032025
-47.6,500,35.157
-46.9,500,35.281423
-47.7,500,35.405586
-47.1,500,35.529319
-46.8,500,35.653138
-46.7,500,35.777927
-46.7,500,35.937765
-47.6,500,36.062116
-47.3,500,36.185983
-47.1,500,36.310074
-46.9,500,36.435
-47.0,500,36.559014
-46.8,500,36.682908
-47.2,500,36.807058
-47.7,500,36.930695
-47.4,500,37.054584
-46.9,500,37.178709
-47.8,500,37.303348
-47.1,500,37.427001
-47.1,500,37.551735
-48.5,500,37.675728
-47.3,500,37.799956
-47.3,500,37.924022
-47.7,500,38.047989
-47.2,500,38.172326
-47.1,500,38.296582
-47.3,500,38.420853
-47.1,500,38.544922
-47.9,500,38.668561
-47.4,500,38.793437
-47.1,500,38.916881
-47.7,500,39.040612
-47.1,500,39.164039
-47.7,500,39.287649
-47.0,500,39.411782
-46.8,500,39.535503
-47.7,500,39.659414
-47.4,500,39.783676
-48.1,500,39.909022
-46.6,500,40.033681
-47.3,500,40.158101
-47.2,500,40.282343
-47.3,500,40.406076
-47.8,500,40.530091
-47.2,500,40.654313
-46.9,500,40.778601
-46.9,500,40.902645
-47.0,500,41.026974
-46.7,500,41.150963
-46.6,500,41.275023
-46.9,500,41.398738
-47.0,500,41.523029
-47.6,500,41.646908
-47.2,500,41.7708
-47.1,500,41.894867
-47.6,500,42.018988
-47.5,500,42.143106
-46.8,500,42.267255
-47.1,500,42.391802
-47.0,500,42.516027
-47.0,500,42.639939
-47.2,500,42.76413
-47.3,500,42.888433
-46.9,500,43.012636
-47.4,500,43.136473
-48.1,500,43.260858
-46.8,500,43.384978
-47.5,500,43.509379
-47.3,500,43.633573
-47.2,500,43.758052
-46.7,500,43.881729
-47.1,500,44.006146
-47.9,500,44.130606
-46.8,500,44.254881
-46.7,500,44.37894
-47.8,500,44.502988
-47.5,500,44.637134
-47.6,500,44.7624
-46.8,500,44.889117
-47.0,500,45.014317
-47.1,500,45.138742
-47.3,500,45.262982
-47.3,500,45.386902
-46.9,500,45.511718
-47.1,500,45.635732
-47.4,500,45.759823
-47.5,500,45.88386
-48.0,500,46.007976
-46.8,500,46.131869
-49.0,500,46.256358
-46.9,500,46.380796
-47.2,500,46.504938
-47.7,500,46.629415
-46.9,500,46.753134
-47.3,500,46.877578
-49.3,500,47.001541
-47.7,500,47.125708
-47.7,500,47.249378
-46.6,500,47.373425
-46.7,500,47.498145
-47.2,500,47.621828
-47.4,500,47.745816
-48.0,500,47.869687
-46.8,500,47.993865
-47.2,500,48.118534
-47.1,500,48.242632
-47.4,500,48.366213
-47.2,500,48.489806
-47.6,500,48.614053
-46.8,500,48.738119
-46.9,500,48.862052
-47.5,500,49.024044
-46.8,500,49.148135
-47.5,500,49.271655
-46.6,500,49.395581
-47.4,500,49.51956
-47.5,500,49.643992
-47.4,500,49.768952
-47.2,500,49.895372
-47.0,500,50.019984
-47.2,500,50.144246
-46.9,500,50.268222
-47.7,500,50.391935
-46.8,500,50.515596
-47.6,500,50.639156
-47.7,500,50.763142
-47.9,500,50.886772
-46.8,500,51.010066
-47.7,500,51.133822
-46.9,500,51.257769
-47.6,500,51.381266
-46.8,500,51.50465
-47.8,500,51.629091
-47.7,500,51.753264
-47.1,500,51.877304
-47.1,500,52.001521
-47.1,500,52.125703
-46.7,500,52.249343
-46.9,500,52.372858
-47.3,500,52.497287
-47.9,500,52.62128
-47.0,500,52.745192
-46.9,500,52.869238
-46.7,500,52.992994
-47.6,500,53.117102
-46.8,500,53.241783
-46.9,500,53.367146
-47.3,500,53.491139
-47.2,500,53.615481
-46.7,500,53.739943
-47.2,500,53.863916
-47.2,500,53.988432
-47.0,500,54.112692
-47.1,500,54.236843
-46.9,500,54.361133
-47.1,500,54.485483
-47.0,500,54.609637
-46.7,500,54.733987
-47.9,500,54.860482
-47.6,500,54.984795
-48.3,500,55.108841
-47.4,500,55.232512
-47.1,500,55.355963
-47.2,500,55.479546
-46.7,500,55.603311
-47.1,500,55.727975
-46.9,500,55.851665
-46.9,500,55.975485
-46.8,500,56.099291
-47.0,500,56.223185
-47.4,500,56.346905
-46.8,500,56.471676
-47.0,500,56.595719
-47.3,500,56.719965
-46.6,500,56.843524
-47.2,500,56.967248
-47.4,500,57.091102
-47.2,500,57.214846
-46.9,500,57.339313
-47.8,500,57.463543
-47.4,500,57.587848
-46.7,500,57.711763
-47.3,500,57.835866
-46.5,500,57.959841
-47.2,500,58.08378
-47.4,500,58.208025
-46.9,500,58.331652
-49.2,500,58.455702
-46.9,500,58.579869
-47.2,500,58.703838
-47.1,500,58.827992
-47.0,500,58.953324
-47.3,500,59.077553
-47.1,500,59.201506
-46.9,500,59.325516
-46.8,500,59.449222
-47.6,500,59.573413
-47.3,500,59.698038
-47.0,500,59.823223
-47.2,500,59.949009
-46.9,500,60.073577
-46.8,500,60.197989
-47.0,500,60.322425
-46.7,500,60.447755
-47.8,500,60.572985
-46.9,500,60.697435
-46.7,500,60.821664
-47.8,500,60.945958
-46.8,500,61.069773
-47.6,500,61.19484
-46.6,500,61.319308
-47.7,500,61.443541
-47.1,500,61.567365
-46.6,500,61.69126
-46.9,500,61.815446
-47.3,500,61.977928
-46.6,500,62.101939
-48.6,500,62.226118
-47.4,500,62.350032
-46.7,500,62.47409
-47.4,500,62.597999
-48.4,500,62.722512
-47.6,500,62.84685
-47.0,500,62.970715
-46.8,500,63.094581
-47.0,500,63.218665
-47.1,500,63.3425
-46.9,500,63.466249
-47.3,500,63.590744
-47.1,500,63.715104
-47.4,500,63.839668
-46.9,500,63.96345
-47.6,500,64.087575
-46.8,500,64.211403
-47.1,500,64.336376
-46.6,500,64.46072
-47.3,500,64.58441
-46.7,500,64.708764
-47.2,500,64.834216
-46.5,500,64.959004
-46.8,500,65.083667
-46.7,500,65.207546
-47.0,500,65.33151
-46.7,500,65.455342
-47.1,500,65.579365
-47.0,500,65.703255
-47.3,500,65.827258
-47.3,500,65.951348
-47.7,500,66.075413
-47.7,500,66.199448
-46.9,500,66.323104
-47.3,500,66.446784
-47.6,500,66.570156
-47.2,500,66.693981
-47.0,500,66.81835
-46.8,500,66.94181
-47.5,500,67.065396
-47.3,500,67.188678
-47.2,500,67.31249
-46.7,500,67.436345
-47.1,500,67.560154
-47.4,500,67.683421
-47.1,500,67.807726
-47.2,500,67.932259
-47.0,500,68.056121
-47.2,500,68.17999
-46.8,500,68.303806
-47.1,500,68.427657
-47.9,500,68.551438
-47.6,500,68.675899
-47.6,500,68.799689
-46.8,500,68.923499
-47.1,500,69.046785
-47.4,500,69.170617
-47.4,500,69.294876
-47.1,500,69.418579
-47.0,500,69.543132
-47.1,500,69.667769
-47.0,500,69.791681
-46.5,500,69.917515
-47.9,500,70.041562
-47.1,500,70.165706
-47.4,500,70.289457
-46.8,500,70.413638
-47.1,500,70.538886
-46.9,500,70.66296
-48.1,500,70.786564
-46.9,500,70.910444
-46.9,500,71.034313
-46.6,500,71.157678
-46.9,500,71.281368
-48.1,500,71.405361
-46.9,500,71.529851
-47.5,500,71.654304
-47.1,500,71.777772
-48.1,500,71.901173
-46.7,500,72.024693
-47.7,500,72.148385
-46.8,500,72.272745
-46.8,500,72.397024
-47.2,500,72.520436
-47.4,500,72.644124
-47.3,500,72.768084
-47.8,500,72.891917
-47.3,500,73.01536
-46.9,500,73.139015
-46.9,500,73.263032
-46.7,500,73.386885
-47.2,500,73.510825
-46.6,500,73.635373
-46.9,500,73.759293
-47.2,500,73.883498
-47.9,500,74.008199
-47.0,500,74.133155
-47.2,500,74.259391
-46.9,500,74.39069
-47.8,500,74.515802
-47.0,500,74.639856
-47.3,500,74.764361
-48.1,500,74.923915
-47.2,500,75.048004
-47.4,500,75.172357
-47.7,500,75.296417
-47.3,500,75.421011
-47.4,500,75.544492
-46.7,500,75.668349
-46.8,500,75.791929
-46.8,500,75.915533
-47.8,500,76.039187
-47.1,500,76.162879
-46.6,500,76.286695
-48.9,500,76.410647
-46.5,500,76.534484
-47.3,500,76.658645
-46.9,500,76.782526
-47.9,500,76.906788
-46.8,500,77.030456
-46.6,500,77.154174
-47.3,500,77.278883
-47.2,500,77.402999
-47.4,500,77.527109
-47.0,500,77.651089
-46.8,500,77.775452
-46.8,500,77.899446
-47.4,500,78.023378
-46.9,500,78.147279
-47.0,500,78.271661
-47.2,500,78.396874
-46.8,500,78.521207
-46.7,500,78.645757
-46.7,500,78.76922
-46.7,500,78.893397
-46.8,500,79.017701
-47.3,500,79.141098
-48.0,500,79.265482
-46.7,500,79.389496
-47.2,500,79.513022
-47.3,500,79.636811
-47.6,500,79.760679
-47.2,500,79.88688
-47.5,500,80.011516
-47.8,500,80.135532
-46.8,500,80.259632
-48.0,500,80.383708
-48.4,500,80.507653
-47.3,500,80.63186
-47.4,500,80.756109
-46.6,500,80.880172
-46.7,500,81.0044
-47.7,500,81.129112
-47.6,500,81.253305
-47.0,500,81.377431
-46.7,500,81.5013
-47.2,500,81.625202
-46.7,500,81.749159
-46.9,500,81.87328
-47.3,500,81.99711
-46.8,500,82.120954
-47.8,500,82.244919
-47.5,500,82.3694
-46.9,500,82.493461
-47.2,500,82.617567
-47.8,500,82.741562
-49.1,500,82.865383
-48.1,500,82.989283
-48.7,500,83.113539
-46.6,500,83.238135
-47.2,500,83.361796
-47.4,500,83.485829
-46.7,500,83.610347
-47.0,500,83.733956
-47.3,500,83.858072
-47.2,500,83.982476
-46.8,500,84.106509
-46.9,500,84.230549
-48.1,500,84.354593
-46.7,500,84.478837
-46.9,500,84.602981
-47.1,500,84.727598
-46.9,500,84.854215
-47.0,500,84.979039
-47.0,500,85.103693
-48.6,500,85.227817
-47.0,500,85.352016
-47.0,500,85.475795
-47.5,500,85.600501
-46.9,500,85.724379
-46.6,500,85.848222
-46.7,500,85.972399
-46.7,500,86.096482
-47.5,500,86.220749
-48.8,500,86.345464
-47.2,500,86.469835
-46.7,500,86.594133
-47.3,500,86.71839
-46.9,500,86.842598
-46.8,500,86.966908
-54.6,500,87.091312
-47.2,500,87.216446
-47.2,500,87.341837
-47.2,500,87.466491
-47.8,500,87.628532
-48.1,500,87.753063
-47.0,500,87.877607
-46.8,500,88.001489
-47.1,500,88.125086
-46.8,500,88.251164
-47.5,500,88.375762
-47.2,500,88.500088
-46.7,500,88.625131
-46.7,500,88.749663
-47.3,500,88.874134
-47.1,500,88.998494
-46.8,500,89.122765
-47.1,500,89.246569
-47.0,500,89.371196
-47.0,500,89.495575
-46.8,500,89.619867
-47.9,500,89.74425
-46.8,500,89.870382
-46.7,500,89.995351
-47.0,500,90.12047
-47.9,500,90.246045
-46.8,500,90.371006
-47.3,500,90.495839
-46.9,500,90.62004
-46.7,500,90.7447
-46.6,500,90.869195
-47.0,500,90.994008
-47.3,500,91.118566
-46.9,500,91.24288
-46.7,500,91.367098
-47.0,500,91.491515
-46.7,500,91.615792
-47.9,500,91.740352
-47.3,500,91.865693
-47.3,500,91.990328
-47.1,500,92.114698
-47.4,500,92.239049
-46.9,500,92.364004
-46.5,500,92.488246
-47.0,500,92.613758
-47.6,500,92.738824
-47.3,500,92.86366
-47.1,500,92.988064
-46.8,500,93.112653
-46.9,500,93.237213
-46.8,500,93.361461
-47.4,500,93.486646
-46.5,500,93.611791
-47.1,500,93.736503
-47.5,500,93.861017
-47.0,500,93.985375
-47.3,500,94.109314
-47.1,500,94.234461
-47.1,500,94.360183
-46.6,500,94.484497
-46.9,500,94.609287
-46.7,500,94.733943
-46.9,500,94.860087
-47.3,500,94.985538
-46.7,500,95.110321
-46.9,500,95.234773
-46.6,500,95.359311
-46.8,500,95.48372
-47.1,500,95.607986
-46.9,500,95.73258
-46.9,500,95.857001
-46.5,500,95.981944
-47.7,500,96.10676
-46.9,500,96.23127
-46.7,500,96.356274
-47.2,500,96.480941
-46.9,500,96.605403
-47.9,500,96.729716
-46.7,500,96.855014
-47.5,500,96.979702
-46.9,500,97.10461
-46.7,500,97.229228
-48.2,500,97.354186
-46.9,500,97.478312
-47.1,500,97.603229
-47.2,500,97.728566
-47.0,500,97.853415
-46.9,500,97.977949
-46.8,500,98.102464
-47.2,500,98.226944
-46.8,500,98.351478
-47.8,500,98.476504
-47.1,500,98.601451
-46.9,500,98.726091
-47.3,500,98.850439
-47.7,500,98.975076
-47.0,500,99.099601
-47.2,500,99.224817
-47.1,500,99.34955
-47.3,500,99.474139
-47.1,500,99.59896
-47.4,500,99.723259
-47.5,500,99.849904
-46.5,500,99.97456
-47.2,500,100.099377
-47.6,500,100.223692
-46.9,500,100.348495
-47.2,500,100.472907
-47.5,500,100.636933
-47.3,500,100.761818
-47.3,500,100.886177
-46.8,500,101.011394
-46.9,500,101.136472
-46.6,500,101.261372
-46.9,500,101.386609
-47.6,500,101.510835
-47.2,500,101.635713
-47.6,500,101.760952
-47.1,500,101.885808
-47.4,500,102.010663
-47.1,500,102.13564
-47.6,500,102.261351
-47.1,500,102.386237
-46.8,500,102.510755
-46.5,500,102.635469
-46.8,500,102.760053
-47.5,500,102.884559
-47.0,500,103.009549
-46.8,500,103.134294
-47.9,500,103.258843
-47.6,500,103.383484
-47.4,500,103.508038
-46.7,500,103.634641
-48.2,500,103.759371
-47.9,500,103.88441
-46.7,500,104.008841
-47.7,500,104.133577
-47.4,500,104.257943
-46.9,500,104.382197
-47.6,500,104.50706
-46.6,500,104.632114
-47.3,500,104.756456
-47.4,500,104.882908
-47.2,500,105.008408
-47.9,500,105.133195
-46.8,500,105.258014
-47.2,500,105.382558
-46.8,500,105.506954
-47.4,500,105.631551
-46.7,500,105.756118
-47.0,500,105.881088
-46.9,500,106.005618
-47.5,500,106.130258
-47.5,500,106.255595
-47.0,500,106.379857
-47.5,500,106.504761
-47.7,500,106.629465
-46.5,500,106.753993
-47.1,500,106.878677
-47.4,500,107.003662
-47.0,500,107.128956
-46.8,500,107.25377
-46.8,500,107.378761
-46.7,500,107.503323
-47.7,500,107.635364
-47.0,500,107.768184
-46.9,500,107.895117
-46.8,500,108.021264
-46.8,500,108.146615
-46.9,500,108.27272
-47.1,500,108.397744
-47.2,500,108.52364
-47.0,500,108.649219
-47.4,500,108.774082
-47.3,500,108.898947
-47.1,500,109.023979
-47.5,500,109.148515
-47.0,500,109.274787
-47.5,500,109.400017
-47.9,500,109.524831
-47.1,500,109.649221
-47.1,500,109.77379
-46.7,500,109.900157
-47.4,500,110.026223
-46.8,500,110.151023
-47.2,500,110.276237
-47.4,500,110.401573
-47.5,500,110.526327
-47.4,500,110.651262
-46.7,500,110.776693
-46.6,500,110.901111
-47.7,500,111.026039
-47.5,500,111.151124
-47.1,500,111.275639
-47.4,500,111.400541
-47.6,500,111.525349
-47.4,500,111.650583
-47.0,500,111.775266
-47.1,500,111.900013
-46.9,500,112.024998
-46.7,500,112.150286
-47.4,500,112.274905
-47.5,500,112.399845
-46.6,500,112.5243
-47.0,500,112.6496
-46.9,500,112.774174
-47.0,500,112.898794
-47.8,500,113.023902
-46.9,500,113.149088
-46.8,500,113.274154
-46.8,500,113.399612
-47.7,500,113.560527
-46.6,500,113.686893
-46.7,500,113.811504
-47.3,500,113.936654
-46.8,500,114.062019
-47.4,500,114.186682
-46.5,500,114.311126
-46.9,500,114.435372
-46.8,500,114.559769
-47.0,500,114.683823
-46.7,500,114.808783
-47.0,500,114.935346
-46.9,500,115.060242
-46.6,500,115.185003
-47.1,500,115.309659
-46.6,500,115.434245
-47.3,500,115.559336
-47.1,500,115.684242
-46.8,500,115.808505
-46.8,500,115.933151
-47.3,500,116.05782
-46.6,500,116.183012
-47.2,500,116.308488
-48.7,500,116.433115
-46.7,500,116.557542
-47.2,500,116.682033
-47.3,500,116.806444
-47.6,500,116.930886
-47.8,500,117.055973
-48.0,500,117.180793
-46.8,500,117.305577
-47.0,500,117.430897
-47.1,500,117.555631
-46.6,500,117.68054
-46.6,500,117.805512
-47.2,500,117.930992
-46.5,500,118.055636
-46.5,500,118.180654
-47.5,500,118.305811
-47.5,500,118.431317
-47.4,500,118.55563
-47.6,500,118.680728
-46.8,500,118.805375
-46.9,500,118.930074
-46.6,500,119.05424
-47.0,500,119.17897
-46.8,500,119.304364
-47.1,500,119.429404
-47.3,500,119.553897
-46.8,500,119.67877
-47.4,500,119.803344
-46.6,500,119.930495
-46.7,500,120.056423
-46.7,500,120.182534
-47.0,500,120.307343
-47.5,500,120.431779
-46.7,500,120.556195
-46.9,500,120.680439
-47.1,500,120.805061
-47.4,500,120.930164
-46.6,500,121.054457
-48.6,500,121.179246
-46.9,500,121.303691
-46.9,500,121.428102
-46.7,500,121.552662
-47.5,500,121.67757
-47.2,500,121.803001
-47.5,500,121.927543
-47.2,500,122.052527
-47.1,500,122.177537
-47.0,500,122.302578
-47.0,500,122.427493
-46.9,500,122.552553
-47.1,500,122.676959
-47.0,500,122.801714
-47.3,500,122.926244
-46.8,500,123.050806
-47.2,500,123.177175
-46.8,500,123.302799
-46.6,500,123.427117
-47.5,500,123.551921
-46.6,500,123.677203
-46.6,500,123.801965
-47.7,500,123.926997
-46.7,500,124.051872
-46.9,500,124.177091
-47.7,500,124.302015
-47.8,500,124.426667
-47.0,500,124.551506
-46.9,500,124.676114
-47.1,500,124.800857
-47.1,500,124.92823
-47.2,500,125.052518
-46.8,500,125.177323
-47.3,500,125.30179
-46.9,500,125.426409
-47.4,500,125.551015
-47.2,500,125.675675
-46.7,500,125.800904
-47.0,500,125.925674
-46.9,500,126.050684
-46.8,500,126.175493
-47.2,500,126.336728
-46.6,500,126.461026
-47.0,500,126.586056
-46.6,500,126.710662
-48.1,500,126.835047
-47.5,500,126.959746
-46.9,500,127.084908
-47.0,500,127.210088
-47.3,500,127.35101
-47.0,500,127.47651
-47.1,500,127.601162
-47.0,500,127.725494
-47.3,500,127.850626
-47.1,500,127.974951
-46.6,500,128.099482
-47.4,500,128.224429
-46.9,500,128.348788
-46.9,500,128.47279
-46.5,500,128.597847
-47.7,500,128.722826
-46.6,500,128.847321
-47.4,500,128.971573
-46.6,500,129.095947
-47.0,500,129.22061
-47.1,500,129.345685
-47.4,500,129.471173
-47.1,500,129.595574
-47.0,500,129.720243
-46.7,500,129.844796
-46.9,500,129.97155
-47.0,500,130.09717
-47.5,500,130.221898
-47.8,500,130.346122
-47.8,500,130.470594
-46.8,500,130.595578
-46.8,500,130.720026
-46.9,500,130.844794
-46.9,500,130.970187
-46.9,500,131.094866
-47.3,500,131.219889
-47.0,500,131.344762
-46.8,500,131.469538
-48.0,500,131.594757
-47.4,500,131.719507
-47.1,500,131.844456
-46.8,500,131.969154
-47.5,500,132.094111
-47.3,500,132.219196
-46.8,500,132.344347
-47.0,500,132.470213
-46.5,500,132.595112
-46.5,500,132.720076
-46.9,500,132.845465
-46.8,500,132.970946
-47.6,500,133.097455
-47.2,500,133.222416
-46.5,500,133.347332
-46.8,500,133.472204
-47.3,500,133.596937
-47.4,500,133.721671
-46.9,500,133.845922
-47.3,500,133.971202
-48.2,500,134.096607
-47.1,500,134.221601
-46.8,500,134.346089
-47.5,500,134.470718
-46.8,500,134.595435
-46.5,500,134.71997
-47.1,500,134.844991
-46.9,500,134.97277
-46.8,500,135.097483
-47.0,500,135.222078
-46.8,500,135.347114
-46.6,500,135.472013
-47.5,500,135.59673
-46.7,500,135.722231
-46.9,500,135.8467
-47.0,500,135.971296
-47.8,500,136.095722
-47.5,500,136.220454
-46.9,500,136.345031
-47.2,500,136.470171
-47.0,500,136.59575
-46.8,500,136.720381
-48.7,500,136.845191
-47.2,500,136.969625
-47.4,500,137.094413
-46.8,500,137.219963
-47.3,500,137.344755
-47.1,500,137.469875
-46.5,500,137.594189
-47.0,500,137.718887
-47.5,500,137.843523
-47.6,500,137.968917
-47.1,500,138.093058
-46.9,500,138.218002
-47.5,500,138.344008
-46.8,500,138.468784
-47.5,500,138.595231
-46.7,500,138.720262
-47.3,500,138.845534
-48.2,500,139.005609
-47.6,500,139.1304
-46.9,500,139.25538
-47.1,500,139.380373
-47.2,500,139.504695
-46.6,500,139.629496
-46.8,500,139.754238
-48.0,500,139.880265
-47.8,500,140.005715
-47.6,500,140.130256
-47.2,500,140.255357
-47.8,500,140.380122
-46.9,500,140.504661
-47.9,500,140.629076
-47.7,500,140.753925
-47.2,500,140.878382
-46.7,500,141.002711
-47.3,500,141.12781
-47.7,500,141.252823
-47.6,500,141.377671
-47.4,500,141.501944
-48.0,500,141.626347
-48.1,500,141.751174
-47.0,500,141.876314
-47.5,500,142.000433
-47.1,500,142.124887
-47.2,500,142.2499
-48.5,500,142.374837
-47.2,500,142.499968
-46.9,500,142.624662
-47.0,500,142.749826
-46.6,500,142.874344
-47.7,500,142.999216
-47.0,500,143.123672
-47.0,500,143.24833
-46.7,500,143.373274
-47.1,500,143.498786
-47.0,500,143.62332
-47.6,500,143.748438
-47.9,500,143.872849
-47.2,500,143.997478
-47.0,500,144.12195
-46.7,500,144.247524
-46.9,500,144.372845
-47.4,500,144.497628
-47.1,500,144.622192
-46.9,500,144.746395
-47.1,500,144.871709
-47.8,500,144.99818
-47.4,500,145.122305
-46.8,500,145.246887
-46.9,500,145.372355
-46.8,500,145.497335
-47.0,500,145.622394
-46.6,500,145.747839
-46.7,500,145.876452
-48.2,500,146.003905
-47.4,500,146.129157
-46.9,500,146.255038
-47.0,500,146.380606
-46.6,500,146.507729
-46.9,500,146.637106
-46.9,500,146.764647
-46.8,500,146.889977
-46.7,500,147.016072
-49.8,500,147.145818
-46.8,500,147.272603
-46.9,500,147.400806
-46.7,500,147.531064
-46.6,500,147.664021
-48.3,500,147.791218
-47.3,500,147.918398
-46.9,500,148.046425
-47.6,500,148.172906
-46.8,500,148.299154
-46.8,500,148.424311
-46.5,500,148.549046
-46.9,500,148.674083
-46.9,500,148.799509
-47.5,500,148.924712
-46.8,500,149.050638
-47.8,500,149.176116
-46.8,500,149.302455
-46.8,500,149.428104
-47.6,500,149.554844
-46.7,500,149.679859
-48.2,500,149.804234
-47.8,500,149.931194
-47.1,500,150.05701
-47.4,500,150.181917
-47.4,500,150.308509
-46.8,500,150.433175
-46.9,500,150.557901
-46.7,500,150.682966
-46.7,500,150.807974
-46.7,500,150.933261
-46.9,500,151.058171
-48.1,500,151.183467
-46.9,500,151.308879
-49.9,500,151.433466
-47.1,500,151.558548
-46.5,500,151.683272
-47.0,500,151.808321
-46.5,500,151.97156
-47.7,500,152.096124
-47.4,500,152.22083
-50.3,500,152.345698
-47.3,500,152.470389
-46.7,500,152.595373
-47.0,500,152.720497
-46.8,500,152.84501
-48.2,500,152.969255
-46.9,500,153.093649
-46.8,500,153.218927
-46.6,500,153.343595
-46.7,500,153.46881
-49.2,500,153.593607
-47.5,500,153.718516
-47.1,500,153.843428
-47.2,500,153.968334
-46.6,500,154.093746
-47.3,500,154.218246
-48.0,500,154.342734
-47.8,500,154.46752
-46.7,500,154.592393
-47.1,500,154.71729
-47.2,500,154.84317
-46.9,500,154.970062
-46.9,500,155.096149
-48.4,500,155.220468
-47.1,500,155.344709
-47.0,500,155.468749
-47.5,500,155.593759
-46.6,500,155.718054
-47.5,500,155.842667
-47.5,500,155.966792
-47.1,500,156.091482
-48.1,500,156.216008
-47.5,500,156.341066
-46.6,500,156.466328
-48.0,500,156.590966
-47.4,500,156.714971
-47.5,500,156.839746
-47.4,500,156.964393
-46.6,500,157.088746
-47.2,500,157.213843
-47.5,500,157.339098
-46.9,500,157.463933
-47.3,500,157.588603
-47.1,500,157.713494
-46.8,500,157.837783
-47.1,500,157.963306
-47.0,500,158.087595
-47.0,500,158.212085
-47.1,500,158.336998
-46.7,500,158.461531
-47.2,500,158.586343
-46.5,500,158.711054
-47.4,500,158.836602
-47.2,500,158.962117
-47.2,500,159.08676
-46.8,500,159.211939
-47.0,500,159.336608
-47.4,500,159.461102
-47.1,500,159.585783
-46.8,500,159.710479
-46.8,500,159.835373
-46.5,500,159.962034
-47.1,500,160.08741
-47.2,500,160.212327
-47.6,500,160.337437
-47.3,500,160.462696
-46.9,500,160.587265
-47.8,500,160.71233
-47.1,500,160.837012
-47.1,500,160.961368
-47.2,500,161.085413
-46.8,500,161.210446
-46.6,500,161.335143
-46.5,500,161.459509
-47.1,500,161.584051
-47.8,500,161.708486
-47.2,500,161.833001
-47.4,500,161.956927
-47.2,500,162.082191
-47.1,500,162.207348
-47.1,500,162.333006
-46.6,500,162.458303
-47.9,500,162.584098
-47.2,500,162.70918
-47.1,500,162.834171
-47.2,500,162.959711
-47.4,500,163.085639
-46.8,500,163.210507
-47.0,500,163.335461
-47.3,500,163.460784
-47.0,500,163.585547
-46.8,500,163.7109
-47.2,500,163.836559
-46.9,500,163.961576
-46.7,500,164.086937
-46.8,500,164.211995
-48.4,500,164.337052
-46.5,500,164.461915
-46.8,500,164.587357
-46.8,500,164.750767
-47.3,500,164.875736
-47.2,500,165.002962
-47.2,500,165.128597
-47.3,500,165.253724
-47.3,500,165.378461
-47.1,500,165.503457
-47.2,500,165.628618
-47.6,500,165.753318
-46.8,500,165.877951
-47.3,500,166.003091
-47.1,500,166.128132
-47.1,500,166.253167
-46.9,500,166.378898
-46.8,500,166.504039
-47.1,500,166.629434
-47.1,500,166.755402
-47.0,500,166.880441
-46.8,500,167.005342
-46.7,500,167.130859
-46.8,500,167.256012
-46.5,500,167.381193
-46.7,500,167.506063
-46.5,500,167.632994
-46.7,500,167.759286
-46.9,500,167.884627
-46.7,500,168.009758
-46.8,500,168.135114
-47.0,500,168.260369
-46.8,500,168.385957
-46.7,500,168.511233
-48.0,500,168.636287
-47.3,500,168.761608
-47.4,500,168.88681
-48.0,500,169.011499
-46.9,500,169.136118
-47.3,500,169.261573
-47.2,500,169.387205
-46.9,500,169.512406
-47.1,500,169.637968
-46.9,500,169.763381
-47.3,500,169.888384
-47.6,500,170.016668
-47.0,500,170.142718
-47.2,500,170.267948
-47.7,500,170.393096
-46.9,500,170.518453
-47.1,500,170.643593
-47.0,500,170.768603
-47.2,500,170.89431
-47.1,500,171.019693
-47.6,500,171.144606
-46.6,500,171.26952
-47.5,500,171.394916
-46.9,500,171.519833
-47.0,500,171.645243
-47.4,500,171.770761
-47.2,500,171.896523
-46.7,500,172.021821
-46.8,500,172.147417
-46.8,500,172.272724
-46.7,500,172.39879
-47.3,500,172.524414
-48.7,500,172.64997
-46.8,500,172.775506
-47.3,500,172.900688
-46.9,500,173.025434
-46.8,500,173.151222
-47.3,500,173.276698
-46.7,500,173.401764
-46.8,500,173.527121
-47.5,500,173.652427
-47.4,500,173.777572
-47.2,500,173.903861
-47.4,500,174.029097
-47.0,500,174.154043
-46.7,500,174.278897
-47.5,500,174.40402
-46.7,500,174.529305
-46.5,500,174.654586
-48.2,500,174.779953
-47.4,500,174.905704
-47.0,500,175.031883
-47.7,500,175.157347
-46.9,500,175.282831
-46.8,500,175.407675
-47.0,500,175.53391
-47.5,500,175.659866
-47.5,500,175.784937
-46.9,500,175.909852
-48.1,500,176.034962
-48.1,500,176.159648
-47.2,500,176.285061
-47.0,500,176.411159
-46.7,500,176.536675
-47.5,500,176.661445
-46.9,500,176.786356
-47.1,500,176.91169
-46.8,500,177.037159
-49.0,500,177.205489
-47.2,500,177.331425
-47.1,500,177.456026
-47.1,500,177.581687
-46.6,500,177.706906
-47.1,500,177.831974
-47.0,500,177.956377
-49.4,500,178.081671
-46.9,500,178.206206
-47.0,500,178.331613
-47.4,500,178.456917
-47.1,500,178.582026
-47.2,500,178.706866
-46.8,500,178.83184
-48.0,500,178.956672
-46.8,500,179.082119
-46.9,500,179.207482
-46.7,500,179.332266
-47.2,500,179.45726
-47.1,500,179.582032
-47.4,500,179.706096
-47.2,500,179.831227
-48.1,500,179.957945
-46.5,500,180.083172
-47.0,500,180.20839
-47.1,500,180.333482
-47.2,500,180.458589
-48.3,500,180.584148
-46.6,500,180.710345
-47.9,500,180.835973
-47.1,500,180.960766
-47.0,500,181.085185
-46.7,500,181.209938
-47.9,500,181.335313
-47.7,500,181.461109
-47.2,500,181.586295
-46.6,500,181.711553
-46.7,500,181.836382
-46.7,500,181.961114
-46.7,500,182.085856
-47.1,500,182.21035
-46.7,500,182.336021
-47.9,500,182.460831
-47.1,500,182.585951
-47.1,500,182.711461
-46.8,500,183.069351
-47.8,500,183.430807
-46.9,500,183.556266
-46.6,500,183.681314
-46.7,500,183.806286
-46.7,500,183.931165
-47.1,500,184.056076
-47.2,500,184.181864
-47.3,500,184.307039
-47.0,500,184.432488
-46.9,500,184.557398
-46.9,500,184.682119
-46.5,500,184.807038
-47.0,500,184.934203
-46.8,500,185.059584
-46.8,500,185.184824
-46.7,500,185.309988
-47.0,500,185.43488
-47.3,500,185.559383
-47.7,500,185.68437
-46.9,500,185.80971
-46.7,500,185.934776
-48.8,500,186.059817
-46.9,500,186.184677
-46.8,500,186.309683
-47.0,500,186.434645
-47.4,500,186.560471
-47.6,500,186.685753
-46.8,500,186.810781
-47.6,500,186.93608
-47.5,500,187.06129
-46.8,500,187.185545
-46.9,500,187.309454
-46.8,500,187.434404
-46.9,500,187.559217
-48.6,500,187.684075
-47.2,500,187.808678
-46.9,500,187.933556
-47.2,500,188.05766
-46.9,500,188.183096
-46.5,500,188.307706
-46.8,500,188.432486
-46.8,500,188.557193
-46.8,500,188.682363
-47.5,500,188.807339
-47.1,500,188.932803
-47.4,500,189.058224
-47.3,500,189.183376
-47.3,500,189.308565
-46.6,500,189.434001
-47.2,500,189.559018
-46.7,500,189.683759
-47.7,500,189.809004
-47.1,500,189.935752
-47.4,500,190.061463
-47.2,500,190.18651
-46.8,500,190.311774
-47.2,500,190.436572
-47.3,500,190.562537
-46.6,500,190.726006
-46.8,500,190.850709
-47.5,500,190.975445
-46.7,500,191.100828
-46.8,500,191.226081
-48.8,500,191.350812
-47.1,500,191.475483
-46.9,500,191.599881
-47.9,500,191.72434
-47.3,500,191.848764
-47.5,500,191.974428
-47.3,500,192.099078
-47.3,500,192.224114
-46.9,500,192.368403
-47.2,500,192.50911
-47.0,500,192.649585
-47.2,500,192.788436
-47.3,500,192.927341
-46.5,500,193.053947
-46.8,500,193.180092
-47.1,500,193.305959
-46.8,500,193.430477
-46.6,500,193.554891
-46.9,500,193.679574
-46.7,500,193.804569
-47.4,500,193.929858
-47.1,500,194.054655
-47.9,500,194.195442
-46.6,500,194.325558
-47.1,500,194.451182
-46.6,500,194.577249
-47.0,500,194.702377
-47.7,500,194.827135
-47.4,500,194.953718
-46.7,500,195.07922
-47.2,500,195.204479
-48.0,500,195.329725
-47.0,500,195.455055
-46.9,500,195.580189
-47.7,500,195.70513
-47.5,500,195.830233
-46.9,500,195.954922
-46.7,500,196.080271
-47.0,500,196.204448
-47.2,500,196.328883
-47.5,500,196.453945
-46.9,500,196.578597
-47.2,500,196.703455
-47.3,500,196.828437
-47.1,500,196.953374
-46.9,500,197.078184
-47.0,500,197.203304
-47.4,500,197.327828
-47.0,500,197.452954
-46.9,500,197.577625
-47.7,500,197.703
-47.5,500,197.827891
-47.0,500,197.952417
-47.2,500,198.077143
-46.7,500,198.201769
-46.9,500,198.327053
-47.7,500,198.451649
-47.9,500,198.576184
-47.1,500,198.700962
-47.4,500,198.825693
-47.1,500,198.9503
-47.3,500,199.074806
-47.3,500,199.199499
-47.6,500,199.325092
-46.8,500,199.449776
-47.6,500,199.575618
-47.2,500,199.700669
-47.8,500,199.825478
-46.8,500,199.95127
-46.8,500,200.077136
-46.9,500,200.202265
-47.1,500,200.327236
-47.3,500,200.451704
-47.0,500,200.576122
-46.6,500,200.700768
-47.1,500,200.82515
-47.1,500,200.950322
-47.2,500,201.074983
-47.3,500,201.199647
-47.3,500,201.324453
-47.6,500,201.448886
-47.0,500,201.57292
-46.9,500,201.698226
-46.6,500,201.823053
-46.9,500,201.947304
-47.1,500,202.072357
-48.6,500,202.197037
-46.9,500,202.321723
-47.6,500,202.446865
-47.5,500,202.571393
-47.3,500,202.696365
-47.1,500,202.821271
-47.8,500,202.945974
-46.7,500,203.070714
-47.2,500,203.195485
-46.8,500,203.32118
-47.3,500,203.447378
-47.1,500,203.571942
-47.4,500,203.696753
-47.2,500,203.821273
-48.0,500,203.981334
-46.7,500,204.106116
-46.8,500,204.23058
-47.1,500,204.35489
-47.3,500,204.479297
-47.5,500,204.603956
-46.9,500,204.729264
-46.9,500,204.853896
-46.9,500,204.979982
-47.1,500,205.105035
-47.4,500,205.229753
-47.2,500,205.354506
-46.8,500,205.479282
-46.5,500,205.604072
-47.0,500,205.728963
-46.9,500,205.853207
-47.1,500,205.977736
-47.2,500,206.102336
-46.8,500,206.227448
-47.0,500,206.351635
-47.3,500,206.476003
-46.6,500,206.600459
-46.8,500,206.725427
-47.7,500,206.850156
-47.6,500,206.974449
-47.4,500,207.099955
-46.8,500,207.225574
-48.1,500,207.350061
-47.4,500,207.47484
-47.7,500,207.599343
-46.9,500,207.723956
-46.7,500,207.84902
-47.2,500,207.973069
-46.6,500,208.097644
-47.1,500,208.22249
-46.6,500,208.347532
-47.7,500,208.472111
-47.2,500,208.596685
-46.6,500,208.721054
-47.0,500,208.846106
-47.0,500,208.971416
-47.2,500,209.096053
-47.3,500,209.220571
-47.8,500,209.345314
-47.5,500,209.470118
-47.4,500,209.594957
-46.9,500,209.719551
-47.1,500,209.844458
-48.7,500,209.970376
-46.9,500,210.095095
-46.7,500,210.219379
-47.7,500,210.344339
-46.6,500,210.469378
-47.7,500,210.59391
-47.8,500,210.718484
-47.0,500,210.843334
-47.1,500,210.968272
-46.9,500,211.092873
-46.9,500,211.217498
-46.9,500,211.342451
-47.1,500,211.467221
-47.1,500,211.591804
-46.8,500,211.716609
-47.0,500,211.841265
-46.9,500,211.9657
-47.1,500,212.091072
-47.2,500,212.215784
-46.8,500,212.340709
-47.2,500,212.465293
-47.1,500,212.589602
-47.4,500,212.714399
-47.3,500,212.838868
-46.8,500,212.963202
-46.6,500,213.087719
-47.0,500,213.212312
-46.8,500,213.337058
-47.0,500,213.461303
-47.0,500,213.58615
-46.6,500,213.711396
-47.0,500,213.836317
-47.3,500,213.961172
-46.7,500,214.085621
-46.6,500,214.210377
-47.0,500,214.334097
-46.6,500,214.458369
-48.0,500,214.58343
-46.9,500,214.708018
-46.8,500,214.832932
-48.3,500,214.959083
-46.8,500,215.084469
-46.7,500,215.209255
-46.8,500,215.334283
-46.8,500,215.458896
-47.5,500,215.583155
-46.9,500,215.707842
-46.8,500,215.832641
-47.6,500,215.9574
-47.3,500,216.081908
-47.0,500,216.207544
-46.8,500,216.332907
-46.8,500,216.457392
-47.4,500,216.58188
-46.8,500,216.706445
-47.0,500,216.831387
-46.9,500,216.955327
-46.7,500,217.115016
-46.9,500,217.23961
-47.4,500,217.364024
-46.9,500,217.489656
-46.5,500,217.614181
-47.0,500,217.738898
-47.7,500,217.863656
-47.4,500,217.988343
-46.7,500,218.11315
-47.0,500,218.237867
-46.8,500,218.363505
-47.1,500,218.488046
-47.2,500,218.612826
-46.8,500,218.737518
-46.9,500,218.862303
-46.9,500,218.987067
-46.9,500,219.112371
-47.7,500,219.237252
-47.1,500,219.362157
-47.1,500,219.487134
-46.9,500,219.612368
-46.8,500,219.737337
-47.0,500,219.862755
-47.2,500,219.988956
-47.1,500,220.114227
-47.1,500,220.239032
-46.9,500,220.363752
-46.7,500,220.4882
-47.3,500,220.612419
-46.6,500,220.737546
-47.3,500,220.862169
-48.2,500,220.986814
-46.7,500,221.111298
-47.2,500,221.235711
-47.0,500,221.359876
-47.9,500,221.485464
-47.3,500,221.610472
-46.7,500,221.735286
-46.7,500,221.860143
-46.9,500,221.98492
-46.9,500,222.109761
-46.8,500,222.234008
-47.8,500,222.358647
-47.6,500,222.486255
-47.2,500,222.610895
-47.0,500,222.735751
-47.4,500,222.859925
-46.6,500,222.984311
-46.7,500,223.108553
-46.8,500,223.233695
-47.3,500,223.358806
-47.0,500,223.483553
-46.7,500,223.608375
-47.1,500,223.733303
-48.3,500,223.857856
-47.0,500,223.983425
-47.4,500,224.108344
-47.1,500,224.233195
-46.8,500,224.357875
-46.7,500,224.482336
-46.6,500,224.607386
-46.8,500,224.731906
-47.3,500,224.856646
-46.6,500,224.983317
-47.0,500,225.108286
-46.7,500,225.233168
-46.9,500,225.357907
-47.0,500,225.483083
-46.9,500,225.608273
-47.0,500,225.732727
-47.0,500,225.857808
-47.7,500,225.982341
-47.0,500,226.10641
-47.6,500,226.230952
-47.1,500,226.356222
-47.3,500,226.480703
-46.7,500,226.605222
-47.6,500,226.729624
-47.2,500,226.854268
-47.3,500,226.978834
-46.9,500,227.104549
-46.9,500,227.229201
-47.6,500,227.353839
-46.8,500,227.478555
-47.1,500,227.603123
-47.1,500,227.727872
-47.7,500,227.85317
-47.3,500,227.977806
-46.5,500,228.102397
-46.5,500,228.227324
-46.8,500,228.352281
-47.1,500,228.477033
-47.5,500,228.601493
-47.2,500,228.726721
-48.4,500,228.851551
-47.6,500,228.975747
-47.5,500,229.100247
-47.1,500,229.224544
-47.1,500,229.349025
-47.5,500,229.474463
-47.6,500,229.599586
-47.0,500,229.724646
-47.5,500,229.890486
-46.5,500,230.017798
-46.7,500,230.142633
-46.9,500,230.266814
-46.5,500,230.391079
-46.9,500,230.516041
-47.9,500,230.646768
-47.6,500,230.791377
-46.6,500,230.928518
-46.8,500,231.069163
-47.3,500,231.20441
-49.0,500,231.344087
-46.8,500,231.470111
-47.0,500,231.595485
-47.3,500,231.720996
-47.0,500,231.845584
-48.1,500,231.971196
-46.8,500,232.096127
-46.5,500,232.221201
-47.3,500,232.345712
-47.7,500,232.472815
-46.9,500,232.614278
-47.0,500,232.740157
-47.0,500,232.865017
-47.0,500,232.989732
-48.8,500,233.114122
-46.8,500,233.238864
-46.6,500,233.363776
-46.5,500,233.489036
-47.0,500,233.613512
-46.8,500,233.738295
-47.0,500,233.862247
-46.5,500,233.986245
-46.8,500,234.110338
-47.7,500,234.235395
-47.0,500,234.359451
-47.4,500,234.48354
-48.0,500,234.607631
-47.1,500,234.732005
-47.3,500,234.857285
-47.6,500,234.983615
-47.3,500,235.108976
-47.9,500,235.23398
-46.9,500,235.359003
-47.2,500,235.483434
-46.5,500,235.608121
-47.1,500,235.73343
-46.6,500,235.858547
-47.1,500,235.983314
-46.7,500,236.107769
-47.1,500,236.232098
-47.1,500,236.356646
-47.2,500,236.481435
-49.0,500,236.606201
-46.5,500,236.730891
-46.9,500,236.855916
-47.2,500,236.980682
-46.9,500,237.105287
-47.5,500,237.230902
-47.0,500,237.3565
-47.2,500,237.481177
-46.6,500,237.605759
-60.7,500,237.730356
-47.6,500,237.854588
-47.0,500,237.979768
-47.5,500,238.105064
-46.9,500,238.229967
-47.3,500,238.354883
-47.6,500,238.480266
-47.4,500,238.604991
-47.8,500,238.730956
-47.1,500,238.855046
-47.3,500,238.979739
-47.2,500,239.104653
-46.9,500,239.229063
-46.8,500,239.353812
-47.4,500,239.478403
-47.0,500,239.602913
-46.9,500,239.728417
-47.2,500,239.852847
-47.6,500,239.979472
-46.7,500,240.104778
-47.3,500,240.229308
-47.0,500,240.354327
-46.8,500,240.479665
-46.5,500,240.604782
-46.7,500,240.729316
-46.8,500,240.853623
-47.7,500,240.97876
-47.0,500,241.103148
-47.4,500,241.227878
-47.2,500,241.352089
-47.4,500,241.476424
-46.8,500,241.601026
-46.8,500,241.725604
-47.4,500,241.850659
-47.5,500,241.975422
-47.5,500,242.100523
-46.7,500,242.226127
-47.0,500,242.350845
-46.6,500,242.475344
-47.2,500,242.600284
-47.7,500,242.76116
-47.1,500,242.886153
-47.5,500,243.010111
-46.8,500,243.134529
-46.8,500,243.258714
-46.8,500,243.383144
-46.9,500,243.508621
-47.6,500,243.633643
-46.8,500,243.757981
-47.2,500,243.882545
-47.3,500,244.007185
-47.3,500,244.131932
-46.5,500,244.256354
-47.9,500,244.381467
-47.3,500,244.506275
-47.8,500,244.630692
-47.6,500,244.755565
-47.2,500,244.880002
-47.9,500,245.006283
-47.2,500,245.132209
-47.4,500,245.257575
-47.4,500,245.382278
-47.0,500,245.507198
-47.1,500,245.632082
-47.0,500,245.756673
-47.0,500,245.88247
-47.2,500,246.007332
-47.2,500,246.132168
-47.2,500,246.256367
-47.6,500,246.380715
-47.4,500,246.504981
-46.6,500,246.629903
-46.9,500,246.754524
-47.0,500,246.879002
-46.9,500,247.00367
-47.2,500,247.128518
-47.0,500,247.253442
-47.5,500,247.377628
-47.4,500,247.502744
-46.9,500,247.62753
-46.6,500,247.752048
-46.7,500,247.876436
-46.8,500,248.000809
-46.6,500,248.125466
-46.7,500,248.250321
-47.1,500,248.375532
-46.6,500,248.50118
-47.1,500,248.626136
-46.8,500,248.750928
-46.7,500,248.875774
-47.1,500,249.000356
-46.8,500,249.125585
-46.8,500,249.250487
-46.6,500,249.374904
-46.6,500,249.499608
-48.0,500,249.624232
-47.1,500,249.749167
-46.7,500,249.874362
-46.9,500,250.000642
-47.4,500,250.125117
-46.8,500,250.249809
-46.8,500,250.374577
-47.0,500,250.499698
-47.3,500,250.624926
-47.0,500,250.749767
-47.0,500,250.874302
-46.9,500,250.99919
-46.7,500,251.123966
-46.8,500,251.249212
-46.7,500,251.373717
-47.0,500,251.498811
-46.8,500,251.623519
-46.8,500,251.747849
-47.4,500,251.87219
-47.0,500,251.997647
-47.2,500,252.12219
-46.8,500,252.246965
-47.5,500,252.371777
-46.8,500,252.496623
-46.6,500,252.621091
-47.0,500,252.746481
-46.8,500,252.871442
-46.6,500,252.996055
-46.9,500,253.120416
-47.3,500,253.24538
-46.8,500,253.369927
-46.8,500,253.495686
-47.1,500,253.62024
-47.3,500,253.745129
-46.6,500,253.869711
-46.7,500,253.994564
-46.9,500,254.119378
-48.0,500,254.24428
-47.3,500,254.369662
-47.8,500,254.49473
-47.3,500,254.619879
-46.9,500,254.745061
-47.0,500,254.869865
-47.0,500,254.995843
-46.8,500,255.122271
-47.2,500,255.24715
-47.3,500,255.371965
-46.5,500,255.4967
-46.7,500,255.621645
-47.2,500,255.746191
-46.6,500,255.909711
-47.0,500,256.034452
-47.1,500,256.159186
-46.9,500,256.28397
-47.8,500,256.408592
-47.0,500,256.533877
-47.0,500,256.658487
-46.7,500,256.783218
-46.8,500,256.908348
-46.8,500,257.033
-46.6,500,257.157714
-47.0,500,257.283491
-46.9,500,257.408827
-47.0,500,257.533566
-46.9,500,257.658155
-47.2,500,257.782858
-47.4,500,257.907244
-46.8,500,258.032591
-48.7,500,258.157423
-46.7,500,258.285808
-47.6,500,258.41849
-47.7,500,258.544287
-46.7,500,258.669118
-47.1,500,258.793738
-47.3,500,258.91832
-47.5,500,259.04284
-47.0,500,259.167171
-47.0,500,259.291684
-46.8,500,259.416124
-46.9,500,259.541289
-47.2,500,259.665909
-47.2,500,259.790991
-46.9,500,259.915147
-46.8,500,260.041972
-47.0,500,260.166865
-47.3,500,260.292442
-47.1,500,260.416733
-46.7,500,260.541028
-46.8,500,260.665721
-47.8,500,260.789985
-46.9,500,260.914403
-47.8,500,261.039129
-47.5,500,261.163377
-47.0,500,261.287559
-46.9,500,261.411619
-47.3,500,261.53577
-46.8,500,261.659964
-46.8,500,261.784504
-46.6,500,261.909027
-47.7,500,262.033768
-46.8,500,262.157968
-47.0,500,262.282776
-46.5,500,262.407281
-46.6,500,262.532163
-46.7,500,262.657401
-46.8,500,262.78247
-47.5,500,262.908007
-46.7,500,263.032776
-47.2,500,263.157944
-47.6,500,263.28277
-47.4,500,263.407769
-47.1,500,263.533196
-47.1,500,263.65874
-47.3,500,263.783739
-46.8,500,263.908727
-47.2,500,264.033459
-47.1,500,264.158697
-47.0,500,264.28351
-48.9,500,264.408851
-47.2,500,264.534157
-46.8,500,264.65903
-46.6,500,264.783977
-47.7,500,264.908529
-47.1,500,265.034245
-47.2,500,265.159665
-46.8,500,265.284544
-46.9,500,265.409413
-46.6,500,265.533983
-46.9,500,265.658644
-46.7,500,265.783481
-47.9,500,265.908924
-47.5,500,266.033764
-46.9,500,266.158086
-46.7,500,266.282851
-47.9,500,266.407259
-47.9,500,266.531775
-48.1,500,266.656308
-46.9,500,266.780624
-47.4,500,266.905596
-47.3,500,267.030663
-46.8,500,267.154677
-46.7,500,267.279577
-46.7,500,267.404383
-46.8,500,267.52892
-46.8,500,267.654255
-47.0,500,267.779177
-47.2,500,267.903398
-46.5,500,268.028013
-46.7,500,268.152484
-46.9,500,268.277117
-47.4,500,268.401536
-47.1,500,268.52621
-47.2,500,268.651192
-46.6,500,268.819072
-46.8,500,268.943988
-48.4,500,269.069065
-46.9,500,269.193847
-46.8,500,269.31869
-57.0,500,269.443266
-47.5,500,269.567976
-46.6,500,269.692441
-47.2,500,269.817636
-47.3,500,269.942982
-47.7,500,270.069661
-47.1,500,270.194294
-47.1,500,270.31851
-46.8,500,270.442656
-47.0,500,270.56678
-47.7,500,270.69223
-46.7,500,270.817133
-46.7,500,270.941736
-47.2,500,271.066799
-47.0,500,271.191449
-46.8,500,271.315791
-46.5,500,271.439904
-47.6,500,271.565197
-47.3,500,271.689791
-47.1,500,271.814562
-46.9,500,271.939391
-47.0,500,272.064024
-47.4,500,272.189233
-46.8,500,272.314757
-47.2,500,272.439281
-46.8,500,272.563841
-46.9,500,272.688804
-47.2,500,272.813327
-46.6,500,272.937515
-46.8,500,273.062732
-46.9,500,273.186908
-46.5,500,273.311198
-47.7,500,273.435688
-47.1,500,273.560558
-47.1,500,273.685418
-46.6,500,273.80968
-47.2,500,273.935026
-47.3,500,274.060156
-46.7,500,274.18517
-47.9,500,274.309733
-47.1,500,274.43363
-47.1,500,274.557874
-46.5,500,274.682388
-46.7,500,274.807135
-47.7,500,274.931776
-46.7,500,275.058081
-46.9,500,275.183063
-46.9,500,275.307496
-47.0,500,275.431716
-46.9,500,275.556058
-47.2,500,275.681158
-46.5,500,275.805722
-46.7,500,275.930481
-47.4,500,276.055484
-47.9,500,276.179955
-48.5,500,276.304328
-46.9,500,276.429816
-46.9,500,276.55425
-46.7,500,276.679014
-47.8,500,276.803693
-48.7,500,276.928559
-47.0,500,277.053239
-47.2,500,277.1779
-47.5,500,277.303298
-47.9,500,277.429635
-47.9,500,277.554533
-46.8,500,277.679205
-46.7,500,277.803793
-47.1,500,277.928183
-47.4,500,278.052506
-47.2,500,278.177585
-47.2,500,278.301701
-46.9,500,278.426108
-47.3,500,278.550985
-46.9,500,278.675109
-47.8,500,278.799522
-46.9,500,278.92366
-48.0,500,279.048835
-47.6,500,279.173237
-46.8,500,279.297855
-46.7,500,279.422446
-47.4,500,279.546789
-47.8,500,279.671188
-47.3,500,279.796487
-47.1,500,279.921441
-46.9,500,280.047617
-46.8,500,280.172506
-47.0,500,280.297226
-46.7,500,280.421582
-47.5,500,280.545955
-47.4,500,280.671126
-46.7,500,280.796128
-47.3,500,280.920884
-47.3,500,281.046011
-47.8,500,281.170929
-46.9,500,281.2952
-46.7,500,281.420573
-46.7,500,281.581905
-46.6,500,281.706684
-47.2,500,281.831596
-46.9,500,281.956888
-46.7,500,282.081469
-48.4,500,282.206058
-47.5,500,282.331127
-46.8,500,282.455988
-46.9,500,282.580414
-47.9,500,282.704837
-47.4,500,282.831849
-46.7,500,282.957462
-48.0,500,283.082663
-46.8,500,283.207114
-47.1,500,283.331543
-47.0,500,283.456245
-49.0,500,283.581788
-46.9,500,283.706431
-47.5,500,283.830969
-46.5,500,283.955907
-47.1,500,284.080448
-47.1,500,284.205032
-46.7,500,284.330107
-46.8,500,284.454884
-47.1,500,284.579444
-48.3,500,284.704181
-47.6,500,284.828944
-47.1,500,284.953739
-47.4,500,285.080811
-46.8,500,285.205337
-47.0,500,285.330398
-46.6,500,285.455216
-47.9,500,285.580228
-46.9,500,285.70532
-47.0,500,285.829956
-46.7,500,285.956217
-46.5,500,286.081594
-47.2,500,286.205876
-47.2,500,286.330153
-46.6,500,286.455111
-46.8,500,286.579833
-47.0,500,286.705492
-46.7,500,286.829994
-47.4,500,286.954453
-46.8,500,287.079042
-46.7,500,287.203924
-46.8,500,287.328777
-47.4,500,287.454274
-46.7,500,287.579133
-46.7,500,287.704013
-47.3,500,287.828714
-47.1,500,287.953406
-46.9,500,288.077763
-47.3,500,288.202874
-46.9,500,288.327508
-47.3,500,288.452302
-47.1,500,288.577614
-46.8,500,288.702365
-47.2,500,288.826518
-46.9,500,288.951247
-47.1,500,289.076633
-46.7,500,289.201659
-47.4,500,289.326289
-47.1,500,289.450737
-46.9,500,289.575408
-48.0,500,289.700149
-46.8,500,289.825467
-46.5,500,289.950573
-46.9,500,290.077059
-47.1,500,290.201936
-47.0,500,290.327199
-47.1,500,290.452816
-47.1,500,290.578042
-47.7,500,290.702813
-47.5,500,290.827551
-47.1,500,290.952428
-46.9,500,291.077458
-46.7,500,291.202128
-47.2,500,291.327292
-47.3,500,291.451862
-48.0,500,291.576539
-47.3,500,291.701475
-47.2,500,291.826525
-47.0,500,291.951061
-46.7,500,292.075672
-47.5,500,292.200907
-46.5,500,292.325971
-48.3,500,292.450772
-48.5,500,292.57561
-47.5,500,292.700647
-47.3,500,292.825763
-47.0,500,292.951369
-47.0,500,293.075992
-47.6,500,293.200654
-46.9,500,293.32533
-46.7,500,293.450006
-46.7,500,293.57491
-46.8,500,293.69987
-47.4,500,293.824309
-47.1,500,293.948428
-47.2,500,294.073164
-47.4,500,294.197617
-47.0,500,294.32221
-46.7,500,294.447395
-46.7,500,294.572072
-47.2,500,294.730361
-47.9,500,294.855342
-46.8,500,294.980091
-47.1,500,295.106809
-46.9,500,295.232258
-47.2,500,295.357154
-47.1,500,295.481689
-47.4,500,295.605845
-47.3,500,295.730417
-47.0,500,295.85523
-47.9,500,295.979923
-47.6,500,296.104918
-46.7,500,296.229668
-46.7,500,296.3546
-47.3,500,296.479187
-46.8,500,296.603539
-46.7,500,296.729088
-48.1,500,296.854105
-47.8,500,296.978621
-47.2,500,297.103061
-46.6,500,297.228006
-47.2,500,297.353058
-47.4,500,297.478426
-47.4,500,297.604146
-47.2,500,297.728843
-46.9,500,297.853708
-46.7,500,297.978553
-47.1,500,298.103458
-46.8,500,298.228082
-46.9,500,298.353073
-47.4,500,298.477825
-46.7,500,298.602707
-46.7,500,298.727202
-48.2,500,298.851785
-47.1,500,298.980616
-47.2,500,299.106479
-47.2,500,299.231321
-46.9,500,299.355934
-46.9,500,299.480968
-46.9,500,299.605703
-46.8,500,299.730598
-46.5,500,299.855621
-46.5,500,299.980337
-47.7,500,300.107069
-47.7,500,300.232154
-47.1,500,300.356921
-46.8,500,300.481722
-47.3,500,300.607362
-46.8,500,300.731892
-47.1,500,300.856533
-46.9,500,300.981406
-47.0,500,301.106497
-46.9,500,301.230911
-46.8,500,301.355382
-46.5,500,301.480881
-47.5,500,301.60662
-48.6,500,301.731413
-47.2,500,301.856335
-46.7,500,301.98105
-46.5,500,302.106073
-46.5,500,302.231375
-47.4,500,302.356624
-47.0,500,302.481509
-48.1,500,302.606131
-46.9,500,302.73056
-47.1,500,302.855621
-47.1,500,302.981267
-46.7,500,303.106673
-47.0,500,303.231518
-48.3,500,303.3565
-46.5,500,303.481142
-47.3,500,303.60612
-47.1,500,303.730632
-46.8,500,303.855545
-46.9,500,303.980104
-61.6,500,304.105021
-46.5,500,304.229814
-46.7,500,304.354106
-46.9,500,304.478572
-47.1,500,304.603718
-48.0,500,304.729264
-47.0,500,304.854045
-46.9,500,304.979245
-47.4,500,305.10572
-47.1,500,305.230637
-47.0,500,305.35585
-47.1,500,305.481166
-46.9,500,305.605866
-46.7,500,305.730528
-46.9,500,305.855222
-47.4,500,305.979976
-46.6,500,306.105217
-46.7,500,306.229979
-47.6,500,306.354865
-47.0,500,306.479279
-47.3,500,306.603953
-46.8,500,306.728644
-47.1,500,306.853749
-46.9,500,306.979185
-46.9,500,307.104889
-47.0,500,307.229543
-46.9,500,307.354022
-50.3,500,307.478537
-47.0,500,307.60334
-47.7,500,307.763186
-47.3,500,307.887834
-48.2,500,308.012573
-47.1,500,308.137074
-46.8,500,308.261695
-47.6,500,308.386109
-48.5,500,308.51076
-48.1,500,308.636186
-47.7,500,308.760865
-48.2,500,308.885536
-47.7,500,309.010281
-46.7,500,309.13513
-47.2,500,309.259626
-47.8,500,309.385087
-47.1,500,309.509923
-47.2,500,309.634625
-47.1,500,309.759118
-46.6,500,309.884069
-47.3,500,310.008567
-47.1,500,310.135518
-47.0,500,310.260551
-46.8,500,310.385051
-47.1,500,310.509827
-46.7,500,310.633993
-46.6,500,310.758361
-47.0,500,310.883086
-47.1,500,311.008184
-47.0,500,311.133299
-47.2,500,311.257917
-47.0,500,311.382425
-47.0,500,311.506998
-46.6,500,311.631846
-46.7,500,311.756445
-47.5,500,311.881903
-46.9,500,312.006681
-46.7,500,312.131756
-47.4,500,312.256556
-46.6,500,312.381527
-46.5,500,312.50602
-46.9,500,312.631294
-46.9,500,312.755617
-46.9,500,312.880468
-47.0,500,313.005083
-47.1,500,313.129698
-46.6,500,313.254075
-47.8,500,313.378133
-46.7,500,313.503159
-46.8,500,313.628361
-46.7,500,313.752326
-46.5,500,313.87681
-47.4,500,314.001703
-46.6,500,314.127188
-47.6,500,314.252373
-47.6,500,314.377471
-46.8,500,314.502862
-47.4,500,314.627859
-51.9,500,314.752631
-46.8,500,314.877973
-46.9,500,315.002573
-46.9,500,315.129433
-46.8,500,315.254725
-47.0,500,315.379855
-46.7,500,315.504793
-46.7,500,315.629281
-47.9,500,315.754269
-46.8,500,315.879651
-49.1,500,316.005278
-46.8,500,316.130397
-46.7,500,316.255241
-46.8,500,316.380291
-47.1,500,316.505274
-46.9,500,316.630395
-47.9,500,316.755247
-46.5,500,316.880299
-46.9,500,317.004598
-47.3,500,317.129348
-46.7,500,317.253648
-47.3,500,317.378264
-47.7,500,317.503031
-47.0,500,317.628545
-46.6,500,317.753231
-47.4,500,317.877473
-48.1,500,318.002212
-46.8,500,318.126792
-47.5,500,318.250927
-46.6,500,318.37572
-47.6,500,318.543308
-47.5,500,318.668534
-47.4,500,318.792645
-48.4,500,318.918085
-47.2,500,319.042992
-46.8,500,319.167407
-46.9,500,319.291828
-46.9,500,319.416074
-46.5,500,319.540553
-47.8,500,319.665629
-46.9,500,319.790414
-47.1,500,319.915032
-46.7,500,320.040214
-47.1,500,320.166387
-46.8,500,320.291432
-47.0,500,320.416515
-47.4,500,320.54203
-46.8,500,320.666928
-47.1,500,320.831333
-47.2,500,320.956896
-49.1,500,321.081875
-46.9,500,321.207134
-47.3,500,321.331852
-47.3,500,321.456697
-47.9,500,321.581394
-48.0,500,321.707076
-47.5,500,321.832617
-46.6,500,321.957294
-46.7,500,322.082266
-47.0,500,322.207481
-46.9,500,322.33239
-47.0,500,322.457076
-47.3,500,322.582635
-47.9,500,322.708341
-46.7,500,322.833568
-47.0,500,322.95849
-47.4,500,323.08344
-46.8,500,323.208385
-46.8,500,323.333331
-47.6,500,323.458177
-47.7,500,323.582764
-49.5,500,323.707896
-49.4,500,323.832557
-47.8,500,323.957697
-47.8,500,324.082725
-46.6,500,324.20732
-47.5,500,324.332232
-47.4,500,324.457186
-48.0,500,324.58161
-47.3,500,324.70672
-47.0,500,324.831842
-47.0,500,324.956932
-46.8,500,325.083498
-46.9,500,325.208962
-46.6,500,325.333797
-47.2,500,325.458437
-46.7,500,325.583552
-46.9,500,325.707935
-46.8,500,325.832188
-47.2,500,325.956927
-47.0,500,326.08152
-47.3,500,326.206284
-46.8,500,326.330828
-47.0,500,326.456179
-46.6,500,326.580903
-47.8,500,326.705492
-47.1,500,326.830408
-47.0,500,326.954889
-46.8,500,327.079477
-47.4,500,327.205103
-46.7,500,327.330317
-46.7,500,327.455589
-47.0,500,327.580577
-47.2,500,327.70516
-47.0,500,327.829609
-47.5,500,327.954343
-46.9,500,328.079852
-46.9,500,328.2049
-48.1,500,328.330112
-47.9,500,328.454358
-47.6,500,328.579091
-47.2,500,328.703945
-47.5,500,328.82894
-47.0,500,328.953585
-46.9,500,329.078036
-47.0,500,329.202175
-46.7,500,329.326989
-46.7,500,329.452542
-47.3,500,329.578767
-46.9,500,329.703829
-47.3,500,329.828933
-47.0,500,329.954134
-47.2,500,330.08024
-46.9,500,330.205839
-46.7,500,330.331128
-47.0,500,330.456375
-46.7,500,330.580973
-47.1,500,330.705632
-46.7,500,330.830486
-47.1,500,330.954987
-47.0,500,331.080091
-48.1,500,331.204724
-46.8,500,331.329424
-47.1,500,331.453886
-46.7,500,331.578361
-46.7,500,331.702645
-46.9,500,331.828891
-48.1,500,331.953223
-48.2,500,332.0784
-46.9,500,332.203147
-47.0,500,332.327908
-46.7,500,332.452591
-52.6,500,332.576756
-47.0,500,332.70116
-46.8,500,332.826148
-47.2,500,332.95095
-47.0,500,333.075702
-46.6,500,333.200411
-46.5,500,333.324787
-47.4,500,333.449579
-47.4,500,333.574245
-47.2,500,333.699646
-46.8,500,333.824467
-47.1,500,333.983909
-47.0,500,334.108661
-47.6,500,334.233951
-47.3,500,334.358745
-47.1,500,334.483089
-47.0,500,334.607556
-46.5,500,334.731928
-46.5,500,334.857144
-47.4,500,334.981835
-48.1,500,335.10877
-46.7,500,335.233825
-47.6,500,335.358722
-46.9,500,335.483403
-47.4,500,335.608238
-46.7,500,335.732538
-46.8,500,335.85681
-47.0,500,335.981504
-46.6,500,336.106077
-47.7,500,336.230885
-48.5,500,336.36809
-46.8,500,336.494049
-46.7,500,336.619166
-46.5,500,336.74405
-48.2,500,336.868659
-47.9,500,336.992978
-47.9,500,337.117281
-47.4,500,337.242213
-47.7,500,337.366832
-46.9,500,337.491841
-47.7,500,337.616905
-46.9,500,337.741584
-47.4,500,337.866309
-46.9,500,337.991172
-46.9,500,338.115831
-46.5,500,338.241208
-47.6,500,338.36603
-46.9,500,338.490249
-47.9,500,338.615025
-46.7,500,338.73997
-47.4,500,338.864466
-46.9,500,338.989065
-47.2,500,339.11453
-47.3,500,339.239481
-47.8,500,339.36431
-47.4,500,339.489186
-46.8,500,339.613833
-47.3,500,339.738371
-47.1,500,339.863644
-46.9,500,339.988291
-46.6,500,340.116283
-48.2,500,340.241726
-46.7,500,340.366535
-46.7,500,340.491352
-47.1,500,340.616799
-47.4,500,340.740911
-47.4,500,340.865481
-47.3,500,340.990014
-47.3,500,341.114624
-46.8,500,341.239799
-47.1,500,341.364392
-47.3,500,341.489852
-46.9,500,341.614732
-47.2,500,341.739382
-46.7,500,341.863973
-47.4,500,341.988625
-47.7,500,342.11313
-46.9,500,342.237861
-46.6,500,342.363045
-47.2,500,342.488022
-47.1,500,342.612782
-47.3,500,342.73787
-47.0,500,342.862497
-46.5,500,342.986991
-46.9,500,343.112401
-47.2,500,343.237644
-47.2,500,343.362651
-47.5,500,343.487084
-47.1,500,343.611811
-47.2,500,343.736691
-46.7,500,343.86177
-47.1,500,343.985989
-46.9,500,344.110366
-47.0,500,344.235053
-46.8,500,344.359731
-47.3,500,344.484148
-49.0,500,344.609025
-47.3,500,344.734316
-46.7,500,344.859533
-47.7,500,344.984894
-47.4,500,345.112144
-48.0,500,345.237715
-46.9,500,345.362589
-47.2,500,345.488191
-47.5,500,345.612974
-46.5,500,345.737333
-46.6,500,345.861863
-46.7,500,345.986526
-47.5,500,346.111392
-47.3,500,346.23602
-47.2,500,346.360782
-46.7,500,346.485089
-46.9,500,346.609551
-47.6,500,346.734281
-46.9,500,346.858742
-47.6,500,346.983146
-47.0,500,347.145379
-47.4,500,347.269805
-47.7,500,347.394235
-47.2,500,347.518845
-47.1,500,347.642757
-47.7,500,347.767659
-47.8,500,347.892545
-47.3,500,348.017139
-46.9,500,348.141543
-46.9,500,348.265926
-46.8,500,348.39086
-47.3,500,348.515675
-47.0,500,348.640134
-46.9,500,348.764763
-48.4,500,348.889298
-47.0,500,349.013698
-47.1,500,349.138169
-47.0,500,349.263127
-46.7,500,349.387654
-46.6,500,349.512209
-48.5,500,349.636847
-46.7,500,349.761218
-47.1,500,349.885451
-47.1,500,350.010878
-47.2,500,350.13812
-46.9,500,350.263322
-47.7,500,350.387533
-46.8,500,350.511988
-47.4,500,350.636201
-46.9,500,350.760386
-47.4,500,350.885376
-46.9,500,351.010882
-47.3,500,351.135808
-47.0,500,351.260177
-47.4,500,351.38438
-46.6,500,351.508973
-46.8,500,351.633936
-47.0,500,351.758683
-47.5,500,351.883802
-46.8,500,352.008509
-46.9,500,352.133441
-47.7,500,352.258285
-48.0,500,352.382865
-47.3,500,352.507778
-47.2,500,352.63251
-46.9,500,352.757232
-47.7,500,352.881642
-46.6,500,353.006246
-46.6,500,353.131395
-47.1,500,353.256093
-46.6,500,353.381118
-47.0,500,353.506375
-47.1,500,353.631297
-47.8,500,353.756404
-46.6,500,353.881136
-46.9,500,354.005827
-47.6,500,354.130736
-47.2,500,354.256271
-47.0,500,354.381133
-46.7,500,354.505597
-48.0,500,354.630316
-46.7,500,354.75518
-47.7,500,354.880032
-47.3,500,355.004894
-46.9,500,355.131905
-46.9,500,355.257434
-47.0,500,355.382126
-47.0,500,355.506487
-47.8,500,355.63167
-47.2,500,355.756181
-52.2,500,355.881806
-46.9,500,356.006951
-48.2,500,356.13144
-47.4,500,356.2563
-47.3,500,356.380664
-47.8,500,356.505411
-46.7,500,356.630861
-46.9,500,356.756368
-46.6,500,356.881246
-48.0,500,357.00603
-47.3,500,357.130266
-48.0,500,357.255385
-46.7,500,357.380153
-47.3,500,357.50503
-47.2,500,357.629969
-47.4,500,357.754848
-47.1,500,357.879483
-48.4,500,358.003811
-47.6,500,358.128518
-47.3,500,358.253376
-46.9,500,358.377682
-46.6,500,358.502045
-47.3,500,358.626176
-47.0,500,358.750704
-47.3,500,358.875766
-47.3,500,359.000052
-46.9,500,359.124331
-47.0,500,359.249194
-47.3,500,359.373773
-47.0,500,359.498481
-47.6,500,359.622689
-46.8,500,359.747924
-46.9,500,359.872375
-47.0,500,359.996946
-47.1,500,360.123237
-47.2,500,360.283773
-46.7,500,360.408676
-47.0,500,360.533216
-47.3,500,360.658179
-46.8,500,360.782909
-47.9,500,360.907809
-47.0,500,361.032077
-47.5,500,361.156668
-47.2,500,361.281787
-47.2,500,361.40646
-47.3,500,361.53069
-47.0,500,361.654958
-46.9,500,361.779497
-48.3,500,361.90473
-46.7,500,362.029551
-46.9,500,362.154321
-47.2,500,362.278723
-47.5,500,362.403609
-46.8,500,362.527958
-48.9,500,362.653181
-47.8,500,362.778193
-46.9,500,362.903618
-46.7,500,363.028303
-47.3,500,363.152476
-47.4,500,363.284357
-47.0,500,363.427574
-46.6,500,363.567147
-47.1,500,363.708722
-46.9,500,363.842279
-46.9,500,363.981634
-46.9,500,364.107846
-47.0,500,364.232954
-47.1,500,364.357922
-47.3,500,364.482698
-46.5,500,364.607083
-46.8,500,364.732498
-47.1,500,364.858229
-47.1,500,364.983008
-47.3,500,365.111279
-46.6,500,365.255582
-47.2,500,365.381501
-46.6,500,365.506978
-46.7,500,365.631772
-47.0,500,365.756881
-47.0,500,365.881785
-46.7,500,366.006172
-47.0,500,366.131342
-47.4,500,366.256
-47.7,500,366.380841
-46.8,500,366.505186
-48.7,500,366.629775
-47.1,500,366.754362
-47.0,500,366.878928
-46.7,500,367.003547
-47.1,500,367.128009
-47.3,500,367.252729
-47.8,500,367.377222
-47.3,500,367.5017
-47.0,500,367.626161
-46.7,500,367.750757
-46.7,500,367.875494
-46.7,500,368.00011
-47.2,500,368.124251
-47.1,500,368.248714
-47.3,500,368.373069
-47.6,500,368.497248
-47.4,500,368.6215
-46.6,500,368.746475
-46.7,500,368.871724
-47.2,500,368.996452
-47.3,500,369.121231
-46.8,500,369.2457
-46.5,500,369.370113
-47.5,500,369.494919
-47.2,500,369.619289
-46.8,500,369.744117
-46.7,500,369.868876
-46.6,500,369.993469
-47.1,500,370.119784
-46.6,500,370.24461
-47.1,500,370.36935
-46.7,500,370.494004
-47.4,500,370.618713
-47.7,500,370.743525
-46.5,500,370.868383
-46.9,500,370.992854
-47.5,500,371.117626
-46.9,500,371.242403
-47.3,500,371.367628
-48.2,500,371.492339
-47.0,500,371.617287
-46.6,500,371.742185
-47.1,500,371.86679
-46.6,500,371.992122
-47.0,500,372.117262
-47.3,500,372.241619
-46.7,500,372.366106
-47.1,500,372.490518
-47.2,500,372.61495
-46.9,500,372.740374
-49.1,500,372.86476
-47.5,500,372.989208
-47.8,500,373.114272
-47.0,500,373.238867
-47.0,500,373.363603
-47.3,500,373.525699
-46.8,500,373.65045
-46.9,500,373.77538
-47.2,500,373.900122
-48.1,500,374.025778
-47.8,500,374.15137
-47.9,500,374.276108
-46.8,500,374.40042
-47.7,500,374.525302
-47.7,500,374.65002
-46.9,500,374.77523
-47.8,500,374.899773
-47.0,500,375.024238
-47.5,500,375.150897
-47.1,500,375.275664
-46.7,500,375.400215
-48.6,500,375.524448
-48.2,500,375.649454
-46.7,500,375.774353
-46.9,500,375.898571
-46.7,500,376.023423
-46.6,500,376.148031
-47.0,500,376.272556
-48.1,500,376.398016
-48.7,500,376.523682
-46.9,500,376.648457
-47.5,500,376.773612
-47.8,500,376.899075
-47.0,500,377.023579
-47.0,500,377.148824
-46.6,500,377.273159
-47.8,500,377.39815
-47.1,500,377.522583
-46.5,500,377.647415
-46.8,500,377.771976
-47.8,500,377.897056
-47.6,500,378.022261
-47.3,500,378.147654
-46.8,500,378.273128
-47.2,500,378.398238
-46.8,500,378.522858
-46.7,500,378.64764
-47.6,500,378.77235
-46.5,500,378.898157
-46.7,500,379.023546
-46.7,500,379.148142
-46.8,500,379.272735
-47.7,500,379.397607
-46.9,500,379.522198
-46.7,500,379.646955
-46.9,500,379.772145
-47.4,500,379.897675
-46.8,500,380.022199
-46.8,500,380.149007
-49.1,500,380.274066
-47.2,500,380.398249
-47.1,500,380.523331
-47.6,500,380.647359
-46.8,500,380.771587
-47.2,500,380.89612
-46.7,500,381.020312
-46.7,500,381.144998
-47.4,500,381.269788
-46.9,500,381.3948
-46.8,500,381.519078
-47.8,500,381.643449
-47.4,500,381.768272
-46.9,500,381.892915
-46.5,500,382.017119
-46.9,500,382.141571
-46.9,500,382.266948
-46.8,500,382.391713
-47.5,500,382.516451
-46.6,500,382.641212
-47.8,500,382.766031
-46.9,500,382.890717
-47.3,500,383.015164
-47.5,500,383.140151
-46.6,500,383.264997
-46.9,500,383.389391
-46.6,500,383.514053
-47.4,500,383.638507
-48.0,500,383.763146
-46.8,500,383.887872
-47.1,500,384.012689
-46.6,500,384.138323
-46.7,500,384.263275
-47.5,500,384.387514
-46.8,500,384.511983
-47.4,500,384.636554
-47.2,500,384.761391
-46.8,500,384.88623
-47.3,500,385.011026
-47.6,500,385.137591
-48.2,500,385.26473
-47.0,500,385.39655
-46.9,500,385.521815
-47.3,500,385.647834
-47.0,500,385.772567
-47.4,500,385.89706
-46.7,500,386.021433
-47.6,500,386.145662
-46.9,500,386.270712
-46.5,500,386.396158
-47.0,500,386.554655
-47.7,500,386.679876
-47.2,500,386.80551
-46.7,500,386.930574
-47.1,500,387.055456
-47.3,500,387.180199
-47.0,500,387.304663
-48.1,500,387.429323
-46.8,500,387.553679
-47.3,500,387.679361
-46.8,500,387.804015
-47.1,500,387.928612
-46.7,500,388.053325
-47.2,500,388.178113
-47.2,500,388.302631
-46.8,500,388.427829
-47.0,500,388.553119
-47.0,500,388.678176
-47.0,500,388.802742
-47.2,500,388.927755
-47.2,500,389.052217
-47.5,500,389.177368
-47.3,500,389.302297
-47.7,500,389.426928
-46.7,500,389.551432
-47.0,500,389.676381
-47.0,500,389.801253
-46.8,500,389.925718
-47.1,500,390.051046
-47.0,500,390.177678
-47.4,500,390.303312
-46.8,500,390.428452
-46.8,500,390.553043
-47.3,500,390.677906
-47.3,500,390.803759
-47.3,500,390.928644
-46.6,500,391.053275
-47.3,500,391.177332
-47.3,500,391.301681
-46.6,500,391.426159
-47.3,500,391.551109
-46.9,500,391.67614
-46.9,500,391.800849
-47.2,500,391.925214
-47.7,500,392.049339
-47.9,500,392.173866
-46.8,500,392.298703
-47.0,500,392.423078
-46.9,500,392.548093
-47.0,500,392.673864
-47.7,500,392.79884
-47.7,500,392.923658
-46.9,500,393.048137
-47.1,500,393.17292
-46.8,500,393.297952
-46.7,500,393.425729
-47.1,500,393.550828
-46.7,500,393.675327
-47.2,500,393.799978
-46.9,500,393.925493
-47.3,500,394.054561
-47.1,500,394.180136
-47.6,500,394.304764
-47.3,500,394.429537
-46.7,500,394.554347
-46.8,500,394.678957
-46.7,500,394.803697
-47.5,500,394.928089
-46.8,500,395.052385
-47.0,500,395.179241
-47.4,500,395.304291
-48.7,500,395.429119
-47.0,500,395.554463
-46.5,500,395.679323
-47.5,500,395.804384
-46.5,500,395.928988
-47.0,500,396.053597
-47.3,500,396.178303
-46.7,500,396.30357
-46.7,500,396.428989
-46.8,500,396.553602
-47.3,500,396.67825
-46.8,500,396.802881
-46.8,500,396.927042
-47.7,500,397.052681
-47.8,500,397.17741
-47.2,500,397.302321
-47.1,500,397.42732
-46.9,500,397.552234
-47.3,500,397.677312
-46.9,500,397.803087
-47.7,500,397.928005
-47.4,500,398.052533
-47.2,500,398.177324
-47.2,500,398.302048
-46.7,500,398.426681
-47.5,500,398.551265
-46.9,500,398.676217
-47.0,500,398.800625
-47.0,500,398.925648
-46.7,500,399.050053
-47.3,500,399.174635
-47.1,500,399.336661
-46.8,500,399.460913
-47.5,500,399.585271
-47.0,500,399.70962
-47.7,500,399.834205
-47.4,500,399.958611
-48.0,500,400.08285
-47.0,500,400.209874
-47.6,500,400.334839
-46.7,500,400.458887
-46.6,500,400.583102
-46.7,500,400.707637
-46.8,500,400.832688
-46.6,500,400.959226
-46.9,500,401.083939
-46.9,500,401.208119
-47.1,500,401.332363
-47.0,500,401.457023
-47.0,500,401.58117
-47.2,500,401.705568
-47.0,500,401.830258
-46.7,500,401.954644
-47.0,500,402.079071
-47.3,500,402.203677
-47.0,500,402.328049
-46.5,500,402.453328
-46.5,500,402.578725
-48.0,500,402.703631
-46.9,500,402.827963
-47.1,500,402.952343
-46.8,500,403.077213
-47.4,500,403.201453
-46.8,500,403.326394
-47.2,500,403.451874
-46.8,500,403.576473
-46.7,500,403.701455
-47.3,500,403.826463
-47.0,500,403.951185
-47.3,500,404.075599
-46.7,500,404.200373
-47.2,500,404.325546
-48.2,500,404.450342
-46.8,500,404.575188
-46.6,500,404.700172
-47.1,500,404.825178
-46.9,500,404.949998
-46.6,500,405.075026
-46.8,500,405.202112
-46.7,500,405.327193
-47.0,500,405.452404
-46.7,500,405.577426
-46.6,500,405.702069
-48.1,500,405.827548
-46.7,500,405.952928
-47.2,500,406.077329
-47.2,500,406.201755
-46.6,500,406.326554
-46.7,500,406.451097
-46.7,500,406.575791
-47.3,500,406.700766
-47.4,500,406.824795
-46.8,500,406.949491
-47.0,500,407.07405
-47.0,500,407.198662
-46.6,500,407.323051
-46.9,500,407.448262
-47.0,500,407.573091
-47.5,500,407.697991
-48.5,500,407.823177
-47.2,500,407.947887
-47.0,500,408.07286
-46.8,500,408.197797
-47.6,500,408.322808
-47.6,500,408.447612
-47.1,500,408.572178
-46.7,500,408.696842
-46.9,500,408.821418
-47.4,500,408.946427
-46.6,500,409.070829
-46.8,500,409.195966
-47.6,500,409.320468
-47.3,500,409.445323
-46.7,500,409.570279
-47.1,500,409.694511
-47.1,500,409.819024
-46.8,500,409.944137
-47.0,500,410.069469
-46.8,500,410.196674
-47.3,500,410.321416
-47.0,500,410.446115
-46.9,500,410.570814
-46.7,500,410.695598
-47.0,500,410.820818
-46.8,500,410.945585
-46.9,500,411.070249
-47.0,500,411.195151
-47.1,500,411.320049
-46.6,500,411.445045
-46.9,500,411.570332
-47.4,500,411.695373
-47.1,500,411.820544
-46.9,500,411.94492
-47.3,500,412.069479
-46.5,500,412.193958
-47.0,500,412.318417
-47.1,500,412.480546
-46.8,500,412.604949
-46.6,500,412.730163
-46.8,500,412.854224
-47.2,500,412.97909
-47.1,500,413.103482
-46.9,500,413.228124
-47.7,500,413.35215
-47.2,500,413.47646
-47.4,500,413.600921
-47.9,500,413.725368
-47.2,500,413.849944
-46.9,500,413.974563
-46.9,500,414.098613
-47.1,500,414.223125
-46.8,500,414.347585
-47.8,500,414.472078
-47.2,500,414.597067
-46.6,500,414.722104
-47.2,500,414.846672
-47.3,500,414.97074
-46.8,500,415.095259
-47.9,500,415.222064
-46.7,500,415.346286
-47.2,500,415.471613
-46.9,500,415.595715
-46.9,500,415.719956
-47.3,500,415.844658
-47.1,500,415.969289
-46.9,500,416.093664
-47.7,500,416.2188
-46.6,500,416.344143
-47.0,500,416.469053
-47.0,500,416.593804
-47.2,500,416.718458
-47.2,500,416.84315
-46.7,500,416.967817
-47.0,500,417.092941
-47.7,500,417.21738
-46.9,500,417.341413
-47.0,500,417.465388
-47.1,500,417.58996
-47.2,500,417.714243
-46.5,500,417.83838
-47.1,500,417.963202
-46.9,500,418.087328
-46.7,500,418.211566
-47.3,500,418.335806
-47.2,500,418.460292
-47.4,500,418.584547
-46.5,500,418.709854
-47.6,500,418.834188
-46.7,500,418.959053
-47.1,500,419.083266
-46.6,500,419.207708
-48.0,500,419.332248
-47.2,500,419.457571
-47.5,500,419.582152
-47.1,500,419.706977
-47.1,500,419.831806
-47.3,500,419.956824
-47.5,500,420.081243
-46.6,500,420.208148
-46.6,500,420.333612
-46.8,500,420.458398
-47.8,500,420.582851
-47.1,500,420.707539
-46.9,500,420.832048
-46.7,500,420.956097
-47.0,500,421.080941
-47.2,500,421.205621
-47.0,500,421.330566
-46.5,500,421.455394
-46.8,500,421.580152
-47.0,500,421.704755
-46.6,500,421.829327
-46.9,500,421.954751
-46.8,500,422.080585
-50.1,500,422.205122
-47.5,500,422.329477
-47.5,500,422.454096
-46.9,500,422.578541
-46.7,500,422.704488
-47.5,500,422.829344
-47.3,500,422.954016
-47.2,500,423.078529
-46.9,500,423.203123
-46.7,500,423.327732
-46.8,500,423.451981
-46.8,500,423.577666
-53.6,500,423.703708
-48.3,500,423.828635
-47.9,500,423.954184
-48.1,500,424.078915
-46.5,500,424.203797
-47.1,500,424.328554
-47.5,500,424.453445
-46.7,500,424.578376
-46.7,500,424.702787
-46.8,500,424.827268
-47.0,500,424.9518
-47.2,500,425.076344
-47.4,500,425.202851
-46.8,500,425.327953
-47.4,500,425.452864
-48.7,500,425.612322
-47.5,500,425.737596
-47.3,500,425.862425
-47.2,500,425.986835
-46.9,500,426.111005
-47.3,500,426.235784
-46.6,500,426.360349
-47.4,500,426.485332
-47.1,500,426.610068
-46.7,500,426.734807
-46.6,500,426.859365
-48.2,500,426.984041
-47.4,500,427.108598
-48.2,500,427.233561
-47.0,500,427.359137
-46.9,500,427.484019
-46.9,500,427.608501
-47.2,500,427.733481
-47.2,500,427.857814
-47.0,500,427.982305
-47.1,500,428.107371
-46.6,500,428.232167
-47.1,500,428.356615
-46.9,500,428.48111
-46.7,500,428.606003
-46.9,500,428.730617
-47.3,500,428.855363
-47.3,500,428.981006
-46.9,500,429.105912
-46.7,500,429.230349
-46.9,500,429.355173
-49.2,500,429.479495
-46.6,500,429.60408
-46.9,500,429.729319
-46.7,500,429.855286
-46.8,500,429.979734
-46.7,500,430.104016
-47.1,500,430.230421
-46.7,500,430.355157
-46.6,500,430.480203
-47.9,500,430.604086
-46.7,500,430.72857
-47.2,500,430.852558
-47.4,500,430.976779
-46.9,500,431.100529
-47.7,500,431.224102
-50.2,500,431.348765
-47.0,500,431.472963
-46.7,500,431.59741
-46.8,500,431.721687
-47.0,500,431.846249
-47.5,500,431.970819
-46.9,500,432.095287
-46.6,500,432.219641
-47.1,500,432.344381
-47.2,500,432.469025
-47.0,500,432.593344
-47.8,500,432.718039
-46.9,500,432.842215
-47.2,500,432.967242
-46.8,500,433.092873
-47.2,500,433.218122
-48.9,500,433.34321
-47.5,500,433.468303
-47.8,500,433.592441
-46.7,500,433.717087
-46.9,500,433.842081
-47.0,500,433.966614
-46.5,500,434.091363
-48.7,500,434.216043
-46.8,500,434.340839
-47.5,500,434.465401
-46.9,500,434.590026
-47.2,500,434.714747
-47.7,500,434.839269
-47.3,500,434.96339
-46.8,500,435.087889
-47.3,500,435.214579
-46.7,500,435.338971
-47.2,500,435.46422
-48.7,500,435.588913
-47.1,500,435.713167
-46.8,500,435.83799
-46.9,500,435.962533
-47.0,500,436.08705
-47.5,500,436.212271
-47.6,500,436.336906
-47.2,500,436.461823
-47.2,500,436.586255
-46.9,500,436.710834
-47.3,500,436.835448
-47.0,500,436.960559
-46.9,500,437.085476
-47.5,500,437.210516
-46.5,500,437.334793
-47.1,500,437.45938
-47.0,500,437.584386
-47.5,500,437.709266
-47.6,500,437.833298
-47.8,500,437.95817
-47.1,500,438.082584
-47.2,500,438.207093
-46.7,500,438.331966
-46.8,500,438.497422
-47.9,500,438.622793
-46.8,500,438.747118
-49.6,500,438.871521
-47.3,500,438.996267
-46.8,500,439.120928
-46.9,500,439.245895
-46.9,500,439.372114
-47.0,500,439.496854
-47.5,500,439.621408
-46.8,500,439.745666
-46.7,500,439.870259
-47.2,500,439.994302
-47.3,500,440.122893
-46.9,500,440.255751
-46.9,500,440.381328
-46.7,500,440.506406
-47.0,500,440.63139
-47.0,500,440.756412
-46.9,500,440.881534
-47.5,500,441.006039
-47.4,500,441.130303
-46.9,500,441.254867
-46.8,500,441.379138
-46.6,500,441.503464
-49.3,500,441.628016
-46.6,500,441.752116
-47.3,500,441.876663
-47.1,500,442.001354
-46.9,500,442.126111
-46.7,500,442.250162
-46.9,500,442.37554
-48.0,500,442.499904
-46.7,500,442.624327
-47.2,500,442.749105
-47.4,500,442.873481
-47.2,500,442.997765
-47.3,500,443.122953
-48.3,500,443.247306
-47.5,500,443.371717
-46.9,500,443.496081
-47.8,500,443.620293
-46.9,500,443.744618
-47.0,500,443.869536
-47.0,500,443.995085
-46.8,500,444.11995
-46.7,500,444.244232
-47.5,500,444.369057
-47.0,500,444.493804
-47.2,500,444.618302
-47.2,500,444.743599
-46.8,500,444.868792
-46.8,500,444.993656
-47.2,500,445.118176
-47.3,500,445.245158
-49.5,500,445.369983
-46.6,500,445.494737
-48.1,500,445.620062
-47.6,500,445.745299
-47.3,500,445.870178
-46.8,500,445.994701
-47.4,500,446.119395
-46.8,500,446.244553
-46.9,500,446.370096
-47.3,500,446.49773
-47.8,500,446.627336
-47.1,500,446.752688
-46.7,500,446.878377
-47.1,500,447.002904
-47.4,500,447.127296
-47.9,500,447.25277
-47.7,500,447.378116
-47.6,500,447.502724
-47.1,500,447.627505
-46.8,500,447.752074
-47.0,500,447.875845
-46.9,500,448.000743
-46.7,500,448.125335
-49.9,500,448.25011
-47.1,500,448.374344
-47.3,500,448.498803
-46.8,500,448.62351
-47.2,500,448.74886
-47.1,500,448.874137
-47.3,500,448.999261
-49.9,500,449.123925
-46.7,500,449.248114
-46.9,500,449.37236
-47.6,500,449.497404
-47.1,500,449.621693
-46.6,500,449.746126
-46.8,500,449.870706
-47.8,500,449.995446
-46.9,500,450.119713
-46.7,500,450.245997
-46.8,500,450.37151
-48.3,500,450.496294
-47.1,500,450.620938
-47.9,500,450.745832
-47.1,500,450.870696
-46.7,500,450.994901
-47.9,500,451.119653
-46.8,500,451.244215
-49.4,500,451.368944
-47.3,500,451.531658
-46.8,500,451.656189
-46.8,500,451.781764
-47.2,500,451.906117
-47.3,500,452.030607
-47.0,500,452.155358
-47.4,500,452.27988
-47.2,500,452.404069
-47.3,500,452.528534
-46.8,500,452.653406
-48.7,500,452.778612
-48.4,500,452.903308
-47.3,500,453.028373
-47.0,500,453.152993
-46.9,500,453.27768
-46.9,500,453.40216
-47.0,500,453.526961
-48.1,500,453.651568
-47.7,500,453.776398
-46.8,500,453.900977
-47.1,500,454.025477
-47.1,500,454.149956
-47.7,500,454.274673
-48.2,500,454.399767
-46.6,500,454.524355
-46.8,500,454.649346
-48.5,500,454.774132
-47.4,500,454.898789
-47.3,500,455.023724
-46.9,500,455.150512
-46.8,500,455.276173
-47.0,500,455.400559
-47.2,500,455.525073
-47.5,500,455.649507
-47.1,500,455.77411
-47.1,500,455.898887
-46.8,500,456.02433
-46.8,500,456.149097
-47.3,500,456.273752
-46.8,500,456.398547
-47.4,500,456.523292
-46.9,500,456.648089
-46.9,500,456.772166
-46.9,500,456.896394
-47.2,500,457.020518
-48.0,500,457.145089
-46.7,500,457.269179
-47.4,500,457.393546
-46.8,500,457.518687
-46.8,500,457.64344
-46.7,500,457.768676
-47.4,500,457.892729
-47.6,500,458.017323
-47.0,500,458.141979
-46.7,500,458.266876
-46.7,500,458.392433
-47.4,500,458.517708
-46.5,500,458.642528
-46.9,500,458.767012
-63.5,500,458.89173
-46.7,500,459.017373
-47.4,500,459.142178
-48.3,500,459.267086
-47.0,500,459.392077
-51.0,500,459.516895
-46.9,500,459.641722
-47.1,500,459.766646
-48.2,500,459.891368
-46.9,500,460.016453
-46.9,500,460.141856
-48.9,500,460.268464
-47.0,500,460.392962
-47.4,500,460.517646
-46.5,500,460.642683
-47.6,500,460.767479
-47.3,500,460.908688
-47.2,500,461.033664
-47.0,500,461.157996
-47.7,500,461.282906
-47.2,500,461.408319
-47.6,500,461.533857
-46.8,500,461.658592
-47.0,500,461.783669
-47.7,500,461.910415
-46.8,500,462.035689
-47.3,500,462.160739
-46.8,500,462.285683
-46.6,500,462.410535
-46.8,500,462.535765
-47.1,500,462.660789
-47.0,500,462.785895
-46.7,500,462.911285
-47.6,500,463.036653
-47.1,500,463.16125
-47.4,500,463.285826
-46.8,500,463.410109
-46.7,500,463.534679
-47.2,500,463.659334
-48.1,500,463.784227
-47.4,500,463.908783
-47.3,500,464.033498
-46.5,500,464.15836
-46.8,500,464.2827
-46.8,500,464.407778
-46.7,500,464.571928
-47.2,500,464.696704
-47.3,500,464.821096
-46.9,500,464.945611
-47.2,500,465.071431
-47.4,500,465.197486
-47.2,500,465.322885
-46.7,500,465.447379
-46.9,500,465.571833
-46.9,500,465.696275
-47.0,500,465.820995
-46.7,500,465.945337
-47.0,500,466.070046
-47.0,500,466.194627
-47.5,500,466.318979
-48.1,500,466.443418
-46.9,500,466.568838
-47.2,500,466.692761
-47.2,500,466.817386
-47.1,500,466.942287
-47.0,500,467.066943
-46.7,500,467.191538
-47.5,500,467.316114
-46.7,500,467.44066
-47.3,500,467.565305
-47.5,500,467.689929
-47.0,500,467.814855
-46.8,500,467.939231
-47.2,500,468.063518
-46.9,500,468.188205
-46.9,500,468.313248
-47.1,500,468.43777
-47.3,500,468.562496
-46.8,500,468.686788
-47.0,500,468.811235
-47.2,500,468.936124
-46.8,500,469.06112
-46.9,500,469.186937
-46.9,500,469.312053
-46.7,500,469.436414
-47.4,500,469.560818
-47.9,500,469.685752
-47.3,500,469.810599
-47.1,500,469.935113
-46.9,500,470.0599
-47.6,500,470.186059
-47.0,500,470.311497
-46.5,500,470.436278
-46.9,500,470.56187
-46.8,500,470.687465
-48.0,500,470.811575
-47.5,500,470.936077
-47.1,500,471.060873
-46.5,500,471.185991
-47.1,500,471.310997
-47.2,500,471.436446
-46.9,500,471.561656
-47.3,500,471.685969
-47.3,500,471.810492
-46.7,500,471.93501
-46.7,500,472.060327
-47.1,500,472.185791
-46.8,500,472.310658
-46.8,500,472.435259
-48.4,500,472.559646
-46.8,500,472.684664
-46.6,500,472.809528
-49.2,500,472.934779
-46.8,500,473.059286
-47.5,500,473.184038
-46.9,500,473.309137
-46.7,500,473.43392
-46.6,500,473.558708
-47.0,500,473.683417
-47.0,500,473.808869
-47.0,500,473.933481
-46.7,500,474.058545
-47.4,500,474.183264
-46.8,500,474.308108
-46.9,500,474.433114
-47.7,500,474.557824
-47.6,500,474.68237
-47.8,500,474.807418
-47.0,500,474.932166
-47.0,500,475.056809
-47.3,500,475.183165
-46.8,500,475.308348
-47.0,500,475.433578
-46.7,500,475.559492
-47.8,500,475.685052
-47.4,500,475.810039
-49.4,500,475.934747
-47.2,500,476.059348
-46.9,500,476.184082
-47.2,500,476.309042
-47.1,500,476.434101
-47.3,500,476.559296
-47.5,500,476.684025
-47.1,500,476.808508
-47.7,500,476.933425
-47.0,500,477.05879
-46.8,500,477.183828
-47.9,500,477.30888
-47.4,500,477.46858
-46.9,500,477.593582
-47.6,500,477.718632
-47.3,500,477.842809
-49.0,500,477.96695
-47.6,500,478.091289
-46.7,500,478.215926
-46.6,500,478.340781
-47.2,500,478.466075
-46.9,500,478.590911
-47.1,500,478.715502
-47.0,500,478.840034
-46.6,500,478.964637
-47.0,500,479.089378
-46.9,500,479.214393
-46.9,500,479.338397
-47.6,500,479.462568
-47.8,500,479.587033
-47.9,500,479.711564
-46.7,500,479.835944
-47.0,500,479.960411
-47.0,500,480.085869
-46.9,500,480.212731
-47.4,500,480.338257
-47.1,500,480.462961
-47.5,500,480.587519
-47.6,500,480.712161
-47.0,500,480.837698
-46.9,500,480.963284
-46.5,500,481.087868
-46.5,500,481.21286
-47.2,500,481.337572
-46.7,500,481.462165
-46.7,500,481.586911
-46.9,500,481.712278
-47.0,500,481.837768
-47.4,500,481.96284
-46.5,500,482.087556
-46.9,500,482.211661
-46.8,500,482.336236
-46.5,500,482.460378
-50.2,500,482.585197
-47.1,500,482.709929
-46.9,500,482.834903
-47.6,500,482.959538
-46.9,500,483.084348
-47.0,500,483.20894
-47.0,500,483.334245
-46.9,500,483.459488
-46.9,500,483.584622
-47.9,500,483.709193
-47.0,500,483.833906
-47.2,500,483.958445
-47.0,500,484.084459
-47.9,500,484.208852
-48.2,500,484.350763
-46.9,500,484.489406
-47.3,500,484.629605
-46.9,500,484.765813
-46.8,500,484.908625
-46.7,500,485.034986
-46.9,500,485.160834
-47.9,500,485.288628
-47.3,500,485.414549
-47.0,500,485.539688
-46.7,500,485.664382
-47.0,500,485.78917
-47.0,500,485.913556
-46.9,500,486.038382
-47.3,500,486.178115
-46.9,500,486.307648
-46.7,500,486.432808
-46.7,500,486.55803
-47.2,500,486.683929
-47.5,500,486.808737
-47.0,500,486.933849
-46.5,500,487.058765
-47.0,500,487.183555
-47.9,500,487.307653
-47.5,500,487.432278
-47.9,500,487.557057
-47.1,500,487.682341
-49.2,500,487.806733
-46.8,500,487.931814
-46.6,500,488.056324
-46.8,500,488.181142
-53.5,500,488.305726
-47.5,500,488.431044
-46.7,500,488.556808
-47.4,500,488.681454
-47.5,500,488.806231
-46.7,500,488.931049
-46.6,500,489.055833
-47.4,500,489.180334
-46.9,500,489.305885
-47.3,500,489.430476
-47.8,500,489.55477
-48.0,500,489.679257
-46.8,500,489.803738
-48.1,500,489.928098
-48.2,500,490.052471
-47.0,500,490.179145
-47.2,500,490.304812
-47.4,500,490.429774
-47.8,500,490.554952
-47.1,500,490.719445
-47.5,500,490.84427
-48.1,500,490.968293
-47.2,500,491.092316
-46.7,500,491.216886
-46.7,500,491.341193
-46.7,500,491.465426
-47.1,500,491.590495
-47.5,500,491.714746
-46.9,500,491.839475
-46.9,500,491.964331
-46.9,500,492.088564
-47.1,500,492.213218
-47.2,500,492.338039
-46.9,500,492.462468
-46.8,500,492.58671
-46.7,500,492.711162
-46.7,500,492.835694
-46.8,500,492.960566
-47.8,500,493.085741
-46.7,500,493.21061
-46.6,500,493.334967
-46.7,500,493.459091
-47.1,500,493.583408
-47.6,500,493.707356
-47.5,500,493.832538
-47.2,500,493.957701
-46.9,500,494.082314
-46.9,500,494.207323
-47.2,500,494.331998
-46.8,500,494.456585
-47.8,500,494.581916
-47.3,500,494.706641
-48.0,500,494.83142
-46.5,500,494.956032
-47.5,500,495.081083
-47.7,500,495.207388
-46.9,500,495.332681
-47.1,500,495.458201
-47.1,500,495.58254
-46.9,500,495.707358
-47.0,500,495.832229
-47.8,500,495.957209
-46.9,500,496.081986
-48.2,500,496.207407
-46.6,500,496.332372
-46.7,500,496.457276
-47.1,500,496.581953
-47.0,500,496.706945
-47.8,500,496.831492
-46.7,500,496.956228
-47.0,500,497.081445
-48.2,500,497.205777
-46.7,500,497.33029
-46.8,500,497.454878
-46.7,500,497.57942
-47.5,500,497.704323
-46.5,500,497.829851
-48.2,500,497.955296
-46.7,500,498.080414
-47.7,500,498.205113
-47.2,500,498.332908
-47.0,500,498.458097
-47.0,500,498.58277
-46.7,500,498.708005
-48.2,500,498.833172
-47.6,500,498.957722
-47.1,500,499.082221
-46.9,500,499.206796
-47.8,500,499.33105
-47.0,500,499.456303
-46.8,500,499.581842
-46.7,500,499.706754
-47.2,500,499.831862
-47.2,500,499.95632
-48.0,500,500.080947
-46.9,500,500.207467
-47.9,500,500.333192
-46.9,500,500.458494
-47.6,500,500.583194
-47.0,500,500.707868
-47.3,500,500.832783
-47.3,500,500.957768
-46.5,500,501.0826
-47.0,500,501.207958
-47.3,500,501.33282
-46.8,500,501.456774
-46.6,500,501.581519
-47.1,500,501.709688
-47.0,500,501.834702
-47.5,500,501.960129
-47.0,500,502.08604
-47.0,500,502.211446
-46.5,500,502.336121
-46.9,500,502.461005
-47.1,500,502.585802
-46.6,500,502.71042
-46.6,500,502.835354
-48.3,500,502.960564
-47.3,500,503.084981
-46.8,500,503.209679
-47.4,500,503.334436
-46.7,500,503.459327
-46.8,500,503.584963
-47.2,500,503.749705
-47.6,500,503.874503
-47.6,500,503.998807
-47.2,500,504.123997
-46.6,500,504.248373
-46.7,500,504.373301
-47.5,500,504.498016
-47.0,500,504.622357
-48.4,500,504.746998
-46.8,500,504.871594
-47.1,500,504.996836
-46.7,500,505.121334
-47.4,500,505.247692
-46.9,500,505.37287
-47.7,500,505.497918
-46.7,500,505.62231
-47.1,500,505.747768
-46.6,500,505.872907
-46.7,500,505.997982
-46.6,500,506.122746
-47.5,500,506.247562
-46.7,500,506.372786
-48.5,500,506.497703
-47.0,500,506.622763
-46.8,500,506.747891
-46.8,500,506.87292
-47.8,500,506.998098
-46.7,500,507.123064
-47.2,500,507.247859
-47.4,500,507.373208
-47.4,500,507.498231
-47.1,500,507.622848
-47.3,500,507.747759
-46.8,500,507.872536
-47.1,500,507.997968
-47.0,500,508.123311
-48.6,500,508.247847
-50.2,500,508.372412
-47.6,500,508.497104
-47.5,500,508.621881
-46.9,500,508.746392
-46.8,500,508.870734
-47.5,500,508.995728
-46.9,500,509.121719
-48.1,500,509.246965
-47.0,500,509.372079
-47.6,500,509.496629
-46.7,500,509.62129
-46.8,500,509.746729
-46.8,500,509.87202
-47.3,500,509.996975
-46.7,500,510.121436
-47.4,500,510.248034
-46.9,500,510.373119
-46.6,500,510.498353
-47.0,500,510.623429
-47.0,500,510.747919
-46.8,500,510.872446
-47.0,500,510.997099
-48.1,500,511.121817
-47.8,500,511.247288
-47.1,500,511.371993
-46.8,500,511.496739
-47.4,500,511.621794
-46.7,500,511.746755
-47.0,500,511.871156
-46.9,500,511.995835
-47.9,500,512.121473
-47.3,500,512.247703
-48.1,500,512.379614
-47.2,500,512.505243
-47.1,500,512.630153
-47.7,500,512.756094
-46.7,500,512.882087
-46.9,500,513.007041
-47.0,500,513.131896
-48.5,500,513.257353
-47.6,500,513.382515
-46.7,500,513.506826
-46.5,500,513.631652
-46.8,500,513.756447
-46.7,500,513.880923
-46.9,500,514.005679
-47.1,500,514.130741
-47.0,500,514.255657
-47.3,500,514.381227
-47.1,500,514.504924
-46.8,500,514.629905
-48.1,500,514.754594
-46.8,500,514.880093
-47.2,500,515.004815
-47.0,500,515.12975
-46.7,500,515.257571
-46.8,500,515.382511
-47.2,500,515.507298
-47.1,500,515.632041
-47.1,500,515.756693
-48.8,500,515.881273
-47.4,500,516.006451
-47.0,500,516.131144
-46.8,500,516.255854
-46.7,500,516.380592
-47.4,500,516.50522
-46.9,500,516.63005
-46.8,500,516.754591
-47.8,500,516.923552
-47.7,500,517.048174
-47.1,500,517.172856
-46.6,500,517.297147
-47.3,500,517.422486
-46.9,500,517.547793
-47.5,500,517.672568
-47.0,500,517.79739
-47.4,500,517.922254
-47.3,500,518.047121
-47.8,500,518.171622
-48.2,500,518.296841
-47.6,500,518.421289
-46.7,500,518.545905
-47.5,500,518.670384
-46.8,500,518.794713
-48.0,500,518.919209
-47.2,500,519.043742
-48.0,500,519.168743
-47.1,500,519.293462
-46.8,500,519.41813
-47.2,500,519.542794
-46.9,500,519.667567
-51.9,500,519.79184
-47.7,500,519.917241
-47.3,500,520.042798
-46.8,500,520.167741
-46.9,500,520.294584
-47.0,500,520.41941
-47.1,500,520.544223
-47.2,500,520.668915
-47.4,500,520.793828
-47.0,500,520.918524
-46.8,500,521.042946
-47.3,500,521.167584
-46.8,500,521.292357
-46.7,500,521.416468
-46.5,500,521.540776
-47.6,500,521.66581
-46.7,500,521.790994
-48.4,500,521.916051
-46.9,500,522.040463
-47.3,500,522.165024
-47.5,500,522.289652
-46.8,500,522.414244
-48.6,500,522.539159
-46.8,500,522.664163
-46.6,500,522.789205
-46.6,500,522.913602
-47.7,500,523.038531
-47.0,500,523.163249
-46.9,500,523.288621
-46.8,500,523.414018
-47.2,500,523.538481
-47.5,500,523.663033
-47.1,500,523.787682
-47.0,500,523.912322
-47.4,500,524.036624
-47.3,500,524.161434
-47.4,500,524.286833
-46.9,500,524.411636
-47.0,500,524.536007
-46.7,500,524.660641
-47.0,500,524.78485
-47.2,500,524.909325
-46.7,500,525.034003
-47.1,500,525.158369
-47.1,500,525.284523
-47.3,500,525.409596
-46.8,500,525.534119
-47.0,500,525.658536
-47.2,500,525.782802
-47.0,500,525.907716
-46.8,500,526.031989
-46.6,500,526.156397
-46.7,500,526.281034
-46.8,500,526.405671
-47.5,500,526.530194
-47.2,500,526.655533
-50.5,500,526.780625
-46.7,500,526.905608
-47.1,500,527.030303
-47.2,500,527.155385
-47.3,500,527.280127
-47.5,500,527.404441
-46.8,500,527.52962
-46.7,500,527.653935
-47.0,500,527.778649
-47.4,500,527.903127
-46.7,500,528.027925
-47.4,500,528.152455
-46.9,500,528.277977
-47.0,500,528.402839
-47.0,500,528.527239
-46.6,500,528.651873
-46.8,500,528.777087
-47.3,500,528.901806
-47.0,500,529.026376
-47.5,500,529.151118
-46.6,500,529.276068
-47.0,500,529.400721
-47.0,500,529.524712
-46.7,500,529.649482
-47.5,500,529.773945
-51.7,500,529.941701
-47.6,500,530.066315
-47.0,500,530.191849
-47.1,500,530.317185
-46.7,500,530.44267
-47.0,500,530.568694
-47.6,500,530.693771
-46.7,500,530.818668
-47.0,500,530.943614
-46.9,500,531.068278
-46.8,500,531.192943
-46.7,500,531.3184
-47.2,500,531.443124
-47.3,500,531.568069
-46.9,500,531.692669
-46.7,500,531.81863
-46.7,500,531.94381
-47.3,500,532.069439
-46.9,500,532.194012
-46.6,500,532.318869
-47.2,500,532.443507
-47.1,500,532.568302
-46.7,500,532.693235
-46.7,500,532.817655
-47.3,500,532.942792
-46.9,500,533.068261
-46.8,500,533.192969
-46.5,500,533.31764
-47.0,500,533.442551
-46.9,500,533.566986
-46.7,500,533.6916
-47.2,500,533.816343
-47.1,500,533.941091
-46.9,500,534.065529
-47.1,500,534.190022
-46.9,500,534.315078
-46.5,500,534.439404
-46.6,500,534.564061
-46.9,500,534.687819
-46.9,500,534.812
-47.6,500,534.936018
-46.5,500,535.060462
-46.9,500,535.185065
-47.1,500,535.31171
-47.4,500,535.437173
-46.8,500,535.562017
-46.9,500,535.691125
-47.5,500,535.833971
-47.4,500,535.972603
-47.2,500,536.108964
-46.8,500,536.250557
-48.0,500,536.390713
-47.0,500,536.516586
-47.0,500,536.642547
-46.8,500,536.767783
-47.0,500,536.893363
-50.3,500,537.018288
-47.5,500,537.142648
-47.1,500,537.267971
-47.6,500,537.393567
-46.9,500,537.520742
-47.6,500,537.661901
-47.1,500,537.787148
-46.9,500,537.912928
-47.9,500,538.0372
-46.8,500,538.162238
-48.0,500,538.287488
-46.9,500,538.411548
-48.1,500,538.535573
-47.2,500,538.659926
-46.8,500,538.785017
-46.9,500,538.909335
-50.6,500,539.034114
-46.8,500,539.158537
-46.6,500,539.282988
-46.5,500,539.407462
-47.1,500,539.532363
-47.0,500,539.657777
-46.9,500,539.782595
-46.7,500,539.907084
-47.3,500,540.032141
-46.9,500,540.15653
-46.8,500,540.284044
-47.4,500,540.408819
-47.3,500,540.533499
-47.4,500,540.658252
-46.8,500,540.783225
-47.1,500,540.907654
-46.9,500,541.032665
-47.3,500,541.157933
-47.8,500,541.283176
-46.7,500,541.407976
-47.1,500,541.533058
-47.2,500,541.657731
-46.8,500,541.782323
-47.7,500,541.907567
-46.6,500,542.032299
-47.0,500,542.157757
-47.7,500,542.282739
-47.8,500,542.40732
-47.2,500,542.531966
-46.7,500,542.656693
-46.9,500,542.781311
-46.8,500,542.905488
-47.3,500,543.03005
-47.2,500,543.191928
-47.1,500,543.316992
-46.6,500,543.441408
-48.3,500,543.565657
-47.3,500,543.689761
-46.6,500,543.814364
-46.8,500,543.938983
-46.7,500,544.063617
-47.2,500,544.188061
-46.8,500,544.312507
-48.0,500,544.437374
-47.0,500,544.561981
-46.5,500,544.686751
-46.5,500,544.811374
-47.5,500,544.936681
-47.2,500,545.06128
-47.1,500,545.185652
-47.8,500,545.311962
-47.2,500,545.43687
-47.6,500,545.561468
-46.9,500,545.686906
-47.1,500,545.811394
-46.7,500,545.935347
-46.9,500,546.059642
-48.4,500,546.184118
-47.4,500,546.308841
-46.6,500,546.433452
-46.8,500,546.558472
-47.0,500,546.683079
-47.1,500,546.807658
-46.5,500,546.932916
-46.8,500,547.057644
-47.2,500,547.181789
-46.7,500,547.306205
-46.8,500,547.431261
-46.8,500,547.555882
-47.1,500,547.680345
-47.2,500,547.804334
-47.1,500,547.928323
-47.3,500,548.05267
-47.0,500,548.177931
-46.9,500,548.303391
-47.1,500,548.427619
-46.9,500,548.552117
-46.8,500,548.677022
-47.0,500,548.801268
-47.1,500,548.926383
-46.7,500,549.050594
-47.3,500,549.174917
-47.1,500,549.299552
-47.3,500,549.424299
-46.8,500,549.549066
-47.3,500,549.673636
-47.7,500,549.798849
-47.0,500,549.923318
-46.9,500,550.048286
-46.9,500,550.172856
-46.9,500,550.300015
-50.5,500,550.425048
-46.9,500,550.550331
-46.5,500,550.675226
-46.8,500,550.800155
-47.7,500,550.92491
-47.2,500,551.049396
-46.5,500,551.174243
-46.8,500,551.299778
-46.9,500,551.424109
-46.6,500,551.548675
-47.3,500,551.673137
-46.5,500,551.798126
-47.0,500,551.924649
-47.4,500,552.049363
-47.2,500,552.173972
-46.5,500,552.298642
-47.4,500,552.423086
-46.8,500,552.547887
-46.9,500,552.672473
-47.2,500,552.797749
-46.9,500,552.922428
-47.5,500,553.047014
-47.3,500,553.17205
-47.1,500,553.296686
-47.0,500,553.421187
-51.3,500,553.546674
-47.2,500,553.671457
-46.8,500,553.796329
-46.8,500,553.920752
-47.6,500,554.045354
-47.2,500,554.170457
-46.9,500,554.296121
-46.6,500,554.421232
-46.6,500,554.545734
-47.6,500,554.669891
-47.4,500,554.794242
-47.4,500,554.918724
-46.7,500,555.044301
-47.2,500,555.169748
-46.7,500,555.296392
-46.9,500,555.420915
-47.4,500,555.545418
-46.9,500,555.670166
-47.0,500,555.79488
-47.1,500,555.920361
-46.9,500,556.04475
-46.9,500,556.203675
-46.8,500,556.328188
-46.9,500,556.453527
-46.5,500,556.578328
-47.0,500,556.70305
-46.7,500,556.827469
-46.9,500,556.952615
-47.3,500,557.076977
-47.6,500,557.201408
-46.6,500,557.326951
-47.5,500,557.451544
-46.8,500,557.576048
-46.8,500,557.70074
-47.1,500,557.825249
-48.0,500,557.949718
-46.8,500,558.074422
-47.1,500,558.200345
-46.9,500,558.325419
-47.1,500,558.450921
-46.8,500,558.576022
-46.6,500,558.70055
-46.6,500,558.825323
-47.0,500,558.950499
-47.7,500,559.074866
-46.8,500,559.19968
-46.6,500,559.32453
-46.7,500,559.449217
-47.1,500,559.576269
-47.2,500,559.701544
-48.0,500,559.826207
-49.6,500,559.951127
-46.8,500,560.076003
-47.5,500,560.201188
-47.1,500,560.32726
-46.7,500,560.453036
-46.9,500,560.57843
-46.9,500,560.703505
-47.2,500,560.828253
-47.0,500,560.953034
-47.1,500,561.077888
-47.6,500,561.202288
-47.9,500,561.327883
-46.9,500,561.452558
-46.8,500,561.577002
-46.6,500,561.701534
-47.4,500,561.826325
-46.7,500,561.951001
-46.9,500,562.076103
-46.7,500,562.201325
-46.9,500,562.325585
-47.4,500,562.450364
-48.3,500,562.575017
-46.9,500,562.69993
-47.1,500,562.824363
-46.7,500,562.949447
-47.2,500,563.074417
-54.8,500,563.199881
-47.4,500,563.324484
-46.7,500,563.44887
-47.4,500,563.57356
-47.8,500,563.698655
-46.7,500,563.823697
-46.8,500,563.948426
-47.0,500,564.073026
-47.2,500,564.197345
-46.8,500,564.322114
-47.0,500,564.447382
-47.0,500,564.571812
-46.7,500,564.696422
-47.4,500,564.821609
-46.7,500,564.946187
-46.7,500,565.071358
-47.7,500,565.196345
-46.9,500,565.322517
-46.6,500,565.447314
-47.5,500,565.572254
-46.9,500,565.697288
-46.8,500,565.82212
-47.1,500,565.951413
-47.1,500,566.07614
-47.4,500,566.20084
-47.5,500,566.325349
-46.6,500,566.449845
-46.9,500,566.577406
-46.7,500,566.703123
-46.8,500,566.827581
-46.8,500,566.952473
-46.9,500,567.076872
-46.6,500,567.201508
-46.8,500,567.326013
-47.9,500,567.450848
-47.2,500,567.575744
-47.1,500,567.700499
-47.2,500,567.825116
-47.3,500,567.949832
-48.7,500,568.074337
-46.9,500,568.19898
-47.1,500,568.323296
-46.8,500,568.448001
-46.9,500,568.572619
-46.5,500,568.697684
-46.8,500,568.822001
-49.2,500,568.946782
-48.0,500,569.071832
-46.8,500,569.197472
-47.1,500,569.32332
-48.2,500,569.448636
-46.9,500,569.609954
-46.6,500,569.735107
-47.1,500,569.859724
-47.0,500,569.98415
-46.5,500,570.108425
-46.9,500,570.23471
-47.0,500,570.359984
-46.8,500,570.484725
-46.6,500,570.609858
-46.7,500,570.735825
-47.9,500,570.860436
-47.0,500,570.98565
-46.8,500,571.110633
-47.2,500,571.235343
-47.1,500,571.360259
-46.7,500,571.485388
-46.8,500,571.610141
-46.6,500,571.735125
-47.4,500,571.860107
-47.0,500,571.985176
-46.6,500,572.110041
-47.9,500,572.235597
-47.0,500,572.359936
-46.7,500,572.485229
-47.0,500,572.609918
-46.8,500,572.734521
-46.9,500,572.858569
-47.7,500,572.983474
-46.8,500,573.109117
-46.8,500,573.233934
-46.8,500,573.358304
-46.5,500,573.482953
-47.1,500,573.607604
-47.7,500,573.732122
-47.0,500,573.856986
-46.7,500,573.982311
-46.9,500,574.10702
-46.8,500,574.231791
-47.4,500,574.356043
-47.2,500,574.481052
-46.8,500,574.605414
-46.7,500,574.730612
-46.7,500,574.855607
-46.6,500,574.980453
-46.9,500,575.104963
-47.6,500,575.231473
-46.9,500,575.356502
-47.2,500,575.48148
-46.8,500,575.606181
-46.5,500,575.730996
-46.9,500,575.855732
-47.2,500,575.980259
-47.7,500,576.104964
-46.6,500,576.230136
-46.8,500,576.354507
-47.5,500,576.478795
-46.6,500,576.603518
-47.0,500,576.727992
-48.2,500,576.852704
-47.2,500,576.977877
-47.8,500,577.103873
-47.7,500,577.228997
-47.0,500,577.354085
-46.6,500,577.478596
-46.7,500,577.603059
-47.4,500,577.728422
-47.8,500,577.854139
-47.0,500,577.978951
-46.7,500,578.103474
-47.0,500,578.229031
-47.7,500,578.353999
-47.0,500,578.478795
-46.5,500,578.60409
-47.5,500,578.729488
-47.0,500,578.853819
-46.9,500,578.978015
-47.4,500,579.102831
-47.1,500,579.227414
-47.2,500,579.352056
-46.9,500,579.477437
-47.2,500,579.602335
-47.3,500,579.726851
-47.3,500,579.851169
-46.7,500,579.975872
-47.7,500,580.100881
-47.0,500,580.227567
-47.3,500,580.354178
-46.7,500,580.478934
-47.0,500,580.6034
-47.1,500,580.728312
-47.0,500,580.852895
-47.1,500,580.97731
-47.0,500,581.10275
-47.6,500,581.227684
-46.9,500,581.352459
-46.6,500,581.476712
-46.9,500,581.601321
-47.4,500,581.725914
-46.7,500,581.850303
-46.5,500,581.974969
-47.2,500,582.099844
-47.1,500,582.224799
-47.0,500,582.349485
-47.2,500,582.473983
-47.1,500,582.598965
-46.8,500,582.761512
-46.6,500,582.886172
-46.9,500,583.010437
-46.7,500,583.13511
-48.2,500,583.25943
-46.7,500,583.384362
-47.1,500,583.509408
-47.8,500,583.634076
-47.2,500,583.758298
-47.2,500,583.882794
-47.2,500,584.007221
-47.1,500,584.131699
-46.7,500,584.256333
-46.8,500,584.380755
-47.3,500,584.50598
-48.0,500,584.629967
-47.0,500,584.754597
-46.8,500,584.879053
-53.3,500,585.003951
-47.1,500,585.128472
-50.0,500,585.254459
-47.0,500,585.379536
-47.2,500,585.503989
-48.0,500,585.62871
-46.9,500,585.753258
-47.4,500,585.877291
-48.0,500,586.002256
-47.5,500,586.126954
-46.9,500,586.251351
-47.0,500,586.375882
-47.5,500,586.500929
-48.4,500,586.626289
-48.1,500,586.751482
-47.1,500,586.876304
-46.7,500,587.001467
-47.2,500,587.126444
-47.5,500,587.251847
-46.9,500,587.376836
-47.7,500,587.501366
-46.8,500,587.625724
-46.8,500,587.750383
-47.3,500,587.874519
-46.9,500,587.999045
-46.8,500,588.123953
-47.6,500,588.24876
-47.8,500,588.373282
-46.7,500,588.497579
-46.9,500,588.62154
-48.0,500,588.746032
-46.7,500,588.870733
-47.2,500,588.995663
-47.2,500,589.120045
-47.6,500,589.245037
-46.9,500,589.3698
-47.4,500,589.494515
-47.6,500,589.618996
-47.2,500,589.743698
-47.0,500,589.86858
-47.3,500,589.993315
-47.1,500,590.118138
-46.7,500,590.244298
-47.3,500,590.36958
-47.4,500,590.493787
-46.9,500,590.61877
-46.6,500,590.743501
-46.5,500,590.867846
-47.0,500,590.992172
-47.2,500,591.116738
-47.5,500,591.241022
-46.8,500,591.365315
-47.7,500,591.490592
-47.2,500,591.615717
-47.5,500,591.74028
-46.9,500,591.865247
-46.6,500,591.990176
-47.0,500,592.114847
-47.9,500,592.239462
-47.0,500,592.36455
-46.6,500,592.489576
-46.5,500,592.61451
-46.9,500,592.739001
-47.4,500,592.863751
-47.6,500,592.988494
-46.9,500,593.113831
-46.5,500,593.23842
-46.9,500,593.363393
-47.9,500,593.488008
-47.5,500,593.612506
-46.8,500,593.737217
-46.8,500,593.861885
-46.9,500,593.986744
-46.5,500,594.111347
-48.3,500,594.235703
-47.2,500,594.360532
-47.0,500,594.48595
-48.2,500,594.610785
-47.2,500,594.736048
-46.5,500,594.862037
-47.3,500,594.986668
-47.1,500,595.111152
-47.2,500,595.237246
-46.6,500,595.362117
-47.6,500,595.486929
-47.0,500,595.611656
-47.2,500,595.736571
-47.3,500,595.899126
-47.1,500,596.023774
-47.0,500,596.148827
-47.5,500,596.273203
-47.0,500,596.397932
-47.6,500,596.522538
-47.7,500,596.647363
-47.1,500,596.772693
-47.0,500,596.897564
-47.0,500,597.022944
-50.1,500,597.147527
-48.5,500,597.279595
-47.4,500,597.422457
-47.1,500,597.560372
-46.8,500,597.703254
-46.7,500,597.838814
-46.8,500,597.975896
-46.7,500,598.102331
-46.9,500,598.228205
-47.1,500,598.353954
-46.7,500,598.478926
-47.4,500,598.604162
-46.8,500,598.729017
-46.7,500,598.853609
-46.9,500,598.98169
-47.4,500,599.10847
-47.0,500,599.250701
-46.7,500,599.376439
-48.2,500,599.501049
-47.1,500,599.626268
-46.6,500,599.751248
-47.1,500,599.875657
-47.0,500,600.000472
-47.7,500,600.125014
-47.4,500,600.250818
-46.8,500,600.376054
-47.8,500,600.501658
-47.0,500,600.626668
-46.7,500,600.753956
-47.5,500,600.879613
-47.1,500,601.00376
-47.4,500,601.128517
-47.3,500,601.253503
-47.8,500,601.378783
-47.0,500,601.503345
-47.8,500,601.62804
-46.9,500,601.752807
-47.2,500,601.877172
-46.9,500,602.003048
-47.1,500,602.128634
-46.6,500,602.25367
-46.8,500,602.378273
-46.8,500,602.502696
-46.8,500,602.627221
-46.7,500,602.751867
-46.8,500,602.877042
-47.0,500,603.001957
-47.8,500,603.126926
-46.9,500,603.251647
-47.1,500,603.376876
-46.5,500,603.50173
-46.9,500,603.626859
-47.0,500,603.752279
-46.9,500,603.877063
-47.5,500,604.001941
-48.2,500,604.12717
-46.9,500,604.252203
-46.9,500,604.377289
-46.7,500,604.503731
-47.0,500,604.628724
-47.5,500,604.754147
-46.7,500,604.879032
-47.6,500,605.003406
-46.7,500,605.128588
-47.2,500,605.255113
-46.5,500,605.380165
-46.7,500,605.504932
-46.9,500,605.629958
-46.7,500,605.754734
-46.8,500,605.880567
-51.7,500,606.004806
-46.8,500,606.129171
-47.2,500,606.253419
-46.7,500,606.37872
-47.2,500,606.503466
-46.7,500,606.62846
-46.5,500,606.753777
-47.0,500,606.878042
-47.7,500,607.002757
-47.2,500,607.127764
-47.6,500,607.252101
-47.0,500,607.377645
-47.1,500,607.503024
-47.3,500,607.627751
-47.7,500,607.75255
-47.4,500,607.877749
-46.5,500,608.002212
-46.7,500,608.127262
-47.0,500,608.251752
-47.8,500,608.376491
-46.8,500,608.501543
-47.3,500,608.626351
-46.6,500,608.75104
-47.6,500,608.875705
-47.3,500,609.001231
-46.7,500,609.162614
-47.0,500,609.287429
-46.9,500,609.412045
-48.0,500,609.53636
-47.0,500,609.661789
-47.1,500,609.786726
-47.2,500,609.911171
-47.0,500,610.035353
-46.8,500,610.160261
-47.2,500,610.286798
-46.9,500,610.412652
-47.0,500,610.536855
-47.2,500,610.661724
-47.5,500,610.786222
-46.7,500,610.911802
-47.5,500,611.03636
-46.7,500,611.160596
-46.9,500,611.285448
-47.2,500,611.409574
-47.0,500,611.534037
-46.9,500,611.658492
-47.1,500,611.783139
-46.5,500,611.907461
-46.9,500,612.032561
-46.8,500,612.157698
-46.9,500,612.282328
-46.8,500,612.406843
-46.9,500,612.531759
-46.6,500,612.656522
-47.6,500,612.780864
-46.7,500,612.905589
-47.1,500,613.031248
-46.7,500,613.156126
-46.6,500,613.280932
-46.9,500,613.406019
-47.3,500,613.531119
-47.4,500,613.656362
-47.4,500,613.781009
-47.1,500,613.905448
-47.7,500,614.030016
-47.7,500,614.154717
-46.5,500,614.279184
-47.2,500,614.403541
-49.6,500,614.528751
-46.5,500,614.653497
-47.0,500,614.77829
-47.0,500,614.902681
-47.8,500,615.027252
-46.8,500,615.152028
-47.8,500,615.278178
-46.8,500,615.403038
-47.1,500,615.527657
-46.7,500,615.652156
-46.5,500,615.776657
-46.7,500,615.901316
-46.8,500,616.025429
-47.0,500,616.14979
-47.4,500,616.27457
-47.0,500,616.399257
-46.7,500,616.523222
-47.2,500,616.647772
-47.4,500,616.772294
-47.4,500,616.896923
-46.8,500,617.022177
-47.3,500,617.146971
-47.3,500,617.271546
-46.5,500,617.39596
-47.1,500,617.52046
-46.9,500,617.645198
-46.9,500,617.77028
-47.4,500,617.895974
-47.7,500,618.020658
-46.8,500,618.145676
-47.4,500,618.270983
-47.9,500,618.396189
-47.4,500,618.521503
-46.6,500,618.647665
-46.8,500,618.772213
-48.8,500,618.897218
-47.0,500,619.021982
-46.8,500,619.146738
-46.8,500,619.271324
-46.9,500,619.396634
-47.3,500,619.521406
-47.1,500,619.64629
-47.3,500,619.770831
-47.9,500,619.895571
-46.8,500,620.020328
-47.3,500,620.145303
-47.1,500,620.271803
-47.6,500,620.396882
-47.7,500,620.521772
-46.5,500,620.646425
-46.8,500,620.771499
-46.6,500,620.897372
-47.1,500,621.022571
-47.2,500,621.146994
-47.2,500,621.271751
-47.0,500,621.396429
-47.0,500,621.520816
-47.7,500,621.645423
-48.0,500,621.77084
-46.9,500,621.895465
-47.6,500,622.019989
-47.5,500,622.144899
-48.0,500,622.303846
-47.3,500,622.427804
-47.3,500,622.552738
-47.2,500,622.677106
-47.8,500,622.801932
-46.9,500,622.925954
-47.5,500,623.049937
-47.3,500,623.174507
-46.5,500,623.298866
-48.0,500,623.423331
-47.0,500,623.547449
-46.7,500,623.671881
-47.6,500,623.79651
-46.8,500,623.920893
-47.3,500,624.046137
-47.5,500,624.170657
-47.7,500,624.295513
-47.2,500,624.41987
-47.2,500,624.543943
-46.7,500,624.668726
-47.6,500,624.793713
-47.3,500,624.917914
-46.8,500,625.042519
-46.6,500,625.16694
-47.2,500,625.293632
-46.5,500,625.418727
-47.5,500,625.543034
-47.0,500,625.668394
-47.2,500,625.793377
-47.0,500,625.918704
-48.0,500,626.043631
-47.5,500,626.168406
-46.5,500,626.2932
-47.3,500,626.418412
-47.1,500,626.543114
-47.6,500,626.668628
-47.0,500,626.793623
-46.9,500,626.918125
-46.8,500,627.042714
-46.9,500,627.167989
-46.8,500,627.292423
-46.9,500,627.417919
-47.0,500,627.545746
-46.5,500,627.670471
-46.6,500,627.795246
-47.1,500,627.919685
-48.5,500,628.044392
-46.7,500,628.173398
-47.0,500,628.297949
-47.3,500,628.422991
-49.1,500,628.547433
-47.4,500,628.674207
-47.4,500,628.801493
-46.9,500,628.928991
-47.1,500,629.054101
-46.7,500,629.179055
-47.0,500,629.30414
-47.6,500,629.43057
-47.1,500,629.556437
-46.8,500,629.683649
-47.1,500,629.810157
-47.0,500,629.936793
-46.8,500,630.063516
-47.1,500,630.189511
-46.9,500,630.317741
-46.9,500,630.444302
-47.6,500,630.571018
-46.6,500,630.697699
-46.5,500,630.824156
-46.8,500,630.950771
-47.3,500,631.077425
-47.2,500,631.204691
-47.0,500,631.33196
-47.1,500,631.457457
-47.1,500,631.583269
-46.8,500,631.708553
-47.2,500,631.832939
-47.7,500,631.958216
-46.7,500,632.083709
-47.0,500,632.209423
-47.5,500,632.334038
-47.7,500,632.458434
-47.0,500,632.583031
-46.8,500,632.707827
-47.3,500,632.834949
-48.7,500,632.959729
-46.7,500,633.084459
-46.7,500,633.209506
-48.8,500,633.334406
-47.2,500,633.459503
-47.8,500,633.585065
-46.9,500,633.710596
-47.1,500,633.835867
-46.9,500,633.961223
-46.8,500,634.085924
-46.6,500,634.211071
-46.7,500,634.335922
-46.8,500,634.461387
-47.9,500,634.586338
-47.2,500,634.711486
-46.9,500,634.836487
-47.2,500,634.961253
-47.5,500,635.086186
-46.7,500,635.210954
-47.1,500,635.370854
-46.5,500,635.504117
-46.8,500,635.629201
-47.0,500,635.75386
-46.6,500,635.879301
-47.1,500,636.00402
-46.6,500,636.128696
-47.1,500,636.253326
-47.6,500,636.378137
-48.4,500,636.502255
-46.9,500,636.626787
-47.2,500,636.751783
-46.6,500,636.876412
-47.3,500,637.00166
-46.9,500,637.126364
-46.6,500,637.251319
-48.1,500,637.375876
-47.5,500,637.500548
-47.2,500,637.625289
-47.1,500,637.750323
-47.3,500,637.874838
-46.8,500,637.999753
-47.2,500,638.12423
-46.9,500,638.248437
-47.5,500,638.373806
-46.5,500,638.499067
-46.5,500,638.624114
-47.4,500,638.748744
-46.9,500,638.87341
-46.7,500,638.997595
-46.9,500,639.121943
-47.4,500,639.248834
-46.7,500,639.381064
-47.8,500,639.506387
-46.9,500,639.630795
-47.2,500,639.756152
-47.5,500,639.881583
-46.7,500,640.00714
-47.2,500,640.131364
-47.4,500,640.256677
-46.8,500,640.384158
-46.5,500,640.5089
-46.8,500,640.633464
-47.1,500,640.75841
-47.3,500,640.88295
-46.8,500,641.007773
-47.4,500,641.132492
-46.8,500,641.257365
-46.7,500,641.382269
-46.6,500,641.507277
-47.6,500,641.632945
-46.9,500,641.75786
-46.9,500,641.882491
-46.8,500,642.007355
-47.1,500,642.132208
-47.7,500,642.257585
-47.4,500,642.382126
-47.5,500,642.506418
-47.4,500,642.631287
-47.3,500,642.755482
-46.8,500,642.880474
-46.8,500,643.005962
-46.9,500,643.131116
-46.8,500,643.256352
-46.8,500,643.381612
-46.8,500,643.507219
-47.1,500,643.631539
-46.7,500,643.756394
-47.6,500,643.881817
-47.2,500,644.006774
-47.3,500,644.132055
-46.8,500,644.257266
-46.9,500,644.38193
-47.3,500,644.506427
-47.1,500,644.630777
-46.9,500,644.756262
-47.4,500,644.88058
-46.7,500,645.00505
-46.9,500,645.12926
-47.2,500,645.253769
-46.6,500,645.379773
-46.6,500,645.505206
-46.9,500,645.630262
-47.0,500,645.754738
-47.6,500,645.879447
-46.6,500,646.004055
-46.5,500,646.128736
-46.9,500,646.254077
-47.0,500,646.3793
-47.0,500,646.503963
-46.9,500,646.628466
-49.5,500,646.753002
-46.8,500,646.877069
-49.5,500,647.001507
-46.8,500,647.126414
-47.2,500,647.251758
-47.2,500,647.376213
-47.4,500,647.50094
-46.7,500,647.625814
-47.0,500,647.750313
-47.9,500,647.874812
-48.1,500,647.999903
-47.0,500,648.12406
-47.3,500,648.248751
-46.9,500,648.373134
-46.7,500,648.540338
-46.9,500,648.665578
-47.1,500,648.790192
-46.8,500,648.914793
-47.4,500,649.039406
-47.0,500,649.164142
-47.1,500,649.28922
-46.8,500,649.413835
-46.9,500,649.538605
-47.1,500,649.665974
-47.0,500,649.791711
-47.5,500,649.916194
-47.3,500,650.040936
-48.0,500,650.165512
-46.8,500,650.291633
-46.8,500,650.416833
-47.4,500,650.541646
-47.5,500,650.666226
-47.0,500,650.790399
-46.8,500,650.915027
-46.9,500,651.03958
-47.3,500,651.16361
-47.4,500,651.288135
-46.9,500,651.412481
-46.6,500,651.53675
-46.8,500,651.661152
-46.9,500,651.787617
-47.0,500,651.912519
-47.8,500,652.037197
-47.4,500,652.161894
-46.7,500,652.286854
-46.9,500,652.41117
-47.8,500,652.53621
-47.4,500,652.661231
-46.8,500,652.785914
-46.6,500,652.910789
-47.1,500,653.035084
-47.2,500,653.160083
-47.3,500,653.284485
-46.7,500,653.408816
-47.2,500,653.534508
-47.1,500,653.659082
-46.5,500,653.784042
-47.1,500,653.908794
-47.1,500,654.033098
-47.0,500,654.158614
-47.5,500,654.283763
-46.9,500,654.408351
-47.3,500,654.533385
-46.8,500,654.658228
-47.4,500,654.783121
-47.7,500,654.908479
-46.9,500,655.033449
-47.1,500,655.15799
-47.4,500,655.283683
-46.8,500,655.409733
-46.8,500,655.536465
-46.8,500,655.662162
-46.8,500,655.78704
-47.1,500,655.911517
-46.9,500,656.036489
-47.4,500,656.16127
-47.7,500,656.285562
-47.4,500,656.41029
-46.7,500,656.534988
-47.1,500,656.659394
-47.0,500,656.783977
-46.5,500,656.908373
-47.7,500,657.032942
-46.8,500,657.158456
-47.3,500,657.284156
-46.6,500,657.408885
-47.3,500,657.533546
-46.9,500,657.657986
-47.3,500,657.782164
-47.0,500,657.906996
-47.9,500,658.031378
-46.6,500,658.156114
-46.5,500,658.280875
-47.1,500,658.405828
-47.4,500,658.530663
-47.9,500,658.65603
-47.4,500,658.780829
-47.6,500,658.905674
-47.3,500,659.030607
-46.6,500,659.155156
-46.8,500,659.279748
-47.4,500,659.405186
-47.1,500,659.530342
-47.2,500,659.654847
-46.9,500,659.779692
-46.6,500,659.904901
-46.8,500,660.02944
-47.1,500,660.155091
-47.4,500,660.281143
-48.3,500,660.414112
-46.9,500,660.555657
-46.8,500,660.697227
-47.2,500,660.833771
-46.9,500,660.979394
-47.0,500,661.119561
-46.5,500,661.246889
-47.4,500,661.371783
-47.0,500,661.497251
-47.9,500,661.665867
-46.8,500,661.790964
-47.7,500,661.915806
-47.1,500,662.040702
-47.1,500,662.165896
-48.0,500,662.292687
-46.7,500,662.449028
-46.6,500,662.578384
-46.8,500,662.707802
-46.5,500,662.839943
-48.4,500,662.964946
-46.7,500,663.090253
-46.8,500,663.215571
-48.3,500,663.339613
-46.9,500,663.464186
-46.9,500,663.588709
-46.9,500,663.713639
-47.3,500,663.8388
-47.5,500,663.963389
-47.7,500,664.087838
-46.7,500,664.212719
-47.4,500,664.337714
-47.0,500,664.462907
-46.8,500,664.587393
-47.1,500,664.712
-46.6,500,664.83669
-47.3,500,664.961809
-46.7,500,665.08648
-48.7,500,665.211523
-46.6,500,665.338893
-47.4,500,665.464571
-46.5,500,665.589419
-46.6,500,665.714021
-47.1,500,665.838332
-47.2,500,665.962696
-47.2,500,666.087118
-47.1,500,666.212273
-46.9,500,666.336935
-46.7,500,666.461166
-47.4,500,666.585605
-48.3,500,666.710219
-47.0,500,666.83481
-47.6,500,666.959871
-47.1,500,667.084603
-46.6,500,667.209507
-46.6,500,667.334385
-48.0,500,667.459382
-47.1,500,667.584211
-47.5,500,667.708641
-46.8,500,667.833965
-46.9,500,667.958851
-46.7,500,668.0838
-46.7,500,668.208604
-47.0,500,668.33356
-47.7,500,668.458337
-47.2,500,668.583963
-47.4,500,668.70939
-48.6,500,668.834123
-47.2,500,668.958725
-46.8,500,669.083579
-47.4,500,669.208343
-47.3,500,669.333598
-47.0,500,669.459097
-47.0,500,669.584082
-46.9,500,669.709018
-47.0,500,669.836033
-46.7,500,669.961615
-47.3,500,670.086046
-47.7,500,670.210842
-47.0,500,670.33798
-46.9,500,670.46285
-47.1,500,670.587269
-47.7,500,670.711999
-46.8,500,670.836852
-47.1,500,670.961475
-46.7,500,671.086292
-46.7,500,671.211627
-46.5,500,671.336452
-46.5,500,671.460943
-46.7,500,671.585385
-47.9,500,671.710121
-46.9,500,671.834711
-47.1,500,671.960325
-47.2,500,672.085698
-46.8,500,672.210726
-46.6,500,672.335716
-47.5,500,672.460777
-47.8,500,672.585602
-47.3,500,672.711001
-47.0,500,672.835978
-47.2,500,672.96059
-47.4,500,673.085642
-48.1,500,673.210621
-47.2,500,673.335646
-47.4,500,673.46128
-47.0,500,673.586144
-47.1,500,673.711223
-46.9,500,673.836073
-46.8,500,673.961086
-46.7,500,674.086335
-46.8,500,674.210823
-47.3,500,674.33644
-47.1,500,674.461853
-47.4,500,674.586738
-46.8,500,674.712363
-46.6,500,674.836999
-46.5,500,674.962046
-47.0,500,675.087176
-47.4,500,675.212113
-47.0,500,675.338597
-47.6,500,675.46352
-46.9,500,675.58855
-47.2,500,675.754492
-47.8,500,675.881872
-46.7,500,676.00745
-46.8,500,676.131984
-48.0,500,676.256765
-46.9,500,676.382116
-46.6,500,676.506456
-47.0,500,676.63105
-47.8,500,676.756006
-47.9,500,676.88077
-47.3,500,677.005482
-46.8,500,677.129951
-46.7,500,677.254685
-48.9,500,677.379904
-47.6,500,677.506975
-47.1,500,677.636424
-46.8,500,677.765108
-46.6,500,677.894696
-46.5,500,678.020668
-46.7,500,678.145579
-47.1,500,678.272528
-46.8,500,678.398124
-47.5,500,678.523085
-47.1,500,678.647984
-48.3,500,678.774244
-47.3,500,678.899981
-47.2,500,679.025789
-47.0,500,679.150951
-47.3,500,679.275641
-47.5,500,679.403359
-47.3,500,679.528181
-46.9,500,679.652692
-47.6,500,679.778017
-46.9,500,679.902834
-47.0,500,680.027765
-46.9,500,680.152937
-47.8,500,680.277618
-47.4,500,680.404795
-47.2,500,680.529401
-47.4,500,680.654126
-47.6,500,680.779229
-47.3,500,680.903788
-46.7,500,681.028553
-46.9,500,681.153374
-46.8,500,681.278717
-46.7,500,681.403581
-48.1,500,681.528139
-47.5,500,681.652585
-46.8,500,681.778109
-47.1,500,681.902777
-47.1,500,682.027893
-46.8,500,682.152132
-46.8,500,682.276365
-46.9,500,682.400915
-46.8,500,682.526068
-46.7,500,682.650879
-47.0,500,682.775443
-47.0,500,682.899955
-47.6,500,683.024921
-46.9,500,683.149576
-46.9,500,683.273874
-47.3,500,683.399081
-47.1,500,683.523839
-47.0,500,683.649224
-47.1,500,683.77428
-46.7,500,683.899171
-48.0,500,684.02358
-46.7,500,684.148003
-47.3,500,684.272696
-46.7,500,684.39795
-46.5,500,684.523328
-47.1,500,684.648206
-46.9,500,684.773193
-47.8,500,684.897912
-46.9,500,685.022616
-47.1,500,685.147891
-47.4,500,685.275037
-46.9,500,685.402567
-47.8,500,685.52684
-47.1,500,685.651256
-46.8,500,685.775524
-46.8,500,685.8997
-47.0,500,686.02514
-47.6,500,686.149825
-46.8,500,686.27476
-46.9,500,686.399242
-47.2,500,686.523454
-46.6,500,686.64801
-46.6,500,686.773095
-46.8,500,686.898783
-47.3,500,687.023597
-47.1,500,687.148034
-46.7,500,687.272351
-46.8,500,687.39719
-47.5,500,687.522261
-46.6,500,687.647388
-46.7,500,687.772077
-47.9,500,687.896759
-46.7,500,688.021608
-46.5,500,688.146514
-47.0,500,688.271117
-47.0,500,688.39609
-47.2,500,688.521629
-46.6,500,688.647026
-47.2,500,688.771933
-47.4,500,688.938059
-46.9,500,689.063359
-46.6,500,689.188482
-47.0,500,689.313176
-46.8,500,689.437957
-46.9,500,689.563201
-46.7,500,689.687864
-46.8,500,689.813279
-47.6,500,689.93834
-47.5,500,690.063364
-46.6,500,690.188599
-47.6,500,690.315049
-47.1,500,690.441785
-46.6,500,690.569413
-47.2,500,690.694365
-46.7,500,690.818755
-46.8,500,690.943872
-47.3,500,691.068369
-47.6,500,691.195732
-47.0,500,691.323679
-47.0,500,691.450946
-46.9,500,691.575952
-47.6,500,691.700486
-47.6,500,691.825631
-48.0,500,691.950562
-47.8,500,692.076207
-46.9,500,692.201303
-46.7,500,692.326337
-46.7,500,692.451198
-46.7,500,692.576334
-47.5,500,692.701622
-46.7,500,692.827129
-47.8,500,692.954874
-47.2,500,693.081396
-46.9,500,693.208362
-46.7,500,693.333409
-46.7,500,693.458415
-47.0,500,693.585149
-47.1,500,693.709709
-47.8,500,693.834459
-47.5,500,693.958711
-47.0,500,694.083399
-48.0,500,694.207979
-46.7,500,694.332898
-46.7,500,694.460965
-47.0,500,694.586284
-47.0,500,694.71107
-46.7,500,694.835914
-47.0,500,694.960702
-47.0,500,695.086932
-46.8,500,695.212301
-46.5,500,695.339302
-47.1,500,695.465263
-47.5,500,695.590334
-47.0,500,695.717793
-48.1,500,695.845499
-46.9,500,695.970439
-46.6,500,696.094957
-46.6,500,696.21972
-47.3,500,696.345083
-47.2,500,696.469228
-48.0,500,696.593991
-46.6,500,696.718344
-47.7,500,696.842965
-47.0,500,696.967748
-47.2,500,697.092226
-47.3,500,697.216998
-46.9,500,697.341797
-47.7,500,697.467225
-46.9,500,697.592929
-47.3,500,697.717967
-46.7,500,697.842673
-46.7,500,697.967778
-48.1,500,698.092552
-47.4,500,698.217796
-47.1,500,698.343126
-47.0,500,698.468034
-46.6,500,698.592628
-46.8,500,698.717453
-46.8,500,698.842334
-46.7,500,698.967076
-47.2,500,699.092194
-48.0,500,699.217103
-46.8,500,699.341601
-46.7,500,699.466217
-47.0,500,699.59089
-48.4,500,699.715719
-47.2,500,699.840324
-46.7,500,699.965704
-48.0,500,700.090759
-47.0,500,700.215439
-46.7,500,700.342084
-47.3,500,700.467595
-46.7,500,700.592392
-46.9,500,700.717814
-47.3,500,700.842696
-47.1,500,700.967433
-47.2,500,701.091879
-47.3,500,701.216458
-46.8,500,701.341612
-46.7,500,701.466613
-47.0,500,701.591649
-46.5,500,701.718445
-47.4,500,701.843416
-46.9,500,701.968471
-47.3,500,702.130123
-46.9,500,702.254724
-46.7,500,702.379084
-47.0,500,702.50361
-46.7,500,702.628915
-47.3,500,702.753873
-46.8,500,702.879734
-47.7,500,703.004179
-48.2,500,703.129148
-46.8,500,703.253977
-46.9,500,703.378482
-47.0,500,703.50318
-46.9,500,703.627246
-47.4,500,703.751721
-46.7,500,703.876557
-47.1,500,704.001285
-46.7,500,704.125877
-46.6,500,704.250648
-46.7,500,704.375664
-47.2,500,704.500397
-47.0,500,704.625192
-47.2,500,704.74975
-47.2,500,704.874113
-46.9,500,704.998511
-46.7,500,705.12514
-46.9,500,705.249949
-47.0,500,705.37657
-46.5,500,705.501997
-47.0,500,705.626729
-46.5,500,705.751528
-47.2,500,705.876418
-46.9,500,706.000506
-47.2,500,706.125297
-47.0,500,706.249868
-48.0,500,706.374435
-47.1,500,706.499297
-47.3,500,706.623716
-47.1,500,706.748385
-48.3,500,706.87305
-46.9,500,706.99784
-46.8,500,707.122301
-47.2,500,707.246865
-46.8,500,707.371355
-47.0,500,707.496333
-47.0,500,707.623924
-46.9,500,707.749262
-46.6,500,707.873509
-46.6,500,707.997814
-47.2,500,708.121794
-46.9,500,708.24623
-47.5,500,708.370971
-46.6,500,708.49579
-47.6,500,708.620062
-47.6,500,708.744637
-46.9,500,708.869401
-47.2,500,708.993899
-47.0,500,709.119331
-47.5,500,709.244161
-47.0,500,709.368813
-46.9,500,709.493922
-46.6,500,709.619029
-47.2,500,709.743645
-47.6,500,709.868791
-46.7,500,709.993522
-47.2,500,710.118688
-47.0,500,710.24331
-46.7,500,710.369689
-47.1,500,710.495373
-47.5,500,710.62113
-47.4,500,710.746657
-47.3,500,710.872034
-46.5,500,710.99642
-47.3,500,711.121398
-46.7,500,711.246376
-47.2,500,711.371332
-46.9,500,711.496475
-47.0,500,711.620992
-46.5,500,711.745084
-47.3,500,711.869678
-47.4,500,711.99424
-47.2,500,712.118803
-46.8,500,712.24421
-46.6,500,712.369227
-47.6,500,712.494231
-47.1,500,712.619695
-46.7,500,712.744658
-48.1,500,712.869426
-47.0,500,712.994957
-47.2,500,713.119691
-47.6,500,713.244833
-46.5,500,713.370113
-47.3,500,713.498253
-46.6,500,713.623719
-47.2,500,713.748408
-47.9,500,713.873369
-46.9,500,713.998006
-46.8,500,714.122197
-46.7,500,714.246481
-47.0,500,714.370553
-47.1,500,714.495416
-47.1,500,714.620651
-47.2,500,714.745304
-47.0,500,714.869933
-48.2,500,714.994441
-47.3,500,715.119668
-47.5,500,715.279177
-48.1,500,715.405395
-46.8,500,715.530533
-47.1,500,715.65553
-46.8,500,715.780584
-47.2,500,715.90463
-46.6,500,716.030056
-47.2,500,716.155192
-46.7,500,716.280077
-47.3,500,716.405136
-47.1,500,716.52979
-46.8,500,716.65478
-47.1,500,716.779798
-47.4,500,716.903984
-47.0,500,717.028913
-47.2,500,717.153977
-47.5,500,717.278914
-46.8,500,717.403578
-47.4,500,717.528219
-47.0,500,717.654522
-47.2,500,717.779301
-46.9,500,717.904166
-46.5,500,718.028675
-46.6,500,718.153602
-47.3,500,718.278339
-46.9,500,718.4032
-46.6,500,718.528063
-46.9,500,718.652394
-47.4,500,718.776796
-47.3,500,718.901761
-47.4,500,719.026624
-47.1,500,719.150992
-46.8,500,719.275897
-47.2,500,719.403573
-47.9,500,719.52869
-47.1,500,719.653795
-48.3,500,719.778348
-47.4,500,719.903057
-47.9,500,720.028493
-46.5,500,720.154582
-46.6,500,720.279381
-47.2,500,720.406247
-47.1,500,720.531461
-46.7,500,720.656085
-46.6,500,720.780604
-46.6,500,720.905357
-47.5,500,721.029997
-47.6,500,721.154512
-47.7,500,721.279611
-47.7,500,721.404645
-46.9,500,721.529137
-47.1,500,721.654536
-46.9,500,721.77927
-46.9,500,721.90398
-48.1,500,722.028796
-47.1,500,722.153717
-47.5,500,722.27838
-46.5,500,722.403397
-47.1,500,722.528365
-47.2,500,722.653089
-47.1,500,722.777637
-46.8,500,722.902259
-47.5,500,723.026693
-46.9,500,723.152373
-46.7,500,723.277455
-47.6,500,723.402812
-47.0,500,723.527577
-47.1,500,723.652678
-46.7,500,723.777561
-47.2,500,723.90293
-47.2,500,724.028927
-47.1,500,724.15367
-46.7,500,724.278926
-47.6,500,724.403818
-47.1,500,724.528505
-47.5,500,724.653366
-47.1,500,724.778259
-46.7,500,724.903303
-47.6,500,725.028499
-46.8,500,725.153681
-47.2,500,725.27839
-47.2,500,725.406778
-47.4,500,725.531548
-47.6,500,725.656016
-46.6,500,725.781324
-46.6,500,725.90718
-46.9,500,726.032208
-46.7,500,726.156947
-47.0,500,726.289144
-48.6,500,726.43258
-47.3,500,726.570123
-47.6,500,726.71034
-46.9,500,726.8446
-47.4,500,726.983885
-47.9,500,727.110021
-47.6,500,727.235397
-47.4,500,727.36099
-47.0,500,727.48589
-48.0,500,727.611249
-50.4,500,727.736581
-47.0,500,727.860965
-47.7,500,727.985487
-46.5,500,728.11283
-46.8,500,728.254093
-47.2,500,728.379768
-47.6,500,728.542314
-46.7,500,728.666689
-47.1,500,728.790813
-47.6,500,728.91596
-46.8,500,729.040488
-47.5,500,729.16461
-48.1,500,729.289197
-47.4,500,729.413788
-47.1,500,729.538217
-46.6,500,729.663094
-48.6,500,729.787633
-47.8,500,729.912357
-46.7,500,730.036478
-46.9,500,730.161212
-47.1,500,730.286271
-47.5,500,730.412774
-47.4,500,730.537634
-47.0,500,730.663214
-47.2,500,730.788275
-47.0,500,730.913023
-47.1,500,731.03775
-46.7,500,731.162743
-47.0,500,731.288648
-46.7,500,731.415021
-47.0,500,731.540324
-47.0,500,731.66527
-47.4,500,731.790091
-46.8,500,731.914837
-47.0,500,732.039563
-46.6,500,732.164898
-46.7,500,732.290108
-47.6,500,732.415141
-47.4,500,732.539892
-48.1,500,732.664942
-46.9,500,732.790802
-46.8,500,732.916878
-46.7,500,733.042275
-46.9,500,733.166836
-47.6,500,733.291468
-47.0,500,733.416544
-47.7,500,733.541574
-47.1,500,733.667635
-46.8,500,733.792843
-48.4,500,733.917066
-47.8,500,734.042034
-47.9,500,734.167712
-47.1,500,734.292889
-46.7,500,734.417817
-46.5,500,734.542612
-47.0,500,734.667253
-46.7,500,734.791964
-47.0,500,734.916697
-47.8,500,735.041611
-46.7,500,735.166995
-46.7,500,735.293203
-46.9,500,735.420095
-46.8,500,735.544999
-47.1,500,735.669686
-47.0,500,735.794409
-46.8,500,735.91923
-47.9,500,736.043256
-46.9,500,736.16785
-46.9,500,736.29213
-46.7,500,736.416668
-47.0,500,736.541109
-47.7,500,736.665918
-46.5,500,736.790447
-48.6,500,736.915208
-47.5,500,737.040199
-47.1,500,737.165483
-47.0,500,737.29184
-47.8,500,737.417278
-47.0,500,737.54234
-46.8,500,737.667656
-47.2,500,737.792684
-46.7,500,737.917237
-47.4,500,738.042066
-46.9,500,738.166971
-47.5,500,738.294162
-47.1,500,738.419059
-47.1,500,738.544167
-46.7,500,738.668789
-46.7,500,738.79398
-46.5,500,738.918922
-47.6,500,739.044091
-46.9,500,739.169617
-47.0,500,739.29428
-47.2,500,739.419417
-47.3,500,739.543756
-47.3,500,739.668381
-47.3,500,739.793533
-46.7,500,739.919158
-47.1,500,740.044128
-47.2,500,740.169202
-46.9,500,740.294425
-46.7,500,740.421507
-47.3,500,740.547073
-47.1,500,740.671792
-46.7,500,740.797064
-46.5,500,740.92175
-47.1,500,741.046742
-47.0,500,741.171243
-46.7,500,741.295593
-47.0,500,741.420083
-47.7,500,741.584367
-48.1,500,741.709409
-47.0,500,741.834224
-46.5,500,741.958879
-46.8,500,742.083642
-46.8,500,742.209402
-48.0,500,742.334457
-47.3,500,742.459274
-47.0,500,742.583606
-47.2,500,742.708459
-47.2,500,742.833414
-46.7,500,742.958365
-47.2,500,743.082819
-46.6,500,743.207287
-47.1,500,743.334114
-46.5,500,743.46021
-47.5,500,743.585004
-47.8,500,743.709305
-47.0,500,743.834434
-48.0,500,743.959562
-46.9,500,744.08462
-46.5,500,744.209236
-47.2,500,744.333672
-47.1,500,744.458038
-48.3,500,744.582906
-47.4,500,744.707719
-46.7,500,744.83259
-46.8,500,744.95721
-47.2,500,745.081795
-47.4,500,745.206116
-46.9,500,745.330932
-46.9,500,745.458653
-47.2,500,745.583948
-46.7,500,745.7092
-46.7,500,745.83428
-46.6,500,745.959532
-47.2,500,746.084367
-46.8,500,746.209589
-47.3,500,746.335293
-47.5,500,746.460336
-47.5,500,746.585337
-47.2,500,746.710661
-49.1,500,746.835609
-46.9,500,746.960588
-47.0,500,747.085829
-47.1,500,747.210782
-46.6,500,747.336017
-47.2,500,747.46073
-46.6,500,747.585336
-47.3,500,747.710185
-47.0,500,747.836273
-47.4,500,747.961182
-46.7,500,748.086305
-47.1,500,748.211403
-46.9,500,748.336641
-47.3,500,748.461586
-46.6,500,748.586667
-46.8,500,748.71284
-46.9,500,748.837537
-47.1,500,748.962936
-47.1,500,749.088479
-46.6,500,749.212982
-46.5,500,749.337907
-46.7,500,749.464568
-47.1,500,749.589347
-46.9,500,749.71393
-47.1,500,749.838973
-52.8,500,749.96392
-46.8,500,750.088751
-47.7,500,750.213989
-46.8,500,750.339691
-47.1,500,750.466669
-46.6,500,750.591548
-46.9,500,750.716308
-47.2,500,750.840859
-47.0,500,750.966111
-46.5,500,751.091213
-46.6,500,751.215812
-47.4,500,751.340254
-46.7,500,751.464753
-47.4,500,751.589823
-46.7,500,751.715099
-46.7,500,751.840081
-46.6,500,751.964758
-49.3,500,752.089307
-47.3,500,752.214053
-47.1,500,752.338457
-46.8,500,752.462526
-46.9,500,752.588056
-46.7,500,752.712642
-46.7,500,752.837578
-46.6,500,752.962089
-47.3,500,753.086512
-47.2,500,753.210986
-47.0,500,753.336664
-46.8,500,753.46138
-47.5,500,753.586068
-46.8,500,753.71044
-47.9,500,753.834894
-46.7,500,753.959296
-47.4,500,754.084267
-46.5,500,754.209279
-46.8,500,754.333774
-46.8,500,754.458321
-46.9,500,754.584159
-47.0,500,754.708673
-48.0,500,754.833576
-47.1,500,754.958567
-47.1,500,755.120831
-47.6,500,755.246018
-46.8,500,755.372712
-46.7,500,755.500282
-47.2,500,755.624555
-46.9,500,755.748717
-47.2,500,755.873152
-47.2,500,755.997586
-47.4,500,756.122362
-46.6,500,756.246796
-47.0,500,756.372188
-46.9,500,756.500389
-47.0,500,756.625503
-46.8,500,756.749853
-46.6,500,756.874353
-46.8,500,756.998475
-47.4,500,757.126667
-46.6,500,757.251661
-47.3,500,757.376179
-46.9,500,757.500809
-46.7,500,757.625487
-46.5,500,757.750805
-47.0,500,757.877007
-47.7,500,758.00155
-46.9,500,758.126053
-47.4,500,758.250749
-47.7,500,758.375285
-46.6,500,758.500046
-47.2,500,758.625009
-47.0,500,758.749835
-47.4,500,758.874676
-46.8,500,758.99929
-47.5,500,759.124144
-46.8,500,759.248648
-46.5,500,759.373711
-47.2,500,759.498878
-47.0,500,759.623692
-47.0,500,759.748093
-46.8,500,759.872908
-47.3,500,759.997505
-46.9,500,760.123124
-46.8,500,760.24826
-47.8,500,760.373775
-46.9,500,760.499849
-46.8,500,760.624966
-46.9,500,760.750035
-46.8,500,760.874856
-47.1,500,761.000414
-47.1,500,761.125777
-47.4,500,761.250592
-46.5,500,761.375127
-46.9,500,761.501947
-46.7,500,761.626752
-47.0,500,761.751881
-46.8,500,761.876908
-46.8,500,762.00133
-47.4,500,762.125832
-46.8,500,762.250286
-46.7,500,762.374624
-47.2,500,762.498861
-48.0,500,762.623032
-47.6,500,762.747709
-47.0,500,762.872476
-46.7,500,762.997221
-46.8,500,763.122063
-48.3,500,763.246728
-48.4,500,763.372175
-47.1,500,763.497554
-47.6,500,763.622453
-46.7,500,763.747333
-46.8,500,763.872117
-46.7,500,763.996783
-47.4,500,764.121648
-46.5,500,764.246722
-47.5,500,764.371142
-47.2,500,764.495674
-46.8,500,764.620439
-46.8,500,764.745056
-46.9,500,764.869539
-47.6,500,764.994767
-47.3,500,765.120063
-47.8,500,765.244707
-47.2,500,765.370554
-47.5,500,765.496775
-46.8,500,765.621056
-46.6,500,765.7456
-47.2,500,765.869608
-47.5,500,765.993835
-47.1,500,766.11825
-47.7,500,766.243161
-47.1,500,766.376459
-46.9,500,766.501796
-48.3,500,766.626777
-46.9,500,766.751727
-46.7,500,766.876057
-46.6,500,767.001108
-47.0,500,767.125925
-47.0,500,767.250674
-46.5,500,767.376021
-46.7,500,767.500946
-46.7,500,767.62796
-47.3,500,767.752907
-47.1,500,767.877877
-47.1,500,768.002618
-46.6,500,768.127979
-47.5,500,768.253216
-47.2,500,768.377803
-47.2,500,768.50296
-46.8,500,768.627615
-46.7,500,768.752285
-46.9,500,768.876829
-47.2,500,769.002067
-46.6,500,769.165078
-46.6,500,769.290017
-47.1,500,769.414995
-47.1,500,769.539777
-47.4,500,769.665071
-47.0,500,769.78985
-47.2,500,769.914599
-46.5,500,770.040515
-47.5,500,770.165359
-46.8,500,770.290291
-46.7,500,770.417156
-47.5,500,770.542078
-47.1,500,770.667593
-46.8,500,770.792258
-46.6,500,770.916711
-47.5,500,771.041006
-47.1,500,771.165932
-46.5,500,771.290182
-47.7,500,771.414934
-47.4,500,771.539403
-46.6,500,771.664419
-47.0,500,771.788974
-47.9,500,771.913536
-47.0,500,772.03861
-47.1,500,772.163037
-47.1,500,772.287794
-46.8,500,772.412713
-46.8,500,772.537734
-47.2,500,772.662612
-46.9,500,772.787305
-47.5,500,772.91271
-47.6,500,773.037626
-46.8,500,773.162524
-47.1,500,773.287254
-46.6,500,773.411718
-47.1,500,773.536605
-46.7,500,773.664773
-46.9,500,773.790197
-47.5,500,773.914928
-46.7,500,774.039668
-47.1,500,774.164343
-47.5,500,774.288668
-47.6,500,774.414093
-46.9,500,774.539495
-46.6,500,774.663703
-47.0,500,774.788344
-46.9,500,774.913121
-47.8,500,775.037775
-47.0,500,775.163216
-47.4,500,775.287717
-47.3,500,775.413928
-47.5,500,775.539128
-47.1,500,775.663822
-46.9,500,775.788516
-47.0,500,775.913605
-46.6,500,776.038369
-46.8,500,776.163258
-47.0,500,776.288148
-47.0,500,776.413011
-47.1,500,776.537648
-47.4,500,776.663674
-46.9,500,776.788319
-46.8,500,776.913186
-47.0,500,777.03844
-46.6,500,777.163139
-46.8,500,777.287453
-47.4,500,777.411492
-46.8,500,777.536477
-46.7,500,777.661142
-46.5,500,777.786038
-48.0,500,777.911744
-47.6,500,778.036162
-47.0,500,778.161003
-46.9,500,778.286295
-47.6,500,778.410705
-46.9,500,778.535448
-47.6,500,778.66054
-46.8,500,778.785266
-48.2,500,778.909766
-47.2,500,779.034334
-47.1,500,779.159822
-46.9,500,779.284911
-48.3,500,779.410022
-47.0,500,779.535121
-46.9,500,779.6598
-47.5,500,779.786681
-46.9,500,779.912445
-47.0,500,780.036919
-47.2,500,780.161708
-46.9,500,780.286205
-47.3,500,780.412989
-47.3,500,780.538148
-47.7,500,780.662915
-46.7,500,780.788202
-46.8,500,780.913843
-46.7,500,781.0385
-46.7,500,781.163315
-46.6,500,781.288194
-46.8,500,781.413057
-46.8,500,781.537742
-46.8,500,781.663205
-47.3,500,781.787506
-46.5,500,781.911908
-47.0,500,782.036436
-47.1,500,782.160887
-46.9,500,782.287066
-46.8,500,782.453669
-46.9,500,782.577963
-47.4,500,782.70211
-46.8,500,782.921571
-46.8,500,783.410963
-47.8,500,783.541321
-47.4,500,783.695755
-47.3,500,783.839289
-47.2,500,783.96451
-48.1,500,784.089408
-47.2,500,784.214425
-46.7,500,784.338747
-47.3,500,784.464244
-47.3,500,784.589285
-46.9,500,784.714044
-48.1,500,784.838521
-47.1,500,784.963178
-47.5,500,785.088102
-48.0,500,785.213837
-47.0,500,785.338728
-46.7,500,785.465107
-47.1,500,785.590335
-46.9,500,785.715103
-46.9,500,785.840814
-46.8,500,785.965788
-47.0,500,786.090714
-46.5,500,786.218061
-46.9,500,786.343233
-48.0,500,786.468138
-47.1,500,786.592821
-47.2,500,786.718066
-47.0,500,786.84339
-46.9,500,786.968504
-47.2,500,787.093443
-47.2,500,787.218536
-47.4,500,787.34388
-46.9,500,787.469134
-46.8,500,787.593749
-47.0,500,787.718857
-46.8,500,787.843645
-47.1,500,787.968131
-47.6,500,788.092507
-47.0,500,788.217754
-46.9,500,788.342768
-47.2,500,788.468037
-46.7,500,788.592908
-46.7,500,788.717787
-46.8,500,788.843101
-46.8,500,788.967946
-46.8,500,789.092792
-46.6,500,789.218096
-46.7,500,789.343146
-46.8,500,789.467841
-46.5,500,789.59247
-48.0,500,789.71727
-47.4,500,789.842429
-46.6,500,789.968294
-46.8,500,790.093084
-47.0,500,790.218018
-46.7,500,790.343115
-46.7,500,790.469966
-47.7,500,790.595032
-47.7,500,790.720375
-47.0,500,790.84613
-46.5,500,790.970904
-46.8,500,791.095368
-47.2,500,791.220258
-46.5,500,791.345199
-46.9,500,791.47034
-47.3,500,791.595506
-47.0,500,791.72063
-47.7,500,791.845688
-48.0,500,791.970461
-46.8,500,792.095129
-47.2,500,792.219866
-47.1,500,792.347437
-47.7,500,792.472388
-46.9,500,792.597412
-47.0,500,792.72223
-47.0,500,792.846745
-46.6,500,792.971341
-47.7,500,793.09691
-46.8,500,793.221953
-47.3,500,793.347037
-47.6,500,793.472193
-46.7,500,793.596874
-47.1,500,793.721588
-47.2,500,793.847189
-47.1,500,793.971758
-46.9,500,794.09681
-46.9,500,794.221725
-47.3,500,794.346729
-48.7,500,794.471107
-47.2,500,794.595406
-47.1,500,794.720883
-46.9,500,794.8457
-47.1,500,794.970674
-47.3,500,795.096143
-46.5,500,795.220724
-47.0,500,795.34584
-47.7,500,795.473346
-46.7,500,795.598821
-47.1,500,795.723655
-48.1,500,795.848834
-46.8,500,795.973687
-47.8,500,796.143884
-48.2,500,796.268886
-46.8,500,796.393007
-47.8,500,796.517205
-47.6,500,796.642152
-47.3,500,796.76741
-46.9,500,796.89274
-47.1,500,797.017564
-47.0,500,797.142665
-47.1,500,797.274209
-46.8,500,797.420603
-46.7,500,797.558062
-47.2,500,797.699603
-46.8,500,797.831981
-46.5,500,797.969966
-46.6,500,798.096257
-47.6,500,798.221648
-48.5,500,798.346274
-46.7,500,798.470649
-46.7,500,798.598946
-46.9,500,798.723903
-47.6,500,798.848381
-47.1,500,798.9728
-46.6,500,799.100906
-47.1,500,799.241853
-46.6,500,799.367444
-48.8,500,799.49244
-46.8,500,799.618148
-46.6,500,799.742892
-46.7,500,799.867567
-46.6,500,799.992427
-46.5,500,800.117674
-46.7,500,800.243517
-47.6,500,800.369161
-47.6,500,800.49568
-46.9,500,800.620767
-47.2,500,800.746236
-47.4,500,800.870736
-47.2,500,800.995469
-47.0,500,801.120402
-47.2,500,801.245094
-47.0,500,801.36972
-47.4,500,801.494681
-47.3,500,801.619585
-47.4,500,801.744642
-47.4,500,801.869871
-46.6,500,801.994531
-46.6,500,802.119506
-47.0,500,802.244807
-48.9,500,802.370512
-46.9,500,802.495744
-46.9,500,802.620894
-49.0,500,802.745769
-46.9,500,802.870336
-47.1,500,802.99481
-46.9,500,803.119413
-47.1,500,803.244982
-46.9,500,803.370493
-46.9,500,803.495019
-47.4,500,803.620092
-46.8,500,803.744911
-46.9,500,803.869786
-46.8,500,803.995099
-47.9,500,804.119679
-46.6,500,804.244968
-46.7,500,804.369887
-47.1,500,804.494894
-47.3,500,804.619469
-46.9,500,804.744756
-46.5,500,804.873072
-47.4,500,804.998216
-47.4,500,805.123133
-47.1,500,805.24843
-46.8,500,805.373247
-47.0,500,805.500127
-47.1,500,805.62526
-46.9,500,805.750612
-46.7,500,805.875655
-48.0,500,806.000472
-48.6,500,806.125797
-47.4,500,806.250737
-49.1,500,806.375814
-46.9,500,806.50086
-46.7,500,806.625787
-46.8,500,806.75076
-46.8,500,806.875823
-48.1,500,807.000459
-47.2,500,807.125214
-47.0,500,807.250364
-46.6,500,807.375711
-47.2,500,807.500375
-47.6,500,807.625204
-47.3,500,807.749804
-47.3,500,807.874299
-46.9,500,807.999559
-46.5,500,808.125471
-46.6,500,808.250549
-47.8,500,808.375023
-46.9,500,808.499958
-47.1,500,808.624866
-47.3,500,808.749715
-46.8,500,808.874474
-47.2,500,808.999479
-46.6,500,809.124103
-47.0,500,809.249326
-47.4,500,809.374268
-47.5,500,809.498749
-47.3,500,809.624541
-47.7,500,809.749787
-47.3,500,809.874962
-46.7,500,809.999639
-47.6,500,810.124395
-47.3,500,810.249337
-47.2,500,810.373848
-48.1,500,810.500293
-47.6,500,810.625017
-46.9,500,810.74982
-47.4,500,810.915028
-46.8,500,811.042918
-47.1,500,811.168345
-46.8,500,811.29278
-46.8,500,811.417619
-46.9,500,811.542069
-46.7,500,811.666686
-47.5,500,811.791446
-47.2,500,811.91634
-46.8,500,812.041123
-47.6,500,812.166044
-47.1,500,812.290836
-47.2,500,812.416021
-47.0,500,812.540649
-46.5,500,812.665997
-46.8,500,812.790538
-46.7,500,812.91544
-46.9,500,813.040613
-47.8,500,813.165363
-47.0,500,813.291216
-47.4,500,813.415751
-47.0,500,813.54072
-46.7,500,813.666006
-48.2,500,813.79121
-46.8,500,813.916034
-46.9,500,814.040845
-47.0,500,814.166301
-48.1,500,814.291899
-47.2,500,814.417024
-47.0,500,814.541738
-47.5,500,814.666384
-46.9,500,814.791158
-46.8,500,814.916431
-46.8,500,815.041716
-47.4,500,815.166533
-46.6,500,815.291805
-47.7,500,815.417821
-47.4,500,815.543361
-47.6,500,815.668137
-46.8,500,815.792908
-47.3,500,815.918034
-46.7,500,816.042419
-46.9,500,816.16749
-47.8,500,816.292364
-47.1,500,816.417085
-47.0,500,816.541549
-47.0,500,816.666812
-47.1,500,816.792429
-47.3,500,816.917724
-46.9,500,817.04278
-46.7,500,817.167798
-47.6,500,817.294313
-47.6,500,817.418941
-47.9,500,817.544649
-47.1,500,817.670224
-47.1,500,817.795405
-47.6,500,817.920078
-46.7,500,818.044878
-47.1,500,818.169764
-46.7,500,818.294806
-47.0,500,818.420546
-47.2,500,818.545668
-46.8,500,818.670828
-46.6,500,818.795945
-47.3,500,818.921448
-47.2,500,819.046383
-47.7,500,819.172436
-47.6,500,819.297368
-47.2,500,819.421918
-46.9,500,819.546715
-46.6,500,819.672182
-47.1,500,819.796779
-48.0,500,819.921548
-47.0,500,820.046553
-47.3,500,820.171245
-47.4,500,820.295714
-46.7,500,820.421474
-46.7,500,820.547129
-46.9,500,820.671284
-49.1,500,820.796852
-47.2,500,820.920949
-47.1,500,821.04578
-46.9,500,821.170837
-47.0,500,821.29533
-46.9,500,821.42027
-46.7,500,821.544728
-46.5,500,821.669649
-46.6,500,821.794866
-46.9,500,821.919313
-46.6,500,822.044138
-46.6,500,822.168732
-47.8,500,822.293335
-46.6,500,822.418667
-47.0,500,822.543184
-47.5,500,822.667842
-46.9,500,822.792697
-46.7,500,822.917825
-47.7,500,823.042731
-46.9,500,823.168145
-46.9,500,823.294115
-47.1,500,823.418959
-46.9,500,823.545441
-46.9,500,823.670732
-47.5,500,823.7956
-46.8,500,823.921587
-46.8,500,824.046273
-47.1,500,824.170776
-47.1,500,824.295604
-47.2,500,824.420368
-47.1,500,824.544945
-46.7,500,824.707694
-46.8,500,824.832633
-47.0,500,824.957937
-47.6,500,825.08259
-46.9,500,825.207521
-46.7,500,825.332532
-47.2,500,825.459503
-46.8,500,825.584398
-47.0,500,825.70887
-46.9,500,825.833583
-47.7,500,825.958474
-47.2,500,826.083099
-46.7,500,826.208212
-47.5,500,826.333578
-47.6,500,826.458131
-47.1,500,826.582761
-46.9,500,826.707506
-46.8,500,826.832332
-48.1,500,826.957033
-47.5,500,827.082546
-46.8,500,827.207199
-47.0,500,827.331605
-47.3,500,827.459671
-46.6,500,827.585053
-47.6,500,827.709756
-47.0,500,827.834906
-47.6,500,827.9603
-48.2,500,828.089364
-46.7,500,828.214406
-46.9,500,828.338948
-46.8,500,828.463708
-47.4,500,828.588425
-47.3,500,828.71442
-46.6,500,828.839405
-47.2,500,828.964519
-46.7,500,829.089635
-47.0,500,829.214342
-47.1,500,829.339463
-47.1,500,829.464982
-47.1,500,829.59004
-46.8,500,829.715632
-47.1,500,829.84187
-46.6,500,829.967152
-46.9,500,830.092367
-47.4,500,830.218119
-46.9,500,830.342872
-48.0,500,830.469857
-46.9,500,830.595337
-47.6,500,830.719858
-46.9,500,830.844659
-47.4,500,830.970267
-47.1,500,831.094986
-47.5,500,831.219654
-47.6,500,831.344192
-47.0,500,831.468851
-46.7,500,831.593339
-47.3,500,831.717783
-47.5,500,831.843175
-47.2,500,831.96795
-46.8,500,832.092716
-47.6,500,832.217083
-47.3,500,832.341966
-48.0,500,832.467137
-47.3,500,832.592135
-48.2,500,832.717337
-46.7,500,832.842064
-47.7,500,832.967151
-48.0,500,833.092237
-47.4,500,833.21706
-47.3,500,833.341745
-47.1,500,833.466935
-46.9,500,833.591825
-47.0,500,833.717041
-48.3,500,833.841785
-47.6,500,833.966758
-46.9,500,834.091038
-46.7,500,834.216539
-47.0,500,834.342124
-47.0,500,834.467138
-46.5,500,834.591785
-47.7,500,834.716606
-46.5,500,834.841485
-47.7,500,834.966644
-47.4,500,835.091529
-47.3,500,835.217568
-48.0,500,835.34227
-47.1,500,835.468962
-47.4,500,835.594044
-47.5,500,835.718904
-46.5,500,835.843824
-46.5,500,835.968441
-46.6,500,836.095882
-48.0,500,836.22215
-47.2,500,836.347166
-46.8,500,836.47197
-47.5,500,836.597428
-47.3,500,836.723201
-48.2,500,836.847872
-48.1,500,836.972845
-46.9,500,837.097791
-47.1,500,837.222752
-49.0,500,837.347751
-47.2,500,837.47337
-47.1,500,837.598803
-47.2,500,837.724183
-47.5,500,837.848884
-47.4,500,837.973587
-47.3,500,838.097808
-48.3,500,838.222725
-47.2,500,838.347622
-46.9,500,838.472208
-47.0,500,838.596808
-47.0,500,838.721217
-47.4,500,838.883755
-46.5,500,839.008344
-47.4,500,839.133205
-46.9,500,839.257914
-46.5,500,839.382442
-47.2,500,839.506182
-47.6,500,839.631092
-46.8,500,839.755607
-47.3,500,839.879962
-47.6,500,840.005342
-47.0,500,840.130236
-47.9,500,840.255125
-46.5,500,840.380339
-47.1,500,840.507586
-47.1,500,840.632872
-46.7,500,840.757654
-47.8,500,840.882243
-47.6,500,841.006936
-47.0,500,841.131631
-47.1,500,841.257246
-46.9,500,841.382241
-46.8,500,841.506725
-46.9,500,841.631676
-46.5,500,841.756662
-47.0,500,841.881559
-47.3,500,842.006493
-47.5,500,842.131449
-47.6,500,842.256177
-47.2,500,842.380879
-46.7,500,842.505822
-47.0,500,842.630668
-47.6,500,842.755401
-47.7,500,842.880915
-47.4,500,843.005429
-47.1,500,843.130346
-46.5,500,843.255215
-47.0,500,843.379889
-47.5,500,843.504719
-46.7,500,843.629461
-47.8,500,843.755082
-47.1,500,843.880041
-47.0,500,844.00477
-47.0,500,844.129497
-47.7,500,844.254382
-46.7,500,844.379669
-47.3,500,844.505553
-47.4,500,844.63067
-46.8,500,844.755814
-47.8,500,844.880683
-46.8,500,845.005921
-48.0,500,845.131231
-48.1,500,845.256633
-47.1,500,845.381719
-47.2,500,845.508301
-47.6,500,845.633222
-47.5,500,845.758303
-47.1,500,845.883152
-46.8,500,846.008685
-47.4,500,846.133761
-47.5,500,846.259053
-47.3,500,846.383901
-47.7,500,846.508842
-47.3,500,846.633855
-47.3,500,846.75883
-48.3,500,846.88388
-46.6,500,847.008856
-47.4,500,847.133662
-46.7,500,847.264934
-47.1,500,847.408237
-48.2,500,847.54616
-47.3,500,847.687271
-46.7,500,847.822184
-47.3,500,847.962347
-46.9,500,848.088719
-46.8,500,848.214255
-47.1,500,848.339691
-47.2,500,848.464973
-48.0,500,848.590024
-47.2,500,848.715401
-46.9,500,848.840722
-46.5,500,848.965455
-46.9,500,849.092856
-46.9,500,849.232919
-48.3,500,849.358665
-47.8,500,849.48322
-47.2,500,849.60816
-47.0,500,849.73333
-47.3,500,849.858153
-46.7,500,849.983239
-47.4,500,850.108869
-46.8,500,850.234723
-47.5,500,850.359193
-47.1,500,850.485778
-46.8,500,850.610851
-47.5,500,850.735609
-47.3,500,850.860398
-47.0,500,850.985685
-47.3,500,851.110572
-46.7,500,851.235646
-46.9,500,851.360796
-47.6,500,851.485539
-47.5,500,851.610527
-47.6,500,851.735498
-46.9,500,851.860628
-46.9,500,851.985464
-46.8,500,852.110783
-46.7,500,852.235518
-46.7,500,852.360552
-46.9,500,852.485287
-47.2,500,852.610527
-47.1,500,852.73602
-47.4,500,852.860919
-47.4,500,852.985918
-48.2,500,853.146807
-47.1,500,853.272665
-46.7,500,853.397807
-46.8,500,853.522617
-47.3,500,853.64744
-46.7,500,853.772376
-46.5,500,853.897428
-48.2,500,854.022162
-47.6,500,854.147261
-46.6,500,854.272099
-46.6,500,854.396907
-47.8,500,854.521809
-47.3,500,854.646622
-46.9,500,854.771327
-46.6,500,854.896469
-47.7,500,855.021535
-47.2,500,855.146408
-46.9,500,855.271559
-47.0,500,855.396648
-47.6,500,855.524287
-47.2,500,855.649489
-48.0,500,855.774379
-46.6,500,855.8992
-46.9,500,856.02431
-47.8,500,856.14924
-47.5,500,856.274048
-47.0,500,856.399247
-47.0,500,856.524784
-47.1,500,856.649423
-47.7,500,856.774572
-46.6,500,856.899616
-46.6,500,857.024166
-47.7,500,857.148812
-47.0,500,857.274133
-47.2,500,857.398777
-46.6,500,857.52332
-46.8,500,857.648102
-48.7,500,857.772886
-47.2,500,857.897387
-47.7,500,858.022876
-46.7,500,858.148476
-47.3,500,858.27437
-47.4,500,858.39962
-46.8,500,858.524218
-47.1,500,858.649612
-46.7,500,858.775089
-46.9,500,858.899894
-46.7,500,859.024706
-46.9,500,859.149328
-47.4,500,859.274219
-46.9,500,859.399507
-46.8,500,859.524426
-47.4,500,859.649457
-47.1,500,859.774356
-46.8,500,859.899419
-46.9,500,860.024145
-47.3,500,860.149435
-46.8,500,860.274282
-47.0,500,860.399072
-47.6,500,860.526333
-46.6,500,860.651895
-47.1,500,860.777228
-46.7,500,860.901615
-46.8,500,861.026124
-46.8,500,861.150926
-46.8,500,861.275415
-47.1,500,861.400817
-47.1,500,861.525954
-47.0,500,861.651162
-46.7,500,861.776375
-46.7,500,861.902488
-46.9,500,862.026963
-46.8,500,862.152397
-47.1,500,862.276961
-46.9,500,862.401879
-46.6,500,862.526645
-46.7,500,862.651567
-46.9,500,862.776303
-48.0,500,862.901695
-46.7,500,863.027528
-46.8,500,863.152449
-47.2,500,863.277405
-46.7,500,863.402437
-46.6,500,863.527324
-47.0,500,863.653066
-48.6,500,863.778307
-46.9,500,863.903245
-47.3,500,864.027714
-47.3,500,864.152555
-46.9,500,864.277095
-47.5,500,864.401558
-47.2,500,864.52661
-47.7,500,864.651727
-47.0,500,864.776614
-46.6,500,864.901314
-47.0,500,865.025756
-47.1,500,865.150392
-47.2,500,865.275615
-46.8,500,865.399853
-47.0,500,865.526768
-47.3,500,865.651998
-47.2,500,865.776698
-46.8,500,865.901568
-47.7,500,866.026217
-48.0,500,866.152182
-47.1,500,866.27672
-46.8,500,866.402062
-47.4,500,866.527062
-47.2,500,866.651704
-47.3,500,866.776207
-47.6,500,866.901422
-47.5,500,867.063139
-47.0,500,867.187797
-46.9,500,867.312541
-47.2,500,867.437183
-47.2,500,867.562283
-47.2,500,867.68831
-47.5,500,867.812906
-47.2,500,867.937904
-47.3,500,868.062494
-48.5,500,868.187701
-47.2,500,868.313253
-46.7,500,868.439074
-46.7,500,868.563954
-47.2,500,868.688639
-46.6,500,868.813425
-47.2,500,868.938821
-46.8,500,869.063432
-47.5,500,869.188101
-47.2,500,869.313777
-46.9,500,869.43906
-46.6,500,869.563828
-47.6,500,869.689009
-47.3,500,869.814499
-47.4,500,869.93909
-46.7,500,870.064534
-46.7,500,870.190587
-47.1,500,870.315528
-47.7,500,870.442059
-46.7,500,870.568475
-46.5,500,870.693238
-47.5,500,870.819017
-47.4,500,870.943832
-47.0,500,871.068935
-46.6,500,871.193847
-48.3,500,871.318449
-47.3,500,871.444
-46.5,500,871.56958
-47.5,500,871.694396
-47.1,500,871.818858
-46.9,500,871.943387
-46.8,500,872.068643
-46.6,500,872.193815
-46.8,500,872.318501
-47.4,500,872.443859
-47.8,500,872.568726
-47.3,500,872.694089
-47.5,500,872.818703
-46.9,500,872.943697
-47.1,500,873.068417
-47.3,500,873.193204
-47.0,500,873.318108
-46.8,500,873.443129
-46.9,500,873.567694
-47.0,500,873.692237
-48.9,500,873.816565
-47.1,500,873.941609
-50.9,500,874.066864
-47.0,500,874.191778
-46.9,500,874.316859
-47.6,500,874.441533
-46.7,500,874.566401
-47.3,500,874.691244
-47.1,500,874.816031
-46.8,500,874.941046
-46.8,500,875.066136
-46.5,500,875.191411
-47.0,500,875.316412
-46.8,500,875.440948
-47.1,500,875.567825
-47.1,500,875.692762
-46.8,500,875.818296
-48.2,500,875.942967
-46.7,500,876.067645
-47.3,500,876.192657
-47.1,500,876.317885
-47.1,500,876.443266
-47.7,500,876.568
-46.5,500,876.692793
-46.9,500,876.817675
-47.8,500,876.942063
-47.4,500,877.066659
-46.8,500,877.191224
-47.0,500,877.316141
-47.3,500,877.444371
-46.6,500,877.569106
-47.4,500,877.694072
-46.8,500,877.818667
-47.2,500,877.943288
-48.4,500,878.071304
-47.0,500,878.197467
-47.1,500,878.322574
-46.6,500,878.447201
-46.8,500,878.572102
-46.9,500,878.696639
-48.1,500,878.82181
-46.9,500,878.947661
-46.9,500,879.07215
-47.2,500,879.197058
-47.3,500,879.321783
-47.7,500,879.447114
-46.8,500,879.571946
-46.5,500,879.697025
-47.0,500,879.82191
-47.8,500,879.946564
-46.5,500,880.071626
-47.5,500,880.197012
-48.4,500,880.321914
-48.7,500,880.447473
-47.0,500,880.618182
-47.5,500,880.743134
-46.7,500,880.867804
-47.7,500,880.992595
-47.3,500,881.117618
-46.7,500,881.242059
-46.5,500,881.366484
-46.9,500,881.491387
-47.7,500,881.615762
-47.2,500,881.740238
-47.4,500,881.865922
-46.6,500,881.990851
-46.8,500,882.115688
-46.7,500,882.240473
-47.1,500,882.36538
-46.8,500,882.490352
-47.6,500,882.615464
-46.9,500,882.740274
-47.2,500,882.865351
-47.3,500,882.990155
-47.2,500,883.11481
-47.2,500,883.239494
-47.2,500,883.36393
-47.0,500,883.489247
-47.1,500,883.614569
-46.8,500,883.739435
-47.2,500,883.864028
-47.2,500,883.989201
-47.2,500,884.114218
-46.5,500,884.238893
-46.7,500,884.364726
-48.2,500,884.489358
-47.2,500,884.614101
-46.9,500,884.739207
-46.9,500,884.863915
-47.0,500,884.989074
-47.1,500,885.114569
-46.9,500,885.239146
-46.9,500,885.363899
-47.1,500,885.489777
-47.0,500,885.615086
-46.9,500,885.739534
-47.2,500,885.864355
-46.6,500,885.989511
-46.7,500,886.114093
-46.8,500,886.238782
-46.9,500,886.363638
-47.1,500,886.488815
-47.3,500,886.613879
-47.1,500,886.739108
-47.0,500,886.863828
-47.0,500,886.988565
-47.3,500,887.113283
-47.8,500,887.23831
-47.5,500,887.363197
-46.6,500,887.488362
-47.0,500,887.613742
-46.7,500,887.739175
-47.0,500,887.864421
-48.3,500,887.989105
-47.0,500,888.114292
-46.8,500,888.238965
-46.8,500,888.364367
-47.0,500,888.489648
-46.8,500,888.614556
-48.3,500,888.73934
-48.6,500,888.863884
-46.5,500,888.988497
-47.4,500,889.113181
-48.4,500,889.23822
-47.2,500,889.363412
-46.6,500,889.488504
-47.5,500,889.613218
-46.6,500,889.737678
-46.6,500,889.862574
-46.8,500,889.988033
-46.8,500,890.112779
-47.3,500,890.237926
-47.1,500,890.363006
-47.5,500,890.489702
-46.9,500,890.614879
-47.6,500,890.739884
-47.0,500,890.864625
-47.1,500,890.989199
-46.8,500,891.114102
-47.0,500,891.238568
-46.6,500,891.36362
-46.9,500,891.489226
-47.1,500,891.614152
-46.7,500,891.738824
-47.5,500,891.863825
-47.1,500,891.988573
-47.6,500,892.113386
-46.8,500,892.23854
-47.4,500,892.363678
-47.5,500,892.488071
-47.7,500,892.61269
-46.5,500,892.737778
-46.8,500,892.862686
-46.9,500,892.988229
-46.7,500,893.114135
-47.3,500,893.23938
-47.4,500,893.373545
-46.5,500,893.498775
-47.1,500,893.624227
-46.8,500,893.749382
-46.7,500,893.873653
-47.2,500,894.036669
-46.7,500,894.162392
-47.7,500,894.287904
-47.0,500,894.412478
-47.2,500,894.537351
-47.2,500,894.661956
-46.8,500,894.786367
-47.1,500,894.91261
-47.2,500,895.037653
-47.4,500,895.162477
-47.4,500,895.287327
-47.1,500,895.412463
-46.8,500,895.538852
-46.5,500,895.664376
-47.3,500,895.788951
-46.8,500,895.91371
-46.9,500,896.038583
-46.7,500,896.163355
-46.9,500,896.287952
-47.4,500,896.413304
-47.0,500,896.538129
-47.0,500,896.663107
-47.7,500,896.78776
-46.8,500,896.912795
-46.6,500,897.037839
-46.5,500,897.163707
-47.1,500,897.288561
-46.9,500,897.413436
-47.7,500,897.538252
-47.0,500,897.663471
-47.2,500,897.788413
-47.5,500,897.913017
-46.9,500,898.03865
-46.5,500,898.164265
-46.6,500,898.289684
-48.2,500,898.414624
-47.1,500,898.539934
-46.5,500,898.665227
-47.0,500,898.790474
-46.9,500,898.91554
-47.1,500,899.040284
-46.5,500,899.164908
-46.9,500,899.289819
-47.1,500,899.414053
-47.1,500,899.539732
-47.2,500,899.665725
-47.2,500,899.79045
-47.3,500,899.914883
-47.0,500,900.039667
-46.8,500,900.164587
-46.6,500,900.289756
-47.8,500,900.415072
-49.0,500,900.541988
-46.9,500,900.667048
-46.6,500,900.791745
-47.1,500,900.916622
-46.8,500,901.041085
-46.9,500,901.165811
-49.1,500,901.291501
-46.7,500,901.416849
-46.6,500,901.541632
-48.1,500,901.666759
-47.0,500,901.791738
-47.0,500,901.916132
-46.5,500,902.040722
-46.8,500,902.165527
-46.8,500,902.290295
-48.2,500,902.415053
-47.1,500,902.540164
-46.9,500,902.665415
-47.2,500,902.791603
-47.1,500,902.916388
-47.8,500,903.041016
-46.9,500,903.165875
-48.0,500,903.290898
-47.0,500,903.41594
-46.6,500,903.540771
-46.6,500,903.665874
-46.7,500,903.790738
-47.5,500,903.915855
-47.5,500,904.040867
-47.8,500,904.165707
-47.2,500,904.290398
-47.2,500,904.415099
-46.7,500,904.546727
-46.8,500,904.689061
-47.5,500,904.82655
-47.2,500,904.967844
-47.4,500,905.105619
-47.0,500,905.244689
-46.9,500,905.370726
-46.7,500,905.497538
-46.9,500,905.62293
-46.7,500,905.748361
-47.2,500,905.874151
-48.2,500,905.999166
-47.0,500,906.123842
-46.8,500,906.248819
-46.5,500,906.374566
-46.9,500,906.516771
-47.3,500,906.64197
-47.5,500,906.766659
-46.8,500,906.891769
-47.0,500,907.016474
-46.7,500,907.141901
-47.7,500,907.26765
-46.7,500,907.392617
-46.7,500,907.517546
-47.3,500,907.642706
-47.5,500,907.768077
-47.4,500,907.893263
-46.5,500,908.018549
-48.0,500,908.189473
-47.1,500,908.314653
-47.1,500,908.439557
-47.1,500,908.564956
-47.4,500,908.690106
-46.7,500,908.814585
-46.7,500,908.939152
-47.1,500,909.063873
-47.5,500,909.188534
-47.0,500,909.313447
-47.1,500,909.437728
-47.1,500,909.562946
-46.9,500,909.687721
-47.2,500,909.812301
-46.7,500,909.937081
-47.3,500,910.061927
-46.9,500,910.187478
-47.3,500,910.313218
-47.0,500,910.43872
-46.7,500,910.564626
-47.5,500,910.689533
-46.7,500,910.814631
-47.2,500,910.94036
-47.4,500,911.064886
-46.5,500,911.189934
-47.5,500,911.314803
-47.3,500,911.439799
-48.2,500,911.564544
-47.2,500,911.690432
-47.3,500,911.815146
-47.2,500,911.939852
-47.8,500,912.065067
-46.7,500,912.189583
-47.0,500,912.314617
-47.1,500,912.439213
-47.2,500,912.564937
-46.7,500,912.691033
-47.4,500,912.815979
-47.6,500,912.940676
-46.8,500,913.065199
-46.6,500,913.189742
-46.5,500,913.314961
-46.8,500,913.438898
-47.0,500,913.563554
-46.7,500,913.687957
-47.2,500,913.812367
-47.0,500,913.936973
-47.2,500,914.061399
-47.0,500,914.186873
-47.6,500,914.311769
-47.1,500,914.436228
-47.5,500,914.561073
-46.7,500,914.685427
-46.6,500,914.809934
-46.8,500,914.934821
-46.9,500,915.059734
-46.9,500,915.184773
-47.5,500,915.309473
-46.9,500,915.434858
-47.3,500,915.561886
-46.8,500,915.687407
-46.6,500,915.812555
-47.3,500,915.938876
-46.9,500,916.064228
-46.9,500,916.188823
-47.0,500,916.313087
-47.3,500,916.437855
-47.5,500,916.563134
-46.6,500,916.687568
-46.9,500,916.812669
-47.7,500,916.937594
-47.7,500,917.062422
-47.6,500,917.186952
-47.4,500,917.311548
-46.7,500,917.436576
-47.1,500,917.561063
-47.1,500,917.685867
-47.6,500,917.810313
-47.1,500,917.935342
-46.6,500,918.059615
-47.2,500,918.18499
-48.8,500,918.309531
-47.0,500,918.4343
-47.3,500,918.559006
-46.9,500,918.683557
-46.8,500,918.808214
-46.9,500,918.933244
-46.8,500,919.058506
-47.4,500,919.183867
-46.8,500,919.308524
-47.5,500,919.432862
-46.9,500,919.557582
-47.2,500,919.682628
-47.1,500,919.807504
-47.1,500,919.93239
-47.4,500,920.057022
-46.7,500,920.181872
-47.2,500,920.306683
-47.1,500,920.431429
-47.3,500,920.558779
-47.3,500,920.683458
-47.6,500,920.808281
-48.6,500,920.933104
-47.0,500,921.057485
-46.8,500,921.181823
-47.3,500,921.306494
-46.8,500,921.431441
-46.5,500,921.599953
-46.7,500,921.725025
-47.1,500,921.849955
-47.5,500,921.974765
-47.6,500,922.100609
-47.8,500,922.225492
-47.3,500,922.350075
-46.7,500,922.474853
-47.1,500,922.600051
-46.7,500,922.725627
-46.6,500,922.850169
-47.4,500,922.975526
-47.1,500,923.100353
-46.8,500,923.224984
-47.7,500,923.34991
-47.2,500,923.47516
-47.5,500,923.599882
-47.5,500,923.724573
-47.1,500,923.849183
-46.8,500,923.973511
-46.7,500,924.09834
-47.1,500,924.22426
-47.2,500,924.348954
-47.3,500,924.474112
-46.8,500,924.59884
-47.2,500,924.723899
-46.9,500,924.848397
-46.9,500,924.973614
-46.6,500,925.098083
-47.1,500,925.223107
-47.1,500,925.348081
-46.9,500,925.474222
-47.7,500,925.600311
-48.4,500,925.725426
-48.1,500,925.85084
-48.1,500,925.976455
-46.8,500,926.101383
-46.8,500,926.226129
-46.7,500,926.351111
-46.8,500,926.475643
-47.0,500,926.600302
-47.2,500,926.725933
-47.6,500,926.850371
-46.9,500,926.97497
-47.2,500,927.099444
-47.1,500,927.224292
-46.7,500,927.349126
-47.5,500,927.47461
-46.7,500,927.599092
-47.1,500,927.724052
-46.9,500,927.849083
-46.9,500,927.974377
-46.8,500,928.099007
-47.0,500,928.224472
-46.7,500,928.349046
-47.1,500,928.473695
-47.1,500,928.598333
-46.6,500,928.72305
-47.2,500,928.847444
-47.0,500,928.972369
-46.6,500,929.097993
-46.7,500,929.224019
-46.8,500,929.349021
-47.3,500,929.473429
-46.8,500,929.598631
-47.3,500,929.72358
-47.8,500,929.848958
-46.9,500,929.974044
-47.2,500,930.09884
-47.0,500,930.223805
-46.8,500,930.349196
-46.9,500,930.474903
-46.7,500,930.601347
-47.0,500,930.726819
-47.5,500,930.852101
-47.4,500,930.976685
-47.4,500,931.101829
-47.5,500,931.226424
-47.5,500,931.350986
-47.4,500,931.475549
-46.6,500,931.601056
-47.1,500,931.725988
-47.5,500,931.850888
-47.2,500,931.975654
-47.0,500,932.100474
-47.8,500,932.226138
-47.0,500,932.351419
-46.7,500,932.476505
-46.9,500,932.601273
-46.9,500,932.726562
-47.1,500,932.851383
-46.7,500,932.976509
-46.7,500,933.101617
-46.9,500,933.226921
-46.8,500,933.351818
-48.1,500,933.476849
-46.9,500,933.60182
-47.1,500,933.726674
-46.7,500,933.851569
-46.9,500,933.976558
-47.4,500,934.101345
-46.9,500,934.22678
-47.4,500,934.351725
-47.6,500,934.476359
-47.6,500,934.60114
-47.5,500,934.730133
-46.5,500,934.855172
-46.5,500,934.979428
-46.8,500,935.104304
-47.8,500,935.228964
-47.2,500,935.356374
-46.6,500,935.48187
-47.2,500,935.60889
-47.0,500,935.734205
-47.4,500,935.859111
-46.6,500,935.984108
-47.3,500,936.152263
-46.7,500,936.277083
-47.0,500,936.401652
-46.9,500,936.52636
-47.0,500,936.651119
-46.7,500,936.776232
-46.8,500,936.901001
-46.6,500,937.026434
-46.7,500,937.15127
-47.1,500,937.276349
-46.6,500,937.401295
-47.3,500,937.526364
-47.2,500,937.651056
-46.8,500,937.776103
-46.6,500,937.900615
-46.9,500,938.025681
-46.8,500,938.149944
-46.6,500,938.274352
-47.1,500,938.398473
-46.6,500,938.522977
-47.1,500,938.647865
-47.6,500,938.772556
-46.7,500,938.897278
-46.6,500,939.021551
-47.0,500,939.146051
-47.3,500,939.270768
-46.8,500,939.395777
-46.8,500,939.519322
-46.7,500,939.643815
-47.2,500,939.768291
-46.9,500,939.893144
-46.9,500,940.017768
-46.5,500,940.142298
-47.2,500,940.267222
-46.9,500,940.392291
-47.2,500,940.521478
-47.1,500,940.646621
-46.8,500,940.771709
-46.7,500,940.896422
-47.3,500,941.0209
-46.7,500,941.145181
-46.9,500,941.26985
-47.0,500,941.394771
-46.7,500,941.519131
-47.6,500,941.643966
-47.0,500,941.769063
-47.2,500,941.894656
-46.7,500,942.018957
-46.5,500,942.143896
-47.1,500,942.268553
-47.1,500,942.393043
-47.5,500,942.517787
-47.7,500,942.642334
-46.9,500,942.767022
-47.1,500,942.892288
-47.2,500,943.017474
-47.3,500,943.141742
-46.8,500,943.266372
-46.8,500,943.390822
-46.9,500,943.515964
-46.8,500,943.641139
-46.6,500,943.766086
-47.2,500,943.890646
-47.4,500,944.015223
-47.6,500,944.139628
-47.3,500,944.264851
-46.5,500,944.388878
-46.9,500,944.51323
-47.1,500,944.637954
-46.8,500,944.762486
-47.3,500,944.887598
-47.1,500,945.01199
-46.9,500,945.136859
-47.2,500,945.262278
-46.9,500,945.386517
-47.6,500,945.512389
-46.8,500,945.637677
-46.5,500,945.762086
-47.5,500,945.886217
-47.0,500,946.011534
-47.3,500,946.13711
-46.7,500,946.261826
-46.8,500,946.386399
-46.5,500,946.511283
-46.9,500,946.635737
-47.0,500,946.761595
-46.5,500,946.886329
-46.9,500,947.01122
-46.9,500,947.136145
-46.6,500,947.260974
-47.1,500,947.386116
-47.6,500,947.511724
-47.6,500,947.635784
-46.8,500,947.760746
-47.6,500,947.885901
-46.8,500,948.011176
-46.9,500,948.136318
-47.1,500,948.261263
-47.9,500,948.386978
-46.9,500,948.5125
-46.8,500,948.63692
-48.5,500,948.761414
-47.0,500,948.88603
-47.4,500,949.010814
-47.6,500,949.135861
-46.7,500,949.261525
-47.2,500,949.386794
-46.7,500,949.511705
-47.0,500,949.636159
-46.7,500,949.760884
-47.0,500,949.885596
-46.9,500,950.010383
-47.0,500,950.13562
-47.7,500,950.260728
-46.8,500,950.385443
-46.9,500,950.54921
-46.9,500,950.674156
-46.8,500,950.799351
-47.1,500,950.924316
-47.4,500,951.049211
-47.0,500,951.173839
-47.3,500,951.298219
-47.0,500,951.423137
-47.4,500,951.547452
-46.9,500,951.672178
-46.8,500,951.800917
-47.4,500,951.925624
-47.3,500,952.050454
-47.0,500,952.174904
-47.0,500,952.300061
-46.7,500,952.425073
-47.6,500,952.550006
-47.3,500,952.674979
-48.1,500,952.799608
-46.8,500,952.924455
-46.8,500,953.049636
-47.4,500,953.174232
-47.3,500,953.300263
-46.9,500,953.425329
-47.7,500,953.549844
-47.2,500,953.674466
-47.1,500,953.799256
-46.9,500,953.923705
-47.8,500,954.048558
-46.9,500,954.173446
-47.1,500,954.298791
-46.5,500,954.424172
-46.6,500,954.548641
-47.1,500,954.673166
-47.3,500,954.798514
-47.1,500,954.923766
-47.1,500,955.048152
-46.6,500,955.172666
-47.3,500,955.29721
-46.8,500,955.421633
-47.2,500,955.548775
-47.8,500,955.674019
-47.4,500,955.798963
-47.5,500,955.923702
-47.0,500,956.048052
-46.5,500,956.172274
-47.6,500,956.297838
-46.5,500,956.421916
-47.9,500,956.546781
-46.9,500,956.670969
-46.8,500,956.795744
-46.8,500,956.92053
-47.2,500,957.044821
-46.8,500,957.170033
-46.8,500,957.294677
-47.4,500,957.4192
-47.6,500,957.543977
-47.3,500,957.66874
-47.6,500,957.793702
-47.5,500,957.918779
-46.9,500,958.043863
-47.0,500,958.168966
-46.6,500,958.294233
-47.0,500,958.418815
-46.6,500,958.54326
-46.8,500,958.668341
-47.3,500,958.793409
-47.1,500,958.91842
-46.7,500,959.043186
-47.0,500,959.16815
-46.9,500,959.293891
-46.6,500,959.418625
-47.3,500,959.54348
-47.7,500,959.66836
-47.0,500,959.793244
-47.2,500,959.918168
-47.7,500,960.042864
-47.3,500,960.167414
-47.0,500,960.292965
-46.7,500,960.417846
-46.6,500,960.543676
-47.6,500,960.669432
-47.2,500,960.793787
-47.3,500,960.918788
-46.8,500,961.044573
-46.6,500,961.169982
-48.0,500,961.2952
-46.6,500,961.41991
-46.8,500,961.54486
-47.8,500,961.669004
-47.4,500,961.793288
-46.8,500,961.918067
-47.0,500,962.042836
-47.0,500,962.167444
-46.9,500,962.292562
-46.5,500,962.417335
-46.8,500,962.541777
-47.0,500,962.667135
-46.6,500,962.792331
-47.7,500,962.917485
-46.6,500,963.042424
-47.2,500,963.167002
-46.7,500,963.291633
-46.6,500,963.416605
-46.8,500,963.54208
-46.7,500,963.666931
-47.5,500,963.791705
-46.9,500,963.916776
-46.6,500,964.041391
-47.5,500,964.167018
-47.5,500,964.330175
-46.8,500,964.454878
-46.9,500,964.579553
-47.1,500,964.705638
-46.5,500,964.830965
-47.0,500,964.955597
-46.9,500,965.080226
-46.8,500,965.204828
-46.8,500,965.32984
-47.2,500,965.453982
-47.5,500,965.581272
-46.9,500,965.706009
-47.0,500,965.830958
-47.0,500,965.95562
-46.9,500,966.080332
-47.3,500,966.204625
-47.3,500,966.329924
-46.6,500,966.455068
-46.8,500,966.579285
-46.8,500,966.703951
-48.6,500,966.829069
-47.4,500,966.95397
-47.3,500,967.078669
-47.0,500,967.203768
-47.1,500,967.328023
-47.0,500,967.452836
-46.6,500,967.577518
-47.7,500,967.702143
-47.0,500,967.8268
-47.0,500,967.951436
-47.6,500,968.076904
-47.1,500,968.201812
-46.7,500,968.343757
-46.9,500,968.482901
-46.8,500,968.62254
-47.0,500,968.757437
-46.7,500,968.900679
-47.3,500,969.027522
-46.9,500,969.153832
-47.0,500,969.279476
-47.0,500,969.405043
-46.6,500,969.530032
-46.9,500,969.654755
-46.9,500,969.779365
-47.3,500,969.905545
-46.6,500,970.030795
-46.7,500,970.159714
-47.2,500,970.299098
-47.3,500,970.424192
-47.4,500,970.552025
-47.3,500,970.677371
-47.4,500,970.801978
-47.4,500,970.926754
-46.8,500,971.051842
-47.1,500,971.176704
-46.8,500,971.301588
-46.9,500,971.426142
-47.0,500,971.550905
-46.6,500,971.675413
-47.0,500,971.80008
-46.7,500,971.925065
-46.6,500,972.050428
-46.9,500,972.176024
-47.0,500,972.300628
-47.3,500,972.425097
-47.1,500,972.550046
-46.6,500,972.674889
-47.7,500,972.798924
-47.0,500,972.923957
-47.3,500,973.049099
-47.0,500,973.174877
-46.6,500,973.299963
-47.4,500,973.4247
-47.1,500,973.549446
-47.0,500,973.674538
-46.9,500,973.799409
-46.8,500,973.923932
-46.6,500,974.048919
-47.0,500,974.173566
-47.3,500,974.298302
-46.6,500,974.424211
-47.5,500,974.548939
-46.9,500,974.673652
-46.7,500,974.798434
-47.1,500,974.923494
-47.0,500,975.048106
-46.9,500,975.173681
-47.1,500,975.298827
-46.8,500,975.423932
-47.3,500,975.550217
-47.0,500,975.676092
-47.8,500,975.801212
-47.9,500,975.926554
-47.3,500,976.051161
-47.6,500,976.176006
-46.8,500,976.300856
-46.6,500,976.425064
-46.9,500,976.549818
-47.2,500,976.674868
-46.6,500,976.799865
-46.8,500,976.925416
-47.1,500,977.050369
-47.0,500,977.175168
-47.2,500,977.300147
-46.9,500,977.425557
-47.3,500,977.550946
-46.9,500,977.675872
-47.1,500,977.800419
-46.9,500,977.925061
-46.6,500,978.049627
-46.9,500,978.174602
-46.8,500,978.301287
-48.0,500,978.432283
-46.8,500,978.556647
-47.2,500,978.681337
-46.9,500,978.842912
-46.5,500,978.968271
-47.0,500,979.095076
-47.5,500,979.220127
-46.6,500,979.345504
-46.8,500,979.471553
-46.9,500,979.596643
-46.5,500,979.721349
-47.1,500,979.845925
-47.4,500,979.970582
-47.4,500,980.095462
-47.0,500,980.220248
-47.1,500,980.345809
-47.1,500,980.471296
-47.2,500,980.597667
-47.1,500,980.723385
-46.5,500,980.848253
-47.4,500,980.972765
-47.2,500,981.097741
-46.6,500,981.223225
-46.7,500,981.348154
-47.1,500,981.472759
-47.3,500,981.59746
-46.7,500,981.722719
-46.7,500,981.848297
-48.1,500,981.973661
-47.0,500,982.098584
-46.5,500,982.223161
-46.5,500,982.347847
-46.5,500,982.472669
-46.6,500,982.597258
-47.3,500,982.722604
-46.7,500,982.84751
-46.8,500,982.972717
-46.6,500,983.097617
-47.0,500,983.222633
-46.9,500,983.347238
-46.8,500,983.472362
-47.1,500,983.596995
-47.5,500,983.721592
-47.8,500,983.846396
-47.1,500,983.970822
-47.5,500,984.096264
-46.8,500,984.220963
-46.9,500,984.34547
-46.7,500,984.470378
-46.6,500,984.595038
-47.2,500,984.719412
-46.8,500,984.84363
-47.1,500,984.969088
-47.7,500,985.09368
-46.6,500,985.218298
-46.6,500,985.343076
-46.7,500,985.468297
-46.9,500,985.594707
-48.0,500,985.719618
-47.5,500,985.845147
-47.2,500,985.970804
-46.8,500,986.095273
-46.8,500,986.219828
-46.8,500,986.344768
-47.3,500,986.469012
-47.0,500,986.594066
-47.6,500,986.718062
-46.8,500,986.842425
-46.7,500,986.967353
-46.8,500,987.092217
-47.1,500,987.216967
-46.8,500,987.341635
-47.2,500,987.466843
-46.6,500,987.591756
-48.4,500,987.716087
-47.1,500,987.840681
-47.1,500,987.965074
-47.6,500,988.089893
-46.8,500,988.215606
-46.7,500,988.340754
-47.2,500,988.465474
-46.9,500,988.590295
-46.7,500,988.715393
-46.7,500,988.83997
-46.8,500,988.965502
-47.7,500,989.090141
-46.5,500,989.214887
-46.7,500,989.339562
-46.9,500,989.464696
-46.9,500,989.589538
-46.8,500,989.714408
-47.0,500,989.83887
-46.6,500,989.963426
-46.5,500,990.088664
-47.8,500,990.213408
-46.7,500,990.338333
-46.8,500,990.463279
-46.5,500,990.590307
-47.0,500,990.716091
-47.1,500,990.840793
-47.1,500,990.965507
-46.6,500,991.090583
-47.0,500,991.215518
-46.6,500,991.340445
-47.1,500,991.46607
-46.8,500,991.591899
-46.7,500,991.717176
-46.6,500,991.842153
-46.8,500,991.967574
-47.0,500,992.092717
-47.5,500,992.217648
-46.7,500,992.342843
-46.7,500,992.467799
-46.9,500,992.591951
-47.8,500,992.716951
-47.1,500,992.841142
-47.2,500,992.965554
-47.0,500,993.132686
-47.1,500,993.258088
-47.3,500,993.382478
-47.2,500,993.507494
-46.6,500,993.632422
-46.7,500,993.756771
-47.3,500,993.881615
-47.1,500,994.00626
-46.7,500,994.130941
-47.0,500,994.255473
-46.8,500,994.380889
-46.8,500,994.505786
-46.8,500,994.630509
-47.3,500,994.755425
-47.7,500,994.880263
-46.6,500,995.004883
-47.3,500,995.129856
-46.7,500,995.254891
-47.9,500,995.379894
-46.9,500,995.504527
-47.2,500,995.631164
-46.8,500,995.756148
-46.7,500,995.881373
-47.1,500,996.007239
-46.6,500,996.132057
-48.8,500,996.25728
-46.9,500,996.381965
-47.5,500,996.506836
-46.7,500,996.632256
-47.0,500,996.756727
-46.8,500,996.881703
-47.1,500,997.006671
-46.5,500,997.13134
-47.2,500,997.256182
-48.1,500,997.381453
-47.5,500,997.505968
-46.8,500,997.630547
-47.0,500,997.755324
-46.8,500,997.880209
-46.7,500,998.005035
-46.8,500,998.129855
-47.6,500,998.255415
-46.6,500,998.381718
-47.5,500,998.510028
-47.4,500,998.635174
-46.7,500,998.760173
-46.9,500,998.884895
-47.5,500,999.010199
-47.4,500,999.138554
-47.0,500,999.263388
-46.5,500,999.388054
-46.8,500,999.513349
-47.1,500,999.638312
-47.2,500,999.763642
-46.8,500,999.889011
-46.9,500,1000.013503
-47.1,500,1000.138371
-47.5,500,1000.263023
-47.1,500,1000.388093
-46.5,500,1000.512812
-47.4,500,1000.640598
-46.6,500,1000.765576
-47.0,500,1000.890419
-46.9,500,1001.015071
-47.1,500,1001.139734
-47.1,500,1001.263809
-47.0,500,1001.388908
-46.6,500,1001.514364
-48.8,500,1001.639134
-46.5,500,1001.763826
-46.5,500,1001.888799
-47.5,500,1002.013911
-47.1,500,1002.138563
-47.8,500,1002.264087
-46.8,500,1002.38835
-46.9,500,1002.513314
-48.6,500,1002.638381
-46.9,500,1002.763183
-47.1,500,1002.888459
-46.7,500,1003.013856
-47.6,500,1003.139223
-47.2,500,1003.264585
-46.8,500,1003.389399
-47.3,500,1003.514302
-47.2,500,1003.63883
-46.5,500,1003.764158
-46.6,500,1003.889435
-46.8,500,1004.01469
-46.5,500,1004.13962
-47.9,500,1004.264872
-47.2,500,1004.389743
-47.7,500,1004.51727
-46.9,500,1004.642294
-47.3,500,1004.767059
-47.1,500,1004.89174
-47.1,500,1005.016477
-48.0,500,1005.140946
-47.4,500,1005.265519
-46.7,500,1005.390852
-46.9,500,1005.515315
-46.9,500,1005.641388
-47.3,500,1005.766959
-47.4,500,1005.892116
-46.8,500,1006.016656
-46.6,500,1006.141265
-47.1,500,1006.266316
-47.8,500,1006.390971
-46.9,500,1006.515734
-47.0,500,1006.64061
-47.2,500,1006.765974
-47.2,500,1006.890426
-46.7,500,1007.015714
-47.3,500,1007.185125
-46.9,500,1007.309861
-47.2,500,1007.434509
-47.5,500,1007.559451
-47.1,500,1007.684228
-47.0,500,1007.808818
-46.8,500,1007.933616
-47.1,500,1008.057889
-47.9,500,1008.182266
-46.8,500,1008.307213
-46.5,500,1008.432299
-47.1,500,1008.556744
-47.1,500,1008.681367
-46.8,500,1008.805741
-46.6,500,1008.93024
-47.1,500,1009.054704
-47.7,500,1009.179703
-47.2,500,1009.304755
-48.0,500,1009.429358
-46.5,500,1009.55401
-47.5,500,1009.6785
-48.3,500,1009.803126
-46.8,500,1009.927319
-46.7,500,1010.052269
-47.4,500,1010.177132
-47.6,500,1010.302007
-47.2,500,1010.426941
-47.2,500,1010.551772
-46.8,500,1010.678409
-47.5,500,1010.803664
-47.1,500,1010.928587
-47.4,500,1011.053599
-46.6,500,1011.178691
-46.7,500,1011.30347
-47.8,500,1011.428442
-47.0,500,1011.553736
-46.6,500,1011.678658
-47.1,500,1011.803469
-46.6,500,1011.928551
-46.9,500,1012.053662
-47.6,500,1012.178525
-47.3,500,1012.303456
-46.6,500,1012.428649
-46.8,500,1012.553344
-47.2,500,1012.678121
-46.6,500,1012.802654
-47.9,500,1012.92713
-46.9,500,1013.051701
-46.9,500,1013.177562
-47.0,500,1013.303556
-47.2,500,1013.428019
-46.9,500,1013.552474
-47.3,500,1013.677092
-47.0,500,1013.802463
-47.1,500,1013.927271
-47.2,500,1014.052549
-47.7,500,1014.177434
-47.3,500,1014.302293
-46.9,500,1014.426752
-47.5,500,1014.551801
-47.6,500,1014.676695
-46.7,500,1014.801404
-46.6,500,1014.926926
-46.8,500,1015.051676
-46.8,500,1015.176755
-46.6,500,1015.301755
-47.3,500,1015.426288
-47.5,500,1015.550995
-46.9,500,1015.678767
-46.8,500,1015.804246
-46.9,500,1015.928887
-48.4,500,1016.053993
-46.9,500,1016.178604
-46.7,500,1016.303467
-46.7,500,1016.428731
-47.2,500,1016.552851
-46.7,500,1016.677417
-46.6,500,1016.802272
-46.7,500,1016.927033
-46.6,500,1017.05212
-46.9,500,1017.177047
-47.0,500,1017.302295
-47.3,500,1017.427796
-46.7,500,1017.552473
-47.2,500,1017.677097
-46.7,500,1017.802416
-47.0,500,1017.927418
-46.5,500,1018.052757
-46.6,500,1018.177413
-47.5,500,1018.302801
-48.1,500,1018.427458
-48.1,500,1018.552242
-47.5,500,1018.677575
-47.3,500,1018.803484
-48.4,500,1018.928759
-47.2,500,1019.053495
-47.2,500,1019.178133
-46.9,500,1019.303253
-47.1,500,1019.427806
-46.5,500,1019.553041
-47.0,500,1019.678644
-47.0,500,1019.803766
-46.8,500,1019.92873
-46.5,500,1020.053452
-46.8,500,1020.178817
-46.8,500,1020.306088
-47.0,500,1020.438679
-47.0,500,1020.563848
-46.8,500,1020.690253
-46.9,500,1020.858577
-47.0,500,1020.984064
-47.4,500,1021.109113
-48.0,500,1021.233897
-47.4,500,1021.358798
-46.5,500,1021.483655
-47.1,500,1021.608115
-47.3,500,1021.733322
-47.3,500,1021.85859
-48.1,500,1021.98349
-46.6,500,1022.108467
-46.9,500,1022.232602
-46.9,500,1022.356897
-47.5,500,1022.48234
-46.8,500,1022.605978
-46.9,500,1022.730906
-47.4,500,1022.855383
-47.3,500,1022.980093
-46.8,500,1023.104751
-47.0,500,1023.230718
-47.9,500,1023.356294
-47.9,500,1023.481106
-46.5,500,1023.605672
-47.5,500,1023.730308
-46.9,500,1023.854972
-47.1,500,1023.980245
-47.5,500,1024.104569
-47.3,500,1024.229336
-47.0,500,1024.353585
-46.8,500,1024.478719
-47.0,500,1024.603979
-46.6,500,1024.728619
-46.7,500,1024.854102
-47.2,500,1024.979042
-47.3,500,1025.103859
-47.2,500,1025.229127
-46.8,500,1025.353592
-46.5,500,1025.478167
-47.5,500,1025.604903
-47.2,500,1025.730057
-47.3,500,1025.855078
-46.9,500,1025.979729
-47.2,500,1026.104396
-46.7,500,1026.23016
-48.6,500,1026.354677
-47.8,500,1026.479309
-47.2,500,1026.604066
-46.8,500,1026.729276
-46.8,500,1026.854112
-47.5,500,1026.979097
-46.6,500,1027.104799
-47.3,500,1027.229784
-47.0,500,1027.355157
-47.4,500,1027.479861
-46.7,500,1027.604603
-47.0,500,1027.729033
-46.8,500,1027.853166
-47.3,500,1027.978099
-46.8,500,1028.103265
-46.8,500,1028.227174
-47.7,500,1028.351903
-47.0,500,1028.476522
-46.7,500,1028.600608
-46.9,500,1028.726171
-47.1,500,1028.851702
-47.4,500,1028.97655
-47.1,500,1029.101302
-47.0,500,1029.226356
-47.4,500,1029.351118
-46.8,500,1029.476813
-47.3,500,1029.601914
-46.5,500,1029.727252
-46.6,500,1029.851982
-47.6,500,1029.977049
-46.9,500,1030.102031
-47.0,500,1030.227302
-47.3,500,1030.352565
-46.9,500,1030.477205
-46.8,500,1030.60347
-46.6,500,1030.728765
-47.7,500,1030.854057
-47.1,500,1030.979907
-47.1,500,1031.104479
-47.0,500,1031.229557
-47.1,500,1031.354609
-46.6,500,1031.479663
-46.6,500,1031.604685
-47.2,500,1031.729337
-46.9,500,1031.854072
-47.0,500,1031.978913
-47.2,500,1032.104703
-46.8,500,1032.229638
-46.9,500,1032.354491
-47.3,500,1032.479344
-46.5,500,1032.605195
-47.4,500,1032.730988
-46.8,500,1032.855544
-46.5,500,1032.980514
-46.7,500,1033.105578
-46.6,500,1033.230359
-46.7,500,1033.355599
-46.5,500,1033.480708
-46.5,500,1033.60584
-47.2,500,1033.730995
-47.4,500,1033.855724
-46.9,500,1033.981181
-47.6,500,1034.105724
-47.4,500,1034.23135
-46.6,500,1034.356512
-47.7,500,1034.481081
-46.9,500,1034.606225
-47.7,500,1034.730926
-47.5,500,1034.895642
-47.3,500,1035.020118
-46.7,500,1035.145004
-47.8,500,1035.269643
-46.8,500,1035.394101
-46.8,500,1035.519207
-47.0,500,1035.646595
-47.6,500,1035.771527
-46.9,500,1035.896985
-46.7,500,1036.02179
-47.2,500,1036.146665
-47.3,500,1036.271396
-46.6,500,1036.396664
-47.3,500,1036.522577
-47.0,500,1036.647744
-47.3,500,1036.772453
-46.8,500,1036.897278
-47.7,500,1037.021964
-47.6,500,1037.147803
-46.9,500,1037.273709
-47.2,500,1037.398835
-46.9,500,1037.523457
-47.4,500,1037.648248
-46.6,500,1037.773247
-47.5,500,1037.898441
-47.4,500,1038.023863
-47.8,500,1038.14874
-46.9,500,1038.279859
-46.8,500,1038.424582
-46.9,500,1038.564929
-46.7,500,1038.705272
-46.9,500,1038.839281
-47.0,500,1038.978993
-46.5,500,1039.105252
-47.5,500,1039.230769
-46.7,500,1039.355633
-46.8,500,1039.480422
-47.0,500,1039.605038
-47.4,500,1039.731193
-46.9,500,1039.856661
-47.0,500,1039.981651
-46.8,500,1040.108201
-46.8,500,1040.250267
-46.7,500,1040.37659
-47.8,500,1040.501747
-46.6,500,1040.628584
-47.6,500,1040.753749
-46.8,500,1040.878482
-46.5,500,1041.00352
-47.2,500,1041.128849
-46.8,500,1041.253643
-47.1,500,1041.378135
-47.3,500,1041.502763
-46.8,500,1041.627422
-47.7,500,1041.752515
-46.8,500,1041.877564
-46.6,500,1042.002907
-46.9,500,1042.128774
-48.1,500,1042.25413
-46.5,500,1042.379331
-47.0,500,1042.503648
-47.0,500,1042.628653
-47.5,500,1042.754212
-47.4,500,1042.879473
-47.0,500,1043.004312
-46.7,500,1043.129149
-46.7,500,1043.254186
-47.2,500,1043.378921
-47.1,500,1043.504487
-46.9,500,1043.629719
-47.3,500,1043.754896
-47.2,500,1043.879643
-47.7,500,1044.004719
-47.0,500,1044.129583
-47.3,500,1044.255303
-46.9,500,1044.380771
-46.9,500,1044.505309
-47.3,500,1044.630431
-47.4,500,1044.755594
-47.0,500,1044.880637
-47.9,500,1045.005373
-46.5,500,1045.131258
-46.6,500,1045.256847
-46.5,500,1045.381527
-48.1,500,1045.506065
-47.5,500,1045.632828
-48.0,500,1045.757965
-46.9,500,1045.883844
-47.0,500,1046.009696
-47.4,500,1046.13485
-46.8,500,1046.259344
-46.9,500,1046.384394
-46.6,500,1046.508762
-46.8,500,1046.634294
-46.6,500,1046.759912
-48.0,500,1046.885349
-47.8,500,1047.010273
-46.7,500,1047.135565
-46.9,500,1047.260499
-46.5,500,1047.385783
-46.8,500,1047.510882
-47.1,500,1047.635723
-46.7,500,1047.760605
-46.8,500,1047.885495
-46.8,500,1048.010308
-46.9,500,1048.13497
-46.6,500,1048.260237
-46.8,500,1048.385409
-47.3,500,1048.510179
-47.4,500,1048.634493
-46.9,500,1048.759058
-46.8,500,1048.883659
-46.6,500,1049.008533
-46.8,500,1049.168802
-47.3,500,1049.293473
-47.0,500,1049.417994
-46.8,500,1049.542415
-47.7,500,1049.667645
-46.7,500,1049.79249
-47.5,500,1049.916692
-47.5,500,1050.041154
-47.2,500,1050.165604
-46.8,500,1050.290137
-47.8,500,1050.415004
-47.7,500,1050.540745
-47.0,500,1050.667739
-46.6,500,1050.792619
-47.2,500,1050.917377
-48.0,500,1051.042523
-46.9,500,1051.166866
-47.0,500,1051.291945
-47.2,500,1051.416461
-47.0,500,1051.541058
-46.6,500,1051.665483
-47.0,500,1051.789941
-48.1,500,1051.914107
-47.8,500,1052.03906
-47.3,500,1052.16368
-47.5,500,1052.28864
-47.8,500,1052.413273
-47.3,500,1052.537703
-46.9,500,1052.662017
-46.7,500,1052.786723
-48.2,500,1052.911817
-46.6,500,1053.036594
-47.2,500,1053.161403
-46.9,500,1053.286218
-46.7,500,1053.410819
-47.4,500,1053.535896
-46.9,500,1053.661067
-46.5,500,1053.785517
-46.6,500,1053.910217
-47.5,500,1054.035017
-46.9,500,1054.159696
-47.2,500,1054.284271
-47.1,500,1054.409029
-46.9,500,1054.534368
-47.2,500,1054.65962
-46.8,500,1054.784709
-47.6,500,1054.909268
-46.9,500,1055.034277
-48.3,500,1055.159416
-47.0,500,1055.284946
-46.6,500,1055.410476
-46.6,500,1055.535349
-47.4,500,1055.662526
-47.0,500,1055.787761
-47.9,500,1055.912339
-47.0,500,1056.037889
-47.0,500,1056.163776
-47.0,500,1056.28887
-47.3,500,1056.413973
-47.8,500,1056.538823
-46.9,500,1056.663909
-47.4,500,1056.788421
-46.8,500,1056.913178
-46.6,500,1057.037901
-47.9,500,1057.162718
-47.2,500,1057.288125
-46.8,500,1057.412667
-46.7,500,1057.53809
-46.7,500,1057.66394
-47.3,500,1057.7887
-47.1,500,1057.91385
-46.7,500,1058.038244
-46.9,500,1058.162593
-47.5,500,1058.287522
-47.6,500,1058.413063
-46.7,500,1058.53815
-47.3,500,1058.662817
-46.9,500,1058.787765
-46.7,500,1058.91245
-46.7,500,1059.037306
-46.8,500,1059.162294
-47.1,500,1059.287933
-47.1,500,1059.412542
-47.8,500,1059.537063
-47.2,500,1059.661902
-47.0,500,1059.786704
-46.7,500,1059.911874
-46.7,500,1060.036669
-47.7,500,1060.161304
-46.8,500,1060.286435
-46.9,500,1060.411181
-46.6,500,1060.535814
-47.1,500,1060.662894
-47.2,500,1060.788104
-46.7,500,1060.912656
-47.2,500,1061.03761
-47.5,500,1061.162287
-47.2,500,1061.286772
-46.6,500,1061.41197
-47.4,500,1061.537485
-47.3,500,1061.662072
-46.8,500,1061.786722
-46.9,500,1061.911724
-47.5,500,1062.036502
-48.3,500,1062.161243
-47.4,500,1062.287196
-47.0,500,1062.413888
-46.5,500,1062.538362
-47.4,500,1062.663208
-46.8,500,1062.788366
-46.9,500,1062.913431
-47.5,500,1063.038026
-46.9,500,1063.162982
-47.3,500,1063.287555
-46.9,500,1063.412323
-47.0,500,1063.53753
-47.2,500,1063.662406
-48.5,500,1063.787025
-46.9,500,1063.912242
-47.3,500,1064.082392
-47.7,500,1064.207263
-47.0,500,1064.332576
-46.6,500,1064.457328
-46.9,500,1064.582481
-47.8,500,1064.707518
-47.1,500,1064.832882
-47.5,500,1064.957783
-46.9,500,1065.082854
-48.2,500,1065.207275
-46.9,500,1065.332781
-46.5,500,1065.458527
-46.6,500,1065.583358
-46.6,500,1065.710532
-46.5,500,1065.835638
-46.9,500,1065.9603
-47.1,500,1066.085109
-47.8,500,1066.210173
-46.9,500,1066.33492
-47.3,500,1066.459408
-46.5,500,1066.583954
-46.5,500,1066.708849
-47.3,500,1066.833519
-46.9,500,1066.957986
-47.0,500,1067.083211
-46.8,500,1067.208167
-46.9,500,1067.33355
-47.2,500,1067.45819
-47.5,500,1067.583258
-46.7,500,1067.707912
-46.9,500,1067.833016
-47.1,500,1067.95751
-47.1,500,1068.082296
-46.9,500,1068.207264
-46.9,500,1068.331993
-47.4,500,1068.459835
-47.1,500,1068.585057
-47.7,500,1068.70955
-47.6,500,1068.834044
-46.9,500,1068.958503
-46.7,500,1069.085746
-46.9,500,1069.210869
-46.8,500,1069.336129
-46.6,500,1069.460576
-47.2,500,1069.584637
-47.3,500,1069.70893
-48.2,500,1069.833849
-46.9,500,1069.958336
-46.8,500,1070.083016
-46.6,500,1070.208025
-46.7,500,1070.333251
-46.7,500,1070.457961
-47.2,500,1070.58309
-46.8,500,1070.70936
-47.0,500,1070.834041
-47.8,500,1070.960232
-46.8,500,1071.085689
-47.3,500,1071.21064
-47.4,500,1071.335805
-47.0,500,1071.460486
-46.8,500,1071.585226
-46.9,500,1071.711111
-47.1,500,1071.836634
-47.4,500,1071.961266
-46.7,500,1072.086241
-46.5,500,1072.211393
-46.9,500,1072.336659
-47.3,500,1072.461605
-46.8,500,1072.586115
-46.8,500,1072.711104
-46.7,500,1072.836316
-46.8,500,1072.961365
-47.5,500,1073.086077
-47.1,500,1073.211502
-47.3,500,1073.340604
-46.7,500,1073.465866
-46.7,500,1073.591004
-46.8,500,1073.716004
-46.7,500,1073.840536
-47.2,500,1073.964768
-47.6,500,1074.090117
-46.9,500,1074.214907
-46.9,500,1074.339485
-47.3,500,1074.463811
-46.6,500,1074.588185
-47.8,500,1074.712637
-47.0,500,1074.838379
-46.7,500,1074.963287
-47.0,500,1075.088164
-46.6,500,1075.212786
-47.1,500,1075.337516
-46.8,500,1075.462125
-46.7,500,1075.586401
-47.7,500,1075.714132
-47.0,500,1075.83885
-47.0,500,1075.964178
-47.8,500,1076.089301
-47.7,500,1076.214249
-46.8,500,1076.338557
-46.7,500,1076.46384
-46.8,500,1076.589049
-47.2,500,1076.713911
-47.4,500,1076.838736
-46.8,500,1076.963501
-46.9,500,1077.088662
-47.1,500,1077.213987
-46.5,500,1077.339386
-47.2,500,1077.465365
-47.0,500,1077.589972
-47.0,500,1077.714852
-47.1,500,1077.839728
-47.1,500,1077.964832
-47.0,500,1078.090348
-46.6,500,1078.21513
-46.5,500,1078.373068
-47.3,500,1078.502896
-47.7,500,1078.627913
-47.8,500,1078.753052
-47.2,500,1078.878046
-47.0,500,1079.00273
-46.8,500,1079.127635
-47.3,500,1079.252314
-47.0,500,1079.376848
-46.9,500,1079.501983
-46.7,500,1079.626943
-47.4,500,1079.751617
-47.8,500,1079.876751
-47.4,500,1080.001603
-46.5,500,1080.126228
-46.9,500,1080.251627
-46.7,500,1080.377022
-46.8,500,1080.501749
-47.1,500,1080.627176
-47.1,500,1080.753076
-46.7,500,1080.878063
-47.3,500,1081.003014
-47.0,500,1081.128051
-47.6,500,1081.252375
-46.8,500,1081.376588
-47.1,500,1081.501243
-47.5,500,1081.62622
-47.6,500,1081.750602
-47.0,500,1081.876104
-46.6,500,1082.002235
-47.4,500,1082.127264
-47.1,500,1082.252152
-47.0,500,1082.377386
-46.6,500,1082.50192
-46.6,500,1082.626886
-46.8,500,1082.752454
-47.0,500,1082.877798
-46.9,500,1083.002537
-47.1,500,1083.127301
-47.6,500,1083.252378
-46.9,500,1083.376992
-46.9,500,1083.502488
-48.0,500,1083.628525
-47.1,500,1083.753299
-47.0,500,1083.878152
-46.7,500,1084.003181
-46.9,500,1084.127676
-46.7,500,1084.252381
-47.8,500,1084.378103
-46.8,500,1084.502876
-47.0,500,1084.627824
-46.8,500,1084.752795
-47.0,500,1084.878027
-47.0,500,1085.002679
-46.9,500,1085.12811
-46.8,500,1085.253565
-46.7,500,1085.37834
-47.0,500,1085.5026
-46.8,500,1085.628547
-46.6,500,1085.754505
-47.2,500,1085.879958
-47.1,500,1086.005835
-46.9,500,1086.130617
-47.1,500,1086.255642
-46.7,500,1086.380408
-46.7,500,1086.505292
-46.8,500,1086.630164
-46.8,500,1086.755564
-47.0,500,1086.880298
-47.2,500,1087.005443
-47.0,500,1087.130479
-47.1,500,1087.255302
-47.9,500,1087.380804
-46.9,500,1087.505436
-47.2,500,1087.630961
-46.6,500,1087.755555
-46.6,500,1087.88072
-46.9,500,1088.005501
-46.6,500,1088.130409
-47.1,500,1088.255242
-47.4,500,1088.379804
-46.7,500,1088.504709
-47.0,500,1088.630173
-46.9,500,1088.754928
-46.9,500,1088.87974
-47.1,500,1089.004693
-46.5,500,1089.129634
-47.2,500,1089.259596
-47.5,500,1089.403129
-46.9,500,1089.541418
-46.7,500,1089.677465
-46.9,500,1089.819139
-47.5,500,1089.95909
-46.9,500,1090.084955
-47.0,500,1090.210167
-46.8,500,1090.335259
-47.3,500,1090.460593
-47.0,500,1090.586504
-47.8,500,1090.712729
-46.8,500,1090.837816
-46.9,500,1090.962379
-46.7,500,1091.088886
-47.4,500,1091.231088
-47.4,500,1091.356795
-46.6,500,1091.482255
-46.5,500,1091.607342
-47.1,500,1091.73239
-47.9,500,1091.857035
-48.0,500,1092.021294
-47.2,500,1092.146281
-47.4,500,1092.271524
-47.4,500,1092.395883
-46.7,500,1092.520554
-46.9,500,1092.645909
-46.9,500,1092.771166
-47.0,500,1092.896084
-46.6,500,1093.020657
-47.0,500,1093.145563
-47.0,500,1093.269739
-46.8,500,1093.39499
-47.5,500,1093.519843
-47.1,500,1093.645012
-47.2,500,1093.770246
-46.8,500,1093.895115
-46.6,500,1094.019932
-46.5,500,1094.144326
-47.4,500,1094.269393
-47.4,500,1094.394223
-47.2,500,1094.518821
-47.1,500,1094.643749
-47.1,500,1094.768889
-46.7,500,1094.893282
-47.0,500,1095.018936
-47.1,500,1095.14399
-46.7,500,1095.268693
-46.7,500,1095.393223
-47.4,500,1095.518231
-47.0,500,1095.643906
-48.0,500,1095.770703
-46.6,500,1095.896222
-47.7,500,1096.021084
-46.9,500,1096.146269
-46.7,500,1096.271636
-47.1,500,1096.396554
-47.0,500,1096.521446
-46.8,500,1096.646385
-46.6,500,1096.770452
-46.9,500,1096.894973
-46.7,500,1097.019614
-47.0,500,1097.144305
-47.1,500,1097.269524
-47.0,500,1097.394979
-47.4,500,1097.520914
-46.6,500,1097.6456
-46.6,500,1097.770705
-46.6,500,1097.89543
-46.8,500,1098.020252
-46.8,500,1098.145481
-47.2,500,1098.271365
-47.2,500,1098.396209
-46.7,500,1098.52108
-46.8,500,1098.64596
-47.0,500,1098.771494
-47.0,500,1098.896629
-47.5,500,1099.021084
-47.2,500,1099.146166
-46.6,500,1099.274394
-47.3,500,1099.400362
-46.7,500,1099.525263
-47.3,500,1099.649789
-47.3,500,1099.774744
-47.3,500,1099.89955
-47.1,500,1100.024812
-47.5,500,1100.149817
-47.9,500,1100.274577
-47.0,500,1100.39919
-47.1,500,1100.524302
-47.0,500,1100.649832
-47.9,500,1100.775892
-47.5,500,1100.900834
-47.4,500,1101.025406
-47.5,500,1101.150105
-46.8,500,1101.275541
-46.9,500,1101.400751
-47.0,500,1101.52657
-47.6,500,1101.652551
-48.1,500,1101.777772
-46.8,500,1101.902601
-47.2,500,1102.027444
-46.6,500,1102.153167
-47.3,500,1102.278114
-46.9,500,1102.403054
-48.3,500,1102.528152
-47.3,500,1102.65302
-47.3,500,1102.777534
-47.1,500,1102.902212
-46.8,500,1103.027943
-47.1,500,1103.152938
-46.8,500,1103.277137
-46.5,500,1103.401755
-46.6,500,1103.526156
-47.0,500,1103.65094
-46.7,500,1103.776587
-46.8,500,1103.902348
-46.8,500,1104.027149
-47.1,500,1104.152104
-47.2,500,1104.276919
-48.0,500,1104.401678
-46.8,500,1104.526224
-47.0,500,1104.651337
-46.8,500,1104.776076
-47.2,500,1104.901272
-47.1,500,1105.026813
-46.9,500,1105.151865
-46.5,500,1105.276775
-47.7,500,1105.401752
-47.0,500,1105.526952
-46.6,500,1105.692369
-47.1,500,1105.816979
-46.8,500,1105.941818
-47.1,500,1106.067372
-46.9,500,1106.193008
-47.0,500,1106.318454
-47.4,500,1106.443575
-46.8,500,1106.568462
-46.8,500,1106.692993
-47.5,500,1106.817802
-46.7,500,1106.942551
-47.0,500,1107.067525
-46.7,500,1107.192194
-46.6,500,1107.316617
-47.5,500,1107.441304
-47.1,500,1107.566679
-46.9,500,1107.691424
-47.1,500,1107.816055
-47.0,500,1107.940623
-47.3,500,1108.065611
-46.5,500,1108.1906
-47.1,500,1108.315441
-47.1,500,1108.440908
-47.6,500,1108.565139
-47.2,500,1108.690063
-47.0,500,1108.814898
-46.8,500,1108.939825
-47.3,500,1109.06505
-47.5,500,1109.189917
-46.6,500,1109.314671
-46.9,500,1109.439835
-47.2,500,1109.564715
-47.2,500,1109.689769
-46.9,500,1109.814556
-46.9,500,1109.939394
-47.2,500,1110.065291
-46.8,500,1110.190426
-46.8,500,1110.31525
-46.9,500,1110.440054
-46.6,500,1110.564924
-47.5,500,1110.692108
-46.6,500,1110.81761
-47.0,500,1110.943194
-46.9,500,1111.068431
-46.8,500,1111.19324
-46.6,500,1111.318363
-47.7,500,1111.442804
-46.7,500,1111.567372
-46.9,500,1111.69264
-46.9,500,1111.817337
-47.4,500,1111.941831
-46.5,500,1112.066767
-47.2,500,1112.191887
-46.9,500,1112.316886
-46.7,500,1112.442222
-47.2,500,1112.566756
-46.6,500,1112.691114
-46.8,500,1112.816096
-47.1,500,1112.940644
-46.6,500,1113.065581
-46.8,500,1113.190275
-48.1,500,1113.315745
-48.0,500,1113.440712
-46.9,500,1113.565342
-47.1,500,1113.689977
-47.0,500,1113.814871
-47.1,500,1113.939537
-47.0,500,1114.065221
-46.7,500,1114.190485
-47.0,500,1114.315925
-47.0,500,1114.440913
-47.0,500,1114.565625
-46.5,500,1114.690743
-47.0,500,1114.815447
-46.6,500,1114.940407
-46.9,500,1115.065549
-47.5,500,1115.190726
-47.4,500,1115.332016
-47.6,500,1115.456474
-47.0,500,1115.581918
-47.1,500,1115.708928
-47.2,500,1115.834464
-46.8,500,1115.959359
-48.0,500,1116.084166
-46.6,500,1116.209036
-46.6,500,1116.334195
-46.5,500,1116.45879
-47.3,500,1116.583439
-46.7,500,1116.70815
-47.3,500,1116.833005
-47.0,500,1116.957341
-47.1,500,1117.082541
-46.5,500,1117.207529
-46.7,500,1117.332647
-46.7,500,1117.457577
-46.6,500,1117.582908
-46.5,500,1117.70833
-48.6,500,1117.832301
-46.7,500,1117.956977
-46.9,500,1118.081994
-47.7,500,1118.207015
-46.8,500,1118.332127
-47.0,500,1118.457163
-48.1,500,1118.582762
-47.1,500,1118.708655
-47.3,500,1118.833771
-48.0,500,1118.958275
-46.9,500,1119.083199
-47.5,500,1119.207737
-47.3,500,1119.370067
-47.3,500,1119.497684
-46.7,500,1119.62278
-47.1,500,1119.748215
-47.0,500,1119.873392
-46.7,500,1119.998287
-47.4,500,1120.126295
-46.6,500,1120.251015
-46.7,500,1120.376061
-46.9,500,1120.499924
-46.7,500,1120.624728
-47.2,500,1120.751558
-47.1,500,1120.876588
-47.6,500,1121.001991
-46.8,500,1121.127135
-46.8,500,1121.252
-46.7,500,1121.377519
-46.8,500,1121.503251
-46.5,500,1121.628409
-48.1,500,1121.753151
-46.7,500,1121.877827
-46.5,500,1122.002179
-47.4,500,1122.126707
-46.7,500,1122.252363
-47.1,500,1122.377376
-46.7,500,1122.50227
-46.7,500,1122.627588
-46.8,500,1122.752446
-47.0,500,1122.877244
-47.2,500,1123.003047
-47.3,500,1123.128188
-47.5,500,1123.253167
-47.9,500,1123.3781
-47.2,500,1123.502883
-47.3,500,1123.627382
-46.8,500,1123.752349
-46.8,500,1123.87795
-47.4,500,1124.002684
-46.7,500,1124.127504
-46.9,500,1124.252868
-46.8,500,1124.37765
-46.8,500,1124.501959
-46.9,500,1124.627265
-46.7,500,1124.753006
-47.1,500,1124.877958
-46.8,500,1125.002923
-46.6,500,1125.128265
-46.5,500,1125.253183
-46.9,500,1125.378306
-47.0,500,1125.502686
-46.7,500,1125.627348
-46.9,500,1125.754145
-47.8,500,1125.879288
-47.0,500,1126.004644
-46.9,500,1126.130297
-47.0,500,1126.255021
-47.1,500,1126.37991
-46.7,500,1126.504537
-46.9,500,1126.629945
-47.3,500,1126.754879
-46.6,500,1126.880212
-46.9,500,1127.005593
-46.8,500,1127.130874
-46.9,500,1127.256051
-46.7,500,1127.381306
-46.5,500,1127.506282
-46.6,500,1127.6313
-46.5,500,1127.75591
-47.0,500,1127.880756
-47.8,500,1128.00522
-46.9,500,1128.130498
-47.2,500,1128.25504
-47.6,500,1128.379991
-46.7,500,1128.504789
-46.8,500,1128.630029
-46.9,500,1128.755663
-46.6,500,1128.880338
-46.5,500,1129.005234
-46.9,500,1129.12989
-46.8,500,1129.254446
-46.8,500,1129.379482
-47.0,500,1129.504734
-46.6,500,1129.629666
-47.0,500,1129.75451
-49.2,500,1129.879474
-46.7,500,1130.003726
-47.0,500,1130.129268
-47.5,500,1130.254344
-47.1,500,1130.378989
-47.1,500,1130.503679
-46.9,500,1130.628523
-46.7,500,1130.754682
-48.0,500,1130.880703
-47.4,500,1131.005671
-47.2,500,1131.130845
-47.0,500,1131.255425
-47.1,500,1131.380703
-46.7,500,1131.505358
-47.1,500,1131.630429
-46.6,500,1131.756334
-47.5,500,1131.881293
-46.7,500,1132.005625
-46.8,500,1132.13027
-47.0,500,1132.254846
-47.9,500,1132.379673
-47.0,500,1132.50524
-46.8,500,1132.631134
-46.8,500,1132.756258
-47.0,500,1132.881176
-46.8,500,1133.00609
-47.7,500,1133.13137
-49.4,500,1133.256332
-47.7,500,1133.381925
-46.7,500,1133.506552
-47.0,500,1133.63166
-47.0,500,1133.757066
-46.9,500,1133.919528
-46.7,500,1134.044365
-46.7,500,1134.168684
-47.0,500,1134.293447
-47.3,500,1134.41791
-47.0,500,1134.542766
-46.9,500,1134.667657
-47.2,500,1134.792525
-47.1,500,1134.916976
-46.6,500,1135.041422
-47.1,500,1135.166248
-47.1,500,1135.291037
-47.4,500,1135.415925
-47.6,500,1135.54144
-47.4,500,1135.666745
-46.9,500,1135.79323
-46.6,500,1135.917995
-47.7,500,1136.042855
-47.3,500,1136.167646
-47.0,500,1136.29329
-46.9,500,1136.4201
-46.5,500,1136.5446
-46.8,500,1136.669494
-47.2,500,1136.794248
-47.6,500,1136.918505
-47.5,500,1137.04372
-47.2,500,1137.168075
-47.1,500,1137.293077
-47.0,500,1137.417599
-47.0,500,1137.542295
-47.6,500,1137.667484
-47.1,500,1137.792238
-47.5,500,1137.917624
-46.5,500,1138.043321
-47.1,500,1138.168525
-46.7,500,1138.293795
-46.6,500,1138.41887
-46.8,500,1138.543864
-47.4,500,1138.668995
-46.7,500,1138.794112
-46.8,500,1138.920099
-46.8,500,1139.044889
-46.7,500,1139.169769
-46.9,500,1139.294852
-46.6,500,1139.419853
-47.8,500,1139.545323
-47.0,500,1139.670687
-46.6,500,1139.795727
-47.3,500,1139.92065
-47.1,500,1140.045165
-47.0,500,1140.17027
-47.1,500,1140.303378
-46.6,500,1140.449424
-47.2,500,1140.584387
-47.1,500,1140.729903
-46.5,500,1140.868196
-47.1,500,1141.004276
-46.8,500,1141.130312
-47.2,500,1141.255667
-46.8,500,1141.381315
-46.9,500,1141.507445
-47.4,500,1141.631584
-46.7,500,1141.756472
-47.6,500,1141.881313
-46.6,500,1142.006178
-46.8,500,1142.133716
-47.2,500,1142.273662
-46.8,500,1142.399086
-47.1,500,1142.524722
-46.7,500,1142.649692
-46.6,500,1142.775469
-46.7,500,1142.900355
-46.8,500,1143.025128
-46.6,500,1143.150762
-47.0,500,1143.276549
-47.0,500,1143.402183
-47.1,500,1143.527352
-46.7,500,1143.652317
-46.9,500,1143.777271
-46.6,500,1143.903361
-46.7,500,1144.029005
-47.1,500,1144.154057
-46.7,500,1144.279057
-47.5,500,1144.403811
-46.5,500,1144.529045
-47.0,500,1144.65418
-46.7,500,1144.77955
-47.3,500,1144.904372
-48.2,500,1145.028843
-47.0,500,1145.153862
-46.8,500,1145.279573
-47.2,500,1145.404717
-46.6,500,1145.529563
-46.7,500,1145.654415
-47.0,500,1145.781719
-46.7,500,1145.907217
-47.5,500,1146.031888
-47.6,500,1146.157258
-47.1,500,1146.28237
-47.2,500,1146.407199
-47.1,500,1146.532697
-47.0,500,1146.657577
-47.3,500,1146.782535
-47.3,500,1146.908202
-46.9,500,1147.033604
-46.5,500,1147.15864
-46.6,500,1147.285682
-46.9,500,1147.417209
-47.4,500,1147.542028
-47.1,500,1147.667766
-47.4,500,1147.833758
-47.7,500,1147.958653
-46.6,500,1148.083584
-46.9,500,1148.208599
-46.5,500,1148.333493
-47.7,500,1148.457935
-46.7,500,1148.58221
-46.7,500,1148.706611
-46.7,500,1148.831269
-46.6,500,1148.95565
-46.7,500,1149.081116
-47.1,500,1149.206578
-46.9,500,1149.331271
-46.6,500,1149.456018
-47.1,500,1149.581017
-47.3,500,1149.705453
-46.7,500,1149.830001
-46.9,500,1149.954966
-46.8,500,1150.079822
-47.0,500,1150.204594
-47.1,500,1150.329613
-46.7,500,1150.454488
-46.5,500,1150.579143
-46.7,500,1150.706109
-47.2,500,1150.831726
-46.9,500,1150.956946
-47.7,500,1151.08164
-46.8,500,1151.206159
-47.6,500,1151.330519
-47.5,500,1151.455507
-46.7,500,1151.580798
-47.4,500,1151.706173
-47.6,500,1151.830912
-48.0,500,1151.955414
-46.8,500,1152.079717
-46.6,500,1152.204719
-46.8,500,1152.330395
-47.2,500,1152.455488
-48.0,500,1152.580271
-46.9,500,1152.705016
-46.6,500,1152.829863
-46.9,500,1152.955177
-47.2,500,1153.080892
-46.8,500,1153.206042
-46.6,500,1153.3308
-47.1,500,1153.455622
-46.9,500,1153.580666
-46.9,500,1153.705798
-48.5,500,1153.831288
-46.5,500,1153.956219
-47.1,500,1154.082597
-46.9,500,1154.208014
-47.6,500,1154.33316
-47.3,500,1154.458088
-46.6,500,1154.582927
-46.5,500,1154.70808
-46.7,500,1154.833401
-47.1,500,1154.958004
-46.6,500,1155.082682
-47.1,500,1155.208036
-46.7,500,1155.33286
-46.8,500,1155.457322
-46.9,500,1155.582671
-47.0,500,1155.708713
-46.9,500,1155.83421
-46.9,500,1155.958813
-46.7,500,1156.082751
-47.5,500,1156.207333
-48.4,500,1156.33252
-47.5,500,1156.45744
-46.9,500,1156.583158
-46.5,500,1156.707756
-47.6,500,1156.832201
-46.9,500,1156.956592
-46.6,500,1157.081532
-46.6,500,1157.20714
-46.9,500,1157.33193
-47.4,500,1157.456431
-47.2,500,1157.581242
-46.7,500,1157.706183
-46.9,500,1157.83187
-47.1,500,1157.956844
-48.0,500,1158.081648
-47.2,500,1158.206482
-47.2,500,1158.331501
-46.9,500,1158.455775
-46.8,500,1158.581222
-46.8,500,1158.705648
-46.7,500,1158.830164
-47.3,500,1158.954661
-47.5,500,1159.079586
-47.4,500,1159.204258
-47.4,500,1159.329224
-47.1,500,1159.454371
-47.4,500,1159.578317
-46.8,500,1159.703132
-46.8,500,1159.827889
-46.6,500,1159.953056
-46.7,500,1160.077864
-46.6,500,1160.202372
-46.8,500,1160.328381
-47.1,500,1160.452853
-47.0,500,1160.577843
-47.9,500,1160.70368
-46.8,500,1160.830123
-47.3,500,1160.955291
-47.8,500,1161.080501
-46.8,500,1161.205211
-47.1,500,1161.329982
-47.1,500,1161.45488
-47.7,500,1161.579683
-47.0,500,1161.70466
-47.3,500,1161.830176
-47.7,500,1161.954713
-47.2,500,1162.079426
-47.0,500,1162.240655
-47.2,500,1162.365013
-47.3,500,1162.490408
-47.4,500,1162.615001
-46.9,500,1162.739446
-46.5,500,1162.863928
-47.0,500,1162.988264
-47.0,500,1163.113042
-46.7,500,1163.237442
-46.7,500,1163.362907
-46.8,500,1163.487386
-46.7,500,1163.611998
-47.7,500,1163.736513
-47.9,500,1163.861419
-46.8,500,1163.98569
-47.0,500,1164.111111
-47.1,500,1164.235493
-47.0,500,1164.360673
-46.7,500,1164.485621
-46.8,500,1164.61033
-47.0,500,1164.734829
-46.9,500,1164.859573
-48.6,500,1164.984874
-47.1,500,1165.109202
-47.2,500,1165.234379
-47.5,500,1165.359863
-46.9,500,1165.484533
-46.9,500,1165.608832
-46.6,500,1165.735653
-46.9,500,1165.861007
-46.7,500,1165.985885
-48.1,500,1166.110345
-46.9,500,1166.235154
-46.9,500,1166.359858
-46.7,500,1166.484521
-46.8,500,1166.610211
-46.7,500,1166.735036
-47.1,500,1166.859921
-47.7,500,1166.98444
-46.8,500,1167.109665
-46.8,500,1167.234787
-46.7,500,1167.359625
-47.3,500,1167.484999
-46.9,500,1167.609879
-47.0,500,1167.73455
-46.8,500,1167.859607
-47.4,500,1167.984123
-46.8,500,1168.109162
-46.9,500,1168.234599
-47.5,500,1168.358997
-46.6,500,1168.484097
-46.7,500,1168.608935
-46.7,500,1168.734051
-47.0,500,1168.859183
-46.8,500,1168.983818
-46.7,500,1169.109042
-47.1,500,1169.233555
-47.4,500,1169.357757
-47.4,500,1169.482545
-46.5,500,1169.607451
-47.1,500,1169.732326
-46.5,500,1169.856784
-47.4,500,1169.982176
-47.0,500,1170.107081
-47.0,500,1170.231936
-46.7,500,1170.357162
-47.0,500,1170.485256
-46.5,500,1170.609983
-47.5,500,1170.73686
-46.7,500,1170.862615
-46.9,500,1170.989148
-47.2,500,1171.118026
-46.5,500,1171.243031
-47.3,500,1171.368251
-46.7,500,1171.493593
-47.3,500,1171.618839
-46.7,500,1171.743427
-47.3,500,1171.868134
-46.5,500,1171.992604
-47.3,500,1172.134913
-46.7,500,1172.260016
-46.7,500,1172.384978
-46.6,500,1172.509783
-47.5,500,1172.634837
-47.0,500,1172.759686
-46.8,500,1172.887813
-46.9,500,1173.012994
-47.3,500,1173.137681
-48.2,500,1173.262464
-47.4,500,1173.387136
-46.7,500,1173.513076
-47.4,500,1173.637491
-47.4,500,1173.77963
-46.9,500,1173.904914
-47.2,500,1174.029614
-46.9,500,1174.153799
-47.1,500,1174.278927
-47.3,500,1174.403505
-46.6,500,1174.528996
-46.9,500,1174.653644
-46.7,500,1174.77811
-46.8,500,1174.90272
-47.5,500,1175.028301
-46.6,500,1175.153128
-47.0,500,1175.278354
-47.3,500,1175.403078
-46.7,500,1175.543392
-47.3,500,1175.724143
-47.0,500,1175.85472
-46.5,500,1175.984877
-46.6,500,1176.110706
-46.7,500,1176.235755
-46.5,500,1176.360612
-46.6,500,1176.485278
-46.8,500,1176.609649
-46.7,500,1176.779792
-47.3,500,1176.904426
-46.8,500,1177.029192
-47.0,500,1177.153825
-46.9,500,1177.27885
-46.8,500,1177.403463
-47.2,500,1177.528783
-47.4,500,1177.654845
-46.8,500,1177.779813
-47.2,500,1177.904636
-47.1,500,1178.029628
-46.7,500,1178.15404
-46.7,500,1178.279125
-47.9,500,1178.404708
-47.8,500,1178.529575
-47.4,500,1178.654022
-46.8,500,1178.778953
-47.0,500,1178.903363
-46.6,500,1179.02881
-46.9,500,1179.153574
-46.7,500,1179.278611
-47.4,500,1179.403398
-46.9,500,1179.528502
-46.9,500,1179.653407
-46.9,500,1179.778736
-47.1,500,1179.903004
-46.6,500,1180.027928
-46.5,500,1180.15263
-49.0,500,1180.277108
-47.0,500,1180.4018
-47.1,500,1180.527142
-47.2,500,1180.652252
-46.5,500,1180.779849
-47.2,500,1180.905219
-46.5,500,1181.030504
-47.4,500,1181.155649
-46.6,500,1181.280749
-46.9,500,1181.406115
-47.5,500,1181.53042
-46.5,500,1181.654906
-47.3,500,1181.782636
-46.5,500,1181.908338
-46.8,500,1182.033806
-46.8,500,1182.159912
-46.9,500,1182.284769
-47.0,500,1182.410048
-47.5,500,1182.534268
-47.7,500,1182.659551
-46.6,500,1182.784628
-47.2,500,1182.909572
-47.5,500,1183.03515
-46.8,500,1183.160085
-47.0,500,1183.285232
-46.7,500,1183.409776
-47.3,500,1183.534485
-47.1,500,1183.658922
-46.9,500,1183.799137
-46.6,500,1183.923889
-46.8,500,1184.048816
-46.9,500,1184.173806
-47.7,500,1184.29881
-47.4,500,1184.436964
-47.0,500,1184.562165
-47.6,500,1184.686901
-47.7,500,1184.811621
-46.9,500,1184.93641
-47.3,500,1185.061556
-47.1,500,1185.187191
-47.1,500,1185.311843
-46.8,500,1185.436689
-46.8,500,1185.562198
-47.0,500,1185.686981
-47.6,500,1185.814078
-46.9,500,1185.938825
-47.2,500,1186.064108
-47.0,500,1186.188988
-46.7,500,1186.313712
-47.5,500,1186.438196
-47.6,500,1186.562777
-46.9,500,1186.687102
-47.2,500,1186.812282
-46.5,500,1186.936804
-47.7,500,1187.061579
-48.1,500,1187.186478
-47.6,500,1187.311118
-46.5,500,1187.435904
-48.0,500,1187.560464
-47.2,500,1187.685903
-46.9,500,1187.810752
-46.9,500,1187.935844
-47.4,500,1188.060689
-46.6,500,1188.185637
-46.7,500,1188.310316
-46.7,500,1188.435907
-46.9,500,1188.560862
-46.8,500,1188.685795
-47.1,500,1188.810776
-46.9,500,1188.935857
-47.5,500,1189.060659
-46.9,500,1189.184889
-46.9,500,1189.31118
-47.2,500,1189.43573
-47.4,500,1189.560663
-47.6,500,1189.685532
-46.7,500,1189.810618
-47.0,500,1189.936048
-47.1,500,1190.061464
-47.3,500,1190.186144
-47.0,500,1190.311372
-46.7,500,1190.436051
-46.9,500,1190.605437
-48.1,500,1190.731968
-48.2,500,1190.857958
-46.7,500,1190.98282
-47.0,500,1191.107045
-46.9,500,1191.231872
-47.6,500,1191.357398
-46.8,500,1191.482141
-46.8,500,1191.606514
-47.2,500,1191.731207
-46.7,500,1191.856739
-46.8,500,1191.981192
-47.2,500,1192.107563
-47.0,500,1192.233227
-46.8,500,1192.358639
-46.5,500,1192.483521
-46.5,500,1192.608231
-47.1,500,1192.733141
-46.9,500,1192.857891
-47.5,500,1192.982442
-47.0,500,1193.108187
-47.0,500,1193.232935
-46.9,500,1193.360353
-47.1,500,1193.485774
-46.7,500,1193.610889
-47.0,500,1193.735683
-46.7,500,1193.860488
-47.5,500,1193.985815
-46.8,500,1194.110278
-47.4,500,1194.23528
-46.8,500,1194.360198
-46.8,500,1194.485006
-47.8,500,1194.609975
-46.9,500,1194.734899
-47.5,500,1194.859942
-46.8,500,1194.985472
-47.2,500,1195.110398
-46.6,500,1195.235158
-46.5,500,1195.360152
-47.6,500,1195.484433
-47.0,500,1195.60907
-47.3,500,1195.734868
-46.6,500,1195.861301
-46.8,500,1195.98627
-47.4,500,1196.111221
-46.7,500,1196.236315
-46.8,500,1196.36146
-46.6,500,1196.486145
-46.9,500,1196.611238
-47.0,500,1196.735974
-46.7,500,1196.86075
-47.0,500,1196.985733
-47.3,500,1197.110884
-47.0,500,1197.235748
-48.3,500,1197.361388
-46.6,500,1197.487445
-46.9,500,1197.612568
-46.6,500,1197.737376
-48.4,500,1197.862695
-46.8,500,1197.987455
-46.7,500,1198.113157
-48.5,500,1198.238112
-47.3,500,1198.363752
-47.1,500,1198.48876
-47.4,500,1198.613787
-47.7,500,1198.738687
-47.7,500,1198.863256
-46.6,500,1198.990785
-47.2,500,1199.116613
-46.6,500,1199.241644
-46.8,500,1199.367543
-47.0,500,1199.492858
-47.0,500,1199.617679
-47.6,500,1199.742066
-46.9,500,1199.867347
-47.8,500,1199.991976
-47.3,500,1200.11699
-47.1,500,1200.24198
-46.7,500,1200.366998
-46.8,500,1200.491854
-47.0,500,1200.616956
-46.7,500,1200.743647
-46.9,500,1200.870217
-46.6,500,1200.995464
-46.5,500,1201.120284
-46.5,500,1201.245176
-47.0,500,1201.370018
-47.8,500,1201.495596
-47.2,500,1201.620308
-46.7,500,1201.745093
-48.1,500,1201.870791
-47.0,500,1201.995696
-47.0,500,1202.12124
-46.7,500,1202.246037
-47.5,500,1202.371977
-46.7,500,1202.496593
-46.7,500,1202.621249
-47.3,500,1202.745655
-46.7,500,1202.870177
-48.2,500,1202.995374
-47.0,500,1203.121459
-47.3,500,1203.246543
-47.3,500,1203.371379
-47.9,500,1203.496179
-46.7,500,1203.620588
-46.7,500,1203.745545
-48.0,500,1203.8702
-47.2,500,1203.995129
-47.5,500,1204.119753
-47.0,500,1204.244604
-46.9,500,1204.369819
-47.2,500,1204.494461
-46.9,500,1204.618487
-47.8,500,1204.743797
-47.5,500,1204.868467
-47.0,500,1204.993462
-47.0,500,1205.118093
-46.5,500,1205.287664
-47.2,500,1205.412861
-46.8,500,1205.53784
-46.7,500,1205.662754
-46.9,500,1205.789356
-46.7,500,1205.914419
-47.2,500,1206.038839
-46.8,500,1206.163944
-48.1,500,1206.28871
-47.0,500,1206.413412
-46.7,500,1206.538258
-47.0,500,1206.663284
-47.6,500,1206.787885
-47.1,500,1206.913046
-47.2,500,1207.038574
-47.1,500,1207.163459
-47.1,500,1207.288269
-47.2,500,1207.413285
-46.6,500,1207.537848
-46.5,500,1207.66279
-47.0,500,1207.787543
-46.9,500,1207.912984
-46.8,500,1208.037781
-47.8,500,1208.1631
-47.2,500,1208.287468
-46.8,500,1208.41233
-47.1,500,1208.537084
-47.0,500,1208.662935
-47.5,500,1208.788173
-47.4,500,1208.912842
-46.7,500,1209.037911
-46.8,500,1209.162857
-46.7,500,1209.287822
-49.5,500,1209.412804
-46.5,500,1209.538164
-47.0,500,1209.663208
-46.5,500,1209.788097
-47.0,500,1209.913032
-47.9,500,1210.037748
-47.7,500,1210.162041
-47.0,500,1210.28663
-47.4,500,1210.411584
-47.4,500,1210.536707
-47.3,500,1210.661723
-47.1,500,1210.78768
-46.9,500,1210.91302
-46.7,500,1211.038225
-46.8,500,1211.163972
-46.9,500,1211.289151
-47.4,500,1211.41432
-46.8,500,1211.538985
-47.2,500,1211.663839
-47.2,500,1211.788568
-47.8,500,1211.915422
-46.9,500,1212.041778
-46.9,500,1212.16695
-47.0,500,1212.292038
-47.2,500,1212.416595
-47.3,500,1212.541289
-47.0,500,1212.666634
-46.6,500,1212.791886
-46.5,500,1212.916935
-47.4,500,1213.041507
-46.9,500,1213.166494
-47.2,500,1213.2913
-46.8,500,1213.416732
-46.6,500,1213.542585
-47.7,500,1213.667748
-46.7,500,1213.792921
-47.1,500,1213.917877
-46.7,500,1214.043431
-47.4,500,1214.16904
-47.2,500,1214.293704
-47.0,500,1214.419522
-47.1,500,1214.543957
-47.0,500,1214.669115
-46.6,500,1214.793887
-46.7,500,1214.918916
-47.1,500,1215.043739
-47.1,500,1215.168866
-46.7,500,1215.29362
-46.8,500,1215.418586
-47.4,500,1215.543336
-47.1,500,1215.668471
-47.6,500,1215.79529
-47.2,500,1215.920631
-47.3,500,1216.046253
-46.9,500,1216.171198
-46.9,500,1216.296312
-46.7,500,1216.421522
-46.9,500,1216.546387
-46.9,500,1216.672013
-46.7,500,1216.797235
-47.0,500,1216.922014
-46.8,500,1217.046776
-46.9,500,1217.171303
-47.2,500,1217.296002
-47.4,500,1217.420249
-47.1,500,1217.545445
-47.2,500,1217.669668
-47.8,500,1217.794101
-46.7,500,1217.918739
-46.6,500,1218.043705
-47.1,500,1218.168795
-47.0,500,1218.295571
-47.5,500,1218.420584
-46.7,500,1218.545902
-49.3,500,1218.670587
-46.5,500,1218.795329
-46.8,500,1218.920154
-47.3,500,1219.0446
-46.9,500,1219.17007
-46.7,500,1219.295025
-46.8,500,1219.420097
-47.6,500,1219.545037
-47.6,500,1219.669667
-46.8,500,1219.794463
-46.8,500,1219.919788
-47.2,500,1220.044356
-46.6,500,1220.169175
-46.8,500,1220.293797
-47.0,500,1220.418976
-46.7,500,1220.581074
-46.9,500,1220.706594
-46.9,500,1220.833658
-47.1,500,1220.958857
-47.8,500,1221.083641
-46.6,500,1221.208258
-46.9,500,1221.334142
-47.3,500,1221.45912
-46.7,500,1221.584547
-47.1,500,1221.709743
-46.8,500,1221.834644
-48.0,500,1221.959994
-47.3,500,1222.08556
-47.2,500,1222.210999
-46.5,500,1222.336084
-46.8,500,1222.461235
-47.0,500,1222.586407
-47.2,500,1222.711289
-46.7,500,1222.837036
-47.4,500,1222.963248
-47.2,500,1223.088221
-47.1,500,1223.213188
-47.7,500,1223.337748
-46.8,500,1223.462383
-47.3,500,1223.586757
-47.5,500,1223.711597
-47.3,500,1223.836409
-46.7,500,1223.961673
-46.7,500,1224.086686
-46.7,500,1224.211675
-47.4,500,1224.354828
-47.0,500,1224.49444
-47.9,500,1224.634307
-47.2,500,1224.770202
-47.2,500,1224.91623
-47.1,500,1225.042923
-46.8,500,1225.168697
-47.1,500,1225.293953
-47.6,500,1225.418684
-47.1,500,1225.544844
-46.9,500,1225.669766
-47.0,500,1225.796682
-47.3,500,1225.92195
-46.7,500,1226.047374
-46.6,500,1226.187407
-47.3,500,1226.316586
-46.9,500,1226.441885
-47.1,500,1226.566885
-46.7,500,1226.691882
-47.3,500,1226.817205
-47.0,500,1226.942019
-46.8,500,1227.067386
-47.4,500,1227.192622
-46.9,500,1227.317378
-47.3,500,1227.442201
-48.3,500,1227.566847
-46.9,500,1227.692203
-46.9,500,1227.817068
-46.6,500,1227.941986
-46.7,500,1228.067136
-47.7,500,1228.192281
-47.0,500,1228.317708
-46.5,500,1228.442302
-46.7,500,1228.567771
-46.7,500,1228.693819
-46.7,500,1228.819199
-47.2,500,1228.944303
-47.1,500,1229.068961
-47.1,500,1229.193804
-46.9,500,1229.318802
-47.4,500,1229.444512
-47.2,500,1229.569966
-46.7,500,1229.694642
-47.2,500,1229.819961
-46.7,500,1229.944613
-46.9,500,1230.070327
-47.6,500,1230.195252
-46.9,500,1230.319753
-46.7,500,1230.444531
-47.6,500,1230.569619
-46.9,500,1230.69499
-46.9,500,1230.82174
-48.2,500,1230.947522
-46.5,500,1231.071978
-46.5,500,1231.196864
-46.9,500,1231.321135
-47.3,500,1231.446074
-46.9,500,1231.570725
-47.9,500,1231.696069
-47.1,500,1231.820507
-46.8,500,1231.945335
-46.9,500,1232.070149
-46.7,500,1232.195024
-47.0,500,1232.319431
-47.0,500,1232.44405
-47.3,500,1232.569114
-47.3,500,1232.694084
-46.9,500,1232.819159
-46.9,500,1232.944216
-46.7,500,1233.069218
-46.5,500,1233.193766
-47.0,500,1233.319735
-47.3,500,1233.445815
-47.4,500,1233.570898
-48.0,500,1233.69588
-47.1,500,1233.820855
-47.5,500,1233.94579
-47.8,500,1234.070338
-46.8,500,1234.19575
-46.7,500,1234.320462
-47.2,500,1234.445149
-46.6,500,1234.606697
-46.8,500,1234.732284
-46.5,500,1234.857525
-47.6,500,1234.982162
-47.1,500,1235.106759
-46.8,500,1235.231134
-47.0,500,1235.355894
-46.5,500,1235.481119
-46.9,500,1235.606582
-46.9,500,1235.731583
-47.1,500,1235.859189
-47.0,500,1235.984399
-46.9,500,1236.109171
-46.9,500,1236.233782
-46.7,500,1236.358844
-47.8,500,1236.483619
-47.3,500,1236.608521
-47.0,500,1236.733101
-47.6,500,1236.858071
-47.4,500,1236.983036
-47.2,500,1237.108016
-47.2,500,1237.233217
-46.9,500,1237.358024
-46.7,500,1237.482689
-46.5,500,1237.607252
-46.6,500,1237.732253
-47.2,500,1237.856955
-46.8,500,1237.982076
-47.1,500,1238.106588
-47.0,500,1238.231469
-47.2,500,1238.356278
-46.7,500,1238.480966
-47.7,500,1238.605684
-47.5,500,1238.73123
-46.9,500,1238.856423
-46.8,500,1238.981702
-46.6,500,1239.106239
-46.8,500,1239.231618
-46.6,500,1239.356141
-47.4,500,1239.480704
-46.6,500,1239.605823
-46.5,500,1239.730338
-46.8,500,1239.854683
-47.2,500,1239.979334
-47.2,500,1240.103782
-46.6,500,1240.227944
-47.1,500,1240.352694
-47.0,500,1240.477616
-47.1,500,1240.602309
-46.6,500,1240.726833
-47.5,500,1240.853673
-46.5,500,1240.97866
-47.4,500,1241.103557
-46.7,500,1241.228518
-47.6,500,1241.353547
-47.1,500,1241.478214
-47.1,500,1241.6029
-46.9,500,1241.727565
-46.9,500,1241.852288
-47.2,500,1241.976931
-46.7,500,1242.102436
-47.5,500,1242.227098
-48.1,500,1242.351935
-46.9,500,1242.476506
-46.9,500,1242.601231
-46.7,500,1242.727065
-46.5,500,1242.851576
-47.8,500,1242.976116
-47.3,500,1243.10098
-46.9,500,1243.22588
-46.6,500,1243.351424
-46.7,500,1243.47718
-47.2,500,1243.602191
-47.3,500,1243.726943
-47.2,500,1243.85151
-47.1,500,1243.976308
-47.9,500,1244.101408
-46.9,500,1244.225999
-47.3,500,1244.350921
-47.5,500,1244.475704
-46.7,500,1244.600961
-46.9,500,1244.725799
-46.6,500,1244.850593
-46.7,500,1244.975177
-46.7,500,1245.10066
-47.6,500,1245.226412
-46.9,500,1245.351354
-46.7,500,1245.476188
-47.7,500,1245.601287
-47.9,500,1245.726233
-46.6,500,1245.85257
-46.9,500,1245.977333
-47.3,500,1246.102643
-47.2,500,1246.227115
-47.7,500,1246.35174
-47.7,500,1246.476592
-47.2,500,1246.601302
-47.2,500,1246.726397
-47.6,500,1246.85061
-47.0,500,1246.975136
-47.1,500,1247.100222
-47.3,500,1247.224943
-47.8,500,1247.349318
-46.9,500,1247.474717
-47.3,500,1247.599728
-46.8,500,1247.724694
-46.8,500,1247.849499
-47.0,500,1247.973952
-46.9,500,1248.098501
-46.6,500,1248.22404
-47.0,500,1248.349151
-47.0,500,1248.473803
-47.1,500,1248.598507
-47.8,500,1248.72304
-47.5,500,1248.847887
-46.9,500,1248.972639
-46.9,500,1249.09805
-47.4,500,1249.222998
-47.4,500,1249.347693
-46.9,500,1249.472504
-46.6,500,1249.597316
-47.6,500,1249.722424
-46.7,500,1249.848153
-46.8,500,1250.017418
-47.1,500,1250.142543
-47.6,500,1250.267194
-47.1,500,1250.392304
-46.9,500,1250.516957
-47.3,500,1250.641602
-46.9,500,1250.766231
-46.6,500,1250.893179
-47.6,500,1251.017904
-46.8,500,1251.142647
-46.7,500,1251.268079
-46.9,500,1251.393343
-46.7,500,1251.518232
-47.5,500,1251.643323
-47.3,500,1251.768518
-46.7,500,1251.894019
-46.7,500,1252.018453
-47.5,500,1252.143926
-46.8,500,1252.269264
-47.2,500,1252.394044
-46.8,500,1252.519113
-47.3,500,1252.643968
-46.8,500,1252.769678
-46.7,500,1252.894361
-47.1,500,1253.019501
-46.5,500,1253.144384
-47.0,500,1253.269416
-46.8,500,1253.396533
-46.5,500,1253.522522
-47.3,500,1253.647532
-46.6,500,1253.772743
-47.4,500,1253.897831
-47.0,500,1254.022918
-47.0,500,1254.147832
-47.4,500,1254.273301
-46.8,500,1254.400213
-46.9,500,1254.528707
-46.5,500,1254.654378
-47.1,500,1254.779127
-48.1,500,1254.903756
-46.9,500,1255.029421
-47.3,500,1255.154819
-47.3,500,1255.279422
-47.5,500,1255.404062
-47.9,500,1255.528523
-46.7,500,1255.652961
-47.1,500,1255.77845
-48.0,500,1255.905393
-46.7,500,1256.030468
-48.1,500,1256.155366
-46.5,500,1256.280275
-47.2,500,1256.404903
-47.0,500,1256.529405
-47.5,500,1256.654173
-46.8,500,1256.779552
-47.0,500,1256.904132
-47.5,500,1257.028646
-47.1,500,1257.153765
-47.8,500,1257.278943
-46.6,500,1257.403494
-47.1,500,1257.528425
-47.6,500,1257.652898
-47.5,500,1257.777789
-47.0,500,1257.90274
-47.8,500,1258.027323
-47.3,500,1258.152082
-47.4,500,1258.277431
-46.7,500,1258.402201
-46.8,500,1258.526997
-47.0,500,1258.651864
-47.6,500,1258.777353
-46.9,500,1258.902399
-47.3,500,1259.027046
-46.8,500,1259.152376
-47.2,500,1259.27773
-47.3,500,1259.403031
-47.5,500,1259.528208
-46.9,500,1259.653502
-46.6,500,1259.778603
-46.7,500,1259.903852
-47.0,500,1260.028752
-46.9,500,1260.153351
-46.7,500,1260.278395
-47.1,500,1260.403342
-46.7,500,1260.528152
-47.3,500,1260.652569
-47.2,500,1260.779133
-48.3,500,1260.905307
-47.0,500,1261.029629
-47.5,500,1261.154594
-46.8,500,1261.279567
-47.0,500,1261.404047
-47.9,500,1261.529921
-47.3,500,1261.655029
-47.2,500,1261.780011
-46.8,500,1261.904206
-46.8,500,1262.029422
-47.4,500,1262.154523
-47.1,500,1262.27929
-46.9,500,1262.403848
-47.1,500,1262.529081
-47.3,500,1262.653608
-47.2,500,1262.778397
-47.0,500,1262.903141
-47.8,500,1263.028214
-46.6,500,1263.153425
-46.6,500,1263.278619
-47.0,500,1263.404129
-47.0,500,1263.528958
-47.0,500,1263.653905
-47.0,500,1263.778484
-46.8,500,1263.903235
-46.6,500,1264.028308
-46.7,500,1264.15388
-47.0,500,1264.278561
-47.1,500,1264.442568
-46.9,500,1264.567036
-46.7,500,1264.692626
-47.4,500,1264.817649
-46.8,500,1264.94233
-46.7,500,1265.06704
-46.8,500,1265.191722
-46.8,500,1265.317128
-46.5,500,1265.441725
-46.7,500,1265.566772
-46.8,500,1265.691336
-47.5,500,1265.817416
-46.7,500,1265.943511
-47.3,500,1266.068266
-46.8,500,1266.194499
-46.7,500,1266.319394
-46.7,500,1266.444657
-46.7,500,1266.569453
-46.7,500,1266.694406
-47.0,500,1266.818948
-47.6,500,1266.944613
-46.9,500,1267.069178
-47.6,500,1267.194339
-47.4,500,1267.319147
-47.1,500,1267.443838
-47.1,500,1267.568262
-46.8,500,1267.693555
-48.0,500,1267.818394
-46.8,500,1267.943057
-47.2,500,1268.067831
-47.3,500,1268.192565
-46.8,500,1268.317283
-46.9,500,1268.443251
-46.8,500,1268.568533
-46.8,500,1268.693484
-47.0,500,1268.818721
-47.0,500,1268.94399
-46.8,500,1269.068566
-47.0,500,1269.194068
-48.0,500,1269.319638
-47.7,500,1269.444624
-46.6,500,1269.569277
-46.7,500,1269.694055
-46.8,500,1269.818673
-46.7,500,1269.943871
-47.6,500,1270.068613
-47.2,500,1270.193322
-46.6,500,1270.317669
-46.9,500,1270.442326
-47.0,500,1270.567243
-46.9,500,1270.692655
-46.5,500,1270.819987
-47.0,500,1270.945724
-46.7,500,1271.070792
-46.9,500,1271.195678
-48.0,500,1271.320597
-46.9,500,1271.446053
-47.3,500,1271.572111
-46.5,500,1271.696991
-47.5,500,1271.821926
-48.6,500,1271.946881
-46.8,500,1272.071631
-47.3,500,1272.198212
-46.7,500,1272.323213
-46.6,500,1272.448923
-47.1,500,1272.574002
-47.3,500,1272.699313
-46.7,500,1272.824007
-47.4,500,1272.949055
-46.7,500,1273.073941
-46.6,500,1273.198821
-46.7,500,1273.323881
-46.5,500,1273.449165
-46.5,500,1273.57373
-47.6,500,1273.699112
-46.9,500,1273.82401
-46.5,500,1273.948514
-47.2,500,1274.073309
-46.7,500,1274.198314
-47.3,500,1274.323291
-46.9,500,1274.448872
-46.5,500,1274.573942
-48.0,500,1274.6994
-48.2,500,1274.82466
-47.4,500,1274.949779
-47.2,500,1275.074402
-46.7,500,1275.199594
-46.6,500,1275.324347
-46.6,500,1275.448942
-46.9,500,1275.573815
-47.6,500,1275.698144
-47.0,500,1275.825055
-46.9,500,1275.950929
-47.1,500,1276.077242
-46.6,500,1276.20267
-46.6,500,1276.327472
-46.7,500,1276.452579
-46.6,500,1276.577148
-47.6,500,1276.702342
-46.6,500,1276.82674
-46.6,500,1276.95202
-46.6,500,1277.077189
-46.8,500,1277.202629
-47.0,500,1277.327134
-46.9,500,1277.451428
-46.9,500,1277.576438
-47.8,500,1277.701806
-47.0,500,1277.826816
-47.1,500,1277.952157
-47.8,500,1278.077075
-47.1,500,1278.240927
-46.7,500,1278.365875
-47.5,500,1278.49036
-47.4,500,1278.614664
-46.7,500,1278.739084
-46.8,500,1278.863597
-46.7,500,1278.988907
-46.8,500,1279.114575
-47.0,500,1279.239709
-46.7,500,1279.364507
-47.0,500,1279.489477
-46.9,500,1279.61473
-46.9,500,1279.740287
-47.0,500,1279.865878
-46.6,500,1279.990815
-46.8,500,1280.115798
-47.0,500,1280.241071
-47.1,500,1280.366267
-46.6,500,1280.491542
-46.9,500,1280.616905
-47.0,500,1280.741807
-46.9,500,1280.868342
-46.8,500,1280.993929
-46.9,500,1281.118832
-46.7,500,1281.250451
-48.5,500,1281.393906
-47.2,500,1281.531237
-46.8,500,1281.670366
-46.8,500,1281.805655
-46.8,500,1281.943997
-47.1,500,1282.070016
-46.6,500,1282.195374
-46.7,500,1282.320362
-47.0,500,1282.446058
-47.5,500,1282.570614
-47.3,500,1282.696025
-47.5,500,1282.821413
-47.6,500,1282.959513
-46.7,500,1283.091118
-46.8,500,1283.226321
-47.2,500,1283.352213
-48.0,500,1283.477423
-47.0,500,1283.60288
-47.6,500,1283.727687
-46.6,500,1283.851866
-47.1,500,1283.976414
-47.0,500,1284.10098
-46.8,500,1284.225751
-46.7,500,1284.350448
-46.7,500,1284.475441
-47.0,500,1284.599898
-47.1,500,1284.725295
-47.2,500,1284.851747
-47.5,500,1284.977123
-47.3,500,1285.102304
-46.9,500,1285.226926
-46.7,500,1285.351902
-46.7,500,1285.476774
-47.0,500,1285.601726
-47.0,500,1285.72693
-46.5,500,1285.853894
-47.0,500,1285.979107
-47.0,500,1286.104134
-46.9,500,1286.228944
-47.0,500,1286.354358
-46.9,500,1286.479093
-46.9,500,1286.604342
-47.0,500,1286.728912
-46.9,500,1286.853581
-46.6,500,1286.978215
-46.9,500,1287.1035
-46.5,500,1287.227821
-46.8,500,1287.352635
-46.9,500,1287.477069
-46.9,500,1287.601727
-46.9,500,1287.726774
-46.7,500,1287.852183
-46.7,500,1287.977594
-47.6,500,1288.10231
-47.3,500,1288.227164
-47.1,500,1288.35195
-47.0,500,1288.476514
-46.5,500,1288.601341
-47.0,500,1288.726192
-47.1,500,1288.850988
-47.1,500,1288.975705
-47.1,500,1289.100324
-46.6,500,1289.225159
-46.7,500,1289.349773
-47.3,500,1289.474428
-47.0,500,1289.599337
-46.8,500,1289.724195
-46.7,500,1289.849302
-47.3,500,1289.974197
-47.1,500,1290.098847
-46.6,500,1290.223355
-46.7,500,1290.348605
-47.0,500,1290.473436
-47.5,500,1290.59813
-47.0,500,1290.722947
-47.0,500,1290.849413
-46.5,500,1290.974953
-47.5,500,1291.100624
-47.1,500,1291.225814
-47.1,500,1291.350797
-47.1,500,1291.475854
-46.6,500,1291.600264
-46.9,500,1291.725081
-46.9,500,1291.849909
-47.0,500,1291.974542
-47.0,500,1292.099049
-47.2,500,1292.265345
-46.8,500,1292.391188
-47.5,500,1292.516792
-47.4,500,1292.642888
-47.7,500,1292.768837
-46.8,500,1292.894164
-47.3,500,1293.019
-46.9,500,1293.144972
-47.2,500,1293.269949
-47.6,500,1293.394687
-47.3,500,1293.519353
-46.9,500,1293.644552
-46.6,500,1293.769402
-46.8,500,1293.894329
-47.5,500,1294.019694
-47.2,500,1294.144266
-47.6,500,1294.269022
-47.4,500,1294.393796
-46.7,500,1294.518709
-47.0,500,1294.643695
-46.8,500,1294.769013
-46.9,500,1294.893993
-46.8,500,1295.018702
-47.4,500,1295.143252
-47.0,500,1295.268287
-47.8,500,1295.393293
-47.1,500,1295.518772
-46.7,500,1295.642688
-48.2,500,1295.767699
-46.8,500,1295.895147
-46.7,500,1296.020432
-47.6,500,1296.14536
-46.9,500,1296.2704
-46.9,500,1296.395674
-46.7,500,1296.520578
-46.5,500,1296.645553
-46.8,500,1296.770009
-46.8,500,1296.894728
-47.0,500,1297.019247
-46.8,500,1297.143951
-46.8,500,1297.268997
-46.8,500,1297.394859
-47.2,500,1297.519845
-46.7,500,1297.644589
-47.1,500,1297.769611
-46.6,500,1297.894105
-46.5,500,1298.019525
-47.0,500,1298.144263
-46.8,500,1298.269132
-47.0,500,1298.393811
-47.2,500,1298.518666
-46.5,500,1298.643777
-47.0,500,1298.769103
-46.7,500,1298.894002
-46.5,500,1299.018789
-47.2,500,1299.143372
-46.9,500,1299.268282
-47.3,500,1299.39288
-46.8,500,1299.518112
-47.5,500,1299.643364
-47.0,500,1299.76783
-46.6,500,1299.892789
-46.7,500,1300.017517
-46.8,500,1300.142436
-47.6,500,1300.266981
-47.3,500,1300.392275
-47.4,500,1300.517661
-46.6,500,1300.642243
-46.7,500,1300.76708
-47.2,500,1300.893754
-47.7,500,1301.018742
-46.6,500,1301.143644
-46.8,500,1301.269508
-46.8,500,1301.393924
-46.7,500,1301.518561
-46.7,500,1301.643301
-47.6,500,1301.768299
-47.5,500,1301.892974
-46.7,500,1302.017915
-46.8,500,1302.143628
-46.6,500,1302.26884
-47.3,500,1302.393825
-47.0,500,1302.518662
-47.4,500,1302.643392
-46.9,500,1302.768084
-46.5,500,1302.893146
-47.3,500,1303.017245
-48.1,500,1303.142401
-46.9,500,1303.266993
-46.7,500,1303.391775
-47.2,500,1303.516358
-46.7,500,1303.641897
-46.9,500,1303.766522
-47.4,500,1303.89151
-46.8,500,1304.016106
-46.7,500,1304.140958
-47.8,500,1304.26521
-47.2,500,1304.389793
-47.1,500,1304.515227
-47.2,500,1304.641138
-46.9,500,1304.766454
-47.2,500,1304.89131
-47.7,500,1305.015849
-46.9,500,1305.140448
-46.8,500,1305.265037
-46.8,500,1305.390788
-46.9,500,1305.515287
-47.7,500,1305.64005
-47.6,500,1305.76502
-47.2,500,1305.891056
-47.0,500,1306.01633
-46.9,500,1306.189524
-47.4,500,1306.314618
-47.1,500,1306.439121
-46.7,500,1306.563878
-46.5,500,1306.68888
-47.1,500,1306.813901
-47.3,500,1306.938434
-47.0,500,1307.062819
-46.8,500,1307.187367
-47.1,500,1307.312001
-46.7,500,1307.437087
-46.6,500,1307.56178
-47.5,500,1307.686366
-47.3,500,1307.811311
-46.9,500,1307.935756
-46.7,500,1308.060458
-46.7,500,1308.185875
-47.0,500,1308.310991
-46.8,500,1308.436102
-47.3,500,1308.560709
-47.1,500,1308.685921
-47.4,500,1308.810416
-47.2,500,1308.935514
-47.9,500,1309.061163
-47.1,500,1309.185999
-47.9,500,1309.311017
-46.7,500,1309.435626
-46.9,500,1309.560399
-47.7,500,1309.686217
-47.3,500,1309.811033
-46.9,500,1309.936424
-46.8,500,1310.060925
-48.2,500,1310.185415
-46.7,500,1310.310081
-47.0,500,1310.43501
-47.1,500,1310.560566
-46.6,500,1310.68538
-47.8,500,1310.810184
-46.9,500,1310.936709
-46.6,500,1311.061531
-46.7,500,1311.186522
-46.8,500,1311.311584
-46.8,500,1311.440168
-46.5,500,1311.565386
-47.0,500,1311.690064
-46.9,500,1311.81514
-47.1,500,1311.939523
-47.1,500,1312.067524
-46.7,500,1312.193783
-46.9,500,1312.318904
-46.7,500,1312.444038
-46.8,500,1312.568896
-46.9,500,1312.693739
-46.6,500,1312.818733
-46.9,500,1312.943496
-47.7,500,1313.068173
-46.7,500,1313.193024
-46.8,500,1313.318039
-47.0,500,1313.442484
-46.6,500,1313.566874
-47.7,500,1313.692274
-46.9,500,1313.817248
-46.7,500,1313.9423
-46.8,500,1314.067157
-46.9,500,1314.192052
-47.5,500,1314.317245
-47.0,500,1314.442197
-46.9,500,1314.566803
-47.1,500,1314.692887
-47.0,500,1314.817697
-46.8,500,1314.944076
-46.7,500,1315.06884
-46.8,500,1315.194025
-47.0,500,1315.319383
-46.8,500,1315.444408
-46.9,500,1315.569509
-46.8,500,1315.694681
-47.2,500,1315.819987
-47.5,500,1315.946594
-47.0,500,1316.071522
-46.7,500,1316.196935
-46.8,500,1316.322388
-46.9,500,1316.447416
-46.7,500,1316.571962
-46.9,500,1316.696981
-47.3,500,1316.821473
-47.0,500,1316.946097
-47.2,500,1317.071216
-46.9,500,1317.196805
-46.8,500,1317.322074
-46.8,500,1317.447433
-47.2,500,1317.572655
-47.1,500,1317.697631
-46.9,500,1317.82206
-46.6,500,1317.946744
-47.6,500,1318.071899
-46.9,500,1318.196642
-47.4,500,1318.322465
-47.4,500,1318.447866
-46.6,500,1318.573735
-46.7,500,1318.699671
-46.5,500,1318.824944
-46.5,500,1318.949982
-47.0,500,1319.074663
-46.8,500,1319.199488
-46.5,500,1319.32485
-46.9,500,1319.449598
-46.9,500,1319.574889
-46.6,500,1319.70165
-46.9,500,1319.826606
-46.5,500,1319.951978
-46.7,500,1320.077063
-46.9,500,1320.201878
-46.5,500,1320.326792
-47.2,500,1320.451851
-46.9,500,1320.618397
-46.9,500,1320.743367
-47.1,500,1320.869829
-47.0,500,1320.995365
-47.6,500,1321.120249
-47.4,500,1321.245405
-46.6,500,1321.370389
-46.7,500,1321.494833
-46.8,500,1321.619874
-47.7,500,1321.745122
-46.7,500,1321.870118
-46.8,500,1321.994835
-47.6,500,1322.11937
-46.8,500,1322.244395
-46.8,500,1322.369601
-46.6,500,1322.495484
-46.5,500,1322.620903
-47.0,500,1322.745479
-46.8,500,1322.871319
-46.8,500,1322.996305
-46.7,500,1323.120848
-46.8,500,1323.245792
-47.0,500,1323.371074
-46.9,500,1323.495662
-47.3,500,1323.620223
-46.7,500,1323.745721
-46.8,500,1323.870557
-47.2,500,1323.995005
-46.7,500,1324.119555
-46.8,500,1324.244577
-49.8,500,1324.368811
-48.0,500,1324.49373
-46.8,500,1324.618382
-46.6,500,1324.743396
-47.3,500,1324.868241
-46.7,500,1324.993645
-47.2,500,1325.118706
-47.1,500,1325.243606
-46.7,500,1325.368476
-47.1,500,1325.493359
-46.5,500,1325.618446
-46.5,500,1325.74327
-48.7,500,1325.87022
-46.5,500,1325.995322
-47.1,500,1326.12012
-47.6,500,1326.245259
-46.7,500,1326.370188
-47.7,500,1326.495239
-46.9,500,1326.621019
-46.7,500,1326.746522
-47.7,500,1326.871577
-47.6,500,1326.995993
-46.7,500,1327.121108
-46.6,500,1327.246068
-46.6,500,1327.371994
-46.8,500,1327.49824
-47.6,500,1327.62311
-46.8,500,1327.747943
-47.3,500,1327.872869
-46.8,500,1327.997648
-47.2,500,1328.122884
-47.1,500,1328.248314
-46.6,500,1328.373388
-47.0,500,1328.498122
-46.8,500,1328.622746
-46.7,500,1328.747532
-46.6,500,1328.87266
-47.5,500,1328.997929
-46.9,500,1329.122632
-46.9,500,1329.247553
-46.9,500,1329.372765
-47.7,500,1329.497523
-47.2,500,1329.622852
-46.9,500,1329.748217
-47.7,500,1329.872847
-47.3,500,1329.997624
-47.4,500,1330.122777
-46.9,500,1330.247235
-46.8,500,1330.371885
-47.5,500,1330.498661
-47.0,500,1330.6247
-46.5,500,1330.750935
-47.1,500,1330.878838
-47.0,500,1331.00459
-46.8,500,1331.13069
-47.1,500,1331.255539
-48.2,500,1331.380274
-47.5,500,1331.505102
-47.0,500,1331.629614
-47.3,500,1331.754812
-47.1,500,1331.879659
-47.6,500,1332.004489
-46.7,500,1332.129059
-47.7,500,1332.254013
-47.4,500,1332.378678
-47.0,500,1332.504111
-46.9,500,1332.629759
-46.7,500,1332.754828
-47.0,500,1332.880684
-47.2,500,1333.00592
-47.7,500,1333.131343
-46.8,500,1333.25752
-46.8,500,1333.382142
-46.7,500,1333.507185
-46.9,500,1333.632319
-47.0,500,1333.758123
-47.0,500,1333.882735
-46.6,500,1334.008241
-47.1,500,1334.13375
-47.5,500,1334.296408
-47.3,500,1334.421356
-47.0,500,1334.546122
-46.9,500,1334.670502
-46.9,500,1334.795052
-46.6,500,1334.91977
-47.7,500,1335.045919
-46.6,500,1335.17109
-47.9,500,1335.295649
-47.5,500,1335.420812
-46.7,500,1335.545357
-46.9,500,1335.669771
-47.5,500,1335.794721
-47.4,500,1335.923454
-47.8,500,1336.048885
-47.3,500,1336.173733
-47.4,500,1336.299018
-47.2,500,1336.423773
-46.7,500,1336.548384
-47.0,500,1336.673204
-47.5,500,1336.798279
-47.1,500,1336.922685
-46.5,500,1337.047359
-47.6,500,1337.172122
-47.2,500,1337.296848
-46.7,500,1337.422759
-48.0,500,1337.547549
-47.9,500,1337.672251
-46.7,500,1337.796882
-46.5,500,1337.921592
-46.7,500,1338.046706
-47.4,500,1338.172002
-47.2,500,1338.303282
-47.0,500,1338.434551
-46.7,500,1338.559369
-47.2,500,1338.684564
-46.9,500,1338.809693
-47.2,500,1338.934853
-47.3,500,1339.059638
-46.9,500,1339.18459
-47.0,500,1339.309498
-47.7,500,1339.434522
-47.0,500,1339.559392
-46.7,500,1339.685102
-47.4,500,1339.810666
-46.9,500,1339.935532
-47.3,500,1340.06071
-47.1,500,1340.185611
-47.8,500,1340.309795
-47.6,500,1340.434532
-46.6,500,1340.560037
-47.2,500,1340.685388
-47.1,500,1340.81055
-47.1,500,1340.937331
-46.7,500,1341.062846
-47.7,500,1341.187173
-47.8,500,1341.312457
-46.7,500,1341.437133
-47.2,500,1341.562042
-46.8,500,1341.686793
-46.7,500,1341.812381
-47.9,500,1341.937172
-47.0,500,1342.062441
-47.7,500,1342.18872
-46.5,500,1342.313762
-46.7,500,1342.438807
-46.9,500,1342.564018
-47.8,500,1342.689101
-46.8,500,1342.81439
-47.1,500,1342.939301
-47.8,500,1343.064261
-47.0,500,1343.189061
-47.2,500,1343.313632
-47.6,500,1343.438338
-47.2,500,1343.563369
-47.0,500,1343.688743
-47.5,500,1343.814231
-47.2,500,1343.939596
-47.1,500,1344.064738
-47.0,500,1344.190146
-47.1,500,1344.314972
-47.5,500,1344.439876
-46.9,500,1344.565292
-47.4,500,1344.690828
-47.1,500,1344.815235
-46.8,500,1344.940524
-46.7,500,1345.065596
-47.0,500,1345.190516
-47.1,500,1345.334351
-47.5,500,1345.473387
-46.7,500,1345.611935
-47.1,500,1345.752081
-47.8,500,1345.896169
-47.0,500,1346.02257
-46.8,500,1346.148071
-47.0,500,1346.273409
-46.8,500,1346.399695
-46.8,500,1346.525108
-47.0,500,1346.650552
-48.1,500,1346.775283
-47.3,500,1346.899903
-46.8,500,1347.024543
-46.9,500,1347.15436
-47.1,500,1347.295211
-47.5,500,1347.419703
-46.6,500,1347.544991
-47.1,500,1347.670366
-47.2,500,1347.796498
-47.6,500,1347.921246
-47.7,500,1348.045826
-46.6,500,1348.170963
-47.5,500,1348.337173
-46.9,500,1348.462344
-46.7,500,1348.587335
-46.8,500,1348.712509
-46.9,500,1348.836798
-46.8,500,1348.961564
-47.1,500,1349.086882
-47.1,500,1349.211931
-47.4,500,1349.336216
-46.9,500,1349.460928
-46.7,500,1349.586098
-46.8,500,1349.711185
-46.8,500,1349.836745
-47.6,500,1349.961375
-47.0,500,1350.085955
-46.6,500,1350.211088
-46.6,500,1350.335773
-46.6,500,1350.460573
-47.0,500,1350.585647
-47.0,500,1350.711385
-46.8,500,1350.837064
-47.2,500,1350.9639
-46.9,500,1351.089098
-47.0,500,1351.213863
-47.4,500,1351.338989
-47.2,500,1351.465062
-46.6,500,1351.589918
-46.8,500,1351.714823
-46.7,500,1351.839424
-46.9,500,1351.964353
-47.9,500,1352.089064
-47.0,500,1352.213909
-47.6,500,1352.338805
-47.0,500,1352.46338
-47.3,500,1352.588167
-47.2,500,1352.71354
-46.5,500,1352.838091
-46.8,500,1352.963364
-47.0,500,1353.087802
-46.7,500,1353.212508
-46.8,500,1353.337569
-47.1,500,1353.462265
-46.9,500,1353.587441
-46.7,500,1353.711944
-46.9,500,1353.837533
-46.5,500,1353.963055
-46.7,500,1354.088244
-47.1,500,1354.213296
-46.8,500,1354.338328
-47.1,500,1354.462691
-47.1,500,1354.588358
-47.7,500,1354.714196
-47.3,500,1354.839103
-46.7,500,1354.964091
-47.8,500,1355.089224
-46.5,500,1355.214422
-47.3,500,1355.340136
-46.8,500,1355.465317
-47.3,500,1355.590194
-47.2,500,1355.715256
-47.7,500,1355.84064
-47.9,500,1355.967303
-46.7,500,1356.092318
-46.9,500,1356.217576
-46.6,500,1356.34286
-47.3,500,1356.467909
-46.9,500,1356.592663
-46.7,500,1356.717275
-46.7,500,1356.841853
-47.3,500,1356.966771
-46.7,500,1357.092644
-46.8,500,1357.218215
-46.9,500,1357.343112
-47.4,500,1357.468238
-47.0,500,1357.593131
-46.7,500,1357.718175
-46.7,500,1357.84403
-46.5,500,1357.968895
-47.1,500,1358.09373
-46.7,500,1358.218735
-47.1,500,1358.343782
-46.9,500,1358.468626
-47.6,500,1358.594417
-47.2,500,1358.720371
-46.9,500,1358.845277
-47.5,500,1358.970378
-47.2,500,1359.095588
-46.6,500,1359.220516
-47.9,500,1359.345409
-46.7,500,1359.470894
-47.8,500,1359.59609
-46.7,500,1359.72103
-46.9,500,1359.846054
-46.6,500,1359.971148
-47.4,500,1360.095602
-47.4,500,1360.221531
-48.3,500,1360.347281
-47.5,500,1360.472857
-47.5,500,1360.597778
-47.2,500,1360.7228
-47.3,500,1360.847875
-47.7,500,1360.974896
-46.7,500,1361.10027
-46.8,500,1361.225211
-47.7,500,1361.350398
-46.9,500,1361.475813
-46.7,500,1361.600719
-47.3,500,1361.725185
-46.8,500,1361.850643
-46.7,500,1361.97607
-46.8,500,1362.101006
-48.0,500,1362.226202
-46.7,500,1362.351235
-47.2,500,1362.476399
-46.5,500,1362.601142
-46.6,500,1362.765666
-47.4,500,1362.890463
-46.9,500,1363.01543
-46.6,500,1363.14023
-47.1,500,1363.265649
-46.9,500,1363.391231
-47.1,500,1363.516195
-46.9,500,1363.641038
-47.0,500,1363.765525
-47.0,500,1363.890506
-47.6,500,1364.015944
-47.4,500,1364.140894
-47.2,500,1364.265608
-47.0,500,1364.390243
-47.0,500,1364.515313
-46.8,500,1364.639482
-46.6,500,1364.76426
-47.3,500,1364.889362
-47.2,500,1365.014143
-46.7,500,1365.138622
-48.3,500,1365.263846
-47.3,500,1365.388751
-46.8,500,1365.513254
-47.5,500,1365.638671
-47.6,500,1365.763289
-47.1,500,1365.89004
-47.3,500,1366.015781
-48.0,500,1366.14078
-47.2,500,1366.265573
-46.7,500,1366.390307
-47.0,500,1366.515609
-47.5,500,1366.641
-47.0,500,1366.765929
-47.1,500,1366.890975
-47.1,500,1367.015995
-47.0,500,1367.141023
-46.5,500,1367.265955
-47.4,500,1367.391322
-46.9,500,1367.516549
-46.8,500,1367.64183
-47.0,500,1367.766993
-46.9,500,1367.891377
-46.8,500,1368.016211
-46.6,500,1368.142177
-48.0,500,1368.267082
-46.9,500,1368.391972
-47.5,500,1368.516977
-47.6,500,1368.641627
-47.3,500,1368.766244
-46.6,500,1368.891665
-47.6,500,1369.017996
-47.1,500,1369.142917
-46.5,500,1369.267716
-47.1,500,1369.39261
-47.3,500,1369.517966
-47.3,500,1369.642919
-46.8,500,1369.768791
-46.5,500,1369.893187
-46.6,500,1370.018101
-46.9,500,1370.142927
-47.0,500,1370.26817
-47.2,500,1370.392946
-47.8,500,1370.51759
-47.4,500,1370.643259
-47.5,500,1370.767976
-46.8,500,1370.894174
-46.6,500,1371.019825
-47.1,500,1371.144903
-48.2,500,1371.270108
-46.8,500,1371.396128
-47.8,500,1371.521942
-46.8,500,1371.646621
-47.0,500,1371.771564
-47.1,500,1371.896379
-46.5,500,1372.021265
-47.4,500,1372.146071
-46.9,500,1372.271445
-47.0,500,1372.396871
-47.0,500,1372.522138
-48.8,500,1372.64719
-47.3,500,1372.772632
-48.4,500,1372.898117
-47.5,500,1373.022577
-46.8,500,1373.147914
-46.8,500,1373.273157
-46.7,500,1373.400611
-47.2,500,1373.526014
-46.9,500,1373.651658
-46.8,500,1373.777055
-47.2,500,1373.902135
-46.9,500,1374.02774
-47.0,500,1374.1526
-46.6,500,1374.27769
-46.7,500,1374.402831
-46.7,500,1374.528121
-47.9,500,1374.652981
-47.0,500,1374.77759
-46.8,500,1374.902465
-47.8,500,1375.027521
-46.9,500,1375.153105
-46.8,500,1375.278356
-47.6,500,1375.405327
-47.6,500,1375.530689
-47.2,500,1375.655768
-46.8,500,1375.780223
-46.8,500,1375.907743
-46.7,500,1376.034119
-46.5,500,1376.159337
-47.2,500,1376.284363
-47.4,500,1376.40905
-47.1,500,1376.534185
-46.7,500,1376.658926
-47.6,500,1376.783785
-47.4,500,1376.947721
-47.5,500,1377.072637
-46.6,500,1377.197919
-46.6,500,1377.322756
-46.6,500,1377.447722
-47.3,500,1377.57259
-46.8,500,1377.697531
-47.1,500,1377.822394
-47.1,500,1377.947323
-46.9,500,1378.071908
-47.1,500,1378.197152
-46.8,500,1378.322321
-47.2,500,1378.447054
-47.1,500,1378.571715
-46.9,500,1378.696171
-47.0,500,1378.820861
-47.2,500,1378.946245
-47.5,500,1379.071298
-46.8,500,1379.196014
-46.7,500,1379.32123
-46.8,500,1379.446183
-47.2,500,1379.571349
-47.6,500,1379.695977
-47.6,500,1379.821348
-47.2,500,1379.946336
-46.8,500,1380.071288
-46.7,500,1380.196145
-47.8,500,1380.321367
-47.5,500,1380.446872
-47.3,500,1380.571833
-47.5,500,1380.696741
-46.8,500,1380.822138
-46.7,500,1380.94915
-46.6,500,1381.07443
-48.1,500,1381.199506
-46.8,500,1381.325085
-47.2,500,1381.450118
-47.1,500,1381.575673
-47.9,500,1381.700709
-46.8,500,1381.825861
-47.7,500,1381.950684
-47.0,500,1382.076701
-47.2,500,1382.20192
-46.8,500,1382.326944
-47.3,500,1382.452305
-47.7,500,1382.577373
-46.7,500,1382.702428
-47.1,500,1383.041216
-46.7,500,1383.397204
-46.7,500,1383.539615
-46.9,500,1383.668599
-46.8,500,1383.794642
-46.9,500,1383.919572
-47.4,500,1384.045255
-48.2,500,1384.171323
-46.8,500,1384.296903
-47.3,500,1384.421856
-47.5,500,1384.546894
-46.8,500,1384.672467
-47.4,500,1384.796915
-47.0,500,1384.922364
-47.8,500,1385.047878
-46.8,500,1385.173286
-46.9,500,1385.298416
-46.9,500,1385.423249
-47.1,500,1385.547791
-47.2,500,1385.672702
-47.3,500,1385.803091
-46.7,500,1385.932471
-46.7,500,1386.059572
-46.9,500,1386.18493
-46.5,500,1386.309734
-46.7,500,1386.43476
-47.4,500,1386.560516
-46.6,500,1386.685628
-47.4,500,1386.810136
-47.3,500,1386.935422
-47.4,500,1387.060315
-47.9,500,1387.185232
-46.7,500,1387.310174
-47.3,500,1387.43513
-46.6,500,1387.560209
-47.0,500,1387.685337
-46.9,500,1387.810337
-47.3,500,1387.934872
-46.6,500,1388.06074
-47.1,500,1388.18559
-46.8,500,1388.310819
-47.2,500,1388.436433
-46.8,500,1388.561227
-46.6,500,1388.686137
-47.5,500,1388.810813
-47.2,500,1388.936571
-47.0,500,1389.061551
-47.0,500,1389.186312
-47.8,500,1389.311133
-47.0,500,1389.435836
-48.7,500,1389.560688
-47.4,500,1389.685803
-47.2,500,1389.81034
-47.1,500,1389.935308
-46.7,500,1390.06003
-47.1,500,1390.184951
-48.1,500,1390.309754
-47.3,500,1390.435219
-46.7,500,1390.560784
-46.7,500,1390.686029
-46.6,500,1390.811122
-47.7,500,1390.937921
-46.5,500,1391.06342
-47.7,500,1391.18856
-47.0,500,1391.314924
-47.4,500,1391.439719
-47.1,500,1391.601698
-47.1,500,1391.726268
-49.6,500,1391.851501
-46.9,500,1391.975927
-47.1,500,1392.100674
-46.9,500,1392.225479
-46.7,500,1392.35039
-47.3,500,1392.474752
-47.0,500,1392.599044
-47.3,500,1392.724237
-46.9,500,1392.8492
-46.9,500,1392.974248
-46.9,500,1393.099188
-47.5,500,1393.224366
-46.9,500,1393.349148
-47.4,500,1393.474642
-47.6,500,1393.599615
-47.1,500,1393.724324
-47.0,500,1393.849177
-46.9,500,1393.973988
-46.8,500,1394.099537
-47.4,500,1394.224959
-47.8,500,1394.350018
-47.5,500,1394.475011
-46.6,500,1394.600327
-47.1,500,1394.725213
-46.7,500,1394.849918
-47.0,500,1394.976003
-46.6,500,1395.100949
-47.5,500,1395.225523
-47.1,500,1395.349929
-47.2,500,1395.474851
-46.9,500,1395.599567
-47.0,500,1395.724061
-46.5,500,1395.849677
-46.6,500,1395.976676
-48.6,500,1396.101954
-47.1,500,1396.227089
-47.1,500,1396.351788
-46.6,500,1396.476559
-47.5,500,1396.601788
-46.8,500,1396.726897
-47.1,500,1396.851581
-46.7,500,1396.976694
-47.3,500,1397.102119
-46.9,500,1397.226972
-47.5,500,1397.352614
-47.3,500,1397.478363
-46.6,500,1397.602837
-46.9,500,1397.727784
-46.7,500,1397.85216
-46.8,500,1397.983851
-46.7,500,1398.126734
-47.8,500,1398.271221
-46.8,500,1398.411708
-47.0,500,1398.553261
-47.2,500,1398.693086
-46.5,500,1398.818708
-47.3,500,1398.944257
-47.1,500,1399.071185
-47.5,500,1399.196724
-46.8,500,1399.321392
-46.9,500,1399.447237
-46.7,500,1399.571967
-47.6,500,1399.697571
-46.9,500,1399.822246
-46.8,500,1399.960401
-46.8,500,1400.092718
-46.9,500,1400.217394
-47.7,500,1400.342384
-47.7,500,1400.467208
-47.2,500,1400.591623
-47.6,500,1400.716755
-46.7,500,1400.841699
-47.5,500,1400.968064
-47.1,500,1401.093284
-46.7,500,1401.217967
-46.8,500,1401.342486
-46.6,500,1401.467044
-47.2,500,1401.591925
-46.8,500,1401.716397
-46.8,500,1401.84143
-46.6,500,1401.965991
-47.6,500,1402.090178
-47.4,500,1402.214906
-47.2,500,1402.340265
-46.5,500,1402.465404
-46.6,500,1402.590269
-46.8,500,1402.714876
-47.7,500,1402.840199
-47.1,500,1402.964901
-47.2,500,1403.090349
-46.7,500,1403.214469
-47.6,500,1403.339023
-47.2,500,1403.463437
-47.2,500,1403.588071
-47.4,500,1403.712946
-47.6,500,1403.837568
-47.5,500,1403.962996
-47.3,500,1404.087637
-47.2,500,1404.212452
-47.2,500,1404.337099
-46.9,500,1404.461523
-47.2,500,1404.586197
-47.7,500,1404.711842
-46.9,500,1404.836404
-47.3,500,1404.961285
-46.9,500,1405.085813
-47.0,500,1405.210618
-46.9,500,1405.335066
-46.5,500,1405.459391
-46.7,500,1405.584828
-46.8,500,1405.709226
-47.4,500,1405.871293
-47.9,500,1405.997661
-47.2,500,1406.123027
-46.8,500,1406.247368
-47.1,500,1406.37211
-46.7,500,1406.496666
-46.8,500,1406.620792
-47.1,500,1406.745563
-47.3,500,1406.870167
-47.7,500,1406.995018
-46.8,500,1407.119388
-47.1,500,1407.24417
-47.5,500,1407.368789
-46.8,500,1407.493
-47.2,500,1407.61727
-47.2,500,1407.742111
-46.8,500,1407.866144
-46.7,500,1407.989896
-46.9,500,1408.114002
-46.5,500,1408.238319
-47.3,500,1408.362941
-46.7,500,1408.487594
-46.5,500,1408.612459
-46.9,500,1408.738131
-47.8,500,1408.863611
-47.3,500,1408.988675
-46.8,500,1409.11367
-46.8,500,1409.238386
-46.8,500,1409.362485
-47.6,500,1409.487399
-47.3,500,1409.61181
-47.0,500,1409.736844
-46.7,500,1409.861252
-47.0,500,1409.986117
-46.6,500,1410.110657
-46.7,500,1410.236446
-47.0,500,1410.361409
-47.2,500,1410.485938
-47.2,500,1410.611036
-47.1,500,1410.736002
-47.0,500,1410.860793
-47.1,500,1410.9872
-47.0,500,1411.112646
-47.0,500,1411.237971
-46.8,500,1411.3625
-47.4,500,1411.486681
-47.1,500,1411.611261
-46.9,500,1411.735672
-46.8,500,1411.860157
-47.7,500,1411.985012
-46.6,500,1412.109436
-47.0,500,1412.234134
-47.0,500,1412.358906
-46.8,500,1412.482967
-47.2,500,1412.607347
-47.1,500,1412.731614
-47.6,500,1412.856157
-46.8,500,1412.981095
-46.8,500,1413.10559
-46.8,500,1413.229799
-46.9,500,1413.353927
-46.7,500,1413.478503
-47.3,500,1413.603691
-49.7,500,1413.728584
-46.7,500,1413.853173
-47.0,500,1413.978073
-47.1,500,1414.102564
-47.0,500,1414.227212
-47.3,500,1414.352256
-47.3,500,1414.47716
-47.3,500,1414.602023
-46.8,500,1414.726949
-47.3,500,1414.851305
-46.8,500,1414.975722
-47.2,500,1415.100398
-46.7,500,1415.226116
-46.9,500,1415.351447
-47.7,500,1415.476067
-47.3,500,1415.600966
-47.3,500,1415.725631
-46.9,500,1415.850016
-47.7,500,1415.976244
-47.2,500,1416.101732
-47.5,500,1416.226978
-46.6,500,1416.350915
-46.7,500,1416.475147
-46.9,500,1416.599599
-47.2,500,1416.724214
-46.8,500,1416.848692
-46.8,500,1416.973252
-46.6,500,1417.097757
-47.2,500,1417.22266
-47.0,500,1417.347198
-46.7,500,1417.471813
-47.9,500,1417.595976
-47.2,500,1417.720877
-46.9,500,1417.846204
-46.7,500,1417.986465
-47.6,500,1418.110985
-46.8,500,1418.235728
-47.0,500,1418.360148
-46.6,500,1418.485103
-46.7,500,1418.610109
-46.5,500,1418.73519
-47.0,500,1418.859666
-47.3,500,1418.984049
-46.8,500,1419.108938
-47.1,500,1419.233214
-47.2,500,1419.358581
-46.9,500,1419.48313
-46.5,500,1419.607699
-46.8,500,1419.732523
-47.0,500,1419.897469
-46.7,500,1420.022354
-47.3,500,1420.146868
-46.9,500,1420.27155
-46.9,500,1420.395693
-47.1,500,1420.520457
-46.7,500,1420.644268
-48.4,500,1420.768408
-46.6,500,1420.893036
-46.8,500,1421.019619
-46.8,500,1421.144314
-46.9,500,1421.268854
-47.1,500,1421.392882
-46.5,500,1421.517831
-46.9,500,1421.641808
-48.1,500,1421.765788
-46.7,500,1421.890371
-47.7,500,1422.015173
-46.6,500,1422.139808
-47.1,500,1422.264018
-46.9,500,1422.388418
-47.4,500,1422.512612
-46.6,500,1422.637299
-47.1,500,1422.761453
-46.6,500,1422.884965
-46.6,500,1423.009269
-47.2,500,1423.133517
-46.8,500,1423.258274
-46.7,500,1423.382464
-47.1,500,1423.506899
-47.4,500,1423.631097
-46.7,500,1423.755261
-46.9,500,1423.879335
-47.5,500,1424.004365
-47.1,500,1424.12918
-46.7,500,1424.254217
-46.9,500,1424.378989
-47.2,500,1424.503249
-47.2,500,1424.627736
-46.9,500,1424.753172
-47.3,500,1424.878688
-46.6,500,1425.003352
-47.0,500,1425.127876
-47.2,500,1425.252932
-46.5,500,1425.376997
-47.5,500,1425.502042
-46.6,500,1425.627261
-46.5,500,1425.751733
-46.5,500,1425.876099
-47.5,500,1426.003329
-47.2,500,1426.128713
-47.6,500,1426.253535
-46.9,500,1426.379373
-47.2,500,1426.504191
-47.2,500,1426.628724
-46.6,500,1426.753235
-47.2,500,1426.877837
-47.1,500,1427.002128
-47.1,500,1427.127353
-46.6,500,1427.252932
-47.1,500,1427.379328
-47.0,500,1427.503844
-47.1,500,1427.627991
-46.8,500,1427.752567
-46.6,500,1427.878038
-46.8,500,1428.003361
-47.1,500,1428.130641
-48.5,500,1428.255839
-46.6,500,1428.380453
-46.6,500,1428.50555
-47.3,500,1428.631011
-46.7,500,1428.758968
-46.8,500,1428.886254
-47.1,500,1429.010771
-47.7,500,1429.135667
-47.7,500,1429.260252
-47.1,500,1429.385304
-47.3,500,1429.510128
-47.2,500,1429.634249
-47.1,500,1429.759093
-46.5,500,1429.883729
-47.3,500,1430.007818
-47.4,500,1430.132786
-46.6,500,1430.257624
-46.9,500,1430.382018
-47.5,500,1430.506138
-46.6,500,1430.630545
-47.2,500,1430.755609
-48.0,500,1430.880642
-47.0,500,1431.007516
-47.0,500,1431.13245
-47.1,500,1431.257367
-46.6,500,1431.382054
-47.3,500,1431.506939
-46.7,500,1431.631534
-47.3,500,1431.75713
-46.8,500,1431.88098
-47.3,500,1432.0056
-48.0,500,1432.130079
-46.9,500,1432.255001
-48.0,500,1432.379387
-46.8,500,1432.503839
-47.3,500,1432.628011
-47.5,500,1432.752365
-46.7,500,1432.877223
-46.7,500,1433.002121
-47.0,500,1433.126408
-47.2,500,1433.251126
-47.0,500,1433.3783
-46.8,500,1433.503827
-46.9,500,1433.629104
-47.1,500,1433.753698
-47.0,500,1433.916204
-46.9,500,1434.041048
-47.6,500,1434.166253
-47.2,500,1434.290941
-47.0,500,1434.415326
-47.8,500,1434.53951
-46.8,500,1434.664028
-46.5,500,1434.789564
-47.2,500,1434.914312
-46.6,500,1435.038815
-46.9,500,1435.16336
-47.3,500,1435.288028
-46.7,500,1435.412232
-46.9,500,1435.536799
-47.1,500,1435.661553
-46.5,500,1435.786208
-47.4,500,1435.91079
-46.8,500,1436.037488
-47.5,500,1436.162557
-46.8,500,1436.288351
-47.1,500,1436.413583
-46.8,500,1436.538101
-46.8,500,1436.662702
-47.4,500,1436.787357
-46.5,500,1436.911987
-47.7,500,1437.037449
-47.0,500,1437.162708
-46.5,500,1437.288004
-48.6,500,1437.412724
-47.8,500,1437.537435
-47.0,500,1437.662011
-46.5,500,1437.786885
-47.1,500,1437.912049
-46.7,500,1438.036585
-47.1,500,1438.16147
-46.9,500,1438.286746
-47.3,500,1438.411611
-46.5,500,1438.537098
-46.7,500,1438.662212
-46.7,500,1438.787614
-47.2,500,1438.912028
-47.0,500,1439.036666
-47.0,500,1439.161487
-47.3,500,1439.286762
-47.2,500,1439.410982
-47.5,500,1439.535627
-46.7,500,1439.660029
-47.6,500,1439.785052
-47.3,500,1439.909331
-47.2,500,1440.033774
-47.0,500,1440.158232
-46.9,500,1440.283332
-46.5,500,1440.408069
-46.9,500,1440.532339
-47.1,500,1440.65657
-47.6,500,1440.780877
-46.7,500,1440.905235
-48.1,500,1441.032417
-47.1,500,1441.157901
-47.1,500,1441.282888
-46.7,500,1441.407408
-47.8,500,1441.532081
-47.0,500,1441.65698
-46.9,500,1441.781506
-46.7,500,1441.906469
-47.7,500,1442.031555
-47.2,500,1442.155444
-46.7,500,1442.28071
-47.3,500,1442.405827
-46.9,500,1442.530343
-47.2,500,1442.657
-46.9,500,1442.781671
-47.4,500,1442.906074
-47.6,500,1443.030734
-47.3,500,1443.155598
-46.6,500,1443.280199
-47.8,500,1443.405158
-47.3,500,1443.529944
-47.4,500,1443.654125
-46.9,500,1443.778438
-46.9,500,1443.903201
-47.3,500,1444.027381
-46.8,500,1444.151861
-47.2,500,1444.276841
-47.5,500,1444.401384
-47.3,500,1444.525922
-46.7,500,1444.650331
-46.6,500,1444.77485
-46.5,500,1444.899171
-47.2,500,1445.024363
-47.4,500,1445.149431
-46.9,500,1445.2736
-46.9,500,1445.398033
-47.0,500,1445.52243
-47.3,500,1445.646737
-46.6,500,1445.771114
-46.7,500,1445.896078
-47.3,500,1446.023254
-46.9,500,1446.147754
-46.8,500,1446.272344
-48.4,500,1446.39694
-46.8,500,1446.521829
-46.6,500,1446.647241
-46.8,500,1446.772236
-47.6,500,1446.896591
-46.8,500,1447.021796
-47.2,500,1447.145992
-46.8,500,1447.270926
-46.9,500,1447.395312
-47.1,500,1447.520108
-46.9,500,1447.681845
-47.8,500,1447.807301
-47.3,500,1447.932684
-46.7,500,1448.057475
-46.9,500,1448.181929
-46.6,500,1448.307118
-47.0,500,1448.431513
-46.9,500,1448.556623
-46.6,500,1448.682184
-46.7,500,1448.806953
-47.8,500,1448.93169
-46.8,500,1449.056291
-47.1,500,1449.180987
-47.2,500,1449.305591
-47.2,500,1449.430005
-47.0,500,1449.555028
-46.7,500,1449.680587
-47.1,500,1449.805292
-47.3,500,1449.929807
-46.9,500,1450.054491
-46.9,500,1450.178689
-46.8,500,1450.303708
-47.1,500,1450.427399
-46.5,500,1450.55205
-46.9,500,1450.676217
-46.8,500,1450.800749
-48.0,500,1450.925043
-47.7,500,1451.051368
-47.7,500,1451.176588
-47.7,500,1451.302484
-47.8,500,1451.42675
-46.5,500,1451.551378
-46.8,500,1451.675711
-47.7,500,1451.80019
-46.7,500,1451.925664
-46.7,500,1452.050507
-48.0,500,1452.17495
-47.2,500,1452.299894
-46.6,500,1452.423786
-46.8,500,1452.547508
-46.8,500,1452.672309
-48.1,500,1452.79735
-47.4,500,1452.921894
-46.8,500,1453.045523
-47.0,500,1453.170232
-47.2,500,1453.294657
-46.6,500,1453.419098
-46.8,500,1453.543998
-47.4,500,1453.668893
-46.9,500,1453.793447
-47.1,500,1453.91801
-47.1,500,1454.042393
-46.7,500,1454.166224
-47.8,500,1454.290415
-46.8,500,1454.414551
-47.0,500,1454.539406
-46.9,500,1454.663613
-47.1,500,1454.788976
-47.2,500,1454.913064
-46.7,500,1455.037731
-46.9,500,1455.162457
-46.8,500,1455.287183
-47.2,500,1455.411996
-47.0,500,1455.53654
-47.5,500,1455.66074
-47.1,500,1455.785239
-47.0,500,1455.909603
-46.5,500,1456.037284
-46.7,500,1456.163039
-47.1,500,1456.287502
-48.2,500,1456.412625
-46.8,500,1456.537063
-47.3,500,1456.661294
-47.3,500,1456.785925
-46.8,500,1456.910893
-47.5,500,1457.036408
-47.4,500,1457.160406
-46.7,500,1457.285043
-47.6,500,1457.409625
-47.8,500,1457.533938
-46.9,500,1457.658468
-47.2,500,1457.784046
-46.7,500,1457.908474
-47.1,500,1458.032966
-47.3,500,1458.156848
-46.6,500,1458.28211
-46.8,500,1458.4069
-46.9,500,1458.532091
-46.9,500,1458.656827
-47.0,500,1458.781532
-46.7,500,1458.905891
-47.1,500,1459.029996
-46.7,500,1459.155191
-48.1,500,1459.280531
-46.9,500,1459.404942
-47.4,500,1459.529576
-47.5,500,1459.653838
-47.5,500,1459.77845
-46.9,500,1459.903458
-47.4,500,1460.028114
-47.3,500,1460.152875
-47.2,500,1460.277605
-47.1,500,1460.402148
-47.3,500,1460.526401
-47.5,500,1460.651484
-47.6,500,1460.775898
-47.5,500,1460.900589
-47.2,500,1461.027647
-46.9,500,1461.152829
-47.0,500,1461.277358
-46.8,500,1461.401788
-47.0,500,1461.525804
-46.9,500,1461.650327
-46.9,500,1461.775055
-46.9,500,1461.898933
-47.3,500,1462.023539
-47.6,500,1462.148064
-47.5,500,1462.313745
-46.9,500,1462.438116
-46.9,500,1462.562828
-47.1,500,1462.687266
-46.6,500,1462.811522
-47.2,500,1462.936571
-47.1,500,1463.061191
-47.0,500,1463.185791
-47.0,500,1463.310252
-46.9,500,1463.434436
-46.8,500,1463.558821
-47.2,500,1463.683701
-47.0,500,1463.809219
-46.5,500,1463.933716
-46.7,500,1464.058144
-47.7,500,1464.18297
-47.1,500,1464.307512
-47.8,500,1464.432401
-46.9,500,1464.557097
-47.0,500,1464.681594
-47.4,500,1464.806382
-46.8,500,1464.930836
-46.9,500,1465.055871
-47.4,500,1465.180639
-47.1,500,1465.312424
-46.7,500,1465.44047
-47.6,500,1465.565056
-46.9,500,1465.689668
-47.8,500,1465.814347
-46.9,500,1465.93873
-46.8,500,1466.065933
-46.7,500,1466.191468
-47.0,500,1466.333904
-47.0,500,1466.472529
-48.3,500,1466.611957
-46.7,500,1466.748584
-46.7,500,1466.893339
-46.9,500,1467.018882
-47.2,500,1467.144297
-47.0,500,1467.270229
-46.6,500,1467.395025
-47.5,500,1467.519342
-46.7,500,1467.644483
-46.6,500,1467.769057
-46.6,500,1467.893823
-47.5,500,1468.019158
-46.9,500,1468.147809
-46.7,500,1468.286642
-48.2,500,1468.412056
-47.3,500,1468.537531
-47.5,500,1468.661941
-46.9,500,1468.786547
-47.1,500,1468.91129
-46.8,500,1469.035876
-47.1,500,1469.160365
-46.5,500,1469.285398
-46.5,500,1469.410782
-47.5,500,1469.535376
-47.4,500,1469.659462
-47.0,500,1469.784146
-46.6,500,1469.908778
-46.8,500,1470.032807
-46.7,500,1470.157281
-46.5,500,1470.281945
-46.7,500,1470.406501
-47.1,500,1470.530932
-48.8,500,1470.655259
-47.4,500,1470.779937
-46.8,500,1470.905046
-47.0,500,1471.031683
-46.5,500,1471.157874
-47.4,500,1471.282106
-47.3,500,1471.406886
-47.4,500,1471.531037
-47.3,500,1471.656363
-47.2,500,1471.780685
-47.2,500,1471.90511
-46.8,500,1472.028939
-46.6,500,1472.153189
-47.7,500,1472.277355
-47.3,500,1472.401678
-46.9,500,1472.526617
-47.3,500,1472.651549
-47.3,500,1472.776562
-46.5,500,1472.900987
-46.7,500,1473.025786
-46.8,500,1473.150371
-47.7,500,1473.275902
-47.1,500,1473.40112
-46.8,500,1473.525794
-47.0,500,1473.650976
-47.1,500,1473.775225
-47.0,500,1473.899782
-47.0,500,1474.024402
-46.7,500,1474.149122
-47.1,500,1474.274062
-47.0,500,1474.398341
-47.2,500,1474.522749
-46.6,500,1474.647804
-47.6,500,1474.772131
-46.7,500,1474.89672
-46.7,500,1475.022241
-46.8,500,1475.146487
-47.0,500,1475.270843
-47.1,500,1475.395102
-46.9,500,1475.519844
-47.6,500,1475.644486
-46.9,500,1475.768709
-46.8,500,1475.892719
-46.7,500,1476.019345
-46.9,500,1476.14459
-47.0,500,1476.269129
-46.6,500,1476.393564
-46.6,500,1476.517805
-47.0,500,1476.643082
-46.8,500,1476.809935
-47.0,500,1476.934786
-47.0,500,1477.059133
-47.1,500,1477.184535
-47.8,500,1477.30907
-47.2,500,1477.433757
-47.1,500,1477.558425
-46.9,500,1477.682821
-46.9,500,1477.807421
-47.1,500,1477.932189
-46.8,500,1478.056462
-47.1,500,1478.18082
-46.7,500,1478.305335
-47.1,500,1478.42969
-46.8,500,1478.554132
-47.1,500,1478.678542
-47.1,500,1478.803747
-46.8,500,1478.928759
-46.8,500,1479.053484
-47.3,500,1479.177894
-47.0,500,1479.302658
-46.6,500,1479.426986
-46.8,500,1479.551947
-47.0,500,1479.676616
-47.0,500,1479.801162
-46.5,500,1479.9261
-47.2,500,1480.05086
-46.6,500,1480.175383
-46.5,500,1480.300569
-47.8,500,1480.426258
-47.0,500,1480.551046
-46.9,500,1480.675756
-46.8,500,1480.800705
-47.9,500,1480.925367
-47.4,500,1481.0526
-47.8,500,1481.177883
-46.7,500,1481.302012
-47.5,500,1481.426983
-46.7,500,1481.551565
-46.6,500,1481.676242
-47.5,500,1481.800261
-46.8,500,1481.924816
-47.7,500,1482.048689
-46.9,500,1482.173119
-46.5,500,1482.297699
-46.7,500,1482.422273
-47.3,500,1482.546608
-46.6,500,1482.67092
-47.6,500,1482.796106
-46.8,500,1482.92031
-46.6,500,1483.044148
-46.8,500,1483.168595
-47.2,500,1483.292874
-46.7,500,1483.417048
-46.7,500,1483.541509
-47.1,500,1483.666633
-47.2,500,1483.790967
-48.7,500,1483.915883
-46.5,500,1484.040094
-46.7,500,1484.164481
-46.5,500,1484.288795
-46.8,500,1484.412978
-46.8,500,1484.537812
-46.8,500,1484.662539
-48.6,500,1484.787244
-46.9,500,1484.912736
-47.0,500,1485.037443
-47.4,500,1485.162167
-47.3,500,1485.287547
-46.8,500,1485.413521
-46.7,500,1485.538546
-46.9,500,1485.663345
-47.1,500,1485.788225
-47.1,500,1485.912469
-47.1,500,1486.038949
-47.1,500,1486.163897
-47.6,500,1486.288399
-47.0,500,1486.412965
-47.0,500,1486.537564
-47.4,500,1486.662566
-46.7,500,1486.787432
-47.0,500,1486.912206
-46.6,500,1487.036871
-46.6,500,1487.161269
-47.2,500,1487.285589
-46.8,500,1487.410324
-47.7,500,1487.534415
-46.8,500,1487.659944
-47.8,500,1487.784327
-47.1,500,1487.90892
-47.8,500,1488.033078
-46.9,500,1488.157433
-46.9,500,1488.281949
-47.1,500,1488.407243
-47.9,500,1488.538282
-48.3,500,1488.66374
-47.4,500,1488.788418
-46.7,500,1488.9132
-47.3,500,1489.037699
-47.2,500,1489.162987
-46.8,500,1489.287614
-46.6,500,1489.412615
-46.7,500,1489.53754
-46.9,500,1489.662105
-46.8,500,1489.786524
-46.9,500,1489.911813
-46.9,500,1490.037077
-46.5,500,1490.16255
-46.8,500,1490.287725
-46.9,500,1490.412417
-47.1,500,1490.537433
-47.1,500,1490.662091
-47.5,500,1490.787215
-48.9,500,1490.947976
-46.7,500,1491.075164
-47.1,500,1491.200421
-46.8,500,1491.324576
-46.8,500,1491.449802
-47.0,500,1491.574447
-46.7,500,1491.698726
-47.3,500,1491.823709
-46.9,500,1491.947596
-47.0,500,1492.071815
-46.8,500,1492.196334
-46.9,500,1492.320847
-47.5,500,1492.445563
-47.1,500,1492.570059
-47.4,500,1492.69396
-46.7,500,1492.818454
-47.3,500,1492.94263
-46.8,500,1493.066968
-46.8,500,1493.191855
-48.0,500,1493.316788
-47.0,500,1493.441516
-46.9,500,1493.56606
-47.2,500,1493.691368
-47.4,500,1493.81605
-46.6,500,1493.940291
-46.8,500,1494.064532
-46.6,500,1494.188654
-46.9,500,1494.312801
-47.0,500,1494.438436
-46.9,500,1494.563986
-46.6,500,1494.6889
-46.9,500,1494.813609
-47.3,500,1494.938846
-47.1,500,1495.063185
-47.1,500,1495.18784
-46.7,500,1495.312945
-48.1,500,1495.438542
-47.8,500,1495.562863
-48.2,500,1495.687431
-47.2,500,1495.812547
-47.7,500,1495.937314
-47.9,500,1496.063682
-46.8,500,1496.190058
-47.5,500,1496.321952
-47.3,500,1496.449701
-46.9,500,1496.574613
-47.6,500,1496.699132
-46.7,500,1496.823839
-46.8,500,1496.94852
-46.6,500,1497.072913
-46.9,500,1497.197236
-46.9,500,1497.321964
-46.9,500,1497.446636
-47.6,500,1497.571621
-46.6,500,1497.696569
-47.1,500,1497.821469
-47.0,500,1497.945962
-46.9,500,1498.070372
-47.8,500,1498.195172
-46.7,500,1498.319747
-47.4,500,1498.443761
-47.9,500,1498.569561
-47.3,500,1498.694587
-47.2,500,1498.819268
-47.5,500,1498.94429
-46.7,500,1499.068961
-47.5,500,1499.193717
-46.6,500,1499.318566
-47.2,500,1499.443487
-47.0,500,1499.568113
-46.7,500,1499.69309
-47.5,500,1499.817764
-47.3,500,1499.942398
-46.5,500,1500.067182
-46.9,500,1500.191521
-47.1,500,1500.315978
-47.2,500,1500.440754
-48.2,500,1500.565045
-47.6,500,1500.6891
-47.2,500,1500.813497
-46.8,500,1500.938711
-46.7,500,1501.065785
-47.0,500,1501.190902
-46.5,500,1501.315871
-46.9,500,1501.440214
-47.1,500,1501.564912
-47.1,500,1501.689944
-47.4,500,1501.814468
-46.9,500,1501.938892
-47.1,500,1502.063257
-46.8,500,1502.187898
-47.0,500,1502.312314
-47.2,500,1502.43814
-47.4,500,1502.563298
-46.5,500,1502.688341
-46.8,500,1502.813311
-47.6,500,1502.938009
-47.3,500,1503.062256
-46.9,500,1503.187513
-47.0,500,1503.312355
-47.5,500,1503.437301
-46.8,500,1503.561567
-46.6,500,1503.687004
-46.9,500,1503.811714
-47.2,500,1503.937101
-48.5,500,1504.062272
-46.7,500,1504.187413
-46.5,500,1504.312108
-46.8,500,1504.436391
-47.1,500,1504.561622
-46.5,500,1504.68662
-48.7,500,1504.8498
-46.7,500,1504.974641
-47.0,500,1505.098748
-47.0,500,1505.223438
-46.7,500,1505.347724
-47.2,500,1505.472486
-46.8,500,1505.596758
-47.5,500,1505.721176
-46.8,500,1505.845316
-47.4,500,1505.970252
-48.2,500,1506.09703
-46.7,500,1506.221589
-46.8,500,1506.345807
-47.7,500,1506.470316
-46.9,500,1506.594926
-46.9,500,1506.719985
-46.8,500,1506.844032
-47.2,500,1506.968608
-48.0,500,1507.092801
-47.3,500,1507.217621
-47.6,500,1507.3423
-46.7,500,1507.469719
-46.6,500,1507.593799
-46.9,500,1507.718348
-47.1,500,1507.843663
-46.9,500,1507.968647
-46.9,500,1508.093105
-47.3,500,1508.217591
-46.7,500,1508.343147
-47.2,500,1508.468119
-47.1,500,1508.592815
-47.2,500,1508.717646
-46.8,500,1508.84221
-46.7,500,1508.966479
-46.8,500,1509.091777
-48.1,500,1509.218062
-47.4,500,1509.342419
-47.4,500,1509.467101
-47.3,500,1509.591436
-47.1,500,1509.716399
-46.5,500,1509.841595
-46.9,500,1509.967304
-47.8,500,1510.091832
-47.0,500,1510.216648
-47.3,500,1510.341044
-47.8,500,1510.4657
-46.9,500,1510.591272
-47.5,500,1510.715537
-47.1,500,1510.840086
-46.8,500,1510.964437
-48.4,500,1511.090834
-47.3,500,1511.216055
-47.6,500,1511.344637
-47.6,500,1511.478268
-47.6,500,1511.60708
-46.9,500,1511.732503
-47.3,500,1511.858797
-46.9,500,1511.984312
-46.9,500,1512.108905
-47.3,500,1512.233602
-48.0,500,1512.358477
-46.7,500,1512.483444
-46.9,500,1512.607932
-47.4,500,1512.732967
-47.1,500,1512.857538
-47.2,500,1512.982003
-47.3,500,1513.106233
-46.7,500,1513.230602
-47.6,500,1513.355149
-47.5,500,1513.48025
-46.5,500,1513.605157
-46.9,500,1513.729922
-47.2,500,1513.854024
-48.1,500,1513.979179
-47.9,500,1514.103809
-47.2,500,1514.228946
-46.5,500,1514.35315
-47.1,500,1514.477589
-47.0,500,1514.602536
-46.7,500,1514.727462
-47.1,500,1514.851646
-47.3,500,1514.976527
-46.9,500,1515.101695
-47.1,500,1515.22656
-46.8,500,1515.351095
-47.1,500,1515.475487
-47.3,500,1515.600108
-46.8,500,1515.724488
-47.2,500,1515.849863
-46.6,500,1515.974389
-46.9,500,1516.100468
-46.8,500,1516.225371
-46.9,500,1516.349595
-47.1,500,1516.473928
-47.3,500,1516.597491
-47.0,500,1516.722693
-46.7,500,1516.847876
-47.6,500,1516.972424
-46.7,500,1517.096943
-46.6,500,1517.221663
-47.8,500,1517.345732
-47.0,500,1517.470171
-46.8,500,1517.595193
-46.7,500,1517.719874
-47.2,500,1517.844631
-47.0,500,1517.969663
-48.2,500,1518.094584
-47.2,500,1518.220515
-46.8,500,1518.367796
-47.4,500,1518.509015
-47.2,500,1518.644712
-47.2,500,1518.79172
-47.1,500,1518.969727
-46.9,500,1519.095816
-46.8,500,1519.220771
-47.6,500,1519.345409
-47.0,500,1519.47033
-46.8,500,1519.595226
-47.3,500,1519.719898
-47.7,500,1519.844293
-46.6,500,1519.969533
-46.9,500,1520.097122
-47.8,500,1520.239542
-47.0,500,1520.364931
-47.3,500,1520.489803
-46.7,500,1520.615441
-46.7,500,1520.741028
-46.9,500,1520.865948
-47.0,500,1520.990279
-47.7,500,1521.116753
-47.4,500,1521.241267
-47.1,500,1521.366601
-46.9,500,1521.491416
-46.8,500,1521.61625
-46.7,500,1521.741071
-47.0,500,1521.865153
-46.9,500,1521.989534
-46.8,500,1522.114409
-46.7,500,1522.238633
-47.5,500,1522.362704
-46.8,500,1522.48704
-47.4,500,1522.611277
-47.3,500,1522.735525
-48.3,500,1522.859739
-47.4,500,1522.984693
-47.1,500,1523.108712
-47.3,500,1523.232953
-47.7,500,1523.357598
-46.7,500,1523.481875
-47.0,500,1523.606226
-46.8,500,1523.73059
-46.7,500,1523.856086
-46.6,500,1523.980628
-47.1,500,1524.10574
-47.4,500,1524.230541
-46.9,500,1524.355441
-47.4,500,1524.479816
-47.4,500,1524.604903
-46.8,500,1524.729515
-47.4,500,1524.85444
-47.3,500,1524.978692
-47.0,500,1525.103658
-47.1,500,1525.227828
-47.3,500,1525.352231
-47.0,500,1525.477451
-47.4,500,1525.601288
-47.4,500,1525.725684
-47.8,500,1525.849911
-46.9,500,1525.974263
-47.6,500,1526.101256
-46.6,500,1526.225937
-47.6,500,1526.350957
-47.1,500,1526.476194
-46.5,500,1526.600258
-47.5,500,1526.724721
-47.7,500,1526.84899
-47.2,500,1526.973202
-47.1,500,1527.097476
-46.5,500,1527.2223
-47.4,500,1527.346383
-46.6,500,1527.470528
-46.9,500,1527.595188
-46.9,500,1527.719878
-46.7,500,1527.844834
-46.6,500,1527.969129
-46.9,500,1528.093614
-46.7,500,1528.218378
-46.5,500,1528.342544
-47.4,500,1528.466423
-47.3,500,1528.590816
-46.8,500,1528.71573
-47.2,500,1528.840534
-46.9,500,1528.964717
-47.1,500,1529.089148
-46.9,500,1529.213691
-47.1,500,1529.338093
-46.9,500,1529.462041
-47.0,500,1529.586821
-47.0,500,1529.711994
-47.1,500,1529.836606
-47.0,500,1529.961448
-46.6,500,1530.086545
-46.7,500,1530.210724
-46.9,500,1530.335107
-47.2,500,1530.459594
-47.1,500,1530.58454
-47.1,500,1530.70976
-47.5,500,1530.834363
-47.2,500,1530.958821
-46.7,500,1531.084979
-47.6,500,1531.2109
-47.7,500,1531.336804
-46.7,500,1531.461378
-46.9,500,1531.585698
-46.8,500,1531.709863
-46.6,500,1531.834472
-47.1,500,1531.958558
-46.5,500,1532.083963
-48.0,500,1532.209364
-47.6,500,1532.334291
-47.0,500,1532.45827
-46.8,500,1532.582908
-46.9,500,1532.707713
-47.1,500,1532.832065
-47.0,500,1532.95666
-47.0,500,1533.08115
-47.6,500,1533.205877
-47.3,500,1533.330641
-47.4,500,1533.454913
-47.7,500,1533.579438
-47.4,500,1533.704278
-47.1,500,1533.869503
-47.1,500,1533.99402
-47.6,500,1534.118173
-47.1,500,1534.242647
-46.7,500,1534.367826
-47.6,500,1534.492702
-46.8,500,1534.617203
-47.5,500,1534.741646
-47.7,500,1534.866543
-47.0,500,1534.990796
-48.3,500,1535.116002
-46.9,500,1535.240225
-46.7,500,1535.364801
-47.0,500,1535.489435
-47.4,500,1535.613975
-47.0,500,1535.73846
-47.0,500,1535.862681
-47.5,500,1535.987591
-46.6,500,1536.114776
-47.0,500,1536.239526
-46.5,500,1536.363964
-47.2,500,1536.487877
-46.9,500,1536.612598
-46.7,500,1536.737855
-46.7,500,1536.862462
-46.7,500,1536.987309
-46.5,500,1537.111734
-46.8,500,1537.236348
-47.3,500,1537.360428
-47.2,500,1537.484899
-46.7,500,1537.609265
-47.0,500,1537.733629
-46.7,500,1537.85794
-46.6,500,1537.982141
-47.2,500,1538.106778
-46.9,500,1538.231544
-46.8,500,1538.356557
-47.7,500,1538.481367
-47.0,500,1538.606109
-46.8,500,1538.730533
-46.8,500,1538.855634
-46.9,500,1538.98048
-46.9,500,1539.105146
-47.3,500,1539.229211
-47.0,500,1539.353825
-46.6,500,1539.478195
-47.4,500,1539.602334
-47.1,500,1539.726719
-47.1,500,1539.851005
-47.1,500,1539.975376
-46.9,500,1540.100529
-47.3,500,1540.224808
-46.6,500,1540.349359
-52.5,500,1540.473657
-47.2,500,1540.598069
-46.9,500,1540.722947
-47.6,500,1540.847729
-47.1,500,1540.972441
-47.0,500,1541.098471
-47.8,500,1541.223161
-46.9,500,1541.348025
-46.7,500,1541.472297
-47.0,500,1541.597157
-47.0,500,1541.721812
-47.7,500,1541.846186
-46.7,500,1541.970511
-46.9,500,1542.095146
-47.2,500,1542.219726
-47.1,500,1542.344901
-47.1,500,1542.469753
-47.2,500,1542.594095
-46.8,500,1542.71882
-47.0,500,1542.843447
-46.8,500,1542.967586
-46.9,500,1543.092228
-46.6,500,1543.216736
-46.9,500,1543.341521
-46.7,500,1543.466049
-46.6,500,1543.590755
-46.8,500,1543.715628
-47.4,500,1543.840998
-47.5,500,1543.965727
-46.7,500,1544.08992
-46.5,500,1544.214599
-46.8,500,1544.338874
-47.5,500,1544.4631
-46.9,500,1544.587757
-46.8,500,1544.713336
-46.8,500,1544.838118
-46.6,500,1544.962132
-47.1,500,1545.086825
-46.8,500,1545.211419
-47.2,500,1545.335642
-47.0,500,1545.460381
-47.3,500,1545.585355
-46.9,500,1545.710331
-47.4,500,1545.834769
-48.0,500,1545.959164
-46.8,500,1546.084839
-47.3,500,1546.210368
-47.6,500,1546.335371
-46.9,500,1546.46028
-46.9,500,1546.585279
-46.9,500,1546.709692
-46.6,500,1546.834914
-47.0,500,1546.960068
-47.3,500,1547.085186
-47.2,500,1547.210937
-47.5,500,1547.336144
-46.5,500,1547.460942
-46.8,500,1547.585773
-46.9,500,1547.710526
-46.9,500,1547.835251
-47.0,500,1547.960188
-47.0,500,1548.127083
-46.8,500,1548.251514
-47.4,500,1548.375395
-48.1,500,1548.500141
-47.0,500,1548.624224
-46.5,500,1548.748371
-47.6,500,1548.873325
-47.1,500,1548.997654
-46.7,500,1549.121904
-47.4,500,1549.246191
-46.9,500,1549.370943
-47.2,500,1549.494815
-47.0,500,1549.619449
-47.4,500,1549.743921
-46.6,500,1549.868515
-47.0,500,1549.992849
-46.7,500,1550.117207
-47.1,500,1550.242059
-47.4,500,1550.366678
-47.4,500,1550.490758
-48.6,500,1550.615321
-46.8,500,1550.739959
-48.3,500,1550.864595
-47.2,500,1550.989528
-47.0,500,1551.116694
-48.8,500,1551.242176
-47.1,500,1551.367931
-47.2,500,1551.492081
-46.9,500,1551.61696
-47.2,500,1551.741275
-46.7,500,1551.866938
-46.6,500,1551.990903
-46.5,500,1552.115617
-46.9,500,1552.240143
-47.3,500,1552.364389
-48.0,500,1552.489253
-47.4,500,1552.613532
-46.7,500,1552.738126
-46.9,500,1552.862348
-46.9,500,1552.986795
-48.1,500,1553.111494
-46.9,500,1553.236278
-46.6,500,1553.360887
-47.2,500,1553.48521
-46.8,500,1553.610699
-46.8,500,1553.735086
-46.7,500,1553.859775
-47.0,500,1553.984431
-47.6,500,1554.109153
-46.7,500,1554.233637
-46.9,500,1554.358111
-47.1,500,1554.482775
-47.5,500,1554.607143
-46.9,500,1554.731528
-48.0,500,1554.856346
-46.7,500,1554.981054
-46.8,500,1555.106036
-47.0,500,1555.231355
-47.1,500,1555.356848
-47.3,500,1555.481798
-46.5,500,1555.606398
-47.0,500,1555.731126
-46.8,500,1555.855581
-47.3,500,1555.980268
-46.9,500,1556.107169
-46.6,500,1556.231603
-47.3,500,1556.356285
-46.8,500,1556.48072
-46.5,500,1556.605077
-46.6,500,1556.729599
-47.9,500,1556.854968
-46.6,500,1556.979378
-48.1,500,1557.104052
-46.8,500,1557.228458
-47.0,500,1557.352786
-46.8,500,1557.476879
-47.0,500,1557.602306
-47.0,500,1557.726871
-47.4,500,1557.851482
-46.7,500,1557.976029
-47.4,500,1558.100727
-46.5,500,1558.225396
-47.5,500,1558.35078
-46.7,500,1558.474999
-47.2,500,1558.599545
-46.8,500,1558.723877
-46.9,500,1558.848343
-47.0,500,1558.972659
-47.3,500,1559.096901
-47.0,500,1559.221985
-46.9,500,1559.346857
-46.6,500,1559.471336
-46.9,500,1559.596064
-47.0,500,1559.720768
-46.8,500,1559.845338
-46.5,500,1559.970742
-46.7,500,1560.095082
-47.5,500,1560.220119
-47.2,500,1560.344231
-47.6,500,1560.469137
-46.9,500,1560.594257
-47.7,500,1560.718508
-46.9,500,1560.843707
-46.9,500,1560.96855
-47.1,500,1561.095357
-47.0,500,1561.221352
-46.8,500,1561.346658
-46.9,500,1561.47112
-47.1,500,1561.595218
-47.4,500,1561.71974
-46.7,500,1561.845426
-47.7,500,1561.969838
-47.4,500,1562.094146
-48.1,500,1562.218869
-46.6,500,1562.343024
-46.9,500,1562.467993
-46.8,500,1562.640961
-46.7,500,1562.765587
-47.3,500,1562.890155
-46.6,500,1563.015613
-46.8,500,1563.141128
-46.5,500,1563.265943
-46.9,500,1563.390922
-47.7,500,1563.515513
-47.3,500,1563.64023
-47.0,500,1563.764679
-47.0,500,1563.890095
-46.9,500,1564.014943
-47.1,500,1564.138932
-47.2,500,1564.263492
-46.5,500,1564.38856
-48.2,500,1564.512727
-47.1,500,1564.637826
-46.6,500,1564.76298
-46.8,500,1564.887812
-46.9,500,1565.012307
-46.9,500,1565.137213
-47.5,500,1565.261899
-46.9,500,1565.386262
-46.8,500,1565.510366
-47.5,500,1565.635745
-46.7,500,1565.760908
-47.2,500,1565.886013
-47.4,500,1566.011298
-46.7,500,1566.138446
-48.4,500,1566.264332
-48.2,500,1566.390258
-46.7,500,1566.515566
-48.2,500,1566.640932
-46.9,500,1566.765854
-47.4,500,1566.890785
-47.9,500,1567.016077
-47.5,500,1567.141227
-47.8,500,1567.26657
-47.0,500,1567.391769
-46.7,500,1567.516891
-47.0,500,1567.642713
-47.0,500,1567.768359
-46.9,500,1567.892691
-47.2,500,1568.017728
-48.1,500,1568.142799
-47.1,500,1568.267971
-47.1,500,1568.393141
-47.5,500,1568.518451
-46.5,500,1568.644287
-47.4,500,1568.77032
-47.1,500,1568.895589
-46.6,500,1569.02071
-47.4,500,1569.145776
-47.1,500,1569.270616
-46.8,500,1569.395608
-47.3,500,1569.521045
-47.9,500,1569.646634
-47.5,500,1569.771548
-47.0,500,1569.896864
-47.7,500,1570.022244
-46.7,500,1570.147622
-46.8,500,1570.273231
-46.8,500,1570.398612
-47.1,500,1570.523654
-47.0,500,1570.648435
-46.8,500,1570.773667
-46.7,500,1570.898751
-47.0,500,1571.023509
-46.9,500,1571.150679
-47.0,500,1571.275957
-47.1,500,1571.401777
-46.9,500,1571.527161
-46.7,500,1571.652337
-47.3,500,1571.777676
-46.5,500,1571.903098
-46.7,500,1572.028816
-48.1,500,1572.153744
-47.6,500,1572.279118
-47.3,500,1572.404538
-47.5,500,1572.529483
-46.7,500,1572.655828
-47.1,500,1572.781302
-46.8,500,1572.906878
-46.5,500,1573.032177
-47.0,500,1573.157594
-47.2,500,1573.28308
-47.3,500,1573.409022
-46.7,500,1573.534652
-47.4,500,1573.660361
-46.9,500,1573.785436
-47.2,500,1573.910721
-46.8,500,1574.03582
-46.8,500,1574.162656
-47.1,500,1574.288376
-46.8,500,1574.413171
-47.6,500,1574.538327
-47.0,500,1574.663613
-47.4,500,1574.788766
-47.0,500,1574.914088
-47.1,500,1575.040055
-46.7,500,1575.165588
-47.4,500,1575.29059
-46.7,500,1575.415692
-47.9,500,1575.541062
-46.6,500,1575.666524
-47.4,500,1575.791889
-47.6,500,1575.917178
-47.3,500,1576.042582
-47.3,500,1576.169844
-46.8,500,1576.294791
-46.5,500,1576.420461
-46.8,500,1576.545461
-47.7,500,1576.670293
-46.9,500,1576.795688
-46.7,500,1576.920494
-47.3,500,1577.082755
-47.6,500,1577.207745
-47.2,500,1577.33246
-46.5,500,1577.457193
-46.9,500,1577.58145
-47.2,500,1577.70636
-46.9,500,1577.831911
-47.6,500,1577.956999
-47.6,500,1578.081605
-46.7,500,1578.20641
-48.1,500,1578.332678
-47.6,500,1578.457524
-47.0,500,1578.583158
-46.7,500,1578.707615
-47.2,500,1578.832815
-46.8,500,1578.957568
-47.0,500,1579.082017
-47.6,500,1579.206677
-47.3,500,1579.331081
-47.7,500,1579.456347
-47.3,500,1579.581382
-46.9,500,1579.706296
-47.0,500,1579.831158
-47.0,500,1579.955793
-46.6,500,1580.080197
-46.7,500,1580.206233
-47.3,500,1580.331432
-47.0,500,1580.456375
-47.4,500,1580.581257
-47.0,500,1580.706447
-46.7,500,1580.831519
-47.3,500,1580.956607
-47.0,500,1581.081663
-47.2,500,1581.209208
-47.5,500,1581.333798
-46.7,500,1581.458573
-47.7,500,1581.582403
-47.0,500,1581.706071
-47.1,500,1581.830378
-46.8,500,1581.954721
-48.3,500,1582.079111
-47.3,500,1582.202875
-47.2,500,1582.327231
-46.6,500,1582.45128
-47.1,500,1582.575393
-46.7,500,1582.700263
-46.5,500,1582.825001
-47.5,500,1582.949268
-46.9,500,1583.073469
-47.2,500,1583.19749
-47.2,500,1583.3219
-46.8,500,1583.44633
-47.0,500,1583.570928
-46.8,500,1583.694949
-46.6,500,1583.819038
-46.6,500,1583.943426
-47.0,500,1584.067866
-47.6,500,1584.192154
-47.1,500,1584.317132
-47.6,500,1584.441335
-47.1,500,1584.565624
-47.8,500,1584.689837
-47.4,500,1584.814339
-47.5,500,1584.938749
-46.9,500,1585.063136
-46.7,500,1585.188574
-46.7,500,1585.312576
-46.6,500,1585.437332
-46.9,500,1585.561816
-47.6,500,1585.686442
-46.8,500,1585.811321
-46.8,500,1585.935511
-47.3,500,1586.06056
-46.9,500,1586.187087
-47.0,500,1586.311639
-47.2,500,1586.436626
-46.5,500,1586.560759
-46.9,500,1586.685261
-46.7,500,1586.810233
-47.5,500,1586.934608
-47.1,500,1587.05898
-46.9,500,1587.183352
-47.5,500,1587.325651
-46.8,500,1587.463129
-47.3,500,1587.602783
-46.7,500,1587.73687
-47.1,500,1587.881382
-47.0,500,1588.008272
-46.6,500,1588.133718
-46.8,500,1588.258925
-47.1,500,1588.383957
-47.1,500,1588.508874
-46.7,500,1588.633525
-47.6,500,1588.758858
-47.3,500,1588.883622
-47.4,500,1589.008883
-47.2,500,1589.138343
-47.0,500,1589.279398
-47.2,500,1589.405119
-46.7,500,1589.530317
-47.4,500,1589.655814
-47.6,500,1589.780784
-46.8,500,1589.90589
-47.0,500,1590.030758
-47.2,500,1590.15595
-47.1,500,1590.280975
-47.0,500,1590.405476
-47.4,500,1590.529136
-46.9,500,1590.653502
-47.4,500,1590.777969
-46.7,500,1590.90248
-46.6,500,1591.027423
-46.9,500,1591.153239
-47.5,500,1591.27779
-47.0,500,1591.402718
-46.8,500,1591.527139
-47.2,500,1591.693912
-46.9,500,1591.818722
-46.8,500,1591.943206
-46.6,500,1592.067772
-47.2,500,1592.194263
-46.6,500,1592.329713
-46.7,500,1592.455581
-47.9,500,1592.580032
-47.4,500,1592.704967
-47.2,500,1592.82972
-48.0,500,1592.954293
-47.0,500,1593.079999
-46.8,500,1593.205296
-46.9,500,1593.330123
-46.7,500,1593.454584
-46.8,500,1593.578887
-47.5,500,1593.703619
-47.3,500,1593.827967
-46.6,500,1593.952903
-47.0,500,1594.078167
-47.7,500,1594.202871
-46.8,500,1594.327185
-47.1,500,1594.454609
-47.4,500,1594.581055
-47.3,500,1594.706231
-46.7,500,1594.830082
-47.4,500,1594.954884
-47.3,500,1595.079522
-47.5,500,1595.20388
-47.5,500,1595.328599
-47.3,500,1595.453063
-47.4,500,1595.577706
-46.7,500,1595.702616
-46.5,500,1595.826834
-47.8,500,1595.951548
-46.9,500,1596.07619
-47.2,500,1596.202491
-46.6,500,1596.327448
-47.3,500,1596.452369
-46.8,500,1596.57802
-47.2,500,1596.702612
-47.2,500,1596.827211
-47.0,500,1596.951413
-47.0,500,1597.075702
-47.1,500,1597.200043
-46.9,500,1597.324283
-47.4,500,1597.449032
-46.8,500,1597.572925
-47.0,500,1597.697502
-46.8,500,1597.822521
-47.7,500,1597.947117
-46.8,500,1598.071371
-46.9,500,1598.19615
-46.7,500,1598.321053
-46.9,500,1598.445741
-47.3,500,1598.570213
-46.9,500,1598.694863
-46.6,500,1598.819131
-46.6,500,1598.944193
-46.9,500,1599.069078
-47.8,500,1599.193633
-46.9,500,1599.318338
-46.8,500,1599.442662
-46.5,500,1599.566652
-46.8,500,1599.690629
-46.9,500,1599.815734
-47.3,500,1599.939996
-47.4,500,1600.064314
-47.2,500,1600.189034
-46.8,500,1600.313796
-47.1,500,1600.438845
-47.1,500,1600.563138
-47.1,500,1600.688016
-47.0,500,1600.81251
-46.9,500,1600.936878
-47.2,500,1601.061461
-47.1,500,1601.187312
-47.3,500,1601.312869
-47.4,500,1601.4375
-47.1,500,1601.562542
-47.5,500,1601.686951
-47.3,500,1601.811287
-47.3,500,1601.935742
-46.7,500,1602.060192
-47.6,500,1602.185663
-47.2,500,1602.310719
-47.4,500,1602.435363
-46.5,500,1602.55971
-47.6,500,1602.684459
-46.5,500,1602.809504
-46.6,500,1602.934047
-47.2,500,1603.058959
-46.7,500,1603.18365
-47.2,500,1603.308123
-46.8,500,1603.432455
-46.8,500,1603.556685
-46.7,500,1603.681072
-46.7,500,1603.80622
-47.6,500,1603.930462
-46.9,500,1604.055619
-47.2,500,1604.179918
-47.0,500,1604.304578
-46.8,500,1604.429039
-46.9,500,1604.56233
-46.6,500,1604.700993
-47.1,500,1604.841736
-47.2,500,1604.983107
-46.8,500,1605.128302
-47.3,500,1605.272771
-47.4,500,1605.4192
-47.2,500,1605.560833
-46.9,500,1605.703296
-47.6,500,1605.844393
-46.7,500,1605.98227
-46.9,500,1606.12264
-47.0,500,1606.266606
-46.9,500,1606.406148
-47.2,500,1606.54638
-46.7,500,1606.685493
-47.7,500,1606.826532
-47.1,500,1606.967628
-47.4,500,1607.139684
-48.4,500,1607.28033
-46.8,500,1607.421666
-46.8,500,1607.562833
-47.0,500,1607.705017
-47.0,500,1607.845374
-47.2,500,1607.986311
-47.2,500,1608.12822
-46.9,500,1608.269335
-47.7,500,1608.40291
-46.5,500,1608.540066
-46.7,500,1608.68263
-47.1,500,1608.812716
-47.3,500,1608.937127
-46.7,500,1609.06523
-46.8,500,1609.192939
-46.7,500,1609.319089
-46.8,500,1609.443958
-46.9,500,1609.569114
-46.9,500,1609.694179
-47.1,500,1609.818522
-46.9,500,1609.943124
-46.9,500,1610.067637
-47.3,500,1610.192616
-46.9,500,1610.317747
-46.6,500,1610.442104
-47.6,500,1610.566819
-47.3,500,1610.691395
-46.8,500,1610.815955
-47.3,500,1610.941571
-47.0,500,1611.066182
-46.7,500,1611.192733
-46.9,500,1611.317708
-46.8,500,1611.442386
-46.8,500,1611.566614
-47.1,500,1611.692686
-46.8,500,1611.817781
-47.4,500,1611.94239
-47.1,500,1612.066953
-47.0,500,1612.191268
-47.5,500,1612.315694
-46.9,500,1612.439506
-46.7,500,1612.564888
-46.7,500,1612.689625
-47.4,500,1612.814128
-46.7,500,1612.938574
-46.8,500,1613.063247
-46.9,500,1613.187479
-47.7,500,1613.312519
-47.2,500,1613.437806
-47.6,500,1613.562685
-46.7,500,1613.687182
-47.7,500,1613.813401
-47.6,500,1613.937727
-48.6,500,1614.062315
-46.9,500,1614.18646
-46.7,500,1614.310973
-46.8,500,1614.435697
-47.3,500,1614.560305
-47.8,500,1614.684797
-47.0,500,1614.809505
-46.5,500,1614.934997
-47.7,500,1615.060856
-47.8,500,1615.186353
-46.9,500,1615.311084
-47.0,500,1615.436067
-47.6,500,1615.56065
-47.0,500,1615.685446
-47.3,500,1615.810617
-46.8,500,1615.936819
-47.0,500,1616.061819
-46.5,500,1616.188215
-47.4,500,1616.312984
-47.7,500,1616.438077
-47.6,500,1616.563162
-47.2,500,1616.688077
-46.8,500,1616.81259
-47.1,500,1616.936774
-46.7,500,1617.061693
-47.0,500,1617.186712
-46.8,500,1617.311606
-46.9,500,1617.439573
-47.6,500,1617.564396
-46.8,500,1617.689087
-46.6,500,1617.813968
-46.6,500,1617.9389
-46.8,500,1618.067723
-49.4,500,1618.194118
-47.1,500,1618.321961
-46.9,500,1618.451383
-47.0,500,1618.578156
-46.8,500,1618.707373
-46.7,500,1618.839121
-46.7,500,1618.964953
-47.1,500,1619.090225
-47.1,500,1619.21817
-48.0,500,1619.347194
-47.0,500,1619.479869
-47.2,500,1619.610847
-47.3,500,1619.738793
-47.0,500,1619.866851
-48.1,500,1619.994943
-47.2,500,1620.13972
-47.2,500,1620.275405
-47.3,500,1620.410984
-47.5,500,1620.546065
-47.6,500,1620.680141
-46.8,500,1620.81912
-46.7,500,1620.952554
-47.5,500,1621.08967
-46.9,500,1621.272033
-47.3,500,1621.421424
-47.0,500,1621.558503
-47.4,500,1621.695251
-47.6,500,1621.833618
-47.0,500,1621.969436
-47.0,500,1622.107674
-46.6,500,1622.24319
-47.8,500,1622.380051
-47.1,500,1622.511873
-46.9,500,1622.643751
-46.7,500,1622.770504
-47.0,500,1622.909119
-47.3,500,1623.048299
-47.3,500,1623.186721
-47.0,500,1623.327638
-47.9,500,1623.472839
-47.3,500,1623.616924
-47.2,500,1623.760174
-47.6,500,1623.903009
-46.8,500,1624.044234
-47.3,500,1624.182243
-47.4,500,1624.322606
-47.0,500,1624.457776
-46.9,500,1624.597186
-47.2,500,1624.736939
-48.4,500,1624.876459
-46.9,500,1625.01607
-47.7,500,1625.157861
-48.2,500,1625.298849
-47.4,500,1625.438652
-47.7,500,1625.579627
-46.6,500,1625.720841
-46.7,500,1625.861174
-47.1,500,1626.001508
-47.4,500,1626.142445
-46.7,500,1626.284075
-47.4,500,1626.424009
-46.7,500,1626.563576
-47.3,500,1626.705639
-47.6,500,1626.840134
-48.0,500,1626.980643
-46.7,500,1627.121114
-46.9,500,1627.262854
-47.4,500,1627.402144
-47.1,500,1627.541944
-48.1,500,1627.688935
-47.1,500,1627.834108
-47.0,500,1627.977976
-47.3,500,1628.124105
-47.0,500,1628.26541
-47.4,500,1628.40547
-46.7,500,1628.546034
-47.0,500,1628.685121
-48.1,500,1628.824735
-46.5,500,1628.96532
-47.2,500,1629.105294
-47.3,500,1629.245202
-47.0,500,1629.387167
-47.1,500,1629.526654
-47.4,500,1629.666456
-46.9,500,1629.805986
-47.3,500,1629.946832
-47.0,500,1630.086476
-46.9,500,1630.22653
-46.8,500,1630.367103
-47.7,500,1630.506937
-47.0,500,1630.646907
-46.8,500,1630.788715
-48.3,500,1630.929277
-47.0,500,1631.069269
-47.0,500,1631.211998
-46.9,500,1631.352228
-47.4,500,1631.491905
-46.8,500,1631.623489
-47.1,500,1631.769644
-47.0,500,1631.904897
-46.7,500,1632.035636
-47.4,500,1632.164251
-47.0,500,1632.291544
-46.5,500,1632.434796
-47.0,500,1633.185005
-46.6,500,1633.534786
-47.0,500,1633.781187
-47.0,500,1633.963161
-46.9,500,1634.133602
-46.9,500,1634.265475
-46.8,500,1634.396653
-47.1,500,1634.527459
-46.8,500,1634.657333
-46.8,500,1634.787128
-47.1,500,1634.962928
-47.4,500,1635.088998
-47.2,500,1635.215886
-47.2,500,1635.341577
-48.4,500,1635.466767
-46.9,500,1635.592324
-47.4,500,1635.718245
-46.6,500,1635.844764
-47.5,500,1635.970922
-47.3,500,1636.097642
-46.8,500,1636.225537
-46.6,500,1636.351557
-47.3,500,1636.523923
-47.8,500,1636.65353
-47.0,500,1636.779624
-46.9,500,1636.911236
-46.5,500,1637.039427
-46.8,500,1637.165038
-46.9,500,1637.289675
-46.6,500,1637.414302
-46.8,500,1637.538696
-47.5,500,1637.670754
-47.3,500,1637.801583
-47.0,500,1637.927079
-47.1,500,1638.052327
-47.7,500,1638.176992
-47.2,500,1638.3023
-46.9,500,1638.427492
-46.6,500,1638.551952
-47.0,500,1638.678011
-47.4,500,1638.802164
-46.8,500,1638.926611
-47.4,500,1639.050557
-46.9,500,1639.175715
-46.6,500,1639.300747
-46.9,500,1639.424948
-47.2,500,1639.550626
-46.6,500,1639.67535
-47.3,500,1639.799956
-47.4,500,1639.924346
-46.8,500,1640.048705
-46.7,500,1640.172979
-46.8,500,1640.298026
-46.6,500,1640.42221
-47.7,500,1640.546752
-47.1,500,1640.6711
-46.9,500,1640.795607
-47.7,500,1640.920707
-47.0,500,1641.045307
-47.7,500,1641.170909
-46.9,500,1641.297502
-47.0,500,1641.422756
-48.2,500,1641.547899
-46.6,500,1641.673155
-46.5,500,1641.797575
-46.6,500,1641.921432
-46.8,500,1642.046171
-47.1,500,1642.171247
-46.7,500,1642.295618
-47.0,500,1642.420222
-46.9,500,1642.544796
-46.8,500,1642.669294
-46.6,500,1642.794405
-46.6,500,1642.918946
-47.4,500,1643.043647
-48.0,500,1643.168365
-47.4,500,1643.292994
-47.3,500,1643.417611
-47.3,500,1643.541909
-46.6,500,1643.666337
-46.7,500,1643.791032
-47.1,500,1643.915787
-47.5,500,1644.040414
-47.1,500,1644.164915
-47.4,500,1644.299792
-46.7,500,1644.444333
-46.9,500,1644.582563
-46.8,500,1644.723509
-47.2,500,1644.860814
-46.7,500,1644.998097
-46.9,500,1645.123808
-46.8,500,1645.248889
-46.6,500,1645.373827
-46.9,500,1645.498608
-46.8,500,1645.623754
-46.5,500,1645.748432
-47.4,500,1645.873003
-46.9,500,1645.997528
-46.8,500,1646.125212
-47.6,500,1646.270457
-46.9,500,1646.395676
-46.6,500,1646.520176
-46.8,500,1646.644994
-46.8,500,1646.769139
-46.8,500,1646.893477
-47.1,500,1647.018486
-47.3,500,1647.143994
-46.9,500,1647.268853
-46.7,500,1647.393436
-47.0,500,1647.517965
-46.7,500,1647.642404
-47.7,500,1647.767348
-48.0,500,1647.8919
-46.8,500,1648.016637
-47.1,500,1648.141162
-47.4,500,1648.265748
-47.8,500,1648.400369
-47.3,500,1648.530098
-47.1,500,1648.686808
-46.6,500,1648.821817
-46.5,500,1648.947649
-47.0,500,1649.089949
-47.4,500,1649.219119
-47.0,500,1649.346001
-48.2,500,1649.471696
-47.3,500,1649.596808
-46.7,500,1649.72208
-47.1,500,1649.846949
-47.2,500,1649.971561
-46.7,500,1650.096121
-46.8,500,1650.2207
-46.7,500,1650.345129
-46.9,500,1650.469781
-47.1,500,1650.594421
-47.2,500,1650.718596
-46.9,500,1650.843679
-47.2,500,1650.968278
-47.0,500,1651.092484
-47.3,500,1651.247784
-47.1,500,1651.382089
-46.8,500,1651.506692
-47.4,500,1651.631105
-47.5,500,1651.755932
-46.7,500,1651.880919
-47.3,500,1652.005829
-47.4,500,1652.129988
-46.9,500,1652.254858
-47.2,500,1652.379371
-46.5,500,1652.504558
-46.5,500,1652.630501
-46.7,500,1652.755547
-48.0,500,1652.879694
-46.9,500,1653.004381
-47.3,500,1653.129199
-47.0,500,1653.254329
-46.7,500,1653.379748
-46.9,500,1653.504389
-46.9,500,1653.629443
-47.1,500,1653.754372
-46.9,500,1653.878543
-46.7,500,1654.004017
-47.3,500,1654.128539
-46.5,500,1654.253378
-47.2,500,1654.377645
-47.0,500,1654.502173
-46.9,500,1654.626631
-46.9,500,1654.752081
-47.0,500,1654.877936
-47.0,500,1655.002862
-46.7,500,1655.127921
-46.6,500,1655.25248
-47.2,500,1655.376791
-47.0,500,1655.50208
-46.9,500,1655.627767
-47.2,500,1655.753471
-47.0,500,1655.878495
-46.8,500,1656.002846
-47.4,500,1656.127702
-47.4,500,1656.254676
-47.2,500,1656.380481
-46.9,500,1656.505523
-46.8,500,1656.630393
-46.8,500,1656.754981
-47.6,500,1656.879274
-47.0,500,1657.004503
-47.8,500,1657.129459
-47.2,500,1657.254442
-46.8,500,1657.37938
-47.3,500,1657.503768
-47.2,500,1657.628417
-46.7,500,1657.75262
-46.6,500,1657.877715
-47.2,500,1658.002387
-48.2,500,1658.126932
-46.9,500,1658.251435
-47.1,500,1658.376026
-47.4,500,1658.501086
-46.5,500,1658.626055
-47.5,500,1658.751463
-46.9,500,1658.87621
-47.8,500,1659.000755
-46.7,500,1659.126131
-46.7,500,1659.250935
-46.9,500,1659.375761
-46.6,500,1659.500749
-46.9,500,1659.625164
-46.7,500,1659.750138
-46.9,500,1659.87528
-46.6,500,1660.000411
-46.7,500,1660.124975
-46.7,500,1660.249627
-47.4,500,1660.375329
-47.3,500,1660.500715
-46.8,500,1660.625507
-47.7,500,1660.749841
-46.5,500,1660.874321
-46.7,500,1660.998993
-46.8,500,1661.123936
-46.9,500,1661.250888
-46.5,500,1661.375549
-47.1,500,1661.500299
-47.4,500,1661.624363
-47.0,500,1661.749388
-47.2,500,1661.873622
-47.2,500,1661.998694
-47.6,500,1662.122983
-47.5,500,1662.247915
-47.0,500,1662.372226
-47.4,500,1662.49669
-47.2,500,1662.620505
-47.0,500,1662.745045
-46.7,500,1662.870082
-47.6,500,1662.995252
-47.3,500,1663.120113
-47.1,500,1663.244754
-47.7,500,1663.36922
-47.5,500,1663.49395
-47.5,500,1663.619034
-47.7,500,1663.744098
-55.1,500,1663.868824
-46.9,500,1663.993217
-47.2,500,1664.118062
-47.4,500,1664.242593
-46.7,500,1664.367301
-46.9,500,1664.492579
-47.9,500,1664.618249
-47.2,500,1664.742287
-46.7,500,1664.867185
-47.1,500,1664.991759
-47.2,500,1665.116207
-46.8,500,1665.240535
-47.5,500,1665.365397
-46.7,500,1665.490146
-47.5,500,1665.61392
-47.5,500,1665.738285
-47.3,500,1665.862739
-47.0,500,1665.987165
-47.1,500,1666.11251
-47.8,500,1666.238578
-46.9,500,1666.363213
-46.5,500,1666.487563
-46.7,500,1666.612285
-47.0,500,1666.778445
-46.7,500,1666.902665
-46.7,500,1667.026958
-46.6,500,1667.151291
-47.6,500,1667.275469
-47.5,500,1667.400414
-47.8,500,1667.525221
-47.1,500,1667.649582
-47.5,500,1667.773428
-47.7,500,1667.897734
-46.7,500,1668.022299
-47.9,500,1668.145966
-46.7,500,1668.271034
-47.0,500,1668.39541
-47.0,500,1668.519688
-48.5,500,1668.644388
-47.5,500,1668.76896
-48.4,500,1668.893195
-46.8,500,1669.018413
-47.2,500,1669.143338
-46.5,500,1669.267903
-46.7,500,1669.391898
-47.7,500,1669.516189
-47.5,500,1669.640926
-46.9,500,1669.766038
-47.1,500,1669.890683
-47.5,500,1670.015422
-46.9,500,1670.139779
-47.4,500,1670.264225
-46.8,500,1670.389006
-47.0,500,1670.513581
-47.8,500,1670.638649
-47.3,500,1670.763117
-46.6,500,1670.887834
-47.0,500,1671.012022
-47.9,500,1671.137401
-46.8,500,1671.263346
-46.7,500,1671.388354
-46.9,500,1671.51315
-48.2,500,1671.638968
-47.4,500,1671.763947
-46.8,500,1671.887905
-46.8,500,1672.012839
-47.8,500,1672.13748
-46.7,500,1672.263326
-47.3,500,1672.389771
-47.9,500,1672.515082
-47.0,500,1672.639675
-46.5,500,1672.764411
-47.1,500,1672.888679
-46.9,500,1673.013091
-48.4,500,1673.137293
-47.0,500,1673.262517
-46.5,500,1673.387488
-46.8,500,1673.51209
-46.8,500,1673.637157
-46.9,500,1673.761878
-47.7,500,1673.886348
-46.6,500,1674.010538
-46.5,500,1674.13544
-47.1,500,1674.260205
-46.9,500,1674.385268
-47.3,500,1674.513876
-46.7,500,1674.638976
-46.7,500,1674.763564
-46.8,500,1674.889156
-47.9,500,1675.013917
-47.4,500,1675.141808
-46.7,500,1675.266566
-47.2,500,1675.390993
-46.7,500,1675.515601
-47.2,500,1675.640067
-47.2,500,1675.764405
-46.6,500,1675.889089
-46.7,500,1676.013986
-47.4,500,1676.139058
-47.2,500,1676.265102
-47.0,500,1676.390318
-46.9,500,1676.515477
-47.4,500,1676.639857
-46.7,500,1676.764615
-46.8,500,1676.889447
-47.2,500,1677.014169
-47.9,500,1677.138758
-47.4,500,1677.262705
-46.9,500,1677.387631
-46.6,500,1677.512241
-46.9,500,1677.636783
-46.6,500,1677.76131
-47.6,500,1677.88611
-47.9,500,1678.010385
-46.9,500,1678.13485
-47.3,500,1678.260612
-47.5,500,1678.385155
-48.0,500,1678.509918
-47.3,500,1678.635085
-47.3,500,1678.759608
-46.8,500,1678.883944
-46.9,500,1679.00806
-47.8,500,1679.140629
-47.4,500,1679.27138
-46.8,500,1679.396693
-47.3,500,1679.521568
-47.1,500,1679.646112
-47.0,500,1679.770903
-47.4,500,1679.895774
-46.9,500,1680.019907
-46.9,500,1680.144254
-46.7,500,1680.268693
-46.5,500,1680.392888
-46.7,500,1680.51869
-47.1,500,1680.643345
-47.3,500,1680.767736
-47.0,500,1680.892134
-46.9,500,1681.016499
-48.3,500,1681.182037
-47.3,500,1681.30861
-46.7,500,1681.433159
-47.4,500,1681.557959
-46.7,500,1681.682477
-47.5,500,1681.806929
-47.1,500,1681.932302
-47.0,500,1682.056818
-47.4,500,1682.18136
-46.9,500,1682.305614
-46.5,500,1682.430341
-46.8,500,1682.555533
-47.4,500,1682.681976
-47.0,500,1682.807378
-47.2,500,1682.931743
-47.3,500,1683.056271
-47.8,500,1683.1805
-47.0,500,1683.304938
-46.8,500,1683.429332
-47.4,500,1683.553873
-46.7,500,1683.678752
-47.5,500,1683.803442
-47.1,500,1683.927888
-47.6,500,1684.052818
-47.1,500,1684.177357
-47.1,500,1684.302077
-47.4,500,1684.427095
-47.5,500,1684.551949
-46.8,500,1684.675869
-46.7,500,1684.800257
-46.8,500,1684.925003
-48.1,500,1685.050561
-47.2,500,1685.175922
-47.0,500,1685.300716
-47.1,500,1685.425181
-48.1,500,1685.549969
-48.3,500,1685.674174
-46.7,500,1685.79889
-48.7,500,1685.923312
-47.0,500,1686.047651
-46.8,500,1686.17219
-47.4,500,1686.298282
-46.8,500,1686.423494
-46.8,500,1686.548234
-47.2,500,1686.676792
-47.7,500,1686.80261
-46.9,500,1686.927093
-47.1,500,1687.051482
-47.3,500,1687.176603
-46.7,500,1687.30128
-46.9,500,1687.426011
-47.0,500,1687.551321
-46.9,500,1687.675565
-46.9,500,1687.800458
-46.7,500,1687.925391
-46.6,500,1688.049569
-46.9,500,1688.17402
-47.3,500,1688.29907
-46.8,500,1688.4232
-46.8,500,1688.547716
-46.8,500,1688.672874
-46.7,500,1688.797576
-47.2,500,1688.921799
-47.0,500,1689.046599
-47.1,500,1689.171982
-46.8,500,1689.296844
-46.9,500,1689.421254
-47.3,500,1689.545532
-46.7,500,1689.669977
-46.7,500,1689.79439
-47.3,500,1689.920537
-46.6,500,1690.044456
-47.2,500,1690.169114
-46.9,500,1690.293201
-47.3,500,1690.417659
-47.6,500,1690.542045
-46.9,500,1690.666916
-46.7,500,1690.791921
-47.0,500,1690.917106
-47.3,500,1691.041676
-46.7,500,1691.16691
-47.2,500,1691.292875
-46.6,500,1691.417699
-47.0,500,1691.546731
-47.1,500,1691.680912
-46.9,500,1691.807058
-47.3,500,1691.932551
-46.7,500,1692.05701
-46.9,500,1692.181706
-47.0,500,1692.307385
-46.9,500,1692.432425
-46.9,500,1692.556625
-47.3,500,1692.681033
-47.3,500,1692.80565
-47.1,500,1692.93008
-46.5,500,1693.056704
-47.3,500,1693.181803
-46.9,500,1693.306293
-46.6,500,1693.430928
-47.7,500,1693.555578
-47.1,500,1693.680422
-47.0,500,1693.805448
-47.8,500,1693.930725
-46.7,500,1694.055618
-46.7,500,1694.180366
-46.5,500,1694.305513
-47.0,500,1694.429795
-46.7,500,1694.553961
-48.0,500,1694.678686
-48.0,500,1694.804216
-46.7,500,1694.928858
-46.8,500,1695.053568
-47.1,500,1695.178154
-47.0,500,1695.302592
-46.9,500,1695.427847
-47.1,500,1695.552604
-47.1,500,1695.714371
-47.1,500,1695.839031
-46.7,500,1695.964253
-47.3,500,1696.088889
-47.2,500,1696.213823
-47.4,500,1696.340558
-47.1,500,1696.465693
-46.9,500,1696.59073
-46.9,500,1696.715524
-47.1,500,1696.839861
-47.3,500,1696.964719
-47.0,500,1697.088965
-46.9,500,1697.213215
-46.8,500,1697.337576
-47.1,500,1697.46284
-47.8,500,1697.587332
-46.5,500,1697.713954
-46.6,500,1697.838326
-46.5,500,1697.963196
-47.5,500,1698.087534
-47.1,500,1698.213298
-46.9,500,1698.338933
-46.6,500,1698.463521
-46.8,500,1698.588689
-47.1,500,1698.71349
-47.7,500,1698.837574
-47.7,500,1698.96193
-47.0,500,1699.086871
-47.4,500,1699.211325
-46.9,500,1699.335678
-46.5,500,1699.460394
-46.7,500,1699.591264
-47.0,500,1699.722018
-47.2,500,1699.848443
-47.1,500,1699.974574
-47.2,500,1700.099405
-47.1,500,1700.223522
-46.8,500,1700.34815
-47.4,500,1700.472464
-47.4,500,1700.598127
-47.1,500,1700.722671
-47.4,500,1700.847173
-47.0,500,1700.971449
-47.0,500,1701.096155
-47.0,500,1701.221113
-48.6,500,1701.348986
-47.5,500,1701.473711
-46.7,500,1701.598211
-47.0,500,1701.72296
-46.8,500,1701.848344
-47.3,500,1701.972812
-47.0,500,1702.097204
-47.5,500,1702.222632
-47.5,500,1702.347483
-47.1,500,1702.472289
-46.6,500,1702.596608
-47.1,500,1702.721959
-47.4,500,1702.846109
-47.1,500,1702.971274
-47.6,500,1703.097651
-46.9,500,1703.22248
-47.3,500,1703.347372
-47.4,500,1703.471797
-46.8,500,1703.596217
-47.0,500,1703.721521
-47.4,500,1703.846034
-47.0,500,1703.970938
-46.6,500,1704.095164
-46.9,500,1704.219913
-47.6,500,1704.344435
-47.0,500,1704.469861
-46.8,500,1704.594507
-46.8,500,1704.718709
-47.5,500,1704.842898
-47.2,500,1704.967785
-46.7,500,1705.091924
-48.3,500,1705.216157
-47.4,500,1705.340163
-47.7,500,1705.46514
-47.2,500,1705.589915
-46.9,500,1705.7142
-47.3,500,1705.838016
-47.0,500,1705.962672
-47.8,500,1706.086743
-47.0,500,1706.211274
-46.9,500,1706.337841
-47.3,500,1706.462398
-47.0,500,1706.587223
-47.2,500,1706.712187
-46.9,500,1706.836905
-47.3,500,1706.961332
-47.1,500,1707.08541
-47.3,500,1707.209932
-48.4,500,1707.33464
-47.4,500,1707.459514
-46.9,500,1707.583895
-46.5,500,1707.708007
-47.2,500,1707.832321
-47.9,500,1707.957493
-47.2,500,1708.081897
-48.4,500,1708.206666
-47.0,500,1708.349253
-47.1,500,1708.487472
-46.9,500,1708.627279
-46.8,500,1708.767745
-47.0,500,1708.906706
-46.7,500,1709.032324
-47.1,500,1709.158643
-46.8,500,1709.283511
-46.9,500,1709.407452
-47.0,500,1709.531549
-46.8,500,1709.656332
-47.3,500,1709.791952
-47.5,500,1709.917989
-47.9,500,1710.043589
-46.9,500,1710.234252
-47.2,500,1710.359945
-46.9,500,1710.484846
-47.1,500,1710.609145
-47.0,500,1710.733852
-47.0,500,1710.858673
-46.8,500,1710.983324
-47.6,500,1711.108674
-47.2,500,1711.23471
-47.6,500,1711.361664
-47.0,500,1711.486818
-47.6,500,1711.611076
-47.1,500,1711.73552
-46.5,500,1711.860753
-46.9,500,1711.985982
-46.7,500,1712.110159
-47.7,500,1712.234964
-47.0,500,1712.359588
-47.5,500,1712.484004
-46.9,500,1712.609095
-46.8,500,1712.73414
-46.8,500,1712.858623
-47.0,500,1712.98355
-46.5,500,1713.108382
-47.2,500,1713.232565
-47.5,500,1713.356817
-46.9,500,1713.481711
-47.2,500,1713.60623
-47.3,500,1713.730929
-46.7,500,1713.855944
-47.2,500,1713.98019
-47.1,500,1714.104179
-46.8,500,1714.229014
-46.9,500,1714.35398
-47.3,500,1714.478637
-47.2,500,1714.603838
-46.9,500,1714.728312
-47.7,500,1714.853448
-46.8,500,1714.978214
-47.8,500,1715.102726
-46.9,500,1715.227527
-47.8,500,1715.352352
-47.7,500,1715.476695
-47.1,500,1715.60096
-47.1,500,1715.726217
-47.4,500,1715.850901
-46.8,500,1715.975484
-47.2,500,1716.100257
-46.7,500,1716.225084
-46.9,500,1716.352563
-47.2,500,1716.477504
-47.4,500,1716.601686
-46.6,500,1716.726109
-46.7,500,1716.850268
-46.7,500,1716.974794
-46.7,500,1717.09954
-46.5,500,1717.224089
-47.0,500,1717.349179
-48.1,500,1717.473509
-46.9,500,1717.598523
-47.6,500,1717.722698
-47.0,500,1717.84725
-47.1,500,1717.971936
-47.3,500,1718.09654
-47.8,500,1718.221657
-46.7,500,1718.347368
-47.8,500,1718.471697
-47.6,500,1718.59631
-47.5,500,1718.720841
-47.2,500,1718.845851
-47.5,500,1718.970646
-47.1,500,1719.096583
-47.0,500,1719.222767
-46.7,500,1719.355931
-46.7,500,1719.480613
-47.0,500,1719.604972
-46.7,500,1719.728989
-47.3,500,1719.853312
-46.7,500,1719.978155
-46.7,500,1720.102799
-46.8,500,1720.227295
-47.2,500,1720.35149
-47.8,500,1720.4754
-47.0,500,1720.600042
-46.9,500,1720.72416
-47.6,500,1720.8489
-47.6,500,1720.972761
-47.5,500,1721.096712
-46.9,500,1721.22116
-47.2,500,1721.348917
-47.0,500,1721.4734
-46.8,500,1721.598415
-46.8,500,1721.722747
-46.9,500,1721.847143
-46.5,500,1721.971009
-46.7,500,1722.095446
-47.0,500,1722.219635
-46.9,500,1722.344109
-47.4,500,1722.467881
-47.0,500,1722.592301
-47.2,500,1722.717487
-47.4,500,1722.842029
-46.9,500,1722.967198
-46.9,500,1723.091676
-46.7,500,1723.216252
-47.1,500,1723.343811
-47.4,500,1723.468416
-46.9,500,1723.592778
-46.9,500,1723.717648
-46.7,500,1723.842361
-46.5,500,1723.967002
-47.8,500,1724.091674
-47.7,500,1724.215792
-46.9,500,1724.340321
-46.9,500,1724.464778
-47.4,500,1724.589749
-47.2,500,1724.71471
-47.9,500,1724.885864
-46.5,500,1725.010446
-47.0,500,1725.135966
-47.7,500,1725.260253
-47.2,500,1725.385849
-47.5,500,1725.510126
-47.4,500,1725.63464
-47.1,500,1725.75903
-48.4,500,1725.883643
-46.7,500,1726.008337
-47.0,500,1726.132967
-46.9,500,1726.259181
-46.8,500,1726.385129
-46.8,500,1726.509474
-48.0,500,1726.634582
-46.9,500,1726.759223
-46.9,500,1726.884056
-47.3,500,1727.008974
-47.1,500,1727.133603
-46.8,500,1727.258148
-47.6,500,1727.383244
-47.0,500,1727.507089
-46.8,500,1727.63128
-46.5,500,1727.755054
-46.7,500,1727.879158
-47.8,500,1728.003725
-46.6,500,1728.127649
-46.7,500,1728.25239
-47.9,500,1728.376698
-47.2,500,1728.501324
-47.5,500,1728.625402
-46.9,500,1728.750724
-46.9,500,1728.875229
-46.5,500,1728.999824
-47.8,500,1729.124662
-46.7,500,1729.249791
-47.0,500,1729.374416
-47.8,500,1729.498887
-47.3,500,1729.623154
-47.1,500,1729.747606
-46.9,500,1729.942811
-47.4,500,1730.069623
-47.0,500,1730.195674
-47.1,500,1730.320972
-46.8,500,1730.445577
-47.0,500,1730.569869
-47.2,500,1730.694202
-47.5,500,1730.818635
-47.5,500,1730.942842
-47.2,500,1731.067737
-46.8,500,1731.193293
-47.1,500,1731.319361
-47.0,500,1731.444016
-46.9,500,1731.568295
-46.9,500,1731.692703
-47.5,500,1731.818176
-47.0,500,1731.942978
-47.0,500,1732.067739
-47.2,500,1732.192554
-47.6,500,1732.317392
-47.5,500,1732.441618
-46.9,500,1732.566834
-47.7,500,1732.691702
-47.2,500,1732.816305
-47.3,500,1732.940596
-46.6,500,1733.065241
-47.0,500,1733.189746
-46.7,500,1733.314615
-46.8,500,1733.439615
-46.9,500,1733.56448
-46.9,500,1733.689263
-47.0,500,1733.813203
-47.0,500,1733.937744
-46.7,500,1734.062289
-46.7,500,1734.186555
-47.2,500,1734.311582
-46.7,500,1734.435435
-46.8,500,1734.560093
-47.2,500,1734.684597
-47.1,500,1734.808227
-46.9,500,1734.932647
-46.9,500,1735.056917
-46.7,500,1735.181986
-47.0,500,1735.306459
-47.0,500,1735.431079
-47.4,500,1735.555691
-47.5,500,1735.680381
-47.5,500,1735.804867
-47.1,500,1735.929687
-47.5,500,1736.054169
-47.1,500,1736.178153
-47.5,500,1736.304755
-47.1,500,1736.429773
-46.7,500,1736.569714
-46.7,500,1736.6946
-46.9,500,1736.819203
-46.9,500,1736.943461
-46.6,500,1737.0681
-46.9,500,1737.192016
-47.1,500,1737.316101
-47.6,500,1737.440468
-47.9,500,1737.565583
-47.2,500,1737.690787
-47.0,500,1737.814847
-47.1,500,1737.939863
-47.3,500,1738.064076
-46.8,500,1738.188284
-47.0,500,1738.31317
-47.1,500,1738.441209
-47.1,500,1738.565345
-46.8,500,1738.689446
-46.9,500,1738.814163
-47.2,500,1738.93897
-47.0,500,1739.062964
-47.1,500,1739.187853
-47.1,500,1739.312519
-47.2,500,1739.436665
-46.8,500,1739.561571
-46.7,500,1739.685989
-47.5,500,1739.809896
-46.8,500,1739.934739
-46.8,500,1740.105279
-47.4,500,1740.229855
-47.9,500,1740.367505
-46.6,500,1740.492692
-46.7,500,1740.617383
-47.0,500,1740.741614
-47.5,500,1740.866047
-47.0,500,1740.991583
-46.9,500,1741.115809
-46.7,500,1741.240494
-46.8,500,1741.366906
-46.8,500,1741.491142
-46.7,500,1741.615501
-48.1,500,1741.74068
-46.9,500,1741.865461
-46.5,500,1741.990009
-47.3,500,1742.114185
-46.9,500,1742.244885
-46.9,500,1742.389733
-47.5,500,1742.531499
-46.7,500,1742.671341
-46.7,500,1742.806899
-46.9,500,1742.944621
-46.7,500,1743.070775
-47.4,500,1743.196153
-46.9,500,1743.321251
-47.5,500,1743.446233
-46.7,500,1743.570765
-47.4,500,1743.696089
-47.2,500,1743.82177
-46.9,500,1743.946537
-47.3,500,1744.072739
-47.1,500,1744.21679
-46.9,500,1744.344113
-47.3,500,1744.468822
-47.7,500,1744.594297
-46.7,500,1744.719083
-46.9,500,1744.843643
-47.1,500,1744.968385
-46.8,500,1745.093506
-47.8,500,1745.218795
-46.8,500,1745.343706
-47.2,500,1745.467902
-46.6,500,1745.592072
-46.8,500,1745.716408
-46.8,500,1745.840631
-47.1,500,1745.965838
-46.8,500,1746.09002
-47.2,500,1746.21431
-48.2,500,1746.340598
-46.6,500,1746.465551
-47.0,500,1746.590414
-46.5,500,1746.715534
-46.6,500,1746.840446
-47.3,500,1746.96517
-47.5,500,1747.089491
-46.9,500,1747.214628
-47.1,500,1747.338927
-47.0,500,1747.463692
-46.9,500,1747.595392
-46.6,500,1747.723854
-47.0,500,1747.850927
-47.3,500,1747.976093
-47.5,500,1748.100475
-47.0,500,1748.225513
-48.0,500,1748.350497
-46.8,500,1748.474943
-47.3,500,1748.59921
-46.7,500,1748.724058
-47.0,500,1748.848194
-47.4,500,1748.973675
-46.8,500,1749.098627
-46.7,500,1749.223228
-47.1,500,1749.347909
-47.3,500,1749.472663
-47.5,500,1749.597848
-46.6,500,1749.723001
-47.5,500,1749.848209
-47.5,500,1749.972457
-47.0,500,1750.097033
-47.1,500,1750.221776
-47.3,500,1750.346262
-47.1,500,1750.471405
-46.8,500,1750.596271
-48.3,500,1750.721074
-47.0,500,1750.845557
-47.1,500,1750.970052
-46.6,500,1751.094611
-47.4,500,1751.219346
-47.2,500,1751.346231
-48.3,500,1751.471397
-47.1,500,1751.596276
-47.5,500,1751.720241
-47.0,500,1751.844857
-49.1,500,1751.969546
-48.3,500,1752.094051
-46.7,500,1752.219501
-47.2,500,1752.344241
-46.8,500,1752.468673
-46.7,500,1752.593351
-47.4,500,1752.718151
-46.5,500,1752.84321
-47.2,500,1752.968497
-47.6,500,1753.093829
-46.8,500,1753.218338
-46.8,500,1753.343269
-46.9,500,1753.468216
-47.4,500,1753.593045
-46.5,500,1753.718517
-46.8,500,1753.843901
-48.2,500,1753.969034
-47.7,500,1754.093797
-47.4,500,1754.218344
-46.8,500,1754.343659
-47.7,500,1754.467925
-46.7,500,1754.592958
-46.7,500,1754.717567
-46.9,500,1754.841741
-46.7,500,1754.966463
-46.5,500,1755.133049
-47.4,500,1755.257627
-46.9,500,1755.382622
-47.8,500,1755.507049
-47.2,500,1755.631074
-47.3,500,1755.755295
-47.2,500,1755.879762
-47.5,500,1756.004748
-46.5,500,1756.12978
-47.0,500,1756.254589
-47.2,500,1756.382232
-47.1,500,1756.5072
-47.6,500,1756.632143
-46.9,500,1756.756859
-46.9,500,1756.88221
-46.9,500,1757.006962
-47.8,500,1757.131701
-46.9,500,1757.256105
-47.0,500,1757.380294
-47.1,500,1757.505059
-47.3,500,1757.630158
-47.2,500,1757.755093
-47.4,500,1757.879356
-46.9,500,1758.007091
-47.7,500,1758.132366
-47.3,500,1758.25827
-47.1,500,1758.382896
-47.1,500,1758.508095
-46.9,500,1758.632709
-46.9,500,1758.757239
-47.2,500,1758.882365
-47.6,500,1759.007064
-47.0,500,1759.13147
-46.9,500,1759.256011
-46.6,500,1759.382492
-47.4,500,1759.507412
-47.1,500,1759.631832
-47.4,500,1759.756422
-46.7,500,1759.880957
-47.3,500,1760.005531
-47.0,500,1760.130487
-46.7,500,1760.255056
-48.2,500,1760.379746
-47.2,500,1760.504211
-46.9,500,1760.628977
-46.7,500,1760.753781
-46.9,500,1760.879112
-46.9,500,1761.00404
-47.8,500,1761.128767
-46.8,500,1761.253809
-47.6,500,1761.380858
-46.8,500,1761.505758
-47.0,500,1761.631464
-46.5,500,1761.756923
-47.0,500,1761.88241
-46.7,500,1762.006916
-46.7,500,1762.131119
-46.7,500,1762.255814
-47.1,500,1762.37993
-46.6,500,1762.504163
-47.4,500,1762.629336
-46.6,500,1762.769929
-46.6,500,1762.897778
-47.5,500,1763.023264
-47.4,500,1763.149528
-47.9,500,1763.274535
-46.8,500,1763.399612
-47.2,500,1763.524437
-47.1,500,1763.649638
-46.9,500,1763.774905
-46.7,500,1763.900657
-48.5,500,1764.026666
-48.4,500,1764.151936
-47.0,500,1764.276542
-46.7,500,1764.401377
-47.5,500,1764.526096
-48.0,500,1764.651203
-47.8,500,1764.776684
-47.3,500,1764.901497
-47.8,500,1765.026369
-47.5,500,1765.151527
-47.6,500,1765.276241
-47.0,500,1765.401111
-46.7,500,1765.525608
-46.5,500,1765.650265
-47.2,500,1765.775053
-47.5,500,1765.899914
-47.6,500,1766.024561
-47.0,500,1766.149123
-47.3,500,1766.273634
-46.9,500,1766.400644
-47.6,500,1766.525668
-48.5,500,1766.65049
-46.9,500,1766.775098
-47.1,500,1766.899776
-47.2,500,1767.024464
-46.9,500,1767.149574
-47.2,500,1767.274086
-46.7,500,1767.399123
-47.0,500,1767.523748
-46.7,500,1767.648674
-46.9,500,1767.773513
-47.4,500,1767.898584
-47.2,500,1768.023747
-47.8,500,1768.148911
-47.3,500,1768.273453
-47.0,500,1768.398071
-47.2,500,1768.522959
-46.8,500,1768.647724
-48.0,500,1768.772461
-47.0,500,1768.897964
-47.4,500,1769.03024
-47.0,500,1769.155586
-47.1,500,1769.280129
-47.2,500,1769.404918
-47.1,500,1769.576019
-47.0,500,1769.700793
-46.7,500,1769.82555
-47.8,500,1769.950388
-47.1,500,1770.075627
-47.8,500,1770.200335
-47.1,500,1770.325108
-48.1,500,1770.449793
-46.8,500,1770.574415
-46.8,500,1770.699296
-47.4,500,1770.82409
-47.1,500,1770.949121
-46.7,500,1771.074125
-46.7,500,1771.19896
-47.1,500,1771.324885
-46.8,500,1771.449549
-46.6,500,1771.574494
-47.4,500,1771.700074
-47.3,500,1771.825945
-46.7,500,1771.950217
-47.9,500,1772.074734
-47.0,500,1772.199354
-46.9,500,1772.323883
-47.3,500,1772.449717
-46.9,500,1772.574148
-46.9,500,1772.699009
-47.2,500,1772.823399
-46.7,500,1772.948361
-46.6,500,1773.073354
-46.6,500,1773.197997
-46.7,500,1773.323394
-46.8,500,1773.449259
-46.9,500,1773.578064
-47.0,500,1773.702977
-46.9,500,1773.828032
-46.7,500,1773.953038
-46.9,500,1774.079043
-47.0,500,1774.204438
-47.1,500,1774.329489
-47.5,500,1774.4544
-47.3,500,1774.579115
-46.8,500,1774.703964
-47.1,500,1774.829052
-47.7,500,1774.953706
-47.1,500,1775.078338
-47.0,500,1775.203402
-47.4,500,1775.328232
-47.5,500,1775.453446
-47.2,500,1775.578871
-46.9,500,1775.703552
-47.0,500,1775.828369
-47.1,500,1775.952917
-46.8,500,1776.078104
-46.5,500,1776.20344
-47.7,500,1776.329578
-47.3,500,1776.455084
-47.3,500,1776.579613
-46.9,500,1776.704559
-47.1,500,1776.828812
-47.5,500,1776.953189
-46.6,500,1777.077863
-46.5,500,1777.202153
-47.2,500,1777.326947
-46.8,500,1777.451877
-46.9,500,1777.57625
-47.3,500,1777.700661
-47.0,500,1777.824794
-47.0,500,1777.94901
-46.8,500,1778.074124
-47.7,500,1778.198965
-46.6,500,1778.324213
-47.9,500,1778.449035
-47.0,500,1778.573987
-47.0,500,1778.698441
-46.7,500,1778.822842
-47.1,500,1778.947302
-46.9,500,1779.072235
-47.1,500,1779.197085
-46.6,500,1779.321696
-46.7,500,1779.446298
-47.4,500,1779.571233
-46.7,500,1779.695346
-46.6,500,1779.820254
-46.9,500,1779.945505
-46.5,500,1780.070415
-46.6,500,1780.195056
-46.9,500,1780.319843
-47.3,500,1780.444956
-46.7,500,1780.56974
-46.8,500,1780.694262
-47.0,500,1780.820314
-46.9,500,1780.945071
-46.8,500,1781.069484
-46.9,500,1781.194515
-47.0,500,1781.320193
-46.9,500,1781.44547
-47.2,500,1781.571339
-46.9,500,1781.696325
-46.8,500,1781.821155
-47.0,500,1781.945373
-46.9,500,1782.070435
-46.5,500,1782.194829
-46.7,500,1782.32039
-47.1,500,1782.445031
-47.5,500,1782.570185
-47.0,500,1782.694687
-47.2,500,1782.8196
-47.1,500,1782.944503
-46.6,500,1783.068998
-47.1,500,1783.194191
-47.6,500,1783.31892
-47.0,500,1783.443779
-46.8,500,1783.568706
-47.3,500,1783.69341
-47.2,500,1783.818376
-47.2,500,1783.942608
-46.7,500,1784.108122
-47.1,500,1784.233111
-47.1,500,1784.357927
-47.4,500,1784.483341
-46.8,500,1784.60821
-46.6,500,1784.732843
-46.7,500,1784.856912
-47.1,500,1784.981854
-46.5,500,1785.106225
-47.1,500,1785.23131
-46.8,500,1785.356855
-47.2,500,1785.481734
-47.4,500,1785.606161
-47.5,500,1785.730794
-47.2,500,1785.855399
-46.6,500,1785.980251
-46.9,500,1786.105408
-46.8,500,1786.229919
-47.7,500,1786.356473
-47.3,500,1786.481468
-46.9,500,1786.605901
-46.7,500,1786.730595
-47.1,500,1786.855541
-46.8,500,1786.97997
-46.9,500,1787.104622
-46.9,500,1787.22895
-47.1,500,1787.353653
-46.7,500,1787.478581
-47.8,500,1787.602937
-46.5,500,1787.728161
-46.9,500,1787.853163
-47.0,500,1787.977875
-47.5,500,1788.102898
-46.7,500,1788.227434
-47.1,500,1788.352138
-46.8,500,1788.477985
-47.8,500,1788.603015
-47.1,500,1788.727775
-47.1,500,1788.852302
-46.7,500,1788.97716
-47.0,500,1789.101649
-46.9,500,1789.226144
-47.0,500,1789.351312
-47.3,500,1789.476068
-47.3,500,1789.600347
-47.2,500,1789.724863
-46.9,500,1789.849411
-47.0,500,1789.973656
-47.1,500,1790.098608
-46.9,500,1790.22314
-47.4,500,1790.348246
-47.3,500,1790.472768
-47.3,500,1790.59788
-47.2,500,1790.722822
-46.8,500,1790.84802
-46.8,500,1790.972657
-46.5,500,1791.097699
-47.6,500,1791.222331
-46.5,500,1791.34804
-47.0,500,1791.473103
-47.4,500,1791.598183
-46.9,500,1791.723851
-46.7,500,1791.848918
-46.6,500,1791.97338
-46.9,500,1792.098004
-46.5,500,1792.222843
-47.3,500,1792.347471
-47.7,500,1792.4734
-46.8,500,1792.599116
-47.2,500,1792.724685
-47.9,500,1792.849776
-46.9,500,1792.975132
-47.2,500,1793.09942
-46.8,500,1793.224149
-46.8,500,1793.349263
-47.4,500,1793.473847
-47.3,500,1793.598433
-46.9,500,1793.723238
-48.4,500,1793.847474
-47.1,500,1793.971729
-47.4,500,1794.096527
-47.0,500,1794.222013
-48.2,500,1794.347014
-46.5,500,1794.471976
-47.0,500,1794.596296
-47.0,500,1794.720921
-48.0,500,1794.845456
-47.3,500,1794.97075
-46.7,500,1795.095362
-46.9,500,1795.219975
-46.9,500,1795.344651
-47.4,500,1795.469095
-47.2,500,1795.593948
-46.7,500,1795.718836
-47.4,500,1795.843404
-47.6,500,1795.967867
-48.0,500,1796.092473
-47.0,500,1796.217213
-47.5,500,1796.343261
-46.8,500,1796.468678
-46.6,500,1796.593717
-47.0,500,1796.71878
-47.0,500,1796.843627
-46.9,500,1796.968229
-47.5,500,1797.093306
-46.7,500,1797.218362
-47.0,500,1797.343573
-47.0,500,1797.468278
-47.6,500,1797.592704
-46.7,500,1797.71718
-47.1,500,1797.841896
-46.7,500,1797.967215
-46.7,500,1798.09202
-47.0,500,1798.217434
-47.6,500,1798.342652
-46.5,500,1798.467111
-46.6,500,1798.591668
-47.5,500,1798.716068
-47.6,500,1798.841385
-47.0,500,1798.965947
-47.5,500,1799.090621
-47.7,500,1799.215513
-47.2,500,1799.389101
-47.7,500,1799.513745
-46.6,500,1799.638082
-47.3,500,1799.762902
-46.9,500,1799.88757
-46.7,500,1800.012353
-46.9,500,1800.13746
-46.8,500,1800.263181
-47.1,500,1800.38813
-47.2,500,1800.512757
-47.1,500,1800.637743
-47.0,500,1800.762301
-46.8,500,1800.887557
-47.7,500,1801.012165
-46.8,500,1801.136859
-47.4,500,1801.261502
-47.1,500,1801.38827
-46.6,500,1801.513298
-47.1,500,1801.638859
-47.2,500,1801.763932
-46.9,500,1801.888158
-48.0,500,1802.013025
-46.9,500,1802.137795
-47.1,500,1802.262579
-46.8,500,1802.387152
-47.1,500,1802.511844
-47.1,500,1802.636308
-47.0,500,1802.760822
-47.2,500,1802.885022
-48.1,500,1803.009952
-47.0,500,1803.134807
-46.7,500,1803.260394
-46.9,500,1803.385389
-47.2,500,1803.509704
-46.9,500,1803.634706
-46.8,500,1803.759505
-46.7,500,1803.884132
-47.0,500,1804.009375
-46.6,500,1804.133952
-47.1,500,1804.258873
-47.8,500,1804.383577
-46.6,500,1804.507995
-47.2,500,1804.633275
-46.9,500,1804.758118
-46.7,500,1804.882505
-46.8,500,1805.006959
-47.8,500,1805.131857
-46.8,500,1805.256291
-47.4,500,1805.381491
-47.4,500,1805.507344
-47.0,500,1805.632337
-46.9,500,1805.756995
-47.5,500,1805.881784
-47.6,500,1806.006598
-46.8,500,1806.131804
-46.9,500,1806.257393
-47.0,500,1806.384376
-47.6,500,1806.508987
-47.9,500,1806.633606
-47.5,500,1806.75847
-47.7,500,1806.883164
-46.9,500,1807.007787
-46.9,500,1807.13345
-46.6,500,1807.258778
-47.1,500,1807.383455
-46.5,500,1807.508026
-46.9,500,1807.632733
-47.7,500,1807.757405
-46.9,500,1807.882416
-46.8,500,1808.007873
-46.9,500,1808.132794
-47.2,500,1808.257618
-46.5,500,1808.381742
-47.3,500,1808.5055
-46.9,500,1808.631102
-46.9,500,1808.756164
-46.5,500,1808.88101
-46.8,500,1809.005375
-46.7,500,1809.130146
-46.6,500,1809.255325
-46.6,500,1809.380048
-47.0,500,1809.504736
-46.9,500,1809.629656
-47.0,500,1809.754229
-46.6,500,1809.878629
-46.7,500,1810.003764
-46.6,500,1810.128599
-47.3,500,1810.253919
-47.2,500,1810.37809
-47.2,500,1810.502779
-47.2,500,1810.627285
-47.3,500,1810.752232
-47.3,500,1810.876605
-47.6,500,1811.000874
-46.7,500,1811.12629
-47.4,500,1811.25043
-46.9,500,1811.376825
-46.9,500,1811.501904
-47.0,500,1811.626584
-46.7,500,1811.751609
-47.1,500,1811.876454
-46.8,500,1812.00095
-46.8,500,1812.12576
-46.7,500,1812.250441
-46.9,500,1812.375487
-46.8,500,1812.500254
-47.7,500,1812.624826
-47.0,500,1812.749559
-46.9,500,1812.874218
-47.0,500,1812.999469
-47.0,500,1813.124195
-46.8,500,1813.249289
-47.0,500,1813.373885
-47.2,500,1813.498343
-47.4,500,1813.622906
-47.3,500,1813.748073
-46.7,500,1813.87234
-46.9,500,1813.997269
-46.9,500,1814.121946
-47.7,500,1814.285235
-47.0,500,1814.410276
-46.9,500,1814.534627
-47.1,500,1814.659215
-46.8,500,1814.783814
-47.1,500,1814.908165
-47.0,500,1815.032751
-47.1,500,1815.160039
-47.3,500,1815.284099
-46.7,500,1815.40837
-47.3,500,1815.532578
-48.1,500,1815.656884
-46.9,500,1815.781016
-47.0,500,1815.905142
-46.5,500,1816.029892
-46.5,500,1816.1551
-46.9,500,1816.280323
-47.2,500,1816.406872
-46.6,500,1816.531952
-46.8,500,1816.656372
-47.7,500,1816.781036
-47.7,500,1816.906505
-46.6,500,1817.032076
-46.9,500,1817.157045
-46.6,500,1817.281897
-47.7,500,1817.406841
-46.9,500,1817.531609
-47.3,500,1817.656582
-47.3,500,1817.781623
-47.3,500,1817.906272
-47.3,500,1818.03103
-47.2,500,1818.156133
-46.7,500,1818.281485
-47.2,500,1818.406171
-46.7,500,1818.531522
-46.9,500,1818.656212
-46.7,500,1818.7809
-47.3,500,1818.905783
-47.1,500,1819.030492
-46.7,500,1819.155093
-47.0,500,1819.280176
-46.6,500,1819.405237
-47.3,500,1819.529946
-46.8,500,1819.654658
-47.0,500,1819.779366
-46.9,500,1819.904092
-46.5,500,1820.029014
-46.6,500,1820.154019
-46.7,500,1820.278856
-47.7,500,1820.403709
-47.2,500,1820.529543
-47.1,500,1820.654036
-46.9,500,1820.778865
-46.9,500,1820.904455
-46.8,500,1821.028676
-46.6,500,1821.153496
-47.0,500,1821.278051
-47.1,500,1821.403829
-46.7,500,1821.528818
-47.2,500,1821.653229
-46.7,500,1821.778459
-47.0,500,1821.903129
-47.3,500,1822.027483
-46.9,500,1822.151954
-47.0,500,1822.276331
-47.7,500,1822.40066
-47.1,500,1822.525111
-47.8,500,1822.650052
-47.2,500,1822.775031
-47.3,500,1822.899843
-46.7,500,1823.024592
-47.1,500,1823.149047
-46.6,500,1823.273594
-46.9,500,1823.398943
-47.0,500,1823.523327
-47.4,500,1823.648152
-47.2,500,1823.772645
-46.9,500,1823.897331
-47.2,500,1824.022088
-46.8,500,1824.146821
-46.8,500,1824.272608
-47.3,500,1824.397591
-46.8,500,1824.522765
-46.7,500,1824.647778
-47.0,500,1824.772519
-46.9,500,1824.896843
-46.7,500,1825.022254
-47.5,500,1825.147662
-47.0,500,1825.272158
-47.1,500,1825.396586
-47.2,500,1825.521783
-47.3,500,1825.646274
-47.9,500,1825.771336
-47.2,500,1825.896076
-46.6,500,1826.020801
-47.7,500,1826.14551
-47.0,500,1826.270092
-46.8,500,1826.396256
-47.6,500,1826.521251
-47.0,500,1826.647062
-46.8,500,1826.772201
-47.6,500,1826.897262
-46.9,500,1827.021956
-47.0,500,1827.147058
-46.9,500,1827.271485
-47.1,500,1827.397292
-47.7,500,1827.522478
-46.8,500,1827.647145
-47.0,500,1827.771292
-47.0,500,1827.895572
-46.6,500,1828.020184
-46.6,500,1828.144765
-46.9,500,1828.269834
-47.0,500,1828.39536
-47.1,500,1828.519671
-46.9,500,1828.644275
-47.2,500,1828.768561
-47.2,500,1828.892629
-47.0,500,1829.017052
-47.2,500,1829.141971
-46.9,500,1829.27645
-47.7,500,1829.418877
-46.7,500,1829.605465
-47.1,500,1829.746804
-47.2,500,1829.883319
-47.4,500,1830.019436
-47.3,500,1830.145129
-47.5,500,1830.270827
-47.1,500,1830.396092
-47.5,500,1830.520885
-47.1,500,1830.646536
-47.4,500,1830.772358
-48.1,500,1830.897229
-46.9,500,1831.022027
-46.7,500,1831.15058
-47.3,500,1831.289607
-47.6,500,1831.417039
-47.1,500,1831.542527
-48.1,500,1831.667561
-46.9,500,1831.792887
-47.0,500,1831.917993
-46.6,500,1832.042534
-46.8,500,1832.167522
-46.9,500,1832.292634
-46.5,500,1832.417135
-47.1,500,1832.542045
-49.0,500,1832.666949
-47.5,500,1832.79159
-47.5,500,1832.916718
-48.0,500,1833.042362
-46.6,500,1833.167161
-47.6,500,1833.291831
-46.8,500,1833.416501
-46.6,500,1833.541429
-47.0,500,1833.667028
-47.5,500,1833.791678
-46.6,500,1833.916109
-46.8,500,1834.041085
-46.7,500,1834.165532
-46.9,500,1834.289558
-46.6,500,1834.41554
-47.1,500,1834.539564
-46.9,500,1834.664064
-47.3,500,1834.789264
-47.6,500,1834.913768
-47.7,500,1835.038607
-46.7,500,1835.162965
-46.9,500,1835.287573
-46.7,500,1835.412932
-47.1,500,1835.537889
-47.4,500,1835.662826
-47.5,500,1835.787144
-46.8,500,1835.911658
-46.7,500,1836.036613
-46.7,500,1836.161092
-46.5,500,1836.286384
-46.6,500,1836.413069
-47.8,500,1836.538234
-47.2,500,1836.663043
-47.2,500,1836.787864
-47.6,500,1836.913408
-46.9,500,1837.038765
-46.8,500,1837.163223
-47.1,500,1837.28783
-47.0,500,1837.412091
-46.6,500,1837.536762
-47.4,500,1837.660851
-47.3,500,1837.785826
-47.5,500,1837.910178
-46.9,500,1838.034976
-47.1,500,1838.159966
-46.8,500,1838.284697
-47.2,500,1838.410084
-46.7,500,1838.53479
-47.9,500,1838.659733
-46.6,500,1838.784778
-47.5,500,1838.909304
-46.8,500,1839.034301
-47.4,500,1839.159235
-46.9,500,1839.283949
-47.3,500,1839.40847
-47.8,500,1839.533477
-46.8,500,1839.658424
-46.8,500,1839.783353
-47.3,500,1839.908172
-46.9,500,1840.033005
-47.4,500,1840.157695
-47.0,500,1840.28335
-47.3,500,1840.407897
-46.8,500,1840.532794
-47.0,500,1840.658164
-47.8,500,1840.783363
-46.7,500,1840.908275
-47.0,500,1841.033522
-47.0,500,1841.158331
-47.3,500,1841.283871
-47.3,500,1841.411054
-47.1,500,1841.536815
-47.1,500,1841.66127
-46.7,500,1841.785915
-46.7,500,1841.911008
-47.1,500,1842.036123
-47.3,500,1842.161028
-47.1,500,1842.285905
-48.1,500,1842.410555
-47.2,500,1842.535138
-47.2,500,1842.659514
-47.1,500,1842.785569
-47.5,500,1842.910685
-47.4,500,1843.035654
-47.8,500,1843.160851
-47.0,500,1843.285514
-47.4,500,1843.410242
-46.6,500,1843.53516
-46.9,500,1843.660003
-46.9,500,1843.785159
-46.7,500,1843.909667
-46.9,500,1844.034092
-47.6,500,1844.159012
-47.5,500,1844.283563
-47.7,500,1844.409158
-47.0,500,1844.573922
-47.0,500,1844.698795
-46.6,500,1844.82361
-47.0,500,1844.948687
-46.5,500,1845.073447
-46.7,500,1845.198027
-46.7,500,1845.32277
-47.4,500,1845.447663
-46.7,500,1845.572197
-46.6,500,1845.697306
-47.1,500,1845.822028
-47.3,500,1845.947426
-47.6,500,1846.072306
-46.6,500,1846.197658
-46.9,500,1846.331506
-46.9,500,1846.457728
-46.7,500,1846.583194
-46.8,500,1846.707924
-46.8,500,1846.832563
-47.1,500,1846.958073
-46.9,500,1847.083313
-47.3,500,1847.2075
-47.4,500,1847.332783
-46.9,500,1847.458267
-46.8,500,1847.582595
-46.6,500,1847.707121
-47.1,500,1847.831495
-48.0,500,1847.956141
-47.5,500,1848.08028
-46.8,500,1848.205855
-46.8,500,1848.33049
-47.6,500,1848.454873
-46.8,500,1848.57912
-46.9,500,1848.70389
-46.9,500,1848.828773
-46.7,500,1848.953519
-46.7,500,1849.078061
-47.2,500,1849.202545
-47.0,500,1849.326951
-47.2,500,1849.451861
-48.4,500,1849.576294
-46.9,500,1849.701543
-46.8,500,1849.826859
-47.1,500,1849.951589
-47.1,500,1850.076159
-46.7,500,1850.20092
-47.3,500,1850.326064
-46.9,500,1850.450523
-46.7,500,1850.575471
-47.5,500,1850.700754
-47.5,500,1850.825258
-46.5,500,1850.950006
-46.9,500,1851.074512
-47.0,500,1851.199492
-46.6,500,1851.325127
-47.4,500,1851.452304
-47.1,500,1851.577118
-47.0,500,1851.702077
-47.2,500,1851.82693
-47.2,500,1851.951326
-47.3,500,1852.076431
-47.4,500,1852.201285
-46.9,500,1852.325785
-47.0,500,1852.450572
-47.3,500,1852.575453
-46.7,500,1852.700118
-46.9,500,1852.825961
-47.3,500,1852.951224
-46.7,500,1853.076073
-46.5,500,1853.201391
-48.1,500,1853.327025
-47.0,500,1853.451747
-46.7,500,1853.576752
-47.0,500,1853.701202
-46.8,500,1853.825851
-47.3,500,1853.950267
-46.8,500,1854.0747
-46.8,500,1854.199513
-47.5,500,1854.323691
-47.2,500,1854.449039
-46.7,500,1854.57341
-47.3,500,1854.697976
-47.3,500,1854.823137
-47.9,500,1854.947603
-47.4,500,1855.072322
-47.0,500,1855.196773
-47.0,500,1855.322568
-47.3,500,1855.447211
-46.8,500,1855.571455
-46.9,500,1855.696824
-46.7,500,1855.821953
-46.6,500,1855.947243
-47.0,500,1856.071669
-46.8,500,1856.197019
-47.0,500,1856.321778
-47.3,500,1856.448724
-47.5,500,1856.57363
-47.3,500,1856.69806
-46.9,500,1856.822947
-47.0,500,1856.947614
-47.5,500,1857.072667
-47.2,500,1857.197819
-47.2,500,1857.322635
-47.3,500,1857.447179
-47.8,500,1857.572037
-47.0,500,1857.698223
-46.7,500,1857.823135
-47.7,500,1857.947959
-47.2,500,1858.072619
-47.2,500,1858.197269
-47.1,500,1858.322021
-48.4,500,1858.447405
-47.8,500,1858.573003
-48.1,500,1858.697748
-47.8,500,1858.822795
-46.9,500,1858.947696
-46.7,500,1859.072712
-47.5,500,1859.198254
-47.0,500,1859.323468
-48.1,500,1859.451817
-46.9,500,1859.576438
-47.0,500,1859.701453
-47.7,500,1859.826176
-46.6,500,1859.995151
-47.1,500,1860.122874
-47.3,500,1860.247408
-47.4,500,1860.371996
-46.6,500,1860.496178
-46.9,500,1860.62091
-46.7,500,1860.745938
-46.8,500,1860.870392
-46.9,500,1860.994956
-46.7,500,1861.119375
-46.9,500,1861.244544
-47.7,500,1861.368882
-46.8,500,1861.495894
-47.1,500,1861.620938
-46.9,500,1861.745459
-47.2,500,1861.870115
-46.9,500,1861.994708
-46.9,500,1862.11978
-46.9,500,1862.244835
-47.1,500,1862.36909
-47.0,500,1862.493891
-47.4,500,1862.618617
-46.8,500,1862.743061
-47.5,500,1862.868219
-47.2,500,1862.993384
-46.8,500,1863.118081
-46.7,500,1863.243522
-47.3,500,1863.367988
-47.1,500,1863.492521
-46.8,500,1863.618001
-46.7,500,1863.743663
-46.6,500,1863.868501
-46.7,500,1863.99312
-47.4,500,1864.117888
-46.9,500,1864.242414
-46.7,500,1864.367192
-47.4,500,1864.49219
-46.7,500,1864.616943
-46.5,500,1864.74154
-47.0,500,1864.866368
-47.0,500,1864.991672
-46.9,500,1865.116202
-47.3,500,1865.241192
-47.2,500,1865.367012
-47.1,500,1865.491744
-47.2,500,1865.616586
-47.2,500,1865.741577
-46.6,500,1865.866486
-47.0,500,1865.992234
-47.0,500,1866.116703
-47.0,500,1866.241779
-46.7,500,1866.366896
-46.8,500,1866.493487
-46.7,500,1866.618192
-47.8,500,1866.742555
-47.1,500,1866.866992
-47.4,500,1866.991756
-47.1,500,1867.116205
-47.0,500,1867.241082
-46.8,500,1867.365955
-46.7,500,1867.49084
-46.7,500,1867.615125
-48.3,500,1867.740612
-47.6,500,1867.865103
-47.2,500,1867.989768
-47.7,500,1868.114595
-47.5,500,1868.239284
-46.9,500,1868.363767
-47.6,500,1868.488248
-47.1,500,1868.613261
-47.6,500,1868.738143
-47.3,500,1868.862602
-46.6,500,1868.986893
-46.6,500,1869.111378
-47.1,500,1869.236134
-47.7,500,1869.361606
-46.7,500,1869.486889
-47.0,500,1869.611127
-46.9,500,1869.735771
-47.0,500,1869.860423
-47.1,500,1869.985104
-46.9,500,1870.109702
-47.2,500,1870.235123
-47.6,500,1870.359745
-46.8,500,1870.484519
-47.0,500,1870.609437
-46.7,500,1870.734634
-46.9,500,1870.858886
-47.0,500,1870.983711
-46.7,500,1871.1082
-46.7,500,1871.233165
-47.1,500,1871.357519
-46.9,500,1871.484267
-46.7,500,1871.609343
-46.9,500,1871.734597
-46.8,500,1871.859969
-47.5,500,1871.984774
-47.1,500,1872.109676
-47.3,500,1872.234472
-47.0,500,1872.359156
-48.2,500,1872.48449
-47.6,500,1872.609367
-47.2,500,1872.733873
-47.0,500,1872.858288
-48.0,500,1872.982646
-47.0,500,1873.107859
-47.2,500,1873.233534
-47.0,500,1873.358447
-46.9,500,1873.483259
-48.1,500,1873.60763
-46.6,500,1873.732523
-46.9,500,1873.857303
-47.2,500,1873.982045
-48.2,500,1874.106362
-47.0,500,1874.231608
-46.8,500,1874.356302
-47.1,500,1874.481311
-46.8,500,1874.646708
-47.0,500,1874.772132
-47.8,500,1874.897147
-47.3,500,1875.021456
-47.5,500,1875.146274
-47.3,500,1875.270524
-47.4,500,1875.394923
-47.2,500,1875.519858
-47.6,500,1875.644685
-46.8,500,1875.769828
-47.4,500,1875.894407
-47.2,500,1876.01899
-47.4,500,1876.143756
-47.1,500,1876.268684
-46.6,500,1876.395261
-47.8,500,1876.521591
-47.2,500,1876.64648
-47.8,500,1876.771125
-47.7,500,1876.895324
-47.4,500,1877.019829
-47.2,500,1877.145063
-47.0,500,1877.269612
-47.2,500,1877.394026
-46.7,500,1877.518415
-47.4,500,1877.642916
-46.7,500,1877.767398
-46.9,500,1877.89176
-47.2,500,1878.016857
-47.0,500,1878.141455
-47.1,500,1878.266043
-47.6,500,1878.390627
-47.5,500,1878.514621
-46.7,500,1878.639345
-46.5,500,1878.763665
-47.7,500,1878.888202
-47.1,500,1879.013647
-46.9,500,1879.138272
-46.8,500,1879.262783
-47.6,500,1879.387517
-47.4,500,1879.512309
-47.8,500,1879.63728
-47.1,500,1879.762123
-47.3,500,1879.886532
-46.8,500,1880.010883
-47.0,500,1880.135214
-47.2,500,1880.259798
-46.7,500,1880.384166
-47.1,500,1880.508636
-46.7,500,1880.633689
-46.8,500,1880.758919
-46.8,500,1880.883434
-47.5,500,1881.007619
-47.1,500,1881.132546
-46.8,500,1881.25696
-46.8,500,1881.381751
-46.8,500,1881.50814
-47.6,500,1881.633222
-47.0,500,1881.758351
-48.2,500,1881.882595
-47.4,500,1882.007164
-47.5,500,1882.132008
-47.5,500,1882.256536
-47.8,500,1882.381162
-47.0,500,1882.50566
-47.4,500,1882.630325
-47.2,500,1882.754804
-47.5,500,1882.879486
-47.2,500,1883.00492
-47.0,500,1883.129454
-47.1,500,1883.254397
-47.5,500,1883.379712
-48.0,500,1883.504215
-47.7,500,1883.628572
-47.1,500,1883.753348
-47.1,500,1883.878275
-47.1,500,1884.003254
-46.8,500,1884.127628
-47.0,500,1884.252562
-47.2,500,1884.377249
-47.5,500,1884.502488
-46.7,500,1884.626706
-47.0,500,1884.75142
-46.7,500,1884.876006
-47.5,500,1885.0006
-47.0,500,1885.12447
-47.0,500,1885.248874
-47.2,500,1885.373306
-47.2,500,1885.497815
-46.6,500,1885.623066
-46.5,500,1885.748206
-47.4,500,1885.872207
-46.7,500,1885.996448
-47.2,500,1886.120797
-47.2,500,1886.245381
-46.9,500,1886.369711
-46.8,500,1886.496986
-47.3,500,1886.621999
-47.0,500,1886.747011
-46.9,500,1886.87142
-47.2,500,1886.996739
-46.9,500,1887.121282
-47.5,500,1887.246002
-47.6,500,1887.371012
-46.6,500,1887.495756
-47.6,500,1887.620701
-48.1,500,1887.746008
-47.4,500,1887.870198
-46.8,500,1887.994575
-47.0,500,1888.120277
-46.7,500,1888.246143
-46.9,500,1888.370933
-46.7,500,1888.49575
-46.7,500,1888.62048
-47.1,500,1888.744803
-46.8,500,1888.870059
-47.1,500,1888.994891
-47.6,500,1889.119684
-47.8,500,1889.244402
-47.3,500,1889.368465
-47.3,500,1889.493275
-47.4,500,1889.618068
-47.4,500,1889.78441
-47.5,500,1889.909217
-46.6,500,1890.033896
-46.7,500,1890.159027
-47.2,500,1890.283761
-48.0,500,1890.40816
-47.6,500,1890.532901
-47.2,500,1890.657563
-46.9,500,1890.782386
-46.7,500,1890.906725
-47.2,500,1891.032041
-47.1,500,1891.157663
-46.7,500,1891.282582
-47.1,500,1891.408244
-47.0,500,1891.533879
-47.7,500,1891.658979
-46.7,500,1891.78427
-48.5,500,1891.909419
-47.4,500,1892.034133
-47.7,500,1892.158197
-47.2,500,1892.282709
-46.7,500,1892.407212
-47.6,500,1892.531534
-47.1,500,1892.656744
-47.4,500,1892.780983
-47.1,500,1892.906342
-46.8,500,1893.031026
-46.5,500,1893.155877
-46.7,500,1893.281152
-47.0,500,1893.407064
-46.5,500,1893.531758
-46.8,500,1893.656341
-46.9,500,1893.780434
-47.0,500,1893.905536
-46.7,500,1894.03024
-46.7,500,1894.154755
-47.7,500,1894.279912
-46.8,500,1894.405133
-47.4,500,1894.530177
-46.9,500,1894.654659
-47.0,500,1894.77939
-46.8,500,1894.903917
-47.0,500,1895.029022
-46.8,500,1895.153926
-47.9,500,1895.27822
-48.8,500,1895.402761
-47.1,500,1895.52702
-47.4,500,1895.651811
-47.2,500,1895.776813
-46.7,500,1895.901189
-47.1,500,1896.025376
-46.7,500,1896.150106
-47.0,500,1896.274611
-47.2,500,1896.399304
-46.9,500,1896.525854
-46.9,500,1896.650631
-46.9,500,1896.775091
-46.7,500,1896.900096
-47.2,500,1897.025131
-46.9,500,1897.14999
-46.7,500,1897.274513
-46.9,500,1897.399731
-47.0,500,1897.523982
-47.4,500,1897.648643
-46.5,500,1897.773282
-48.7,500,1897.898066
-47.2,500,1898.022689
-47.2,500,1898.147366
-47.3,500,1898.272986
-47.1,500,1898.39837
-49.0,500,1898.523316
-46.7,500,1898.647485
-47.4,500,1898.772393
-46.8,500,1898.897018
-47.0,500,1899.021261
-46.7,500,1899.146714
-46.5,500,1899.272144
-47.9,500,1899.396826
-47.7,500,1899.521648
-47.6,500,1899.646223
-46.9,500,1899.770516
-46.9,500,1899.894453
-47.4,500,1900.018922
-47.0,500,1900.143453
-47.5,500,1900.268017
-47.0,500,1900.392205
-47.1,500,1900.516613
-47.2,500,1900.641001
-47.1,500,1900.766079
-47.4,500,1900.890396
-46.8,500,1901.014781
-47.5,500,1901.139372
-47.7,500,1901.26391
-47.3,500,1901.388708
-46.6,500,1901.51479
-47.1,500,1901.640884
-48.0,500,1901.765288
-47.2,500,1901.889811
-46.8,500,1902.015311
-47.4,500,1902.139964
-46.6,500,1902.264859
-46.5,500,1902.389481
-47.0,500,1902.51376
-47.2,500,1902.63914
-46.9,500,1902.764399
-46.9,500,1902.889105
-47.3,500,1903.013833
-50.9,500,1903.138212
-46.9,500,1903.262827
-46.8,500,1903.387308
-49.0,500,1903.512283
-47.4,500,1903.637065
-46.8,500,1903.76198
-46.9,500,1903.887228
-47.1,500,1904.012227
-48.5,500,1904.137172
-47.7,500,1904.262498
-47.3,500,1904.387573
-46.7,500,1904.512667
-47.0,500,1904.637712
-47.1,500,1904.762534
-47.4,500,1904.887094
-47.1,500,1905.011368
-46.8,500,1905.166801
-46.8,500,1905.305956
-46.8,500,1905.431163
-47.0,500,1905.555828
-46.9,500,1905.680591
-46.7,500,1905.805391
-47.5,500,1905.929647
-47.7,500,1906.054019
-46.7,500,1906.178788
-47.0,500,1906.302983
-46.8,500,1906.429748
-47.6,500,1906.554747
-47.4,500,1906.679527
-47.0,500,1906.804248
-47.7,500,1906.928762
-46.9,500,1907.053958
-46.8,500,1907.179161
-47.3,500,1907.304198
-46.6,500,1907.428042
-47.2,500,1907.552977
-47.6,500,1907.677609
-46.5,500,1907.802409
-47.1,500,1907.927209
-47.6,500,1908.052083
-47.7,500,1908.176848
-46.9,500,1908.301959
-46.6,500,1908.426385
-47.1,500,1908.550999
-47.6,500,1908.67609
-46.6,500,1908.80115
-47.1,500,1908.925798
-46.8,500,1909.050357
-47.2,500,1909.175104
-47.2,500,1909.299919
-47.0,500,1909.424531
-46.7,500,1909.550208
-47.1,500,1909.675033
-46.7,500,1909.799701
-46.8,500,1909.924468
-48.7,500,1910.049323
-46.9,500,1910.174127
-46.9,500,1910.299114
-47.1,500,1910.423863
-47.4,500,1910.548289
-47.2,500,1910.67279
-47.1,500,1910.797892
-47.4,500,1910.922301
-48.4,500,1911.04682
-46.9,500,1911.171727
-47.6,500,1911.296146
-47.3,500,1911.422214
-47.2,500,1911.547457
-46.8,500,1911.671949
-47.1,500,1911.796925
-46.9,500,1911.922805
-47.7,500,1912.047851
-46.6,500,1912.172162
-46.9,500,1912.296424
-46.9,500,1912.420812
-46.5,500,1912.545444
-47.1,500,1912.670316
-46.6,500,1912.794373
-47.2,500,1912.918455
-46.7,500,1913.043223
-47.8,500,1913.167474
-46.9,500,1913.292577
-46.7,500,1913.417899
-46.8,500,1913.543225
-47.0,500,1913.667917
-47.0,500,1913.792688
-47.3,500,1913.918213
-46.7,500,1914.04287
-47.5,500,1914.167551
-46.9,500,1914.292532
-47.2,500,1914.417368
-47.0,500,1914.54177
-47.2,500,1914.666319
-46.7,500,1914.790628
-46.7,500,1914.915168
-47.3,500,1915.040397
-47.0,500,1915.165041
-46.9,500,1915.289899
-46.9,500,1915.414016
-47.4,500,1915.53868
-46.5,500,1915.662891
-47.2,500,1915.788668
-46.5,500,1915.913319
-46.5,500,1916.03823
-46.8,500,1916.163107
-47.2,500,1916.288127
-46.5,500,1916.412218
-47.4,500,1916.538886
-47.7,500,1916.664118
-47.6,500,1916.788876
-46.7,500,1916.913295
-47.4,500,1917.037637
-47.1,500,1917.162087
-47.5,500,1917.28686
-47.1,500,1917.412486
-47.4,500,1917.538023
-46.7,500,1917.662695
-47.4,500,1917.78746
-46.5,500,1917.911876
-47.3,500,1918.036344
-46.6,500,1918.160851
-46.9,500,1918.286546
-46.9,500,1918.411195
-47.1,500,1918.535298
-47.0,500,1918.659989
-47.5,500,1918.784376
-47.8,500,1918.90896
-47.8,500,1919.034564
-47.4,500,1919.15971
-47.6,500,1919.284518
-46.8,500,1919.409177
-46.8,500,1919.533889
-47.3,500,1919.658505
-46.9,500,1919.783928
-47.1,500,1919.955387
-47.6,500,1920.08022
-47.1,500,1920.204417
-47.7,500,1920.329319
-46.8,500,1920.453441
-46.7,500,1920.577764
-47.0,500,1920.70234
-47.1,500,1920.826588
-47.4,500,1920.950727
-47.7,500,1921.076024
-46.7,500,1921.201082
-46.6,500,1921.325513
-46.7,500,1921.451883
-47.0,500,1921.577503
-46.7,500,1921.702103
-47.6,500,1921.827549
-47.3,500,1921.951949
-47.2,500,1922.076927
-47.0,500,1922.201466
-46.6,500,1922.325551
-48.1,500,1922.449773
-46.5,500,1922.573936
-47.0,500,1922.699351
-47.0,500,1922.824262
-47.4,500,1922.948716
-46.6,500,1923.073492
-47.0,500,1923.198042
-47.9,500,1923.32261
-47.6,500,1923.447747
-47.5,500,1923.571802
-46.7,500,1923.69649
-47.6,500,1923.82087
-47.6,500,1923.945554
-47.8,500,1924.070121
-46.5,500,1924.194807
-47.4,500,1924.31977
-46.7,500,1924.444228
-46.6,500,1924.569443
-46.9,500,1924.694042
-46.7,500,1924.81862
-46.7,500,1924.943386
-47.0,500,1925.067724
-46.9,500,1925.192253
-47.3,500,1925.317809
-47.1,500,1925.442301
-47.0,500,1925.567082
-46.6,500,1925.691909
-47.4,500,1925.816663
-46.7,500,1925.941137
-47.4,500,1926.066034
-47.8,500,1926.191845
-46.7,500,1926.316585
-46.7,500,1926.441558
-47.0,500,1926.566601
-46.6,500,1926.6914
-47.7,500,1926.816092
-46.7,500,1926.940855
-47.4,500,1927.065859
-47.4,500,1927.190714
-46.8,500,1927.315492
-47.5,500,1927.440012
-47.7,500,1927.564707
-48.0,500,1927.689141
-46.9,500,1927.814248
-47.4,500,1927.938803
-47.4,500,1928.063262
-46.8,500,1928.18846
-46.8,500,1928.313209
-46.9,500,1928.437711
-47.4,500,1928.563224
-46.7,500,1928.688587
-47.9,500,1928.813471
-47.1,500,1928.937908
-47.2,500,1929.062363
-47.0,500,1929.187619
-46.9,500,1929.312288
-47.0,500,1929.437453
-46.8,500,1929.56227
-47.8,500,1929.686768
-46.9,500,1929.811101
-47.3,500,1929.935587
-47.1,500,1930.05971
-47.4,500,1930.184345
-46.6,500,1930.309279
-47.2,500,1930.433754
-47.8,500,1930.557951
-47.2,500,1930.682485
-47.5,500,1930.807391
-46.9,500,1930.931882
-47.5,500,1931.057046
-47.4,500,1931.182154
-47.2,500,1931.306696
-46.8,500,1931.431815
-46.7,500,1931.558692
-46.8,500,1931.683761
-47.0,500,1931.808536
-47.1,500,1931.933913
-46.9,500,1932.059009
-47.2,500,1932.183504
-47.1,500,1932.308167
-47.3,500,1932.432597
-47.3,500,1932.557068
-47.2,500,1932.681886
-46.9,500,1932.80653
-47.0,500,1932.931475
-46.5,500,1933.056757
-47.8,500,1933.180994
-47.1,500,1933.305774
-46.7,500,1933.4302
-46.7,500,1933.555431
-47.0,500,1933.679768
-46.5,500,1933.804451
-47.4,500,1933.928905
-46.9,500,1934.05394
-46.7,500,1934.17846
-47.9,500,1934.302702
-46.9,500,1934.428724
-46.7,500,1934.554287
-48.6,500,1934.704483
-47.2,500,1934.842424
-47.3,500,1934.967657
-46.9,500,1935.092953
-46.9,500,1935.217851
-47.6,500,1935.342428
-46.9,500,1935.467271
-47.5,500,1935.592029
-47.4,500,1935.717411
-47.2,500,1935.843442
-47.0,500,1935.968013
-46.7,500,1936.092603
-47.8,500,1936.217572
-46.8,500,1936.341829
-46.6,500,1936.468575
-46.6,500,1936.594705
-46.9,500,1936.719243
-47.3,500,1936.843668
-47.6,500,1936.967983
-47.0,500,1937.092892
-47.3,500,1937.217994
-47.5,500,1937.342772
-46.9,500,1937.467748
-47.4,500,1937.59238
-47.2,500,1937.71715
-46.6,500,1937.841587
-47.2,500,1937.966141
-47.7,500,1938.090973
-46.9,500,1938.218263
-47.0,500,1938.363449
-46.9,500,1938.504529
-47.4,500,1938.640781
-47.6,500,1938.780524
-47.2,500,1938.918758
-46.8,500,1939.044564
-47.0,500,1939.170202
-47.1,500,1939.295338
-46.9,500,1939.419699
-48.0,500,1939.544262
-47.6,500,1939.669253
-47.4,500,1939.793784
-46.9,500,1939.918854
-47.9,500,1940.044281
-46.6,500,1940.184588
-48.2,500,1940.31275
-47.2,500,1940.438
-46.8,500,1940.563572
-47.4,500,1940.6873
-47.7,500,1940.811328
-47.7,500,1940.936259
-47.3,500,1941.060489
-47.0,500,1941.184924
-48.6,500,1941.30953
-47.0,500,1941.434127
-47.1,500,1941.560212
-46.8,500,1941.684928
-48.0,500,1941.809464
-46.8,500,1941.933977
-47.3,500,1942.057619
-47.0,500,1942.182992
-46.8,500,1942.307393
-47.0,500,1942.432028
-47.4,500,1942.556803
-46.5,500,1942.681372
-47.0,500,1942.80589
-47.5,500,1942.930538
-46.8,500,1943.054979
-47.5,500,1943.179707
-47.5,500,1943.30469
-47.1,500,1943.43003
-46.9,500,1943.555451
-47.0,500,1943.680969
-47.3,500,1943.805605
-46.9,500,1943.930565
-47.5,500,1944.055078
-47.6,500,1944.179972
-46.9,500,1944.304709
-48.2,500,1944.429382
-47.4,500,1944.555027
-47.8,500,1944.680029
-47.5,500,1944.804897
-47.4,500,1944.92953
-47.4,500,1945.054335
-47.1,500,1945.178933
-46.7,500,1945.303616
-46.7,500,1945.428752
-46.8,500,1945.553433
-47.0,500,1945.678485
-47.6,500,1945.803529
-47.1,500,1945.928586
-47.3,500,1946.053138
-47.2,500,1946.178104
-47.1,500,1946.303176
-47.1,500,1946.428377
-47.4,500,1946.555019
-46.8,500,1946.679828
-46.7,500,1946.804876
-46.5,500,1946.929915
-47.0,500,1947.055405
-47.3,500,1947.181396
-47.0,500,1947.305968
-47.5,500,1947.43083
-46.9,500,1947.555704
-47.5,500,1947.680419
-46.7,500,1947.805277
-48.1,500,1947.930889
-46.8,500,1948.055277
-47.3,500,1948.179803
-46.7,500,1948.304586
-47.1,500,1948.42915
-47.1,500,1948.553311
-47.1,500,1948.678472
-46.9,500,1948.803052
-47.8,500,1948.927496
-46.9,500,1949.052615
-46.8,500,1949.177618
-47.8,500,1949.301978
-47.4,500,1949.427345
-46.9,500,1949.55217
-48.1,500,1949.677669
-47.0,500,1949.802745
-47.0,500,1949.927555
-47.1,500,1950.052706
-46.9,500,1950.222685
-46.8,500,1950.34698
-46.5,500,1950.471388
-47.3,500,1950.596511
-47.1,500,1950.721348
-47.3,500,1950.845212
-46.9,500,1950.969723
-47.1,500,1951.093926
-47.3,500,1951.219279
-46.8,500,1951.344019
-46.7,500,1951.469921
-46.8,500,1951.594882
-47.5,500,1951.719703
-48.0,500,1951.844419
-47.3,500,1951.968839
-46.7,500,1952.092964
-46.9,500,1952.21812
-46.9,500,1952.342442
-46.9,500,1952.466902
-46.9,500,1952.592886
-47.5,500,1952.717786
-47.2,500,1952.842281
-47.2,500,1952.967904
-46.9,500,1953.093803
-47.6,500,1953.218607
-46.9,500,1953.342921
-47.0,500,1953.467987
-46.8,500,1953.592124
-47.4,500,1953.71698
-47.3,500,1953.841059
-47.0,500,1953.965392
-46.8,500,1954.089989
-46.7,500,1954.214162
-46.9,500,1954.33853
-47.6,500,1954.463337
-46.7,500,1954.589143
-47.0,500,1954.714753
-46.5,500,1954.839416
-47.5,500,1954.964308
-47.1,500,1955.089198
-47.3,500,1955.214353
-47.0,500,1955.339442
-46.9,500,1955.465068
-46.7,500,1955.589801
-46.5,500,1955.714806
-46.8,500,1955.839446
-46.7,500,1955.96438
-47.5,500,1956.089419
-47.0,500,1956.214909
-47.0,500,1956.340221
-47.2,500,1956.465509
-47.0,500,1956.5913
-46.8,500,1956.716199
-46.8,500,1956.840655
-47.6,500,1956.965932
-47.1,500,1957.091562
-47.2,500,1957.217305
-46.6,500,1957.342027
-46.8,500,1957.467022
-46.5,500,1957.591515
-47.1,500,1957.716448
-47.0,500,1957.841647
-46.7,500,1957.966152
-46.6,500,1958.092707
-46.7,500,1958.217171
-47.8,500,1958.341765
-46.7,500,1958.466366
-48.0,500,1958.590926
-47.4,500,1958.715729
-47.1,500,1958.840534
-48.5,500,1958.966288
-46.6,500,1959.09074
-47.2,500,1959.215377
-47.5,500,1959.339912
-47.8,500,1959.464312
-46.9,500,1959.589187
-46.8,500,1959.713409
-46.5,500,1959.838292
-47.2,500,1959.962717
-47.7,500,1960.087164
-46.7,500,1960.211733
-47.2,500,1960.336588
-46.7,500,1960.460393
-47.6,500,1960.585323
-47.0,500,1960.709661
-47.5,500,1960.834336
-47.4,500,1960.959077
-46.6,500,1961.083588
-48.5,500,1961.208352
-46.6,500,1961.333139
-47.0,500,1961.457328
-47.4,500,1961.583755
-47.1,500,1961.708802
-46.8,500,1961.833341
-46.8,500,1961.958186
-47.1,500,1962.083376
-47.4,500,1962.208298
-47.3,500,1962.333391
-47.2,500,1962.457931
-46.8,500,1962.582526
-47.1,500,1962.706913
-47.1,500,1962.831677
-46.9,500,1962.955471
-47.2,500,1963.079402
-46.7,500,1963.203477
-47.5,500,1963.32766
-47.1,500,1963.452141
-47.6,500,1963.576312
-46.5,500,1963.700163
-46.5,500,1963.824992
-47.0,500,1963.949537
-47.5,500,1964.074017
-47.2,500,1964.198572
-47.9,500,1964.322701
-47.9,500,1964.447162
-46.9,500,1964.57219
-46.9,500,1964.697222
-47.3,500,1964.821657
-46.8,500,1964.94615
-46.7,500,1965.070517
-46.9,500,1965.195263
-47.6,500,1965.331488
-46.6,500,1965.486256
-47.9,500,1965.611007
-46.9,500,1965.736068
-46.9,500,1965.861304
-47.1,500,1965.986328
-47.1,500,1966.111084
-48.0,500,1966.236067
-47.1,500,1966.360596
-47.9,500,1966.487017
-47.6,500,1966.612053
-46.8,500,1966.736393
-47.3,500,1966.861037
-47.1,500,1966.985815
-47.1,500,1967.110539
-46.9,500,1967.23551
-46.6,500,1967.361151
-47.1,500,1967.486692
-47.0,500,1967.611677
-47.2,500,1967.735801
-47.3,500,1967.86071
-46.7,500,1967.985508
-47.0,500,1968.109676
-47.0,500,1968.23432
-47.8,500,1968.358509
-47.4,500,1968.486677
-46.9,500,1968.61139
-47.1,500,1968.736161
-48.8,500,1968.860328
-47.0,500,1968.985008
-46.9,500,1969.113745
-47.6,500,1969.238447
-47.5,500,1969.362767
-46.8,500,1969.487424
-47.0,500,1969.611845
-47.4,500,1969.737155
-46.9,500,1969.862398
-47.6,500,1969.987204
-46.7,500,1970.112041
-47.8,500,1970.237003
-46.9,500,1970.362085
-46.8,500,1970.487855
-46.9,500,1970.613674
-48.0,500,1970.73847
-47.2,500,1970.863414
-46.7,500,1970.988435
-46.7,500,1971.113448
-47.3,500,1971.237912
-47.1,500,1971.362969
-46.9,500,1971.488922
-46.6,500,1971.614772
-47.3,500,1971.740087
-46.5,500,1971.864712
-46.7,500,1971.988728
-47.7,500,1972.113832
-46.7,500,1972.238634
-46.5,500,1972.363111
-47.2,500,1972.487646
-46.9,500,1972.612454
-47.2,500,1972.737106
-46.5,500,1972.861576
-46.9,500,1972.986667
-47.3,500,1973.111034
-46.8,500,1973.237452
-47.2,500,1973.369286
-47.2,500,1973.494321
-47.3,500,1973.61889
-46.7,500,1973.743966
-47.2,500,1973.868252
-47.1,500,1973.992983
-46.7,500,1974.117518
-47.0,500,1974.242292
-46.9,500,1974.366532
-46.9,500,1974.491369
-46.9,500,1974.615256
-46.5,500,1974.740334
-48.0,500,1974.865121
-46.9,500,1974.989999
-47.9,500,1975.114625
-46.7,500,1975.238797
-47.1,500,1975.363743
-46.7,500,1975.489177
-47.8,500,1975.613453
-46.8,500,1975.73846
-46.6,500,1975.863147
-48.1,500,1975.988365
-47.4,500,1976.113081
-47.0,500,1976.237774
-47.8,500,1976.36298
-46.8,500,1976.487703
-47.2,500,1976.614164
-47.0,500,1976.739354
-47.0,500,1976.864059
-47.0,500,1976.988972
-47.4,500,1977.113714
-47.3,500,1977.238768
-46.8,500,1977.363583
-47.3,500,1977.488115
-47.3,500,1977.612618
-47.4,500,1977.737342
-46.8,500,1977.862421
-47.1,500,1977.987247
-47.1,500,1978.111586
-47.0,500,1978.236399
-47.7,500,1978.360973
-46.9,500,1978.486604
-46.7,500,1978.612933
-46.9,500,1978.737492
-46.9,500,1978.861894
-47.8,500,1978.986527
-47.4,500,1979.110845
-47.1,500,1979.235182
-47.7,500,1979.359214
-47.0,500,1979.484222
-47.0,500,1979.608555
-47.6,500,1979.733788
-47.2,500,1979.858477
-47.4,500,1979.983315
-47.5,500,1980.107465
-47.0,500,1980.232287
-46.9,500,1980.357682
-47.5,500,1980.48257
-47.3,500,1980.645402
-46.6,500,1980.77021
-47.5,500,1980.895468
-47.2,500,1981.020283
-47.5,500,1981.144841
-47.6,500,1981.269547
-46.5,500,1981.394041
-47.4,500,1981.520085
-47.4,500,1981.645713
-46.9,500,1981.770926
-46.8,500,1981.895712
-47.2,500,1982.019913
-47.8,500,1982.144288
-46.7,500,1982.268993
-47.2,500,1982.393809
-47.2,500,1982.518313
-46.9,500,1982.642713
-47.1,500,1982.76687
-46.5,500,1983.268111
-46.8,500,1983.476786
-46.8,500,1983.622013
-47.1,500,1983.746796
-49.2,500,1983.871524
-47.1,500,1983.996732
-46.7,500,1984.12154
-46.6,500,1984.246405
-46.8,500,1984.370819
-47.0,500,1984.495518
-47.5,500,1984.620493
-46.6,500,1984.74508
-46.8,500,1984.869499
-47.1,500,1984.994426
-47.0,500,1985.118592
-47.0,500,1985.243515
-47.4,500,1985.368502
-47.1,500,1985.492958
-47.3,500,1985.617674
-46.8,500,1985.74262
-46.9,500,1985.867184
-46.8,500,1985.991663
-46.6,500,1986.116168
-47.4,500,1986.240375
-46.9,500,1986.364854
-46.9,500,1986.489769
-46.9,500,1986.616323
-47.0,500,1986.741244
-46.9,500,1986.865838
-46.6,500,1986.990774
-47.5,500,1987.115318
-47.2,500,1987.239952
-46.9,500,1987.364592
-47.3,500,1987.489114
-47.4,500,1987.613664
-47.0,500,1987.738745
-46.7,500,1987.863204
-47.1,500,1987.987468
-46.8,500,1988.111989
-46.8,500,1988.237252
-47.4,500,1988.361829
-47.3,500,1988.486208
-46.9,500,1988.61095
-46.7,500,1988.735471
-46.9,500,1988.859622
-46.9,500,1988.984605
-47.3,500,1989.109134
-46.8,500,1989.233252
-47.0,500,1989.357524
-48.4,500,1989.482008
-46.7,500,1989.606491
-48.2,500,1989.731039
-47.1,500,1989.856699
-46.7,500,1989.981323
-46.8,500,1990.105552
-46.8,500,1990.230136
-47.2,500,1990.35491
-46.8,500,1990.479462
-46.9,500,1990.603685
-46.6,500,1990.728471
-47.3,500,1990.852989
-47.2,500,1990.977344
-46.9,500,1991.101809
-47.6,500,1991.226196
-47.4,500,1991.351716
-46.7,500,1991.476709
-46.6,500,1991.603157
-46.7,500,1991.728249
-46.9,500,1991.852984
-46.6,500,1991.977111
-46.8,500,1992.102216
-48.1,500,1992.226393
-46.8,500,1992.351226
-47.4,500,1992.47545
-47.2,500,1992.60013
-46.9,500,1992.72511
-48.1,500,1992.849769
-47.0,500,1992.974018
-46.9,500,1993.099624
-46.7,500,1993.224168
-46.7,500,1993.348456
-48.2,500,1993.473446
-47.4,500,1993.59813
-47.1,500,1993.722629
-46.7,500,1993.847628
-47.1,500,1993.974094
-46.8,500,1994.100445
-46.8,500,1994.225513
-47.2,500,1994.349883
-46.7,500,1994.473822
-47.1,500,1994.598481
-47.1,500,1994.723031
-46.8,500,1994.847036
-46.9,500,1994.971502
-47.2,500,1995.096279
-47.7,500,1995.221239
-47.9,500,1995.345341
-47.3,500,1995.469931
-46.7,500,1995.594733
-47.0,500,1995.71894
-47.5,500,1995.84362
-46.9,500,1995.968344
-47.0,500,1996.129824
-46.7,500,1996.254937
-47.0,500,1996.379402
-46.9,500,1996.504686
-47.6,500,1996.630473
-47.9,500,1996.756035
-47.5,500,1996.880511
-47.4,500,1997.005117
-46.8,500,1997.129634
-47.0,500,1997.254149
-47.7,500,1997.378999
-47.5,500,1997.504179
-46.8,500,1997.629974
-47.8,500,1997.754622
-47.7,500,1997.879246
-47.6,500,1998.003757
-47.2,500,1998.128141
-46.8,500,1998.253204
-46.7,500,1998.37811
-47.7,500,1998.502654
-46.6,500,1998.627441
-46.7,500,1998.752318
-46.9,500,1998.8767
-46.8,500,1999.002734
-46.8,500,1999.127755
-46.9,500,1999.252468
-47.1,500,1999.376932
-47.2,500,1999.501213
-47.0,500,1999.625291
-46.9,500,1999.750185
-46.7,500,1999.875414
-46.9,500,1999.999375
-47.6,500,2000.12358
-47.2,500,2000.248216
-48.0,500,2000.372442
-46.9,500,2000.497198
-47.3,500,2000.622159
-47.0,500,2000.746785
-46.9,500,2000.871311
-46.9,500,2000.996088
-47.1,500,2001.120543
-46.8,500,2001.245188
-46.8,500,2001.369667
-46.6,500,2001.494894
-47.8,500,2001.621499
-47.2,500,2001.746784
-48.2,500,2001.871463
-47.0,500,2001.995779
-46.6,500,2002.120979
-46.9,500,2002.246132
-47.3,500,2002.37131
-46.9,500,2002.496012
-47.0,500,2002.620298
-47.0,500,2002.745301
-47.9,500,2002.870138
-47.4,500,2002.995094
-47.2,500,2003.119554
-47.0,500,2003.244081
-46.9,500,2003.368538
-47.6,500,2003.493249
-46.8,500,2003.617163
-47.6,500,2003.741843
-47.2,500,2003.866569
-46.7,500,2003.991924
-46.7,500,2004.116679
-47.7,500,2004.241194
-46.9,500,2004.36579
-48.0,500,2004.490362
-46.6,500,2004.615445
-46.9,500,2004.739445
-46.6,500,2004.864254
-47.4,500,2004.988859
-46.7,500,2005.1135
-47.6,500,2005.238431
-47.0,500,2005.363153
-47.2,500,2005.488177
-48.4,500,2005.613489
-46.7,500,2005.738544
-46.6,500,2005.863188
-46.5,500,2005.987851
-46.9,500,2006.112252
-46.7,500,2006.237029
-47.7,500,2006.361668
-47.3,500,2006.486861
-46.8,500,2006.614074
-47.7,500,2006.739166
-47.4,500,2006.864887
-46.9,500,2006.989746
-47.4,500,2007.114428
-46.8,500,2007.246772
-46.7,500,2007.390999
-47.6,500,2007.528986
-47.0,500,2007.664156
-46.9,500,2007.803019
-46.9,500,2007.940298
-47.1,500,2008.066785
-47.1,500,2008.192149
-47.1,500,2008.316833
-46.9,500,2008.441902
-47.1,500,2008.567283
-46.5,500,2008.692057
-46.5,500,2008.816837
-47.0,500,2008.941162
-46.6,500,2009.066805
-46.9,500,2009.209874
-48.2,500,2009.336449
-47.2,500,2009.461262
-47.5,500,2009.58563
-47.5,500,2009.710348
-47.9,500,2009.836377
-49.7,500,2009.960715
-47.0,500,2010.085285
-46.8,500,2010.210194
-46.8,500,2010.335045
-54.9,500,2010.459403
-46.8,500,2010.583994
-47.6,500,2010.708508
-47.4,500,2010.83338
-46.6,500,2010.957709
-47.7,500,2011.082545
-46.7,500,2011.248684
-47.0,500,2011.373938
-46.9,500,2011.498849
-46.5,500,2011.625658
-47.0,500,2011.750787
-47.1,500,2011.875084
-46.7,500,2011.999937
-47.1,500,2012.125559
-47.4,500,2012.250457
-47.7,500,2012.375088
-47.4,500,2012.499711
-47.0,500,2012.624236
-47.7,500,2012.74895
-46.5,500,2012.876196
-47.2,500,2013.001431
-46.9,500,2013.125865
-46.9,500,2013.250175
-47.4,500,2013.374499
-46.9,500,2013.498773
-47.5,500,2013.623396
-47.5,500,2013.748791
-47.2,500,2013.87293
-48.1,500,2013.997509
-47.0,500,2014.122468
-47.3,500,2014.247
-46.5,500,2014.371321
-46.9,500,2014.495672
-46.9,500,2014.619884
-47.0,500,2014.744308
-47.3,500,2014.869196
-46.9,500,2014.993898
-46.9,500,2015.118563
-46.9,500,2015.24296
-46.6,500,2015.367717
-46.9,500,2015.492985
-46.6,500,2015.617342
-46.8,500,2015.741912
-47.5,500,2015.866554
-47.2,500,2015.991407
-48.2,500,2016.115795
-47.5,500,2016.240569
-46.8,500,2016.36533
-47.4,500,2016.490446
-47.0,500,2016.617797
-46.7,500,2016.743068
-47.0,500,2016.867706
-48.0,500,2016.991875
-47.8,500,2017.116996
-46.9,500,2017.241114
-47.4,500,2017.366765
-47.2,500,2017.491306
-47.3,500,2017.615647
-48.0,500,2017.740328
-47.6,500,2017.865524
-46.7,500,2017.989403
-48.1,500,2018.114037
-46.9,500,2018.238243
-47.0,500,2018.363124
-46.9,500,2018.487673
-47.6,500,2018.612438
-46.8,500,2018.737858
-47.2,500,2018.862568
-47.4,500,2018.987465
-46.8,500,2019.111859
-46.9,500,2019.236535
-46.8,500,2019.361417
-46.7,500,2019.487135
-47.0,500,2019.611524
-47.2,500,2019.735869
-47.4,500,2019.860331
-47.5,500,2019.985664
-46.7,500,2020.109999
-47.1,500,2020.234737
-46.8,500,2020.359713
-47.0,500,2020.484569
-47.0,500,2020.609418
-47.1,500,2020.733989
-47.7,500,2020.858575
-46.9,500,2020.982924
-47.0,500,2021.108199
-47.3,500,2021.233099
-47.2,500,2021.357588
-47.4,500,2021.48209
-46.8,500,2021.609075
-47.1,500,2021.733985
-48.1,500,2021.858748
-47.1,500,2021.984151
-46.5,500,2022.109367
-46.7,500,2022.234297
-47.0,500,2022.359659
-46.9,500,2022.484694
-47.0,500,2022.609597
-47.5,500,2022.734965
-47.5,500,2022.860841
-47.5,500,2022.985818
-47.3,500,2023.110518
-46.9,500,2023.235196
-46.7,500,2023.359833
-47.0,500,2023.484792
-46.7,500,2023.610191
-47.0,500,2023.735236
-47.0,500,2023.86019
-47.5,500,2023.984474
-46.9,500,2024.10891
-47.3,500,2024.233054
-47.0,500,2024.357955
-46.8,500,2024.484284
-46.8,500,2024.608396
-47.9,500,2024.732962
-46.8,500,2024.857308
-48.9,500,2024.981782
-47.6,500,2025.106698
-46.9,500,2025.230992
-46.6,500,2025.355142
-47.2,500,2025.479203
-46.8,500,2025.603788
-47.8,500,2025.727995
-47.8,500,2025.852469
-47.1,500,2025.977264
-47.2,500,2026.101924
-47.0,500,2026.22619
-47.6,500,2026.350887
-47.0,500,2026.475484
-47.4,500,2026.60224
-46.7,500,2026.727499
-46.9,500,2026.852511
-46.8,500,2027.016423
-46.7,500,2027.140873
-47.2,500,2027.265819
-47.4,500,2027.389853
-46.6,500,2027.514155
-46.7,500,2027.638316
-47.2,500,2027.763108
-47.3,500,2027.888001
-47.5,500,2028.012758
-47.2,500,2028.13776
-47.0,500,2028.262552
-47.3,500,2028.386871
-46.8,500,2028.511317
-46.9,500,2028.635936
-48.1,500,2028.760152
-47.2,500,2028.885055
-46.9,500,2029.009702
-47.0,500,2029.134363
-47.1,500,2029.258692
-47.1,500,2029.382866
-47.0,500,2029.507327
-47.8,500,2029.631797
-47.5,500,2029.756516
-47.4,500,2029.881042
-47.1,500,2030.005913
-46.8,500,2030.130872
-48.0,500,2030.255594
-46.9,500,2030.381197
-46.9,500,2030.50633
-47.9,500,2030.630916
-47.1,500,2030.755526
-46.7,500,2030.880177
-46.7,500,2031.005001
-47.4,500,2031.130335
-46.6,500,2031.254925
-47.8,500,2031.380474
-47.0,500,2031.504994
-47.4,500,2031.6331
-47.8,500,2031.757984
-47.0,500,2031.882986
-47.2,500,2032.008135
-47.1,500,2032.1326
-47.0,500,2032.257301
-47.5,500,2032.381978
-46.8,500,2032.506299
-47.0,500,2032.630699
-46.7,500,2032.755005
-47.7,500,2032.880495
-47.6,500,2033.005
-47.1,500,2033.129583
-47.0,500,2033.254029
-47.2,500,2033.378066
-47.0,500,2033.502538
-47.2,500,2033.627996
-47.0,500,2033.753108
-47.2,500,2033.877538
-47.1,500,2034.002015
-47.1,500,2034.127106
-46.8,500,2034.251742
-47.1,500,2034.375944
-46.6,500,2034.501182
-47.0,500,2034.626076
-47.6,500,2034.750911
-47.8,500,2034.875475
-47.1,500,2035.000173
-46.6,500,2035.124414
-47.2,500,2035.249689
-47.2,500,2035.375079
-47.8,500,2035.499796
-48.4,500,2035.624619
-47.2,500,2035.749791
-46.8,500,2035.87456
-46.9,500,2035.999198
-46.5,500,2036.124037
-47.1,500,2036.249009
-46.9,500,2036.373759
-47.1,500,2036.497988
-47.9,500,2036.625428
-46.9,500,2036.750277
-47.0,500,2036.875123
-46.8,500,2036.999643
-47.1,500,2037.124345
-47.2,500,2037.248858
-46.9,500,2037.373329
-46.9,500,2037.501368
-46.8,500,2037.627015
-46.5,500,2037.752018
-46.7,500,2037.876923
-47.0,500,2038.001898
-47.0,500,2038.129946
-46.9,500,2038.254611
-47.2,500,2038.379786
-47.1,500,2038.504311
-47.1,500,2038.628648
-46.9,500,2038.753345
-47.3,500,2038.877781
-46.9,500,2039.002493
-47.2,500,2039.128076
-47.3,500,2039.253726
-47.7,500,2039.378552
-46.9,500,2039.503134
-47.1,500,2039.627549
-46.6,500,2039.752482
-47.9,500,2039.876688
-47.5,500,2040.001639
-46.6,500,2040.127019
-47.3,500,2040.251901
-47.2,500,2040.377023
-46.7,500,2040.501375
-47.1,500,2040.625995
-47.3,500,2040.751406
-47.1,500,2040.876157
-47.1,500,2041.000928
-46.9,500,2041.125377
-47.2,500,2041.250799
-46.9,500,2041.375353
-47.8,500,2041.500077
-47.2,500,2041.627489
-47.6,500,2041.752988
-46.6,500,2041.878289
-47.0,500,2042.003241
-46.9,500,2042.12824
-47.8,500,2042.253316
-46.6,500,2042.378165
-46.8,500,2042.502872
-46.9,500,2042.666064
-47.0,500,2042.791649
-48.0,500,2042.916419
-47.9,500,2043.040864
-47.7,500,2043.165922
-47.6,500,2043.290258
-46.6,500,2043.414344
-47.3,500,2043.53944
-46.8,500,2043.663841
-47.0,500,2043.788048
-47.0,500,2043.912846
-46.8,500,2044.037431
-47.4,500,2044.162395
-47.7,500,2044.286714
-46.9,500,2044.411007
-47.0,500,2044.535632
-47.7,500,2044.660814
-46.8,500,2044.785207
-46.8,500,2044.910082
-46.6,500,2045.050918
-47.2,500,2045.175892
-47.7,500,2045.300175
-46.9,500,2045.425102
-47.1,500,2045.549379
-47.0,500,2045.673325
-46.9,500,2045.797584
-47.0,500,2045.921995
-47.8,500,2046.046626
-46.7,500,2046.171009
-46.7,500,2046.296159
-47.8,500,2046.420423
-47.1,500,2046.545614
-47.0,500,2046.671382
-46.7,500,2046.796315
-47.0,500,2046.920522
-47.4,500,2047.046487
-46.5,500,2047.172117
-47.3,500,2047.296951
-46.8,500,2047.421413
-47.0,500,2047.546217
-46.9,500,2047.671064
-46.7,500,2047.795998
-47.6,500,2047.922027
-47.0,500,2048.050979
-46.7,500,2048.177672
-47.1,500,2048.305355
-47.2,500,2048.431514
-47.7,500,2048.557172
-47.3,500,2048.683062
-47.4,500,2048.808092
-46.7,500,2048.932448
-47.6,500,2049.057017
-47.2,500,2049.181793
-46.6,500,2049.306356
-47.9,500,2049.431917
-46.6,500,2049.556033
-47.2,500,2049.680765
-47.2,500,2049.805753
-46.6,500,2049.93025
-46.8,500,2050.055011
-47.1,500,2050.179626
-46.7,500,2050.305585
-47.1,500,2050.431488
-46.9,500,2050.556279
-46.9,500,2050.680805
-47.2,500,2050.805654
-46.9,500,2050.930433
-47.5,500,2051.054981
-46.8,500,2051.179867
-46.9,500,2051.304722
-47.1,500,2051.429503
-46.7,500,2051.556015
-46.9,500,2051.681596
-46.5,500,2051.805968
-47.3,500,2051.931799
-46.7,500,2052.056847
-46.9,500,2052.181831
-46.8,500,2052.306924
-46.9,500,2052.43164
-46.9,500,2052.556195
-47.4,500,2052.68106
-48.0,500,2052.806246
-46.6,500,2052.931163
-46.7,500,2053.056011
-47.3,500,2053.180948
-47.5,500,2053.305021
-47.0,500,2053.430415
-47.3,500,2053.554844
-46.9,500,2053.679807
-47.0,500,2053.804669
-48.5,500,2053.929861
-47.1,500,2054.054852
-47.3,500,2054.179748
-46.5,500,2054.305267
-47.7,500,2054.430777
-47.1,500,2054.555643
-46.6,500,2054.680603
-47.1,500,2054.805574
-47.1,500,2054.930992
-47.2,500,2055.056261
-46.6,500,2055.181494
-46.7,500,2055.306394
-47.5,500,2055.431266
-46.9,500,2055.555891
-46.5,500,2055.680752
-46.9,500,2055.805597
-46.8,500,2055.930865
-47.1,500,2056.055543
-47.5,500,2056.179906
-47.1,500,2056.304825
-47.0,500,2056.429749
-48.6,500,2056.555984
-47.5,500,2056.681649
-46.7,500,2056.806359
-46.9,500,2056.931456
-46.9,500,2057.056147
-47.4,500,2057.180644
-46.7,500,2057.305346
-46.9,500,2057.430196
-46.8,500,2057.555067
-46.9,500,2057.679985
-47.7,500,2057.804945
-46.9,500,2057.929613
-47.0,500,2058.054218
-46.8,500,2058.228471
-47.6,500,2058.353861
-46.9,500,2058.478759
-47.4,500,2058.603255
-47.2,500,2058.727996
-47.0,500,2058.852656
-47.1,500,2058.977134
-46.6,500,2059.101369
-46.5,500,2059.226096
-48.3,500,2059.350451
-46.8,500,2059.474986
-46.8,500,2059.599624
-47.2,500,2059.724331
-47.1,500,2059.849725
-47.2,500,2059.974483
-47.1,500,2060.09909
-47.0,500,2060.223496
-47.5,500,2060.347803
-47.3,500,2060.472187
-47.2,500,2060.597505
-46.8,500,2060.721528
-47.8,500,2060.846184
-47.4,500,2060.971141
-48.1,500,2061.095648
-47.2,500,2061.22052
-47.0,500,2061.345269
-46.7,500,2061.469656
-47.1,500,2061.597298
-46.5,500,2061.72258
-46.6,500,2061.847104
-47.7,500,2061.971847
-47.0,500,2062.096577
-47.6,500,2062.221116
-46.8,500,2062.346427
-47.0,500,2062.472058
-46.7,500,2062.597102
-46.5,500,2062.721411
-47.0,500,2062.845649
-47.0,500,2062.970291
-47.0,500,2063.095158
-47.2,500,2063.219758
-47.5,500,2063.353898
-48.0,500,2063.47842
-47.2,500,2063.603122
-47.0,500,2063.727679
-46.8,500,2063.852496
-47.0,500,2063.977123
-46.8,500,2064.101728
-46.9,500,2064.226406
-47.3,500,2064.351537
-47.9,500,2064.476071
-46.9,500,2064.600629
-47.1,500,2064.725913
-47.0,500,2064.849606
-46.9,500,2064.9743
-47.2,500,2065.098815
-47.2,500,2065.223722
-47.2,500,2065.34819
-48.3,500,2065.472828
-46.7,500,2065.597452
-46.8,500,2065.722259
-47.2,500,2065.846555
-46.6,500,2065.971159
-46.8,500,2066.096032
-47.6,500,2066.220907
-46.9,500,2066.345427
-47.3,500,2066.470084
-46.9,500,2066.596569
-46.8,500,2066.721631
-46.6,500,2066.845886
-47.1,500,2066.970609
-47.0,500,2067.095201
-46.8,500,2067.219904
-47.7,500,2067.34365
-46.9,500,2067.468262
-46.8,500,2067.59279
-46.9,500,2067.71732
-47.1,500,2067.841602
-46.6,500,2067.96617
-47.2,500,2068.091034
-46.7,500,2068.215528
-46.9,500,2068.340155
-46.8,500,2068.464673
-47.1,500,2068.589198
-47.2,500,2068.713539
-47.0,500,2068.839779
-47.4,500,2068.963884
-47.0,500,2069.088303
-47.1,500,2069.2129
-46.7,500,2069.337244
-46.8,500,2069.461285
-46.7,500,2069.586401
-47.6,500,2069.71124
-47.2,500,2069.835883
-46.7,500,2069.96032
-47.6,500,2070.085326
-46.6,500,2070.21007
-47.0,500,2070.335338
-47.4,500,2070.461242
-46.9,500,2070.585775
-47.3,500,2070.710365
-46.6,500,2070.834984
-46.7,500,2070.960021
-47.3,500,2071.085407
-46.8,500,2071.210928
-46.5,500,2071.356568
-46.8,500,2071.493045
-47.2,500,2071.634939
-47.5,500,2071.774107
-47.9,500,2071.912205
-46.9,500,2072.038262
-47.2,500,2072.163717
-46.8,500,2072.289162
-47.0,500,2072.413886
-47.3,500,2072.53884
-46.7,500,2072.663552
-47.9,500,2072.788025
-46.9,500,2072.913436
-46.9,500,2073.038316
-46.7,500,2073.178451
-46.8,500,2073.308412
-47.4,500,2073.433675
-46.9,500,2073.559132
-47.2,500,2073.722642
-47.0,500,2073.847672
-47.6,500,2073.972468
-46.9,500,2074.097738
-47.3,500,2074.223519
-46.9,500,2074.348943
-47.2,500,2074.473177
-47.6,500,2074.598034
-46.9,500,2074.722239
-47.8,500,2074.847206
-46.8,500,2074.972058
-46.7,500,2075.096525
-47.3,500,2075.22104
-46.7,500,2075.345547
-47.6,500,2075.470348
-46.8,500,2075.595443
-46.6,500,2075.720049
-46.7,500,2075.844948
-47.0,500,2075.969919
-48.8,500,2076.094032
-46.5,500,2076.218328
-47.0,500,2076.342801
-46.7,500,2076.468287
-47.3,500,2076.594776
-46.5,500,2076.720056
-46.9,500,2076.84523
-47.5,500,2076.970122
-46.8,500,2077.094766
-47.4,500,2077.219957
-47.9,500,2077.344914
-46.9,500,2077.469483
-47.2,500,2077.593993
-47.4,500,2077.718558
-46.7,500,2077.843251
-47.0,500,2077.967913
-47.2,500,2078.092941
-46.5,500,2078.218048
-46.5,500,2078.342563
-48.9,500,2078.467106
-46.9,500,2078.591881
-47.5,500,2078.716635
-46.9,500,2078.841189
-47.6,500,2078.966215
-47.3,500,2079.090942
-46.7,500,2079.215747
-47.3,500,2079.34029
-47.1,500,2079.464909
-47.1,500,2079.589499
-47.0,500,2079.714918
-46.7,500,2079.840146
-47.4,500,2079.965006
-46.8,500,2080.089775
-46.6,500,2080.2143
-46.8,500,2080.338378
-46.7,500,2080.463497
-46.7,500,2080.588009
-46.9,500,2080.712996
-47.0,500,2080.836851
-47.0,500,2080.9616
-48.8,500,2081.085561
-46.5,500,2081.209991
-47.2,500,2081.334453
-46.7,500,2081.459018
-47.1,500,2081.584893
-47.8,500,2081.710508
-47.2,500,2081.8356
-46.9,500,2081.961068
-47.8,500,2082.085167
-47.4,500,2082.21002
-47.3,500,2082.334332
-47.3,500,2082.459224
-47.2,500,2082.583294
-47.2,500,2082.707986
-46.7,500,2082.833161
-47.0,500,2082.958499
-47.2,500,2083.083571
-47.5,500,2083.208101
-46.7,500,2083.332624
-47.5,500,2083.457041
-47.6,500,2083.581769
-46.6,500,2083.705767
-46.7,500,2083.830076
-47.9,500,2083.954554
-46.9,500,2084.079371
-47.1,500,2084.203959
-47.2,500,2084.328443
-48.0,500,2084.453656
-47.5,500,2084.578568
-47.0,500,2084.70321
-48.6,500,2084.827901
-46.9,500,2084.952193
-46.9,500,2085.076773
-47.0,500,2085.202034
-48.3,500,2085.326405
-46.9,500,2085.45144
-47.3,500,2085.575948
-46.7,500,2085.700463
-46.9,500,2085.825055
-47.1,500,2085.950567
-46.5,500,2086.075491
-47.0,500,2086.200407
-47.1,500,2086.325166
-46.9,500,2086.450246
-46.8,500,2086.575128
-47.4,500,2086.702302
-47.6,500,2086.828118
-46.9,500,2086.953107
-47.1,500,2087.077708
-47.1,500,2087.201927
-47.8,500,2087.326443
-47.4,500,2087.451337
-47.1,500,2087.576083
-46.8,500,2087.700643
-46.9,500,2087.825166
-47.4,500,2087.950163
-47.9,500,2088.074617
-47.2,500,2088.199697
-47.1,500,2088.324661
-47.0,500,2088.449063
-46.6,500,2088.57327
-47.2,500,2088.697996
-47.5,500,2088.822353
-46.5,500,2088.947113
-47.0,500,2089.11312
-46.9,500,2089.237904
-46.7,500,2089.362276
-46.7,500,2089.486492
-46.8,500,2089.610326
-46.9,500,2089.73525
-46.8,500,2089.859764
-46.9,500,2089.983884
-47.2,500,2090.108724
-46.8,500,2090.233074
-47.4,500,2090.357151
-47.6,500,2090.48203
-47.3,500,2090.606975
-46.7,500,2090.731193
-46.7,500,2090.855565
-46.9,500,2090.980078
-46.8,500,2091.104623
-47.6,500,2091.229731
-46.9,500,2091.354282
-47.1,500,2091.479068
-47.2,500,2091.604376
-47.4,500,2091.730647
-47.1,500,2091.856031
-47.2,500,2091.980047
-46.5,500,2092.105218
-46.9,500,2092.230422
-46.9,500,2092.355066
-47.4,500,2092.47937
-47.1,500,2092.604035
-47.1,500,2092.728983
-46.8,500,2092.853852
-47.6,500,2092.979467
-47.0,500,2093.104693
-47.4,500,2093.229529
-47.2,500,2093.354421
-47.0,500,2093.47972
-46.7,500,2093.604062
-47.2,500,2093.728676
-47.1,500,2093.85339
-46.9,500,2093.97747
-47.5,500,2094.101562
-47.2,500,2094.225882
-48.1,500,2094.351652
-46.9,500,2094.476376
-47.3,500,2094.601037
-46.6,500,2094.725533
-47.1,500,2094.850119
-47.4,500,2094.975064
-46.8,500,2095.099738
-47.7,500,2095.224185
-46.9,500,2095.358141
-46.6,500,2095.48403
-47.0,500,2095.609419
-46.8,500,2095.733923
-47.0,500,2095.858489
-46.8,500,2095.983604
-47.0,500,2096.108691
-46.7,500,2096.233603
-46.8,500,2096.357934
-46.7,500,2096.482734
-46.9,500,2096.608076
-47.2,500,2096.733778
-46.5,500,2096.858934
-47.0,500,2096.983856
-46.6,500,2097.108187
-46.8,500,2097.233184
-47.3,500,2097.357335
-46.7,500,2097.482116
-46.9,500,2097.607426
-46.7,500,2097.732291
-48.2,500,2097.857661
-47.0,500,2097.982675
-47.1,500,2098.107401
-46.6,500,2098.232103
-47.1,500,2098.357875
-46.8,500,2098.483908
-47.1,500,2098.608811
-47.1,500,2098.733771
-47.7,500,2098.858873
-46.9,500,2098.983209
-46.7,500,2099.108162
-47.1,500,2099.233327
-46.7,500,2099.358529
-47.1,500,2099.483362
-48.8,500,2099.608012
-46.8,500,2099.732824
-47.1,500,2099.858221
-46.8,500,2099.982826
-46.9,500,2100.107171
-47.0,500,2100.233404
-47.3,500,2100.365976
-46.9,500,2100.490881
-46.9,500,2100.616013
-47.1,500,2100.741069
-47.8,500,2100.86562
-46.9,500,2100.990113
-47.0,500,2101.114571
-47.3,500,2101.239514
-47.6,500,2101.363728
-46.8,500,2101.493294
-47.7,500,2101.619782
-47.0,500,2101.744909
-47.3,500,2101.869989
-46.8,500,2101.994607
-47.2,500,2102.122243
-47.0,500,2102.247989
-47.0,500,2102.373055
-46.9,500,2102.498167
-47.0,500,2102.622758
-47.0,500,2102.747819
-47.3,500,2102.872364
-47.2,500,2102.996589
-47.2,500,2103.122741
-47.3,500,2103.248662
-46.8,500,2103.373018
-46.7,500,2103.497686
-46.7,500,2103.621893
-47.3,500,2103.74623
-47.1,500,2103.871409
-47.0,500,2104.038763
-47.2,500,2104.163898
-47.2,500,2104.288209
-46.8,500,2104.412968
-47.2,500,2104.537111
-46.6,500,2104.661492
-47.0,500,2104.786216
-47.1,500,2104.910767
-46.8,500,2105.035178
-47.2,500,2105.159834
-46.7,500,2105.284548
-47.6,500,2105.409332
-47.3,500,2105.533843
-47.2,500,2105.658518
-46.6,500,2105.783069
-47.4,500,2105.907788
-46.9,500,2106.033108
-46.7,500,2106.158107
-46.7,500,2106.283251
-47.5,500,2106.407805
-46.9,500,2106.532674
-47.0,500,2106.659308
-47.2,500,2106.784821
-47.1,500,2106.910187
-46.7,500,2107.03472
-47.3,500,2107.158845
-47.1,500,2107.283392
-47.2,500,2107.407505
-46.9,500,2107.53218
-47.1,500,2107.656697
-46.9,500,2107.781864
-47.0,500,2107.906475
-46.9,500,2108.031176
-46.8,500,2108.156091
-47.2,500,2108.280935
-46.9,500,2108.405722
-46.9,500,2108.531106
-46.7,500,2108.655058
-47.4,500,2108.779671
-47.7,500,2108.903827
-46.8,500,2109.028299
-46.7,500,2109.152853
-47.6,500,2109.277613
-46.6,500,2109.402952
-47.2,500,2109.528741
-46.6,500,2109.65306
-46.5,500,2109.778236
-46.6,500,2109.902793
-47.2,500,2110.027186
-46.9,500,2110.151674
-47.1,500,2110.2768
-47.2,500,2110.401548
-47.3,500,2110.525678
-47.2,500,2110.650797
-46.6,500,2110.77534
-46.8,500,2110.89982
-46.7,500,2111.024801
-47.6,500,2111.150306
-47.0,500,2111.275037
-48.4,500,2111.400348
-47.0,500,2111.524765
-46.5,500,2111.651294
-46.6,500,2111.776676
-46.5,500,2111.902342
-46.5,500,2112.026933
-46.5,500,2112.151469
-47.7,500,2112.275966
-46.5,500,2112.399999
-46.8,500,2112.524365
-46.8,500,2112.648893
-46.8,500,2112.77428
-47.0,500,2112.898535
-47.0,500,2113.023248
-47.2,500,2113.148122
-47.3,500,2113.272733
-46.9,500,2113.397138
-47.4,500,2113.521759
-47.5,500,2113.646572
-46.9,500,2113.771328
-47.0,500,2113.895962
-47.4,500,2114.02057
-46.9,500,2114.145319
-46.6,500,2114.27096
-46.7,500,2114.396144
-47.2,500,2114.520963
-46.8,500,2114.645075
-46.9,500,2114.769624
-46.6,500,2114.894371
-48.1,500,2115.018716
-46.9,500,2115.144149
-47.1,500,2115.26925
-47.1,500,2115.394203
-47.5,500,2115.519095
-46.7,500,2115.64397
-47.6,500,2115.768582
-46.9,500,2115.893875
-47.1,500,2116.018367
-47.2,500,2116.143142
-47.2,500,2116.268124
-47.1,500,2116.393325
-47.5,500,2116.517781
-47.2,500,2116.644027
-46.9,500,2116.769797
-47.6,500,2116.895557
-46.9,500,2117.020868
-47.0,500,2117.145975
-46.9,500,2117.271171
-46.6,500,2117.396098
-47.6,500,2117.520612
-47.0,500,2117.645639
-47.3,500,2117.769882
-46.8,500,2117.894045
-47.1,500,2118.018479
-46.7,500,2118.143342
-47.3,500,2118.276178
-47.0,500,2118.41866
-46.9,500,2118.556848
-47.0,500,2118.697875
-46.8,500,2118.834687
-46.7,500,2118.972364
-47.1,500,2119.097726
-47.6,500,2119.222236
-46.7,500,2119.346795
-47.2,500,2119.47268
-46.8,500,2119.644821
-46.8,500,2119.769628
-47.2,500,2119.894885
-46.5,500,2120.020358
-46.8,500,2120.159556
-46.6,500,2120.288504
-47.4,500,2120.41335
-47.4,500,2120.539284
-47.0,500,2120.664404
-47.6,500,2120.790068
-46.8,500,2120.915128
-47.1,500,2121.039893
-47.2,500,2121.164733
-47.1,500,2121.289927
-47.1,500,2121.414561
-47.1,500,2121.539498
-46.8,500,2121.665664
-47.3,500,2121.791076
-46.8,500,2121.916311
-47.3,500,2122.041142
-46.9,500,2122.165782
-47.4,500,2122.29056
-47.1,500,2122.41521
-46.8,500,2122.539754
-47.3,500,2122.664017
-46.8,500,2122.788888
-47.6,500,2122.913575
-46.8,500,2123.038275
-47.1,500,2123.163169
-46.9,500,2123.288122
-46.5,500,2123.412981
-47.8,500,2123.537367
-47.5,500,2123.662633
-46.7,500,2123.787152
-47.1,500,2123.911737
-46.7,500,2124.036565
-46.8,500,2124.161371
-47.2,500,2124.285932
-47.1,500,2124.410602
-47.5,500,2124.536148
-47.2,500,2124.661407
-47.4,500,2124.786107
-47.3,500,2124.910816
-47.4,500,2125.035843
-47.2,500,2125.160858
-46.5,500,2125.286498
-47.2,500,2125.41102
-47.2,500,2125.535437
-47.0,500,2125.660101
-46.8,500,2125.784771
-46.6,500,2125.908713
-46.7,500,2126.033711
-46.9,500,2126.158176
-48.1,500,2126.282595
-47.4,500,2126.407178
-46.7,500,2126.532314
-46.9,500,2126.658194
-46.8,500,2126.783913
-47.3,500,2126.90879
-47.0,500,2127.033475
-47.5,500,2127.157941
-46.8,500,2127.28242
-46.9,500,2127.407
-47.3,500,2127.532191
-46.8,500,2127.657373
-46.7,500,2127.782537
-46.8,500,2127.907013
-46.7,500,2128.03206
-47.1,500,2128.156738
-46.7,500,2128.282065
-46.9,500,2128.40739
-46.7,500,2128.531723
-47.5,500,2128.656461
-46.5,500,2128.781354
-47.3,500,2128.905569
-46.7,500,2129.030937
-46.6,500,2129.154849
-47.1,500,2129.279724
-46.6,500,2129.404546
-47.2,500,2129.528829
-46.9,500,2129.653326
-47.1,500,2129.778601
-46.6,500,2129.903529
-46.8,500,2130.028052
-46.7,500,2130.152694
-46.7,500,2130.277374
-47.1,500,2130.401417
-47.4,500,2130.526911
-47.2,500,2130.651819
-46.6,500,2130.777025
-46.5,500,2130.901441
-47.5,500,2131.026274
-47.1,500,2131.150916
-47.1,500,2131.275397
-47.4,500,2131.400824
-46.8,500,2131.525368
-46.9,500,2131.651606
-47.6,500,2131.777341
-47.1,500,2131.90183
-46.6,500,2132.027227
-46.5,500,2132.151615
-47.1,500,2132.275861
-46.6,500,2132.400375
-47.1,500,2132.525156
-47.2,500,2132.649831
-46.9,500,2132.774689
-46.9,500,2132.899926
-46.7,500,2133.024455
-47.4,500,2133.149076
-46.7,500,2133.27413
-46.7,500,2133.39887
-47.0,500,2133.523319
-47.1,500,2133.64843
-47.1,500,2133.772974
-46.6,500,2133.897575
-47.3,500,2134.022205
-47.6,500,2134.14614
-46.7,500,2134.270604
-46.8,500,2134.395986
-46.8,500,2134.520552
-46.8,500,2134.645164
-46.8,500,2134.769814
-47.4,500,2134.894586
-47.1,500,2135.018843
-47.6,500,2135.186291
-46.6,500,2135.311014
-46.8,500,2135.435624
-47.1,500,2135.560376
-48.0,500,2135.685765
-47.4,500,2135.811716
-47.3,500,2135.936373
-46.7,500,2136.06054
-47.2,500,2136.185158
-46.7,500,2136.30982
-47.0,500,2136.434684
-46.8,500,2136.559819
-47.2,500,2136.685715
-46.8,500,2136.810861
-47.1,500,2136.935366
-46.6,500,2137.060749
-47.2,500,2137.185043
-47.0,500,2137.309883
-46.8,500,2137.434399
-46.5,500,2137.558957
-47.0,500,2137.683077
-47.7,500,2137.807358
-46.9,500,2137.931543
-46.7,500,2138.056605
-48.0,500,2138.180064
-46.7,500,2138.304673
-46.5,500,2138.429171
-46.7,500,2138.553636
-47.4,500,2138.678096
-46.9,500,2138.802956
-47.3,500,2138.927855
-46.7,500,2139.05326
-48.4,500,2139.177999
-47.4,500,2139.302397
-46.7,500,2139.427224
-47.3,500,2139.552461
-47.3,500,2139.678027
-47.1,500,2139.802331
-47.2,500,2139.926533
-46.7,500,2140.050851
-47.8,500,2140.175487
-46.9,500,2140.3001
-47.3,500,2140.42419
-46.8,500,2140.549202
-46.8,500,2140.673883
-46.8,500,2140.798558
-46.9,500,2140.923406
-47.6,500,2141.047917
-46.6,500,2141.172387
-47.1,500,2141.29723
-46.8,500,2141.421585
-47.0,500,2141.546091
-47.2,500,2141.672048
-46.9,500,2141.797192
-47.4,500,2141.921967
-47.0,500,2142.047425
-46.9,500,2142.172565
-46.9,500,2142.297492
-47.0,500,2142.421801
-47.0,500,2142.546775
-46.7,500,2142.67156
-46.6,500,2142.796351
-47.1,500,2142.922087
-47.3,500,2143.046785
-47.0,500,2143.17158
-47.6,500,2143.297031
-46.8,500,2143.421416
-47.4,500,2143.546012
-47.1,500,2143.670365
-47.3,500,2143.795798
-46.7,500,2143.920993
-46.7,500,2144.045408
-46.9,500,2144.169612
-47.2,500,2144.294302
-48.6,500,2144.418952
-47.5,500,2144.544263
-46.9,500,2144.669276
-47.3,500,2144.79418
-46.5,500,2144.918986
-46.6,500,2145.043631
-46.8,500,2145.176961
-47.3,500,2145.30095
-47.6,500,2145.42587
-48.1,500,2145.550418
-47.0,500,2145.674882
-47.4,500,2145.79967
-46.7,500,2145.924288
-46.6,500,2146.04857
-47.1,500,2146.173328
-46.8,500,2146.298028
-47.3,500,2146.422971
-47.1,500,2146.54817
-47.5,500,2146.674195
-47.0,500,2146.799281
-47.7,500,2146.924322
-47.8,500,2147.049586
-47.6,500,2147.174389
-47.6,500,2147.298985
-47.5,500,2147.423971
-47.3,500,2147.548647
-47.7,500,2147.674464
-47.0,500,2147.799081
-47.0,500,2147.923911
-47.1,500,2148.048564
-46.6,500,2148.173093
-46.5,500,2148.298639
-47.7,500,2148.427098
-48.0,500,2148.551241
-46.9,500,2148.676202
-46.6,500,2148.801219
-47.4,500,2148.926058
-47.4,500,2149.053768
-47.2,500,2149.179404
-46.9,500,2149.303845
-47.6,500,2149.428352
-46.6,500,2149.552842
-46.9,500,2149.677242
-46.7,500,2149.801276
-46.9,500,2149.925764
-47.4,500,2150.098499
-46.6,500,2150.223277
-47.2,500,2150.348204
-47.4,500,2150.472765
-47.5,500,2150.597676
-46.8,500,2150.721928
-46.7,500,2150.846481
-47.0,500,2150.971357
-47.1,500,2151.095826
-46.7,500,2151.220484
-46.7,500,2151.345562
-47.0,500,2151.470245
-46.8,500,2151.594517
-46.7,500,2151.720328
-47.7,500,2151.845689
-46.8,500,2151.970528
-48.3,500,2152.095903
-47.1,500,2152.220407
-47.3,500,2152.345233
-46.8,500,2152.469932
-47.1,500,2152.595087
-47.2,500,2152.719853
-46.9,500,2152.845223
-46.5,500,2152.970459
-47.5,500,2153.095338
-46.7,500,2153.219384
-46.6,500,2153.344412
-47.2,500,2153.469185
-46.6,500,2153.594157
-46.9,500,2153.71878
-46.9,500,2153.842968
-46.7,500,2153.967538
-46.6,500,2154.092222
-47.0,500,2154.216736
-47.6,500,2154.341345
-46.7,500,2154.46618
-47.7,500,2154.591321
-46.7,500,2154.715853
-46.9,500,2154.840383
-46.5,500,2154.964731
-46.7,500,2155.089228
-47.0,500,2155.214064
-46.9,500,2155.338096
-46.9,500,2155.462586
-46.8,500,2155.587284
-46.9,500,2155.711219
-46.7,500,2155.835983
-46.6,500,2155.960049
-47.5,500,2156.084904
-47.4,500,2156.209635
-47.3,500,2156.334249
-46.9,500,2156.458849
-46.7,500,2156.582943
-47.1,500,2156.709066
-47.1,500,2156.834321
-47.2,500,2156.959067
-46.9,500,2157.084092
-46.6,500,2157.2088
-47.0,500,2157.333631
-47.2,500,2157.458409
-47.4,500,2157.583453
-47.7,500,2157.708266
-47.8,500,2157.833613
-46.8,500,2157.958218
-47.4,500,2158.082679
-46.7,500,2158.207427
-46.9,500,2158.332642
-46.9,500,2158.457111
-46.7,500,2158.582042
-47.5,500,2158.706983
-47.2,500,2158.832756
-46.6,500,2158.95752
-47.3,500,2159.081623
-47.2,500,2159.206082
-47.0,500,2159.331334
-46.7,500,2159.456709
-47.0,500,2159.581882
-46.5,500,2159.706604
-46.7,500,2159.831114
-46.8,500,2159.955773
-47.6,500,2160.080907
-47.2,500,2160.205664
-47.6,500,2160.330037
-46.7,500,2160.45393
-47.0,500,2160.57824
-48.0,500,2160.701728
-48.4,500,2160.826946
-47.4,500,2160.951657
-47.3,500,2161.076678
-47.2,500,2161.200958
-46.6,500,2161.325399
-47.3,500,2161.449744
-47.0,500,2161.574322
-47.5,500,2161.701509
-47.1,500,2161.826821
-46.9,500,2161.951315
-48.5,500,2162.075668
-46.7,500,2162.200256
-47.3,500,2162.324297
-47.6,500,2162.449603
-46.9,500,2162.574725
-46.6,500,2162.699831
-47.5,500,2162.824588
-47.3,500,2162.949678
-46.7,500,2163.074391
-46.5,500,2163.200637
-47.3,500,2163.325458
-47.0,500,2163.449937
-47.0,500,2163.574543
-46.8,500,2163.699048
-47.0,500,2163.823428
-46.7,500,2163.948589
-46.7,500,2164.07342
-46.7,500,2164.198038
-47.3,500,2164.322789
-47.9,500,2164.447232
-47.0,500,2164.571623
-46.7,500,2164.696936
-46.7,500,2164.821495
-46.9,500,2164.989416
-46.8,500,2165.114369
-46.8,500,2165.239895
-47.7,500,2165.364637
-47.3,500,2165.488655
-46.7,500,2165.613042
-46.6,500,2165.73765
-47.5,500,2165.86226
-46.8,500,2165.987834
-47.0,500,2166.112991
-47.1,500,2166.237582
-46.7,500,2166.362196
-47.2,500,2166.486891
-47.0,500,2166.611185
-48.2,500,2166.737244
-47.7,500,2166.862027
-46.9,500,2166.987133
-46.8,500,2167.11221
-47.5,500,2167.236563
-47.8,500,2167.360799
-46.8,500,2167.485352
-46.9,500,2167.609401
-47.3,500,2167.734418
-46.9,500,2167.859141
-47.0,500,2167.98366
-46.6,500,2168.108222
-47.2,500,2168.23288
-47.2,500,2168.357352
-47.5,500,2168.481612
-47.1,500,2168.605777
-47.2,500,2168.730355
-47.3,500,2168.854938
-47.6,500,2168.979061
-47.3,500,2169.103612
-46.9,500,2169.227702
-46.7,500,2169.352585
-46.6,500,2169.477734
-47.1,500,2169.603448
-47.2,500,2169.728091
-47.5,500,2169.853066
-46.9,500,2169.977826
-46.7,500,2170.102686
-47.2,500,2170.227916
-47.2,500,2170.352955
-47.2,500,2170.477494
-47.0,500,2170.602162
-47.1,500,2170.726289
-46.9,500,2170.851563
-47.2,500,2170.976251
-47.3,500,2171.101213
-47.6,500,2171.22586
-47.2,500,2171.350471
-46.5,500,2171.475047
-46.8,500,2171.599459
-46.6,500,2171.726307
-47.4,500,2171.850847
-47.1,500,2171.975875
-46.8,500,2172.100979
-46.8,500,2172.225524
-47.7,500,2172.350308
-47.1,500,2172.474718
-47.5,500,2172.59861
-47.2,500,2172.723023
-46.5,500,2172.847884
-47.6,500,2172.972038
-47.0,500,2173.096895
-47.0,500,2173.221182
-47.3,500,2173.346077
-47.3,500,2173.470923
-47.2,500,2173.5963
-47.0,500,2173.721024
-48.1,500,2173.845462
-47.4,500,2173.969789
-47.6,500,2174.094466
-47.4,500,2174.218752
-46.8,500,2174.343243
-46.7,500,2174.467656
-48.5,500,2174.593268
-47.0,500,2174.718039
-46.6,500,2174.842696
-47.1,500,2174.967297
-47.3,500,2175.091785
-46.9,500,2175.216868
-47.1,500,2175.341578
-47.1,500,2175.46645
-46.7,500,2175.591015
-46.7,500,2175.715535
-46.8,500,2175.840318
-48.0,500,2175.964959
-46.8,500,2176.089343
-46.6,500,2176.21405
-47.2,500,2176.338767
-46.8,500,2176.463517
-46.9,500,2176.588037
-47.0,500,2176.714196
-46.6,500,2176.839581
-47.2,500,2176.96384
-46.8,500,2177.088758
-46.9,500,2177.213282
-47.1,500,2177.337406
-46.7,500,2177.461665
-47.1,500,2177.586326
-46.8,500,2177.711039
-47.2,500,2177.835282
-46.9,500,2177.959568
-47.6,500,2178.084301
-46.7,500,2178.208972
-46.8,500,2178.334861
-46.9,500,2178.459365
-46.7,500,2178.584719
-47.2,500,2178.709435
-46.7,500,2178.834117
-47.2,500,2178.958617
-46.9,500,2179.082923
-46.8,500,2179.207385
-47.3,500,2179.331625
-46.9,500,2179.456738
-46.8,500,2179.581916
-47.4,500,2179.706478
-47.3,500,2179.831224
-47.1,500,2179.99612
-47.1,500,2180.121066
-46.7,500,2180.245669
-46.9,500,2180.370404
-46.8,500,2180.494752
-48.2,500,2180.619472
-47.0,500,2180.743921
-46.7,500,2180.868644
-47.2,500,2180.993163
-47.1,500,2181.117727
-47.3,500,2181.24249
-47.1,500,2181.3674
-47.0,500,2181.492413
-47.3,500,2181.617804
-47.5,500,2181.745545
-46.9,500,2181.87054
-47.5,500,2181.995113
-47.2,500,2182.120443
-46.9,500,2182.245462
-46.7,500,2182.369726
-47.3,500,2182.494787
-47.4,500,2182.619218
-47.6,500,2182.743401
-46.6,500,2182.868162
-47.0,500,2182.99332
-46.8,500,2183.117551
-46.7,500,2183.241943
-46.9,500,2183.367675
-47.3,500,2183.492772
-49.0,500,2183.617492
-47.0,500,2183.742343
-47.3,500,2183.867085
-46.8,500,2183.991528
-46.9,500,2184.116602
-46.9,500,2184.241245
-46.7,500,2184.366138
-47.5,500,2184.490699
-47.1,500,2184.615431
-46.8,500,2184.73991
-46.7,500,2184.865061
-47.4,500,2184.989985
-47.2,500,2185.114683
-47.0,500,2185.238843
-47.2,500,2185.363314
-47.3,500,2185.487681
-46.8,500,2185.611959
-46.9,500,2185.736762
-47.0,500,2185.862483
-48.0,500,2185.986967
-47.0,500,2186.111648
-46.9,500,2186.236461
-47.0,500,2186.361841
-46.7,500,2186.486774
-47.2,500,2186.612207
-46.8,500,2186.738617
-47.6,500,2186.863496
-47.0,500,2186.988357
-46.7,500,2187.112864
-47.2,500,2187.237156
-47.4,500,2187.362564
-47.1,500,2187.487314
-47.1,500,2187.611741
-47.0,500,2187.736311
-46.7,500,2187.860569
-46.6,500,2187.984795
-46.8,500,2188.109799
-46.6,500,2188.234389
-47.0,500,2188.359017
-47.0,500,2188.483603
-47.0,500,2188.60797
-47.6,500,2188.733448
-46.7,500,2188.858552
-46.8,500,2188.983809
-47.0,500,2189.108096
-48.9,500,2189.2332
-47.2,500,2189.357676
-46.9,500,2189.481899
-47.0,500,2189.606872
-46.7,500,2189.731848
-47.2,500,2189.857222
-46.8,500,2189.981988
-47.1,500,2190.106631
-47.0,500,2190.231762
-46.7,500,2190.356302
-46.7,500,2190.480915
-46.7,500,2190.606237
-46.8,500,2190.730731
-46.9,500,2190.855893
-47.8,500,2190.980446
-46.7,500,2191.104955
-47.1,500,2191.230122
-47.0,500,2191.354768
-47.5,500,2191.479497
-46.7,500,2191.603955
-46.8,500,2191.730376
-47.3,500,2191.854977
-47.2,500,2191.980065
-47.0,500,2192.105794
-46.9,500,2192.235343
-47.2,500,2192.376165
-47.5,500,2192.518022
-46.8,500,2192.654262
-47.1,500,2192.794934
-47.2,500,2192.933298
-46.8,500,2193.060329
-47.4,500,2193.186027
-46.8,500,2193.311384
-46.8,500,2193.436809
-46.7,500,2193.562048
-46.9,500,2193.686828
-47.6,500,2193.811689
-47.1,500,2193.93687
-46.7,500,2194.064573
-46.7,500,2194.204758
-46.9,500,2194.330308
-46.6,500,2194.455228
-47.2,500,2194.580837
-46.7,500,2194.747789
-47.0,500,2194.872256
-46.9,500,2194.997181
-47.4,500,2195.122399
-47.4,500,2195.24726
-47.3,500,2195.371334
-47.0,500,2195.495625
-46.8,500,2195.620585
-47.0,500,2195.744936
-46.7,500,2195.870216
-47.0,500,2195.995214
-47.2,500,2196.119788
-47.2,500,2196.24418
-46.8,500,2196.368363
-47.1,500,2196.493094
-47.4,500,2196.617241
-46.5,500,2196.743521
-46.6,500,2196.868383
-46.7,500,2196.993076
-47.4,500,2197.117787
-47.3,500,2197.242707
-46.7,500,2197.367375
-46.8,500,2197.492823
-47.5,500,2197.618627
-47.6,500,2197.743364
-46.6,500,2197.868035
-46.6,500,2197.992787
-47.2,500,2198.117272
-46.6,500,2198.241524
-47.0,500,2198.367102
-47.1,500,2198.492469
-47.1,500,2198.617025
-47.3,500,2198.741551
-47.7,500,2198.866306
-46.9,500,2198.990679
-47.4,500,2199.116329
-46.9,500,2199.24145
-47.1,500,2199.366172
-47.4,500,2199.490909
-47.4,500,2199.615605
-47.0,500,2199.740816
-46.6,500,2199.865661
-47.1,500,2199.991132
-47.9,500,2200.1158
-47.8,500,2200.240046
-47.4,500,2200.364339
-47.1,500,2200.488535
-46.9,500,2200.613299
-46.9,500,2200.73834
-47.1,500,2200.863209
-46.9,500,2200.987852
-47.2,500,2201.112413
-47.3,500,2201.237223
-47.4,500,2201.361199
-46.8,500,2201.486516
-47.1,500,2201.61208
-46.7,500,2201.738093
-47.2,500,2201.862949
-46.9,500,2201.987788
-46.5,500,2202.112357
-46.8,500,2202.237038
-46.7,500,2202.361897
-47.6,500,2202.486496
-46.7,500,2202.611032
-46.7,500,2202.735626
-47.5,500,2202.860089
-46.9,500,2202.984984
-47.0,500,2203.108938
-46.9,500,2203.234045
-47.0,500,2203.358835
-46.7,500,2203.484381
-46.9,500,2203.6092
-47.0,500,2203.733586
-47.0,500,2203.857692
-47.2,500,2203.982559
-46.6,500,2204.107496
-47.1,500,2204.232089
-46.9,500,2204.356646
-47.2,500,2204.481355
-47.5,500,2204.606095
-46.9,500,2204.731184
-46.8,500,2204.85622
-47.2,500,2204.980877
-47.2,500,2205.105505
-47.2,500,2205.230043
-47.3,500,2205.354297
-47.1,500,2205.478976
-47.3,500,2205.603698
-46.9,500,2205.728462
-46.9,500,2205.853358
-47.8,500,2205.977895
-47.0,500,2206.10219
-47.2,500,2206.22715
-46.8,500,2206.352003
-46.7,500,2206.476486
-46.7,500,2206.601439
-46.5,500,2206.727547
-46.9,500,2206.852769
-47.3,500,2206.977625
-47.2,500,2207.101986
-46.8,500,2207.226994
-47.5,500,2207.35215
-46.9,500,2207.477938
-46.6,500,2207.602741
-47.3,500,2207.727663
-47.7,500,2207.852662
-47.2,500,2207.977503
-48.0,500,2208.101948
-47.1,500,2208.226829
-47.0,500,2208.351204
-46.6,500,2208.47597
-47.3,500,2208.600536
-46.6,500,2208.725112
-47.4,500,2208.849259
-46.9,500,2208.973976
-48.2,500,2209.09849
-47.0,500,2209.223387
-46.9,500,2209.348314
-47.7,500,2209.472488
-47.1,500,2209.597136
-47.2,500,2209.722005
-46.8,500,2209.846622
-46.6,500,2209.971482
-47.1,500,2210.132777
-47.0,500,2210.260129
-47.0,500,2210.384453
-47.0,500,2210.508782
-46.7,500,2210.634289
-46.9,500,2210.758789
-46.6,500,2210.882986
-46.5,500,2211.007908
-46.6,500,2211.132768
-47.2,500,2211.257289
-47.4,500,2211.382351
-47.0,500,2211.507688
-47.1,500,2211.632363
-47.1,500,2211.759306
-46.6,500,2211.884427
-47.2,500,2212.009178
-47.4,500,2212.133724
-47.2,500,2212.258804
-47.9,500,2212.383749
-46.7,500,2212.508006
-46.6,500,2212.632594
-46.9,500,2212.757463
-46.9,500,2212.882081
-47.1,500,2213.006696
-47.0,500,2213.131288
-47.4,500,2213.256344
-46.9,500,2213.3812
-46.9,500,2213.505877
-46.7,500,2213.630537
-47.9,500,2213.755317
-47.2,500,2213.880145
-47.2,500,2214.005103
-47.4,500,2214.13017
-47.7,500,2214.254662
-46.6,500,2214.379502
-46.9,500,2214.504333
-46.7,500,2214.628885
-46.9,500,2214.755032
-47.1,500,2214.879886
-47.1,500,2215.004367
-46.8,500,2215.129124
-47.7,500,2215.254128
-48.2,500,2215.379337
-47.0,500,2215.504371
-46.6,500,2215.629319
-46.7,500,2215.753935
-46.9,500,2215.878715
-46.7,500,2216.003756
-55.1,500,2216.128343
-46.7,500,2216.253818
-46.9,500,2216.378587
-46.7,500,2216.503165
-46.8,500,2216.628107
-47.4,500,2216.754507
-46.6,500,2216.879348
-46.5,500,2217.00517
-47.5,500,2217.130181
-47.2,500,2217.255303
-47.0,500,2217.380252
-46.7,500,2217.504854
-47.4,500,2217.629255
-47.1,500,2217.754744
-47.0,500,2217.879069
-48.7,500,2218.003351
-47.1,500,2218.12794
-46.8,500,2218.252681
-47.3,500,2218.37719
-46.5,500,2218.502641
-47.1,500,2218.627399
-46.7,500,2218.752984
-47.1,500,2218.877683
-47.0,500,2219.00212
-47.0,500,2219.12634
-47.3,500,2219.251824
-47.5,500,2219.376619
-47.1,500,2219.501388
-47.0,500,2219.62595
-46.7,500,2219.75076
-48.1,500,2219.875131
-47.0,500,2220.000199
-47.4,500,2220.125199
-46.9,500,2220.24974
-47.3,500,2220.374168
-46.7,500,2220.498736
-47.4,500,2220.62346
-47.3,500,2220.747945
-47.2,500,2220.872625
-46.8,500,2220.997937
-47.0,500,2221.122664
-47.7,500,2221.247404
-46.8,500,2221.371633
-47.2,500,2221.496178
-47.5,500,2221.621756
-46.6,500,2221.748267
-47.1,500,2221.872953
-46.5,500,2221.997763
-46.9,500,2222.122395
-46.9,500,2222.247082
-46.9,500,2222.371752
-47.2,500,2222.499999
-46.6,500,2222.624695
-46.8,500,2222.749299
-47.3,500,2222.873523
-46.9,500,2222.997717
-46.8,500,2223.121827
-47.0,500,2223.246604
-46.6,500,2223.370641
-47.3,500,2223.494845
-46.7,500,2223.619386
-47.1,500,2223.743481
-46.6,500,2223.867512
-46.5,500,2223.991761
-46.7,500,2224.116184
-46.6,500,2224.2415
-46.7,500,2224.366178
-47.1,500,2224.490664
-46.9,500,2224.615319
-46.5,500,2224.740267
-47.0,500,2224.864633
-46.9,500,2224.989933
-47.6,500,2225.114155
-47.0,500,2225.238627
-46.9,500,2225.40118
-47.4,500,2225.52588
-46.6,500,2225.650878
-47.9,500,2225.775508
-47.4,500,2225.899571
-47.1,500,2226.023851
-47.4,500,2226.148684
-46.8,500,2226.273493
-46.8,500,2226.398606
-54.2,500,2226.523931
-46.7,500,2226.64909
-46.6,500,2226.77559
-46.9,500,2226.900679
-47.3,500,2227.025249
-47.1,500,2227.149008
-46.7,500,2227.277441
-46.5,500,2227.409262
-46.8,500,2227.534276
-46.9,500,2227.659013
-46.7,500,2227.783291
-46.8,500,2227.908621
-47.2,500,2228.03419
-46.9,500,2228.158976
-47.3,500,2228.28366
-46.7,500,2228.407864
-47.2,500,2228.532407
-47.5,500,2228.656557
-47.6,500,2228.781293
-46.6,500,2228.905434
-47.4,500,2229.030253
-47.4,500,2229.154603
-47.1,500,2229.279275
-47.4,500,2229.403977
-47.1,500,2229.528566
-47.0,500,2229.654074
-46.9,500,2229.779383
-47.0,500,2229.903732
-47.8,500,2230.028191
-46.7,500,2230.153159
-47.8,500,2230.277498
-46.8,500,2230.401945
-46.7,500,2230.527072
-47.2,500,2230.65171
-47.0,500,2230.77595
-46.6,500,2230.900481
-47.6,500,2231.024975
-46.9,500,2231.151733
-47.0,500,2231.276782
-46.8,500,2231.401899
-47.6,500,2231.526856
-47.2,500,2231.651731
-46.6,500,2231.777616
-47.2,500,2231.902859
-46.9,500,2232.027154
-47.1,500,2232.152516
-46.8,500,2232.277812
-46.6,500,2232.402406
-46.7,500,2232.527466
-46.8,500,2232.652116
-47.1,500,2232.776489
-47.2,500,2232.900846
-47.1,500,2233.025534
-47.0,500,2233.150278
-47.2,500,2233.274617
-46.8,500,2233.399039
-46.7,500,2233.523806
-46.7,500,2233.648663
-47.2,500,2233.774086
-47.1,500,2233.899901
-47.1,500,2234.025737
-46.7,500,2234.15141
-47.4,500,2234.276898
-47.7,500,2234.404689
-46.8,500,2234.53148
-47.1,500,2234.656982
-47.1,500,2234.786798
-47.6,500,2234.915037
-46.8,500,2235.040895
-51.9,500,2235.166086
-46.6,500,2235.292393
-47.4,500,2235.416828
-47.3,500,2235.541028
-46.8,500,2235.666227
-46.8,500,2235.790517
-47.1,500,2235.914652
-47.0,500,2236.039215
-47.3,500,2236.164734
-46.9,500,2236.289485
-47.2,500,2236.413694
-46.6,500,2236.538102
-47.2,500,2236.662019
-46.8,500,2236.787768
-47.5,500,2236.91355
-47.0,500,2237.038474
-47.6,500,2237.163301
-47.3,500,2237.288128
-46.7,500,2237.412346
-46.9,500,2237.537092
-46.8,500,2237.66194
-47.2,500,2237.78688
-48.3,500,2237.911707
-47.8,500,2238.036499
-48.2,500,2238.161682
-47.1,500,2238.302442
-47.6,500,2238.44466
-46.8,500,2238.580077
-47.1,500,2238.723427
-47.3,500,2238.86196
-46.8,500,2238.99808
-47.0,500,2239.123895
-46.8,500,2239.249326
-48.3,500,2239.374919
-47.3,500,2239.500524
-47.2,500,2239.625332
-46.9,500,2239.751044
-47.2,500,2239.876006
-47.1,500,2240.000932
-47.6,500,2240.126642
-46.8,500,2240.27047
-46.7,500,2240.443213
-47.2,500,2240.568658
-46.7,500,2240.694067
-46.7,500,2240.818936
-47.0,500,2240.943836
-46.8,500,2241.068445
-46.6,500,2241.193834
-47.2,500,2241.318487
-46.9,500,2241.443582
-47.0,500,2241.569618
-47.2,500,2241.694347
-47.5,500,2241.821343
-47.1,500,2241.946205
-46.9,500,2242.071005
-47.6,500,2242.196458
-47.0,500,2242.320713
-47.0,500,2242.445839
-46.5,500,2242.570605
-46.6,500,2242.695419
-47.4,500,2242.820249
-47.6,500,2242.944814
-47.4,500,2243.070707
-47.1,500,2243.197071
-47.1,500,2243.322057
-46.5,500,2243.447056
-46.7,500,2243.57161
-46.8,500,2243.696691
-47.4,500,2243.821321
-47.1,500,2243.946282
-47.5,500,2244.071381
-46.8,500,2244.19586
-47.5,500,2244.320542
-46.6,500,2244.445375
-47.0,500,2244.569827
-47.6,500,2244.69569
-47.8,500,2244.820801
-46.9,500,2244.945655
-47.0,500,2245.070675
-47.7,500,2245.19528
-46.9,500,2245.319744
-47.1,500,2245.444842
-46.9,500,2245.569877
-47.0,500,2245.69464
-47.5,500,2245.819326
-47.0,500,2245.944191
-47.0,500,2246.068881
-47.3,500,2246.194734
-48.7,500,2246.319435
-48.3,500,2246.444139
-46.9,500,2246.56885
-47.0,500,2246.693783
-46.6,500,2246.820828
-46.6,500,2246.94631
-47.0,500,2247.071044
-47.8,500,2247.195817
-48.3,500,2247.320177
-47.2,500,2247.445399
-46.5,500,2247.569538
-48.5,500,2247.694544
-47.3,500,2247.820032
-46.7,500,2247.94526
-46.7,500,2248.07043
-46.7,500,2248.195253
-47.4,500,2248.320179
-46.9,500,2248.444847
-47.6,500,2248.569747
-46.9,500,2248.695487
-47.4,500,2248.820438
-47.7,500,2248.945072
-46.7,500,2249.069635
-46.7,500,2249.194765
-46.8,500,2249.318934
-48.7,500,2249.443627
-48.2,500,2249.569068
-46.8,500,2249.693923
-47.3,500,2249.818353
-47.1,500,2249.943457
-46.8,500,2250.068146
-46.8,500,2250.192779
-46.8,500,2250.317818
-47.3,500,2250.442293
-47.1,500,2250.566668
-47.1,500,2250.691292
-47.1,500,2250.81605
-47.4,500,2250.940572
-46.6,500,2251.066022
-46.8,500,2251.191549
-47.0,500,2251.317087
-47.2,500,2251.442039
-47.9,500,2251.56675
-47.0,500,2251.691141
-47.1,500,2251.818165
-47.6,500,2251.943175
-46.8,500,2252.068284
-47.1,500,2252.19266
-46.8,500,2252.317595
-47.4,500,2252.44246
-47.2,500,2252.566818
-46.8,500,2252.691813
-46.9,500,2252.816763
-47.0,500,2252.941521
-48.2,500,2253.065927
-47.2,500,2253.19067
-47.2,500,2253.315017
-47.0,500,2253.439929
-46.6,500,2253.564558
-47.5,500,2253.689603
-46.8,500,2253.814479
-47.9,500,2253.93923
-46.9,500,2254.063648
-46.9,500,2254.188109
-47.6,500,2254.313307
-47.2,500,2254.438464
-47.2,500,2254.563174
-46.7,500,2254.687727
-47.4,500,2254.812258
-47.1,500,2254.937336
-46.6,500,2255.061671
-46.9,500,2255.187055
-47.2,500,2255.311945
-47.3,500,2255.436875
-47.1,500,2255.561409
-46.8,500,2255.686277
-46.7,500,2255.851528
-46.8,500,2255.976112
-46.9,500,2256.100574
-46.8,500,2256.225995
-46.8,500,2256.350609
-46.8,500,2256.475659
-46.8,500,2256.600343
-47.4,500,2256.725113
-47.6,500,2256.852813
-46.8,500,2256.977559
-46.7,500,2257.102101
-47.0,500,2257.22708
-47.0,500,2257.351506
-47.1,500,2257.476057
-47.7,500,2257.600541
-47.0,500,2257.725275
-47.4,500,2257.849734
-46.9,500,2257.973838
-47.1,500,2258.098296
-47.4,500,2258.222726
-46.9,500,2258.347242
-46.7,500,2258.471615
-47.4,500,2258.596134
-46.6,500,2258.721037
-46.7,500,2258.846043
-47.4,500,2258.970407
-46.7,500,2259.094915
-47.1,500,2259.219685
-47.8,500,2259.344072
-46.5,500,2259.468573
-47.2,500,2259.593925
-46.7,500,2259.719564
-46.5,500,2259.844264
-48.0,500,2259.969323
-46.9,500,2260.094054
-47.1,500,2260.219382
-46.8,500,2260.344859
-46.9,500,2260.469035
-46.8,500,2260.593029
-47.3,500,2260.717596
-46.9,500,2260.842653
-46.6,500,2260.967172
-46.9,500,2261.092206
-46.7,500,2261.217664
-47.1,500,2261.342402
-46.8,500,2261.467573
-46.9,500,2261.592012
-46.9,500,2261.716865
-47.2,500,2261.843124
-48.1,500,2261.968129
-47.6,500,2262.09293
-47.0,500,2262.217673
-47.6,500,2262.342325
-47.0,500,2262.466871
-46.5,500,2262.591745
-46.5,500,2262.71683
-46.5,500,2262.841026
-47.4,500,2262.965868
-46.9,500,2263.090057
-47.3,500,2263.214726
-47.1,500,2263.339364
-47.3,500,2263.463756
-46.8,500,2263.587712
-47.2,500,2263.712511
-47.1,500,2263.836637
-46.8,500,2263.961144
-46.7,500,2264.085859
-47.2,500,2264.210502
-47.4,500,2264.334772
-46.7,500,2264.459227
-47.2,500,2264.584085
-47.0,500,2264.709033
-46.8,500,2264.832932
-46.8,500,2264.957452
-46.7,500,2265.081768
-46.7,500,2265.206328
-47.5,500,2265.33112
-46.7,500,2265.455972
-47.0,500,2265.580507
-46.8,500,2265.70515
-47.1,500,2265.83021
-48.2,500,2265.954299
-46.9,500,2266.079102
-46.9,500,2266.204659
-46.9,500,2266.329366
-46.5,500,2266.453953
-47.7,500,2266.578345
-47.2,500,2266.703027
-47.3,500,2266.829357
-47.4,500,2266.954847
-47.4,500,2267.079136
-46.6,500,2267.204022
-47.2,500,2267.328484
-47.2,500,2267.453061
-47.9,500,2267.577488
-46.8,500,2267.701514
-47.5,500,2267.825793
-47.2,500,2267.950411
-47.5,500,2268.074778
-47.0,500,2268.199298
-46.9,500,2268.32392
-46.7,500,2268.451846
-47.3,500,2268.57649
-46.8,500,2268.702295
-47.8,500,2268.826732
-46.7,500,2268.951789
-47.1,500,2269.079563
-47.2,500,2269.204052
-48.5,500,2269.328054
-46.5,500,2269.452679
-47.1,500,2269.577721
-47.2,500,2269.702085
-47.7,500,2269.826794
-47.8,500,2269.95111
-47.5,500,2270.075844
-48.2,500,2270.201136
-47.1,500,2270.326512
-47.5,500,2270.45142
-47.6,500,2270.575987
-47.0,500,2270.700885
-47.2,500,2270.825331
-46.6,500,2270.950114
-47.5,500,2271.123412
-48.0,500,2271.248279
-48.3,500,2271.372725
-46.8,500,2271.496969
-47.7,500,2271.621932
-47.7,500,2271.746743
-46.8,500,2271.874017
-46.7,500,2271.999041
-47.5,500,2272.123824
-46.6,500,2272.248449
-47.6,500,2272.37345
-47.3,500,2272.498171
-47.5,500,2272.622374
-47.2,500,2272.746972
-46.9,500,2272.87149
-46.6,500,2272.996075
-46.6,500,2273.120472
-47.1,500,2273.245766
-46.8,500,2273.370481
-46.6,500,2273.494812
-47.0,500,2273.620017
-46.8,500,2273.745154
-46.5,500,2273.869552
-47.0,500,2273.994827
-49.0,500,2274.120208
-47.4,500,2274.24526
-46.7,500,2274.370239
-47.1,500,2274.494838
-47.5,500,2274.619754
-47.1,500,2274.744613
-47.1,500,2274.869974
-49.6,500,2274.99543
-47.2,500,2275.120066
-47.2,500,2275.245037
-46.7,500,2275.369066
-46.9,500,2275.494649
-46.6,500,2275.620035
-47.9,500,2275.744152
-46.9,500,2275.868442
-48.2,500,2275.992717
-47.3,500,2276.117155
-46.6,500,2276.241926
-47.0,500,2276.366501
-46.8,500,2276.491605
-46.8,500,2276.616412
-47.0,500,2276.740774
-46.6,500,2276.86773
-46.7,500,2276.992524
-46.8,500,2277.117851
-47.1,500,2277.242925
-46.8,500,2277.367499
-47.3,500,2277.492351
-46.9,500,2277.617468
-46.6,500,2277.743066
-46.8,500,2277.868326
-47.7,500,2277.992998
-47.2,500,2278.118053
-47.3,500,2278.24221
-46.8,500,2278.366903
-47.5,500,2278.491489
-46.7,500,2278.615704
-47.5,500,2278.740715
-47.1,500,2278.865335
-47.7,500,2278.98978
-47.1,500,2279.114236
-46.7,500,2279.238392
-46.5,500,2279.362734
-46.6,500,2279.487816
-46.8,500,2279.612803
-46.7,500,2279.737827
-46.8,500,2279.86257
-46.6,500,2279.987239
-47.3,500,2280.111798
-46.7,500,2280.236667
-47.0,500,2280.361318
-47.4,500,2280.485535
-47.9,500,2280.610196
-47.1,500,2280.73471
-46.5,500,2280.859303
-48.7,500,2280.98468
-47.0,500,2281.109844
-47.6,500,2281.235233
-47.1,500,2281.359673
-47.0,500,2281.483945
-47.3,500,2281.608612
-47.2,500,2281.733285
-46.7,500,2281.860284
-46.6,500,2281.986101
-46.7,500,2282.110833
-46.8,500,2282.235208
-47.2,500,2282.359721
-47.0,500,2282.484725
-46.7,500,2282.609312
-47.2,500,2282.733804
-46.8,500,2282.858141
-46.6,500,2282.982316
-46.9,500,2283.106704
-46.9,500,2283.23124
-46.9,500,2283.355358
-47.5,500,2283.480642
-46.8,500,2283.605835
-46.8,500,2283.73103
-47.0,500,2283.855737
-47.2,500,2283.980389
-47.3,500,2284.105586
-47.1,500,2284.23015
-47.3,500,2284.355015
-47.3,500,2284.479695
-47.0,500,2284.604554
-47.1,500,2284.729304
-47.5,500,2284.85353
-46.9,500,2284.97797
-46.6,500,2285.102382
-47.6,500,2285.227844
-47.4,500,2285.352457
-48.5,500,2285.477429
-46.8,500,2285.602029
-47.0,500,2285.726713
-47.4,500,2285.851414
-47.1,500,2285.976164
-46.9,500,2286.101704
-47.2,500,2286.227045
-47.0,500,2286.352067
-47.0,500,2286.476627
-47.8,500,2286.601305
-47.6,500,2286.726137
-46.7,500,2286.89372
-46.6,500,2287.018515
-47.0,500,2287.143028
-47.2,500,2287.267138
-46.6,500,2287.392276
-46.7,500,2287.517413
-47.1,500,2287.641979
-46.7,500,2287.76678
-46.8,500,2287.891428
-46.9,500,2288.01622
-46.7,500,2288.141523
-46.8,500,2288.267187
-47.2,500,2288.391488
-46.9,500,2288.516201
-47.3,500,2288.640608
-46.9,500,2288.765679
-47.0,500,2288.891356
-46.9,500,2289.015939
-46.8,500,2289.140234
-46.9,500,2289.264747
-47.5,500,2289.389273
-47.0,500,2289.513503
-46.8,500,2289.637991
-47.4,500,2289.763113
-46.9,500,2289.887331
-47.0,500,2290.012372
-46.7,500,2290.136899
-46.8,500,2290.261522
-48.3,500,2290.385918
-47.3,500,2290.510651
-46.9,500,2290.635856
-47.1,500,2290.760474
-46.8,500,2290.884905
-47.0,500,2291.009444
-47.1,500,2291.134091
-47.1,500,2291.259599
-46.7,500,2291.384495
-46.7,500,2291.510323
-46.7,500,2291.635107
-47.0,500,2291.760407
-46.9,500,2291.885845
-47.4,500,2292.010638
-46.7,500,2292.136065
-46.9,500,2292.260946
-47.4,500,2292.385973
-47.0,500,2292.511003
-46.9,500,2292.635578
-46.6,500,2292.760059
-46.7,500,2292.884707
-47.4,500,2293.010273
-46.6,500,2293.135224
-47.5,500,2293.259732
-47.0,500,2293.384533
-46.7,500,2293.508786
-46.7,500,2293.63346
-47.4,500,2293.759496
-47.3,500,2293.885249
-47.7,500,2294.010229
-46.8,500,2294.134919
-46.7,500,2294.259931
-46.8,500,2294.384413
-46.7,500,2294.508704
-47.9,500,2294.634088
-46.6,500,2294.758886
-47.3,500,2294.883991
-47.2,500,2295.008631
-47.0,500,2295.133296
-46.9,500,2295.257911
-47.1,500,2295.382876
-46.6,500,2295.507998
-46.9,500,2295.632951
-46.5,500,2295.757552
-47.1,500,2295.882121
-46.5,500,2296.006414
-46.7,500,2296.130802
-46.6,500,2296.256005
-47.0,500,2296.380973
-46.8,500,2296.505352
-47.1,500,2296.629842
-46.8,500,2296.754852
-47.5,500,2296.880915
-46.6,500,2297.005978
-48.0,500,2297.131227
-47.1,500,2297.258116
-47.0,500,2297.383352
-46.9,500,2297.508702
-47.1,500,2297.633383
-46.8,500,2297.758174
-47.6,500,2297.883487
-46.6,500,2298.008758
-46.9,500,2298.133759
-46.7,500,2298.259634
-47.9,500,2298.38435
-47.0,500,2298.509174
-47.7,500,2298.634391
-47.3,500,2298.7592
-47.7,500,2298.884336
-46.7,500,2299.009188
-47.3,500,2299.133451
-46.7,500,2299.258026
-48.2,500,2299.382335
-46.7,500,2299.50752
-46.7,500,2299.632255
-47.6,500,2299.75674
-47.0,500,2299.881416
-46.6,500,2300.006785
-47.7,500,2300.131023
-47.0,500,2300.25527
-46.9,500,2300.379586
-46.7,500,2300.503827
-46.7,500,2300.628087
-47.7,500,2300.752175
-46.8,500,2300.87673
-46.9,500,2301.001071
-46.8,500,2301.125225
-47.5,500,2301.249543
-46.6,500,2301.374245
-46.5,500,2301.498642
-48.3,500,2301.622738
-47.6,500,2301.747134
-47.2,500,2301.872951
-48.2,500,2301.997299
-48.7,500,2302.121416
-47.6,500,2302.246731
-46.8,500,2302.371756
-47.0,500,2302.496483
-46.9,500,2302.621438
-47.3,500,2302.745968
-47.1,500,2302.909876
-47.1,500,2303.034334
-47.0,500,2303.158534
-47.2,500,2303.282362
-47.4,500,2303.406904
-46.6,500,2303.531041
-47.1,500,2303.655146
-46.8,500,2303.780323
-46.5,500,2303.904157
-46.6,500,2304.028129
-46.5,500,2304.152426
-46.5,500,2304.27608
-46.8,500,2304.400592
-47.2,500,2304.525437
-46.6,500,2304.650749
-46.9,500,2304.775337
-46.5,500,2304.899647
-47.1,500,2305.024084
-48.0,500,2305.148542
-46.8,500,2305.273255
-47.0,500,2305.398179
-47.4,500,2305.522302
-47.1,500,2305.646926
-47.7,500,2305.771113
-47.0,500,2305.895769
-47.0,500,2306.019909
-46.9,500,2306.144504
-48.0,500,2306.269238
-47.0,500,2306.393528
-46.5,500,2306.517964
-47.8,500,2306.642851
-47.1,500,2306.767441
-47.0,500,2306.893858
-47.2,500,2307.019157
-46.5,500,2307.145059
-46.7,500,2307.270012
-46.9,500,2307.39493
-46.7,500,2307.520047
-48.1,500,2307.645328
-47.0,500,2307.770673
-46.7,500,2307.895007
-47.0,500,2308.019309
-46.9,500,2308.143792
-47.5,500,2308.268012
-46.5,500,2308.392412
-46.9,500,2308.517004
-46.9,500,2308.64161
-47.0,500,2308.766705
-46.8,500,2308.891229
-46.9,500,2309.016215
-47.6,500,2309.140816
-47.8,500,2309.265234
-48.1,500,2309.389552
-47.7,500,2309.513861
-47.5,500,2309.638608
-47.0,500,2309.763229
-47.6,500,2309.887473
-47.1,500,2310.012441
-47.9,500,2310.137255
-47.5,500,2310.26148
-47.4,500,2310.386473
-47.1,500,2310.511223
-47.1,500,2310.636232
-47.0,500,2310.76087
-47.1,500,2310.885351
-47.5,500,2311.009777
-46.9,500,2311.13533
-46.8,500,2311.26074
-46.7,500,2311.385786
-46.9,500,2311.510405
-46.9,500,2311.634852
-48.2,500,2311.759408
-47.2,500,2311.886095
-46.6,500,2312.011121
-46.5,500,2312.135722
-48.1,500,2312.260019
-47.1,500,2312.384447
-47.1,500,2312.509414
-47.2,500,2312.634224
-47.2,500,2312.758443
-47.2,500,2312.88287
-46.5,500,2313.007622
-46.7,500,2313.132104
-46.9,500,2313.263298
-48.1,500,2313.40729
-47.1,500,2313.543822
-46.7,500,2313.685062
-47.1,500,2313.820612
-46.5,500,2313.957746
-47.1,500,2314.083289
-47.9,500,2314.208786
-46.9,500,2314.333829
-46.7,500,2314.458775
-46.9,500,2314.583485
-47.5,500,2314.708183
-46.7,500,2314.833032
-47.2,500,2314.957853
-46.7,500,2315.085466
-47.6,500,2315.226696
-46.5,500,2315.352291
-47.0,500,2315.477694
-46.7,500,2315.602658
-47.9,500,2315.727917
-46.8,500,2315.853331
-46.5,500,2315.977692
-46.5,500,2316.102345
-47.0,500,2316.228054
-47.3,500,2316.353334
-47.0,500,2316.47839
-46.9,500,2316.60303
-48.2,500,2316.727813
-47.0,500,2316.854582
-46.7,500,2316.980298
-47.3,500,2317.104783
-47.0,500,2317.229737
-46.8,500,2317.354411
-46.6,500,2317.478003
-46.7,500,2317.602725
-46.8,500,2317.72698
-46.5,500,2317.851707
-47.0,500,2317.976267
-47.7,500,2318.101039
-47.1,500,2318.225076
-46.5,500,2318.349811
-47.3,500,2318.474513
-46.9,500,2318.59919
-47.9,500,2318.723156
-47.3,500,2318.848916
-46.8,500,2318.973599
-46.9,500,2319.098608
-47.1,500,2319.237772
-46.7,500,2319.388872
-47.8,500,2319.513868
-47.2,500,2319.638103
-47.6,500,2319.763122
-46.5,500,2319.887971
-47.1,500,2320.012631
-46.6,500,2320.138204
-46.9,500,2320.261976
-47.1,500,2320.386747
-47.1,500,2320.511093
-46.9,500,2320.635994
-46.8,500,2320.760256
-47.2,500,2320.885071
-46.8,500,2321.010244
-46.8,500,2321.135319
-47.3,500,2321.25979
-46.9,500,2321.38454
-47.2,500,2321.509364
-46.8,500,2321.634449
-46.8,500,2321.75854
-47.3,500,2321.885277
-47.0,500,2322.010245
-46.6,500,2322.134643
-46.7,500,2322.258774
-46.7,500,2322.383169
-47.5,500,2322.506955
-48.3,500,2322.632316
-48.0,500,2322.75701
-46.7,500,2322.881455
-46.9,500,2323.005732
-46.7,500,2323.130641
-46.9,500,2323.255181
-47.1,500,2323.379792
-46.9,500,2323.505076
-47.0,500,2323.629676
-47.4,500,2323.754536
-46.8,500,2323.879911
-46.7,500,2324.004538
-46.5,500,2324.12882
-46.8,500,2324.254064
-46.8,500,2324.37909
-46.8,500,2324.50355
-47.2,500,2324.62799
-46.9,500,2324.752634
-47.3,500,2324.877387
-47.1,500,2325.002467
-46.7,500,2325.12781
-56.8,500,2325.252656
-47.7,500,2325.377604
-46.9,500,2325.502142
-47.3,500,2325.626913
-47.1,500,2325.751569
-46.7,500,2325.876725
-46.7,500,2326.001979
-47.4,500,2326.126541
-46.8,500,2326.251591
-46.7,500,2326.376909
-47.1,500,2326.502169
-47.1,500,2326.627182
-46.8,500,2326.752289
-47.2,500,2326.879263
-47.0,500,2327.003739
-46.8,500,2327.128814
-47.1,500,2327.253732
-46.9,500,2327.379033
-46.5,500,2327.503234
-47.4,500,2327.627932
-47.1,500,2327.75215
-46.9,500,2327.876461
-47.2,500,2328.000999
-46.5,500,2328.125974
-47.1,500,2328.250746
-46.6,500,2328.375404
-46.7,500,2328.499512
-46.7,500,2328.62393
-47.0,500,2328.748948
-46.9,500,2328.873412
-46.9,500,2328.997929
-47.6,500,2329.122386
-47.5,500,2329.247333
-47.3,500,2329.372094
-47.2,500,2329.496385
-47.1,500,2329.621437
-46.8,500,2329.7467
-47.5,500,2329.871322
-46.7,500,2329.995667
-46.5,500,2330.120555
-47.2,500,2330.245265
-47.9,500,2330.369632
-46.6,500,2330.495098
-46.9,500,2330.620881
-47.0,500,2330.745749
-47.3,500,2330.87061
-47.5,500,2330.995057
-48.1,500,2331.1196
-47.2,500,2331.244874
-46.8,500,2331.370723
-47.0,500,2331.495386
-46.8,500,2331.620112
-47.2,500,2331.745014
-47.0,500,2331.871874
-48.0,500,2331.997298
-46.7,500,2332.121428
-46.7,500,2332.245623
-47.1,500,2332.37038
-46.9,500,2332.494741
-47.8,500,2332.619334
-46.7,500,2332.743767
-46.5,500,2332.869032
-47.3,500,2332.993722
-47.9,500,2333.118141
-47.2,500,2333.242851
-47.5,500,2333.367256
-47.3,500,2333.492008
-47.0,500,2333.616847
-47.1,500,2333.742022
-47.7,500,2333.867539
-47.3,500,2333.991969
-46.7,500,2334.116027
-47.1,500,2334.24004
-46.9,500,2334.405339
-46.7,500,2334.529788
-47.2,500,2334.654095
-47.2,500,2334.778609
-47.0,500,2334.90323
-46.9,500,2335.028678
-46.5,500,2335.154223
-47.5,500,2335.278556
-46.6,500,2335.403529
-46.8,500,2335.528304
-46.7,500,2335.65265
-47.3,500,2335.777843
-47.7,500,2335.902653
-46.7,500,2336.027708
-46.8,500,2336.152258
-47.1,500,2336.276544
-46.6,500,2336.401501
-47.0,500,2336.526121
-47.0,500,2336.650837
-46.8,500,2336.775369
-46.5,500,2336.901925
-46.5,500,2337.026481
-46.8,500,2337.151202
-46.8,500,2337.275483
-46.9,500,2337.400627
-47.1,500,2337.524893
-47.3,500,2337.649967
-47.1,500,2337.77431
-47.5,500,2337.898826
-46.8,500,2338.02325
-46.7,500,2338.147259
-47.0,500,2338.271505
-47.5,500,2338.396731
-47.0,500,2338.521535
-46.8,500,2338.645886
-46.8,500,2338.770537
-47.0,500,2338.895609
-46.6,500,2339.019641
-46.8,500,2339.144751
-47.6,500,2339.269766
-46.6,500,2339.394505
-49.5,500,2339.519449
-47.4,500,2339.644435
-47.1,500,2339.769374
-47.2,500,2339.894003
-46.8,500,2340.018657
-46.6,500,2340.143545
-47.5,500,2340.268153
-46.7,500,2340.392476
-47.4,500,2340.517177
-46.6,500,2340.642105
-46.9,500,2340.767134
-47.0,500,2340.891341
-47.1,500,2341.016014
-46.7,500,2341.140579
-47.3,500,2341.265059
-47.2,500,2341.390141
-46.9,500,2341.51437
-47.3,500,2341.63993
-47.0,500,2341.764909
-46.7,500,2341.891703
-46.9,500,2342.016928
-47.3,500,2342.14171
-46.7,500,2342.266413
-47.5,500,2342.39138
-46.6,500,2342.516292
-47.7,500,2342.6412
-46.8,500,2342.766141
-46.8,500,2342.890353
-46.7,500,2343.013972
-47.0,500,2343.138854
-47.1,500,2343.26402
-47.1,500,2343.3889
-46.6,500,2343.517393
-47.1,500,2343.642106
-46.7,500,2343.766414
-47.7,500,2343.89137
-47.1,500,2344.016666
-47.6,500,2344.144893
-46.8,500,2344.269507
-47.3,500,2344.394123
-47.3,500,2344.518521
-48.1,500,2344.643115
-46.7,500,2344.768689
-47.0,500,2344.894125
-46.7,500,2345.018923
-46.8,500,2345.143595
-47.3,500,2345.268874
-46.6,500,2345.393602
-47.1,500,2345.517964
-46.8,500,2345.642732
-47.2,500,2345.767344
-47.1,500,2345.892288
-46.8,500,2346.016798
-46.5,500,2346.141381
-47.1,500,2346.266059
-47.2,500,2346.390839
-46.9,500,2346.516077
-47.0,500,2346.640742
-46.6,500,2346.765451
-47.4,500,2346.892538
-47.6,500,2347.017091
-46.5,500,2347.142352
-47.1,500,2347.267896
-46.9,500,2347.392529
-46.7,500,2347.517603
-46.8,500,2347.642533
-47.2,500,2347.767261
-47.1,500,2347.892234
-47.2,500,2348.016418
-46.7,500,2348.141037
-46.5,500,2348.265489
-46.5,500,2348.389928
-46.8,500,2348.514337
-46.7,500,2348.63861
-47.0,500,2348.763093
-47.5,500,2348.888593
-47.4,500,2349.012994
-46.7,500,2349.137864
-46.7,500,2349.262195
-47.9,500,2349.387056
-48.6,500,2349.511569
-46.9,500,2349.636873
-46.8,500,2349.761849
-47.1,500,2349.93186
-47.0,500,2350.056379
-46.9,500,2350.181559
-47.6,500,2350.305914
-47.1,500,2350.430003
-47.7,500,2350.55442
-46.8,500,2350.678771
-46.7,500,2350.803087
-47.3,500,2350.928576
-46.7,500,2351.053182
-47.3,500,2351.177741
-46.9,500,2351.302201
-46.9,500,2351.426656
-46.5,500,2351.55094
-47.1,500,2351.676134
-46.5,500,2351.803106
-47.1,500,2351.928003
-47.6,500,2352.052706
-47.5,500,2352.177276
-46.7,500,2352.301775
-46.6,500,2352.426928
-46.8,500,2352.551402
-48.1,500,2352.676408
-46.9,500,2352.80082
-46.9,500,2352.925649
-46.8,500,2353.050365
-46.9,500,2353.174803
-46.8,500,2353.299795
-47.8,500,2353.42403
-46.9,500,2353.548325
-47.4,500,2353.672741
-46.8,500,2353.79748
-46.9,500,2353.92234
-47.1,500,2354.047458
-47.6,500,2354.173171
-46.9,500,2354.298352
-46.6,500,2354.423181
-46.9,500,2354.548039
-47.2,500,2354.672658
-47.4,500,2354.797772
-47.9,500,2354.922937
-46.6,500,2355.04808
-46.8,500,2355.172967
-47.0,500,2355.297408
-46.9,500,2355.421719
-47.3,500,2355.54617
-46.9,500,2355.671123
-46.9,500,2355.796483
-46.8,500,2355.921286
-46.7,500,2356.045726
-46.9,500,2356.170526
-46.5,500,2356.295151
-50.2,500,2356.420452
-47.2,500,2356.545586
-47.3,500,2356.670609
-46.5,500,2356.795513
-46.7,500,2356.920932
-46.6,500,2357.045944
-47.1,500,2357.170261
-47.4,500,2357.295613
-47.0,500,2357.420131
-47.0,500,2357.544594
-46.5,500,2357.669175
-47.7,500,2357.794164
-47.3,500,2357.918677
-47.1,500,2358.043617
-46.7,500,2358.169152
-47.2,500,2358.293548
-47.4,500,2358.417775
-47.1,500,2358.54233
-47.7,500,2358.667149
-47.2,500,2358.792256
-46.9,500,2358.917753
-47.5,500,2359.042229
-46.7,500,2359.16731
-46.6,500,2359.291696
-46.6,500,2359.416218
-47.5,500,2359.540889
-47.5,500,2359.665965
-46.8,500,2359.790742
-46.9,500,2359.91561
-46.7,500,2360.040112
-46.8,500,2360.165184
-47.0,500,2360.289524
-46.9,500,2360.41438
-47.9,500,2360.539385
-47.4,500,2360.665325
-46.9,500,2360.790272
-47.5,500,2360.914844
-46.6,500,2361.039149
-46.8,500,2361.164038
-46.7,500,2361.288534
-48.4,500,2361.413986
-47.1,500,2361.53913
-46.7,500,2361.66402
-47.0,500,2361.788456
-47.3,500,2361.914449
-46.9,500,2362.039019
-46.9,500,2362.163609
-47.0,500,2362.288946
-46.8,500,2362.413778
-46.9,500,2362.538523
-46.7,500,2362.662862
-46.6,500,2362.787522
-47.3,500,2362.911961
-47.2,500,2363.037118
-47.2,500,2363.161521
-47.6,500,2363.28615
-47.0,500,2363.410294
-46.5,500,2363.534836
-46.8,500,2363.659656
-47.1,500,2363.783822
-46.5,500,2363.90893
-46.9,500,2364.034193
-46.7,500,2364.158637
-47.1,500,2364.283602
-46.7,500,2364.408306
-47.0,500,2364.532949
-46.9,500,2364.657152
-47.5,500,2364.781908
-47.9,500,2364.907055
-47.1,500,2365.031792
-46.7,500,2365.156534
-47.2,500,2365.324299
-46.8,500,2365.448777
-46.9,500,2365.5731
-46.8,500,2365.697945
-46.7,500,2365.82248
-47.8,500,2365.946565
-46.8,500,2366.071094
-46.6,500,2366.196124
-46.7,500,2366.321394
-47.0,500,2366.446354
-47.3,500,2366.571225
-47.7,500,2366.695765
-46.7,500,2366.821894
-46.8,500,2366.947127
-46.8,500,2367.071694
-46.9,500,2367.196292
-47.1,500,2367.320825
-46.8,500,2367.445193
-46.7,500,2367.570127
-46.8,500,2367.694923
-46.8,500,2367.820139
-47.7,500,2367.944704
-46.7,500,2368.069644
-47.1,500,2368.194197
-47.5,500,2368.318283
-47.2,500,2368.4428
-46.9,500,2368.567691
-46.8,500,2368.692901
-47.1,500,2368.817559
-47.0,500,2368.941729
-46.8,500,2369.065807
-46.6,500,2369.190713
-46.7,500,2369.315205
-46.9,500,2369.440564
-46.7,500,2369.565826
-46.7,500,2369.690116
-46.7,500,2369.81459
-47.1,500,2369.939052
-47.4,500,2370.063009
-47.1,500,2370.187301
-46.5,500,2370.312473
-46.9,500,2370.436786
-47.2,500,2370.561233
-46.6,500,2370.685732
-47.1,500,2370.809788
-46.8,500,2370.933887
-47.3,500,2371.059012
-46.6,500,2371.184108
-46.6,500,2371.308591
-47.1,500,2371.433331
-46.5,500,2371.557912
-46.5,500,2371.682014
-48.4,500,2371.808046
-46.6,500,2371.935238
-46.9,500,2372.060098
-46.6,500,2372.184992
-46.7,500,2372.309436
-47.7,500,2372.434023
-47.7,500,2372.558614
-47.5,500,2372.683855
-49.0,500,2372.808374
-47.6,500,2372.932805
-47.6,500,2373.057249
-47.2,500,2373.181803
-47.1,500,2373.306631
-46.7,500,2373.431102
-46.8,500,2373.5558
-47.4,500,2373.68015
-46.8,500,2373.804478
-46.6,500,2373.930159
-46.7,500,2374.054844
-48.2,500,2374.180097
-46.8,500,2374.305797
-47.1,500,2374.430592
-47.8,500,2374.554852
-46.7,500,2374.679169
-47.2,500,2374.803967
-46.8,500,2374.928991
-48.3,500,2375.053307
-47.3,500,2375.177996
-47.3,500,2375.302279
-47.7,500,2375.426928
-46.8,500,2375.551142
-46.6,500,2375.675558
-47.0,500,2375.800546
-46.7,500,2375.924934
-48.5,500,2376.049383
-47.3,500,2376.173765
-46.8,500,2376.298419
-47.1,500,2376.423169
-46.5,500,2376.548247
-47.1,500,2376.673289
-47.4,500,2376.798255
-46.6,500,2376.92476
-47.0,500,2377.04921
-46.6,500,2377.173724
-47.6,500,2377.298652
-46.6,500,2377.423976
-48.1,500,2377.548499
-47.0,500,2377.673137
-47.4,500,2377.797672
-47.7,500,2377.921689
-47.8,500,2378.046582
-47.2,500,2378.170697
-47.3,500,2378.295634
-47.5,500,2378.420094
-46.7,500,2378.544152
-47.0,500,2378.668907
-47.0,500,2378.812019
-47.3,500,2378.93712
-46.7,500,2379.061428
-47.4,500,2379.185908
-47.3,500,2379.310541
-48.1,500,2379.434862
-47.1,500,2379.559999
-47.0,500,2379.683867
-47.1,500,2379.808101
-47.4,500,2379.932208
-48.2,500,2380.056992
-46.5,500,2380.182178
-47.1,500,2380.30668
-47.1,500,2380.431863
-47.0,500,2380.555866
-46.9,500,2380.680807
-47.1,500,2380.805363
-47.8,500,2380.929586
-47.4,500,2381.0541
-47.2,500,2381.179097
-47.6,500,2381.303569
-47.1,500,2381.47582
-47.6,500,2381.600262
-47.4,500,2381.724423
-48.3,500,2381.850727
-48.1,500,2381.975785
-47.2,500,2382.099863
-47.0,500,2382.224108
-47.0,500,2382.348778
-47.4,500,2382.472769
-48.4,500,2382.597655
-47.0,500,2382.721931
-48.0,500,2382.846045
-47.8,500,2382.969968
-48.0,500,2383.09425
-48.0,500,2383.219127
-48.0,500,2383.343659
-47.2,500,2383.46944
-47.3,500,2383.593394
-47.4,500,2383.717944
-47.6,500,2383.842087
-47.5,500,2383.966735
-47.1,500,2384.091169
-47.8,500,2384.216001
-48.4,500,2384.340927
-47.1,500,2384.465527
-47.1,500,2384.590076
-47.1,500,2384.71491
-47.2,500,2384.839534
-47.8,500,2384.963907
-47.9,500,2385.089344
-47.8,500,2385.214462
-47.9,500,2385.339093
-47.6,500,2385.464051
-47.6,500,2385.58898
-47.2,500,2385.713499
-47.2,500,2385.839187
-48.3,500,2385.963723
-48.2,500,2386.088595
-47.1,500,2386.213125
-48.5,500,2386.33787
-47.7,500,2386.463126
-47.4,500,2386.588017
-47.1,500,2386.71316
-47.3,500,2386.839083
-47.1,500,2386.964424
-47.1,500,2387.08875
-48.4,500,2387.213436
-47.5,500,2387.337838
-47.5,500,2387.464233
-47.8,500,2387.589871
-47.6,500,2387.714729
-47.0,500,2387.838759
-47.2,500,2387.963355
-47.3,500,2388.088165
-47.4,500,2388.212677
-48.8,500,2388.337139
-48.8,500,2388.462375
-47.3,500,2388.587471
-48.0,500,2388.712368
-47.8,500,2388.837015
-47.2,500,2388.962301
-47.1,500,2389.086827
-48.4,500,2389.211997
-47.0,500,2389.336982
-47.2,500,2389.461847
-47.6,500,2389.58682
-47.3,500,2389.711368
-47.3,500,2389.835481
-48.4,500,2389.960432
-47.1,500,2390.085003
-47.6,500,2390.209969
-47.0,500,2390.334896
-47.5,500,2390.459638
-48.0,500,2390.583828
-47.8,500,2390.70788
-47.1,500,2390.833314
-47.4,500,2390.95755
-47.2,500,2391.081702
-47.5,500,2391.206255
-46.7,500,2391.330759
-47.2,500,2391.455307
-46.9,500,2391.58031
-46.5,500,2391.705445
-46.5,500,2391.831309
-46.6,500,2391.956453
-46.5,500,2392.080837
-46.8,500,2392.20575
-47.0,500,2392.33035
-47.0,500,2392.455375
-46.5,500,2392.580116
-46.7,500,2392.704746
-46.5,500,2392.828919
-47.3,500,2392.95352
-47.5,500,2393.078279
-47.1,500,2393.203495
-46.7,500,2393.328146
-46.7,500,2393.452739
-46.6,500,2393.577276
-46.9,500,2393.701867
-47.0,500,2393.826359
-48.0,500,2393.952279
-47.2,500,2394.076818
-47.8,500,2394.201224
-48.0,500,2394.325387
-47.0,500,2394.449992
-47.3,500,2394.574231
-47.1,500,2394.699481
-46.8,500,2394.824319
-46.5,500,2394.948857
-46.9,500,2395.07328
-47.4,500,2395.197776
-46.5,500,2395.32227
-46.7,500,2395.44694
-46.5,500,2395.572576
-47.1,500,2395.697591
-46.7,500,2395.822206
-47.3,500,2395.94689
-47.4,500,2396.071517
-47.1,500,2396.196368
-46.9,500,2396.321203
-47.2,500,2396.446882
-47.2,500,2396.571728
-47.0,500,2396.696632
-46.6,500,2396.82161
-47.4,500,2396.948308
-47.1,500,2397.072611
-47.9,500,2397.197986
-47.3,500,2397.369946
-46.9,500,2397.494439
-46.6,500,2397.619115
-47.3,500,2397.744541
-46.7,500,2397.869041
-46.5,500,2397.994116
-47.1,500,2398.118918
-46.9,500,2398.243423
-47.5,500,2398.36807
-47.0,500,2398.493197
-46.9,500,2398.617373
-46.9,500,2398.742929
-46.7,500,2398.867855
-47.0,500,2398.992972
-46.5,500,2399.117729
-46.7,500,2399.241707
-46.9,500,2399.366305
-46.5,500,2399.491198
-46.7,500,2399.615554
-47.3,500,2399.740165
-48.0,500,2399.864571
-47.2,500,2399.988948
-47.1,500,2400.11329
-47.6,500,2400.238381
-47.2,500,2400.363354
-46.9,500,2400.487662
-47.1,500,2400.6117
-47.0,500,2400.735882
-47.1,500,2400.860574
-46.9,500,2400.984667
-47.0,500,2401.109497
-46.7,500,2401.233784
-46.6,500,2401.358219
-47.3,500,2401.482877
-46.8,500,2401.607449
-46.5,500,2401.732286
-47.1,500,2401.857929
-47.9,500,2401.983186
-46.7,500,2402.1077
-46.5,500,2402.232227
-46.5,500,2402.35689
-47.3,500,2402.481529
-46.8,500,2402.605737
-46.9,500,2402.730471
-46.7,500,2402.855572
-47.0,500,2402.980661
-47.1,500,2403.105037
-47.5,500,2403.229732
-47.8,500,2403.354098
-52.0,500,2403.478548
-46.9,500,2403.602426
-46.8,500,2403.727535
-47.9,500,2403.851898
-47.4,500,2403.976898
-47.5,500,2404.10175
-47.3,500,2404.226299
-47.1,500,2404.351024
-47.1,500,2404.476319
-46.6,500,2404.600684
-47.1,500,2404.72563
-47.5,500,2404.850397
-46.8,500,2404.974814
-47.3,500,2405.099629
-47.3,500,2405.2245
-47.6,500,2405.349264
-47.3,500,2405.4737
-47.4,500,2405.598317
-47.5,500,2405.722801
-47.5,500,2405.847805
-48.7,500,2405.972188
-47.2,500,2406.097845
-48.0,500,2406.222981
-47.1,500,2406.347587
-47.4,500,2406.47237
-47.1,500,2406.596928
-48.0,500,2406.721241
-46.6,500,2406.845863
-46.9,500,2406.972337
-46.7,500,2407.09737
-47.5,500,2407.222091
-46.7,500,2407.346608
-46.8,500,2407.471165
-46.7,500,2407.604697
-46.5,500,2407.730467
-46.5,500,2407.856056
-46.7,500,2407.980287
-47.3,500,2408.104803
-47.5,500,2408.229521
-47.6,500,2408.353926
-46.8,500,2408.479103
-47.1,500,2408.604544
-47.3,500,2408.729513
-47.2,500,2408.854187
-47.1,500,2408.978886
-47.1,500,2409.103492
-46.6,500,2409.228285
-46.7,500,2409.353035
-46.5,500,2409.477804
-46.5,500,2409.602332
-48.3,500,2409.726994
-47.3,500,2409.85142
-46.8,500,2409.975819
-47.2,500,2410.101189
-47.2,500,2410.226615
-46.7,500,2410.351399
-46.7,500,2410.475671
-47.7,500,2410.600254
-47.8,500,2410.724523
-47.7,500,2410.848728
-46.9,500,2410.973842
-47.5,500,2411.098748
-47.3,500,2411.22343
-47.5,500,2411.348102
-47.3,500,2411.472969
-46.5,500,2411.597576
-47.5,500,2411.722239
-47.1,500,2411.847914
-46.5,500,2411.973892
-47.0,500,2412.098528
-46.9,500,2412.223164
-46.7,500,2412.347471
-47.8,500,2412.471446
-47.0,500,2412.596357
-46.5,500,2412.720883
-47.3,500,2412.845158
-46.8,500,2412.969706
-47.2,500,2413.136113
-47.0,500,2413.261392
-47.5,500,2413.3855
-47.2,500,2413.510075
-46.8,500,2413.634886
-47.1,500,2413.759335
-47.9,500,2413.883952
-47.2,500,2414.008748
-47.2,500,2414.134244
-47.6,500,2414.259223
-46.9,500,2414.383581
-46.8,500,2414.507453
-46.5,500,2414.631357
-47.1,500,2414.756675
-46.7,500,2414.880799
-46.9,500,2415.004895
-46.7,500,2415.129278
-47.5,500,2415.254004
-47.7,500,2415.378023
-46.6,500,2415.50216
-46.6,500,2415.627572
-46.9,500,2415.752078
-47.0,500,2415.876323
-47.2,500,2416.001172
-47.3,500,2416.125699
-46.9,500,2416.249931
-46.8,500,2416.375304
-47.3,500,2416.500798
-46.8,500,2416.625913
-46.7,500,2416.750326
-46.9,500,2416.876766
-47.7,500,2417.001921
-47.3,500,2417.127556
-47.2,500,2417.252062
-46.8,500,2417.377431
-48.2,500,2417.502213
-46.5,500,2417.626434
-47.1,500,2417.751292
-47.3,500,2417.875919
-48.7,500,2418.000662
-47.0,500,2418.12502
-47.7,500,2418.254586
-47.0,500,2418.387968
-46.9,500,2418.513588
-46.7,500,2418.637989
-46.8,500,2418.762444
-47.0,500,2418.887602
-47.0,500,2419.012591
-46.7,500,2419.13746
-47.5,500,2419.262394
-47.3,500,2419.387373
-47.1,500,2419.51231
-46.9,500,2419.637688
-47.5,500,2419.762492
-46.6,500,2419.887228
-46.8,500,2420.011862
-47.1,500,2420.136696
-47.6,500,2420.261212
-47.5,500,2420.386567
-47.0,500,2420.510942
-47.3,500,2420.63613
-46.5,500,2420.761086
-47.4,500,2420.885558
-47.7,500,2421.01094
-47.1,500,2421.135954
-46.6,500,2421.260575
-47.1,500,2421.385301
-46.6,500,2421.510491
-46.7,500,2421.635334
-47.5,500,2421.760377
-46.6,500,2421.887239
-46.7,500,2422.011684
-46.9,500,2422.136309
-47.6,500,2422.260664
-47.8,500,2422.385156
-46.7,500,2422.509173
-46.8,500,2422.633571
-47.2,500,2422.758303
-47.8,500,2422.883034
-47.0,500,2423.007447
-46.8,500,2423.132105
-46.8,500,2423.256558
-47.2,500,2423.381381
-46.5,500,2423.506391
-47.2,500,2423.631448
-47.1,500,2423.756447
-47.3,500,2423.880919
-46.8,500,2424.005691
-47.2,500,2424.130135
-46.9,500,2424.254396
-48.1,500,2424.379566
-46.7,500,2424.504865
-46.6,500,2424.62964
-47.1,500,2424.753807
-47.1,500,2424.877974
-46.5,500,2425.002188
-46.9,500,2425.126704
-48.2,500,2425.252001
-47.5,500,2425.377056
-47.1,500,2425.501699
-46.8,500,2425.626389
-47.9,500,2425.750734
-46.8,500,2425.875403
-47.8,500,2425.99966
-47.2,500,2426.124739
-48.2,500,2426.249062
-46.7,500,2426.37345
-46.8,500,2426.498114
-46.8,500,2426.622515
-47.0,500,2426.746812
-47.0,500,2426.872378
-46.7,500,2426.997712
-47.5,500,2427.122462
-47.1,500,2427.247078
-47.3,500,2427.371784
-46.6,500,2427.496055
-46.7,500,2427.620828
-47.2,500,2427.745578
-47.5,500,2427.870969
-47.1,500,2427.996315
-46.8,500,2428.121128
-46.9,500,2428.245757
-47.8,500,2428.37019
-47.4,500,2428.534864
-47.1,500,2428.65959
-47.2,500,2428.784084
-47.1,500,2428.908377
-47.9,500,2429.032832
-47.3,500,2429.157446
-47.4,500,2429.281809
-47.2,500,2429.4064
-47.5,500,2429.531306
-46.8,500,2429.655527
-47.7,500,2429.779651
-47.7,500,2429.904336
-47.0,500,2430.029152
-48.2,500,2430.153676
-47.3,500,2430.27894
-47.2,500,2430.403388
-47.1,500,2430.527877
-47.1,500,2430.652883
-47.0,500,2430.77754
-46.9,500,2430.90212
-48.8,500,2431.026696
-46.8,500,2431.151961
-46.9,500,2431.276541
-47.2,500,2431.401406
-46.8,500,2431.526831
-47.0,500,2431.651581
-47.2,500,2431.776325
-46.9,500,2431.903249
-47.7,500,2432.028389
-46.8,500,2432.152813
-47.0,500,2432.277235
-47.3,500,2432.402068
-46.8,500,2432.526469
-47.9,500,2432.650742
-48.1,500,2432.775411
-47.2,500,2432.899811
-46.8,500,2433.024183
-47.1,500,2433.147989
-47.5,500,2433.272774
-46.9,500,2433.397062
-46.5,500,2433.521359
-47.6,500,2433.645776
-49.2,500,2433.769932
-46.9,500,2433.894264
-47.6,500,2434.019397
-47.1,500,2434.143869
-47.1,500,2434.268314
-46.8,500,2434.393105
-46.8,500,2434.517502
-47.1,500,2434.642081
-46.9,500,2434.766766
-46.5,500,2434.891895
-47.3,500,2435.01661
-47.0,500,2435.14122
-47.4,500,2435.266734
-47.2,500,2435.390949
-47.1,500,2435.51632
-47.8,500,2435.64143
-47.0,500,2435.766076
-46.9,500,2435.890464
-46.7,500,2436.015055
-47.0,500,2436.139758
-46.6,500,2436.265105
-47.0,500,2436.38996
-46.7,500,2436.514481
-47.8,500,2436.639372
-47.0,500,2436.763944
-46.8,500,2436.892424
-46.9,500,2437.017605
-47.1,500,2437.14206
-46.7,500,2437.267636
-46.9,500,2437.391955
-47.0,500,2437.516352
-46.5,500,2437.640834
-47.3,500,2437.766027
-46.6,500,2437.891079
-46.6,500,2438.015946
-46.6,500,2438.140423
-47.0,500,2438.265321
-46.6,500,2438.389907
-47.2,500,2438.51411
-46.7,500,2438.63952
-47.7,500,2438.764098
-47.5,500,2438.888288
-46.5,500,2439.013098
-46.8,500,2439.137643
-46.9,500,2439.261824
-48.3,500,2439.387012
-47.1,500,2439.511625
-47.9,500,2439.63643
-46.7,500,2439.76076
-47.8,500,2439.884979
-47.5,500,2440.008872
-47.7,500,2440.133259
-46.9,500,2440.258433
-47.4,500,2440.383351
-46.8,500,2440.507755
-46.7,500,2440.632422
-47.1,500,2440.756553
-47.2,500,2440.881213
-47.3,500,2441.005664
-47.5,500,2441.130426
-46.9,500,2441.254979
-47.0,500,2441.379492
-46.7,500,2441.504443
-47.0,500,2441.629151
-46.6,500,2441.753284
-47.2,500,2441.880021
-47.0,500,2442.005418
-47.1,500,2442.130763
-47.4,500,2442.255317
-46.7,500,2442.379955
-47.3,500,2442.50425
-46.5,500,2442.629014
-46.5,500,2442.754288
-47.3,500,2442.878895
-46.7,500,2443.003057
-46.6,500,2443.127876
-47.6,500,2443.252892
-48.2,500,2443.377508
-47.2,500,2443.501853
-46.7,500,2443.626208
-47.6,500,2443.750783
-46.9,500,2443.87481
-46.8,500,2443.999674
-47.3,500,2444.124511
-46.9,500,2444.24963
-46.8,500,2444.416557
-46.8,500,2444.54141
-47.2,500,2444.666106
-46.9,500,2444.791107
-47.0,500,2444.915934
-46.9,500,2445.040018
-47.1,500,2445.16445
-46.9,500,2445.288885
-46.6,500,2445.413401
-46.7,500,2445.53852
-46.8,500,2445.663026
-46.8,500,2445.787404
-46.8,500,2445.911864
-48.6,500,2446.036099
-47.8,500,2446.16049
-46.9,500,2446.285379
-47.1,500,2446.410276
-47.2,500,2446.535038
-47.5,500,2446.659432
-46.6,500,2446.783905
-47.5,500,2446.910167
-47.0,500,2447.035609
-46.9,500,2447.160027
-46.9,500,2447.284888
-46.9,500,2447.408787
-46.9,500,2447.53319
-47.5,500,2447.657131
-47.2,500,2447.782549
-47.3,500,2447.9065
-47.5,500,2448.031076
-47.1,500,2448.155662
-47.2,500,2448.280322
-47.7,500,2448.404807
-47.0,500,2448.529206
-46.8,500,2448.654697
-46.9,500,2448.780851
-47.6,500,2448.905234
-46.6,500,2449.029916
-46.6,500,2449.154576
-46.9,500,2449.279663
-48.3,500,2449.404708
-47.0,500,2449.529429
-46.8,500,2449.653986
-47.5,500,2449.778278
-46.9,500,2449.902865
-46.5,500,2450.027399
-47.1,500,2450.152138
-47.0,500,2450.276847
-47.3,500,2450.401614
-46.8,500,2450.525682
-47.8,500,2450.649974
-47.1,500,2450.774176
-47.3,500,2450.899101
-46.8,500,2451.02419
-46.5,500,2451.148511
-47.4,500,2451.273204
-46.8,500,2451.398478
-46.7,500,2451.52339
-46.5,500,2451.648132
-47.0,500,2451.772215
-46.9,500,2451.898219
-47.4,500,2452.023429
-46.6,500,2452.148107
-46.9,500,2452.272701
-47.2,500,2452.397337
-46.8,500,2452.522819
-46.6,500,2452.648713
-47.4,500,2452.773398
-47.2,500,2452.898179
-46.8,500,2453.023412
-47.2,500,2453.148021
-47.0,500,2453.272867
-47.0,500,2453.397983
-46.7,500,2453.522367
-47.4,500,2453.646951
-47.1,500,2453.771785
-47.6,500,2453.896582
-47.4,500,2454.021267
-47.1,500,2454.146514
-47.1,500,2454.270997
-47.0,500,2454.395868
-46.8,500,2454.520164
-47.8,500,2454.644535
-46.7,500,2454.769064
-46.5,500,2454.893496
-46.5,500,2455.018812
-47.0,500,2455.14382
-46.8,500,2455.268742
-46.8,500,2455.39291
-46.8,500,2455.517212
-46.8,500,2455.641895
-47.5,500,2455.766411
-47.1,500,2455.890608
-46.5,500,2456.01588
-46.7,500,2456.140673
-47.0,500,2456.265251
-47.0,500,2456.389956
-46.9,500,2456.515155
-46.9,500,2456.639748
-47.0,500,2456.765441
-48.1,500,2456.891451
-48.1,500,2457.01769
-47.5,500,2457.142301
-46.9,500,2457.267171
-46.6,500,2457.392117
-48.2,500,2457.516988
-47.1,500,2457.641586
-47.2,500,2457.766267
-46.9,500,2457.890682
-47.2,500,2458.015101
-47.3,500,2458.139218
-46.8,500,2458.263467
-47.7,500,2458.387541
-47.3,500,2458.512535
-47.3,500,2458.637142
-46.9,500,2458.761668
-47.0,500,2458.886205
-47.8,500,2459.011242
-47.1,500,2459.135157
-46.9,500,2459.25932
-47.1,500,2459.384021
-46.8,500,2459.5084
-47.4,500,2459.632784
-47.4,500,2459.757102
-46.7,500,2459.881858
-47.5,500,2460.006499
-46.6,500,2460.131654
-46.9,500,2460.306806
-46.7,500,2460.431387
-47.0,500,2460.55616
-47.0,500,2460.681117
-47.2,500,2460.805419
-46.8,500,2460.929711
-47.4,500,2461.053752
-47.0,500,2461.178218
-46.9,500,2461.303285
-46.7,500,2461.428336
-46.7,500,2461.553801
-46.7,500,2461.678282
-47.3,500,2461.802673
-47.2,500,2461.928843
-46.9,500,2462.05404
-46.6,500,2462.179256
-47.5,500,2462.303457
-47.2,500,2462.428188
-46.9,500,2462.552776
-46.9,500,2462.677002
-46.8,500,2462.802474
-47.1,500,2462.927276
-46.7,500,2463.051536
-46.8,500,2463.176198
-46.7,500,2463.300821
-46.9,500,2463.424917
-47.3,500,2463.550112
-47.7,500,2463.675348
-47.3,500,2463.799687
-47.2,500,2463.924306
-46.8,500,2464.049326
-47.2,500,2464.174247
-46.7,500,2464.299498
-47.3,500,2464.424408
-47.3,500,2464.548965
-46.5,500,2464.673775
-46.7,500,2464.798352
-47.3,500,2464.922632
-46.9,500,2465.046988
-46.9,500,2465.172215
-47.1,500,2465.296929
-46.8,500,2465.421001
-47.1,500,2465.545871
-47.0,500,2465.670714
-46.5,500,2465.795643
-47.3,500,2465.920293
-47.6,500,2466.045237
-47.0,500,2466.169922
-46.5,500,2466.294672
-47.1,500,2466.419219
-47.1,500,2466.544345
-46.8,500,2466.669485
-47.6,500,2466.794337
-46.5,500,2466.920882
-46.7,500,2467.046495
-48.0,500,2467.170942
-47.0,500,2467.296134
-46.5,500,2467.420678
-46.8,500,2467.545694
-47.3,500,2467.670739
-47.2,500,2467.796128
-47.4,500,2467.920747
-47.2,500,2468.045292
-46.6,500,2468.170131
-47.1,500,2468.29558
-47.1,500,2468.419911
-47.4,500,2468.544327
-47.0,500,2468.668903
-48.5,500,2468.794017
-46.6,500,2468.918793
-47.2,500,2469.045014
-46.8,500,2469.169395
-47.7,500,2469.294248
-47.0,500,2469.419084
-46.6,500,2469.543777
-47.4,500,2469.66846
-46.6,500,2469.793123
-46.6,500,2469.918372
-47.3,500,2470.043501
-46.9,500,2470.168258
-46.7,500,2470.293226
-47.0,500,2470.418116
-46.7,500,2470.542297
-47.1,500,2470.666984
-46.9,500,2470.791872
-48.6,500,2470.91761
-46.9,500,2471.042402
-47.1,500,2471.166873
-48.1,500,2471.29168
-47.6,500,2471.416049
-47.2,500,2471.541015
-46.6,500,2471.66655
-48.1,500,2471.791431
-47.0,500,2471.916926
-47.4,500,2472.04244
-47.1,500,2472.167366
-46.9,500,2472.293198
-47.2,500,2472.417432
-46.8,500,2472.542009
-46.6,500,2472.666681
-46.9,500,2472.791274
-47.1,500,2472.915675
-46.7,500,2473.039918
-47.6,500,2473.164802
-47.0,500,2473.289767
-46.8,500,2473.414415
-47.3,500,2473.538849
-47.0,500,2473.663385
-46.6,500,2473.788007
-47.1,500,2473.912886
-48.1,500,2474.037381
-47.4,500,2474.161893
-46.8,500,2474.286416
-47.0,500,2474.410815
-46.8,500,2474.535501
-47.9,500,2474.659691
-47.5,500,2474.784878
-47.9,500,2474.909713
-47.1,500,2475.034904
-46.7,500,2475.159256
-47.1,500,2475.283865
-47.8,500,2475.408629
-48.4,500,2475.534016
-47.4,500,2475.658592
-46.8,500,2475.783012
-46.7,500,2475.907285
-46.5,500,2476.032106
-47.6,500,2476.156747
-47.1,500,2476.281415
-47.0,500,2476.406597
-47.0,500,2476.531002
-47.2,500,2476.696303
-46.8,500,2476.820818
-46.7,500,2476.947881
-46.9,500,2477.072568
-47.8,500,2477.19765
-46.5,500,2477.321619
-46.5,500,2477.446195
-47.3,500,2477.570766
-47.3,500,2477.694944
-46.9,500,2477.820014
-46.9,500,2477.944237
-47.7,500,2478.068573
-46.5,500,2478.193624
-46.5,500,2478.338052
-46.6,500,2478.477814
-47.0,500,2478.617697
-46.6,500,2478.758255
-47.0,500,2478.898478
-47.3,500,2479.024391
-46.7,500,2479.149408
-47.7,500,2479.274368
-46.5,500,2479.398923
-46.7,500,2479.523298
-47.2,500,2479.648559
-47.0,500,2479.773453
-47.5,500,2479.898417
-47.1,500,2480.022949
-47.4,500,2480.162715
-46.6,500,2480.291836
-46.7,500,2480.41739
-46.8,500,2480.541793
-46.7,500,2480.666611
-47.3,500,2480.791337
-47.1,500,2480.915761
-46.9,500,2481.039982
-47.4,500,2481.164918
-46.6,500,2481.289869
-48.0,500,2481.414507
-46.7,500,2481.538546
-46.6,500,2481.663352
-47.5,500,2481.787569
-47.1,500,2481.912224
-47.1,500,2482.038323
-47.6,500,2482.163668
-47.8,500,2482.288407
-47.3,500,2482.41316
-47.0,500,2482.537938
-46.6,500,2482.662685
-47.1,500,2482.788067
-47.0,500,2482.913705
-47.2,500,2483.038493
-46.7,500,2483.163479
-46.8,500,2483.287943
-46.6,500,2483.413726
-46.7,500,2483.537822
-47.2,500,2483.662638
-47.2,500,2483.787192
-46.9,500,2483.912154
-47.2,500,2484.03678
-46.8,500,2484.162009
-46.9,500,2484.287446
-46.8,500,2484.411884
-46.7,500,2484.536387
-47.1,500,2484.661366
-46.8,500,2484.786314
-47.5,500,2484.911106
-47.7,500,2485.035953
-46.7,500,2485.16115
-47.0,500,2485.286318
-47.2,500,2485.412244
-46.7,500,2485.537609
-46.6,500,2485.662634
-47.1,500,2485.786937
-47.2,500,2485.911382
-46.9,500,2486.035695
-47.5,500,2486.160116
-46.7,500,2486.284401
-46.8,500,2486.409036
-48.6,500,2486.533407
-47.3,500,2486.657837
-46.7,500,2486.782832
-47.0,500,2486.906635
-46.8,500,2487.033152
-46.9,500,2487.157847
-47.2,500,2487.282817
-46.9,500,2487.407243
-46.8,500,2487.532123
-46.8,500,2487.656926
-46.8,500,2487.781927
-47.9,500,2487.906716
-46.9,500,2488.031619
-46.6,500,2488.156088
-47.3,500,2488.281007
-46.9,500,2488.405671
-47.1,500,2488.530448
-47.0,500,2488.655362
-47.5,500,2488.780363
-46.7,500,2488.905299
-46.7,500,2489.030028
-47.0,500,2489.155063
-46.8,500,2489.280128
-46.7,500,2489.40613
-48.0,500,2489.530906
-47.4,500,2489.655446
-46.7,500,2489.780482
-46.8,500,2489.905813
-46.7,500,2490.031281
-47.2,500,2490.155984
-46.6,500,2490.280451
-47.8,500,2490.40545
-46.9,500,2490.530575
-46.9,500,2490.654982
-46.9,500,2490.77978
-46.7,500,2490.905038
-46.8,500,2491.030758
-47.3,500,2491.155862
-46.8,500,2491.281114
-47.5,500,2491.405913
-46.9,500,2491.530437
-46.5,500,2491.655499
-46.8,500,2491.780597
-46.7,500,2491.904826
-47.0,500,2492.030923
-47.6,500,2492.155972
-47.0,500,2492.280677
-46.7,500,2492.405204
-47.0,500,2492.530438
-46.9,500,2492.697041
-46.7,500,2492.822656
-47.0,500,2492.947757
-46.8,500,2493.07182
-46.9,500,2493.196626
-47.1,500,2493.320855
-47.5,500,2493.445208
-46.5,500,2493.569502
-47.0,500,2493.69398
-46.6,500,2493.818348
-46.7,500,2493.942993
-46.9,500,2494.066567
-46.7,500,2494.191417
-47.5,500,2494.315794
-46.6,500,2494.440251
-47.1,500,2494.565018
-47.3,500,2494.690647
-47.2,500,2494.81458
-47.2,500,2494.939247
-47.4,500,2495.063656
-46.8,500,2495.188213
-46.8,500,2495.312733
-47.2,500,2495.437402
-47.3,500,2495.562496
-47.4,500,2495.68697
-47.0,500,2495.811211
-47.6,500,2495.935911
-46.9,500,2496.060511
-46.6,500,2496.184981
-47.3,500,2496.309435
-47.3,500,2496.434444
-46.5,500,2496.55948
-46.6,500,2496.684613
-47.3,500,2496.808965
-46.6,500,2496.934503
-48.2,500,2497.060747
-46.5,500,2497.186388
-47.0,500,2497.311645
-46.8,500,2497.435763
-47.0,500,2497.560132
-46.5,500,2497.684544
-47.2,500,2497.808459
-47.0,500,2497.933666
-46.8,500,2498.058438
-47.2,500,2498.182819
-46.6,500,2498.307623
-46.8,500,2498.4322
-47.0,500,2498.556483
-46.6,500,2498.680848
-46.9,500,2498.80505
-47.3,500,2498.929844
-47.4,500,2499.054799
-48.3,500,2499.179584
-46.9,500,2499.304054
-47.5,500,2499.428539
-47.1,500,2499.554066
-47.2,500,2499.678951
-47.0,500,2499.803785
-47.0,500,2499.928642
-48.4,500,2500.053351
-46.8,500,2500.178044
-46.9,500,2500.302196
-47.2,500,2500.427403
-46.6,500,2500.552929
-46.8,500,2500.677711
-46.6,500,2500.802496
-47.2,500,2500.927367
-47.1,500,2501.052022
-47.7,500,2501.176657
-46.6,500,2501.301674
-46.8,500,2501.42643
-47.2,500,2501.551153
-47.1,500,2501.676552
-47.1,500,2501.801253
-46.6,500,2501.926565
-47.6,500,2502.053111
-46.6,500,2502.178532
-46.8,500,2502.303416
-47.5,500,2502.428057
-48.5,500,2502.552845
-47.4,500,2502.677276
-47.5,500,2502.8026
-46.8,500,2502.92745
-46.9,500,2503.052321
-46.7,500,2503.176898
-47.1,500,2503.302025
-47.7,500,2503.426938
-47.8,500,2503.552538
-46.9,500,2503.677409
-46.7,500,2503.802246
-47.5,500,2503.92716
-46.7,500,2504.052047
-46.9,500,2504.17717
-46.6,500,2504.302564
-46.9,500,2504.427668
-47.2,500,2504.552478
-47.6,500,2504.677195
-46.9,500,2504.802124
-46.9,500,2504.92779
-46.7,500,2505.05211
-46.9,500,2505.177395
-46.5,500,2505.30204
-46.7,500,2505.427138
-47.2,500,2505.551818
-46.8,500,2505.676201
-46.7,500,2505.801409
-46.8,500,2505.927192
-46.7,500,2506.052231
-47.1,500,2506.176705
-47.2,500,2506.30134
-46.9,500,2506.426783
-46.7,500,2506.551152
-47.8,500,2506.676149
-46.5,500,2506.801061
-47.0,500,2506.926608
-46.6,500,2507.052361
-47.2,500,2507.17736
-47.1,500,2507.30245
-46.7,500,2507.426521
-46.5,500,2507.552256
-46.7,500,2507.677779
-47.5,500,2507.802985
-47.1,500,2507.928336
-46.5,500,2508.053328
-47.5,500,2508.178184
-47.2,500,2508.302456
-46.7,500,2508.431876
-47.5,500,2508.595533
-47.1,500,2508.719928
-47.5,500,2508.844763
-47.4,500,2508.969961
-46.6,500,2509.098031
-48.0,500,2509.223045
-47.4,500,2509.347797
-47.5,500,2509.472013
-46.8,500,2509.59682
-47.1,500,2509.722
-46.6,500,2509.846481
-47.3,500,2509.970821
-47.0,500,2510.095246
-46.9,500,2510.219782
-47.0,500,2510.344947
-47.0,500,2510.469454
-46.7,500,2510.593962
-46.9,500,2510.718512
-47.3,500,2510.842662
-46.8,500,2510.967185
-46.9,500,2511.091303
-47.7,500,2511.21647
-47.8,500,2511.341359
-47.4,500,2511.466607
-46.8,500,2511.591278
-46.6,500,2511.716742
-46.9,500,2511.841511
-46.8,500,2511.968348
-47.4,500,2512.093862
-46.9,500,2512.218888
-46.7,500,2512.343488
-47.3,500,2512.468617
-46.9,500,2512.592853
-46.8,500,2512.717028
-47.0,500,2512.841867
-47.1,500,2512.966843
-46.9,500,2513.091122
-47.5,500,2513.215797
-47.4,500,2513.340219
-46.7,500,2513.465001
-46.7,500,2513.589112
-46.9,500,2513.714214
-48.3,500,2513.839504
-47.5,500,2513.964399
-47.7,500,2514.089103
